step,time,phase,load,energy,delta_energy,mass,mass_error,W_ext_step,W_ext_cumul,D_pred,D_inferred,snes_it,converged_reason
0,0.0,init,0.0,0.9999999999985447,0.0,1.0,0.0,0.0,0.0,0.0,0.0,0,0
1,0.001,ramp,0.1,1.0001777556841143,0.00017775568556954724,1.000084616884976,8.46168849759632e-05,8.53048790544638e-06,8.53048790544638e-06,5.905895959557692e-08,-0.16922519766410085,1,2
2,0.002,ramp,0.2,1.000177231205266,-5.244788483516061e-07,1.0000843375843491,8.433758434911454e-05,3.428932026826138e-08,8.564777225714643e-06,1.668798346756641e-07,0.0005587681686198675,1,2
3,0.003,ramp,0.3,1.0003710757229074,0.0001938445176414838,1.0001684938779452,0.0001684938779451528,2.554071745683027e-05,3.410549468254491e-05,3.0533670655587736e-07,-0.16830380018465352,1,2
4,0.004,ramp,0.4,1.0003705040887363,-5.716341711092809e-07,1.000168139971699,0.00016813997169906614,1.3664686838374472e-07,3.4242141550928654e-05,4.684171698669261e-07,0.0007082810394930257,1,2
5,0.005,ramp,0.5,1.0005805401598893,0.00021003607115299694,1.0002519207936686,0.0002519207936686474,4.248352578848305e-05,7.672566733941171e-05,6.496224601099909e-07,-0.1675525453645139,1,2
6,0.006,ramp,0.6,1.000580100771874,-4.393880153052976e-07,1.0002515482349181,0.00025154823491813083,3.06579038042929e-07,7.703224637745464e-05,8.492800841497696e-07,0.0007459670533482266,1,2
7,0.007,ramp,0.7,1.0008063409186148,0.00022624014674077486,1.000334993430611,0.00033499343061094145,5.93592340803065e-05,0.00013639148045776114,1.0623285332106645e-06,-0.16688091266046837,1,2
8,0.008,ramp,0.8,1.000806159898019,-1.8102059584634844e-07,1.0003346317367632,0.00033463173676318014,5.436583229206793e-07,0.00013693513878068183,1.2907029516022205e-06,0.0007246789187670277,1,2
9,0.009000000000000001,ramp,0.9,1.0010485859051705,0.00024242600715163043,1.0004177655743824,0.0004177655743824449,7.616824570770935e-05,0.00021310338448839118,1.529741003075281e-06,-0.16625776144392107,1,2
10,0.010000000000000002,ramp,1.0,1.001048767590067,1.8168489646086528e-07,1.0004174335863754,0.00041743358637535977,8.474438816674268e-07,0.0002139508283700586,1.7821741292588892e-06,0.0006657589852065615,1,2
11,0.011000000000000003,ramp,1.1,1.0013073467648816,0.00025857917481464376,1.0005002728946553,0.0005002728946552626,9.291095356122304e-05,0.0003068617819312816,2.043435683246978e-06,-0.1656682212534207,1,2
12,0.012000000000000004,ramp,1.2,1.0013079839397507,6.371748690892076e-07,1.0004999838835937,0.0004999838835937354,1.217514892278516e-06,0.00030807929682356015,2.3167635499634744e-06,0.0005803400231893085,1,2
13,0.013000000000000005,ramp,1.3,1.0015826755646917,0.0002746916249409814,1.00058254127792,0.0005825412779199013,0.00010958775373435964,0.00041766705055791976,2.5975755853065905e-06,-0.1651038712066218,1,2
14,0.014000000000000005,ramp,1.4,1.0015838539133963,1.1783487046113095e-06,1.0005823051699936,0.00058230516999358,1.6534556012146184e-06,0.0004193205061591344,2.8894756590894445e-06,0.0004751068966033089,1,2
15,0.015000000000000006,ramp,1.5,1.001874612359532,0.000290758446135575,1.0006645906092848,0.0006645906092848097,0.0001261990434549582,0.0005455195496140926,3.1878202970073015e-06,-0.16455940268061678,1,2
16,0.016000000000000007,ramp,1.6,1.0018764127713793,1.8004118473857744e-06,1.000664415137378,0.0006644151373780272,2.1548541559377715e-06,0.0005476744037700304,3.4964987410741297e-06,0.00035444230855199706,1,2
17,0.017000000000000008,ramp,1.7,1.00218318920656,0.0003067764351807334,1.00074643677865,0.0007464367786500503,0.00014274521990256353,0.0006904196236725939,3.810786635493932e-06,-0.16403121527816986,1,2
18,0.01800000000000001,ramp,1.8,1.0021856890402827,2.499833722691136e-06,1.0007463281008904,0.0007463281008903699,2.7213267727627814e-06,0.0006931409504453566,4.134805611479371e-06,0.00022149305007164533,2,2
19,0.01900000000000001,ramp,1.9,1.0025084323406446,0.0003227433003618607,1.0008280927815274,0.0008280927815274008,0.00015922662786915787,0.0008523675783145145,4.46373984321713e-06,-0.16351667249270285,1,2
20,0.02000000000000001,ramp,2.0,1.0025117065659532,3.274225308658174e-06,1.0008280560563432,0.0008280560563431738,3.3524809626313943e-06,0.0008557200592771458,4.801918072570974e-06,7.825565397322022e-05,2,2
21,0.02100000000000001,ramp,2.1,1.0028503641743458,0.0003386576083925785,1.000909569683456,0.000909569683456013,0.00017564369238709564,0.0010313637516642415,5.14442935680428e-06,-0.16301391600548287,1,2
22,0.022000000000000013,ramp,2.2,1.00285448571859,4.121544244117814e-06,1.0009096092395524,0.0009096092395524114,4.047931603255125e-06,0.0010354116832674966,5.495779413901007e-06,-7.361264086268921e-05,1,2
23,0.023000000000000013,ramp,2.3,1.0032090038763184,0.0003545181577284673,1.0009908769566218,0.0009908769566218112,0.00019199673729497697,0.0012274084205624734,5.8509616738332786e-06,-0.16252142043349033,1,2
24,0.024000000000000014,ramp,2.4,1.0032140437283628,5.039852044363968e-06,1.0009909963456098,0.0009909963456098403,4.807293197950967e-06,0.0012322157137604245,6.214631753444659e-06,-0.00023255884641300151,1,2
25,0.025000000000000015,ramp,2.5,1.0035843679834922,0.00037032425512939504,1.0010720227286436,0.0010720227286435957,0.0002082862025973158,0.0014405019163577404,6.581696255965565e-06,-0.16203805253207923,1,2
26,0.026000000000000016,ramp,2.6,1.0035903957596957,6.027776203509916e-06,1.0010722250251713,0.0010722250251713472,5.630145372469422e-06,0.0014461320617302098,6.956949246659595e-06,-0.000397630831040494,1,2
27,0.027000000000000017,ramp,2.7,1.003976471126347,0.00038607536665136166,1.0011530141897,0.0011530141897000412,0.0002245124739650872,0.0016706445356952971,7.335212308609757e-06,-0.16156289268627444,1,2
28,0.028000000000000018,ramp,2.8,1.003983555210889,7.084084541864044e-06,1.0011533020466301,0.0011533020466301114,6.516098136510933e-06,0.001677160633831808,7.72140353051233e-06,-0.0005679864053531111,1,2
29,0.02900000000000002,ramp,2.9,1.0043853263224605,0.0004017711115715805,1.0012338577252742,0.001233857725274179,0.00024067593520648184,0.0019178365690382898,8.110262976068614e-06,-0.16109517636509868,1,2
30,0.03000000000000002,ramp,3.0,1.0043935340178467,8.207695386230895e-06,1.0012342334478674,0.0012342334478674388,7.46476400946494e-06,0.0019253013330477547,8.506821860007907e-06,-0.0007429313767659554,1,2
31,0.03100000000000002,ramp,3.1,1.0048109452534255,0.0004174112355788129,1.0013145590545807,0.0013145590545806662,0.00025677696820342803,0.0021820783012511825,8.90574235303924e-06,-0.16063426737538483,1,2
32,0.03200000000000002,ramp,3.2,1.0048203428977782,9.397644352704404e-06,1.0013150246578137,0.0013150246578137459,8.475757942076061e-06,0.0021905540591932587,9.312159589773171e-06,-0.0009218864106283427,1,2
33,0.03300000000000002,ramp,3.3,1.0052533384803601,0.0004329955825819187,1.0013951233380656,0.0013951233380655736,0.00027281595289047034,0.0024633700120837293,9.720661458445532e-06,-0.1601796296914484,1,2
34,0.03400000000000002,ramp,3.4,1.0052639915396397,1.0653059279608357e-05,1.0013956805917499,0.0013956805917498816,9.548697250657878e-06,0.002472918709334387,1.0136479081783258e-05,-0.0011043620289504783,1,2
35,0.035000000000000024,ramp,3.5,1.0057125156135729,0.0004485240739331431,1.0014755552622492,0.001475555262249184,0.0002887932672448516,0.0027617119765792385,1.0554129583995761e-05,-0.15973080668829148,1,2
36,0.036000000000000025,ramp,3.6,1.0057244887558452,1.1973142272303505e-05,1.0014762057270405,0.001476205727040547,1.0683201560359324e-05,0.0027723951781395977,1.0978933150296497e-05,-0.001289940711944181,1,2
37,0.037000000000000026,ramp,3.7,1.0061884854485847,0.00046399669273955446,1.0015558591076235,0.0015558591076234585,0.0003047092872837084,0.003077104465423306,1.1405339529073124e-05,-0.15928740545584608,1,2
38,0.03800000000000003,ramp,3.8,1.0062018426042805,1.3357155695725709e-05,1.001556604163975,0.0015566041639749617,1.1878892754916026e-05,0.003088983358178222,1.1838751853892623e-05,-0.0014782629408096827,1,2
39,0.03900000000000003,ramp,3.9,1.0066812560762586,0.00047941347197810735,1.0016360388035783,0.0016360388035783213,0.00032056438706628355,0.0034095477452445056,1.227355573747548e-05,-0.15884908491182378,1,2
40,0.04000000000000003,ramp,4.0,1.0066960604878528,1.4804411594182554e-05,1.0016368796755901,0.0016368796755901194,1.3135394931970467e-05,0.003422683140176476,1.2715231813040263e-05,-0.001669016662212087,1,2
41,0.04100000000000003,ramp,4.1,1.0071908349732313,0.0004947744853784908,1.0017160979736317,0.0017160979736317028,0.0003363589386994384,0.0037590420788759142,1.3158104643516075e-05,-0.15841554667905236,1,2
42,0.04200000000000003,ramp,4.2,1.0072071492365986,1.6314263367345205e-05,1.0017170357486769,0.0017170357486768761,1.445233436294762e-05,0.003773494413238862,1.3607727466499403e-05,-0.0018619290043975858,1,2
43,0.04300000000000003,ramp,4.3,1.0077172290768097,0.0005100798402111195,1.001796039972783,0.0017960399727829923,0.00035209331234526255,0.004125587725584125,1.4058366727182958e-05,-0.15798652786585696,1,2
44,0.04400000000000003,ramp,4.4,1.007735115176269,1.7886099459296645e-05,1.0017970756178947,0.0017970756178946612,1.5829339457078214e-05,0.004141417065041203,1.4515643838278828e-05,-0.002056760002218431,1,2
45,0.04500000000000003,ramp,4.5,1.0082604448477837,0.0005253296715146405,1.001875867918861,0.0018758679188610738,0.00036776787622998903,0.004509184941271192,1.4973769909762946e-05,-0.15756179528465147,1,2
46,0.046000000000000034,ramp,4.6,1.0082799641857048,1.9519337921103386e-05,1.0018770022946177,0.0018770022946177356,1.7266040728887324e-05,0.00452645098200008,1.543843049692539e-05,-0.0022532971922160612,1,2
47,0.047000000000000035,ramp,4.7,1.0088204883233498,0.0005405241376450487,1.001955584718949,0.001955584718948966,0.0003833829966535435,0.004909833978653623,1.5903784013889038e-05,-0.15714114099150522,1,2
48,0.048000000000000036,ramp,4.8,1.0088417017457716,2.1213422421784145e-05,1.0019568185911705,0.0019568185911704727,1.8762070768952433e-05,0.004928596049422576,1.637557646702904e-05,-0.002451351652831712,1,2
49,0.04900000000000004,ramp,4.9,1.0093973651622008,0.0005556634164292085,1.0020351930919005,0.002035193091900478,0.0003989390379992559,0.0053275350874218315,1.6847916078240927e-05,-0.1567243784299526,1,2
50,0.05000000000000004,ramp,5.0,1.0094203329808573,2.2967818656516314e-05,1.0020365271417362,0.0020365271417361885,2.031706421756993e-05,0.005347852151639402,1.7326605909248715e-05,-0.002650754438946384,1,2
51,0.05100000000000004,ramp,5.1,1.0099910806832304,0.0005707477023730867,1.002114695587644,0.0021146955876441,0.0004144363627434311,0.005762288514382833,1.7805706365418363e-05,-0.15631133962965557,1,2
52,0.05200000000000004,ramp,5.2,1.0100158626948832,2.4782011652790814e-05,1.0021161304201667,0.002116130420166673,2.1930657741123155e-05,0.005784219172123957,1.829107442658887e-05,-0.002851353911667659,1,2
53,0.05300000000000004,ramp,5.3,1.0106016398987743,0.0005857772038910802,1.0021940946037609,0.0021940946037608544,0.00042987533146463365,0.006214094503588591,1.8776724937190516e-05,-0.15590187242644657,1,2
54,0.05400000000000004,ramp,5.4,1.010628295402173,2.6655503398753666e-05,1.0021956307555107,0.002195630755510658,2.360249001054898e-05,0.00623769699359914,1.9268565885489407e-05,-0.003053013388204685,1,2
55,0.05500000000000004,ramp,5.5,1.0112290475435983,0.0006007521414252981,1.0022733923999292,0.002273392399929186,0.00044525630285260914,0.006682953296451749,1.9760568698064793e-05,-0.15549583857268895,1,2
56,0.05600000000000004,ramp,5.6,1.0112576353544673,2.8587810869007413e-05,1.0022750303454135,0.0022750303454135423,2.5332201682102084e-05,0.006708285498133851,2.0258689663522917e-05,-0.003255609186905329,1,2
57,0.057000000000000044,ramp,5.7,1.011873308100076,0.0006156727456085864,1.002352591110575,0.002352591110575064,0.0004605796337167144,0.007168865131850565,2.0756858828414092e-05,-0.15509311189187203,1,2
58,0.058000000000000045,ramp,5.8,1.0119038865645305,3.0578464454533716e-05,1.0023543312679866,0.0023543312679865647,2.711943537972179e-05,0.007195984567230287,2.1261078253249612e-05,-0.0034590290748119264,1,2
59,0.059000000000000045,ramp,5.9,1.0125344258203834,0.000630539255852991,1.0024316927558319,0.0024316927558318824,0.00047584567899396215,0.0076718302462242495,2.1765238543943366e-05,-0.15469357685902882,1,2
60,0.060000000000000046,ramp,6.0,1.0125670528180901,3.26269977066751e-05,1.0024335353746352,0.0024335353746351984,2.8964063223490993e-05,0.00770079430944774,2.227537803661194e-05,-0.003662934483184105,2,2
61,0.06100000000000005,ramp,6.1,1.013212404087777,0.0006453512696869002,1.0025106990382118,0.002510699038211772,0.0004910543336133473,0.008191848643061089,2.2785346787403884e-05,-0.15429693607355283,1,2
62,0.06200000000000005,ramp,6.2,1.0132471376905934,3.47336028163614e-05,1.0025126446254102,0.002512644625410232,3.0865759168644246e-05,0.008222714402229733,2.3301246366129987e-05,-0.0038678436477171513,2,2
63,0.06300000000000004,ramp,6.3,1.0139072473689814,0.0006601096783880323,1.0025896119828361,0.0025896119828361375,0.0005062063584703141,0.008728920760700047,2.3816883196543163e-05,-0.15390331991771813,1,2
64,0.06400000000000004,ramp,6.4,1.013944144640871,3.6897271889602123e-05,1.0025916608207959,0.0025916608207958713,3.2823965668875905e-05,0.008761744726368923,2.433839447805383e-05,-0.004073306220726218,2,2
65,0.06500000000000004,ramp,6.5,1.0146189593403825,0.0006748146995114723,1.0026684333248443,0.0026684333248443437,0.0005213021014888467,0.00928304682785777,2.4859551852957764e-05,-0.15351259802262562,1,2
66,0.06600000000000004,ramp,6.6,1.0146580769152347,3.91175748521988e-05,1.0026705856547238,0.0026705856547237783,3.483833479236083e-05,0.009317885162650131,2.5386529867694603e-05,-0.004279240059837972,2,2
67,0.06700000000000005,ramp,6.7,1.0153475435078572,0.0006894665926224786,1.0027471647148922,0.002747164714892225,0.000536341908517211,0.009854227071167341,2.59130671402076e-05,-0.15312468410526758,1,2
68,0.06800000000000005,ramp,6.8,1.015388937600515,4.1394092657798254e-05,1.0027494207412018,0.002749420741201769,3.690852047558986e-05,0.009891135591642931,2.6445373865241545e-05,-0.004485572182208394,2,2
69,0.06900000000000005,ramp,6.9,1.0160930032239122,0.0007040656233971987,1.0028258077276664,0.002825807727666385,0.0005513261235622847,0.010442461715205216,2.6977157215276817e-05,-0.15273949983491394,1,2
70,0.07000000000000005,ramp,7.0,1.0161367296383386,4.372641442640379e-05,1.0028281676214543,0.002828167621454325,3.903417853063104e-05,0.010481495893735848,2.7514661289243794e-05,-0.004692235895772752,2,2
71,0.07100000000000005,ramp,7.1,1.01685534169966,0.0007186120613213998,1.002904363867915,0.0029043638679149275,0.0005662550888060057,0.011047750982541854,2.8051563293383756e-05,-0.15235697251539404,1,2
72,0.07200000000000005,ramp,7.2,1.0169014558360039,4.611413634392214e-05,1.0029068277693658,0.002906827769365794,4.1214966638763874e-05,0.011088965949180617,2.8594139560923705e-05,-0.004899169705158266,2,2
73,0.07300000000000005,ramp,7.3,1.0176345620149447,0.0007331061789408455,1.0029828345755176,0.0029828345755176233,0.0005811291446135023,0.01167009509379412,2.9136038740974716e-05,-0.15197703432734325,1,2
74,0.07400000000000005,ramp,7.4,1.0176831188760185,4.855686107374524e-05,1.0029854025961966,0.002985402596196618,4.3450544340514394e-05,0.011713545638134634,2.9683567811613707e-05,-0.005106316733230845,2,2
75,0.07500000000000005,ramp,7.5,1.0184306671274008,0.0007475482513823462,1.0030612212298717,0.0030612212298717356,0.0005959486295403986,0.012309494267675032,3.0230348213341798e-05,-0.15159962184194758,1,2
76,0.07600000000000005,ramp,7.6,1.018481721324654,5.105419725315308e-05,1.0030638934549239,0.0030638934549238606,4.5740573025870114e-05,0.012355234840700903,3.078271605611156e-05,-0.005313624227282964,2,2
77,0.07700000000000005,ramp,7.7,1.0192436598805448,0.0007619385558907954,1.0031395251541169,0.0031395251541168623,0.000610713880339936,0.012965948721040838,3.133426686463758e-05,-0.15122467555085944,1,2
78,0.07800000000000006,ramp,7.8,1.0192972664221311,5.360654158637068e-05,1.0031423018806633,0.003142301880663334,4.808502233533139e-05,0.01301403374337617,3.189138062976208e-05,-0.005521519251039291,1,2
79,0.07900000000000006,ramp,7.9,1.0200735430565315,0.0007762766344003857,1.0032177478000066,0.0032177478000066095,0.0006254246054142416,0.01363945834879041,3.2447613030701224e-05,-0.15085202898614414,1,2
80,0.08000000000000006,ramp,8.0,1.0201297558315123,5.621277498080168e-05,1.003220628918078,0.003220628918078061,5.048359271485922e-05,0.013689941941505268,3.3009358967531876e-05,-0.0057291822659424636,1,2
81,0.08100000000000006,ramp,8.1,1.0209203192370597,0.0007905634055473953,1.00329589021373,0.0032958902137298907,0.0006400817201753622,0.014330023661680631,3.357015549074512e-05,-0.15048168537203316,1,2
82,0.08200000000000006,ramp,8.2,1.0209791917573556,5.887252029590506e-05,1.0032988757381298,0.003298875738129814,5.2935654521071504e-05,0.014382959316201703,3.41364274661212e-05,-0.005936865774833558,1,2
83,0.08300000000000006,ramp,8.3,1.0217839909544,0.000804799197044348,1.0033739535649204,0.003373953564920429,0.000654685554697947,0.01503764487089965,3.470168961737353e-05,-0.150113642346401,1,2
84,0.08400000000000006,ramp,8.4,1.0218455763667407,6.158541234069226e-05,1.0033770434929974,0.003377043492997389,5.5440877291951735e-05,0.015093085748191602,3.5272391060069164e-05,-0.006144535048740523,1,2
85,0.08500000000000006,ramp,8.5,1.022664560660652,0.0008189842939112513,1.003451938983888,0.00345193898388807,0.0006692364376788193,0.015762322185870422,3.5842025131406125e-05,-0.14974785623243195,1,2
86,0.08600000000000006,ramp,8.6,1.0227289117473104,6.435108665847622e-05,1.003455133295006,0.0034551332950059077,5.799893239236954e-05,0.01582032111826279,3.641706376686063e-05,-0.00635215426610668,1,2
87,0.08700000000000006,ramp,8.7,1.0235620307267665,0.0008331189794561489,1.0035298475609793,0.0035298475609792934,0.0006837346960784952,0.016504055814341285,3.6990979924207896e-05,-0.14938428337765372,1,2
88,0.08800000000000006,ramp,8.8,1.0236291999089786,6.716918221205681e-05,1.0035331462172896,0.0035331462172896178,6.060949298043175e-05,0.016564665307321716,3.7570267169712644e-05,-0.006559689231625063,1,2
89,0.08900000000000007,ramp,8.9,1.024476403445943,0.000847203536964436,1.0036076803483394,0.0036076803483393594,0.0006981806551096715,0.017262845962431387,3.8148379088474866e-05,-0.1490228818547644,1,2
90,0.09000000000000007,ramp,9.0,1.0245464427876227,7.003934167970627e-05,1.003611083295773,0.0036110832957729766,6.327223399189491e-05,0.017326118196423282,3.873182976192113e-05,-0.006767107687811357,1,2
91,0.09100000000000007,ramp,9.1,1.0254076810376416,0.0008612382500188254,1.003685438361825,0.0036854383618249997,0.0007125746382422958,0.018038692834665578,3.9314054382914984e-05,-0.14866361177652954,1,2
92,0.09200000000000007,ramp,9.2,1.0254806422491056,7.296121146405099e-05,1.0036889455310878,0.003688945531087784,6.598683212953874e-05,0.018104679666795118,3.9901586483028384e-05,-0.006974379334512251,1,2
93,0.09300000000000007,ramp,9.3,1.0263558656515104,0.0008752234024047567,1.0037631225830062,0.003763122583006151,0.0007269169672105598,0.018831596634005677,4.048784381141195e-05,-0.14830643519419692,1,2
94,0.09400000000000007,ramp,9.4,1.0264318000930863,7.59344415759422e-05,1.003766733890511,0.003766733890510965,6.875296585293662e-05,0.018900349599858614,4.1079378328451084e-05,-0.007181475723005582,1,2
95,0.09500000000000007,ramp,9.5,1.0273209593710086,0.0008891592779223245,1.0038407339609954,0.0038407339609953794,0.0007412079620206265,0.01964155756187924,4.1669591255756225e-05,-0.14795131590169802,1,2
96,0.09600000000000007,ramp,9.6,1.0273999180564988,7.895868549012697e-05,1.0038444493097252,0.003844449309725162,7.157031536920503e-05,0.019713127877248448,4.226505200121186e-05,-0.007388370120921939,1,2
97,0.09700000000000007,ramp,9.7,1.0283029642169224,0.0009030461604235818,1.0039182734141807,0.003918273414180717,0.0007554479409586666,0.020468575818207116,4.28591461436163e-05,-0.1475982194649152,1,2
98,0.09800000000000007,ramp,9.8,1.0283849978170507,8.20336001283728e-05,1.003922092694484,0.0039220926944840695,7.443856262344315e-05,0.02054301438083056,4.345845959441246e-05,-0.007595037504929647,1,2
99,0.09900000000000007,ramp,9.9,1.029301882150599,0.0009168843335483068,1.00399574183177,0.003995741831769983,0.0007696372205985429,0.021312651601429103,4.405636314412742e-05,-0.1472471129497639,1,2
100,0.10000000000000007,ramp,10.0,1.0293870409961272,8.51588455281771e-05,1.0039996649221523,0.003999664922152313,7.735739128985925e-05,0.02139000899271896,4.465945829898536e-05,-0.0078014542383178466,1,2
101,0.10100000000000008,ramp,10.1,1.0303177150768235,0.0009306740806962477,1.0040731400753202,0.004073140075320225,0.0007837761158099639,0.022173785108528923,4.526110188693368e-05,-0.14689796488628382,1,2
102,0.10200000000000008,ramp,10.2,1.030406049161673,8.833408484965055e-05,1.0040771668430934,0.004077166843093449,8.032648676252866e-05,0.02225411159529145,4.5867910133395996e-05,-0.008007598087121894,1,2
103,0.10300000000000008,ramp,10.3,1.0313504648466534,0.000944415684980271,1.0041504689801044,0.004150468980104405,0.0007978649397662411,0.023051976535057694,4.6473226701885075e-05,-0.14655074521402986,1,2
104,0.10400000000000008,ramp,10.4,1.0314420238310194,9.155898436596921e-05,1.004154599282073,0.004154599282073068,8.334553614656097e-05,0.023135322071204254,4.708368169289045e-05,-0.008213448219408242,1,2
105,0.10500000000000008,ramp,10.5,1.0324001332600705,0.0009581094290511682,1.0042277293564048,0.004227729356404808,0.0008119040039523403,0.023947226075156595,4.769260637731645e-05,-0.14620542509882795,1,2
106,0.10600000000000008,ramp,10.6,1.0324949664731704,9.483321309988746e-05,1.0042319630394327,0.00423196303943274,8.641422824914862e-05,0.024033640303405743,4.830664391638033e-05,-0.008418984850738843,1,2
107,0.10700000000000008,ramp,10.7,1.033466722068264,0.0009717555950936596,1.0043049219906774,0.004304921990677446,0.0008258936181727973,0.024859533921578542,4.891911393509159e-05,-0.1458619769208623,1,2
108,0.10800000000000008,ramp,10.8,1.0335648785113014,9.815644303734494e-05,1.0043092588923095,0.0043092588923094866,8.953225357086395e-05,0.024949066175149408,4.9536671869345425e-05,-0.008624189466480988,1,2
109,0.10900000000000008,ramp,10.9,1.0345502329760259,0.000985354464724475,1.0043820476467593,0.004382047646759313,0.0008398340905595924,0.025788900265709,5.0152626420954656e-05,-0.14552037416488256,1,2
110,0.11000000000000008,ramp,11.0,1.034651761324845,0.0001015283488190466,1.0043864875956923,0.004386487595692268,9.269930429677035e-05,0.02588159957000577,5.077364454134378e-05,-0.008829044522276253,1,2
111,0.11100000000000008,ramp,11.1,1.0356506676437056,0.0009989063188606817,1.0044591070668132,0.004459107066813184,0.0008537257275802025,0.026735325297585974,5.1393024708852315e-05,-0.1451805912804792,1,2
112,0.11200000000000009,ramp,11.2,1.0357556162514778,0.00010494860777221504,1.0044636498834307,0.0044636498834307314,9.591507428789874e-05,0.02683124037187387,5.201744465688445e-05,-0.0090335334843163,1,2
113,0.11300000000000009,ramp,11.3,1.0367680276894287,0.001012411437950833,1.0045361009723783,0.004536100972378332,0.0008675688340452206,0.027698809205919092,5.264019331805585e-05,-0.14484260390561254,1,2
114,0.11400000000000009,ramp,11.4,1.0368764445892291,0.00010841689980045643,1.0045407464692202,0.004540746469220203,9.917925907274989e-05,0.027797988464991843,5.326795849857401e-05,-0.009237640727706548,1,2
115,0.11500000000000009,ramp,11.5,1.037902314690668,0.0010258701014389526,1.0046130300653162,0.004613030065316215,0.0008813637131164423,0.028679352178108287,5.3894020242027566e-05,-0.14450638832251028,1,2
116,0.11600000000000009,ramp,11.6,1.0380142475980019,0.00011193290733380046,1.0046177780474512,0.0046177780474512264,0.00010249155583850453,0.02878184373394679,5.452507574150756e-05,-0.00944135149529593,1,2
117,0.11700000000000009,ramp,11.7,1.0390535301861548,0.00103928258815289,1.0046898950285916,0.0046898950285916285,0.0008951106663146858,0.029676954400261475,5.515439678809839e-05,-0.1441719218382042,1,2
118,0.11800000000000009,ramp,11.8,1.0391690265014821,0.00011549631532736804,1.0046947452940789,0.0046947452940788725,0.00010585166342284346,0.02978280606368432,5.578868929804142e-05,-0.009644651904524576,1,2
119,0.11900000000000009,ramp,11.9,1.0402216756775289,0.0010526491760467493,1.0047666965271338,0.004766696527133796,0.0009088099935275102,0.03069161605721183,5.642121742709493e-05,-0.1438391825192392,1,2
120,0.12000000000000009,ramp,12.0,1.0403407824885869,0.00011910681105797849,1.0047716488674274,0.004771648867427425,0.00010925928230522347,0.030800875339517055,5.70586951721123e-05,-0.009847528752755016,1,2
121,0.1210000000000001,ramp,12.1,1.0414067526308362,0.001065970142249295,1.0048434352086415,0.0048434352086415,0.000922461993017278,0.03172333733253433,5.769437965214237e-05,-0.14350814923201713,1,2
122,0.1220000000000001,ramp,12.2,1.041529516714951,0.00012276408411482365,1.0048484894088638,0.004848489408863843,0.00011271411459886114,0.03183605144713319,5.833499232238072e-05,-0.010049969515962506,1,2
123,0.1230000000000001,ramp,12.3,1.0426087624779237,0.0010792457629726915,1.004920111704215,0.004920111704215024,0.0009360669614286007,0.03277211840856179,5.897378384595532e-05,-0.14317880154409074,1,2
124,0.1240000000000001,ramp,12.4,1.0427352303044717,0.0001264678265480157,1.0049252675435691,0.004925267543569145,0.0001162158640421516,0.032888334272603945,5.961748253352467e-05,-0.010251962505864094,1,2
125,0.12500000000000008,ramp,12.5,1.0438277066179162,0.001092476313444557,1.0049967266291124,0.004996726629112436,0.000949625193796501,0.03383795946640045,6.025933315596235e-05,-0.14285111964805594,1,2
126,0.12600000000000008,ramp,12.6,1.0439579243504398,0.00013021773252352986,1.0050019838812059,0.005001983881205874,0.00011976423599051194,0.03395772370239096,6.0906070295078836e-05,-0.010453496533017925,1,2
127,0.12700000000000009,ramp,12.7,1.0450635864184838,0.0011056620680440776,1.0050732805833755,0.005073280583375528,0.0009631369835539047,0.03492086068594486,6.155093337670185e-05,-0.1425250844901729,1,2
128,0.12800000000000009,ramp,12.8,1.0451975999169225,0.0001340134984386676,1.0050786390164557,0.005078639016455666,0.00012335893740822245,0.035044219623353086,6.220066268727672e-05,-0.01065456103044516,1,2
129,0.1290000000000001,ramp,12.9,1.0463164032169543,0.0011188033000317787,1.0051497741523738,0.005149774152373832,0.0009766026225393595,0.036020822245892446,6.284849283894802e-05,-0.14220067749241924,1,2
130,0.1300000000000001,ramp,13.0,1.046454258039887,0.00013785482293271478,1.0051552335296785,0.005155233529678505,0.0001269996768602434,0.03614782192275269,6.350116927335754e-05,-0.010855146072471383,1,2
131,0.1310000000000001,ramp,13.1,1.0475861583216475,0.0011319002817604673,1.0052262079074958,0.005226207907495839,0.0009900224010050522,0.037137844323757746,6.415192230509765e-05,-0.1418778807554151,1,2
132,0.1320000000000001,ramp,13.2,1.0477278997282966,0.00014174140664913182,1.0052317679874692,0.00523176798746916,0.0001306861645039599,0.0372685304882617,6.480750199793255e-05,-0.011055242145171909,1,2
133,0.1330000000000001,ramp,13.3,1.0488728530128202,0.0011449532845235755,1.0053025824065862,0.005302582406586209,0.001003396607624197,0.0382719270958859,6.546113487036045e-05,-0.14155667689937848,1,2
134,0.1340000000000001,ramp,13.4,1.0490185258555467,0.00014567284272648529,1.0053082427316762,0.005308242731676183,0.00013441843039021134,0.038406345526276114,6.611955687384838e-05,-0.011254412336273941,2,2
135,0.1350000000000001,ramp,13.5,1.0501764876390056,0.0011579617834589495,1.0053788978986853,0.0053788978986852864,0.001016724902986998,0.039423070429263116,6.677599848613731e-05,-0.14123688047195151,1,2
136,0.1360000000000001,ramp,13.6,1.0503261374051267,0.00014964976612108494,1.0053846584642767,0.005384658464276715,0.00013819619353252184,0.03956126662279564,6.743722903271654e-05,-0.011453572588563098,2,2
137,0.1370000000000001,ramp,13.7,1.0514970642969033,0.001170926891776558,1.0054551552011022,0.00545515520110218,0.0010300081695870337,0.04059127479238267,6.809646543116696e-05,-0.1409187221895244,1,2
138,0.1380000000000001,ramp,13.8,1.0516507354007407,0.00015367110383746052,1.0054610157589332,0.0054610157589332076,0.000142018873166125,0.04073329366554879,6.876047316390283e-05,-0.011652230671335511,2,2
139,0.1390000000000001,ramp,13.9,1.0528345842061597,0.0011838488054189966,1.005531354843074,0.005531354843073988,0.001043246692150936,0.04177654035769973,6.942246631856482e-05,-0.1406021132680606,1,2
140,0.1400000000000001,ramp,14.0,1.0529923207634049,0.00015773655724515834,1.0055373151370168,0.005537315137016829,0.00014588618623237348,0.041922426543932106,7.008921266103165e-05,-0.011850371012784855,2,2
141,0.1410000000000001,ramp,14.1,1.0541890485491348,0.0011967277857298786,1.0056074973355629,0.005607497335562872,0.0010564407528195843,0.04297886729675169,7.075392416276173e-05,-0.1402870329102943,1,2
142,0.1420000000000001,ramp,14.2,1.0543508943847029,0.0001618458355681085,1.0056135571048865,0.005613557104886535,0.00014979785113631214,0.043128665147888004,7.14233707564628e-05,-0.012047984431796362,2,2
143,0.1430000000000001,ramp,14.3,1.055560458481704,0.0012095640970011257,1.0056835831767512,0.005683583176751217,0.0010695906321319727,0.04419825578001998,7.209076281715292e-05,-0.139973464869153,1,2
144,0.1440000000000001,ramp,14.4,1.055726457132988,0.00016599865128408275,1.0056897421569577,0.005689742156957722,0.0001537535878029196,0.044352009367822895,7.276287205318538e-05,-0.012245063481163145,2,2
145,0.1450000000000001,ramp,14.5,1.0569488151362727,0.0012223580032846293,1.0057596128535338,0.005759612853533769,0.0010826966090857703,0.045434705976908664,7.343290769224603e-05,-0.139661394198859,1,2
146,0.1460000000000001,ramp,14.6,1.0571190098554704,0.00017019471919765827,1.0057658707767372,0.005765870776737181,0.00015775311768375104,0.04559245909459241,7.410764279888741e-05,-0.012441601513907231,2,2
147,0.1470000000000001,ramp,14.7,1.0583541196230863,0.0012351097676159828,1.0058355868421747,0.005835586842174667,0.001095758961153516,0.046688218055745925,7.478028587447036e-05,-0.13935080646246678,1,2
148,0.1480000000000001,ramp,14.8,1.0585285533791713,0.00017443375608494627,1.005841943437408,0.005841943437407959,0.0001617961637533742,0.046850014219499296,7.545761092245529e-05,-0.012637592331572077,2,2
149,0.1490000000000001,ramp,14.9,1.0597763730312337,0.001247819652062443,1.0059115056088654,0.005911505608865442,0.0011087779642924961,0.047958792183791794,7.61328261224879e-05,-0.1390416877699468,1,2
150,0.1500000000000001,ramp,15.0,1.0599550885119535,0.00017871548071979326,1.005917960602217,0.005917960602217054,0.0001658824505023458,0.04812467463429414,7.681270600808433e-05,-0.012833030217447458,2,2
151,0.1510000000000001,ramp,15.1,1.06121557642939,0.0012604879174364925,1.0059873696100101,0.005987369610010118,0.0011217538929530872,0.04924642852724723,7.749045882916458e-05,-0.13873402448340527,1,2
152,0.1520000000000001,ramp,15.2,1.0613986160429925,0.00018303961360244259,1.0059939227248162,0.0059939227248162474,0.0001700117039306144,0.04941644023117784,7.817285925044342e-05,-0.01302790967182819,2,2
153,0.1530000000000001,ramp,15.3,1.0626717308665665,0.001273114823574062,1.0060631792926453,0.0060631792926453265,0.0011346870200862576,0.050551127251264094,7.885311597299969e-05,-0.13842780348780429,1,2
154,0.1540000000000001,ramp,15.4,1.0628591367436249,0.00018740587705834422,1.006069830249636,0.006069830249636032,0.00017418365153947868,0.05072531090280357,7.953800340420848e-05,-0.013222225518865535,2,2
155,0.1550000000000001,ramp,15.5,1.0641448373726403,0.0012857006290154516,1.0061389350947165,0.006138935094716524,0.0011475776171516272,0.051872888519955196,8.022073106687325e-05,-0.13812301186382436,1,2
156,0.1560000000000001,ramp,15.6,1.0643366513679764,0.00019181399533607646,1.0061456836121478,0.006145683612147845,0.0001783980223241298,0.05205128654227933,8.090807273271875e-05,-0.013415973011946669,2,2
157,0.1570000000000001,ramp,15.7,1.0656348969590799,0.0012982455911034751,1.0062146374453869,0.006214637445386861,0.0011604259541246416,0.05321171249640397,8.159323910701475e-05,-0.13781963697883357,1,2
158,0.1580000000000001,ramp,15.8,1.0658311606533328,0.00019626369425296275,1.0062214832392125,0.006221483239212455,0.00018265454676634526,0.05339436704317031,8.228300295752363e-05,-0.013609147486617493,2,2
159,0.1590000000000001,ramp,15.9,1.0671419106194522,0.0013107499661193511,1.0062902867653412,0.006290286765341158,0.0011732322995039982,0.054567599342674314,8.297057652331227e-05,-0.13751766661535295,1,2
160,0.16000000000000011,ramp,16.0,1.06734266532095,0.00020075470149771846,1.006297229549305,0.006297229549304895,0.00018695295682641646,0.05475455229950073,8.366273120957759e-05,-0.013801744671301996,2,2
161,0.16100000000000012,ramp,16.1,1.0686658793300416,0.0013232140090917444,1.0063658834670275,0.006365883467027489,0.001185996920319336,0.055940549219820064,8.435268113141873e-05,-0.1372170887724083,1,2
162,0.16200000000000012,ramp,16.2,1.068871166076429,0.00020528674638731204,1.0063729229528247,0.006372922952824656,0.00019129298593605602,0.05613184220575612,8.504719598229626e-05,-0.013993760451256014,2,2
163,0.16300000000000012,ramp,16.3,1.070206804050276,0.0013356379738469482,1.0064414279549103,0.006441427954910317,0.0011987200821382761,0.0573305622878944,8.573949208678823e-05,-0.13691789170867202,1,2
164,0.16400000000000012,ramp,16.4,1.0704166636102734,0.00020985955999752726,1.0064485638522869,0.0064485638522868705,0.00019567436899068586,0.05752623665688508,8.643633708657753e-05,-0.014185191006841394,2,2
165,0.16500000000000012,ramp,16.5,1.071764685723315,0.0013480221130415249,1.0065169206257938,0.006516920625793787,0.001211402049073799,0.05873763870595888,8.713094984065242e-05,-0.1366200639677259,1,2
166,0.16600000000000012,ramp,16.6,1.0719791585983793,0.0002144728750643754,1.006524152642629,0.006524152642628955,0.0002000968423420831,0.058937735548300965,8.783009560773191e-05,-0.014376032722292296,2,2
167,0.16700000000000012,ramp,16.7,1.0733395252764264,0.0013603666780470647,1.0065923618689545,0.0065923618689545105,0.0012240430837916305,0.06016177863209259,8.852699609789252e-05,-0.1363235942554342,1,2
168,0.16800000000000012,ramp,16.8,1.073558651702429,0.00021912642600252497,1.0065996897114244,0.006599689711424439,0.00020456014379048533,0.06036633877588308,8.922841386427956e-05,-0.014566282212039636,2,2
169,0.16900000000000012,ramp,16.9,1.0749313236216413,0.0013726719192124204,1.0066677520664147,0.006667752066414678,0.0012366434475176518,0.06160298222340073,8.992757377673859e-05,-0.1360284716947686,1,2
170,0.17000000000000012,ramp,17.0,1.0751551435704532,0.00022381994881182088,1.0066751754390755,0.006675175439075476,0.0002090640125780732,0.0618120462359788,9.063123536853213e-05,-0.014755936233747676,2,2
171,0.17100000000000012,ramp,17.1,1.076540081655907,0.001384938085453813,1.0067430915931868,0.006743091593186756,0.0012492034000445998,0.0630612496360234,9.133262697019645e-05,-0.1357346854092131,1,2
172,0.17200000000000013,ramp,17.2,1.0767686348371357,0.00022855318122871893,1.0067506101990535,0.006750610199053542,0.00021360818938064827,0.06327485782540405,9.203850478886217e-05,-0.01494499184807066,2,2
173,0.17300000000000013,ramp,17.3,1.0781658002617855,0.0013971654246498488,1.0068183808174433,0.006818380817443348,0.0012617231997399335,0.064536581025144,9.274210090913397e-05,-0.13544222490991528,1,2
174,0.17400000000000013,ramp,17.4,1.0783991261243115,0.00023332586252600152,1.0068259943580977,0.00682599435809772,0.00021819241630090442,0.0647547734414449,9.345016791358119e-05,-0.015133446225097094,2,2
175,0.17500000000000013,ramp,17.5,1.0798084803077126,0.001409354183401046,1.0068936201007332,0.006893620100733244,0.001274203103552369,0.06602897654499726,9.415594192693853e-05,-0.13515107984867694,1,2
176,0.17600000000000013,ramp,17.6,1.0800466180412451,0.00023813773353253964,1.0069013282763988,0.006901328276398777,0.00022281643686118913,0.06625179298185845,9.486617161635315e-05,-0.015321296671350515,2,2
177,0.17700000000000013,ramp,17.7,1.081468122648401,0.0014215046071559545,1.0069688097981493,0.006968809798149289,0.0012866433670192167,0.06753843634887766,9.557409742564736e-05,-0.13486124013673775,1,2
178,0.17800000000000013,ramp,17.8,1.0817111111851827,0.0002429885367816187,1.0069766123078128,0.006976612307812768,0.00022747999599594576,0.0677659163448736,9.628646382304518e-05,-0.01550854078567293,2,2
179,0.17900000000000013,ramp,17.9,1.0831447281252378,0.0014336169400550602,1.0070439502585529,0.007043950258552867,0.0012990442442738434,0.06906496058914743,9.69965158435026e-05,-0.13457269578121683,1,2
180,0.18000000000000013,ramp,18.0,1.0833926061415131,0.0002478780162753491,1.0070518468000096,0.007051846800009587,0.00023218284004440773,0.06929714342919184,9.771099347995549e-05,-0.015695176230941386,2,2
181,0.18100000000000013,ramp,18.1,1.0848382975666127,0.0014456914250995379,1.0071190418247113,0.007119041824711347,0.001311405988052341,0.07060854941724418,9.842314662382798e-05,-0.13428543704719687,1,2
182,0.18200000000000013,ramp,18.2,1.0850911034842579,0.00025280591764520466,1.00712703209467,0.007127032094669916,0.00023692471674382196,0.07084547413398799,9.913971052333521e-05,-0.015881200901382692,2,2
183,0.18300000000000013,ramp,18.3,1.0865488317883427,0.0014577283040848599,1.0071940848335035,0.007194084833503478,0.0013237288497005464,0.07216920298368854,9.985394018518205e-05,-0.13399945438431346,1,2
184,0.18400000000000014,ramp,18.4,1.0868066037763326,0.00025777198798992984,1.0072021685276453,0.007202168527645325,0.00024170537522211723,0.07241090835891065,0.00010057256585015082,-0.01606661276781261,2,2
185,0.18500000000000014,ramp,18.5,1.0882763315938904,0.00146972781755772,1.0072690796160684,0.007269079616068375,0.0013360130791814093,0.07374692143809206,0.00010128884789269984,-0.13371473837631068,1,2
186,0.18600000000000014,ramp,18.6,1.0885391075698883,0.0002627759759978865,1.0072772564291157,0.007277256429115697,0.00024652456599053837,0.0739934460040826,0.00010200951129001096,-0.01625141000734812,2,2
187,0.18700000000000014,ramp,18.7,1.0900207977748102,0.0014816902049219483,1.0073440264979268,0.007344026497926759,0.0013482589250816107,0.07534170492916421,0.0001027278220305949,-0.13343127984033756,1,2
188,0.18800000000000014,ramp,18.8,1.0902886154066025,0.0002678176317922887,1.007352296123736,0.007352296123736002,0.00025138204093705016,0.07559308697010127,0.00010345049957821317,-0.016435590855238515,2,2
189,0.18900000000000014,ramp,18.9,1.0917822311109153,0.001493615704312834,1.0074189257991932,0.007418925799193232,0.0013604666346184457,0.07695355360471971,0.0001041708157757225,-0.13314906969438822,1,2
190,0.19000000000000014,ramp,19.0,1.092055127818032,0.00027289670711660996,1.0074272879308273,0.007427287930827253,0.00025627755331922086,0.07720983115803894,0.00010489548432982819,-0.0166191537973891,2,2
191,0.19100000000000014,ramp,19.1,1.093560632370679,0.0015055045526470856,1.0074937778347184,0.007493777834718385,0.0013726364536473354,0.07858246761168627,0.00010561778317218752,-0.1328680989997502,1,2
192,0.19200000000000014,ramp,19.2,1.0938386453257911,0.0002780129551120947,1.0075022321644396,0.007502232164439571,0.0002612108577563888,0.07884367846944267,0.00010634442001480994,-0.01680209735570586,2,2
193,0.19300000000000014,ramp,19.3,1.0953560023115634,0.0015173569857722669,1.0075685829141436,0.00756858291414364,0.0013847686266682086,0.08022844709611088,0.0001070686791069233,-0.13258835910405822,1,2
194,0.19400000000000014,ramp,19.4,1.0956391684419347,0.0002831661303712707,1.0075771291335651,0.007577129133565119,0.00026618171022399853,0.08049462880633487,0.00010779726193404777,-0.01698442014727217,2,2
195,0.19500000000000015,ramp,19.5,1.097168341680063,0.0015291732381284007,1.0076433413421513,0.0076433413421512775,0.0013968633968321174,0.081891492203167,0.00010852345928620427,-0.13230984129628323,1,2
196,0.19600000000000015,ramp,19.6,1.0974566976691547,0.0002883559890916043,1.0076519791422365,0.007651979142236476,0.00027118986804593675,0.08216268207121293,0.00010925396619631784,-0.017166121045667566,2,2
197,0.19700000000000015,ramp,19.7,1.0989976512122874,0.0015409535431327726,1.007718053418511,0.007718053418511062,0.0014089210059487264,0.08357160307716165,0.00010998208021304347,-0.13203253718404617,1,2
198,0.19800000000000015,ramp,19.8,1.099291233501048,0.00029358228876064096,1.0077267824896718,0.007726782489671846,0.00027623508988753264,0.08384783816704917,0.00011071448969612614,-0.017347198873108323,2,2
199,0.19900000000000015,ramp,19.9,1.1008439316339662,0.00155269813291814,1.0077927194382554,0.0077927194382554354,0.0014209416944926652,0.08526877986154184,0.00011144449916543747,-0.13175643842547477,1,2
200,0.20000000000000015,ramp,20.0,1.1011427764224069,0.0002988447884406664,1.007801539470369,0.00780153947036899,0.00028131713574910033,0.08555009699729094,0.00011217879009233918,-0.017527652691566087,2,2
201,0.20100000000000015,ramp,20.1,1.1027071836607993,0.0015644072383924623,1.0078673396917686,0.00786733969176856,0.0014329257016104276,0.08698302269890136,0.00011291067417540424,-0.13148153678203475,1,2
202,0.20200000000000015,ramp,20.2,1.103011326909377,0.00030414324857774844,1.007876250374241,0.00787625037424089,0.00028643576695855887,0.08726945846585991,0.00011364682578764392,-0.01770748161918957,2,2
203,0.20300000000000015,ramp,20.3,1.1045874079987503,0.001576081089373238,1.0079419144649193,0.00794191446491932,0.0014448732651272504,0.08871433173098717,0.00011438056400880903,-0.1312078242459876,1,2
204,0.20400000000000015,ramp,20.4,1.1048968854297112,0.00030947743096088054,1.007950915486759,0.00795091548675897,0.0002915907461652191,0.08900592247715239,0.00011511855590870376,-0.01788668479566142,2,2
205,0.20500000000000015,ramp,20.5,1.106484605344174,0.0015877199144627152,1.008016444039191,0.008016444039190995,0.0014567846215533032,0.09046270709870569,0.00011585412814589237,-0.130935292909412,1,2
206,0.20600000000000016,ramp,20.6,1.1067994524430746,0.00031484709890072793,1.0080255350890233,0.008025535089023261,0.0002967818373329109,0.0907594889360386,0.00011659394028708218,-0.018065261567817046,2,2
207,0.20700000000000016,ramp,20.7,1.108398776384013,0.0015993239409384241,1.0080909286917372,0.00809092869173722,0.0014686600060908174,0.09222814894212941,0.00011733132676252739,-0.13066393484760672,1,2
208,0.20800000000000016,ramp,20.8,1.1087190284011152,0.0003202520171021739,1.0081001094578736,0.00810010945787365,0.00030200880573293825,0.09253015774786236,0.00011807293944080075,-0.018243211369235627,2,2
209,0.20900000000000016,ramp,20.9,1.110329921796239,0.0016108933951237692,1.0081653686955385,0.008165368695538522,0.0014804996526407875,0.09401065740050314,0.00011881212071212075,-0.1303937424829817,1,2
210,0.21000000000000016,ramp,21.0,1.110655613747775,0.00032569195153597796,1.0081746388660087,0.008174638866008666,0.0003072714179372606,0.09431792881844041,0.00011955551455658342,-0.018420533598717353,2,2
211,0.21100000000000016,ramp,21.1,1.112278042249739,0.001622428501963924,1.0082397643194894,0.008239764319489362,0.0014923037938095296,0.09581023261224994,0.00012029647150815038,-0.1301247081543944,1,2
212,0.21200000000000016,ramp,21.2,1.1126092089194501,0.00033116666971122477,1.008249123582108,0.008249123582108053,0.00031256944181227747,0.09612280205406222,0.00012104162747271223,-0.018597227898947296,2,2
213,0.21300000000000016,ramp,21.3,1.1142431384047693,0.0016339294853191522,1.0083141158284927,0.00831411582849273,0.001504072660914786,0.09762687471497701,0.00012178434130733767,-0.1298568244043662,1,2
214,0.21400000000000016,ramp,21.4,1.114579814345191,0.000336675940421749,1.00832356387085,0.008323563870850093,0.0003179026465123857,0.09794477736148939,0.0001225312406624622,-0.018773293909363296,2,2
215,0.21500000000000016,ramp,21.5,1.116225210913083,0.0016453965678919769,1.0083884234835465,0.008388423483546514,0.0015158064839927955,0.09946058384548219,0.00012327569289335746,-0.1295900838991814,1,2
216,0.21600000000000016,ramp,21.6,1.116567430446865,0.0003422195337818845,1.0083979599930988,0.00839795999309878,0.00032327080247262943,0.09978385464795482,0.00012402431721812926,-0.01894873130925509,2,2
217,0.21700000000000016,ramp,21.7,1.1182242604179915,0.0016568299711265944,1.0084626875418723,0.008462687541872294,0.0015275054918045868,0.1013113601397594,0.00012477048966114923,-0.12932447932200752,1,2
218,0.21800000000000017,ramp,21.8,1.1185720576393745,0.00034779722138300606,1.0084723122059491,0.008472312205949128,0.00032867368140247945,0.10164003382116188,0.0001255208208355852,-0.019123539980526613,2,2
219,0.21900000000000017,ramp,21.9,1.1202402875547801,0.0016682299154056057,1.0085369082569304,0.008536908256930431,0.001539169911842675,0.10317920373300456,0.00012626869560173384,-0.12906000356293063,1,2
220,0.22000000000000017,ramp,22.0,1.1205936963307672,0.0003534087759871074,1.0085466207627982,0.008546620762798218,0.0003341110562798259,0.10351331478928438,0.0001270207157993618,-0.0192977197072815,2,2
221,0.22100000000000017,ramp,22.1,1.1222732929506716,0.0016795966199043555,1.0086110858786024,0.008611085878602376,0.001550799970337158,0.10506411475962155,0.0001277702752875357,-0.12879664956719758,1,2
222,0.22200000000000017,ramp,22.2,1.1226323469225539,0.00035905397188229493,1.008620885913471,0.008620885913471099,0.0003395827013433044,0.10540369746096485,0.000128523966968228,-0.01947127053899053,2,2
223,0.22300000000000017,ramp,22.3,1.1243232772250653,0.0016909303025114397,1.0086852206531811,0.008685220653181114,0.0015623958922627188,0.10696609335322757,0.0001292751938582198,-0.12853441024872087,1,2
224,0.22400000000000017,ramp,22.4,1.124688009809619,0.0003647325845537175,1.0086951079042714,0.008695107904271415,0.00034508839208699846,0.10731118174531457,0.00013003053976125165,-0.019644192466719026,2,2
225,0.22500000000000017,ramp,22.5,1.1263902409898385,0.0017022311802195045,1.0087593128235464,0.008759312823546361,0.0015739579013442082,0.10888513964665877,0.0001307834170069726,-0.12827327887529627,1,2
226,0.22600000000000017,ramp,22.6,1.1267606853806182,0.0003704443907797117,1.0087692869780893,0.008769286978089319,0.00035062790525351175,0.10923576755191229,0.0001315404001443185,-0.019816485526199946,2,2
227,0.22700000000000017,ramp,22.7,1.1284741848492912,0.001713499468672941,1.0088333626291517,0.008833362629151686,0.001585486220063669,0.11082125377197596,0.00013229491096723522,-0.12801324860927202,1,2
228,0.22800000000000017,ramp,22.8,1.1288503740180296,0.00037618916873838337,1.0088434233744172,0.008843423374417236,0.0003562010188272802,0.11117745479080324,0.0001330535146170632,-0.019988149911103197,2,2
229,0.22900000000000018,ramp,22.9,1.1305751094004404,0.0017247353824108025,1.0089073703061386,0.00890737030613864,0.001596981069666691,0.11277443586046992,0.00013380964249987582,-0.12775431274411153,1,2
230,0.23000000000000018,ramp,23.0,1.130957076098235,0.00038196669779466674,1.008917517329513,0.00891751732951307,0.0003618075120284769,0.1131362433724984,0.00013456985020028321,-0.02015918576618982,2,2
231,0.23100000000000018,ramp,23.1,1.1326930152330632,0.0017359391348281683,1.008981336087443,0.008981336087442893,0.0016084426701684033,0.11474468604266681,0.00013532757888076076,-0.12749646465976502,1,2
232,0.23200000000000018,ramp,23.2,1.1330807919918011,0.0003877767587379122,1.0089915690763966,0.008991569076396644,0.00036744716530667625,0.11511213320797349,0.0001360893744236872,-0.02032959343123593,2,2
233,0.23300000000000018,ramp,23.3,1.1348279029300308,0.0017471109382296568,1.0090552602028384,0.009055260202838422,0.0016198712403601293,0.11673200444833362,0.0001368486878887419,-0.1272396978695275,1,2
234,0.23400000000000018,ramp,23.4,1.1352215220635495,0.0003936191335187633,1.0090655788450023,0.009065578845002253,0.0003731197603342122,0.11710512420866784,0.00013761205531406811,-0.020499373184551126,2,2
235,0.23500000000000018,ramp,23.5,1.1369797730672366,0.0017582510036870946,1.0091291428789295,0.00912914287892952,0.0016312669978151124,0.11873639120648295,0.00013837293779399447,-0.12698400587198228,1,2
236,0.23600000000000018,ramp,23.6,1.137379266672637,0.0003994936054003695,1.0091395468621205,0.009139546862120485,0.00037882508000093,0.11911521628648389,0.00013913786138384688,-0.020668525399439502,2,2
237,0.23700000000000018,ramp,23.7,1.1391486262139017,0.00176935954126467,1.0092029843394115,0.009202984339411469,0.0016426301588945715,0.12075784644537846,0.0001399002973467454,-0.1267293823700986,1,2
238,0.23800000000000018,ramp,23.8,1.139554026172818,0.0004053999589164192,1.0092134733515854,0.0092134733515854,0.0003845629084069924,0.12114240935378545,0.00014066676161996868,-0.02083705050942683,2,2
239,0.23900000000000018,ramp,23.9,1.141334462932581,0.0017804367597629156,1.009276784804906,0.009276784804906013,0.0016539609387550063,0.12279637029254045,0.00014143073576633694,-0.12647582100790924,1,2
240,0.24000000000000019,ramp,24.0,1.1417458009123815,0.0004113379798005301,1.0092873585343116,0.009287358534311618,0.00039033303085614547,0.1231867033233966,0.00014219872547314348,-0.021004948944384635,2,2
241,0.2410000000000002,ramp,24.1,1.143537283779363,0.0017914828669813865,1.009350544493174,0.009350544493174073,0.001665259551353708,0.12485196287475031,0.00014296422273063538,-0.12622331562767847,1,2
242,0.2420000000000002,ramp,24.2,1.1439545912345102,0.0004173074551472311,1.0093612026282892,0.009361202628289211,0.00039613523385100994,0.12524809810860132,0.00014373372284739414,-0.021172221296221167,2,2
243,0.2430000000000002,ramp,24.3,1.1457570893040179,0.0018024980695077186,1.0094242636191764,0.009424263619176365,0.0016765262094542625,0.1269246243180556,0.00014450072836576195,-0.1259718600534561,1,2
244,0.2440000000000002,ramp,24.4,1.1461803974771936,0.0004233081731757071,1.0094350058487156,0.009435005848715594,0.00040196930508592296,0.12732659362314153,0.000145271724089976,-0.02133886808978417,2,2
245,0.2450000000000002,ramp,24.5,1.147993880050031,0.0018134825728373105,1.0094979423950303,0.009497942395030323,0.0016877611246338088,0.12901435474777534,0.00014604022323612303,-0.12572144820350173,1,2
246,0.2460000000000002,ramp,24.6,1.1484232199734388,0.00042933992340787874,1.0095087684080328,0.00950876840803283,0.00040783503344084975,0.1294221897812162,0.00014681269998154646,-0.021504889967028987,2,2
247,0.2470000000000002,ramp,24.7,1.1502476565548434,0.0018244365814046315,1.0095715810301766,0.009571581030176635,0.0016989645072884997,0.13112115428850468,0.00014758267833475872,-0.12547207411613182,1,2
248,0.2480000000000002,ramp,24.8,1.150683059051373,0.00043540249652962437,1.0095824905159687,0.009582490515968711,0.0004137322089755116,0.13153488649748019,0.00014835662172665121,-0.02167028755411279,2,2
249,0.2490000000000002,ramp,24.9,1.1525184193498381,0.001835360298465094,1.0096451797313497,0.009645179731349707,0.0017101365666393668,0.13324502306411956,0.0001491280650739656,-0.12522373182572724,1,2
250,0.25000000000000017,ramp,25.0,1.1529599150343302,0.0004414956844920326,1.0096561723796162,0.009656172379616246,0.00041966062292356893,0.13366468368704312,0.0001499034609444995,-0.021835061568463647,2,2
251,0.25100000000000017,ramp,25.1,1.1548061689605473,0.0018462539262171784,1.0097187387027187,0.009718738702718666,0.0017212775107390901,0.1353859611977822,0.00015067635527620196,-0.1249764154780883,1,2
252,0.25200000000000017,ramp,25.2,1.1552537882409863,0.00044761928043901555,1.009729814203486,0.009729814203486065,0.00042562006768544685,0.13581158126546766,0.00015145318966000164,-0.021999212753568698,2,2
253,0.25300000000000017,ramp,25.3,1.1571109059067588,0.0018571176657724564,1.0097922581458523,0.009792258145852273,0.0017323875464771367,0.1375439688119448,0.00015222752116525706,-0.1247301192953197,1,2
254,0.25400000000000017,ramp,25.4,1.1575646789854566,0.0004537730786977612,1.0098034161895353,0.009803416189535286,0.0004316103368240872,0.1379755791487689,0.00015300578029505798,-0.02216274187367398,2,2
255,0.25500000000000017,ramp,25.5,1.1594326307025655,0.0018679517171089621,1.0098657382598377,0.00986573825983772,0.0017434668795860868,0.139719046028355,0.00015378153535768044,-0.12448483752287527,1,2
256,0.25600000000000017,ramp,25.6,1.1598925875773718,0.00045995687480626657,1.009876978537215,0.009876978537215031,0.00043763122505777825,0.14015667725341277,0.00015456120566012692,-0.022325649748488316,2,2
257,0.2570000000000002,ramp,25.7,1.1617713438564787,0.0018787562791069412,1.0099391792413,0.009939179241299945,0.0017545157146472506,0.14191119296806,0.00015533837085445975,-0.12424056445969064,1,2
258,0.2580000000000002,ramp,25.8,1.162237514321968,0.00046617046548935726,1.0099505014436072,0.009950501443607207,0.00044368252825423233,0.14235487549631423,0.0001561194389460227,-0.02248793723512492,2,2
259,0.2590000000000002,ramp,25.9,1.1641270458715984,0.001889531549630341,1.0100125812844403,0.01001258128444027,0.0017655342550978268,0.14412040975141205,0.000156898001032927,-0.1239972945325143,1,2
260,0.2600000000000002,ramp,26.0,1.164599459520251,0.00047241364865246993,1.0100239851033044,0.010023985103304378,0.0004497640434246408,0.1445701737948367,0.00015768045371592808,-0.022649605227829137,2,2
261,0.2610000000000002,ramp,26.1,1.166499737245673,0.001900277725422006,1.0100859445811243,0.010085944581124329,0.0017765227032350724,0.14634669649807178,0.00015846039963891316,-0.12375502218693363,1,2
262,0.2620000000000002,ramp,26.2,1.1669784234689868,0.00047868622331392885,1.0100974297086274,0.01009742970862737,0.0004558755687184749,0.14680257206679026,0.00015924422389766797,-0.022810654595453967,2,2
263,0.2630000000000002,ramp,26.3,1.1688894184710985,0.0019109950021116706,1.0101592693208719,0.010159269320871855,0.0017874812602234184,0.14859005332701367,0.00016002554077910482,-0.12351374188825223,1,2
264,0.2640000000000002,ramp,26.4,1.1693744064608627,0.0004849879897641518,1.0101708354495627,0.010170835449562654,0.00046201690341680175,0.14905207023043046,0.00016081072377617536,-0.022971086347350053,2,2
265,0.2650000000000002,ramp,26.5,1.1712960900351992,0.0019216835743365301,1.0102325556909542,0.01023255569095416,0.0017984101260991442,0.1508504803565296,0.00016159339891363048,-0.12327344823738592,1,2
266,0.2660000000000002,ramp,26.6,1.1717874087845783,0.0004913187493791327,1.0102442025138911,0.010244202513891132,0.00046818784792749884,0.15131866820445708,0.00016237992798617392,-0.02313090145163383,2,2
267,0.2670000000000002,ramp,26.7,1.1737197524201795,0.0019323436356011303,1.0103058038764194,0.01030580387641944,0.0018093094997770607,0.15312797770423414,0.00016316394884883855,-0.12303413582406961,1,2
268,0.2680000000000002,ramp,26.8,1.1742174307248678,0.000497678304688387,1.0103175310870967,0.010317531087096654,0.00047438820377789247,0.15360236590801205,0.00016395181150507222,-0.023290100910494563,2,2
269,0.2690000000000002,ramp,26.9,1.1761604061032362,0.0019429753783684056,1.010379014060124,0.010379014060124092,0.0018201795790566203,0.15542254548706866,0.00016473716573028922,-0.12279579931178536,1,2
270,0.2700000000000002,ramp,27.0,1.1766644725626245,0.0005040664593882749,1.0103908213525792,0.010390821352579183,0.000480617773610026,0.15590316326067868,0.0001655263496460375,-0.023448685778248882,2,2
271,0.2710000000000002,ramp,27.1,1.178618051556686,0.0019535789940614556,1.0104521864227791,0.01045218642277912,0.0018310205606266873,0.15773418382130538,0.0001663130250359354,-0.12255843343476837,1,2
272,0.2720000000000002,ramp,27.2,1.1791285345749491,0.0005104830182631748,1.0104640734915582,0.010464073491558201,0.00048687636117464474,0.15822106018248003,0.0001671035180512776,-0.023606657088530034,2,2
273,0.2730000000000002,ramp,27.3,1.1810926892480524,0.001964154673103291,1.010525321142979,0.010525321142978994,0.0018418326400714536,0.16006289282255148,0.00016789150256946958,-0.12232203303183747,1,2
274,0.2740000000000002,ramp,27.4,1.1816096170353299,0.0005169277872774103,1.010537287683181,0.010537287683181074,0.0004931637713257099,0.1605560565938772,0.00016868329268547553,-0.023764015951700367,2,2
275,0.2750000000000002,ramp,27.5,1.183584319640033,0.0019747026047032268,1.010598418397285,0.010598418397284926,0.0018526160118768683,0.16240867260575406,0.00016947257445388568,-0.12208659282635852,1,2
276,0.2760000000000002,ramp,27.6,1.1841077202135735,0.000523400573540389,1.0106104641045432,0.010610464104543249,0.0004994798100146168,0.16290815241576867,0.0001702656498294468,-0.023920763525772205,2,2
277,0.2770000000000002,ramp,27.7,1.1860929431907248,0.001985222977151313,1.0106714783602286,0.010671478360228637,0.0018633708694348174,0.16477152328520348,0.0001710562171251762,-0.12185210771649564,1,2
278,0.2780000000000002,ramp,27.8,1.1866228443759348,0.0005299011852100133,1.010683602930716,0.010683602930716019,0.0005058242842844577,0.16527734756948792,0.0001718505660739058,-0.024076900925555558,2,2
279,0.2790000000000002,ramp,27.9,1.188618560353694,0.0019957159777592715,1.0107445012043272,0.01074450120432724,0.0018740974050504159,0.16715144497453835,0.00017264240732622682,-0.12161857270885558,1,2
280,0.2800000000000002,ramp,28.0,1.189154989785291,0.0005364294315970408,1.010756704334847,0.0107567043348471,0.0005121970022638556,0.1676636419768022,0.00017343801831346158,-0.024232429333185222,2,2
281,0.2810000000000002,ramp,28.1,1.1911611715778991,0.0020061817926080305,1.0108174871001652,0.010817487100165168,0.0018847958099467714,0.16954843778674897,0.00017423112210085615,-0.12138598266125912,1,2
282,0.2820000000000002,ramp,28.2,1.1917041567009792,0.000542985123080042,1.010829768488063,0.01082976848806294,0.0005185977731623298,0.1700670355599113,0.00017502798374071423,-0.024387349917712166,2,2
283,0.2830000000000002,ramp,28.3,1.193720777307933,0.002016620606953845,1.0108904362164202,0.010890436216420163,0.0018954662742702074,0.1719625018341815,0.00017582233878801808,-0.12115433268363764,1,2
284,0.2840000000000002,ramp,28.4,1.1942703453791175,0.0005495680711844475,1.0109027955596337,0.010902795559633693,0.00052502640726436,0.17248752824144586,0.00017662043984056778,-0.024541663920087522,2,2
285,0.2850000000000002,ramp,28.5,1.1962973779840211,0.002027032604903667,1.0109633487198648,0.010963348719864818,0.0019061089870968276,0.1743936372285427,0.00017741603501615034,-0.12092361780683931,1,2
286,0.2860000000000002,ramp,28.6,1.1968535560725337,0.0005561780885126044,1.0109757857169839,0.010975785716983877,0.00053148271592307,0.17492511994446577,0.00017821536438460229,-0.024695372589534453,2,2
287,0.2870000000000002,ramp,28.7,1.1988909740421174,0.002037417969583677,1.0110362247754514,0.011036224775451409,0.001916724136437011,0.17684184408090278,0.00017901218869767257,-0.12069383314666586,1,2
288,0.2880000000000002,ramp,28.8,1.1994537890308115,0.0005628149886940381,1.01104873912564,0.011048739125639973,0.0005379665115559049,0.1773798105924587,0.00017981273542569414,-0.024848477138133207,2,2
289,0.2890000000000002,ramp,28.9,1.201501565913907,0.0020477768830955423,1.0111090645462826,0.011109064546282577,0.0019273119092416643,0.17930712250170036,0.00018061077802362688,-0.120464973853878,1,2
290,0.2900000000000002,ramp,29.0,1.202071044500439,0.0005694785865320018,1.0111216559493623,0.011121655949362319,0.0005444776076383363,0.1798516001093387,0.0001814125312927012,-0.02500097889366552,2,2
291,0.2910000000000002,ramp,29.1,1.2041291540269798,0.002058109526540841,1.0111818681937175,0.01118186819371747,0.0019378724914070975,0.1817894726007458,0.00018221178145845648,-0.1202370351337436,1,2
292,0.2920000000000002,ramp,29.2,1.2047053227247744,0.0005761686977945324,1.0111945363501258,0.011194536350125794,0.0005510158186986607,0.18234048841944445,0.00018301473058530136,-0.025152879095871692,2,2
293,0.2930000000000002,ramp,29.3,1.2067737388047808,0.0020684160800064078,1.011254635877345,0.011254635877345098,0.0019484060677808911,0.18428889448722532,0.00018381517773490954,-0.12001001222551665,1,2
294,0.2940000000000002,ramp,29.4,1.2073566239442481,0.0005828851394673595,1.0112673804881662,0.011267380488166223,0.0005575809603124794,0.1848464754475378,0.00018461931216897463,-0.02530417915488014,2,2
295,0.2950000000000002,ramp,29.5,1.2094353206668171,0.0020786967225689956,1.0113273677550283,0.011327367755028295,0.001958912822167205,0.186805388269705,0.00018542094584907733,-0.11978390040179049,1,2
296,0.2960000000000002,ramp,29.6,1.2100249483962238,0.0005896277294066277,1.0113401885220021,0.011340188522002137,0.000564172849097209,0.1873695611188022,0.0001862262551701023,-0.025454880309418625,2,2
297,0.2970000000000002,ramp,29.7,1.2121139000285956,0.0020889516323718826,1.0114000639829277,0.0114000639829277,0.001969392937331945,0.18933895405613416,0.00018702906505555154,-0.11955869503993757,1,2
298,0.2980000000000002,ramp,29.8,1.2127102963152516,0.0005963962866559758,1.0114129606085023,0.011412960608502276,0.0005707913027070234,0.18990974535884117,0.0001878355389711932,-0.025604983948952408,2,2
299,0.2990000000000002,ramp,29.9,1.2148094773017142,0.0020991809864625566,1.0114727247155815,0.011472724715581473,0.0019798465950085324,0.1918895919538497,0.00018863951486271856,-0.11933439145402416,1,2
300,0.3000000000000002,ramp,30.0,1.2154126679329706,0.0006031906312564672,1.0114856969028094,0.011485696902809428,0.0005774361398268255,0.19246702809367652,0.0001894471432062074,-0.025754491429641674,2,2
301,0.3010000000000002,ramp,30.1,1.2175220528939399,0.0021093849609692406,1.0115453501058511,0.011545350105851115,0.001990273975903287,0.1944573020695798,0.0001902522750281424,-0.11911098506595368,1,2
302,0.3020000000000002,ramp,30.2,1.2181320634783033,0.0006100105843633852,1.011558397558524,0.011558397558524058,0.0005841071801669355,0.19504140924974675,0.00019106104775602975,-0.02590340419644972,2,2
303,0.3030000000000002,ramp,30.3,1.2202516272092983,0.0021195637309949777,1.0116179403050198,0.011617940305019836,0.0020006752597000236,0.19704208450944677,0.0001918673255540839,-0.11888847129495417,1,2
304,0.3040000000000002,ramp,30.4,1.2208684831772914,0.0006168559679931018,1.0116310627275993,0.011631062727599284,0.0005908042444595445,0.1976328887539063,0.00019267723274402188,-0.026051723533557312,2,2
305,0.3050000000000002,ramp,30.5,1.2229982006480675,0.0021297174707761712,1.0116904954627832,0.011690495462783224,0.0020110506250655314,0.19964393937897185,0.00019348464668311014,-0.11866684571063989,1,2
306,0.3060000000000002,ramp,30.6,1.2236219272534212,0.0006237266053537027,1.0117036925604062,0.011703692560406154,0.000597527154450782,0.20024146653342262,0.0001942956785317045,-0.026199450902920765,2,2
307,0.3070000000000002,ramp,30.7,1.225761773606809,0.002139846353387709,1.0117630157272814,0.011763015727281445,0.0020214002496558667,0.20226286678307848,0.00019510421889383658,-0.11844610373184204,1,2
308,0.3080000000000002,ramp,30.8,1.2263923988686785,0.0006306252618695218,1.0117762875931262,0.011776287593126211,0.0006042778835226464,0.20286714466660113,0.00019591641107894185,-0.026347378346875446,1,2
309,0.3090000000000002,ramp,30.9,1.2285423448955113,0.0021499460268328274,1.0118355015496465,0.011835501549646521,0.002031719951519071,0.2048988646181202,0.00019672611534603262,-0.11822607531375645,1,2
310,0.3100000000000002,ramp,31.0,1.2291798954552333,0.0006375505597220332,1.011848847651495,0.011848847651495076,0.0006110563365591051,0.20550992095467932,0.00019753942593315872,-0.026494223162928085,1,2
311,0.3110000000000002,ramp,31.1,1.2313399164829124,0.002160021027679093,1.0119079527835242,0.01190795278352419,0.0020420142113889896,0.20755193516606832,0.00019835024032307337,-0.11800681629010358,1,2
312,0.3120000000000002,ramp,31.2,1.2319844171125351,0.0006445006296227351,1.011921372821149,0.011921372821148912,0.0006178601642909348,0.20816979533035926,0.00019916464818827117,-0.0266404653318003,1,2
313,0.3130000000000002,ramp,31.3,1.2341544887312095,0.0021700716186743296,1.011980369560184,0.01198036956018389,0.002052283200661049,0.21022207853102032,0.00019997656091352975,-0.11778841801328042,1,2
314,0.3140000000000002,ramp,31.4,1.2348059640403397,0.0006514753091302339,1.011993863239521,0.011993863239520897,0.0006246891919641325,0.21084676772298444,0.00020079205535527024,-0.026786117166101363,1,2
315,0.3150000000000002,ramp,31.5,1.2369860620164752,0.0021800979761354977,1.0120527520184588,0.01205275201845879,0.002062527092868665,0.2129092948158531,0.0002016050564867305,-0.1175708832668325,1,2
316,0.3160000000000002,ramp,31.6,1.2376445364454438,0.0006584744289686029,1.012066319047498,0.012066319047498109,0.0006315432460977894,0.2135408380619509,0.00020242162787324685,-0.02693118287081344,1,2
317,0.3170000000000002,ramp,31.7,1.2398346367156088,0.002190100270164974,1.0121251002978913,0.012125100297891267,0.002072746060758355,0.21561358412270926,0.00020323570801561607,-0.11735420940661928,1,2
318,0.3180000000000002,ramp,31.8,1.2405001345346771,0.0006654978190683281,1.0121387403858813,0.012138740385881253,0.0006384221542574978,0.21625200627696675,0.00020405334707096894,-0.027075664810830295,1,2
319,0.31900000000000023,ramp,31.9,1.2427002132035518,0.0022000786688747276,1.0121974145374146,0.01219741453741463,0.002082940276134528,0.2183349465531013,0.00020486849707961716,-0.11713839274019944,1,2
320,0.32000000000000023,ramp,32.0,1.2433727585134284,0.0006725453098765932,1.012211127394441,0.012211127394440968,0.0006453257450069566,0.21898027229810824,0.00020568719472486646,-0.027219564869636618,1,2
321,0.32100000000000023,ramp,32.1,1.2455827918525388,0.0022100333391104066,1.0122696948748326,0.012269694874832648,0.0020931099098398416,0.2210733822079481,0.00020650340561830384,-0.11692342927056495,1,2
322,0.32200000000000023,ramp,32.2,1.24626240858515,0.0006796167326110769,1.0122834802118539,0.012283480211853881,0.0006522538478880938,0.22172563605583617,0.0002073231529176863,-0.027362884722983094,1,2
323,0.32300000000000023,ramp,32.3,1.2484823730318655,0.002219964446715572,1.0123419414467567,0.01234194144675671,0.002103255131753451,0.2238288911875896,0.0002081404158433749,-0.11670931496212104,1,2
324,0.32400000000000023,ramp,32.4,1.2491690849512163,0.0006867119193507687,1.01235579897552,0.012355798975520083,0.0006592062934122259,0.22448809748100185,0.00020896120398141154,-0.027505625938542794,1,2
325,0.32500000000000023,ramp,32.5,1.2513989571076387,0.002229872156422452,1.0124141543885048,0.012414154388504794,0.0021133761107936973,0.22660147359179555,0.00020977951019988866,-0.1164960456287549,1,2
326,0.32600000000000023,ramp,32.6,1.25209278781082,0.0006938307031811863,1.0124280838215105,0.012428083821510505,0.0006661829130550666,0.22726765650485062,0.00021060133047003034,-0.027647790126119696,1,2
327,0.32700000000000023,ramp,32.7,1.2543325444429836,0.002239756632163692,1.012486333834121,0.01248633383412101,0.002123473014920051,0.22939112951977067,0.00021142067134648356,-0.11628361724364075,1,2
328,0.32800000000000024,ramp,32.8,1.255033517361014,0.0007009729180305069,1.0125003348846437,0.012500334884643749,0.0006731835392498997,0.23006431305902056,0.0002122435151446586,-0.027789378780607207,1,2
329,0.32900000000000024,ramp,32.9,1.2572831353978668,0.002249618036852752,1.0125584799163574,0.01255847991635739,0.0021335460111393026,0.23219785907015986,0.00021306388214383502,-0.11607202571344921,1,2
330,0.33000000000000024,ramp,33.0,1.2579912737966965,0.0007081383988296608,1.012572552298442,0.012572552298441897,0.0006802080053833398,0.2328780670755432,0.0002138877409643273,-0.027930393446321,1,2
331,0.33100000000000024,ramp,33.1,1.2602507303291755,0.002259456532478943,1.012630592766717,0.012630592766716964,0.0021435952655089936,0.2350216623410522,0.00021470912564714226,-0.11586126696994928,1,2
332,0.33200000000000024,ramp,33.2,1.2609660573106762,0.0007153269815007857,1.012644736195154,0.01264473619515405,0.0006872561457878364,0.23570891848684003,0.00021553399107967667,-0.028070835712949303,1,2
333,0.33300000000000024,ramp,33.3,1.2632353295907797,0.0022692722801034293,1.0127026725153931,0.012702672515393143,0.002153620943145665,0.2378625394299857,0.00021635638510067125,-0.11565133695776424,1,2
334,0.33400000000000024,ramp,33.4,1.2639578680936623,0.0007225385028826192,1.012716886705766,0.012716886705766095,0.0006943277957372231,0.23855686722572292,0.00021718224882814262,-0.02821070714539614,1,2
335,0.33500000000000024,ramp,33.5,1.266236933533577,0.0022790654399147403,1.012774719291392,0.012774719291392067,0.002163623208225612,0.24072049043394853,0.00021800564393342363,-0.11544223168912827,1,2
336,0.33600000000000024,ramp,33.6,1.2669667063342467,0.0007297728006696591,1.0127890039600365,0.01278900396003646,0.0007014227914445403,0.24142191322539305,0.0002188324977300076,-0.028350009225118836,1,2
337,0.33700000000000024,ramp,33.7,1.269255542505424,0.0022888361711772554,1.0128467332224402,0.012846733222440232,0.0021736022239909605,0.24359551544938401,0.00021965688575550094,-0.11523394718629484,1,2
338,0.33800000000000024,ramp,33.8,1.269992572219103,0.0007370297136790604,1.0128610880864999,0.012861088086499883,0.0007085409700541759,0.2443040564194382,0.0002204847214849659,-0.028488743624884558,1,2
339,0.33900000000000025,ramp,33.9,1.272291156851376,0.0022985846322729486,1.012918714435106,0.012918714435105949,0.0021835581527549493,0.24648761457219315,0.00022131009435482748,-0.11502647951799937,1,2
340,0.34000000000000025,ramp,34.0,1.2730354659328726,0.0007443090814966968,1.0129331392124787,0.01293313921247874,0.0007156821696389158,0.24720329674183206,0.0002221389039690153,-0.028626911857781035,1,2
341,0.34100000000000025,ramp,34.1,1.2753437769135045,0.002308310980631889,1.0129906630547472,0.012990663054747165,0.0021934911559061817,0.24939678789773823,0.00022296525369414953,-0.11481982472570737,1,2
342,0.34200000000000025,ramp,34.2,1.2760953876582046,0.000751610744700093,1.0130051574641121,0.013005157464112127,0.0007228462291935863,0.25011963412693183,0.0002237950292315354,-0.028764515506506754,1,2
343,0.34300000000000025,ramp,34.3,1.2784134030310292,0.002318015372824611,1.0130625792055454,0.013062579205545433,0.002203401393913553,0.2523230355208454,0.00022462234790822947,-0.11461397891105807,1,2
344,0.34400000000000025,ramp,34.4,1.2791723375758872,0.000758934544857981,1.0130771429663807,0.01307714296638074,0.0007300329886318132,0.25305306850947723,0.00022545308149254042,-0.028901556226167784,1,2
345,0.34500000000000025,ramp,34.5,1.2815000355404544,0.0023276979645672213,1.0131344630105479,0.013134463010547881,0.002213289026332077,0.2552663575358093,0.00022628136130110413,-0.11440893823514439,1,2
346,0.34600000000000025,ramp,34.6,1.2822663158647432,0.0007662803242887151,1.0131490958431155,0.013149095843115521,0.0007372422887790027,0.2560035998245883,0.00022711304514000963,-0.02903803550971236,1,2
347,0.34700000000000025,ramp,34.7,1.284603674775441,0.002337358910697862,1.0132063145916304,0.013206314591630353,0.002223154211805895,0.2582267540363942,0.00022794227834349687,-0.114204698891967,1,2
348,0.34800000000000025,ramp,34.8,1.28537732270182,0.0007736479263789064,1.0132210162169997,0.01322101621699967,0.0007444739713699408,0.2589712280077642,0.00022877490472732092,-0.02917395500896564,1,2
349,0.34900000000000025,ramp,34.9,1.2877243210669391,0.0023469983651192017,1.0132781340696047,0.013278134069604652,0.002232997108073966,0.26120422511583813,0.00022960508367027006,-0.11400125704523564,1,2
350,0.35000000000000026,ramp,35.0,1.2885053582623236,0.0007810371953844708,1.0132929042096066,0.013292904209606604,0.0007517278790437067,0.26195595299488184,0.00023043864497074434,-0.02930931634076406,1,2
351,0.35100000000000026,ramp,35.1,1.2908619747431422,0.0023566164808186407,1.0133499215641273,0.013349921564127287,0.002242817871974113,0.26419877086685595,0.00023126976207795064,-0.11379860884452776,1,2
352,0.35200000000000026,ramp,35.2,1.2916504227196361,0.0007884479764939112,1.0133647599414102,0.013364759941410176,0.0007590038553378095,0.2649577747221938,0.00023210425074698108,-0.029444121156101642,1,2
353,0.35300000000000026,ramp,35.3,1.2940166361297223,0.0023662134100861376,1.0134216771937876,0.013421677193787618,0.002252616659448041,0.2672103913816418,0.00023293629852230423,-0.11359675063809647,1,2
354,0.35400000000000026,ramp,35.4,1.2948125162453779,0.0007958801156555673,1.0134365835318258,0.013436583531825752,0.000766301744684323,0.26797669312632616,0.00023377170709079016,-0.029578370971244224,1,2
355,0.35500000000000026,ramp,35.5,1.2971883055495872,0.0023757893042093414,1.0134934010761176,0.013493401076117628,0.0022623936255471606,0.2702390867518733,0.00023460467811597588,-0.11339567866218078,1,2
356,0.35600000000000026,ramp,35.6,1.2979916390094737,0.0008033334598864794,1.013508375099168,0.013508375099168024,0.0007736213924051245,0.2710127081442784,0.00023544099919262597,-0.029712067481354913,1,2
357,0.35700000000000026,ramp,35.7,1.3003769833231213,0.002385344313647675,1.013565093327553,0.013565093327553068,0.0022721489244347335,0.27328485706871314,0.00023627488612614747,-0.11319538921294135,1,2
358,0.35800000000000026,ramp,35.8,1.3011877911801277,0.0008108078570063793,1.0135801347606872,0.013580134760687201,0.0007809626447060997,0.27406581971341926,0.0002371121123963383,-0.029845212300279592,1,2
359,0.35900000000000026,ramp,35.9,1.30358266976811,0.002394878587982374,1.0136367540635662,0.013636754063566237,0.0022818827093942025,0.2763477024228135,0.00023794690797227313,-0.11299587858817169,1,2
360,0.36000000000000026,ramp,36.0,1.3044009729238253,0.0008183031557151832,1.0136518626326307,0.01365186263263074,0.0007883253486752933,0.27713602777148877,0.0002387850321969135,-0.029977807039889927,1,2
361,0.36100000000000027,ramp,36.1,1.3068053651998124,0.0024043922759870995,1.0137083833985283,0.013708383398528312,0.0022915951328277982,0.27942762290431655,0.00023962072922383741,-0.11279714315930124,1,2
362,0.36200000000000027,ramp,36.2,1.30763118440548,0.0008258192056675995,1.0137235588302216,0.013723558830221583,0.0007957093522766688,0.28022333225659324,0.0002404597442382571,-0.030109853390930683,1,2
363,0.36300000000000027,ramp,36.3,1.3100450699310506,0.002413885525570647,1.0137799814458197,0.013779981445819711,0.002301286346266778,0.28252461860286,0.00024129633559814536,-0.11259917930386917,1,2
364,0.36400000000000027,ramp,36.4,1.3108784257883337,0.0008333558572830579,1.013795223467648,0.013795223467647943,0.000803114504345206,0.2833277331072052,0.0002421362343110215,-0.030241352937851983,1,2
365,0.36500000000000027,ramp,36.5,1.313301784272092,0.0024233584837582978,1.0138515483178607,0.013851548317860729,0.0023109565003743096,0.28563868960757954,0.00024297371295819734,-0.11240198338398821,1,2
366,0.36600000000000027,ramp,36.6,1.3141426972340517,0.0008409129619597611,1.0138668566581337,0.013866856658133697,0.0008105406545819721,0.2864492302621615,0.00024381448835047447,-0.030372307377788992,1,2
367,0.36700000000000027,ramp,36.7,1.3165755085308484,0.002432811296796622,1.0139230841260505,0.013923084126050478,0.0023206057449484878,0.28876983600711,0.0002446528473105286,-0.11220555184813423,1,2
368,0.36800000000000027,ramp,36.8,1.317423998902687,0.0008484903718386505,1.0139384585138984,0.01393845851389841,0.0008179876535516317,0.2895878236606616,0.0002454944924343874,-0.0305027182870188,1,2
369,0.36900000000000027,ramp,36.9,1.3198662430127919,0.002442244110104852,1.0139945889808628,0.01399458898086281,0.0023302342289280476,0.29191805788958963,0.0002463337248031761,-0.11200988117680442,1,2
370,0.3700000000000003,ramp,37.0,1.3207223309528588,0.0008560879400669741,1.01401002914621,0.014010029146209968,0.0008254553526767553,0.2927435132422664,0.00024717623278098475,-0.030632587390218766,1,2
371,0.3710000000000003,ramp,37.1,1.3231739880210371,0.0024516570681782923,1.014066062991743,0.014066062991743067,0.0023398421003974217,0.29508335534266383,0.00024801633172361406,-0.11181496778087065,1,2
372,0.3720000000000003,ramp,37.2,1.324037693541562,0.0008637055205249489,1.0140815686654052,0.01408156866540522,0.000832943604231568,0.2959162989468954,0.0002488596957469146,-0.030761916293380823,1,2
373,0.3730000000000003,ramp,37.3,1.3264987438563058,0.0024610503147437512,1.0141375062672842,0.014137506267284161,0.0023494295065895404,0.298265728453485,0.0002497006544967409,-0.11162080815421085,1,2
374,0.3740000000000003,ramp,37.4,1.3273700868243252,0.000871342968019384,1.0141530771808278,0.014153077180827811,0.0008404522613425281,0.29910618071482753,0.000250544867825285,-0.03089070667685592,1,2
375,0.3750000000000003,ramp,37.5,1.3298405108170748,0.0024704239927495486,1.0142089189150958,0.014208918915095792,0.002358996593891222,0.30146517730871875,0.0002513866796829431,-0.11142739885832645,1,2
376,0.3760000000000003,ramp,37.6,1.3307195109552388,0.0008790001381639989,1.0142245548009365,0.01422455480093654,0.000847981177977163,0.30231315848669593,0.0002522317356436958,-0.031018960186835916,1,2
377,0.3770000000000003,ramp,37.7,1.3331992891994924,0.0024797782442536054,1.0142803010419013,0.014280301041901255,0.002368543507848669,0.3046817019945446,0.00025307439397613193,-0.11123473640493658,1,2
378,0.3780000000000003,ramp,37.8,1.3340859660869298,0.0008866768874373765,1.0142960016332634,0.014296001633263389,0.0008555302089447681,0.30553723220348933,0.00025392028596232417,-0.031146678492608357,1,2
379,0.3790000000000003,ramp,37.9,1.336575079297429,0.002489113210499161,1.0143516527534908,0.014351652753490818,0.002378070393169511,0.30791530259665884,0.00025476378420187046,-0.1110428173296497,1,2
380,0.3800000000000003,ramp,38.0,1.3374694523705921,0.0008943730731632016,1.0143674177844602,0.014367417784460157,0.0008630992098915811,0.3087784018065504,0.00025561050567206127,-0.03127386327162048,1,2
381,0.3810000000000003,ramp,38.1,1.3399678814025502,0.0024984290319580715,1.0144229741547768,0.01442297415477678,0.002387577393728037,0.31116597920027844,0.0002564548373155092,-0.11085163823003472,1,2
382,0.3820000000000003,ramp,38.2,1.3408699699560211,0.0009020885534709588,1.0144388033602325,0.01443880336023251,0.0008706880372932301,0.3120366672375717,0.00025730238179265375,-0.03140051617772871,1,2
383,0.3830000000000003,ramp,38.3,1.3433776958043273,0.0025077258483061637,1.0144942653498317,0.01449426534983167,0.002397064652570827,0.3144337318901425,0.00025814754040033735,-0.11066119573533653,1,2
384,0.3840000000000003,ramp,38.4,1.344287518991659,0.000909823187331682,1.0145101584654792,0.014510158465479206,0.000878296548453617,0.3153120284385961,0.0002589959014709034,-0.031526638878064964,1,2
385,0.3850000000000003,ramp,38.5,1.3468045227900478,0.002517003798388817,1.0145655264417959,0.014565526441795873,0.002406532311919412,0.3177185607505155,0.0002598418806658301,-0.11047148646940513,1,2
386,0.3860000000000003,ramp,38.6,1.3477220996245385,0.0009175768344906743,1.014581483204186,0.014581483204185952,0.0008859246015001251,0.31860448535201563,0.0002606910519788821,-0.03165223299054923,1,2
387,0.3870000000000003,ramp,38.7,1.3502483626447799,0.0025262630202413927,1.0146367575329909,0.014636757532990874,0.0024159805131748805,0.3210204658651905,0.0002615378454458459,-0.11028250706651221,1,2
388,0.3880000000000003,ramp,38.8,1.3511737120004446,0.0009253493556646841,1.0146527776795193,0.014652777679519335,0.0008935720553763756,0.3219140379205669,0.0002623878207121959,-0.03177730028830852,1,2
389,0.3890000000000003,ramp,38.9,1.353709215651557,0.0025355036511125473,1.0147079587249073,0.014707958724907266,0.002425409396924354,0.32433944731749126,0.00026323542219691513,-0.11009425418819331,1,2
390,0.3900000000000003,ramp,39.0,1.3546423562637466,0.0009331406121895203,1.0147240419937573,0.01472404199375732,0.0009012387698427361,0.325240686087334,0.0002640861951882558,-0.031901842346784205,1,2
391,0.3910000000000003,ramp,39.1,1.3571870820912029,0.00254472582745624,1.014779130118188,0.0147791301181881,0.0024348191029404317,0.3276755051902744,0.00026493459849655097,-0.10990672451580835,1,2
392,0.3920000000000003,ramp,39.2,1.358128032557591,0.0009409504663882018,1.0147952762483905,0.014795276248390499,0.0009089246054679391,0.3285844297957423,0.0002657861630446157,-0.03202586092026268,1,2
393,0.3930000000000003,ramp,39.3,1.360681962242585,0.0025539296849939053,1.0148502718126504,0.014850271812650417,0.002444209770190718,0.33102863956593304,0.00026663536204156175,-0.10971991480318707,1,2
394,0.3940000000000003,ramp,39.4,1.3616307410238426,0.0009487787812576531,1.0148664805440846,0.01486648054408457,0.0009166294236277304,0.3319452689895608,0.00026748771203730836,-0.03214935762992273,1,2
395,0.3950000000000003,ramp,39.5,1.3641938563823977,0.0025631153585550237,1.0149213839072964,0.01492138390729636,0.0024535815368381645,0.33439885052639895,0.0002683377006464305,-0.10953382171685926,1,2
396,0.3960000000000003,ramp,39.6,1.3651504818030658,0.0009566254206681002,1.0149376549806424,0.014937654980642368,0.0009243530864982898,0.33532320361289725,0.00026919083003921086,-0.03227233416981039,1,2
397,0.3970000000000003,ramp,39.7,1.3677227647853707,0.002572282982304941,1.0149924665003562,0.014992466500356239,0.002462934540248424,0.3377861381531457,0.0002700416022417002,-0.10934844205651682,1,2
398,0.3980000000000003,ramp,39.8,1.3686872550346088,0.0009644902492380591,1.015008799657147,0.015008799657147076,0.0009320954570531574,0.3387182336101988,0.0002708955050384871,-0.032394792184901704,1,2
399,0.3990000000000003,ramp,39.9,1.371268687724212,0.0025814326896032025,1.0150635196892415,0.015063519689241467,0.0024722689169910704,0.3411905025271899,0.0002717470548723918,-0.10916377261213205,1,2
400,0.4000000000000003,ramp,40.0,1.3722410608566515,0.0009723731324395857,1.015079914671831,0.015079914671831007,0.0009398563990602291,0.34213035892625016,0.00027260172513699307,-0.0325167333793566,1,2
401,0.4010000000000003,ramp,40.1,1.3748316254696027,0.0025905646129511517,1.0151345435705923,0.015134543570592296,0.002481584802845237,0.34461194372909537,0.000273454046696474,-0.10897981010591458,1,2
402,0.4020000000000003,ramp,40.2,1.375811899406098,0.0009802739364952462,1.0151510001221835,0.015151000122183511,0.0009476357770752572,0.3455595795061706,0.0002743094785487314,-0.032638159419989016,1,2
403,0.4030000000000003,ramp,40.3,1.378411578290296,0.0025996788841979868,1.0152055382402925,0.015205538240292471,0.0024908823328029005,0.34805046183897353,0.0002751625659833051,-0.10879655139508625,1,2
404,0.4040000000000003,ramp,40.4,1.379399770818756,0.0009881925284600523,1.0152220561049055,0.015222056104905457,0.0009554334564414955,0.34900589529541504,0.0002760187535983953,-0.03275907201855685,1,2
405,0.4050000000000003,ramp,40.5,1.382008546453132,0.002608775634376004,1.0152765037934643,0.015276503793464347,0.002500161641074737,0.3515060569364898,0.0002768726011121664,-0.10861399330126678,1,2
406,0.4060000000000003,ramp,40.6,1.3830046752291978,0.0009961287760658077,1.0152930827159288,0.015293082715928774,0.0009632493032784955,0.3524693062397683,0.0002777295387198235,-0.03287947278731221,1,2
407,0.4070000000000003,ramp,40.7,1.3856225302229541,0.00261785499375633,1.0153474403244493,0.015347440324449346,0.0025094228610937856,0.3549787291008621,0.00027858414057078707,-0.10843213266254446,1,2
408,0.4080000000000003,ramp,40.8,1.3866266127708915,0.0010040825479373794,1.0153640800504777,0.015364080050477735,0.0009710831844855333,0.3559498122853476,0.00027944182245458036,-0.03299936345184612,1,2
409,0.4090000000000003,ramp,40.9,1.3892535298627475,0.002626917091856029,1.0154183479268943,0.015418347926894338,0.0025186661255175553,0.35846847841086515,0.0002802971729538913,-0.10825096633847392,1,2
410,0.4100000000000003,ramp,41.0,1.390265583576118,0.001012053713370431,1.0154350482029846,0.01543504820298458,0.0009789349677348789,0.35944741337860003,0.00028115559345051654,-0.033118745635552164,1,2
411,0.4110000000000003,ramp,41.1,1.392901545633616,0.0026359620574980536,1.015489226693672,0.01548922669367192,0.002527891566233139,0.36197530494483315,0.0002820116869617996,-0.10807049126491464,1,2
412,0.4120000000000003,ramp,41.2,1.3939215877761426,0.0010200421425266004,1.015505987267197,0.015505987267196986,0.0009868045214659505,0.3629621094662991,0.00028287084046037155,-0.03323762106064994,1,2
413,0.4130000000000003,ramp,41.3,1.396566577794787,0.0026449900186444886,1.015560076716974,0.015560076716973903,0.0025370993143620174,0.3654992087806611,0.00028372767139901755,-0.10789070428247112,1,2
414,0.4140000000000003,ramp,41.4,1.3975946255010652,0.001028047706278068,1.015576897336096,0.015576897336095907,0.0009946917148844498,0.3664939004955456,0.00028458755234038967,-0.033355991393618126,1,2
415,0.4150000000000003,ramp,41.5,1.4002486266036858,0.0026540011026205956,1.015630898088246,0.015630898088246026,0.0025462895002639906,0.36904018999580956,0.00028544511517287406,-0.10771160235660505,1,2
416,0.4160000000000003,ramp,41.6,1.4012846968799328,0.0010360702762470808,1.01564777850199,0.01564777850198995,0.0010025964179545812,0.37004278641376415,0.00028630571804895546,-0.03347385829249958,1,2
417,0.4170000000000003,ramp,41.7,1.4039476928438086,0.0026629959638757583,1.0157016916483843,0.01570169164838431,0.0025554612300461733,0.37259824764381033,0.0002871638437336503,-0.10753473382958505,2,2
418,0.4180000000000003,ramp,41.8,1.4049918051356332,0.0010441122918245505,1.015718631853773,0.01571863185377298,0.0010105205737129203,0.37360876821752326,0.00028802503945151125,-0.03359171811163019,1,2
419,0.4190000000000003,ramp,41.9,1.4076637767213747,0.002671971585741506,1.0157724569925177,0.015772456992517725,0.00256461457669292,0.3761733827942162,0.00028888393601861405,-0.10735700904858586,2,2
420,0.4200000000000003,ramp,42.0,1.4087159474883546,0.001052170766979943,1.015789456580915,0.015789456580914907,0.0010184620078640418,0.37719184480208023,0.0002897458625248304,-0.03370875911590113,1,2
421,0.4210000000000003,ramp,42.1,1.4113968781287731,0.002680930640418522,1.0158431940212695,0.015843194021269547,0.0025737507391583913,0.3797655955412386,0.00029060548878327025,-0.10717990126013054,2,2
422,0.4220000000000003,ramp,42.2,1.41245712397026,0.0010602458414867844,1.0158602527244212,0.015860252724421153,0.0010264205792572662,0.3807920161204959,0.0002914681313707972,-0.03382526222951818,1,2
423,0.4230000000000003,ramp,42.3,1.4151469972592137,0.002689873288953759,1.0159139027933486,0.01591390279334859,0.002582869843032018,0.3833748859635279,0.00029232847628252976,-0.10700344592174098,2,2
424,0.4240000000000003,ramp,42.4,1.416215334672631,0.0010683374134172752,1.0159310203562348,0.015931020356234837,0.0010343961595778875,0.3844092821231058,0.00029319182629582613,-0.03394125383938767,1,2
425,0.4250000000000003,ramp,42.5,1.4189141343381109,0.002698799665479923,1.0159845833846624,0.015984583384662354,0.002591972014499268,0.3870012541376051,0.0002940528822622384,-0.10682765098065511,2,2
426,0.4260000000000003,ramp,42.6,1.4199905797027632,0.0010764453646523453,1.0160017595565394,0.016001759556539374,0.001042388622108368,0.3880436427597135,0.00029491693278149527,-0.03405674254397723,1,2
427,0.4270000000000003,ramp,42.7,1.4226982895997196,0.002707709896956345,1.0160552358760153,0.016055235876015317,0.0026010573793263637,0.39064470013903985,0.00029577869330297467,-0.10665251762998146,2,2
428,0.4280000000000003,ramp,42.8,1.4237828591736563,0.0010845695739367667,1.0160724704083774,0.01607247040837745,0.0010503978410571016,0.39169509798009694,0.000296643438127157,-0.0341717328796651,1,2
429,0.4290000000000003,ramp,42.9,1.426499463281286,0.0027166041076296388,1.0161258603499588,0.016125860349958776,0.002610126062653765,0.3943052240427507,0.0002975058972135135,-0.10647804497587385,2,2
430,0.4300000000000003,ramp,43.0,1.4275921732007137,0.0010927099194277812,1.0161431529958913,0.016143152995891308,0.0010584236914341631,0.39536364773418486,0.00029837133051771776,-0.03428622799361803,1,2
431,0.4310000000000003,ramp,43.1,1.430317655620777,0.0027254824200633188,1.016196456889717,0.016196456889717048,0.0026191781889313174,0.3979828259231162,0.0002992344824689708,-0.10630423113200133,2,2
432,0.43200000000000033,ramp,43.2,1.4314185219001327,0.0011008662793556834,1.0162138074035274,0.016213807403527403,0.0010664660490075292,0.3990492919721237,0.00030010059865969867,-0.03440023034815415,1,2
433,0.43300000000000033,ramp,43.3,1.4341528668559287,0.002734344955795942,1.0162670255785788,0.016267025578578842,0.0026282138819040614,0.4016775058540277,0.0003009644379659023,-0.10613107389188066,2,2
434,0.43400000000000033,ramp,43.4,1.4352619053884355,0.0011090385325067675,1.016284433715717,0.016284433715717084,0.0010745247902870657,0.4027520306443148,0.00030183123160976594,-0.03451374221970183,1,2
435,0.43500000000000033,ramp,43.5,1.4380050972237584,0.0027431918353229,1.016337566499771,0.016337566499770917,0.0026372332646039534,0.4053892639089188,0.0003026957528986602,-0.10595857071894667,2,2
436,0.43600000000000033,ramp,43.6,1.4391223237818571,0.0011172265580987606,1.0163550320166461,0.01635503201664612,0.0010825997925120773,0.40647186370143085,0.00030356321868315635,-0.034626765586683296,1,2
437,0.43700000000000033,ramp,43.7,1.4418743469603137,0.002752023178456575,1.0164080797361468,0.016408079736146775,0.0026462364593500412,0.4091181001607809,0.00030442841669006237,-0.10578671910653394,2,2
438,0.43800000000000033,ramp,43.8,1.4429997771963488,0.0011254302360350632,1.0164256023901412,0.016425602390141236,0.0010906909336461047,0.410208791094427,0.00030529654940009485,-0.03473930238895848,1,2
439,0.43900000000000033,ramp,43.9,1.4457606163004506,0.002760839104101853,1.0164785653702462,0.016478565370246168,0.0026552235877481934,0.41286401468217515,0.00030616241894924835,-0.10561551635365979,2,2
440,0.44000000000000034,ramp,44.0,1.4468942657472543,0.0011336494468037195,1.01649614491968,0.0164961449196801,0.0010987980923709256,0.41396281277454605,0.00030703121345211724,-0.0348513544327939,1,2
441,0.44100000000000034,ramp,44.1,1.4496639054777434,0.0027696397304890485,1.0165490234841439,0.016549023484143888,0.0026641947706956474,0.4166270075452417,0.00030789774944444006,-0.10544495979340111,2,2
442,0.44200000000000034,ramp,44.2,1.4508057895494029,0.0011418840716594936,1.0165666596881981,0.01656665968819815,0.001106921148079668,0.4177339286933213,0.000308767200679724,-0.03496292357982561,1,2
443,0.44300000000000034,ramp,44.3,1.4535842147244589,0.0027784251750559985,1.0166194541594529,0.016619454159452873,0.0026731501283824106,0.42040707882170375,0.00030963439808435995,-0.10527504667358789,2,2
444,0.44400000000000034,ramp,44.4,1.4547343487169007,0.001150133992441793,1.0166371467782,0.01663714677820005,0.0011150599808754295,0.42152213880257916,0.00031050450105678734,-0.03507401156636349,1,2
445,0.44500000000000034,ramp,44.5,1.4575215442714906,0.0027871955545899496,1.0166898574772798,0.0166898574772798,0.002682089780295854,0.424204228582875,0.000311372354905001,-0.10510577429409572,2,2
446,0.44600000000000034,ramp,44.6,1.4586799433631876,0.0011583990916970155,1.0167076062716756,0.016707606271675557,0.0011232144715657738,0.42532744305444076,0.0003122431046792218,-0.03518462013124166,1,2
447,0.44700000000000034,ramp,44.7,1.4614758943483066,0.002795950985118978,1.0167602335182613,0.01676023351826128,0.002691013845220448,0.4280184568996612,0.0003131116100598778,-0.10493713989853008,2,2
448,0.44800000000000034,ramp,44.8,1.4626425736009758,0.0011666792526692227,1.0167780382500904,0.016778038250090388,0.001131384501658072,0.4291498414013193,0.0003139830017564977,-0.03529475101115057,1,2
449,0.44900000000000034,ramp,44.9,1.4654472651830388,0.002804691582062979,1.0168305823624828,0.016830582362482804,0.0026999224412469934,0.4318497638425663,0.00031485215381257093,-0.10476914081598582,2,2
450,0.45000000000000034,ramp,45.0,1.4666222395422812,0.001174974359242409,1.0168484427944053,0.01684844279440534,0.0011395699533570294,0.4329893337959233,0.0003157241826050565,-0.035404405885379506,1,2
451,0.45100000000000035,ramp,45.1,1.469435657002294,0.002813417460012735,1.0169009040895638,0.016900904089563795,0.002708815685770721,0.435698149481694,0.0003165939765308723,-0.10460177424201399,2,2
452,0.45200000000000035,ramp,45.2,1.4706189412983717,0.0011832842960777246,1.0169188199850487,0.01691881998504874,0.001147770709559225,0.43684592019125323,0.00031746663764304457,-0.035513586518499604,1,2
453,0.45300000000000035,ramp,45.3,1.4734410700313716,0.002822128732999918,1.0169711987785233,0.016971198778523267,0.002717693695498753,0.43956361388675197,0.0003183370686820326,-0.10443503750116488,2,2
454,0.45400000000000035,ramp,45.4,1.4746326789796975,0.0011916089483259285,1.0169891699019116,0.01698916990191157,0.0011559866538516286,0.4407196005406036,0.000319210357386095,-0.03562229447429989,1,2
455,0.45500000000000035,ramp,45.5,1.4774635044940623,0.0028308255143647543,1.0170414665079335,0.017041466507933478,0.00272655658645025,0.4434461571270539,0.0003200814208289184,-0.10426892791450415,2,2
456,0.45600000000000035,ramp,45.6,1.4786634526961013,0.0011999482020390584,1.0170594926243808,0.01705949262438078,0.0011642176705057958,0.44461037479755966,0.00032095533244368493,-0.03573053153326259,1,2
457,0.45700000000000035,ramp,45.7,1.4815029606127956,0.002839507916694295,1.017111707355811,0.017111707355810912,0.0027354044739627144,0.44734577927152236,0.00032182702362669403,-0.10410344273158048,2,2
458,0.45800000000000035,ramp,45.8,1.4827112625566097,0.0012083019438140497,1.0171297882313057,0.01712978823130573,0.0011724636444742234,0.44851824291599657,0.00032270155351615533,-0.035838299339826206,1,2
459,0.45900000000000035,ramp,45.9,1.4855594386086117,0.0028481760520020494,1.0171819213996431,0.01718192139964314,0.002744237472695998,0.45126248038869254,0.00032357386782002386,-0.1039385793060515,2,2
460,0.46000000000000035,ramp,46.0,1.4867761086695253,0.0012166700609135273,1.0172000568010073,0.017200056801007335,0.0011807244613884099,0.45244320485008094,0.0003244490113920876,-0.03594559952511738,1,2
461,0.46100000000000035,ramp,46.1,1.4896329387010243,0.002856830031499058,1.017252108716437,0.01725210871643701,0.0027530556966314317,0.45519626054671236,0.0003253219442406216,-0.1037743348676263,2,2
462,0.46200000000000035,ramp,46.2,1.4908579911423843,0.0012250524413599528,1.0172702984113078,0.017270298411307783,0.0011890000075547795,0.45638526055426715,0.0003261976969459643,-0.03605243380517338,1,2
463,0.46300000000000036,ramp,46.3,1.4937234611083468,0.002865469965962486,1.0173222693826465,0.01732226938264647,0.002761859259079873,0.459147119813347,0.00032707124380506344,-0.10361070688261284,2,2
464,0.46400000000000036,ramp,46.4,1.494956910082019,0.0012334489736722798,1.0173405131394817,0.017340513139481706,0.0011972901699497734,0.4603444099832968,0.0003279476011361699,-0.03615880372250641,1,2
465,0.46500000000000036,ramp,46.5,1.497831006047322,0.0028740959653028586,1.0173924034742163,0.017392403474216334,0.0027706482726838526,0.46311505825598065,0.0003288217575128527,-0.10344769261900598,2,2
466,0.46600000000000036,ramp,46.6,1.499072865594599,0.0012418595472771798,1.0174107010623141,0.017410701062314127,0.001205594836216677,0.46432065309219733,0.00032969871500309895,-0.03626471106050284,1,2
467,0.46700000000000036,ramp,46.7,1.5019555737334127,0.002882708138813639,1.0174625110666267,0.017462511066626663,0.0027794228494211985,0.4671000759416185,0.00033057347644467714,-0.1032852893924404,2,2
468,0.46800000000000036,ramp,46.8,1.503205857785455,0.0012502840520423053,1.0174808622560587,0.017480862256058716,0.00121391389466283,0.46831398983628136,0.00033145102966748935,-0.03637015737947531,1,2
469,0.46900000000000036,ramp,46.9,1.5060971643807295,0.0028913065952744788,1.0175325922347978,0.01753259223479775,0.002788183100607115,0.4711021729368885,0.00033232639176076654,-0.10312349466736359,2,2
470,0.47000000000000036,ramp,47.0,1.5073558867593229,0.0012587223785933688,1.0175509967964962,0.017550996796496188,0.0012222472342572923,0.4723244201711458,0.00033320453632888254,-0.036475144336076515,1,2
471,0.47100000000000036,ramp,47.1,1.5102557782019521,0.0028998914426292544,1.0176026470531787,0.01760264705317871,0.0027969291368994354,0.4751213493080452,0.0003340804946994146,-0.1029623057298189,2,2
472,0.47200000000000036,ramp,47.2,1.5115229526201552,0.0012671744182031208,1.0176211047588668,0.0176211047588668,0.0012305947446239031,0.4763519440526691,0.000334959226264158,-0.0365796735792177,1,2
473,0.47300000000000036,ramp,47.3,1.5144314154085043,0.0029084627883491088,1.0176726755957433,0.01767267559574326,0.0028056610683008572,0.47915760512097,0.00033583577657557765,-0.10280172004825151,2,2
474,0.47400000000000037,ramp,47.4,1.515707055471239,0.0012756400627347286,1.017691186217941,0.01769118621794097,0.0012389563160415324,0.48039656143701154,0.0003367150908262155,-0.03668374669319623,1,2
475,0.47500000000000037,ramp,47.5,1.5186240762103884,0.0029170207391493452,1.0177426779359224,0.017742677935922435,0.0028143790041639015,0.48321094044117546,0.00033759222877959927,-0.1026417349854437,2,2
476,0.47600000000000037,ramp,47.6,1.5199081954151796,0.001284119204791212,1.0177612412479775,0.01776124124797751,0.001247331839436658,0.4844582722806121,0.0003384721214426912,-0.03678736535455405,1,2
477,0.47700000000000037,ramp,47.7,1.5228337608163547,0.0029255654011750565,1.0178126541466999,0.017812654146699858,0.0028230830531935673,0.4872813553338057,0.0003393498427759673,-0.1024823479814892,2,2
478,0.47800000000000037,ramp,47.8,1.524126372553881,0.0012926117375262614,1.0178312699227663,0.01783126992276629,0.0012557212063835864,0.48853707654018924,0.0003402303096148086,-0.036890531142674904,1,2
479,0.47900000000000037,ramp,47.9,1.5270604694338081,0.002934096879927184,1.017882604300574,0.01788260430057398,0.002831773323448654,0.4913688498636379,0.00034110861010214585,-0.10232355647853,2,2
480,0.48000000000000037,ramp,48.0,1.5283615869886007,0.0013011175547925635,1.0179012723155885,0.017901272315588468,0.0012641243091003668,0.49263297417273827,0.00034198964691617455,-0.03699324569219676,1,2
481,0.48100000000000037,ramp,48.1,1.5313042022688526,0.002942615280251859,1.0179525284695408,0.017952528469540763,0.0028404499223491156,0.4954734240950874,0.00034286852236748555,-0.10216535790274345,2,2
482,0.4820000000000004,ramp,48.2,1.5326138388199002,0.0013096365510476549,1.0179712484992676,0.017971248499267567,0.0012725410404425326,0.49674596513552993,0.00034375012499176876,-0.037095510605122214,1,2
483,0.4830000000000004,ramp,48.3,1.5355649595262983,0.002951120706398136,1.0180224267251619,0.018022426725161855,0.0028491129566771394,0.49959507809220705,0.00034462957125214975,-0.10200774972099654,2,2
484,0.4840000000000004,ramp,48.4,1.536883128147715,0.0013181686214167598,1.0180411985461477,0.01804119854614772,0.0012809712939033286,0.5008760493861104,0.0003455117355568707,-0.03719732751343119,1,2
485,0.4850000000000004,ramp,48.5,1.5398427414096394,0.0029596132619242876,1.0180922991384709,0.01809229913847088,0.002857762532579041,0.5037338119186895,0.0003463917485061227,-0.10185072934524664,2,2
486,0.4860000000000004,ramp,48.6,1.5411694550712514,0.0013267136616119668,1.01811112252809,0.018111122528090107,0.001289414963608394,0.5050232268822978,0.00034727447039606217,-0.03729869800357275,1,2
487,0.4870000000000004,ramp,48.7,1.544137548121204,0.0029680930499527136,1.0181621457801207,0.018162145780120653,0.0028663987555731813,0.507889625637871,0.0003481550459482084,-0.1016942943795323,2,2
488,0.4880000000000004,ramp,48.8,1.545472819689207,0.0013352715680028382,1.0181810205164965,0.018181020516496504,0.0012978719443114057,0.5091874975821824,0.00034903832136231,-0.03739962369143251,1,2
489,0.4890000000000004,ramp,48.9,1.54844937986196,0.002976560172753162,1.0182319667202295,0.01823196672022953,0.0028750217305487354,0.5120625193127312,0.00034991945546511785,-0.10153844220442669,2,2
490,0.4900000000000004,ramp,49.0,1.5497932220994934,0.0013438422375333658,1.0182508925823106,0.018250892582310607,0.0013063421313951526,0.5133688614441263,0.0003508032803759908,-0.037500106138213224,1,2
491,0.4910000000000004,ramp,49.1,1.552778236831673,0.0029850147321794918,1.0183017620284736,0.018301762028473556,0.0028836315617706528,0.5162524930058969,0.00035168496901052926,-0.10138317040883897,2,2
492,0.4920000000000004,ramp,49.2,1.554130662399512,0.0013524255678389885,1.018320738796015,0.018320738796014924,0.0013148254208616265,0.5175673184267585,0.00035256933942403137,-0.03760014697736197,1,2
493,0.4930000000000004,ramp,49.3,1.557124119228868,0.0029934568293561448,1.0183715317741344,0.01837153177413442,0.0028922283528839215,0.5204595467796425,0.0003534515786042494,-0.1012284764722233,2,2
494,0.4940000000000004,ramp,49.4,1.5584851406860127,0.0013610214571446733,1.0183905592276514,0.018390559227651426,0.0013233217093357563,0.5217828684889783,0.0003543364905590325,-0.03769974780891698,1,2
495,0.4950000000000004,ramp,49.5,1.5614870272508075,0.00300188656479472,1.0184412760259756,0.01844127602597556,0.0029008122069158347,0.5246836806958941,0.00035521927633132516,-0.10107435787888543,2,2
496,0.4960000000000004,ramp,49.6,1.5628566570550722,0.0013696298042646937,1.0184603539467978,0.018460353946797792,0.0013318308940551001,0.5260155115899492,0.0003561047258984305,-0.03779891020959359,1,2
497,0.4970000000000004,ramp,49.7,1.5658669610936324,0.0030103040385602853,1.0185109948523519,0.01851099485235186,0.0029093832262793375,0.5289248948162285,0.000356988054341225,-0.1009208122809478,2,2
498,0.4980000000000004,ramp,49.8,1.5672452116022109,0.001378250508578427,1.0185301230225696,0.018530123022569622,0.0013403528728733322,0.5302652476891019,0.0003578740376236684,-0.037897635705094745,1,2
499,0.4990000000000004,ramp,49.9,1.5702639209521396,0.003018709349928761,1.0185806883211899,0.018580688321189864,0.0029179415127754244,0.5331831892018773,0.0003587579048470477,-0.10076783715333654,2,2
500,0.5000000000000003,ramp,50.0,1.5716508044223332,0.0013868834701935562,1.0185998665236897,0.018599866523689723,0.001348887544252321,0.5345320767461297,0.00035964441797944245,-0.03799592594123523,1,2
501,0.5010000000000003,ramp,50.1,1.5746779070200465,0.003027102597713327,1.018650356499959,0.018650356499958942,0.002926487167599452,0.5374585639137291,0.0003605288201246985,-0.10061543011387515,2,2
502,0.5020000000000003,ramp,50.2,1.5760734351902672,0.0013955281702207056,1.018669584273385,0.018669584273385054,0.001357434895096019,0.5388159988088251,0.0003614158075541814,-0.0380932751246866,2,2
503,0.5030000000000003,ramp,50.3,1.5791089188585552,0.003035483668287986,1.0187199991541462,0.01871999915414624,0.002935020192450876,0.541751019001276,0.0003623006801041481,-0.10046347583711002,2,2
504,0.5040000000000003,ramp,50.4,1.5805131043136438,0.0014041854550885802,1.0187392765274403,0.01873927652744034,0.0013659947566041122,0.5431170137578801,0.000363188178805588,-0.038190698484467975,2,2
505,0.5050000000000003,ramp,50.5,1.5835569572689314,0.0030438529552876403,1.0187896166411037,0.01878961664110368,0.0029435407780473662,0.5460605545359275,0.0003640735763998859,-0.10031217724027408,2,2
506,0.5060000000000003,ramp,50.6,1.5849698119856583,0.001412854716726919,1.018808943406407,0.01880894340640693,0.0013745670115664769,0.547435121547494,0.000364961592587985,-0.0382877051604421,2,2
507,0.5070000000000003,ramp,50.7,1.5880220224625599,0.003052210476901518,1.0188592090382704,0.01885920903827043,0.002952049028742641,0.5503871705762367,0.00036584751357722186,-0.10016144815887684,2,2
508,0.5080000000000003,ramp,50.8,1.5894435583107236,0.0014215358481637352,1.0188785849835649,0.018878584983564872,0.0013831515614277487,0.5517703221376644,0.00036673604469144845,-0.038384286735986546,2,2
509,0.5090000000000003,ramp,50.9,1.592504114634231,0.003060556323507324,1.018928776414519,0.018928776414518955,0.002960545043703728,0.5547308671813681,0.0003676224859154782,-0.1000112798035962,2,2
510,0.5100000000000003,ramp,51.0,1.5939343433842765,0.0014302287500456146,1.0189482013272824,0.018948201327282366,0.0013917483078058606,0.556122615489174,0.0003685115285835425,-0.038480442239753956,2,2
511,0.5110000000000003,ramp,51.1,1.59700323397374,0.00306889058946358,1.0189983188362908,0.018998318836290773,0.0029690289212091917,0.5590916444103832,0.0003693984865345548,-0.09986166825438815,2,2
512,0.5120000000000003,ramp,51.2,1.5984421672989484,0.0014389333252082803,1.019017792504346,0.019017792504345987,0.0014003571528134688,0.5604920015631967,0.0003702880371940496,-0.03857617239481155,2,2
513,0.5130000000000003,ramp,51.3,1.6015193806685466,0.0030772133695982085,1.019067836368905,0.019067836368904967,0.0029775007588938246,0.5634695023220905,0.00037117550826530973,-0.09971261070438382,2,2
514,0.5140000000000003,ramp,51.4,1.6029670301460552,0.001447649477508639,1.0190873585807068,0.01908735858070676,0.0014089779991219022,0.5648784803212124,0.0003720655633023784,-0.0386714783867368,2,2
515,0.5150000000000003,ramp,51.5,1.6060525549044056,0.003085524758350333,1.0191373290770693,0.01913732907706933,0.0029859606537881596,0.5678644409750006,0.0003729535438640464,-0.09956410456217349,2,2
516,0.5160000000000003,ramp,51.6,1.6075089320160947,0.001456377111689111,1.019156899621745,0.01915689962174505,0.001417610749975426,0.5692820517249759,0.00037384409965919124,-0.03876636171368502,2,2
517,0.5170000000000003,ramp,51.7,1.61060275686578,0.003093824849685234,1.019206797024895,0.019206797024895028,0.0029944087023342177,0.5722764604273102,0.0003747325860866659,-0.09941614735101612,2,2
518,0.5180000000000003,ramp,51.8,1.6120678729987348,0.0014651161329548579,1.0192264156923314,0.01922641569233141,0.0014262553091940434,0.5737027157365042,0.0003756236390329925,-0.03886082376081449,2,2
519,0.5190000000000003,ramp,51.9,1.6151699867358302,0.0031021137370954577,1.0192762402760893,0.019276240276089318,0.0030028450003907418,0.5767055607368949,0.00037651262771898363,-0.0992687367047159,2,2
520,0.5200000000000004,ramp,52.0,1.6166438531831004,0.0014738664472702112,1.0192959068568974,0.019295906856897416,0.0014349115811764339,0.5781404723180714,0.0003774041742302834,-0.038954866093777324,2,2
521,0.5210000000000004,ramp,52.1,1.619754244696678,0.003110391513577504,1.0193456588939078,0.019345658893907824,0.0030112696432380032,0.5811517419613095,0.000378293661590316,-0.09912187033950075,2,2
522,0.5220000000000004,ramp,52.2,1.621236872657736,0.001482627961058025,1.019365373179482,0.01936537317948206,0.00144357947089181,0.5825953214322013,0.000379185698104852,-0.039048490166214984,2,2
523,0.5230000000000004,ramp,52.3,1.6243555309292996,0.003118658271563657,1.0194150529412247,0.019415052941224697,0.003019682725584593,0.5856150041577859,0.00038007568057985106,-0.09897554597906388,2,2
524,0.5240000000000004,ramp,52.4,1.6258469315107136,0.0014914005814139486,1.0194348147237016,0.019434814723701566,0.0014522588838829082,0.5870672630416688,0.00038096820356214357,-0.03914169753104044,2,2
525,0.5250000000000004,ramp,52.5,1.6289738456134648,0.0031269141027512326,1.0194844224805233,0.01948442248052329,0.003028084341567295,0.5900953473832361,0.00038185867761965944,-0.09882976118393742,2,2
526,0.5260000000000004,ramp,52.6,1.630474029829526,0.001500184216061129,1.0195042315527825,0.01950423155278247,0.0014609497262585685,0.5915562971094946,0.0003827516835612668,-0.03923448980256046,2,2
527,0.5270000000000004,ramp,52.7,1.6336091889281075,0.0031351590985815303,1.0195537675739033,0.019553767573903258,0.0030364745847566185,0.5945927716942513,0.0003836426456959661,-0.0986845138249118,2,2
528,0.5280000000000004,ramp,52.8,1.6351181677011748,0.0015089787730673265,1.0195736237296282,0.01957362372962823,0.0014696519046941904,0.5960624235989455,0.0003845361311157672,-0.0393268683731361,2,2
529,0.5290000000000004,ramp,52.9,1.6382615610508888,0.00314339334971403,1.0196230882830701,0.019623088283070134,0.003044853548159015,0.5991072771471044,0.0003854275778495483,-0.09853980155501499,2,2
530,0.5300000000000004,ramp,53.0,1.6397793452122305,0.0015177841613416287,1.0196429913166953,0.019642991316695335,0.0014783653264288925,0.6005856424735333,0.00038632153929373046,-0.03941883491273622,2,2
531,0.5310000000000004,ramp,53.1,1.642930962158639,0.003151616946408531,1.0196923846694002,0.019692384669400154,0.0030532213242184195,0.6036388637977517,0.0003872134671756418,-0.09839562219011132,2,2
532,0.5320000000000004,ramp,53.2,1.6444575624486837,0.0015266002900446995,1.0197123343760972,0.019712334376097207,0.0014870898992601319,0.6051259536970118,0.00038810790121755377,-0.03951039078456766,2,2
533,0.5330000000000004,ramp,53.3,1.6476173924269366,0.003159829978252926,1.0197616567938654,0.019761656793865434,0.0030615780048226385,0.6081875317018345,0.0003890003068235924,-0.09825197343028748,2,2
534,0.5340000000000004,ramp,53.4,1.64915281949609,0.0015354270691534389,1.0197816529695658,0.0197816529695658,0.0014958255315409188,0.6096833572333754,0.0003898952100635148,-0.03960153761252004,2,2
535,0.5350000000000004,ramp,53.5,1.6523208520304453,0.0031680325343552695,1.019830904717096,0.01983090471709592,0.0030699236813057636,0.6127532809146812,0.00039078808999638137,-0.09810885304950599,2,2
536,0.5360000000000004,ramp,53.6,1.6538651164395395,0.0015442644090941648,1.0198509471584982,0.019850947158498222,0.0015045721321797806,0.614257853046861,0.000391683459061247,-0.03969227691438424,2,2
537,0.5370000000000004,ramp,53.7,1.65704134114285,0.0031762247033104707,1.0199001284993945,0.019900128499394487,0.003078258444445907,0.6173361114913068,0.00039257680995004416,-0.09796625886456357,2,2
538,0.5380000000000004,ramp,53.8,1.6585944533636492,0.0015531122207992354,1.0199202170039026,0.019920217003902563,0.0015133296106351485,0.618849441101942,0.00039347264149313825,-0.039782610164086935,2,2
539,0.5390000000000004,ramp,53.9,1.6617788599367453,0.0031844065730961546,1.0199693282006106,0.019969328200610592,0.0030865823844760183,0.621936023486418,0.00039436645999305385,-0.09782418862013627,2,2
540,0.5400000000000004,ramp,54.0,1.6633408303525248,0.0015619704157794345,1.019989462566467,0.019989462566466942,0.0015220978769141854,0.6234581213633321,0.0003952627506937137,-0.03987253886524912,2,2
541,0.5410000000000004,ramp,54.1,1.6665334085837928,0.0031925782312680617,1.0200385038803512,0.02003850388035122,0.0030948955910799435,0.626553016954412,0.00039615703348574386,-0.0976826401881182,2,2
542,0.5420000000000004,ramp,54.2,1.6681042474898837,0.0015708389060908878,1.020058683906443,0.020058683906442942,0.0015308768415673397,0.6280838937959794,0.0003970537800490246,-0.03996206452354812,2,2
543,0.5430000000000004,ramp,54.3,1.671304987254638,0.0032007397647542124,1.0201076555977837,0.020107655597783713,0.0031031981534016895,0.631187091949381,0.0003979485238396298,-0.09754161135252289,2,2
544,0.5440000000000004,ramp,54.4,1.6728847048589657,0.001579717604327735,1.0201278810838355,0.020127881083835453,0.001539666415687388,0.6327267583650684,0.0003988457229959908,-0.04005118864034698,2,2
545,0.5450000000000004,ramp,54.5,1.6760935961189034,0.0032088912599377295,1.0201767834118045,0.02017678341180451,0.003111490160042917,0.6358382485251113,0.0003997409245168256,-0.09740109989481247,2,2
546,0.5460000000000004,ramp,54.6,1.6776822025425306,0.0015886064236272368,1.020197054158233,0.02019705415823303,0.0015484665109058609,0.6373867150360172,0.00040063857302185396,-0.040139912721375924,2,2
547,0.5470000000000004,ramp,54.7,1.680899235345298,0.0032170328027674167,1.0202458873809084,0.02024588738090838,0.0031197716990691523,0.6405064867350864,0.00040153422902942704,-0.09726110369826435,2,2
548,0.5480000000000004,ramp,54.8,1.6824967406229179,0.001597505277619815,1.0202662031888694,0.020266203188869403,0.00155727703939132,0.6420637637744777,0.00040243232366351904,-0.0402282382284951,2,2
549,0.5490000000000004,ramp,54.9,1.6857219051015144,0.003225164478596554,1.020314967563307,0.020314967563306974,0.0031280428580097515,0.6451918066324874,0.0004033284309389082,-0.09712162058680236,2,2
550,0.5500000000000004,ramp,55.0,1.687328319182019,0.001606414080504548,1.0203353282347014,0.02033532823470141,0.0015660979138454822,0.6467579045463329,0.00040422696850697025,-0.04031616665906576,2,2
551,0.5510000000000004,ramp,55.1,1.6905616055542974,0.0032332863722783767,1.0203840240168023,0.020384024016802282,0.0031363037238645716,0.6498942082701974,0.00040512352385555173,-0.09698264841380508,2,2
552,0.5520000000000004,ramp,55.2,1.6921769383012717,0.0016153327469743406,1.0204044293542747,0.020404429354274667,0.001574929047498822,0.6514691373176962,0.00040602250118671065,-0.04040369947551858,2,2
553,0.5530000000000004,ramp,55.3,1.6954183368694475,0.003241398568175846,1.0204530567989307,0.020453056798930724,0.003144554383103169,0.6546136917007993,0.0004069195014378638,-0.09684418507267724,2,2
554,0.5540000000000004,ramp,55.4,1.6970425980617656,0.001624261192318066,1.0204735066058586,0.02047350660585856,0.001583770354111833,0.6561974620549111,0.0004078189153851982,-0.04049083820623317,2,2
555,0.5550000000000004,ramp,55.5,1.7002920992118027,0.003249501150037082,1.0205220659668357,0.0205220659668357,0.003152794921671103,0.6593502569765822,0.0004087163573920118,-0.0967062283659787,2,2
556,0.5560000000000004,ramp,55.6,1.7019252985440572,0.0016331993322544758,1.0205425600473472,0.020542560047347225,0.0015926217479670104,0.6609428787245493,0.00040961620483227816,-0.04057758428746539,2,2
557,0.5570000000000004,ramp,55.7,1.7051828927452992,0.0032575942012420533,1.0205910515773957,0.020591051577395714,0.0031610254249877542,0.664103904149537,0.00041051408547130213,-0.09656877625429912,2,2
558,0.5580000000000004,ramp,55.8,1.7068250398283222,0.0016421470830230156,1.0206115897362942,0.020611589736294178,0.0016014831438713518,0.6657053872934083,0.00041141436330463814,-0.040663939151663796,2,2
559,0.5590000000000004,ramp,55.9,1.7100907176328857,0.0032656778045634383,1.0206600136871062,0.020660013687106238,0.0031692459779555527,0.6688746332713639,0.0004123126794756181,-0.09643182660788556,2,2
560,0.5600000000000004,ramp,56.0,1.7117418219943394,0.0016511043614537702,1.0206805957299814,0.020680595729981377,0.0016103544571499234,0.6704849877285138,0.0004132133846253298,-0.04074990430384673,2,2
561,0.5610000000000004,ramp,56.1,1.71501557403661,0.003273752042270539,1.0207289523521763,0.02072895235217631,0.0031774566649565646,0.6736624443934704,0.00041411213325093796,-0.09629537731397449,2,2
562,0.5620000000000004,ramp,56.2,1.7166756451214404,0.0016600710848304612,1.0207495780853164,0.02074957808531641,0.0016192356036442209,0.6752816799971146,0.00041501326266318297,-0.040835481186240294,2,2
563,0.5630000000000004,ramp,56.3,1.7199574621175675,0.0032818169961270627,1.020797867628479,0.020797867628479016,0.0031856575698590455,0.6784673375669736,0.0004159124406887725,-0.09615942626801716,2,2
564,0.5640000000000004,ramp,56.4,1.7216265092885812,0.0016690471710136823,1.0208185368588902,0.020818536858890235,0.0016281264997088248,0.6800954640666824,0.00041681399133236557,-0.040920671304857464,2,2
565,0.5650000000000004,ramp,56.5,1.724916382036091,0.0032898727475099143,1.0208667595715692,0.02086675957156925,0.0031938487760218154,0.6832893128427042,0.0004177135957257354,-0.09602397148809894,2,2
566,0.5660000000000004,ramp,56.6,1.7265944145743046,0.0016780325382135253,1.0208874721070051,0.020887472107005145,0.001637027062209284,0.6849263399049135,0.00041861556459184496,-0.041005476004241224,2,2
567,0.5670000000000004,ramp,56.7,1.7298923339513719,0.003297919377067249,1.0209356282366964,0.02093562823669637,0.003202030366290042,0.6881283702712035,0.00041951559234297157,-0.09588901077720687,2,2
568,0.5680000000000004,ramp,56.8,1.7315793610567156,0.0016870271053437413,1.020956383885607,0.020956383885607055,0.0016459372085197998,0.6897743074797233,0.00042041797644494283,-0.04108989682394151,2,2
569,0.5690000000000004,ramp,56.9,1.7348853180219117,0.0033059569651960885,1.0210044736787889,0.021004473678788882,0.0032102024230061363,0.6929845099027295,0.00042131842456576314,-0.0957545421899522,2,2
570,0.5700000000000004,ramp,57.0,1.7365813488135764,0.0016960307916646933,1.021025272250345,0.021025272250345006,0.0016548568565187892,0.6946393667592483,0.0004222212209388298,-0.0411739351459041,2,2
571,0.5710000000000004,ramp,57.1,1.7398953344052173,0.0033139855916408667,1.021073295952479,0.021073295952479087,0.0032183650280069222,0.6978577317872552,0.0004231220864629816,-0.09562056363394446,2,2
572,0.5720000000000004,ramp,57.2,1.7416003779222309,0.0017050435170136158,1.0210941372565658,0.021094137256565837,0.0016637859245892265,0.6995215177118445,0.00042402529216407274,-0.04125759242438933,2,2
573,0.5730000000000004,ramp,57.3,1.7449223832579057,0.003322005335674838,1.0211420951120702,0.021142095112070214,0.003226518262627533,0.702748035974472,0.0004249265721467201,-0.09548707304730518,2,2
574,0.5740000000000004,ramp,57.4,1.7466364484596169,0.0017140652017111346,1.0211629789593015,0.021162978959301526,0.0016727243316124352,0.7044207603060845,0.0004258301842541782,-0.041340870098699425,2,2
575,0.5750000000000004,ramp,57.5,1.749966464735781,0.0033300162761642493,1.0212108712115808,0.02121087121158083,0.003234662207706817,0.7076554225137913,0.00042673187577173624,-0.09535406845743218,2,2
576,0.5760000000000004,ramp,57.6,1.7516895605023577,0.0017230957665765878,1.02123179741328,0.021231797413280074,0.0016816719969666438,0.709337094510758,0.0004276358913851665,-0.04142376960994398,2,2
577,0.5770000000000004,ramp,57.7,1.755027578993723,0.003338018491365391,1.0212796243047253,0.021279624304725298,0.003242796943586863,0.7125798914543449,0.0004285379915351109,-0.09522154777852776,2,2
578,0.5780000000000004,ramp,57.8,1.7567597141266136,0.0017321351328905,1.0213005926728962,0.02130059267289619,0.0016906288405243272,0.7142705202948691,0.0004294424077750996,-0.04150629236617268,2,2
579,0.5790000000000004,ramp,57.9,1.7601057261857642,0.003346012059150638,1.0213483544449122,0.021348354444912232,0.003250922550117994,0.7175214428449871,0.000430344913675745,-0.09508950903264418,2,2
580,0.5800000000000004,ramp,58.0,1.7618469094082134,0.0017411832224492052,1.0213693647922923,0.021369364792292345,0.0016995947826519652,0.719221037627639,0.0004312497276836893,-0.04158843979724003,2,2
581,0.5810000000000004,ramp,58.1,1.7652009064651324,0.003353997056918967,1.0214170616852594,0.021417061685259364,0.0032590391066572985,0.7224800767342963,0.0004321526364739461,-0.0949579502616685,2,2
582,0.5820000000000004,ramp,58.2,1.7669511464226222,0.0017502399574897964,1.0214381138252955,0.02143811382529548,0.0017085697442031226,0.7241886464784993,0.0004330578454118006,-0.041670213286673856,2,2
583,0.5830000000000004,ramp,58.3,1.7703131199841122,0.0033619735614900392,1.0214857460785918,0.021485746078591772,0.0032671466920765157,0.7274557931705758,0.00043396115425102955,-0.09482686941352349,2,2
584,0.5840000000000004,ramp,58.4,1.7720724252449167,0.001759305260804478,1.021506839825405,0.021506839825405022,0.001717553646520033,0.7291733468170959,0.00043486675530114157,-0.04175161428444495,2,2
585,0.5850000000000004,ramp,58.5,1.775442366894186,0.0033699416492694034,1.021554407677436,0.021554407677436105,0.0032752453847621475,0.732448592201858,0.00043577046136889804,-0.09469626450725596,2,2
586,0.5860000000000004,ramp,58.6,1.7772107459497875,0.0017683790556013435,1.021575542845891,0.021575542845891027,0.0017265464114255044,0.7341751386132835,0.0004366764517337752,-0.04183264417583908,2,2
587,0.5870000000000004,ramp,58.7,1.7805886473460397,0.0033779013962522697,1.0216230465340468,0.021623046534046786,0.0032833352626176837,0.7374584738759012,0.0004375805522296161,-0.09456613363458595,2,2
588,0.5880000000000004,ramp,58.8,1.7823661086116303,0.0017774612655905297,1.0216442229396596,0.02164422293965962,0.0017355479612282542,0.7391940218371295,0.00043848692913174054,-0.04191330436227559,2,2
589,0.5890000000000004,ramp,58.9,1.7857519614894706,0.003385852877840323,1.0216916627003823,0.021691662700382253,0.003291416403065305,0.7424854382401948,0.0004393914212750366,-0.09443647477501817,2,2
590,0.5900000000000004,ramp,59.0,1.7875385133044526,0.0017865518149819959,1.0217128801593796,0.021712880159379555,0.0017445582187129002,0.7442299964589076,0.00044029818195664863,-0.041993596269095664,2,2
591,0.5910000000000004,ramp,59.1,1.7909323094734813,0.0033937961690286844,1.0217602562281036,0.021760256228103625,0.003299488883052074,0.7475294853419597,0.00044120306298640714,-0.09430728597661052,2,2
592,0.5920000000000004,ramp,59.2,1.792727960101875,0.001795650628393819,1.0217815145574316,0.021781514557431603,0.0017535771071413968,0.7492830624491011,0.000442110204709316,-0.0420735212524222,2,2
593,0.5930000000000004,ramp,59.3,1.7961296914462577,0.003401731344382597,1.0218288271686173,0.021828827168617337,0.0033075527790488728,0.7525906152281501,0.0004430154718839434,-0.09417856533372417,2,2
594,0.5940000000000004,ramp,59.4,1.7979344490772502,0.0018047576309925262,1.021850126185898,0.0218501261858981,0.0017626045502474861,0.7543532197783975,0.00044392299192935617,-0.04215308074504006,2,2
595,0.5950000000000004,ramp,59.5,1.8013441075551448,0.0034096584778946504,1.0218973755730336,0.021897375573033617,0.0033156081670568144,0.7576688279454543,0.0004448286425265078,-0.09405031083783598,2,2
596,0.5960000000000004,ramp,59.6,1.803157980303462,0.0018138727483172357,1.0219187150965514,0.02191871509655141,0.0017716404722376432,0.759440468417692,0.0004457365381948181,-0.042232276079592464,2,2
597,0.5970000000000004,ramp,59.7,1.8065755579467684,0.003417577643306302,1.021965901492192,0.02196590149219202,0.003323655122604127,0.7627641235402961,0.0004466425695111966,-0.09392252070217515,2,2
598,0.5980000000000004,ramp,59.8,1.8083985538531944,0.0018229959064259837,1.0219872813409647,0.021987281340964726,0.0017806847977868685,0.7645448083380829,0.0004475508381218013,-0.04231110863911523,2,2
599,0.5990000000000004,ramp,59.9,1.8118240427668018,0.0034254889136073885,1.0220344049766539,0.022034404976653876,0.003331693720754667,0.7678765020588376,0.0004484572474729593,-0.09379519285272145,2,2
600,0.6000000000000004,ramp,60.0,1.8136561697986928,0.001832127031891062,1.022055824970361,0.02205582497036107,0.0017897374520351261,0.7696662395108728,0.00044936588636409775,-0.04238957985593594,2,2
601,0.6010000000000004,ramp,60.1,1.817089562160243,0.0034333923615501583,1.0221028860767227,0.022102886076722728,0.0033397240361057318,0.7730059635469785,0.0004502726710842825,-0.09366832544442649,2,2
602,0.6020000000000004,ramp,60.2,1.8189308282118961,0.0018412660516531343,1.022124346035713,0.022124346035713005,0.0017987983605864588,0.774804761907565,0.0004511816776128193,-0.04246769106667548,2,2
603,0.6030000000000004,ramp,60.3,1.8223721162713162,0.0034412880594201223,1.022171344842416,0.022171344842415897,0.0033477461427946086,0.7781525080503596,0.0004520888350548089,-0.09354191662551371,2,2
604,0.6040000000000004,ramp,60.4,1.8242225291644658,0.0018504128931495778,1.0221928445877606,0.022192844587760607,0.001807867449505764,0.7799603754998654,0.00045299820659607605,-0.04254544364381369,2,2
605,0.6050000000000004,ramp,60.5,1.8276717052433553,0.0034491760788895043,1.0222397813234894,0.02223978132348936,0.0033557601144974334,0.7833161356143629,0.00045390573413093047,-0.09341596439207088,2,2
606,0.6060000000000004,ramp,60.6,1.8295312727276225,0.0018595674842671883,1.0222613206769062,0.022261320676906227,0.001816944645316132,0.785133080259679,0.0004548154680785684,-0.04262283895105638,2,2
607,0.6070000000000004,ramp,60.7,1.8329883292190332,0.003457056491410704,1.0223081955694293,0.022308195569429312,0.003363766024433861,0.7884968462841129,0.0004557233630955491,-0.09329046697684282,2,2
608,0.6080000000000004,ramp,60.8,1.8348570589724038,0.0018687297533706015,1.0223297743533326,0.02232977435333261,0.0018260298749983236,0.7903228761591112,0.0004566334568612907,-0.0426998783722779,2,2
609,0.6090000000000004,ramp,60.9,1.8383219883401787,0.0034649293677748716,1.0223765876294806,0.022376587629480582,0.003371763945367192,0.7936946401044784,0.0004575417167676329,-0.09316542240767967,2,2
610,0.6100000000000004,ramp,61.0,1.8401998879693662,0.001877899629187496,1.0223982056669454,0.022398205666945392,0.0018351230659847948,0.7955297631704632,0.00045845216778118086,-0.04277656320270128,2,2
611,0.6110000000000004,ramp,61.1,1.8436726827478835,0.003472794778517363,1.0224449575526051,0.022444957552605116,0.0033797539496130185,0.7989095171200762,0.00045936079000193347,-0.09304082890434442,2,2
612,0.6120000000000004,ramp,61.2,1.845559759788907,0.0018870770410235327,1.0224666146673869,0.022466614667386864,0.0018442241461585963,0.8007537412662348,0.00046027159571074175,-0.042852894864936396,2,2
613,0.6130000000000004,ramp,61.3,1.8490404125824993,0.0034806527935922205,1.0225133053875166,0.022513305387516613,0.003387736109032363,0.8041414773752671,0.0004611805776886114,-0.09291668455985733,2,2
614,0.6140000000000004,ramp,61.4,1.850936674501028,0.0018962619185287632,1.022535001404035,0.022535001404035082,0.0018533330438534432,0.8059948104191206,0.0004620917355577852,-0.04292887467532004,2,2
615,0.6150000000000004,ramp,61.5,1.8544251779835697,0.003488503482541594,1.0225816311826657,0.02258163118266565,0.0033957104950432487,0.8093905209141639,0.0004630010747529766,-0.0927929874983452,2,2
616,0.6160000000000004,ramp,61.6,1.8563306321753532,0.0019054541917835621,1.0226033659260214,0.022603365926021413,0.0018624496878459624,0.8112529706020098,0.0004639125822650365,-0.04300450393759968,2,2
617,0.6170000000000004,ramp,61.7,1.8598269790899544,0.0034963469146012116,1.0226499349862594,0.022649934986259446,0.0034036771786163334,0.8146566477806262,0.00046482227615507335,-0.09266973598487815,2,2
618,0.6180000000000004,ramp,61.8,1.861741632881349,0.0019146537913945494,1.0226717082822032,0.022671708282203218,0.0018715740073610564,0.8165282217879872,0.00046573413080984335,-0.04307978403349298,2,2
619,0.6190000000000004,ramp,61.9,1.865245816039716,0.0035041831583670913,1.0227182168462408,0.022718216846240757,0.0034116362302788064,0.8199398580182661,0.00046664417688943447,-0.09254692808828481,2,2
620,0.6200000000000004,ramp,62.0,1.8671696766880856,0.0019238606483695797,1.0227400285212092,0.022740028521209155,0.001880705932061775,0.8218205639503279,0.0004675563762038618,-0.04315471630780463,2,2
621,0.6210000000000004,ramp,62.1,1.8706816889701894,0.003512012282103738,1.0227864768103248,0.02278647681032475,0.0034195877201210595,0.825240151670449,0.00046846677198470664,-0.09242456198267851,2,2
622,0.6220000000000004,ramp,62.2,1.8726147636643162,0.0019330746941268462,1.0228083266913865,0.02280832669138655,0.0018898453920511336,0.8271299970625001,0.0004693793134927209,-0.04322930207571263,2,2
623,0.6230000000000004,ramp,62.3,1.8761345980180582,0.003519834353741924,1.0228547149259448,0.02285471492594482,0.0034275317177920876,0.8305575287802922,0.00047029005650338503,-0.09230263594983647,2,2
624,0.6240000000000004,ramp,62.4,1.8780768938785761,0.001942295860517973,1.0228766028408687,0.022876602840868676,0.0018989923178695483,0.8324565210981617,0.00047120293775573655,-0.043303542648424634,2,2
625,0.6250000000000004,ramp,62.5,1.8816045433191464,0.0035276494405702685,1.0229229312403176,0.022922931240317634,0.0034354682925101915,0.8358919893906719,0.0004721140255414917,-0.09218114806007699,2,2
626,0.6260000000000004,ramp,62.6,1.8835560673989873,0.001951524079840894,1.0229448570174993,0.022944857017499265,0.0019081466404891913,0.8378001360311611,0.0004730272441055628,-0.04337743935170263,2,2
627,0.6270000000000004,ramp,62.7,1.8870915250086844,0.0035354576096970902,1.0229911258004023,0.0229911258004023,0.003443397513056848,0.841243533544218,0.0004739386742282464,-0.0920600966402424,2,2
628,0.6280000000000004,ramp,62.8,1.8890522842935176,0.001960759284833191,1.0230130892689067,0.02301308926890666,0.0019173082913157141,0.8431608418355337,0.0004748522276879762,-0.043450993517477055,2,2
629,0.6290000000000004,ramp,62.9,1.8925955432210757,0.003543258927558135,1.0230592986529243,0.02305929865292433,0.0034513194477859086,0.8466121612833196,0.0004757639977258104,-0.09193947977222637,2,2
630,0.6300000000000004,ramp,63.0,1.894565544629728,0.001970001408652333,1.0230812996424556,0.023081299642455644,0.0019264772021854346,0.848538638485505,0.00047667788368147294,-0.043524206466898564,2,2
631,0.6310000000000004,ramp,63.1,1.8981165980901273,0.0035510534603993005,1.0231274498443772,0.0231274498443772,0.003459234164618917,0.8519978726501239,0.0004775899912289379,-0.09181929578038361,2,2
632,0.6320000000000005,ramp,63.2,1.900095848474959,0.00197925038483171,1.0231494881853047,0.023149488185304712,0.0019356533053607402,0.8539335259554847,0.0004785042072970354,-0.043597079470969774,2,2
633,0.6330000000000005,ramp,63.3,1.9036546897488282,0.0035588412738691844,1.023195579420973,0.023195579420973056,0.003467141731055936,0.8574006676865406,0.0004794166499647438,-0.09169954281324855,2,2
634,0.6340000000000005,ramp,63.4,1.905643195896241,0.0019885061474127497,1.0232176549443384,0.023217654944338362,0.0019448365335278063,0.8593455042200684,0.00048033119377783717,-0.0436696138849434,2,2
635,0.6350000000000005,ramp,63.5,1.9092098183295332,0.003566622433292199,1.0232636874287615,0.023263687428761504,0.0034750422141724873,0.8628205464342409,0.0004812439691923638,-0.09158021911971191,2,2
636,0.6360000000000005,ramp,63.6,1.9112075869603058,0.0019977686307726117,1.0232857999662022,0.02328579996620217,0.001954026819796146,0.8647745732540371,0.00048215883839895166,-0.04374181097646559,2,2
637,0.6370000000000005,ramp,63.7,1.9147819839639437,0.0035743970036379302,1.0233317739134826,0.023331773913482623,0.0034829356806212715,0.8682575089346584,0.0004830719442026802,-0.0914613230166587,2,2
638,0.6380000000000005,ramp,63.8,1.9167890217336478,0.002007037769704123,1.0233539232973239,0.023353923297323886,0.001963224097696052,0.8702207330323544,0.00048398713646704883,-0.0438136720080709,2,2
639,0.6390000000000005,ramp,63.9,1.920371186782968,0.003582165049320185,1.0233998389206984,0.023399838920698413,0.0034908221966365575,0.8737115552289909,0.0004849005703180661,-0.0913428526836276,2,2
640,0.6400000000000005,ramp,64.0,1.922387500282463,0.0020163134994950482,1.0234220249838932,0.02342202498389323,0.001972428301175921,0.8756839835301669,0.00048581608332015137,-0.0438851983191272,2,2
641,0.6410000000000005,ramp,64.1,1.9259774269168473,0.0035899266343841774,1.0234678824957104,0.023467882495710413,0.0034987018280369176,0.8791826853582038,0.0004867298428920902,-0.09122480634725978,2,2
642,0.6420000000000005,ramp,64.2,1.9280030226726756,0.002025595755828391,1.023490105071866,0.023490105071866108,0.0019816393645987348,0.8811643247228025,0.0004876456743273146,-0.04395639122965625,2,2
643,0.6430000000000005,ramp,64.3,1.9316007044952477,0.0035976818225720297,1.0235359046835988,0.023535904683598785,0.003506574640225349,0.8846708993630278,0.0004885597573092298,-0.09110718234668072,2,2
644,0.6440000000000005,ramp,64.4,1.9336355889699326,0.002034884474684917,1.0235581636069508,0.023558163606950844,0.0019908572227423874,0.8866617565857702,0.0004894759048884241,-0.04402725194252964,2,2
645,0.6450000000000005,ramp,64.5,1.9372410196470553,0.003605430677122712,1.0236039055292516,0.023603905529251623,0.0035144406981932066,0.8901761972839634,0.0004903903089846185,-0.09098997892950525,2,2
646,0.6460000000000005,ramp,64.6,1.9392851992396536,0.002044179592598283,1.0236262006346597,0.0236262006346597,0.0020000818107923147,0.8921762790947557,0.0004913067704338057,-0.04409778180596837,2,2
647,0.6470000000000005,ramp,64.7,1.942898372500507,0.0036131732608533085,1.0236718850772901,0.023671885077290122,0.00352230006652567,0.8956985791612814,0.0004922214933637716,-0.09087319432763862,2,2
648,0.6480000000000005,ramp,64.8,1.944951853546884,0.002053481046377037,1.0236942162002654,0.02369421620026535,0.002009313064345688,0.8977078922256271,0.0004931382664241124,-0.04416798203134894,2,2
649,0.6490000000000005,ramp,64.9,1.9485727631831866,0.0036209096363026827,1.0237398433720983,0.023739843372098335,0.0035301528093928986,0.90123804503502,0.0004940533059223084,-0.09075682690978414,2,2
650,0.6500000000000005,ramp,65.0,1.9506355519565557,0.002062788773369073,1.0237622103487893,0.023762210348789337,0.002018550919409021,0.9032565959544291,0.0004949703883499362,-0.0442378539600519,2,2
651,0.6510000000000005,ramp,65.1,1.9542641918220554,0.003628639865499661,1.02380778045789,0.023807780457890004,0.0035379989905626086,0.9067945949449917,0.000495885742165737,-0.0906408749370524,2,2
652,0.6520000000000005,ramp,65.2,1.956336294533233,0.002072102711177637,1.0238301831250727,0.02383018312507268,0.0020277953123907792,0.9088223902573825,0.0004968031317315948,-0.04430739878685764,2,2
653,0.6530000000000005,ramp,65.3,1.9599726585433355,0.0036363640101024775,1.023875696378622,0.02387569637862197,0.0035458386734004933,0.9123682289307831,0.0004977187976291155,-0.09052533670198415,2,2
654,0.6540000000000005,ramp,65.4,1.9620540813412661,0.0020814227979306654,1.0238981345736897,0.023898134573689722,0.0020370461800994326,0.9144052751108825,0.0004986364921188895,-0.04437661783123284,2,2
655,0.6550000000000005,ramp,65.5,1.9656981634726327,0.003644082131366577,1.0239435911780699,0.02394359117806988,0.003553671920872077,0.9179589470317546,0.0004995524678768872,-0.09041021049450026,2,2
656,0.6560000000000005,ramp,65.6,1.9677889124446977,0.0020907489720649597,1.0239660647390576,0.023966064739057602,0.002046303459745718,0.9200052504915004,0.0005004704650908312,-0.044445512319241876,2,2
657,0.6570000000000005,ramp,65.7,1.9714407067349682,0.003651794290270516,1.024011464899749,0.024011464899748924,0.003561498795542218,0.9235667492870426,0.0005013867485025515,-0.09029549472829804,2,2
658,0.6580000000000005,ramp,65.8,1.9735407879074174,0.0021000811724491975,1.024033973665314,0.0240339736653139,0.002055567088938832,0.9256223163759815,0.0005023050462553985,-0.04451408351036556,2,2
659,0.6590000000000005,ramp,65.9,1.9772002884546174,0.0036595005471999897,1.024079317586991,0.02407931758699089,0.003569319359579204,0.9291916357355606,0.0005032216351284713,-0.0901811876207856,2,2
660,0.6600000000000005,ramp,66.0,1.9793097077929962,0.0021094193383788262,1.0241018613964004,0.02410186139640036,0.0020648370056822307,0.9312564727412429,0.000504140231249268,-0.044582332696595575,2,2
661,0.6610000000000005,ramp,66.1,1.9829769087553122,0.0036672009623159862,1.0241471492829113,0.024147149282911284,0.0035771336747562332,0.9348336064159991,0.0005050571234055602,-0.09006728755975302,2,2
662,0.6620000000000005,ramp,66.2,1.9850956721647375,0.002118763409425295,1.0241697279760658,0.024169727976065758,0.002074113148375012,0.9369077195643741,0.0005059760157376066,-0.04465026105028276,2,2
663,0.6630000000000005,ramp,66.3,1.9887705677600767,0.003674895595339178,1.0242149600303918,0.024214960030391808,0.003584941802456069,0.9404926613668302,0.000506893209013156,-0.08995379288310924,2,2
664,0.6640000000000005,ramp,66.4,1.9908986810857021,0.002128113325625458,1.0242375734478026,0.02423757344780264,0.0020833954558053857,0.9425760568226356,0.0005078123954138034,-0.04471786982007241,2,2
665,0.6650000000000005,ramp,66.5,1.9945812655912873,0.003682584505585229,1.0242827498721314,0.024282749872131415,0.0035927438036701146,0.9461688006263057,0.0005087298876586486,-0.08984070191511445,2,2
666,0.6660000000000005,ramp,66.6,1.9967187346187862,0.002137469027498895,1.0243053978549508,0.024305397854950783,0.0020926838671509775,0.9482614844934567,0.0005096493659992341,-0.044785160347917546,2,2
667,0.6670000000000005,ramp,66.7,2.0004090023708114,0.003690267752025189,1.024350518850623,0.024350518850623004,0.0036005397390040045,0.9518620242324607,0.000510567155077298,-0.08972801302118467,2,2
668,0.6680000000000005,ramp,66.8,2.0025558328265456,0.002146830455734161,1.0243732012405784,0.0243732012405784,0.0021019783219762486,0.9539640025544369,0.0005114869232430282,-0.04485213375791247,2,2
669,0.6690000000000005,ramp,66.9,2.0062537782198238,0.003697945393278168,1.0244182670081197,0.024418267008119665,0.003608329668672117,0.957572332223109,0.0005124050070320433,-0.08961572460605086,2,2
670,0.6700000000000005,ramp,67.0,2.008409975771368,0.002156197551544281,1.0244409836475896,0.02444098364758962,0.0021112787602350328,0.959683610983344,0.0005133250629218477,-0.044918791309248286,2,2
671,0.6710000000000005,ramp,67.1,2.012115593258886,0.003705617487518076,1.0244859943867233,0.024485994386723275,0.0036161136525093983,0.9632997246358533,0.0005142434393131653,-0.08950383500867755,2,2
672,0.6720000000000005,ramp,67.2,2.014281163515359,0.002165570256472904,1.0245087451186525,0.02450874511865253,0.0021205851222591966,0.9654203097581125,0.0005151637808396179,-0.04498513421370741,2,2
673,0.6730000000000005,ramp,67.3,2.0179944476079235,0.0037132840925644395,1.0245537010282844,0.024553701028284358,0.0036238917499673033,0.9690442015080799,0.0005160824477381897,-0.08939234259713619,2,2
674,0.6740000000000005,ramp,67.4,2.0201693961204104,0.002174948512486896,1.0245764856962634,0.02457648569626336,0.002129897348764126,0.971174098856844,0.0005170030728273423,-0.04505116372277009,2,2
675,0.6750000000000005,ramp,67.5,2.023890341386304,0.003720945265893505,1.0246213869744671,0.02462138697446714,0.0036316640201175675,0.9748057628769616,0.0005179220281515299,-0.08928124577593745,2,2
676,0.6760000000000005,ramp,67.6,2.026074673648184,0.002184332261879973,1.0246442054226719,0.024644205422671872,0.0021392153808395477,0.9769449782578011,0.0005188429347428556,-0.0451168810404255,2,2
677,0.6770000000000005,ramp,67.7,2.0298032747127435,0.0037286010645596335,1.0246890522667547,0.024689052266754663,0.0036394305216595306,0.9805844087794606,0.0005197621764243581,-0.08917054290010287,2,2
678,0.6780000000000005,ramp,67.8,2.0319969961600917,0.002193721447348196,1.0247119043399864,0.02471190433998638,0.002148539159955268,0.9827329479394159,0.0005206833624706054,-0.045182287392927976,2,2
679,0.6790000000000005,ramp,67.9,2.0357332477054126,0.003736251545320979,1.0247566969464008,0.024756696946400814,0.0036471913129102872,0.9863801392523261,0.0005216028884543316,-0.08906023241069157,2,2
680,0.6800000000000005,ramp,68.0,2.0379363637173413,0.0022031160119286852,1.0247795824900525,0.02477958249005252,0.0021578686279563313,0.9885380078802825,0.000522524351921412,-0.04524738397235391,2,2
681,0.6810000000000005,ramp,68.1,2.04168026048185,0.003743896764508481,1.0248243210545,0.024824321054500054,0.003654946451814642,0.9921929543320971,0.0005234441601653913,-0.08895031269383867,2,2
682,0.6820000000000005,ramp,68.2,2.043892776380874,0.002212515899024048,1.0248472399145458,0.02484723991454585,0.002167203727061216,0.9943601580591583,0.0005243658990322893,-0.045312171962832035,2,2
683,0.6830000000000005,ramp,68.3,2.047644313159015,0.003751536778141329,1.0248919246319084,0.02489192463190837,0.003662695995946998,0.9980228540551054,0.0005252859875075228,-0.08884078219433075,2,2
684,0.6840000000000005,ramp,68.4,2.0498662342114713,0.0022219210524561106,1.02491487665495,0.02491487665495007,0.0021765443998539883,1.0001993984549593,0.0005262079997662059,-0.045376652602122265,2,2
685,0.6850000000000005,ramp,68.5,2.0536254058532464,0.003759171641775083,1.0249595077193194,0.02495950771931943,0.0036704400025147762,1.003869838457474,0.0005271283664566062,-0.08873163926030689,2,2
686,0.6860000000000005,ramp,68.6,2.055856737269629,0.0022313314163824316,1.0249824927525468,0.024982492752546825,0.002185890589291538,1.0060557290467655,0.0005280506501118597,-0.04544082709089349,2,2
687,0.6870000000000005,ramp,68.7,2.0596235386803965,0.003766801410767684,1.02502707035723,0.025027070357229952,0.003678178528354397,1.00973390757512,0.000528971293014135,-0.08862288241328697,2,2
688,0.6880000000000005,ramp,68.8,2.0618642856156333,0.0022407469352367926,1.0250500882484117,0.025050088248411706,0.0021952422386955863,1.0119291498138154,0.00052989384608348,-0.04550469654120625,2,2
689,0.6890000000000005,ramp,68.9,2.0656387117555584,0.003774426139925069,1.025094612585932,0.02509461258593193,0.0036859116299409983,1.0156150614437565,0.000530814763207017,-0.08851450998407064,2,2
690,0.6900000000000005,ramp,69.0,2.0678888793096037,0.0022501675540453903,1.0251176631834462,0.025117663183446215,0.0022045992917504886,1.017819660735507,0.0005317375837206383,-0.04556826229490168,2,2
691,0.6910000000000005,ramp,69.1,2.071670925193491,0.0037820458838870863,1.0251621344455322,0.02516213444553217,0.0036936393633809532,1.0215133000988879,0.0005326587730873756,-0.08840652050613305,2,2
692,0.6920000000000005,ramp,69.2,2.0739305184113666,0.0022595932178757216,1.025185217598338,0.025185217598338028,0.0022139616925083874,1.0237272617913962,0.0005335818590879981,-0.04563152536733424,2,2
693,0.6930000000000005,ramp,69.3,2.0777201791081943,0.0037896606968277347,1.0252296359759723,0.025229635975972275,0.0037013617844245364,1.0274286235758208,0.0005345033187323908,-0.08829891240319825,2,2
694,0.6940000000000005,ramp,69.4,2.0799892029805984,0.00226902387240413,1.0252527515336305,0.02525275153363049,0.0022233293853749767,1.0296519529611958,0.0005354266682751564,-0.04569448702915332,2,2
695,0.6950000000000005,ramp,69.5,2.0837864736131557,0.0037972706325573036,1.0252971172169794,0.02529711721697936,0.003709078948460061,1.0333610319096558,0.0005363483962440029,-0.08819168409724244,2,2
696,0.6960000000000005,ramp,69.6,2.0860649330767025,0.002278459463546767,1.0253202650296167,0.025320265029616706,0.0022327023151190325,1.0355937342247747,0.000537272007396405,-0.04575714842773451,2,2
697,0.6970000000000005,ramp,69.7,2.0898698088213328,0.003804875744630287,1.025364578208118,0.025364578208117994,0.0037167909105219493,1.0393105251352968,0.0005381940017488193,-0.08808483410833795,2,2
698,0.6980000000000005,ramp,69.8,2.092157708758976,0.002287899937643445,1.0253877581264483,0.025387758126448334,0.0022420804268621533,1.041552605562159,0.0005391178725905494,-0.04581951078129172,2,2
699,0.6990000000000005,ramp,69.9,2.0959701848450774,0.0038124760861011353,1.0254320189887318,0.02543201898873182,0.003724497725283958,1.0452771032874428,0.0005400401313977937,-0.08797836081717719,2,2
700,0.7000000000000005,ramp,70.0,2.098267530086359,0.0022973452412817785,1.0254552308640552,0.02545523086405521,0.002251463666084519,1.0475285669535273,0.0005409642600207174,-0.0458815751972594,2,2
701,0.7010000000000005,ramp,70.1,2.1020876017962156,0.003820071709856432,1.025499439598017,0.025499439598017037,0.0037321994470684104,1.0512607664005957,0.0005418867813661412,-0.0878722627880215,2,2
702,0.7020000000000005,ramp,70.2,2.104394397117698,0.002306795321482369,1.025522683282232,0.02552268328223195,0.0022608519786188586,1.0535216183792147,0.0005428111658741486,-0.04594334286351026,2,2
703,0.7030000000000005,ramp,70.3,2.1082220597859678,0.003827662668269838,1.0255668400749922,0.025566840074992214,0.003739896129848138,1.0572615145090627,0.0005437339478530846,-0.08776653842169999,2,2
704,0.7040000000000005,ramp,70.4,2.1105383099115986,0.0023162501256308587,1.0255901154205391,0.025590115420539128,0.0022702453106437526,1.0595317598197065,0.0005446585863620009,-0.04600481498710611,2,2
705,0.7050000000000005,ramp,70.5,2.114373558925121,0.0038352490135222794,1.0256342204584674,0.025634220458467416,0.0037475878272441934,1.0632793476469506,0.0005455816270816734,-0.087661186278086,2,2
706,0.7060000000000005,ramp,70.6,2.116699268526446,0.0023257096013251655,1.025657527318388,0.025657527318388107,0.002279643608690005,1.0655589912556407,0.0005465065177191751,-0.04606599263516035,2,2
707,0.7070000000000005,ramp,70.7,2.120542099323784,0.003842830797337715,1.0257015807870968,0.025701580787096834,0.003755274592533397,1.069314265848174,0.0005474298152985984,-0.08755620480431796,2,2
708,0.7080000000000005,ramp,70.8,2.122877273020415,0.0023351736966312764,1.0257249190149984,0.025724919014998404,0.002289046819631767,1.0716033126678057,0.000548354956204118,-0.046126876999509535,2,2
709,0.7090000000000005,ramp,70.9,2.1267276810916194,0.003850408071204292,1.0257689210993337,0.025768921099333708,0.0037629564786449427,1.0753662691464507,0.0005492785087740088,-0.08745159255934935,2,2
710,0.7100000000000005,ramp,71.0,2.129072323451559,0.002344642359939808,1.025792290549397,0.025792290549397023,0.0022984548906925554,1.0776647240371433,0.0005502038980986086,-0.04618746924725265,2,2
711,0.7110000000000005,ramp,71.1,2.132930304337683,0.0038579808861238796,1.025836241433496,0.025836241433496054,0.0037706335381611144,1.0814353575753044,0.0005511277038013003,-0.08734734796276514,2,2
712,0.7120000000000005,ramp,71.2,2.1352844198776357,0.0023541155399526836,1.0258596419604742,0.02585964196047419,0.0023078677694394075,1.0837432253447439,0.0005520533397076549,-0.04624777051327614,2,2
713,0.7130000000000005,ramp,71.3,2.139149969170568,0.0038655492929322577,1.0259035418276683,0.025903541827668297,0.003778305823325668,1.0875215311680695,0.0005529773966969742,-0.08724346960658959,2,2
714,0.7140000000000005,ramp,71.4,2.1415135623562627,0.002363593185694679,1.0259269732868903,0.02592697328689031,0.002317285403773183,1.0898388165718427,0.0005539032773591714,-0.04630778192149607,2,2
715,0.7150000000000005,ramp,71.5,2.1453866756982825,0.003873113342019785,1.025970822319826,0.02597082231982606,0.0037859733860452255,1.093624789957888,0.0005548275838003974,-0.08713995597455947,2,2
716,0.7160000000000005,ramp,71.6,2.1477597509448327,0.0023730752465502825,1.025994284567178,0.025994284567177894,0.0023267077419379667,1.095951497699826,0.000555753707403967,-0.04636750461231576,2,2
717,0.7170000000000005,ramp,71.7,2.1516404240283356,0.003880673083502817,1.0260380829477467,0.026038082947746677,0.003793636277884363,1.0997451339777102,0.0005566782614736894,-0.08703680561845387,2,2
718,0.7180000000000005,ramp,71.8,2.154022985700585,0.0023825616722494836,1.0260615758396456,0.026061575839645634,0.002336134732518066,1.1020812687102284,0.0005576046262153996,-0.0464269397314177,2,2
719,0.7190000000000005,ramp,71.9,2.157911214267704,0.003888228567118901,1.0261053237489985,0.026105323748998543,0.00380129455006998,1.1058825632602984,0.0005585294261014816,-0.08693401704892119,2,2
720,0.7200000000000005,ramp,72.0,2.1603032666805317,0.0023920524128278053,1.0261288471424914,0.026128847142491418,0.0023455663244289506,1.1082281295847274,0.0005594560301893175,-0.046486088398854736,2,2
721,0.7210000000000005,ramp,72.1,2.164199046522826,0.003895779842294278,1.0261725447610397,0.026172544761039696,0.003808948253499486,1.112037077838227,0.0005603810740907763,-0.08683158879479189,2,2
722,0.7220000000000005,ramp,72.2,2.166600593941464,0.0024015474186378505,1.0261960985136862,0.026196098513686206,0.0023550024669216486,1.1143920803051486,0.0005613079157438694,-0.04654495171620186,2,2
723,0.7230000000000005,ramp,72.3,2.1705039208996277,0.0039033269581638663,1.026239746021137,0.02623974602113699,0.0038165974387334317,1.118208677743882,0.000562233201870775,-0.08672951943043467,2,2
724,0.7240000000000005,ramp,72.4,2.1729149675400476,0.0024110466404199116,1.0262633299910544,0.026263329991054407,0.0023644431095786954,1.1205731208534606,0.0005631602793192622,-0.04660353084121613,2,2
725,0.7250000000000005,ramp,72.5,2.176825837503573,0.003910869963525521,1.0263069275663717,0.026306927566371652,0.0038242421560036087,1.1243973630094641,0.0005640858058926782,-0.08662780752191189,2,2
726,0.7260000000000005,ramp,72.6,2.17924638753275,0.002420550029176738,1.0263305416122546,0.026330541612254565,0.0023738882023108814,1.1267712512117751,0.0005650131173776452,-0.04666182686585652,2,2
727,0.7270000000000005,ramp,72.7,2.1831647964395677,0.003918408906817827,1.0263740894336826,0.02637408943368258,0.003831882455217119,1.1306031336669922,0.0005659388826295436,-0.08652645160070818,2,2
728,0.7280000000000005,ramp,72.8,2.185594853975825,0.0024300575362574683,1.026397733414777,0.026397733414776914,0.0023833376953561526,1.1329864713623483,0.0005668664264029244,-0.04671984090131578,2,2
729,0.7290000000000005,ramp,72.9,2.189520797812035,0.003925943836209811,1.026441231659839,0.026441231659839026,0.0038395183859461805,1.1368259897482944,0.0005677924285760869,-0.08642545026363041,2,2
730,0.7300000000000005,ramp,73.0,2.1919603669253824,0.0024395691133474173,1.0264649054359352,0.02646490543593516,0.002392791539284411,1.139218781287579,0.0005687202029006062,-0.046777574063006346,2,2
731,0.7310000000000005,ramp,73.1,2.195893841724831,0.003933474799448611,1.0265083542814482,0.026508354281448154,0.003847149997440092,1.143065931285019,0.0005696464402485636,-0.08632480200851866,2,2
732,0.7320000000000005,ramp,73.2,2.1983429264372907,0.002449084712459637,1.0265320577128663,0.026532057712866264,0.002402249684987091,1.1454681809700062,0.0005705744433976054,-0.04683502747254622,2,2
733,0.7330000000000005,ramp,73.3,2.20228392828138,0.00394100184408952,1.0265754573349264,0.02657545733492639,0.003854777338629119,1.1493229583086353,0.0005715009141845304,-0.08622450546040115,2,2
734,0.7340000000000005,ramp,73.4,2.204742532567238,0.0024586042858576462,1.026599190282586,0.02659919028258595,0.0024117120836731443,1.1517346703923084,0.0005724291444421203,-0.04689220218450198,2,2
735,0.7350000000000005,ramp,73.5,2.2086910575846215,0.003948525017383631,1.0266425408565714,0.02664254085657136,0.003862400458117982,1.1555970708504264,0.0005733558469427489,-0.08612455926564846,2,2
736,0.7360000000000005,ramp,73.6,2.2111591853708337,0.002468127786212193,1.0266663031819119,0.026666303181911877,0.0024211786868774056,1.1580182495373037,0.0005742843026034085,-0.04694909933478748,2,2
737,0.7370000000000005,ramp,73.7,2.215115229736954,0.003956044366120182,1.0267096048825055,0.02670960488250551,0.0038700194041952464,1.1618882689414989,0.0005752112351029902,-0.08602496192493518,2,2
738,0.7380000000000005,ramp,73.8,2.2175928849034134,0.0024776551664595914,1.0267333964475,0.026733396447500057,0.002430649446453146,1.164318918387952,0.000576139914471718,-0.04700572000644523,2,2
739,0.7390000000000005,ramp,73.9,2.2215564448402736,0.00396355993686015,1.0267766494486739,0.02677664944867386,0.0038776342248275576,1.1681965526127795,0.0005770670752658645,-0.08592571203259276,2,2
740,0.7400000000000005,ramp,74.0,2.2240436312201544,0.002487186379880768,1.0268004701158464,0.02680047011584641,0.0024401243145693013,1.1706366769273489,0.000577995976658001,-0.0470620653114668,2,2
741,0.7410000000000005,ramp,74.1,2.228014702996078,0.003971071775923818,1.0268436745908947,0.02684367459089465,0.003885244967666541,1.1745219218950154,0.0005789233640527066,-0.08582680825727686,2,2
742,0.7420000000000005,ramp,74.2,2.23051142437605,0.0024967213799720334,1.0268675242232999,0.026867524223299855,0.0024496032437143797,1.1769715251387298,0.0005798524857938788,-0.04711813625765367,2,2
743,0.7430000000000005,ramp,74.3,2.2344900043052474,0.003978579929197146,1.0269106803447907,0.026910680344790716,0.003892851680048275,1.180864376818778,0.0005807800981053538,-0.08572824914887056,2,2
744,0.7440000000000005,ramp,74.4,2.2369962644259402,0.0025062601206928825,1.0269345588060494,0.026934558806049447,0.00245908618668445,1.1833234630054625,0.0005817094385314035,-0.04717393400843241,2,2
745,0.7450000000000006,ramp,74.5,2.240982348868334,0.003986084442393789,1.0269776667458783,0.026977666745878315,0.003900454409000094,1.1872239174144625,0.0005826372740860578,-0.0856300333936951,2,2
746,0.7460000000000006,ramp,74.6,2.243498151424528,0.002515802556193769,1.027001573900122,0.027001573900121922,0.0024685730965897765,1.1896924905110524,0.0005835668315429443,-0.04722945960399264,2,2
747,0.7470000000000006,ramp,74.7,2.2474917367852574,0.003993585360729579,1.0270446338294652,0.027044633829465203,0.003908053201237037,1.1936005437122894,0.0005844948886772795,-0.08553215949254171,2,2
748,0.7480000000000006,ramp,74.8,2.2500170854262445,0.0025253486409870796,1.027068569541374,0.027068569541373932,0.002478063926853141,1.1960786076391425,0.0005854246615210315,-0.047284714133938484,2,2
749,0.7490000000000006,ramp,74.9,2.2540181681556053,0.004001082729360839,1.0271115816307512,0.027111581630751225,0.003915648103160998,1.1999942557423036,0.0005863529385815339,-0.0854346261998408,2,2
750,0.7500000000000006,ramp,75.0,2.2565530664854263,0.0025348983298210115,1.02713554576553,0.02713554576553001,0.00248755863120323,1.2024818143735068,0.0005872829251781582,-0.04733969861778165,2,2
751,0.7510000000000006,ramp,75.1,2.2605616430783826,0.004008576592956281,1.0271785101847533,0.027178510184753257,0.003923239160869073,1.2064050535343758,0.0005882114205213086,-0.08533743208720845,2,2
752,0.7520000000000006,ramp,75.2,2.2631060946562567,0.002544451577874085,1.0272025026081484,0.027202502608148382,0.0024970571636799923,1.2089021106980558,0.0005891416192467023,-0.04739441419409273,2,2
753,0.7530000000000006,ramp,75.3,2.2671221616521935,0.004016066995936818,1.027245419526356,0.027245419526356063,0.00393082642015079,1.2128329371182065,0.0005900703312388284,-0.08524057578602767,2,2
754,0.7540000000000006,ramp,75.4,2.269676169992718,0.0025540083405246605,1.02726944010462,0.02726944010462007,0.002506559478622171,1.2153394965968287,0.0005910007404787035,-0.04744886190248933,2,2
755,0.7550000000000006,ramp,75.5,2.2736997239751435,0.004023553982425376,1.0273123096902737,0.02731230969027365,0.003938409926497513,1.2192779065233261,0.0005919296674959567,-0.08514405592786357,2,2
756,0.7560000000000006,ramp,75.6,2.276263292548578,0.002563568573434427,1.0273363582902233,0.027336358290223295,0.0025160655306727337,1.2217939720539988,0.0005928602856457801,-0.04750304276169345,2,2
757,0.7570000000000006,ramp,75.7,2.28029433014488,0.004031037596301967,1.027379180711096,0.027379180711095907,0.003945989725092832,1.2257399617790916,0.0005937894260739965,-0.08504787120913564,2,2
758,0.7580000000000006,ramp,75.8,2.282867462377525,0.0025731322326452144,1.0274032572000562,0.027403257200056208,0.0025255752747813335,1.2282655370538729,0.0005947202515389709,-0.04755695786388091,2,2
759,0.7590000000000006,ramp,75.9,2.2869059802585787,0.004038517881053583,1.0274460326232449,0.027446032623244854,0.0039535658608186135,1.2322191029146914,0.0005956496037736497,-0.0849520202349692,2,2
760,0.7600000000000006,ramp,76.0,2.289488679533017,0.002582699274438216,1.0274701368690384,0.02747013686903843,0.0025350886661925334,1.234754191580884,0.000596580634968523,-0.04761060824568256,2,2
761,0.7610000000000006,ramp,76.1,2.2935346744129896,0.004045994879972703,1.0275128654610122,0.02751286546101217,0.003961138378260237,1.2387153299591442,0.0005975101974147633,-0.08485650171246618,2,2
762,0.7620000000000006,ramp,76.2,2.296126944068443,0.0025922696554534497,1.027536997332011,0.027536997332010982,0.002544605660453455,1.2412599356195977,0.0005984414327638264,-0.047663994999994595,2,2
763,0.7630000000000006,ramp,76.3,2.3001804127044645,0.004053468636021407,1.0275796792585052,0.02757967925850524,0.003968707321707018,1.2452286429413046,0.0005993712038362271,-0.08476131431438878,2,2
764,0.7640000000000006,ramp,76.4,2.3027822560369025,0.0026018433324379586,1.0276038386236055,0.027603838623605492,0.0025541262134036323,1.2477827691547083,0.0006003026417732681,-0.0477171190343263,2,2
765,0.7650000000000006,ramp,76.5,2.3068431952287023,0.004060939191799839,1.0276464740497282,0.027646474049728198,0.003976272735148635,1.251759041889857,0.0006012326198958675,-0.08466645665120442,2,2
766,0.7660000000000006,ramp,76.6,2.3094546154914273,0.002611420262724984,1.0276706607783475,0.027670660778347456,0.00256365028117949,1.2543226921710364,0.0006021642588640317,-0.04776998154549378,2,2
767,0.7670000000000006,ramp,76.7,2.313523022081173,0.00406840658974561,1.0277132498685315,0.02771324986853152,0.003983834662284448,1.258306526833321,0.0006030944424702372,-0.08457192746116199,2,2
768,0.7680000000000006,ramp,76.8,2.316144022484867,0.0026210004036939516,1.0277374638305907,0.027737463830590725,0.0025731778202103834,1.2608797046535314,0.0006040262809220217,-0.0478225834835682,2,2
769,0.7690000000000006,ramp,76.9,2.3202198933568057,0.004075870871938836,1.0277800067486174,0.02778000674861736,0.003991393146521592,1.264871097800053,0.0006049566684545437,-0.08447772541724397,2,2
770,0.7700000000000006,ramp,77.0,2.3228504770699043,0.0026305837130986554,1.0278042478145468,0.027804247814546823,0.002582708787216641,1.2674538065872696,0.0006058887048517024,-0.04787492588201455,2,2
771,0.7710000000000006,ramp,77.1,2.326933809150042,0.004083332080137669,1.027846744723538,0.027846744723537986,0.003998948230971193,1.2714527548182408,0.0006068192947624693,-0.08438384916647622,2,2
772,0.7720000000000006,ramp,77.2,2.329573979299098,0.0026401701490561535,1.0278710127642707,0.02787101276427073,0.002592243139214539,1.2740449979574553,0.0006077515275759206,-0.047927009841614625,2,2
773,0.7730000000000006,ramp,77.3,2.333664769554983,0.00409079025588488,1.027913463826704,0.02791346382670401,0.0040064999584584,1.2780514979159137,0.0006086823183260644,-0.08429029742648003,2,2
774,0.7740000000000006,ramp,77.4,2.3363145292247753,0.0026497596697923065,1.027937758713724,0.027937758713723948,0.002601780833499463,1.2806532787494131,0.0006096147460358575,-0.0479788362928433,2,2
775,0.7750000000000006,ramp,77.5,2.3404127746652534,0.004098245440478099,1.0279801640914088,0.0279801640914088,0.004014048371525469,1.2846673271209386,0.0006105457360955649,-0.08419706895262946,2,2
776,0.7760000000000006,ramp,77.6,2.343072126899199,0.0026593522339455333,1.0280044856966644,0.02800448569666436,0.0026113218276570703,1.2872786489485957,0.0006114783571908177,-0.048030406288463064,2,2
777,0.7770000000000006,ramp,77.7,2.347177824573962,0.004105697674762876,1.0280468455507925,0.02804684555079251,0.004021593512422848,1.2913002424610185,0.0006124095450393357,-0.08410416234002835,2,2
778,0.7780000000000006,ramp,77.8,2.34984677237441,0.0026689478004482403,1.0280711937467515,0.028071193746751488,0.002620866079561285,1.2939211085405797,0.0006133423580181478,-0.04808172088695533,2,2
779,0.7790000000000006,ramp,77.9,2.3539599193739758,0.004113146999565664,1.0281135082378252,0.028113508237825213,0.004029135423117946,1.2979502439636976,0.0006142737421436866,-0.0840115764477187,2,2
780,0.7800000000000006,ramp,78.0,2.3566384657023685,0.002678546328392706,1.0281378828974872,0.0281378828974872,0.0026304135473656505,1.3005806575110632,0.000615206745513048,-0.0481327810270553,2,2
781,0.7810000000000006,ramp,78.1,2.3607590591575414,0.004120593455172905,1.028180152185381,0.028180152185381058,0.004036674145294964,1.3046173316563583,0.0006161383244127024,-0.08391930987794102,2,2
782,0.7820000000000006,ramp,78.2,2.3634472069348016,0.0026881477772602302,1.0282045531822357,0.028204553182235692,0.0026399641895116124,1.30725729584587,0.0006170715166885069,-0.04818358774861782,2,2
783,0.7830000000000006,ramp,78.3,2.3675752440165576,0.00412803708175602,1.0282467774262,0.028246777426200076,0.004044209720357492,1.3113015055662274,0.0006180032888682191,-0.08382736139852728,2,2
784,0.7840000000000006,ramp,78.4,2.3702729961234095,0.0026977521068518584,1.0282712046341997,0.028271204634199743,0.0026495179647143662,1.3139510235309417,0.0006189366685751466,-0.04823414213749218,2,2
785,0.7850000000000006,ramp,78.5,2.3744084740425215,0.004135477919112063,1.0283133839928493,0.028313383992849328,0.004051742189429943,1.3180027657203717,0.0006198686325496445,-0.08373572968212,2,2
786,0.7860000000000006,ramp,78.6,2.377115833319537,0.0027073592770152644,1.0283378372865046,0.02833783728650463,0.0026590748319717285,1.3206618405523434,0.0006208021982210541,-0.04828444504353588,2,2
787,0.7870000000000006,ramp,78.7,2.3812587493264448,0.004142916006907971,1.0283799719177966,0.02837997191779662,0.004059271593360448,1.3247211121457039,0.0006217343525137499,-0.08364441354752251,2,2
788,0.7880000000000006,ramp,78.8,2.3839757185745603,0.002716969248115486,1.0284044511720691,0.028404451172069134,0.0026686347505546315,1.3273897468962585,0.0006226681026917297,-0.04833449756085463,2,2
789,0.7890000000000006,ramp,78.9,2.3881260699589815,0.004150351384421214,1.0284465412333568,0.02844654123335677,0.0040667979727190655,1.3314565448689777,0.0006236004458347249,-0.08355341170214817,2,2
790,0.7900000000000006,ramp,79.0,2.3908526519397153,0.002726581980733833,1.028471046323739,0.02847104632373898,0.0026781976800142222,1.334134742548992,0.0006245343790699202,-0.048384300719610945,2,2
791,0.7910000000000006,ramp,79.1,2.3950104360303386,0.004157784090623284,1.0285130919717014,0.028513091971701376,0.004074321367798499,1.3382090639167905,0.0006254669096038512,-0.08346272282478556,2,2
792,0.7920000000000006,ramp,79.2,2.39774663346597,0.002736197435631471,1.0285376227741545,0.028537622774154503,0.002687763580177004,1.3408968274969675,0.0006264010244554691,-0.048433855454467316,2,2
793,0.7930000000000006,ramp,79.3,2.4019118476303483,0.004165214164378206,1.0285796241648901,0.028579624164890127,0.0040818418186224295,1.3449786693155898,0.0006273337409295347,-0.0833723457557764,2,2
794,0.7940000000000006,ramp,79.4,2.404657663204231,0.0027458155738826484,1.028604180555904,0.02860418055590408,0.002697332411136372,1.3476760017267262,0.0006282680359652501,-0.048483162746276294,2,2
795,0.7950000000000006,ramp,79.5,2.408830304848369,0.004172641644137887,1.028646137844861,0.02864613784486103,0.004089359364940664,1.351765361091667,0.0006292009369371164,-0.08328227919722225,2,2
796,0.7960000000000006,ramp,79.6,2.411585741205198,0.0027554363568293994,1.0286707197013631,0.028670719701363145,0.0027069041332589187,1.354472265224926,0.0006301354107330358,-0.048532223570480704,2,2
797,0.7970000000000006,ramp,79.7,2.415765807773426,0.004180066568227669,1.0287126330433873,0.028712633043387337,0.004096874046234544,1.3585691392711605,0.0006310684947687351,-0.0831925219931251,2,2
798,0.7980000000000006,ramp,79.8,2.4185308675195207,0.0027650597460948667,1.0287372402428396,0.028737240242839635,0.0027164787071820265,1.3612856179783426,0.0006320031459093132,-0.04858103891284019,2,2
799,0.7990000000000006,ramp,79.9,2.422718356494028,0.004187488974507048,1.0287791097921353,0.02877910979213527,0.00410438590171567,1.3653900038800582,0.000632936411583247,-0.08310307279137726,2,2
800,0.8000000000000006,ramp,80.0,2.4254930421976724,0.002774685703644586,1.0288037422124527,0.028803742212452743,0.002726056093811858,1.36811605997387,0.0006338712386612535,-0.048629609832727835,2,2
801,0.8010000000000006,ramp,80.1,2.429687951098407,0.004194908900734706,1.0288455681226438,0.028845568122643828,0.0041118949703232025,1.3722279549441931,0.0006348046845560992,-0.08301393041150375,2,2
802,0.8020000000000006,ramp,80.2,2.4324722652899506,0.0027843141915435687,1.0288702256422535,0.0288702256422535,0.00273563625432221,1.3749635911985154,0.0006357396861725351,-0.048677937221358686,2,2
803,0.8030000000000006,ramp,80.3,2.4366745916743557,0.004202326384405097,1.0289120080663043,0.02891200806630434,0.004119401290738688,1.379082992489254,0.0006366733108792026,-0.08292509366640902,2,2
804,0.8040000000000006,ramp,80.4,2.439468536846517,0.0027939451721614716,1.0289366905640975,0.028936690564097534,0.0027452191501464982,1.3818282116394005,0.0006376084856432329,-0.04872602201497341,2,2
805,0.8050000000000006,ramp,80.5,2.443678278309193,0.004209741462675609,1.0289784296543942,0.028978429654394233,0.004126904901375396,1.385955116540776,0.0006385422877607985,-0.0828365613002131,2,2
806,0.8060000000000006,ramp,80.6,2.4464818569174467,0.002803578608253865,1.0290031370097479,0.02900313700974788,0.002754804742985528,1.3887099212837615,0.0006394776342897347,-0.0487738652683368,2,2
807,0.8070000000000006,ramp,80.7,2.450699011089931,0.00421715417248425,1.0290448329180744,0.02904483291807436,0.00413440584038733,1.3928443271241489,0.0006404116124253856,-0.08274833209691995,2,2
808,0.8080000000000006,ramp,80.8,2.4535122255526476,0.002813214462716651,1.029069565010865,0.029069565010864995,0.0027643929948004743,1.3956087201189493,0.0006413471293445982,-0.04882146791617683,2,2
809,0.8090000000000006,ramp,80.9,2.4577367901031497,0.00422456455050213,1.0291112178883681,0.029111217888368124,0.004141904145662523,1.3997506242646118,0.0006422812821135685,-0.08266040483960717,2,2
810,0.8100000000000006,ramp,81.0,2.4605596428018432,0.0028228526986935343,1.0291359745989257,0.029135974598925696,0.0027739838678147925,1.4025246081324265,0.0006432169680564418,-0.04886883087874176,2,2
811,0.8110000000000006,ramp,81.1,2.464791615435037,0.004231972633193859,1.029177584596162,0.029177584596161932,0.004149399854830252,1.4066740079872568,0.0006441512940819738,-0.08257277836360657,2,2
812,0.8120000000000006,ramp,81.2,2.4676241087147046,0.002832493279667503,1.029202365805296,0.029202365805296004,0.0027835773245131756,1.40945758531177,0.0006450871476898157,-0.04891595515432723,2,2
813,0.8130000000000006,ramp,81.3,2.4718634871713774,0.004239378456672771,1.0292439330722367,0.029243933072236716,0.004156893005261954,1.413614478317032,0.000646021645603096,-0.08248545141081691,2,2
814,0.8140000000000006,ramp,81.4,2.474705623340711,0.00284213616933382,1.0292687386612518,0.029268738661251792,0.002793173327633166,1.416407651644665,0.0006469576655251291,-0.04896284170065367,2,2
815,0.8150000000000006,ramp,81.5,2.4789524053976892,0.004246782056978038,1.0293102633472535,0.029310263347253507,0.00416438363407503,1.42057203527874,0.0006478923339652186,-0.08239842290300776,2,2
816,0.8160000000000006,ramp,81.6,2.4818041867292773,0.0028517813315880325,1.0293350931979115,0.0293350931979115,0.002802771840167762,1.4233748071189078,0.0006488285188585252,-0.04900949142027039,2,2
817,0.8170000000000006,ramp,81.7,2.486058370198875,0.0042541834695977165,1.02937657545173,0.02937657545172989,0.004171871778131077,1.427546678897039,0.0006497633564723075,-0.08231169146663986,2,2
818,0.8180000000000006,ramp,81.8,2.488919798929567,0.0028614287306920616,1.029401429446253,0.029401429446253013,0.002812372825369417,1.4303590517224085,0.0006506997050017269,-0.049055905322644644,2,2
819,0.8190000000000006,ramp,81.9,2.4931813816596815,0.004261582730114455,1.0294428694160809,0.029442869416080875,0.004179357474033854,1.4345384091964424,0.0006516347104438885,-0.08222525608060118,2,2
820,0.8200000000000006,ramp,82.0,2.4960524599907026,0.002871078331021071,1.0294677474371912,0.02946774743719116,0.0028219762467411214,1.4373603854431836,0.0006525712212820236,-0.04910208427994942,2,2
821,0.8210000000000006,ramp,82.1,2.5003214398643827,0.004268979873680134,1.0295091452706011,0.02950914527060111,0.004186840758136302,1.4415472262013198,0.000653506393214944,-0.08213911554383248,2,2
822,0.8220000000000006,ramp,82.2,2.503202169961671,0.0028807300972881755,1.0295340472014525,0.029534047201452474,0.002831582068040777,1.4443788082693605,0.0006544430650420362,-0.0491480292473985,2,2
823,0.8230000000000006,ramp,82.3,2.5074785448968386,0.004276374935167748,1.0295754030454378,0.02957540304543782,0.0041943216665400055,1.4485731299359006,0.0006553784021357888,-0.08205326862774277,2,2
824,0.8240000000000006,ramp,82.4,2.5103689288912836,0.002890383994444967,1.0296003287696824,0.029600328769682438,0.0028411902532720443,1.4514143201891727,0.000656315233639728,-0.04919374117292284,2,2
825,0.8250000000000006,ramp,82.5,2.514652696840601,0.004283767949317507,1.0296416427706474,0.029641642770647403,0.004201800235100328,1.455616120424273,0.0006572507345719925,-0.08196771421717895,2,2
826,0.8260000000000006,ramp,82.6,2.51755273682826,0.0029000399876588645,1.02966659217239,0.029666592172389983,0.0028508007666887313,1.4584669211909618,0.0006581877244482349,-0.04923922097013322,2,2
827,0.8270000000000006,ramp,82.7,2.521843895778784,0.004291158950524121,1.0297078644761777,0.02970786447617768,0.004209276499422798,1.4626761976903846,0.0006591233879042625,-0.0818824511013231,2,2
828,0.8280000000000006,ramp,82.8,2.5247535938212495,0.002909698042465436,1.0297328374399568,0.029732837439956805,0.002860413572793977,1.4655366112631785,0.0006600605348557747,-0.049284469671458976,2,2
829,0.8290000000000006,ramp,82.9,2.529052141794173,0.004298547972923394,1.0297740681918226,0.0297740681918226,0.00421675049486385,1.4697533617580423,0.000660996359528309,-0.08179747805954397,2,2
830,0.8300000000000006,ramp,83.0,2.531971499918613,0.002919358124440219,1.029799064602665,0.029799064602664904,0.002870028636335351,1.4726233903943777,0.0006619336622655378,-0.04932948810486802,2,2
831,0.8310000000000006,ramp,83.1,2.5362774349692807,0.004305935050667564,1.029840253947256,0.02984025394725598,0.0042242222565359025,1.4768476126509136,0.0006628696468548095,-0.08171279413166174,2,2
832,0.8320000000000006,ramp,83.2,2.5392064551686797,0.0029290201993990017,1.0298652736906813,0.02986527369068126,0.0028796459223079923,1.4797272585732215,0.000663807104095607,-0.04937427709100946,2,2
833,0.8330000000000006,ramp,83.3,2.5435197753860392,0.004313320217359529,1.0299064217720777,0.029906421772077696,0.004231691819307211,1.4839589503925288,0.0006647432473092298,-0.08162839805231792,2,2
834,0.8340000000000006,ramp,83.4,2.546458459619708,0.0029386842336687202,1.0299314647340077,0.02993146473400765,0.002889265395948623,1.4868482157884775,0.0006656808577788266,-0.04941883772009714,2,2
835,0.8350000000000006,ramp,83.5,2.5507791631261476,0.004320703506439649,1.0299725716957586,0.02997257169575862,0.0042391592178033545,1.4910873750062807,0.0006666171583317763,-0.08154428863629479,2,2
836,0.8360000000000006,ramp,83.6,2.553727513319741,0.0029483501935931855,1.029997637762583,0.029997637762583018,0.0028988870227335184,1.4939862620290143,0.000667554920762705,-0.04946317085966715,2,2
837,0.8370000000000006,ramp,83.7,2.5580555982709803,0.004328084951239486,1.0300387037476204,0.03003870374762041,0.004246624486412439,1.4982328865154266,0.000668491377377291,-0.08146046482704686,2,2
838,0.8380000000000006,ramp,83.8,2.5610136163167647,0.0029580180457844385,1.0300637928062106,0.030063792806210632,0.002908510768381905,1.5011413972838086,0.0006694292905093334,-0.049507277402533516,2,2
839,0.8390000000000006,ramp,83.9,2.5653490809014525,0.004335464584687809,1.0301048179569134,0.030104817956913443,0.004254087659276394,1.505395484943085,0.0006703659019150924,-0.08137692541141522,2,2
840,0.8400000000000006,ramp,84.0,2.5683167686585433,0.0029676877570907756,1.0301299298945648,0.030129929894564755,0.0029181365988544105,1.5083136215419395,0.0006713039644952887,-0.04955115823636509,2,2
841,0.8410000000000006,ramp,84.1,2.572659611098169,0.004342842439625905,1.0301709143527535,0.03017091435275354,0.0042615487703002095,1.5125751703122396,0.0006722407294289754,-0.0812936693256952,2,2
842,0.8420000000000006,ramp,84.2,2.575636970392827,0.002977359294657589,1.0301960490572193,0.030196049057219287,0.0029277644803480454,1.5155029347925877,0.0006731789402114793,-0.049594814309543434,2,2
843,0.8430000000000006,ramp,84.3,2.5799871889414066,0.004350218548579754,1.0302369929641397,0.03023699296413973,0.00426900785315376,1.5197719426457414,0.0006741158574170394,-0.08121069542599366,2,2
844,0.8440000000000006,ramp,84.4,2.5829742215672167,0.0029870326258101265,1.0302621503236293,0.030262150323629333,0.0029373943792961486,1.5227093370250375,0.0006750542151631387,-0.04963824651397792,2,2
845,0.8450000000000006,ramp,84.5,2.5873318145110327,0.004357592943815991,1.0303030538199636,0.030303053819963566,0.004276464941269697,1.5269858019663072,0.0006759912833915788,-0.08112800254629365,2,2
846,0.8460000000000006,ramp,84.6,2.5903285222291186,0.0029967077180859114,1.0303282337231365,0.030328233723136533,0.002947026262363525,1.5299328282286706,0.0006769297868696508,-0.04968145572238625,2,2
847,0.8470000000000006,ramp,84.7,2.594693487886647,0.004364965657528419,1.0303690969490225,0.030369096949022456,0.004283920067851072,1.5342167482965217,0.0006778670048790688,-0.08104558967734696,2,2
848,0.8480000000000006,ramp,84.8,2.597699872425905,0.0030063845392578337,1.030394299284958,0.03039429928495796,0.0029566600964521087,1.5371734083929738,0.0006788056528644994,-0.04972444280572493,2,2
849,0.8490000000000006,ramp,84.9,2.6020722091474084,0.004372336721503611,1.0304351223799768,0.03043512237997681,0.004291373265862476,1.5414647816588363,0.0006797430194200128,-0.08096345564113493,2,2
850,0.8500000000000006,ramp,85.0,2.605088272204799,0.00301606305739055,1.0304603470382179,0.030460347038217872,0.002966295848696587,1.544431077507533,0.0006806818106951164,-0.04976720869396319,2,2
851,0.8510000000000006,ramp,85.1,2.609467978372126,0.004379706167326969,1.0305011301413833,0.030501130141383337,0.004298824568037369,1.5487299020755703,0.0006816193245688158,-0.08088159928960025,2,2
852,0.8520000000000006,ramp,85.2,2.6124937216129247,0.0030257432407987395,1.0305263770119313,0.030526377011931283,0.002975933486463887,1.5517058355620341,0.000682558257922897,-0.04980975433485244,2,2
853,0.8530000000000006,ramp,85.3,2.6168807956394096,0.004387074026484861,1.030567120261695,0.030567120261695058,0.004306274006877917,1.5560121095689121,0.0006834959178937838,-0.08080001960694347,2,2
854,0.8540000000000006,ramp,85.4,2.61991622069721,0.0030354250578006337,1.0305923892349749,0.03059238923497487,0.002985572977349293,1.5589976825462615,0.0006844349921229667,-0.04985208045134044,2,2
855,0.8550000000000006,ramp,85.5,2.6243106610273372,0.004394440330127036,1.0306330927692653,0.03063309276926529,0.0043137216146604375,1.563311404160922,0.0006853727969769094,-0.08071871546659874,2,2
856,0.8560000000000006,ramp,85.6,2.627355769504584,0.0030451084772469272,1.0306583837361174,0.0306583837361174,0.00299521428917553,1.5663066184500976,0.0006863120108842042,-0.04989418807139741,2,2
857,0.8570000000000007,ramp,85.7,2.631757574613754,0.004401805109169654,1.030699047692334,0.030699047692333892,0.004321167423431329,1.570627785873529,0.000687249959413919,-0.08063768573832522,2,2
858,0.8580000000000007,ramp,85.8,2.6348123680817674,0.003054793468013628,1.0307243605440657,0.030724360544065688,0.003004857389995273,1.5736326432635241,0.0006881893118090826,-0.049936078018354785,2,2
859,0.8590000000000007,ramp,85.9,2.639221536476155,0.0044091683943876525,1.0307649850589873,0.030764985058987282,0.004328611465012128,1.5779612547285362,0.0006891274028140615,-0.0805569293755243,2,2
860,0.8600000000000007,ramp,86.0,2.642286016475363,0.003064479999208114,1.0307903196873502,0.030790319687350243,0.0030145022480810983,1.5809757569766174,0.0006900668925136087,-0.04997775112701571,2,2
861,0.8610000000000007,ramp,86.1,2.64670254669168,0.004416530216316605,1.0308309048972955,0.030830904897295452,0.0043360537709974025,1.5853118107476147,0.0006910051248000871,-0.08047644531920285,2,2
862,0.8620000000000007,ramp,86.2,2.649776714731969,0.003074168040289038,1.0308562611944547,0.030856261194454726,0.0030241488319388493,1.5883359595795536,0.0006919447506272185,-0.05001920835018877,2,2
863,0.8630000000000007,ramp,86.3,2.6542006053371012,0.0044238906051323745,1.0308968072351472,0.030896807235147206,0.004343494372757926,1.5926794539523115,0.0006928831230081383,-0.08039623237444861,2,2
864,0.8640000000000007,ramp,86.4,2.657284462897966,0.003083857560864711,1.0309221850937231,0.03092218509372313,0.003033797110293519,1.595713251062605,0.0006938228837926986,-0.05006045057119211,2,2
865,0.8650000000000007,ramp,86.5,2.661715712488983,0.004431249591017039,1.03096269210036,0.030962692100360067,0.004350933301441686,1.6000641843640468,0.0006947613950876237,-0.08031628957535282,2,2
866,0.8660000000000007,ramp,86.6,2.664809261019584,0.0030935485306011756,1.0309880914133573,0.030988091413357344,0.003043447052088681,1.6031076314161354,0.0006957012896660787,-0.0501014785124947,2,2
867,0.8670000000000007,ramp,86.7,2.6692478682233904,0.0044386072038062885,1.0310285595206312,0.031028559520631216,0.0043583705879792125,1.6074660020041147,0.0006966399387011964,-0.08023661582707599,2,2
868,0.8680000000000007,ramp,86.8,2.6723511091430554,0.0031032409196649624,1.0310539801815315,0.031053980181531493,0.0030530986264942542,1.610519100630609,0.0006975799659165858,-0.050142293170708174,2,2
869,0.8690000000000007,ramp,86.9,2.676797072616224,0.004445963473168391,1.0310944095235626,0.03109440952356257,0.004365806263074195,1.6148849068936832,0.000698518751524661,-0.08015721009419548,2,2
870,0.8700000000000007,ramp,87.0,2.6799100073144233,0.00311293469819951,1.0311198514262545,0.031119851426254508,0.003062751802896407,1.6179476586965797,0.0006994589102264971,-0.050182895303102666,2,2
871,0.8710000000000007,ramp,87.1,2.6843633257429262,0.004453318428502939,1.0311602421366484,0.031160242136648364,0.0043732403572160775,1.6223208990537958,0.0007003978312467966,-0.08007807128686174,2,2
872,0.8720000000000007,ramp,87.2,2.687485955579679,0.0031226298367528216,1.031185705175453,0.031185705175452938,0.003072406550905569,1.6253933056047014,0.0007013381202910865,-0.0502232858472524,2,2
873,0.8730000000000007,ramp,87.3,2.691946627678627,0.00446067209894796,1.0312260573872845,0.031226057387284456,0.0043806729006720165,1.6297739785053735,0.0007022771755693395,-0.07999919827594328,2,2
874,0.8740000000000007,ramp,87.4,2.6950789539845887,0.003132326305961719,1.0312515414569436,0.03125154145694364,0.003082062840341019,1.6328560413457145,0.0007032175938185642,-0.050263465620700026,2,2
875,0.8750000000000007,ramp,87.5,2.6995469784982387,0.004468024513649915,1.0312918553027544,0.03129185530275436,0.004388103923500202,1.6372441452692148,0.0007041567822069708,-0.07992059014971363,2,2
876,0.8760000000000007,ramp,87.6,2.702689002574964,0.0031420240767254803,1.0313173602984385,0.03131736029843846,0.003091720641240093,1.640335865910455,0.0007050973285299475,-0.05030343548538714,2,2
877,0.8770000000000007,ramp,87.7,2.7071643782762824,0.004475375701318285,1.0313576359102643,0.0313576359102643,0.004395533455540959,1.644731399365996,0.0007060366488870471,-0.07984224577732568,2,2
878,0.8780000000000007,ramp,87.8,2.7103161013963835,0.0031517231201010354,1.031383161727554,0.031383161727553954,0.0031013799238550797,1.647832779289851,0.0007069773221589558,-0.050343196245955686,2,2
879,0.8790000000000007,ramp,87.9,2.7147988270869328,0.004482725690549305,1.03142339923688,0.03142339923687998,0.004402961526417556,1.6522357408162687,0.0007079167733497082,-0.07976416413174939,2,2
880,0.8800000000000007,ramp,88.0,2.7179602504943876,0.003161423407454844,1.0314489457717766,0.03144894577177659,0.003111040658653984,1.6553467814749228,0.000708857572452023,-0.05038274880086015,2,2
881,0.8810000000000007,ramp,88.1,2.722450325004047,0.004490074509659436,1.0314891453095882,0.03148914530958824,0.004410388165543699,1.6597571696404665,0.0007097971533476439,-0.07968634411573745,2,2
882,0.8820000000000007,ramp,88.2,2.725621449914325,0.003171124910278156,1.0315147124585478,0.031514712458547756,0.003120702816317288,1.6628778724567839,0.0007107380771681734,-0.05042209396086778,2,2
883,0.8830000000000007,ramp,88.3,2.7301188721012464,0.004497422186921174,1.0315548741552993,0.03155487415529934,0.004417813402115918,1.6672956858588999,0.000711677786646143,-0.07960878480525561,2,2
884,0.8840000000000007,ramp,88.4,2.7332996997015213,0.003180827600274938,1.0315804618151374,0.031580461815137406,0.003130366367733575,1.6704260522266334,0.0007126188340788113,-0.05046123254136324,2,2
885,0.8850000000000007,ramp,88.5,2.7378044684517646,0.004504768750243304,1.0316205858007867,0.03162058580078675,0.004425237265131233,1.6748512894917646,0.0007135586710228786,-0.07953148511207105,2,2
886,0.8860000000000007,ramp,88.6,2.7409949999011785,0.003190531449413836,1.0316461938687684,0.031646193868768435,0.003140031283995453,1.6779913207757602,0.0007144998409678679,-0.050500165418382745,2,2
887,0.8870000000000007,ramp,88.7,2.745507114128558,0.004512114227379627,1.0316862802727187,0.03168628027271869,0.004432659783373545,1.6824239805591337,0.0007154398042679312,-0.07945444400608154,2,2
888,0.8880000000000007,ramp,88.8,2.7487073505583752,0.0032002364298171493,1.0317119086465272,0.031711908646527176,0.0031496975364151067,1.6855736780955488,0.0007163810956315412,-0.050538893402042595,2,2
889,0.8890000000000007,ramp,88.9,2.7532268092042815,0.004519458645906305,1.031751957597719,0.03175195759771898,0.004440080985415048,1.6900137590809639,0.0007173211841836507,-0.07937766049125657,2,2
890,0.8900000000000007,ramp,89.0,2.7564367517180646,0.0032099425137830373,1.0317776061754311,0.03177760617543113,0.0031593650965027658,1.6931731241774666,0.000718262595878286,-0.050577417280271535,2,2
891,0.8910000000000007,ramp,89.1,2.760963553751206,0.004526802033141486,1.0318176178022582,0.031817617802258225,0.004447500899623252,1.6976206250770898,0.0007192028085846264,-0.07930113351823416,2,2
892,0.8920000000000007,ramp,89.2,2.7641832034251093,0.003219649673903202,1.0318432864823641,0.03184328648236412,0.00316903393598389,1.7007896590130738,0.0007201443395287467,-0.050615737919311975,2,2
893,0.8930000000000007,ramp,89.3,2.7687173478413802,0.00453414441627098,1.0318832609127473,0.03188326091274729,0.004454919554160873,1.7052445785672345,0.0007210846752975317,-0.07922486211010653,2,2
894,0.8940000000000007,ramp,89.4,2.771946705724305,0.003229357882924777,1.0319089495941485,0.03190894959414847,0.003178704026781759,1.7084232825940162,0.0007220263244156404,-0.05065385614301792,2,2
895,0.8950000000000007,ramp,89.5,2.77648819154648,0.004541485822175062,1.0319488869554836,0.03194888695548359,0.004462336976984268,1.7128856195710005,0.0007229667821611195,-0.07914884519079432,2,2
896,0.8960000000000007,ramp,89.6,2.779727258660288,0.0032390671138080585,1.0319745955374824,0.031974595537482386,0.003188375341025374,1.7160739949120258,0.0007239085483836811,-0.050691772782684476,2,2
897,0.8970000000000007,ramp,89.7,2.7842760849379733,0.0045488262776851585,1.0320144959566446,0.03201449595664463,0.004469753195855578,1.7205437481078814,0.0007248491270261383,-0.07907308182958026,2,2
898,0.8980000000000007,ramp,89.8,2.7875248622776083,0.003248777339635023,1.032040224338988,0.0320402243389879,0.003198047851041307,1.7237417959589227,0.0007257910092895616,-0.05072948859371562,2,2
899,0.8990000000000007,ramp,89.9,2.79208102808699,0.004556165809381785,1.0320800879423746,0.0320800879423746,0.00447716823832511,1.7282189641972479,0.0007267317077551774,-0.07899757105667496,2,2
900,0.9000000000000007,ramp,90.0,2.7953395166207358,0.0032584885337456626,1.0321058360251414,0.03210583602514139,0.003207721529364436,1.7314266857266123,0.0007276737050017848,-0.05076700438122646,2,2
901,0.9010000000000007,ramp,90.1,2.7999030210642246,0.004563504443488853,1.0321456629386492,0.03214566293864918,0.004484582131745746,1.7359112678583581,0.0007286145222226748,-0.07892231174310652,2,2
902,0.9020000000000007,ramp,90.2,2.803171221733973,0.0032682006697482002,1.0321714306223908,0.032171430622390806,0.0032173963487323503,1.7391286642070904,0.0007295566334006871,-0.05080432101584997,2,2
903,0.9030000000000007,ramp,90.3,2.8077420639402684,0.004570842206295556,1.0322112209714187,0.03221122097141871,0.004491994903266527,1.743620659110357,0.0007304975683148258,-0.0788473030290289,2,2
904,0.9040000000000007,ramp,90.4,2.811019977661691,0.0032779137214227205,1.0322370081570462,0.03223700815704622,0.0032270722820750266,1.746847731392432,0.00073143979237825,-0.0508414393476939,2,2
905,0.9050000000000007,ramp,90.5,2.8155981567853194,0.004578179123628345,1.032276762066491,0.032276762066490994,0.004499406579848348,1.7513471379722803,0.0007323808439294619,-0.07877254377999711,2,2
906,0.9060000000000007,ramp,90.6,2.8188857844478687,0.0032876276625493084,1.032302568655341,0.03230256865534109,0.003236749302516428,1.7545838872747967,0.0007333231798381307,-0.050878360032880536,2,2
907,0.9070000000000007,ramp,90.7,2.823471299669288,0.004585515221419367,1.0323422862496,0.032342286249599894,0.004506817188249192,1.759090704463046,0.0007342643469760416,-0.07869803317017525,2,2
908,0.9080000000000007,ramp,90.8,2.826768642136652,0.003297342467363684,1.0323681121433934,0.03236811214339341,0.003246427383386232,1.7623371318464323,0.0007352067936955181,-0.050915083977452064,2,2
909,0.9090000000000007,ramp,90.9,2.8313614926618382,0.0045928505251864316,1.03240779354637,0.03240779354637002,0.004514226755031299,1.7668513586014636,0.000736148075375511,-0.07862377015513226,2,2
910,0.9100000000000007,ramp,91.0,2.8346685507719607,0.0033070581101224406,1.032433638647229,0.032433638647229035,0.0032561064982044086,1.770107465099668,0.0007370906318770963,-0.0509516119180319,2,2
911,0.9110000000000007,ramp,91.1,2.8392687358322455,0.0046001850602848116,1.0324732839823767,0.0324732839823767,0.0045216353065596505,1.7746291004062276,0.0007380320270603058,-0.07854975372516108,2,2
912,0.9120000000000007,ramp,91.2,2.8425855103976083,0.0033167745653628344,1.0324991481928032,0.032499148192803196,0.0032657866206915608,1.7778948870269191,0.000738974692320973,-0.05098794467127366,2,2
913,0.9130000000000007,ramp,91.3,2.847193029249576,0.00460751885196764,1.032538757583057,0.03253875758305691,0.0045290428690061045,1.7824239298959252,0.0007399161999741911,-0.07847598296153567,2,2
914,0.9140000000000007,ramp,91.4,2.8505195210573744,0.0033264918077984262,1.03256464080597,0.0325646408059701,0.003275467724752973,1.7856993976206783,0.0007408589729765685,-0.0510240830454531,2,2
915,0.9150000000000007,ramp,91.5,2.85513437298263,0.004614851925255792,1.0326042143737666,0.032604214373766593,0.00453644946835335,1.7902358470890316,0.0007418005920722512,-0.07840245690244207,2,2
916,0.9160000000000007,ramp,91.6,2.8584705827949497,0.003336209812319524,1.0326301165124625,0.032630116512462504,0.00328514978449038,1.793520996873522,0.0007427434718045836,-0.051060027829143845,2,2
917,0.9170000000000007,ramp,91.7,2.863092767099822,0.004622184304872157,1.0326696543797942,0.03266965437979419,0.004543855130393841,1.7980648520039157,0.0007436852013208102,-0.07832917447831572,2,2
918,0.9180000000000007,ramp,91.8,2.8664386956537378,0.003345928553915911,1.0326955753379605,0.032695575337960525,0.003294832774194705,1.8013596847781104,0.000744628186776885,-0.05109577972120614,2,2
919,0.9190000000000007,ramp,91.9,2.8710682116693444,0.004629516015606683,1.0327350776263209,0.032735077626320885,0.004551259880725323,1.8059109446588357,0.0007455700256973248,-0.07825613488136006,2,2
920,0.9200000000000007,ramp,92.0,2.8744238596773144,0.003355648007969947,1.0327610173080464,0.03276101730804637,0.003304516668349585,1.8092154613271854,0.0007465131158765164,-0.051131339620362044,2,2
921,0.9210000000000007,ramp,92.1,2.879060706759148,0.0046368470818336505,1.0328004841384248,0.032800484138424846,0.004558663744752628,1.813774125071938,0.0007474550631903657,-0.07818333708102271,2,2
922,0.9220000000000007,ramp,92.2,2.8824260749090205,0.0033653681498724275,1.0328264424481748,0.032826442448174786,0.0033142014416277454,1.8170883265135656,0.0007483982570975152,-0.05116670824468214,2,2
923,0.9230000000000007,ramp,92.3,2.887070252436768,0.004644177527747484,1.032865873941126,0.032865873941126056,0.004566066747700104,1.8216543932612657,0.000749340311799515,-0.07811078004738015,2,2
924,0.9240000000000007,ramp,92.4,2.890445341392039,0.003375088955270833,1.0328918507837537,0.03289185078375367,0.00332388706888829,1.824978280330154,0.0007502836084449403,-0.051201886382543166,2,2
925,0.9250000000000007,ramp,92.5,2.8950968487696107,0.004651507377571917,1.032931247059332,0.032931247059331925,0.004573468914601211,1.8295517492447553,0.0007512257695352822,-0.07803846297070594,2,2
926,0.9260000000000007,ramp,92.6,2.898481659169585,0.003384810399974292,1.032957242340069,0.032957242340069026,0.003333573525172524,1.8328853227699278,0.0007521691679347669,-0.051236874801767994,2,2
927,0.9270000000000007,ramp,92.7,2.903140495824752,0.004658836655166976,1.0329966035178628,0.03299660351786282,0.004580870270309116,1.837466193040237,0.0007531114344190809,-0.07796638485785962,2,2
928,0.9280000000000007,ramp,92.8,2.90653502828467,0.0033945324599180537,1.0330226171423496,0.03302261714234955,0.0033432607857106864,1.8408094538259476,0.0007540549335937756,-0.05127167420736732,2,2
929,0.9290000000000007,ramp,92.9,2.911201193668873,0.004666165384203058,1.033061943341487,0.03306194334148693,0.004588270839484053,1.8453977246654316,0.0007549973044831356,-0.07789454471900537,2,2
930,0.9300000000000007,ramp,93.0,2.914605448780322,0.0034042551114490394,1.0330879752157172,0.03308797521571716,0.0033529488259222084,1.848750673491354,0.00075594090345956,-0.051306285526831,2,2
931,0.9310000000000007,ramp,93.1,2.9192789423685936,0.004673493588271516,1.033127266554818,0.0331272665548179,0.004595670646601733,1.8533463441379556,0.0007568833777704113,-0.0778229416697829,2,2
932,0.9320000000000007,ramp,93.2,2.9226929206993777,0.003413978330784051,1.033153316585183,0.033153316585182946,0.003362637621405465,1.8567089817593612,0.0007578270755804345,-0.0513407093785858,2,2
933,0.9330000000000007,ramp,93.3,2.9273737419900705,0.004680821290692805,1.0331925731824536,0.03319257318245361,0.004603069715963599,1.8613120514753247,0.0007587696523345331,-0.0777515747292061,2,2
934,0.9340000000000007,ramp,93.4,2.9307974440845435,0.003423702094472958,1.033218641275714,0.033218641275714056,0.0033723271479402265,1.864684378623265,0.0007597134480153114,-0.0513749465327314,2,2
935,0.9350000000000007,ramp,93.5,2.9354855925993864,0.004688148514842894,1.0332578632488536,0.0332578632488536,0.004610468071682242,1.8692948466949473,0.0007606561262397475,-0.07768044316065151,2,2
936,0.9360000000000007,ramp,93.6,2.938919018978684,0.003433426379297444,1.0332839493121564,0.03328394931215639,0.0033820173814852854,1.8726768640764326,0.0007616000188337214,-0.0514089978121586,2,2
937,0.9370000000000007,ramp,93.7,2.9436144942620492,0.004695475283365447,1.0333231367784117,0.0333231367784117,0.004617865737697779,1.8772947298141305,0.0007625427975608616,-0.07760954566766748,2,2
938,0.9380000000000007,ramp,93.8,2.947057645424192,0.003443151162142666,1.0333492407192906,0.033349240719290574,0.003391708298186318,1.8806864381123167,0.0007634867861156811,-0.05144286395634794,2,2
939,0.9390000000000007,ramp,93.9,2.9517604470436085,0.004702801619416608,1.033388393795455,0.03338839379545511,0.004625262737757846,1.8853117008500746,0.0007644296643831495,-0.07753888165876188,2,2
940,0.9400000000000007,ramp,94.0,2.9552133234636457,0.003452876420037221,1.0334145155217727,0.03341451552177266,0.0034013998743631316,1.8887131007244378,0.0007653737479516859,-0.0514765456740892,2,2
941,0.9410000000000007,ramp,94.1,2.9599234510092387,0.004710127545592968,1.033453634324203,0.0334536343242029,0.004632659095441832,1.8933457598198795,0.0007663167248022684,-0.07746845015113579,2,2
942,0.9420000000000007,ramp,94.2,2.963386053139497,0.0034626021302583965,1.033479773744233,0.033479773744232943,0.003411092086521306,1.8967568519064009,0.0007672609024425617,-0.05151004373709061,2,2
943,0.9430000000000007,ramp,94.3,2.968103506223744,0.00471745308424687,1.0335188583887756,0.03351885838877555,0.004640054834144723,1.9013969067405456,0.0007682039769242732,-0.07739825010214668,2,2
944,0.9440000000000007,ramp,94.4,2.971575834493957,0.003472328270213154,1.0335450154111636,0.033545015411163615,0.0034207849113313113,1.9048176916518769,0.0007691482476995043,-0.051543358881842895,2,2
945,0.9450000000000007,ramp,94.5,2.9763006127517677,0.004724778257810591,1.0335840660132576,0.033584066013257585,0.004647449977095429,1.9094651416289723,0.0007700914188654925,-0.07732828071516182,2,2
946,0.9460000000000007,ramp,94.6,2.9797826675693297,0.0034820548175620303,1.0336102405470076,0.033610240547007564,0.003430478325642904,1.9128956199546152,0.0007710357818439054,-0.05157649191912632,2,2
947,0.9470000000000007,ramp,94.7,2.9845147706577215,0.004732103088391781,1.0336492572215883,0.03364925722158829,0.004654844547340132,1.9175504645019554,0.0007719790487524251,-0.07725854105164898,2,2
948,0.9480000000000007,ramp,94.8,2.9880065524077084,0.0034917817499868775,1.0336754491760916,0.033675449176091554,0.003440172306486751,1.9209906368084422,0.0007729235030074009,-0.051609443500126584,2,2
949,0.9490000000000007,ramp,94.9,2.9927459800056493,0.004739427597940882,1.0337144320376923,0.03371443203769231,0.0046622385677503415,1.9256528753761926,0.0007738668647218316,-0.07718903019054024,2,2
950,0.9500000000000007,ramp,95.0,2.996247489051078,0.0035015090454288966,1.0337406413226926,0.03374064132269261,0.003449866831063748,1.9291027422072564,0.0007748114093317237,-0.05164221436514864,2,2
951,0.9510000000000007,ramp,95.1,3.0009942408594164,0.004746751808338168,1.0337795904853664,0.033779590485366384,0.004669632061021831,1.9337723742682782,0.0007757548649204419,-0.0771197473163369,2,2
952,0.9520000000000007,ramp,95.2,3.0045054775414823,0.003511236682065988,1.033805817010962,0.03380581701096208,0.003459561876751371,1.9372319361450296,0.0007766994989686793,-0.05167480531461689,2,2
953,0.9530000000000007,ramp,95.3,3.009259553282553,0.0047540757410704515,1.0338447325883158,0.03384473258831577,0.00467702504968378,1.9419089611947133,0.0007776430475051178,-0.07705069138667138,2,2
954,0.9540000000000007,ramp,95.4,3.0127805179206995,0.003520964638146662,1.0338709762649985,0.033870976264998465,0.003469257421093663,1.945378218615807,0.0007785877700800818,-0.05170721705299906,2,2
955,0.9550000000000007,ramp,95.5,3.0175419173384794,0.004761399417779977,1.0339098583702053,0.033909858370205326,0.004684417556092196,1.9500626361718993,0.0007795314106426323,-0.07698186168778043,2,2
956,0.9560000000000007,ramp,95.6,3.0210726102305516,0.003530692892072196,1.033936119108811,0.033936119108811,0.003478953441804021,1.9535415896137034,0.0007804762208376521,-0.05173945026817504,2,2
957,0.9570000000000007,ramp,95.7,3.025841333090182,0.004768722859630259,1.0339749678546062,0.033974967854606186,0.004691809602434774,1.9582333992161383,0.0007814199525097235,-0.07691325719548503,2,2
958,0.9580000000000007,ramp,95.8,3.0293817545126354,0.003540421422453477,1.0340012455663254,0.034001245566325444,0.0034886499167727913,1.961722049132911,0.0007823648494230381,-0.05177150568068563,2,2
959,0.9590000000000007,ramp,95.9,3.034157800600477,0.004776046087841657,1.0340400610649856,0.03404006106498558,0.004699201210723672,1.9664212503436347,0.0007833086712929276,-0.07684487711798453,2,2
960,0.9600000000000007,ramp,96.0,3.0377079508086533,0.0035501502081762837,1.0340663556613934,0.03406635566139338,0.003498346824052788,1.9699195971676875,0.000784253654027707,-0.051803384123495604,2,2
961,0.9610000000000007,ramp,96.1,3.0424913199319428,0.0047833691232894715,1.0341051380247464,0.03410513802474635,0.004706592402811684,1.9746261895704993,0.0007851975651886225,-0.07677672047778743,2,2
962,0.9620000000000007,ramp,96.2,3.0460511991600434,0.0035598792281006375,1.034131449417757,0.03413144941775692,0.003508044141867758,1.978134233712367,0.0007861426328528293,-0.05183508623287942,2,2
963,0.9630000000000007,ramp,96.3,3.0508418911468307,0.004790691986787277,1.0341701987572078,0.03417019875720784,0.004713983200374115,1.9828482169127413,0.0007870866324028593,-0.076708786413162,2,2
964,0.9640000000000007,ramp,96.4,3.054411499608201,0.0035696084613703327,1.0341965268591147,0.03419652685911467,0.003517741848613704,1.986365958761355,0.0007880317841093593,-0.05186661275662866,2,2
965,0.9650000000000007,ramp,96.5,3.0592095143072884,0.004798014699087361,1.0342352432856237,0.03423524328562366,0.004721373624922956,1.9910873323862779,0.0007889758711514182,-0.07664107416440434,2,2
966,0.9660000000000007,ramp,96.6,3.062788852194495,0.003579337887206435,1.0342615880090582,0.03426158800905821,0.0035274399228430145,1.994614772309121,0.0007899211060178002,-0.05189796436342068,2,2
967,0.9670000000000007,ramp,96.7,3.0675941894750594,0.004805337280564537,1.0343002716331458,0.03430027163314575,0.004728763697814966,1.999343536006936,0.0007908652796596297,-0.07657358274957074,2,2
968,0.9680000000000007,ramp,96.8,3.071183256960112,0.0035890674850524995,1.0343266328911074,0.03432663289110738,0.0035371383432723454,2.0028806743502083,0.0007918105968083107,-0.05192914178015406,2,2
969,0.9690000000000007,ramp,96.9,3.0759959167116984,0.004812659751586512,1.0343652838228845,0.03436528382288451,0.004736153440228017,2.0076168277904363,0.0007927548561624402,-0.07650631135849503,2,2
970,0.9700000000000008,ramp,97.0,3.0795947139462134,0.003598797234515061,1.034391661528703,0.03439166152870299,0.0035468370887923773,2.011163664879229,0.0007937002547205563,-0.05196014572268368,2,2
971,0.9710000000000008,ramp,97.1,3.0844146960785395,0.0048199821323260394,1.0344302798778253,0.03443027987782532,0.004743542873186955,2.0159072077524156,0.0007946445989042449,-0.07643925913908452,2,2
972,0.9720000000000008,ramp,97.2,3.0880232231939564,0.0036085271154169263,1.0344566739452083,0.03445667394520835,0.00355653613845067,2.0194637438908662,0.0007955900780036618,-0.05199097696625618,2,2
973,0.9730000000000008,ramp,97.3,3.092850527636631,0.0048273044426747624,1.034495259820911,0.03449525982091095,0.004750932017548006,2.0242146759084143,0.0007965345061389278,-0.07637242512675661,2,2
974,0.9740000000000008,ramp,97.4,3.0964687847441597,0.0036182571075284997,1.0345216701639082,0.03452167016390817,0.0035662354714546523,2.027780911379869,0.0007974800649161658,-0.052021636073847424,2,2
975,0.9750000000000008,ramp,97.5,3.101303411446797,0.004834626702637568,1.03456022367498,0.03456022367498002,0.0047583208940076656,2.0325392322738765,0.0007984245761296938,-0.07630580862990222,2,2
976,0.9760000000000008,ramp,97.6,3.1049313986378513,0.0036279871910540606,1.0345866502079937,0.034586650207993674,0.003575935067178252,2.036115167341055,0.000799370213725945,-0.05205212387580883,2,2
977,0.9770000000000008,ramp,97.7,3.1097733475696265,0.004841948931775253,1.0346251714628263,0.03462517146282629,0.004765709523103304,2.040880876864158,0.0008003148071491241,-0.07623940867194923,2,2
978,0.9780000000000008,ramp,97.8,3.1134110649158346,0.0036377173462081025,1.0346516141005897,0.0346516141005897,0.0035856349051517945,2.04446651176931,0.0008012605227102,-0.052082441056307965,2,2
979,0.9790000000000008,ramp,97.9,3.118260336065428,0.004849271149593548,1.03469010320712,0.03469010320712007,0.00477309792521354,2.0492396096945233,0.0008022051974790485,-0.07617322438000819,2,2
980,0.9800000000000008,ramp,98.0,3.121907783618657,0.0036474475532286554,1.0347165618647511,0.03471656186475114,0.003595334965062971,2.0528349446595864,0.0008031509901553798,-0.05211258816568455,2,2
981,0.9810000000000008,ramp,98.1,3.1267643769943394,0.004856593375682561,1.0347550189305281,0.034755018930528125,0.004780486120553486,2.0576154307801398,0.000804095745410491,-0.07610725512907472,2,2
982,0.9820000000000008,ramp,98.2,3.1304215547871683,0.003657177792828925,1.0347814935234616,0.034781493523461604,0.003605035226765483,2.061220466006905,0.000805041614357094,-0.052142566063442024,2,2
983,0.9830000000000008,ramp,98.3,3.1352854704162065,0.004863915629038207,1.0348199186555807,0.03481991865558065,0.004787874129186907,2.066008340136092,0.00080598644924368,-0.07604149985129989,2,2
984,0.9840000000000008,ramp,98.4,3.1389523784618465,0.0036669080456399605,1.0348464090995777,0.0348464090995777,0.003614735670257471,2.069623075806349,0.0008069323936200699,-0.052172375382489485,2,2
985,0.9850000000000008,ramp,98.5,3.143823616390633,0.00487123792878652,1.034884802404722,0.034884802404721915,0.004795261971017601,2.0744183377773666,0.0008078773072879235,-0.07597595776891955,2,2
986,0.9860000000000008,ramp,98.6,3.1475002546831474,0.0036766382925144114,1.0349113086159483,0.03491130861594827,0.003624436275704156,2.078042774053071,0.0008088233262581435,-0.05220201681025533,2,2
987,0.9870000000000008,ramp,98.7,3.152378814977002,0.0048785602938545836,1.0349496702003906,0.03494967020039064,0.004802649665796784,2.082845423718868,0.0008097683178615574,-0.07591062805779955,2,2
988,0.9880000000000008,ramp,98.8,3.1560651834915348,0.003686368514532745,1.0349761920952976,0.034976192095297565,0.0036341370234231605,2.086479560742291,0.0008107144105941767,-0.05223149110958466,2,2
989,0.9890000000000008,ramp,98.9,3.1609510662345386,0.004885882743003833,1.0350145220649074,0.035014522064907405,0.0048100372331113216,2.0912895979754023,0.000811659479291949,-0.07584550989251163,2,2
990,0.9900000000000008,ramp,99.0,3.1646471649271923,0.0036960986926537487,1.0350410595603021,0.035041059560302124,0.00364383789388849,2.0949334358692906,0.0008126056449599566,-0.052260798765258513,2,2
991,0.9910000000000008,ramp,99.1,3.1695403702220553,0.0048932052948629234,1.0350793580204956,0.035079358020495555,0.004817424692401254,2.099750860561692,0.000813550789915377,-0.0757806024616692,2,2
992,0.9920000000000008,ramp,99.2,3.1732461990304137,0.003705828808358458,1.0351059110335394,0.03510591103353944,0.0036535388677244023,2.1034043994294165,0.0008144970276962524,-0.05228994063405552,2,2
993,0.9930000000000008,ramp,99.3,3.1781467269982757,0.004900527967862001,1.0351441780893524,0.03514417808935244,0.004824812062955028,2.1082292114923713,0.0008154422480770556,-0.07571590490697278,2,2
994,0.9940000000000008,ramp,99.4,3.181862285841345,0.0037155588430692887,1.0351707465375237,0.03517074653752372,0.0036632399257093707,2.111892451418081,0.000816388557152606,-0.052318917359918046,2,2
995,0.9950000000000008,ramp,99.5,3.186770136621714,0.0049078507803690385,1.0352089822935888,0.03520898229358882,0.004832199363907175,2.116724650781988,0.0008173338521309686,-0.07565141646186362,2,2
996,0.9960000000000008,ramp,99.6,3.190495425400046,0.0037252887783321142,1.0352355660947163,0.03523556609471634,0.0036729410487691162,2.120397591830757,0.0008182802316874818,-0.05234772956299802,2,2
997,0.9970000000000008,ramp,99.7,3.1954105991505015,0.004915173750455359,1.035273770655212,0.03527377065521198,0.004839586614242621,2.1252371784449995,0.0008192256004399409,-0.07558713621273835,2,2
998,0.9980000000000008,ramp,99.8,3.199145617746442,0.003735018595940609,1.035300369727449,0.03530036972744899,0.003682642217986579,2.1289198206629862,0.0008201720496679724,-0.052376377954029864,2,2
999,0.9990000000000008,ramp,99.9,3.2040681146427046,0.004922496896262452,1.0353385431961808,0.035338543196180794,0.004846973832790175,2.1337667944957763,0.0008211174913754822,-0.075523063472277,2,2
1000,1.0000000000000007,ramp,100.0,3.2078128629204854,0.0037447482777808183,1.035365157458037,0.03536515745803692,0.0036923434145923815,2.1374591379103687,0.0008220640094699954,-0.052404863188436776,2,2
1001,1.0010000000000006,hold,100.0,3.204037818895985,-0.0037750440245005734,1.0353185013743347,0.035318501374334677,-0.0036809108300600627,2.1337782270803087,0.0008194411636535087,0.09413319444051071,2,2
1002,1.0020000000000004,hold,100.0,3.2077681156048943,0.003730296708909453,1.0353452926567346,0.035345292656734584,0.003677532642244823,2.1374557597225534,0.0008169142344467734,-0.05276406666462983,2,2
1003,1.0030000000000003,hold,100.0,3.2040084340020707,-0.0037596816028235835,1.035298999745124,0.03529899974512407,-0.003666279746603201,2.1337894799759503,0.0008144593889589823,0.09340185622038269,2,2
1004,1.0040000000000002,hold,100.0,3.207724089871675,0.0037156558696040953,1.035325822857778,0.035325822857777966,0.003662823266989821,2.13745230324294,0.000812051280176336,-0.052832602614274506,2,2
1005,1.0050000000000001,hold,100.0,3.2039796046032905,-0.0037444852683843344,1.0352798306933402,0.035279830693340175,-0.0036516896846333175,2.1338006135583067,0.000809693672265123,0.09279558375101682,2,2
1006,1.006,hold,100.0,3.207680609191934,0.0037010045886436416,1.0353066454221083,0.03530664542210826,0.003648184059832557,2.137448797618139,0.0008073697186294451,-0.05282052881108463,2,2
1007,1.007,hold,100.0,3.203951210977565,-0.0037293982143689064,1.0352609245539584,0.03526092455395835,-0.0036371498422509635,2.133811647775888,0.0008050869128212916,0.09224837211794286,2,2
1008,1.0079999999999998,hold,100.0,3.2076375861340534,0.0036863751564881753,1.0352877096913913,0.03528770969139128,0.0036336092592648105,2.1374452570351528,0.0008028309427669009,-0.052765897223364805,2,2
1009,1.0089999999999997,hold,100.0,3.203923185587188,-0.0037144005468654484,1.0352422421099223,0.03524224210992233,-0.0036226632367697283,2.1338225937983832,0.0008006105681517667,0.09173731009572009,2,2
1010,1.0099999999999996,hold,100.0,3.2075949660428353,0.003671780455647422,1.0352689840974758,0.03526898409747581,0.0036190964277781875,2.1374416902261615,0.0007984126947599577,-0.05268402786923459,2,2
1011,1.0109999999999995,hold,100.0,3.203895483398093,-0.0036994826447425133,1.0352237572524778,0.03522375725247784,-0.0036082311837386523,2.133833459042423,0.0007962466293768393,0.09125146100386104,2,2
1012,1.0119999999999993,hold,100.0,3.207552710532216,0.0036572271341230866,1.0352504465356533,0.035250446535653346,0.0036046441901628617,2.1374381032325855,0.0007941000100755261,-0.05258294396022489,2,2
1013,1.0129999999999992,hold,100.0,3.203868071584793,-0.003684638947422769,1.0352054509737747,0.0352054509737747,-0.0035938543289820266,2.1338442489036034,0.0007919823994620798,0.09078461844074263,2,2
1014,1.0139999999999991,hold,100.0,3.2075107906895632,0.003642719104770098,1.0352320804050816,0.035232080405081634,0.003590251634491615,2.137434500538095,0.0007898819392137149,-0.05246747027848287,2,2
1015,1.014999999999999,hold,100.0,3.2038409248330417,-0.0036698658565215148,1.0351873086288665,0.03518730862886654,-0.0035795329955338848,2.133854967542561,0.0007878083069903756,0.09033286098762998,2,2
1016,1.015999999999999,hold,100.0,3.2074691836957854,0.0036282588627436496,1.0352138726407731,0.035213872640773136,0.0035759180873582053,2.1374308856299193,0.0007857500229642465,-0.05234077538544433,2,2
1017,1.0169999999999988,hold,100.0,3.203814022842825,-0.0036551608529604707,1.0351693184815007,0.03516931848150073,-0.003565267329344645,2.133865618300575,0.0007837168038762365,0.08989352361582578,2,2
1018,1.0179999999999987,hold,100.0,3.2074278709265034,0.0036138480836784836,1.035195812609267,0.035195812609267074,0.0035616430122139796,2.137427261312789,0.0007816974725333084,-0.052205071464504066,2,2
1019,1.0189999999999986,hold,100.0,3.203787348859519,-0.0036405220669841754,1.035151470849965,0.03515147084996495,-0.003551057370198935,2.13387620394259,0.0007797017405928744,0.08946469678524022,2,2
1020,1.0199999999999985,hold,100.0,3.2073868367924487,0.0035994879329295237,1.0351778914344527,0.03517789143445271,0.003547425957413585,2.1374236299000033,0.0007777186838836013,-0.05206197551593881,2,2
1021,1.0209999999999984,hold,100.0,3.203760888746232,-0.0036259480462166316,1.0351337575676758,0.03513375756767578,-0.0035369030899711183,2.133886726810032,0.0007757579819485298,0.08904495624551326,2,2
1022,1.0219999999999982,hold,100.0,3.2073460679848167,0.0035851792385845904,1.0351601015593255,0.035160101559325474,0.003533266527247599,2.1374199933372795,0.0007738089292440599,-0.05191271133699136,2,2
1023,1.0229999999999981,hold,100.0,3.2037346303641616,-0.003611437620655078,1.0351161716235961,0.03511617162359615,-0.003522804414971321,2.133897188922308,0.000771881156056242,0.08863320568375721,2,2
1024,1.023999999999998,hold,100.0,3.207305552960427,0.003570922596265458,1.0351424364471928,0.03514243644719284,0.0035191643646460213,2.1374163532869543,0.0007699641504938176,-0.05175823161943657,2,2
1025,1.024999999999998,hold,100.0,3.2037085631412383,-0.0035969898191887673,1.0350987069119397,0.035098706911939725,-0.0035087612397240757,2.13390759204723,0.0007680674824612283,0.08822857946469159,2,2
1026,1.0259999999999978,hold,100.0,3.2072652815766087,0.0035567184353704207,1.035124890369856,0.035124890369856,0.003505119140296379,2.1374127111875265,0.000766180814884803,-0.05159929507404185,2,2
1027,1.0269999999999977,hold,100.0,3.2036826777609875,-0.0035826038156212547,1.0350813580518368,0.035081358051836764,-0.003494773435937926,2.1339179377515887,0.0007643136499818157,0.08783037968332873,2,2
1028,1.0279999999999976,hold,100.0,3.2072252448240643,0.0035425670630768735,1.03510745825276,0.03510745825275996,0.003491130545483682,2.1374090682970723,0.0007624558108390915,-0.05143651759319159,2,2
1029,1.0289999999999975,hold,100.0,3.203656965931998,-0.0035682788920663455,1.035064120253662,0.0350641202536619,-0.0034808408585346442,2.133928227438538,0.0007606167271873158,0.08743803353170129,2,2
1030,1.0299999999999974,hold,100.0,3.2071854346259334,0.003528468693935416,1.035090135558763,0.03509013555876295,0.003477198287230954,2.1374054257257686,0.0007587863705622389,-0.05127040670446217,2,2
1031,1.0309999999999973,hold,100.0,3.203631420212424,-0.003554014413509332,1.035046989217609,0.03504698921760907,-0.0034669633498508783,2.1339384623759177,0.000756974095098378,0.08705106365845382,2,2
1032,1.0319999999999971,hold,100.0,3.207145843684237,0.0035144234718127443,1.035072918199049,0.03507291819904901,0.0034633220848604295,2.137401784460778,0.0007551700112093163,-0.051101386952314816,2,2
1033,1.032999999999997,hold,100.0,3.203606033874196,-0.0035398098100407616,1.0350299610550555,0.035029961055055514,-0.0034531407426378023,2.1339486437181403,0.000753383395488254,0.08666906740295924,2,2
1034,1.033999999999997,hold,100.0,3.207106465359076,0.0035004314848801066,1.0350558024633454,0.03505580246334539,0.003449501667524627,2.137398145385665,0.0007516044892521056,-0.05092981735547964,2,2
1035,1.0349999999999968,hold,100.0,3.2035808007957787,-0.0035256645632975037,1.03501303222655,0.035013032226550056,-0.0034393728622492624,2.1339587725234157,0.0007498424904247207,0.08629170104824122,2,2
1036,1.0359999999999967,hold,100.0,3.2070672935729094,0.0034864927771307563,1.03503878496459,0.0350387849645899,0.003435736772384942,2.1373945092958007,0.000748087764469776,-0.05075600474581431,2,2
1037,1.0369999999999966,hold,100.0,3.2035557153766203,-0.0035115781962891113,1.0349961994922867,0.03499619949228672,-0.003425659528290128,2.1339688497675104,0.0007463494300947604,0.08591866799898332,2,2
1038,1.0379999999999965,hold,100.0,3.2070283227333616,0.003472607356741264,1.0350218625942944,0.035021862594294406,0.0034220271432382175,2.137390876910749,0.0007446179711016619,-0.05058021350304656,2,2
1039,1.0389999999999964,hold,100.0,3.2035307724670066,-0.0034975502663550095,1.0349794598717608,0.034979459871760765,-0.003412000555854451,2.1339788763548944,0.0007429024268525409,0.08554971050055843,2,2
1040,1.0399999999999963,hold,100.0,3.2069895476701067,0.0034587752031001173,1.035005032486104,0.03500503248610398,0.0034083725294748336,2.137387248884369,0.0007411933944299711,-0.050402673625283764,2,2
1041,1.0409999999999962,hold,100.0,3.203505967311064,-0.003483580359042726,1.0349628106107942,0.034962810610794204,-0.003398395756488618,2.1339888531278803,0.0007394998340242413,0.08518460255410804,2,2
1042,1.041999999999996,hold,100.0,3.2069509635827584,0.003444996271694478,1.0349882919856648,0.03498829198566478,0.003394772685246277,2.1373836258131265,0.0007378124515449815,-0.050223586448201046,2,2
1043,1.042999999999996,hold,100.0,3.2034812954992344,-0.0034696680835240024,1.0349462491540808,0.034946249154080844,-0.0033848449389335504,2.133998780874193,0.0007361401284044852,0.08482314459045195,2,2
1044,1.0439999999999958,hold,100.0,3.2069125659972997,0.003431270498065242,1.0349716386255767,0.03497163862557673,0.003381227368838493,2.1373800082430314,0.0007344736753789074,-0.05004312922674914,2,2
1045,1.0449999999999957,hold,100.0,3.2034567529281794,-0.0034558130691202393,1.034929773122183,0.03492977312218293,-0.0033713479097282153,2.1340086603333033,0.0007328218956568574,0.08446515939202404,2,2
1046,1.0459999999999956,hold,100.0,3.2068743507295623,0.0034175978013828434,1.0349550701043426,0.03495507010434262,0.003367736342143882,2.1373763966754473,0.0007311757013276137,-0.04986145923896153,2,2
1047,1.0469999999999955,hold,100.0,3.203432335767583,-0.0034420149619793783,1.034913380292134,0.03491338029213398,-0.0033579044736810966,2.134018492201766,0.000729543818026813,0.08411048829828167,2,2
1048,1.0479999999999954,hold,100.0,3.2068363138541507,0.0034039780865677827,1.0349385842683376,0.034938584268337625,0.0033542993702581746,2.1373727915720244,0.0007279172559440771,-0.04967871630960803,2,2
1049,1.0489999999999953,hold,100.0,3.2034080404309475,-0.0034282734232031764,1.0348970685809693,0.034897068580969304,-0.0033445144342527447,2.1340282771377717,0.0007263046639165302,0.08375898895043171,2,2
1050,1.0499999999999952,hold,100.0,3.2067984516779102,0.00339041124696271,1.034922179096618,0.0349221790966181,0.003340916221131554,2.137369193358903,0.000724697147308805,-0.049495025831156315,2,2
1051,1.050999999999995,hold,100.0,3.2033838635512826,-0.003414588126627649,1.0348808360314312,0.03488083603143122,-0.0033311775938677964,2.1340380157650354,0.000723103278973588,0.08341053275985263,2,2
1052,1.051999999999995,hold,100.0,3.2067607607169375,0.003376897165654924,1.0349058526877069,0.03490585268770685,0.003327586665290887,2.1373656024303265,0.0007215142567702835,-0.04931050036403699,2,2
1053,1.0529999999999948,hold,100.0,3.2033598019596847,-0.00340095875725277,1.0348646807998372,0.03486468079983718,-0.0033178937541711233,2.1340477086761553,0.0007199385784222137,0.0830650030816467,2,2
1054,1.0539999999999947,hold,100.0,3.2067232376768677,0.0033634357171830054,1.0348896032481951,0.03488960324819512,0.0033143104756152733,2.137362019151771,0.0007183675318141699,-0.049125241567732084,2,2
1055,1.0549999999999946,hold,100.0,3.2033358526669966,-0.0033873850098711245,1.0348486011453977,0.03484860114539767,-0.0033046627162490404,2.134057356435522,0.0007168095404224822,0.08272229362208403,2,2
1056,1.0559999999999945,hold,100.0,3.206685879435594,0.003350026768597303,1.0348734290828125,0.034873429082812546,0.003301087427132847,2.1373584438626545,0.0007152559798706504,-0.04893934146445568,2,2
1057,1.0569999999999944,hold,100.0,3.2033120128475883,-0.0033738665880056473,1.0348325954209485,0.03483259542094852,-0.003291484280796755,2.1340669595818578,0.0007137152002869213,0.08238230720889221,2,2
1058,1.0579999999999943,hold,100.0,3.206648683028199,0.003336670180610568,1.0348573285857263,0.03485732858572632,0.003287917296863621,2.1373548768787214,0.0007121786629064149,-0.04875288374694715,2,2
1059,1.0589999999999942,hold,100.0,3.2032882798252382,-0.0033604032029606046,1.0348166620648138,0.03481666206481382,-0.003278358248276675,2.1340765186304447,0.0007106546454169274,0.08204495468392943,2,2
1060,1.059999999999994,hold,100.0,3.206611645633396,0.003323365808157952,1.0348413002329506,0.03484130023295062,0.00327479986367858,2.1373513184941233,0.000709134692678272,-0.04856594447937186,2,2
1061,1.060999999999994,hold,100.0,3.2032646510604303,-0.0033469945729658335,1.0348007995935717,0.03480079959357174,-0.00326528441903684,2.1340860340750867,0.0007076270108477803,0.08171015392899328,2,2
1062,1.0619999999999938,hold,100.0,3.2065747645621254,0.003310113501695078,1.0348253425754907,0.03482534257549075,0.0032617349081758614,2.1373477689832625,0.0007061232265472177,-0.048378593519216376,2,2
1063,1.0629999999999937,hold,100.0,3.2032411241395926,-0.003333640422532813,1.034785006595778,0.03478500659577799,-0.0032522625934183814,2.134095506389844,0.0007046314753111845,0.08137782911443173,2,2
1064,1.0639999999999936,hold,100.0,3.2065380372468946,0.0032969131073019575,1.0348094542334367,0.03480945423343673,0.0032487222125830197,2.1373442286024273,0.0007031434637709338,-0.048190894718937866,2,2
1065,1.0649999999999935,hold,100.0,3.2032176967650097,-0.003320340481884898,1.0347692817262448,0.03476928172624483,-0.0032392925718547,2.134104936030573,0.0007016672577403627,0.08104791003019822,2,2
1066,1.0659999999999934,hold,100.0,3.20650146123236,0.0032837644673504585,1.0347936338905717,0.03479363389057166,0.003235761560669391,2.137340697591242,0.0007001946422063538,-0.048002906681067575,2,2
1067,1.0669999999999933,hold,100.0,3.2031943667460894,-0.0033070944862707563,1.034753623701006,0.03475362370100599,-0.0032263741549352575,2.134114323436307,0.0006987336141556538,0.0807203313354988,2,2
1068,1.0679999999999932,hold,100.0,3.206465034167342,0.0032706674212525932,1.034777880289558,0.03477788028955797,0.003222852737662217,2.1373371761739692,0.0006972760353657203,-0.047814683590376335,2,2
1069,1.068999999999993,hold,100.0,3.203171131991556,-0.0032939021757858455,1.034738031292775,0.034738031292774973,-0.0032135071434865334,2.134123669030483,0.0006958298348790347,0.08039503229931212,2,2
1070,1.069999999999993,hold,100.0,3.2064287537968097,0.0032576218052535744,1.0347621922277337,0.03476219222773369,0.0032099955301883006,2.137333664560671,0.0006943869497786799,-0.047626275065273775,2,2
1071,1.0709999999999928,hold,100.0,3.203147990502123,-0.0032807632946867393,1.034722503326914,0.03472250332691407,-0.0032006913386207784,2.13413297322205,0.0006929552420338382,0.0800719560659609,2,2
1072,1.0719999999999927,hold,100.0,3.206392617955846,0.0032446274537232256,1.0347465685531596,0.03474656855315961,0.0031971897262073356,2.1373301629482575,0.0006915267226208637,-0.047437727515889976,2,2
1073,1.0729999999999926,hold,100.0,3.2031249403643343,-0.0032676775915119194,1.034707038677742,0.03470703867774194,-0.003187926541790664,2.134142236406467,0.0006901091872934421,0.07975104972125518,2,2
1074,1.0739999999999925,hold,100.0,3.206356624562826,0.0032316841984916245,1.034731008161211,0.03473100816121111,0.0031844351149631074,2.1373266715214303,0.0006886947195749795,-0.047249083528517075,2,2
1075,1.0749999999999924,hold,100.0,3.203101979744657,-0.003254644818168728,1.0346916362651843,0.034691636265184345,-0.003175212554831328,2.134151458966599,0.0006872910498475473,0.0794322633374,2,2
1076,1.0759999999999923,hold,100.0,3.2063207716143225,0.0032187918696653384,1.0347155099913454,0.03471550999134543,0.0031717314869357045,2.1373231904535346,0.0006858903328958736,-0.047060382729633816,2,2
1077,1.0769999999999922,hold,100.0,3.2030791068842728,-0.0032416647300497203,1.034676295051824,0.03467629505182401,-0.0031625491799932076,2.1341606412735414,0.0006845002345599622,0.07911555005651275,2,2
1078,1.077999999999992,hold,100.0,3.206285057180109,0.0032059502958361463,1.0347000730242595,0.03470007302425948,0.0031590786337970357,2.1373197199073384,0.0006831129796554422,-0.04687166203911058,2,2
1079,1.078999999999992,hold,100.0,3.2030563200942,-0.0032287370859087616,1.0346610140401067,0.034661014040106686,-0.0031499362199828504,2.1341697836873554,0.00068173617029509,0.07880086592591123,2,2
1080,1.0799999999999919,hold,100.0,3.2062494793982435,0.0031931593040432915,1.0346846962792633,0.034684696279263294,0.00314647634838241,2.137316260035738,0.0006803621001460473,-0.046682955660881306,2,2
1081,1.0809999999999917,hold,100.0,3.2030336177509815,-0.0032158616472619528,1.034645792269886,0.034645792269885956,-0.003137373477990725,2.134178886557747,0.0006789983083937844,0.07848816927122793,2,2
1082,1.0819999999999916,hold,100.0,3.2062140364712457,0.0031804187202642,1.034669378811933,0.034669378811932994,0.003133924424647577,2.1373128109823947,0.0006776371564246299,-0.04649429561662298,2,2
1083,1.0829999999999915,hold,100.0,3.203010998292707,-0.0032030381785386197,1.0346306288161036,0.03463062881610357,-0.0031248607577047376,2.13418795022469,0.0006762861212817308,0.07817742083388209,2,2
1084,1.0839999999999914,hold,100.0,3.2061787266621318,0.003167728369424694,1.034654119711878,0.03465411971187793,0.003121422657640333,2.13730937288233,0.000674937630981878,-0.046305711784361006,2,2
1085,1.0849999999999913,hold,100.0,3.2029884602154066,-0.003190266446725154,1.034615522786725,0.034615522786725084,-0.003112397863349798,2.1341969750189804,0.0006735991011960341,0.07786858337535586,2,2
1086,1.0859999999999912,hold,100.0,3.206143548290874,0.0031550880754673827,1.0346389181007445,0.03463891810074449,0.0031089708434817475,2.137305945862462,0.0006722630255230372,-0.04611723198563516,2,2
1087,1.086999999999991,hold,100.0,3.202966002069613,-0.003177546221261096,1.0346004733207803,0.03460047332078031,-0.003099984599696975,2.134205961262765,0.0006709367590171049,0.07756162156412122,2,2
1088,1.087999999999991,hold,100.0,3.206108499731244,0.003142497661630994,1.0346237731303929,0.03462377313039289,0.003096568779332615,2.137302530042098,0.0006696128598484265,-0.04592888229837909,2,2
1089,1.0889999999999909,hold,100.0,3.2029436224571732,-0.0031648772740706654,1.0345854795866745,0.03458547958667446,-0.003087620772081503,2.1342149092700162,0.0006682986231952236,0.07725650198916241,2,2
1090,1.0899999999999908,hold,100.0,3.2060735794078212,0.003129956950647994,1.0346086839811783,0.034608683981178334,0.003084216263374554,2.137299125533391,0.0006669866708233726,-0.04574068727344026,2,2
1091,1.0909999999999906,hold,100.0,3.2029213200287145,-0.003152259379106681,1.0345705407804797,0.03457054078047972,-0.0030753061864224746,2.1342238193469685,0.0006656842387617068,0.07695319268420653,2,2
1092,1.0919999999999905,hold,100.0,3.2060387857931696,0.0031174657644550408,1.0345936498604495,0.03459364986044955,0.003071913094789197,2.137295732441758,0.000664384011428852,-0.04555266966584396,2,2
1093,1.0929999999999904,hold,100.0,3.2028990934805703,-0.0031396923125992515,1.0345556561244538,0.03455565612445377,-0.0030630406492274218,2.1342326917925303,0.0006630931664166494,0.07665166337182976,2,2
1094,1.0939999999999903,hold,100.0,3.206004117405507,0.003105023924936834,1.034578670000976,0.03457867000097603,0.003059659073733794,2.137292350866264,0.0006618044498843679,-0.0453648512030399,2,2
1095,1.0949999999999902,hold,100.0,3.202876941552838,-0.003127175852668973,1.034540824865672,0.034540824865672004,-0.0030508239676068838,2.134241526898657,0.0006605249816854473,0.07635188506208926,2,2
1096,1.09599999999999,hold,100.0,3.20596957280604,0.003092631253201805,1.0345637436597206,0.03456374365972059,0.003047454001330166,2.1372889808999873,0.0006592475688365646,-0.04517725187163941,2,2
1097,1.09699999999999,hold,100.0,3.2028548630266473,-0.003114709779392655,1.0345260462747123,0.03452604627471234,-0.0030386559492945023,2.134250324950693,0.000657979274137844,0.07605383009815252,2,2
1098,1.0979999999999899,hold,100.0,3.205935150597063,0.003080287570415674,1.034548870116597,0.03454887011659702,0.0030352976796546214,2.1372856226303476,0.00065671296460717,-0.04498989076105264,2,2
1099,1.0989999999999898,hold,100.0,3.202832856722355,-0.00310229387470784,1.034511319644479,0.034511319644479066,-0.003026536402645145,2.1342590862277024,0.0006554556466633009,0.07575747206269501,2,2
1100,1.0999999999999897,hold,100.0,3.205900849419818,0.003067992697462607,1.0345340486731842,0.034534048673184214,0.003023189911708591,2.1372822761394112,0.0006542002464947423,-0.04480278575401614,2,2
1101,1.1009999999999895,hold,100.0,3.2028109214976768,-0.0030899279221410225,1.0344966442890984,0.03449664428909838,-0.003014465136645491,2.1342678110027657,0.0006529537147978923,0.07546278549553156,2,2
1102,1.1019999999999894,hold,100.0,3.205866667952662,0.0030557464549851865,1.034519278651853,0.03451927865185289,0.0030111305014116738,2.1372789415041775,0.000651709036125457,-0.0446159535735127,2,2
1103,1.1029999999999893,hold,100.0,3.202789056245333,-0.003077611707329009,1.034482019542809,0.03448201954280905,-0.0030024419609190815,2.1342764995432586,0.0006504731060979173,0.07516974640992728,2,2
1104,1.1039999999999892,hold,100.0,3.205832604909136,0.003043548663803186,1.0345045593945985,0.03450455939459851,0.0029991192535913066,2.13727561879685,0.0006492389668485499,-0.044429410211879565,2,2
1105,1.104999999999989,hold,100.0,3.202767259892102,-0.003065345017033927,1.0344674447590756,0.034467444759075594,-0.0029904666857386024,2.1342851521111115,0.0006480134595560923,0.07487833129532452,2,2
1106,1.105999999999989,hold,100.0,3.20579865903655,0.0030313991444477217,1.0344898902621735,0.03448989026217353,0.00298715597396855,2.13727230808508,0.0006467896831724097,-0.04424317047917181,2,2
1107,1.1069999999999889,hold,100.0,3.2027455313966593,-0.0030531276398906293,1.0344529193096785,0.03445291930967853,-0.002978539122027164,2.134293768963053,0.0006455744250567934,0.07458851786346521,2,2
1108,1.1079999999999888,hold,100.0,3.2057648291143392,0.0030192977176799474,1.0344752706331974,0.03447527063319744,0.0029752404691478695,2.1372690094322007,0.000644360840238131,-0.044057248532077854,2,2
1109,1.1089999999999887,hold,100.0,3.202723869748386,-0.0030409593659532774,1.034438442583829,0.03443844258382911,-0.0029666590813620507,2.1343023503508385,0.0006431556628669024,0.07430028459122669,2,2
1110,1.1099999999999886,hold,100.0,3.205731113952563,0.003007244204177084,1.0344606999034003,0.03446069990340028,0.002963372546599914,2.1372657228974385,0.0006419521033270147,-0.043871657577170244,2,2
1111,1.1109999999999884,hold,100.0,3.202702273965822,-0.003028839986741083,1.0344240139874086,0.034424013987408575,-0.002954826375971779,2.1343108965214665,0.0006407568431594515,0.074013610769304,2,2
1112,1.1119999999999883,hold,100.0,3.20569751239079,0.002995238424968072,1.0344461774847686,0.034446177484768636,0.0029515520146564914,2.137262448536123,0.0006395631473996165,-0.04368641031158053,2,2
1113,1.1129999999999882,hold,100.0,3.2026807430954753,-0.003016769295314692,1.0344096329422237,0.034409632942223656,-0.0029430408187590853,2.134319407717364,0.0006383776455672357,0.0737284765556065,2,2
1114,1.113999999999988,hold,100.0,3.205664023296438,0.0029832802009628345,1.0344317028048584,0.03443170280485841,0.00293977868251119,2.1372591863998753,0.0006371936566633863,-0.0435015184516445,2,2
1115,1.114999999999988,hold,100.0,3.2026592762105808,-0.0030047470858574066,1.034395298885313,0.0343952988853129,-0.002931302223288963,2.1343278841765865,0.0006360177587641603,0.07344486256844351,2,2
1116,1.115999999999988,hold,100.0,3.205630645564109,0.0029713693535282637,1.0344172753061696,0.03441727530616956,0.002928052360193425,2.13725593653678,0.000634843324167145,-0.0433169933348387,2,2
1117,1.1169999999999878,hold,100.0,3.2026378724098885,-0.0029927731542205294,1.0343810112682708,0.034381011268270756,-0.002919610403789153,2.1343363261329906,0.0006336768800719395,0.07316275043137621,2,2
1118,1.1179999999999877,hold,100.0,3.2055973781138993,0.002959505704010823,1.0344028944454444,0.03440289444544442,0.002916372858567859,2.1372526989915586,0.0006325118514196807,-0.04313284544296388,2,2
1119,1.1189999999999876,hold,100.0,3.2026165308166625,-0.0029808472972367994,1.0343667695566516,0.03436676955665163,-0.002907965175164985,2.1343447338163934,0.0006313547150904753,0.07288212207181427,2,2
1120,1.1199999999999875,hold,100.0,3.2055642198908347,0.0029476890741721995,1.0343885596931028,0.03438855969310284,0.0029047399893312783,2.1372494738057246,0.0006301989480312582,-0.042949084840921206,2,2
1121,1.1209999999999873,hold,100.0,3.2025952505775868,-0.002968969313247971,1.0343525732294292,0.034352573229429195,-0.0028963663529864543,2.134353107452738,0.0006290509773497454,0.07260296026151673,2,2
1122,1.1219999999999872,hold,100.0,3.2055311672151827,0.002935916637595959,1.034374270024839,0.03437427002483906,0.002893151955596552,2.1372462594083346,0.0006279043041409704,-0.042764681999406855,1,2
1123,1.1229999999999871,hold,100.0,3.202574031485228,-0.0029571357299547074,1.034338421207008,0.03433842120700792,-0.0028848103548856853,2.134361449053449,0.0006267653353556519,0.0723253750690221,2,2
1124,1.123999999999987,hold,100.0,3.2054982215504344,0.002924190065206389,1.0343600253357406,0.03436002533574056,0.0028816084320276505,2.1372430574854766,0.0006256276469101981,-0.042581633178738476,1,2
1125,1.124999999999987,hold,100.0,3.2025528720690666,-0.0029453494813678205,1.0343243135520694,0.03432431355206944,-0.0028733004501295756,2.134369757035347,0.0006244975714522586,0.07204903123824487,2,2
1126,1.1259999999999868,hold,100.0,3.2054653821018047,0.0029125100327380693,1.0343458252424733,0.034345825242473316,0.0028701110094310573,2.137239868044778,0.0006233687348224361,-0.04239902330701196,1,2
1127,1.1269999999999867,hold,100.0,3.20253177157582,-0.002933610525984509,1.034310249800353,0.03431024980035291,-0.0028618364357257927,2.134378031609052,0.0006222474214233111,0.07177409025871644,2,2
1128,1.1279999999999866,hold,100.0,3.2054326479226645,0.0029008763468443277,1.0343316692756084,0.03433166927560838,0.002858659504650022,2.137236691113702,0.0006211273067246529,-0.042216842194305916,1,2
1129,1.1289999999999865,hold,100.0,3.202510729245118,-0.0029219186775466532,1.0342962294837867,0.034296229483786744,-0.002850418128283642,2.1343862729854184,0.0006200146273970285,0.07150054926301132,2,2
1130,1.1299999999999863,hold,100.0,3.205400018071953,0.0028892888268350347,1.034317556968521,0.03431755696852101,0.0028472537336864116,2.137233526719105,0.000618903107984801,-0.04203509314862309,1,2
1131,1.1309999999999862,hold,100.0,3.2024897443297817,-0.002910273742171121,1.034282252141726,0.03428225214172609,-0.0028390453462198532,2.134394481372885,0.0006177989379303661,0.07122839595126787,2,2
1132,1.1319999999999861,hold,100.0,3.205367491624602,0.0028777472948204874,1.0343034878633846,0.03430348786338455,0.00283589351296895,2.137230374885854,0.0006166958902964385,-0.04185378185153762,1,2
1133,1.132999999999986,hold,100.0,3.2024688160990635,-0.0028986755255386853,1.0342683173230198,0.034268317323019826,-0.002827717908822795,2.134402656977031,0.0006156001077917183,0.07095761671589056,2,2
1134,1.133999999999986,hold,100.0,3.2053350676734036,0.002866251574340062,1.0342894615120664,0.034289461512066355,0.002824578659599359,2.1372272356366304,0.0006145054114503116,-0.041672914740702865,1,2
1135,1.1349999999999858,hold,100.0,3.202447941725864,-0.0028871259475398148,1.0342544240579208,0.034254424057920785,-0.0028164366009915914,2.134410799035639,0.0006134178611587926,0.07068934654822336,1,2
1136,1.1359999999999857,hold,100.0,3.205302744967764,0.002854803241900239,1.034275476824852,0.0342754768248521,0.00281331098978353,2.1372241100254223,0.0006123313614741084,-0.04149225211670876,1,2
1137,1.1369999999999856,hold,100.0,3.202427122328518,-0.0028756226392459006,1.0342405722682142,0.0342405722682142,-0.002805201261882221,2.13441890876354,0.0006112519638147712,0.07042137736367957,1,2
1138,1.1379999999999855,hold,100.0,3.2052705228757525,0.0028434005472344204,1.0342615339597883,0.03426153395978826,0.0028020882805635835,2.137220997044104,0.0006101735831827732,-0.04131226667083683,1,2
1139,1.1389999999999854,hold,100.0,3.2024063574596595,-0.002864165416093023,1.0342267616634295,0.03422676166342953,-0.0027940107172211783,2.1344269863268828,0.0006091022254335005,0.07015469887184474,1,2
1140,1.1399999999999852,hold,100.0,3.2052384006046353,0.00283204314497576,1.0342476325325383,0.034247632532538264,0.0027909103740291945,2.137217896700912,0.0006080318519186704,-0.041132770946565415,1,2
1141,1.1409999999999851,hold,100.0,3.202385646492557,-0.002852754112078415,1.0342129918516216,0.03421299185162163,-0.002782864786017519,2.1344350319148946,0.0006069684236482086,0.06988932606089579,1,2
1142,1.141999999999985,hold,100.0,3.2052063773378814,0.002820730845324526,1.0342337721450328,0.03423377214503276,0.0027797770924638146,2.1372148090073586,0.000605905947843855,-0.040953752860711526,1,2
1143,1.142999999999985,hold,100.0,3.2023649887934154,-0.002841388544466028,1.0341992624369698,0.0341992624369698,-0.002771763290257209,2.1344430457171013,0.0006048503411348039,0.06962525420881917,1,2
1144,1.1439999999999848,hold,100.0,3.205174452263467,0.002809463470051732,1.0342199524014501,0.03421995240145015,0.0027686882574287927,2.1372117339745302,0.0006037956561260109,-0.04077521262293906,1,2
1145,1.1449999999999847,hold,100.0,3.2023443837362437,-0.0028300685272233395,1.034185573028142,0.03418557302814196,-0.002760706053140356,2.13445102792139,0.0006027477655137656,0.06936247408298327,1,2
1146,1.1459999999999846,hold,100.0,3.205142624580309,0.002798240844065436,1.0342061729118273,0.03420617291182726,0.0027576436909004217,2.1372086716122904,0.0006017007668033255,-0.04059715316501438,1,2
1147,1.1469999999999845,hold,100.0,3.202323830706284,-0.0028187938740251717,1.034171923240316,0.03417192324031593,-0.002749692898728066,2.134458978713562,0.0006006604891981345,0.06910097529710556,1,2
1148,1.1479999999999844,hold,100.0,3.2051108934998127,0.002787062793528694,1.0341924332929784,0.034192433292978386,0.002746643215484218,2.1372056219290463,0.0005996210746279884,-0.04041957804447587,1,2
1149,1.1489999999999843,hold,100.0,3.20230332910105,-0.0028075643987626187,1.0341583126956113,0.034158312695611315,-0.0027387236518257056,2.1344668982772204,0.0005985883092366639,0.06884074693691306,1,2
1150,1.1499999999999841,hold,100.0,3.2050792582466157,0.00277592914556557,1.0341787331688526,0.03417873316885256,0.0027356866544806886,2.137202584931701,0.0005975563789105716,-0.04024249108488132,1,2
1151,1.150999999999984,hold,100.0,3.2022828783304993,-0.002796379916116365,1.0341447410233406,0.03414474102334064,-0.002727798137949492,2.1344747867937515,0.0005965310271604877,0.0685817781668728,1,2
1152,1.151999999999984,hold,100.0,3.205047718058343,0.002764839727843693,1.0341650721705244,0.034165072170524446,0.002724773831891679,2.137199560625643,0.0005955064833694754,-0.04006589595201412,1,2
1153,1.1529999999999838,hold,100.0,3.2022624778168907,-0.0027852402414523247,1.0341312078598253,0.03413120785982526,-0.0027169161832960474,2.1344826444423473,0.0005944884488355334,0.06832405815627735,1,2
1154,1.1539999999999837,hold,100.0,3.2050162721856954,0.0027537943688047406,1.0341514499360582,0.03415144993605823,0.0027139045724408994,2.137196549014788,0.0005934711959862849,-0.03988979636384117,1,2
1155,1.1549999999999836,hold,100.0,3.2022421269945385,-0.0027741451911569293,1.034117712848386,0.03411771284838605,-0.002706077614744741,2.1344904714000434,0.0005924603843209588,0.06806757641218816,1,2
1156,1.1559999999999835,hold,100.0,3.2049849198919795,0.00274279289744106,1.0341378661104035,0.03413786611040348,0.0027030787015703546,2.137193550101614,0.0005914503288673791,-0.039714195870705224,1,2
1157,1.1569999999999834,hold,100.0,3.202221825309734,-0.00276309458224544,1.034104255639082,0.03410425563908204,-0.002695282259849255,2.1344982678417646,0.0005904466477337465,0.06781232239618483,1,2
1158,1.1579999999999833,hold,100.0,3.204953660452839,0.0027318351431047105,1.0341243203452357,0.034124320345235715,0.0026922960454415427,2.137190563887206,0.0005894436981112851,-0.03953909766316781,1,2
1159,1.1589999999999832,hold,100.0,3.202201572220167,-0.002752088232671923,1.034090835888589,0.034090835888588966,-0.0026845299468317625,2.1345060339403745,0.0005884470571189643,0.06755828584016069,1,2
1160,1.159999999999983,hold,100.0,3.2049224931562117,0.0027209209360448128,1.034110812298708,0.03411081229870794,0.0026815564309266736,2.137187590371301,0.0005874511236819334,-0.03936450511813922,1,2
1161,1.160999999999983,hold,100.0,3.202181367194785,-0.002741125961426505,1.0340774532600043,0.03407745326000433,-0.00267382050457571,2.1345137698667256,0.0005864614343257732,0.06730545685079475,1,2
1162,1.1619999999999828,hold,100.0,3.2048914173014813,0.002710050106696116,1.034097341635356,0.03409734163535605,0.0026708596856151357,2.137184629552341,0.0005854724292872488,-0.03919042108098012,1,2
1163,1.1629999999999827,hold,100.0,3.202161209713302,-0.002730207588179212,1.0340641074226997,0.03406410742269972,-0.002663153762633065,2.134521475789708,0.0005844896048886244,0.06705382554614714,1,2
1164,1.1639999999999826,hold,100.0,3.204860432199612,0.002699222486310049,1.034083908025863,0.03408390802586303,0.002660205637801613,2.1371816814275095,0.000583507442262949,-0.03901684850843604,1,2
1165,1.1649999999999825,hold,100.0,3.2021410992662087,-0.002719332933403429,1.0340507980520917,0.03405079805209166,-0.0026525295512128534,2.1345291518762965,0.0005825313979135546,0.06680338219057545,1,2
1166,1.1659999999999824,hold,100.0,3.2048295371726985,0.00268843790648976,1.0340705111469066,0.034070511146906624,0.0026495941164903706,2.137178745992787,0.0005815559934611832,-0.038843789999389464,1,2
1167,1.1669999999999823,hold,100.0,3.2021210353540877,-0.00270850181861082,1.0340375248294922,0.03403752482949218,-0.0026419477011887416,2.1345367982915984,0.0005805866459691973,0.0665541174220785,1,2
1168,1.1679999999999822,hold,100.0,3.204798731553558,0.0026776961994703363,1.0340571506809801,0.03405715068098014,0.0026390249513858835,2.137175823242984,0.0005796179171439746,-0.038671248084452825,1,2
1169,1.168999999999982,hold,100.0,3.2021010174875775,-0.0026977140659805166,1.0340242874419787,0.03402428744197872,-0.0026314080440827184,2.1345444151989015,0.000578655184982374,0.06630602189779816,1,2
1170,1.169999999999982,hold,100.0,3.2047680146856417,0.0026669971980641805,1.0340438263162492,0.03404382631624925,0.002628497972889296,2.1371729131717907,0.0005776930508808316,-0.038499225174884376,1,2
1171,1.1709999999999818,hold,100.0,3.202081045186987,-0.0026869694986544346,1.0340110855821414,0.03401108558214139,-0.0026209104120785147,2.1345520027597122,0.0005767368541379454,0.06605908657591987,1,2
1172,1.1719999999999817,hold,100.0,3.2047373859225576,0.002656340735570417,1.0340305377463663,0.03403053774636633,0.002618013012109119,2.1371700157718214,0.0005757812354507731,-0.03832772346129814,1,2
1173,1.1729999999999816,hold,100.0,3.2020611179819505,-0.0026762679406071577,1.0339979189480222,0.03399791894802218,-0.002610454638018927,2.1345595611338024,0.0005748314957827128,0.06581330258823058,1,2
1174,1.1739999999999815,hold,100.0,3.2047068446278635,0.0026457266459130047,1.0340172846703226,0.03401728467032261,0.0026075699008346813,2.137167131034637,0.0005738823147481302,-0.03815674507832338,1,2
1175,1.1749999999999814,hold,100.0,3.2020412354113676,-0.0026656092164958345,1.033984787242913,0.033984787242913095,-0.002600040555382433,2.134567090479255,0.0005729389553332083,0.06556866111340166,1,2
1176,1.1759999999999813,hold,100.0,3.2046763901748,0.002635154763432457,1.034004066792299,0.03400406679229895,0.0025971684715433616,2.1371642589507984,0.0005719961356921967,-0.03798629188909519,1,2
1177,1.1769999999999812,hold,100.0,3.202021397022981,-0.0026549931518191627,1.0339716901752203,0.03397169017522028,-0.0025896679983012545,2.1345745909524974,0.0005710590811871352,0.06532515351790821,1,2
1178,1.177999999999981,hold,100.0,3.2046460219461217,0.0026246249231407504,1.0339908838215417,0.033990883821541695,0.002586808557398999,2.137161399509896,0.0005701225481404653,-0.03781636574175153,1,2
1179,1.178999999999981,hold,100.0,3.202001602373092,-0.0026444195730297437,1.0339586274583412,0.03395862745834122,-0.002579336801558456,2.1345820627083376,0.0005691917246382716,0.06508277147128762,1,2
1180,1.1799999999999808,hold,100.0,3.2046157393337187,0.002614136960626734,1.0339777354721944,0.033977735472194404,0.0025764899922466515,2.1371585527005843,0.0005682614048051694,-0.037646968380082406,1,2
1181,1.1809999999999807,hold,100.0,3.2019818510264537,-0.0026338883072649644,1.0339455988104644,0.03394559881046444,-0.0025690468005781534,2.134589505900006,0.0005673367397947253,0.06484150668681093,1,2
1182,1.1819999999999806,hold,100.0,3.204585541738419,0.00260369071196509,1.0339646214632172,0.033964621463217215,0.002566212610620444,2.1371557185106265,0.000566412561173118,-0.03747810134464586,1,2
1183,1.1829999999999805,hold,100.0,3.201962142556034,-0.0026233991823847447,1.0339326039545427,0.03393260395454267,-0.002558797831437454,2.134596920679189,0.000565493983500263,0.06460135094729083,1,2
1184,1.1839999999999804,hold,100.0,3.204555428569759,0.0025932860137247715,1.0339515415181646,0.033951541518164596,0.002555976247717268,2.1371528969269065,0.0005645758754286033,-0.037309766007503645,1,2
1185,1.1849999999999803,hold,100.0,3.2019424765426194,-0.0026129520271394036,1.033919642618092,0.033919642618092105,-0.0025485897308415275,2.134604307196065,0.0005636633152586661,0.06436229629787608,1,2
1186,1.1859999999999802,hold,100.0,3.204525399245867,0.0025829227032474478,1.0339384953651594,0.03393849536515936,0.00254578073941395,2.137150087935479,0.0005627512083791128,-0.0371419638334979,1,2
1187,1.18699999999998,hold,100.0,3.2019228525748265,-0.002602546671040429,1.0339067145330743,0.033906714533074256,-0.00253842233614493,2.134611665599334,0.0005618445971609256,0.06412433489549896,1,2
1188,1.18799999999998,hold,100.0,3.2044954531930725,0.002572600618246046,1.0339254827367457,0.03392548273674567,0.002535625922248529,2.1371472915215826,0.0005609384233839942,-0.036974695997516946,1,2
1189,1.1889999999999799,hold,100.0,3.20190327024869,-0.0025921829443826816,1.0338938194358038,0.03389381943580383,-0.0025282954853275068,2.134618996036255,0.0005600376938151815,0.06388745905517483,1,2
1190,1.1899999999999797,hold,100.0,3.204465589845775,0.002562319597084972,1.0339125033697154,0.03391250336971541,0.002525511633427116,2.137144507669682,0.0005591373862855776,-0.03680796365785601,1,2
1191,1.1909999999999796,hold,100.0,3.201883729167707,-0.002581860678067649,1.0338809570668441,0.03388095706684413,-0.0025182090170088895,2.134626298652673,0.0005582424722791403,0.06365166105875945,1,2
1192,1.1919999999999795,hold,100.0,3.204435808646374,0.002552079478666869,1.0338995570050955,0.033899557005095504,0.0025154377108185353,2.1371417363634917,0.0005573479653429665,-0.03664176784833354,1,2
1193,1.1929999999999794,hold,100.0,3.201864228942364,-0.0025715797040097854,1.0338681271708576,0.03386812717085763,-0.002508162770445818,2.134633573593046,0.0005564588019950665,0.06341693356396762,1,2
1194,1.1939999999999793,hold,100.0,3.204406109044788,0.0025418801024237325,1.0338866433879368,0.03388664338793679,0.002505403992955025,2.137138977586001,0.0005555700311681065,-0.03647610946870766,1,2
1195,1.1949999999999792,hold,100.0,3.2018447691901697,-0.002561339854618261,1.033855329496547,0.033855329496546904,-0.0024981565855212214,2.1346408210004797,0.0005546865547270452,0.06318326909703943,1,2
1196,1.195999999999979,hold,100.0,3.2043764904986167,0.0025317213084470325,1.03387376226732,0.03387376226731997,0.0024954103190172757,2.137136231319497,0.000553803456664225,-0.036310989429756774,1,2
1197,1.196999999999979,hold,100.0,3.2018253495353397,-0.002551140963277021,1.033842563796542,0.03384256379654205,-0.002488190302749482,2.134648041016747,0.0005529256045005057,0.0629506605275389,1,2
1198,1.1979999999999789,hold,100.0,3.2043469524726342,0.0025216029372945314,1.0338609133961718,0.03386091339617181,0.0024854565288492674,2.1371334975455967,0.0005520481169664981,-0.036146408445264074,1,2
1199,1.1989999999999787,hold,100.0,3.201805969608757,-0.0025409828638771614,1.0338298298272472,0.03382982982724725,-0.0024782637632689794,2.1346552337823277,0.0005511758275438758,0.06271910060818209,1,2
1200,1.1999999999999786,hold,100.0,3.2043174944389317,0.002511524830174583,1.033848096531207,0.033848096531206906,0.0024755424629349146,2.1371307762452627,0.0005503038893846314,-0.0359823672396683,1,2
1201,1.2009999999999785,hold,100.0,3.201786629047666,-0.0025308653912654577,1.0338171273488357,0.033817127348835685,-0.002468376808839649,2.134662399436423,0.0005494371022323043,0.062488582425808833,1,2
1202,1.2019999999999784,hold,100.0,3.2042881158764125,0.002501486828746291,1.0338353114328294,0.03383531143282936,0.002465667962408876,2.137128067398832,0.0005485706533476192,-0.03581886633741496,1,2
1203,1.2029999999999783,hold,100.0,3.201767327495519,-0.002520788380893535,1.033804456125115,0.03380445612511496,-0.002458529281846516,2.1346695381169853,0.0005477093090332681,0.06225909904701912,1,2
1204,1.2039999999999782,hold,100.0,3.2042588162709276,0.0024914887754086124,1.0338225578650118,0.03382255786501176,0.002455832869048586,2.137125370986034,0.0005468482903503025,-0.03565590636002641,1,2
1205,1.204999999999978,hold,100.0,3.2017480646020404,-0.0025107516688871456,1.0337918159233936,0.03379181592339364,-0.002448721025294341,2.1346766499607397,0.0005459923304541326,0.062030643592804725,1,2
1206,1.205999999999978,hold,100.0,3.2042295951150237,0.0024815305129832765,1.033809835595289,0.03380983559528894,0.0024460370252766287,2.1371226869860163,0.0005451366839018157,-0.03549348770664779,1,2
1207,1.2069999999999779,hold,100.0,3.201728840022759,-0.0025007550922646615,1.0337792065145144,0.03377920651451438,-0.002438951882808854,2.1346837351032075,0.0005442860509913859,0.06180320945580733,1,2
1208,1.2079999999999778,hold,100.0,3.204200451907636,0.0024716118848768787,1.0337971443945746,0.033797144394574596,0.0024362802741552153,2.137120015377363,0.0005434357194756717,-0.03533161072166333,1,2
1209,1.2089999999999776,hold,100.0,3.201709653419091,-0.002490798488544943,1.0337666276726452,0.033766627672645155,-0.002429221698627191,2.1346907936787356,0.0005425903570816908,0.06157678991775212,1,2
1210,1.2099999999999775,hold,100.0,3.204171386154222,0.0024617327351310614,1.0337844840371622,0.033784484037162166,0.0024265624593727366,2.1371173561381083,0.000541745284461683,-0.03517027575832476,1,2
1211,1.2109999999999774,hold,100.0,3.201690504458046,-0.002480881696175885,1.0337540791752615,0.03375407917526152,-0.0024195303175975555,2.1346978258205107,0.0005409051370544601,0.06135137857832956,1,2
1212,1.2119999999999773,hold,100.0,3.2041423973663385,0.002451892908292397,1.0337718543005872,0.033771854300587156,0.002416883425258367,2.137114709245769,0.0005400652681192892,-0.03500948303402978,1,2
1213,1.2129999999999772,hold,100.0,3.2016713928122655,-0.0024710045540730086,1.0337415608030829,0.03374156080308288,-0.0024098775851874284,2.134704831660582,0.000539230281086102,0.06112696888558016,1,2
1214,1.213999999999977,hold,100.0,3.204113485061721,0.002442092249455463,1.0337592549656158,0.033759254965615826,0.0024072430167704174,2.1371120746773524,0.0005383955615325491,-0.0348492326850457,1,2
1215,1.214999999999977,hold,100.0,3.2016523181597263,-0.0024611669019947158,1.0337290723399613,0.03372907233996125,-0.002400263347467856,2.1347118113298844,0.00053756568115567,0.06090355452685993,1,2
1216,1.2159999999999769,hold,100.0,3.204084648764132,0.0024323306044058413,1.0337466858160946,0.033746685816094635,0.002397641079486225,2.1371094524093706,0.0005367360575665725,-0.03468952491961609,1,2
1217,1.2169999999999768,hold,100.0,3.2016332801836658,-0.002451368580466351,1.033716613572852,0.03371661357285194,-0.0023906874511108694,2.1347187649582597,0.0005359112310020286,0.06068112935548155,1,2
1218,1.2179999999999767,hold,100.0,3.204055888003033,0.0024226078193674283,1.0337341466389292,0.03373414663892915,0.0023880774596140015,2.137106842417874,0.0005350866508252929,-0.03453035975342676,1,2
1219,1.2189999999999765,hold,100.0,3.20161427857252,-0.002441609430513303,1.033704184291671,0.03370418429167099,-0.002381149743405671,2.134725692674468,0.0005342668260823068,0.06045968710763176,1,2
1220,1.2199999999999764,hold,100.0,3.204027202313677,0.0024129237411569804,1.0337216372240148,0.03372163722401478,0.0023785520039866967,2.1371042446784547,0.0005334472376106824,-0.034371737170283634,1,2
1221,1.2209999999999763,hold,100.0,3.201595313019771,-0.002431889293905698,1.0336917842893278,0.03369178428932784,-0.002371650072238201,2.1347325946062163,0.0005326323635317107,0.060239221667496984,1,2
1222,1.2219999999999762,hold,100.0,3.2039985912368802,0.0024032782171090616,1.0337091573641664,0.03370915736416635,0.0023690645600486075,2.137101659166265,0.000531817715883159,-0.03421365706045417,1,2
1223,1.222999999999976,hold,100.0,3.2015763832237214,-0.002422208013158844,1.0336794133615477,0.03367941336154767,-0.0023621882860986026,2.1347394708801666,0.0005310077421247027,0.06001972706024157,1,2
1224,1.223999999999976,hold,100.0,3.2039700543190333,0.0023936710953118556,1.0336967068550162,0.033696706855016245,0.002359614975866209,2.1370990858560326,0.0005301979852233793,-0.0340561194456467,1,2
1225,1.2249999999999759,hold,100.0,3.2015574888875853,-0.002412565431447966,1.0336670713069336,0.03366707130693358,-0.0023527642340656373,2.134746321621967,0.0005293928622371689,0.059801197382328745,1,2
1226,1.2259999999999758,hold,100.0,3.2039415911116613,0.0023841022240760346,1.0336842854950248,0.03368428549502478,0.002350203100111752,2.137096524722079,0.0005285879467950098,-0.03389912396428241,1,2
1227,1.2269999999999757,hold,100.0,3.201538629719133,-0.002402961392528269,1.033654757926782,0.033654757926782075,-0.00234337776581926,2.1347531469562595,0.0005277876258100227,0.05958362670900911,1,2
1228,1.2279999999999756,hold,100.0,3.203913201171906,0.0023745714527727557,1.0336718930853097,0.03367189308530971,0.0023408287820716003,2.137093975738331,0.0005269875033088389,-0.033742670701155435,1,2
1229,1.2289999999999754,hold,100.0,3.201519805430898,-0.002393395741007609,1.0336424730251157,0.03364247302511569,-0.0023340287316393218,2.134759947006692,0.0005261919363137022,0.05936700936828723,1,2
1230,1.2299999999999753,hold,100.0,3.203884884061645,0.002365078630746975,1.0336595294297792,0.033659529429779234,0.0023314918716429685,2.137091438878335,0.0005253965589879307,-0.033586759104006596,1,2
1231,1.2309999999999752,hold,100.0,3.2015010157397192,-0.0023838683219259416,1.033630216408569,0.03363021640856889,-0.0023247169823870767,2.134766721895948,0.0005246056987138567,0.05915133953886481,1,2
1232,1.2319999999999751,hold,100.0,3.2038566393480847,0.002355623608365498,1.0336471943348131,0.03364719433481311,0.002322192219324823,2.1370889141152727,0.0005238150195337466,-0.03343138904067511,1,2
1233,1.232999999999975,hold,100.0,3.2014822603670128,-0.0023743789810719562,1.0336179878863618,0.03361798788636183,-0.0023154423695198696,2.1347734717457527,0.0005230288194381028,0.05893661155208663,1,2
1234,1.233999999999975,hold,100.0,3.2038284666032606,0.0023462062362478164,1.0336348876094188,0.033634887609418795,0.0023129296762189767,2.1370864014219717,0.0005222427920934303,-0.03327656002883976,1,2
1235,1.2349999999999748,hold,100.0,3.2014635390382975,-0.002364927564963093,1.0336057872702273,0.03360578727022734,-0.002306204745084705,2.134780196676887,0.0005214612063436481,0.05872281987838804,1,2
1236,1.2359999999999747,hold,100.0,3.2038003654041503,0.002336826365852751,1.0336226090651173,0.03362260906511727,0.0023037040940329504,2.1370839007709197,0.0005206797852279142,-0.03312227181980062,1,2
1237,1.2369999999999746,hold,100.0,3.2014448514833713,-0.002355513920778929,1.033593614374373,0.033593614374372915,-0.002297003961705704,2.134786896809214,0.0005199027686860307,0.058509959073224906,1,2
1238,1.2379999999999745,hold,100.0,3.2037723353323617,0.002327483848990397,1.0336103585158425,0.03361035851584249,0.0022945153250631917,2.137081412134277,0.0005191259088811306,-0.03296852392720541,1,2
1239,1.2389999999999743,hold,100.0,3.201426197436132,-0.0023461378962297275,1.0335814690154408,0.03358146901544079,-0.002287839872597729,2.1347935722616795,0.0005183534170886165,0.0582980236319983,1,2
1240,1.2399999999999742,hold,100.0,3.203744375974221,0.002318178538089022,1.0335981357779314,0.03359813577793136,0.0022853632222054093,2.137078935483885,0.0005175810743499688,-0.03281531588361251,1,2
1241,1.2409999999999741,hold,100.0,3.2014075766345425,-0.0023367993396785636,1.0335693510124173,0.033569351012417314,-0.0022787123315510076,2.1348002231523338,0.0005168130635131681,0.05808700812755599,1,2
1242,1.241999999999974,hold,100.0,3.2037164869206123,0.002308910286069832,1.033585940670106,0.03358594067010601,0.0022762476389483967,2.137076470791282,0.0005160451942552191,-0.032662647121435136,1,2
1243,1.242999999999974,hold,100.0,3.201388988820366,-0.002327498100246128,1.0335572601865854,0.03355726018658545,-0.002269621192935761,2.134806849598346,0.0005152816212310879,0.05787690731036713,1,2
1244,1.2439999999999738,hold,100.0,3.2036886677669574,0.0022996789465912215,1.033573773013327,0.03357377301332698,0.0022671684293669035,2.137074018027713,0.0005145181825133027,-0.03251051722431798,1,2
1245,1.2449999999999737,hold,100.0,3.2013704337393776,-0.002318234027579802,1.0335451963615852,0.03354519636158515,-0.0022605663116970817,2.1348134517160156,0.0005137590047955889,0.05766771588272025,1,2
1246,1.2459999999999736,hold,100.0,3.20366091811296,0.00229048437358248,1.0335616326308692,0.0335616326308692,0.0022581254481235657,2.1370715771641393,0.0005129999543088275,-0.032358925458914056,1,2
1247,1.2469999999999735,hold,100.0,3.201351911140976,-0.0023090069719842177,1.0335331593631827,0.033533159363182685,-0.0022515475433580834,2.1348200296207813,0.0005122451300146827,0.057459428626134304,1,2
1248,1.2479999999999734,hold,100.0,3.203633237562771,0.002281326421795349,1.0335495193481954,0.03354951934819539,0.0022491185504741554,2.1370691481712556,0.0005114904260679206,-0.03220787132119339,1,2
1249,1.2489999999999732,hold,100.0,3.2013334207783544,-0.0022998167844168194,1.0335211490193907,0.03352114901939074,-0.0022425647440178762,2.1348265834272375,0.0005107399139248017,0.057252040398943126,1,2
1250,1.2499999999999731,hold,100.0,3.2036056257247116,0.00227220494635727,1.0335374329929412,0.03353743299294121,0.0022401475922485432,2.137066731019486,0.0005099895154322695,-0.03205735410872698,1,2
1251,1.250999999999973,hold,100.0,3.201314962408217,-0.0022906633164945234,1.0335091651603663,0.03350916516036628,-0.002233617770334354,2.134833113249152,0.0005092432747653323,0.05704554616016953,1,2
1252,1.251999999999973,hold,100.0,3.20357808221127,0.0022631198030529376,1.0335253733948435,0.033525373394843516,0.0022312124298562155,2.137064325679008,0.0005084971412339969,-0.03190737319672208,1,2
1253,1.2529999999999728,hold,100.0,3.201296535790908,-0.002281546420362268,1.0334972076182984,0.03349720761829844,-0.0022247064795415886,2.1348396191994663,0.0005077551319537325,0.056839940820679544,1,2
1254,1.2539999999999727,hold,100.0,3.203550606638962,0.0022540708480542904,1.033513340385729,0.03351334038572906,0.002222312920289894,2.137061932119756,0.0005070132234710799,-0.03175792776439643,1,2
1255,1.2549999999999726,hold,100.0,3.201278140690144,-0.0022724659488182475,1.0334852762275033,0.0334852762275033,-0.002215830729438509,2.1348461013903175,0.0005062754060613374,0.056635219379738526,1,2
1256,1.2559999999999725,hold,100.0,3.203523198628465,0.0022450579383210822,1.0335013337995058,0.03350133379950582,0.002213448921113975,2.1370595503114314,0.0005055376832835988,-0.03160901720710742,1,2
1257,1.2569999999999724,hold,100.0,3.2012597768731386,-0.0022634217553263447,1.033473370824261,0.03347337082426094,-0.002206990378386583,2.134852559933045,0.0005048040187899191,0.05643137693976154,1,2
1258,1.2579999999999723,hold,100.0,3.2034958578042425,0.0022360809311039453,1.0334893534720295,0.033489353472029526,0.0022046202904618586,2.1370571802235068,0.0005040704429305258,-0.03146064064208677,1,2
1259,1.2589999999999721,hold,100.0,3.2012414441102637,-0.0022544136939788295,1.0334614912468716,0.03346149124687159,-0.0021981852853041398,2.1348589949382024,0.0005033408929488337,0.056228408674689756,1,2
1260,1.259999999999972,hold,100.0,3.203468583794664,0.00222713968440047,1.0334773992411639,0.033477399241163885,0.002195826887045643,2.137054821825248,0.0005026114257672,-0.031312797354826616,1,2
1261,1.260999999999972,hold,100.0,3.201223142175341,-0.002245441619323163,1.033449637335551,0.03344963733555106,-0.002189415309679855,2.134865406515568,0.0005018859524327298,0.05602630964330821,1,2
1262,1.2619999999999718,hold,100.0,3.2034413762319813,0.0022182340566403447,1.03346547094667,0.03346547094666996,0.0021870685701358005,2.137052475085704,0.0005011605562233609,-0.031165486504544215,1,2
1263,1.2629999999999717,hold,100.0,3.201204870845264,-0.002236505386717269,1.0334378089324343,0.03343780893243431,-0.0021806803115466196,2.134871794774157,0.0005004391221999463,0.05582507517064945,1,2
1264,1.2639999999999716,hold,100.0,3.2034142347520236,0.0022093639067595205,1.0334535684302173,0.033453568430217295,0.0021783451995749784,2.137050139973732,0.0004997177597818216,-0.031018707184542107,1,2
1265,1.2649999999999715,hold,100.0,3.2011866299001275,-0.0022276048518961034,1.0334260058815021,0.03342600588150213,-0.0021719801515032657,2.134878159822229,0.0004990003282514253,0.055624700392837685,1,2
1266,1.2659999999999714,hold,100.0,3.2033871589945395,0.0022005290944120404,1.0334416915353206,0.03344169153532062,0.002169656635765588,2.1370478164579945,0.0004982829629576733,-0.030872458646452345,1,2
1267,1.2669999999999713,hold,100.0,3.2011684191230256,-0.002218739871513886,1.0334142280285838,0.03341422802858385,-0.002163314690691655,2.134884501767303,0.0004975694976102272,0.05542518082223132,1,2
1268,1.2679999999999712,hold,100.0,3.203360148602549,0.0021917294795232856,1.0334298401073252,0.03342984010732519,0.002161002739671317,2.137045504506974,0.0004968560932780707,-0.03072673985196877,1,2
1269,1.268999999999971,hold,100.0,3.201150238300068,-0.0022099103024810773,1.0334024752212976,0.03340247522129758,-0.002154683790817227,2.1348908207161568,0.0004961465583015228,0.05522651166385041,1,2
1270,1.269999999999971,hold,100.0,3.203333203222903,0.0021829649228353176,1.033418013993367,0.03341801399336708,0.0021523833728180285,2.137043204088975,0.0004954370792624522,-0.030581550017289103,1,2
1271,1.2709999999999708,hold,100.0,3.201132087220457,-0.002201116002446213,1.0333907473090629,0.033390747309062885,-0.00214608731412182,2.134897116774853,0.0004947314393331643,0.055028688324392644,1,2
1272,1.2719999999999707,hold,100.0,3.2033063225058056,0.002174235285348658,1.0334062130423107,0.03340621304231073,0.002143798397281731,2.137040915172135,0.0004940258504033962,-0.03043688806692686,1,2
1273,1.2729999999999706,hold,100.0,3.201113965676103,-0.0021923568297026463,1.0333790441429624,0.033379044142962444,-0.002137525123403047,2.1349033900487315,0.0004933240706767354,0.05483170629959951,1,2
1274,1.2739999999999705,hold,100.0,3.203279506104886,0.0021655404287832525,1.033394437104777,0.033394437104776964,0.002135247675692909,2.1370386377244244,0.0004926223371479444,-0.030292753090343464,1,2
1275,1.2749999999999704,hold,100.0,3.2010958734617905,-0.0021836326430957342,1.0333673655758626,0.03336736557586262,-0.002128997081989316,2.134909640642435,0.0004919243832490598,0.0546355611064182,1,2
1276,1.2759999999999703,hold,100.0,3.2032527536771944,0.0021568802154039446,1.0333826860330901,0.033382686033090136,0.0021267310712364393,2.1370363717136716,0.0004912264708792843,-0.03014914416750534,1,2
1277,1.2769999999999702,hold,100.0,3.201077810375221,-0.002174943301973542,1.0333557114622405,0.03335571146224048,-0.0021205030537744026,2.1349158686598972,0.0004905323088942337,0.05444024819913941,1,2
1278,1.27799999999997,hold,100.0,3.2032260648830664,0.002148254507845504,1.0333709596811678,0.03337095968116777,0.002118248447651073,2.1370341171075484,0.0004898381838990604,-0.030006060194430993,1,2
1279,1.27899999999997,hold,100.0,3.201059776216656,-0.002166288666410221,1.0333440816582595,0.03334408165825953,-0.002112042903176467,2.134922074204372,0.0004891477803660931,0.054245763233754046,1,2
1280,1.2799999999999698,hold,100.0,3.2031994393861027,0.0021396631694465817,1.033359257904665,0.033359257904665096,0.002109799669214857,2.1370318738735867,0.0004884574094100311,-0.02986350023172473,1,2
1281,1.2809999999999697,hold,100.0,3.2010417707891787,-0.0021576685969240117,1.0333324760216547,0.03333247602165468,-0.0021036164951504926,2.1349282573784363,0.00048777073131109285,0.054052101773519046,1,2
1282,1.2819999999999696,hold,100.0,3.2031728768530896,0.0021311060639108703,1.033347580560744,0.03334758056074394,0.002101384600744843,2.137029641979181,0.0004870840814991867,-0.029721463166027147,1,2
1283,1.2829999999999695,hold,100.0,3.201023793898429,-0.0021490829546606527,1.0333208944117753,0.033320894411775326,-0.002095223695193416,2.134934418283988,0.00048640109625163114,0.05385925946723661,1,2
1284,1.2839999999999694,hold,100.0,3.20314637695403,0.0021225830556010905,1.0333359275081968,0.033335927508196805,0.002093003107617917,2.137027421391606,0.0004857181351212907,-0.02957994798317336,1,2
1285,1.2849999999999693,hold,100.0,3.201005845352578,-0.0021405316014520004,1.0333093366895354,0.033309336689535396,-0.002086864369339171,2.134940557022267,0.000485038810569825,0.053667232112829255,1,2
1286,1.2859999999999692,hold,100.0,3.203119939361951,0.002114094009372902,1.0333242986073479,0.03332429860734787,0.002084655055735323,2.1370252120780022,0.0004843595060828121,-0.02943895363757918,1,2
1287,1.286999999999969,hold,100.0,3.200987924962459,-0.002132014399491844,1.0332978027173452,0.03329780271734517,-0.0020785383841449064,2.1349466736938574,0.00048368381049165203,0.05347601534693748,1,2
1288,1.287999999999969,hold,100.0,3.20309356375298,0.0021056387905207252,1.0333126937200547,0.03331269372005474,0.0020763403115439307,2.1370230140054014,0.00048300813102629793,-0.02929847897679451,1,2
1289,1.2889999999999688,hold,100.0,3.200970032541299,-0.0021235312116809624,1.033286292359136,0.03328629235913594,-0.0020702456067037355,2.1349527683986977,0.00048233603307143745,0.05328560497722687,1,2
1290,1.2899999999999687,hold,100.0,3.2030672498062605,0.0020972172649615928,1.0333011127096612,0.033301112709661185,0.002068058742019422,2.137020827140717,0.0004816639474150449,-0.02915852294217095,1,2
1291,1.2909999999999686,hold,100.0,3.200952167904854,-0.0021150819014064126,1.0332748054803176,0.03327480548031758,-0.0020619859046316774,2.1349588412360854,0.00048099541617678315,0.0530959967747352,1,2
1292,1.2919999999999685,hold,100.0,3.2030409972038845,0.002088829299030426,1.0332895554409758,0.03328955544097578,0.002059810214677735,2.137018651450763,0.00048032689351823623,-0.029019084352690985,1,2
1293,1.2929999999999684,hold,100.0,3.20093433087112,-0.002106666332764462,1.0332633419477693,0.033263341947769254,-0.0020537591460792945,2.1349648923046836,0.00047966189847388935,0.05290718668516736,1,2
1294,1.2939999999999683,hold,100.0,3.2030148056308017,0.0020804747596816497,1.0332780217802793,0.03327802178027928,0.0020515945975680067,2.1370164869022514,0.00047899690839636776,-0.028880162113643047,1,2
1295,1.2949999999999682,hold,100.0,3.2009165212606505,-0.0020982843701511378,1.0332519016297719,0.033251901629771874,-0.0020455651997159296,2.1349709217025357,0.0004783354194130714,0.052719170435208164,1,2
1296,1.295999999999968,hold,100.0,3.2029886747749425,0.002072153514292019,1.0332665115952469,0.03326651159524685,0.0020434117592630194,2.137014333461799,0.0004776739318870231,-0.028741755028999488,1,2
1297,1.296999999999968,hold,100.0,3.2008987388961327,-0.00208993587880979,1.03324048439603,0.03324048439602989,-0.0020374039347357494,2.134976929527063,0.0004770159192148411,0.052531944074040486,1,2
1298,1.2979999999999678,hold,100.0,3.2029626043269976,0.0020638654308648974,1.0332550247549672,0.03325502475496722,0.0020352615688679367,2.137012191095931,0.0004763579045910705,-0.028603861996960665,1,2
1299,1.2989999999999677,hold,100.0,3.2008809836026453,-0.002081620724352362,1.0332290901175998,0.03322909011759978,-0.0020292752208515108,2.1349829158750793,0.0004757033388561282,0.052345503500851334,1,2
1300,1.2999999999999676,hold,100.0,3.2029365939804633,0.0020556103778179846,1.0332435611298918,0.0332435611298918,0.0020271438960030807,2.1370100597710824,0.00047504876785906,-0.02846648181490394,1,2
1301,1.3009999999999675,hold,100.0,3.2008632552074,-0.002073338773063149,1.0332177186669538,0.03321771866695378,-0.0020211789282845176,2.1349888808427977,0.0004743976200569388,0.052159844778631566,1,2
1302,1.3019999999999674,hold,100.0,3.2029106434315144,0.0020473882241143215,1.033232120591846,0.03323212059184599,0.002019058610819415,2.1370079394536172,0.00047374646377804997,-0.028329613294906728,1,2
1303,1.3029999999999673,hold,100.0,3.200845553539943,-0.0020650898915715032,1.033206369917849,0.03320636991784909,-0.002013114927784948,2.1349948245258323,0.0004730987052672778,0.051974963786555105,1,2
1304,1.3039999999999672,hold,100.0,3.202884752379054,0.002039198839110856,1.0332207030139577,0.03322070301395774,0.0020110055839808005,2.137005830109813,0.0004724509351586657,-0.02819325513005568,1,2
1305,1.304999999999967,hold,100.0,3.2008278784318045,-0.0020568739472492936,1.0331950437453596,0.03319504374535964,-0.0020050830906096417,2.1350007470192036,0.0004718065376543896,0.05179085663965192,1,2
1306,1.305999999999967,hold,100.0,3.2028589205247435,0.0020310420929390283,1.0332093082706777,0.033209308270677695,0.002002984686682267,2.137003731705886,0.00047116212552250077,-0.028057406256761473,1,2
1307,1.3069999999999669,hold,100.0,3.2008102297167227,-0.0020486908080208366,1.0331837400258779,0.03318374002587787,-0.0019970832885322417,2.1350066484173538,0.0004705210610902945,0.05160751948859489,1,2
1308,1.3079999999999667,hold,100.0,3.2028331475727763,0.0020229178560535743,1.033197936237775,0.033197936237775005,0.001994995790622298,2.137001644207976,0.0004698799790897838,-0.027922065431276386,1,2
1309,1.3089999999999666,hold,100.0,3.200792607230584,-0.002040540342192365,1.0331724586370485,0.03317245863704854,-0.0019891153938301873,2.135012528814146,0.0004692422201395956,0.05142494836217785,1,2
1310,1.3099999999999665,hold,100.0,3.2028074332298537,0.0020148259992698314,1.033186586792219,0.033186586792218975,0.0019870387680216207,2.1369995675821674,0.00046860444076734744,-0.027787231248210722,1,2
1311,1.3109999999999664,hold,100.0,3.200775010811091,-0.0020324224187628914,1.0331611994577896,0.033161199457789614,-0.0019811792792964094,2.135018388302871,0.00046796996004760017,0.05124313946648206,1,2
1312,1.3119999999999663,hold,100.0,3.202781777205419,0.0020067663943281744,1.0331752598122665,0.033175259812266544,0.0019791134916100628,2.1369975017944807,0.000467335456136849,-0.027652902718111605,1,2
1313,1.3129999999999662,hold,100.0,3.200757440298202,-0.002024336907216817,1.0331499623682292,0.0331499623682292,-0.001973274818221205,2.1350242269762596,0.00046670422672865215,0.05106208899561225,1,2
1314,1.313999999999966,hold,100.0,3.202756179211179,0.0019987389129769717,1.0331639551774146,0.03316395517741455,0.001971219834623337,2.1369954468108827,0.00046607297144330437,-0.0275190783536345,1,2
1315,1.314999999999966,hold,100.0,3.2007398955337316,-0.00201628367744755,1.0331387472497129,0.033138747249712885,-0.001965401884404585,2.135030044926478,0.0004654449667547949,0.05088179304296508,1,2
1316,1.3159999999999659,hold,100.0,3.2027306389615346,0.0019907434278030323,1.03315267276834,0.03315267276834,0.001963357670813398,2.1369934025972914,0.0004648169335837912,-0.027385756989634167,1,2
1317,1.3169999999999658,hold,100.0,3.2007223763614405,-0.002008262600094124,1.0331275539847664,0.03312755398476641,-0.0019575603521482343,2.135035842245143,0.00046419212734463076,0.050702247945889636,1,2
1318,1.3179999999999656,hold,100.0,3.202705155414341,0.001982779052900341,1.0331414126883869,0.033141412688386884,0.001955525661845849,2.136991367906989,0.0004635672993889617,-0.027253391054491826,2,2
1319,1.3189999999999655,hold,100.0,3.2007048843519503,-0.002000271062390535,1.0331163827542542,0.033116382754254214,-0.0019497477637156042,2.1350416201432734,0.00046294567523625426,0.05052329867493094,1,2
1320,1.3199999999999654,hold,100.0,3.2026797291671825,0.001974844815232135,1.0331301746579087,0.033130174657908684,0.0019477237773108088,2.1369893439205843,0.0004623240172543486,-0.02712103792132641,2,2
1321,1.3209999999999653,hold,100.0,3.2006874176302658,-0.001992311536916702,1.033105233156529,0.03310523315652891,-0.0019419663477848784,2.1350473775727994,0.00046170553976880373,0.05034518913182373,1,2
1322,1.3219999999999652,hold,100.0,3.2026543598447503,0.0019669422144845683,1.0331189585063298,0.03311895850632984,0.0019399530436774864,2.136987330616477,0.0004610870260776341,-0.026989170807081853,2,2
1323,1.322999999999965,hold,100.0,3.2006699781842394,-0.0019843816605109588,1.033094105328565,0.03309410532856494,-0.0019342143938830309,2.135053116222594,0.00046047168382385746,0.0501672666279279,2,2
1324,1.323999999999965,hold,100.0,3.202629046164044,0.0019590679798047184,1.0331077644106696,0.03310776441066965,0.0019322101101281097,2.136985326332722,0.00045985630271375925,-0.026857869676608644,2,2
1325,1.3249999999999649,hold,100.0,3.2006525638366607,-0.0019764823273833443,1.0330829989744503,0.03308299897445033,-0.0019264917749655848,2.135058834557756,0.0004592440567215731,0.049990552417759515,2,2
1326,1.3259999999999648,hold,100.0,3.2026037889012366,0.001951225064575901,1.0330965919852104,0.03309659198521042,0.0019244981095136882,2.13698333266727,0.00045863176956013885,-0.02672695506221283,2,2
1327,1.3269999999999647,hold,100.0,3.2006351743246704,-0.0019686145765662744,1.0330719139167528,0.03307191391675279,-0.0019187999845557393,2.1350645326827142,0.0004580225949708717,0.049814592010535015,2,2
1328,1.3279999999999645,hold,100.0,3.2025785877548905,0.0019434134302200867,1.0330854411007844,0.033085441100784374,0.001916816906810242,2.1369813495895245,0.00045741337705745643,-0.026596523409844804,2,2
1329,1.3289999999999644,hold,100.0,3.20061780948543,-0.001960778269460395,1.033060850034749,0.0330608500347489,-0.001911138901173978,2.1350702106883506,0.000456807249407313,0.04963936828641675,2,2
1330,1.3299999999999643,hold,100.0,3.2025534424454634,0.0019356329600332955,1.0330743116402366,0.03307431164023655,0.0019091663779914438,2.136979377066342,0.0004562010763530275,-0.026466582041851726,2,2
1331,1.3309999999999642,hold,100.0,3.2006004691687187,-0.0019529732767447072,1.0330498072149945,0.03304980721499451,-0.0019035084027358574,2.135075868663606,0.00045559797147568773,0.049464874008849816,2,2
1332,1.331999999999964,hold,100.0,3.2025283527008996,0.001927883532180985,1.0330632034906027,0.033063203490602655,0.001901546400242276,2.136977415063848,0.00045499481918235803,-0.026337131938709065,2,2
1333,1.332999999999964,hold,100.0,3.200583153229382,-0.0019451994715176113,1.0330387853469862,0.03303878534698623,-0.0018959083673848523,2.135081506696463,0.00045439471319656404,0.04929110413275897,2,2
1334,1.3339999999999639,hold,100.0,3.2025033182536564,0.0019201650242743895,1.0330521165411948,0.033052116541194776,0.001893956851400084,2.1369754635478633,0.0004537945578483643,-0.026208172874305585,2,2
1335,1.3349999999999638,hold,100.0,3.200565861525485,-0.0019374567281715827,1.033027784322097,0.033027784322096965,-0.0018883386736587345,2.1350871248742047,0.00045319742715124777,0.04911805451284813,2,2
1336,1.3359999999999637,hold,100.0,3.2024783388391196,0.0019124773136347528,1.0330410506829404,0.03304105068294039,0.0018863976098497835,2.1369735224840545,0.00045260024520891567,-0.026079703784969353,2,2
1337,1.3369999999999636,hold,100.0,3.2005485939174854,-0.0019297449216342244,1.0330168040331684,0.03301680403316842,-0.0018807992005430872,2.1350927232835115,0.00045200606647089646,0.04894572109113721,2,2
1338,1.3379999999999634,hold,100.0,3.20245341419567,0.0019048202781846157,1.0330300058080997,0.03303000580809967,0.0018788685544892214,2.136971591838001,0.0004514118346667591,-0.025951723695394377,2,2
1339,1.3389999999999633,hold,100.0,3.2005313502677764,-0.0019220639278936247,1.0330058443742822,0.03300584437428222,-0.0018732898274828756,2.135098302010518,0.00045082058482680894,0.04877410041074907,2,2
1340,1.3399999999999632,hold,100.0,3.2024285440639053,0.0018971937961289598,1.0330189818101538,0.033018981810153836,0.0018713695647053447,2.1369696715752236,0.0004502292801602469,-0.025824231423615108,2,2
1341,1.340999999999963,hold,100.0,3.20051413044071,-0.0019144136231954434,1.0329949052406957,0.032994905240695704,-0.0018658104343927868,2.1351038611408306,0.0004496409364214678,0.04860318880265659,2,2
1342,1.341999999999963,hold,100.0,3.202403728186812,0.0018895977461022007,1.0330079785836852,0.033007978583685205,0.0018639005203817235,2.136967761661212,0.00044905253615453404,-0.02569722572047712,2,2
1343,1.342999999999963,hold,100.0,3.200496934302439,-0.0019067938843728705,1.0329839865286896,0.03298398652868961,-0.00185836090166533,2.135109400759547,0.00044846707597988306,0.048432982707540505,2,2
1344,1.3439999999999628,hold,100.0,3.202378966309568,0.0018820320071286645,1.0329969960243333,0.03299699602433326,0.0018564613018840928,2.1369658620614307,0.0004478815576330856,-0.025570705244571657,2,2
1345,1.3449999999999627,hold,100.0,3.2004797617205973,-0.0018992045889705267,1.03297308813563,0.032973088135630046,-0.0018509411101591793,2.1351149209512714,0.0004472989587412786,0.048263478811347335,2,2
1346,1.3459999999999626,hold,100.0,3.202354258179317,0.0018744964587198432,1.0329860340287547,0.03298603402875466,0.0018490517900578822,2.1369639727413294,0.0004467163000894888,-0.025444668661960986,2,2
1347,1.3469999999999624,hold,100.0,3.2004626125645528,-0.0018916456147644034,1.032962209959849,0.032962209959849,-0.0018435509412102434,2.1351204218001194,0.000446136540450922,0.04809467355415997,2,2
1348,1.3479999999999623,hold,100.0,3.202329603545434,0.0018669909808810559,1.0329750924945624,0.03297509249456243,0.0018416718662291574,2.1369620936663485,0.0004455567195194013,-0.025319114651898428,2,2
1349,1.3489999999999622,hold,100.0,3.2004454867051493,-0.0018841168402845554,1.0329513519006526,0.03295135190065257,-0.0018361902766205215,2.135125903389728,0.00044497977735224835,0.047926563664033854,2,2
1350,1.3499999999999621,hold,100.0,3.202305002159185,0.0018595154540355097,1.032964171320416,0.03296417132041607,0.0018343214121988034,2.1369602248019266,0.000444402772412715,-0.025194041836706274,2,2
1351,1.350999999999962,hold,100.0,3.2004283840147334,-0.0018766181444513919,1.0329405138582866,0.03294051385828656,-0.0018288589986650617,2.1351313658032613,0.00044382862617906054,0.047759145786330136,2,2
1352,1.351999999999962,hold,100.0,3.20228045377388,0.0018520697591464241,1.0329532704058175,0.032953270405817525,0.0018270003102377362,2.136958366113499,0.0004432544157458868,-0.02506944890868796,2,2
1353,1.3529999999999618,hold,100.0,3.200411304367225,-0.0018691494066547243,1.0329296957339493,0.03292969573394933,-0.0018215569900829184,2.135136809123416,0.0004426830441479969,0.04759241657180586,2,2
1354,1.3539999999999617,hold,100.0,3.2022559581447263,0.001844653777501204,1.032942389651256,0.032942389651255954,0.0018197084430906095,2.1369565175665066,0.00044211160697449424,-0.024945334410594443,2,2
1355,1.3549999999999616,hold,100.0,3.2003942476379104,-0.001861710506815939,1.0329188974297165,0.03291889742971654,-0.001814284134076762,2.13514223343243,0.0004415429889510738,0.047426372739176915,2,2
1356,1.3559999999999615,hold,100.0,3.202231515028796,0.001837267390885522,1.0329315289580938,0.032931528958093814,0.0018124456939707621,2.1369546791264007,0.00044097430402582183,-0.0248216969147598,2,2
1357,1.3569999999999613,hold,100.0,3.2003772137034403,-0.0018543013253555785,1.0329081188485858,0.0329081188485858,-0.0018070403143241962,2.1351476388120765,0.00044040841874845436,0.047261011031382236,2,2
1358,1.3579999999999612,hold,100.0,3.2022071241851826,0.0018299104817423029,1.0329206882286257,0.032920688228625705,0.001805211946560791,2.1369528507586373,0.00043984246529171284,-0.024698535181511817,2,2
1359,1.3589999999999611,hold,100.0,3.200360202442009,-0.0018469217431738016,1.0328973598944076,0.03289735989440756,-0.0017998254149559306,2.1351530253436812,0.0004392792921612887,0.04709632821787101,2,2
1360,1.359999999999961,hold,100.0,3.2021827853746836,0.0018225829326747878,1.0329098673659693,0.03290986736596935,0.0017980070850067617,2.136951032428688,0.0004387160496215051,-0.024575847668026035,2,2
1361,1.360999999999961,hold,100.0,3.200343213733034,-0.0018395716416494956,1.0328866204719687,0.032886620471968664,-0.001792639320565287,2.1351583931081226,0.0004381555682647938,0.04693232108420866,2,2
1362,1.3619999999999608,hold,100.0,3.202158498359962,0.0018152846269279266,1.0328990662741664,0.03289906627416639,0.00179083099391668,2.136949224102039,0.00043759501631514963,-0.02445363301124652,2,2
1363,1.3629999999999607,hold,100.0,3.200326247457286,-0.0018322509026758027,1.032875900486806,0.032875900486806,-0.0017854819162102062,2.1351637421858287,0.0004370372065813681,0.04676898646559648,2,2
1364,1.3639999999999606,hold,100.0,3.2021342629054796,0.001808015448193423,1.0328882848580543,0.032888284858054284,0.0017836835583682038,2.136947425744197,0.00043647932511644286,-0.024331889825219197,2,2
1365,1.3649999999999605,hold,100.0,3.2003093034969723,-0.001824959408507354,1.032865199845357,0.032865199845357074,-0.00177835308740201,2.135169072656795,0.00043592416707394227,0.046606321105343955,2,2
1366,1.3659999999999604,hold,100.0,3.2021100787775354,0.001800775280563105,1.0328775230233602,0.03287752302336022,0.0017765646638849236,2.13694563732068,0.000435368936206331,-0.02421061667818138,2,2
1367,1.3669999999999602,hold,100.0,3.20029238173559,-0.0018176970419454541,1.032854518454899,0.03285451845489895,-0.0017712527201021277,2.135174384600578,0.00043481641013933946,0.04644432184332638,2,2
1368,1.3679999999999601,hold,100.0,3.202085945744212,0.0017935640086221838,1.0328667806766134,0.032866780676613416,0.0017694741964590394,2.136943858797037,0.0004342638101965369,-0.024089812163144386,2,2
1369,1.36899999999996,hold,100.0,3.2002754820576946,-0.001810463686517494,1.0328438562234952,0.03284385622349517,-0.0017641807007363758,2.135179678096301,0.0004337138966019303,0.04628298578111811,2,2
1370,1.36999999999996,hold,100.0,3.202061863575136,0.00178638151744126,1.03285605772515,0.03285605772514999,0.001762412042532989,2.1369420901388336,0.0004331639081230401,-0.023969474908271116,2,2
1371,1.3709999999999598,hold,100.0,3.200258604349423,-0.0018032592257126723,1.032833213060026,0.032833213060025956,-0.0017571369161721504,2.1351849532226614,0.000432616587707244,0.046122309540521905,2,2
1372,1.3719999999999597,hold,100.0,3.2020378320418494,0.0017792276924262218,1.0328453540771176,0.03284535407711764,0.0017553780890028489,2.1369403313116644,0.0004320691914399235,-0.02384960342337295,2,2
1373,1.3729999999999596,hold,100.0,3.200241748497893,-0.0017960835439563283,1.0328225888741729,0.03282258887417289,-0.0017501212537347321,2.13519021005793,0.0004315244451158069,0.04596229022159619,2,2
1374,1.3739999999999595,hold,100.0,3.2020138509174343,0.0017721024195411772,1.0328346696414858,0.03283466964148585,0.0017483722232241095,2.136938582281154,0.00043097962201319763,-0.023730196317067655,2,2
1375,1.3749999999999594,hold,100.0,3.2002249143916535,-0.0017889365257808265,1.0328119835763976,0.032811983576397585,-0.0017431336011975134,2.1351954486799567,0.0004304374308970585,0.04580292458331307,2,2
1376,1.3759999999999593,hold,100.0,3.2019899199767843,0.0017650055851308188,1.0328240043279577,0.032824004327957734,0.0017413943329961973,2.1369368430129527,0.0004298951621147947,-0.023611252134621546,2,2
1377,1.3769999999999591,hold,100.0,3.2002081019202553,-0.0017818180565289943,1.0328013970779109,0.032801397077910854,-0.0017361738467783939,2.1352006691661742,0.0004293555075234229,0.04564420975060042,2,2
1378,1.377999999999959,hold,100.0,3.201966038996309,0.0017579370760536506,1.0328133580470604,0.032813358047060426,0.0017344443065690233,2.1369351134727435,0.00042881577441667513,-0.02349276948462723,2,2
1379,1.378999999999959,hold,100.0,3.200191310974578,-0.0017747280217310646,1.0327908292907282,0.032790829290728185,-0.0017292418791393458,2.135205871593604,0.0004282786378644073,0.04548614259171878,2,2
1380,1.3799999999999588,hold,100.0,3.2019422077541275,0.0017508967795496488,1.0328027307100076,0.03280273071000761,0.001727522032637356,2.1369333936262414,0.00042774142198504764,-0.023374746912292917,2,2
1381,1.3809999999999587,hold,100.0,3.200174541446638,-0.0017676663074897014,1.0327802801275947,0.03278028012759471,-0.001722337587386479,2.135211056038855,0.0004272067851809446,0.04532872010322236,2,2
1382,1.3819999999999586,hold,100.0,3.20191842603005,0.0017438845834121253,1.0327921222288612,0.03279212222886119,0.001720627400342226,2.136931683439197,0.00042667206827464913,-0.02325718306989935,2,2
1383,1.3829999999999585,hold,100.0,3.2001577932295584,-0.0017606328004915461,1.0327697495019834,0.032769749501983414,-0.0017154608610665245,2.1352162225781304,0.0004261399131196871,0.045171939425021596,2,2
1384,1.3839999999999584,hold,100.0,3.2018946936052615,0.0017369003757030654,1.0327815325163514,0.03278153251635141,0.0017137602992661047,2.1369299828773967,0.0004256076771232018,-0.02314007643696076,2,2
1385,1.3849999999999583,hold,100.0,3.2001410662176806,-0.0017536273875808917,1.0327592373281231,0.032759237328123136,-0.0017086115901667953,2.13522137128723,0.00042507798570755805,0.04501579741409637,2,2
1386,1.3859999999999582,hold,100.0,3.2018710102627033,0.001729944045022691,1.0327709614859761,0.032770961485976136,0.0017069206194345256,2.1369282919066643,0.00042454821274595775,-0.023023425588165457,2,2
1387,1.386999999999958,hold,100.0,3.2001243603063276,-0.0017466499563756344,1.0327487435209497,0.0327487435209497,-0.0017017896651136393,2.135226502241551,0.0004240209673462643,0.044860291261995075,2,2
1388,1.387999999999958,hold,100.0,3.201847375786771,0.0017230154804432907,1.0327604090519245,0.032760409051924455,0.001700108251315786,2.136926610492867,0.0004234936397303096,-0.022907229127504692,2,2
1389,1.3889999999999578,hold,100.0,3.2001076753920756,-0.0017397003946952871,1.0327382679961377,0.03273826799613766,-0.0016949949767716152,2.135231615516095,0.0004229688228070315,0.044705417923671935,2,2
1390,1.3899999999999577,hold,100.0,3.2018237899634965,0.0017161145714208459,1.0327498751291484,0.0327498751291484,0.001693323085811735,2.136924938601907,0.00042244392303051546,-0.022791485609110953,2,2
1391,1.3909999999999576,hold,100.0,3.2000910113724905,-0.0017327785910059568,1.032727810670031,0.032727810670031054,-0.0016882274164356044,2.1352367111854713,0.0004219215172253919,0.04455117457035241,2,2
1392,1.3919999999999575,hold,100.0,3.2018002525803766,0.0017092412078860697,1.032739359633243,0.03273935963324304,0.0016865650142598996,2.136923276199731,0.00042139902796255456,-0.02267619362617012,2,2
1393,1.3929999999999574,hold,100.0,3.200074368146265,-0.001725884434111702,1.0327173714597107,0.032717371459710654,-0.0016814868758340822,2.135241789323897,0.0004208790160959931,0.044397558277619716,2,2
1394,1.3939999999999573,hold,100.0,3.2017767634263734,0.0017023952801085152,1.0327288624805615,0.032728862480561505,0.0016798339284338926,2.136921623252331,0.00042035892019900794,-0.022561351674622518,2,2
1395,1.3949999999999572,hold,100.0,3.200057745613056,-0.0017190178133175138,1.0327069502828914,0.03270695028289139,-0.0016747732471268093,2.1352468500052044,0.0004198412852676446,0.044244566190704486,2,2
1396,1.395999999999957,hold,100.0,3.201753322291947,0.0016955766788910864,1.0327183835880998,0.03271838358809975,0.0016731297205378377,2.136919979725742,0.00041932356576413474,-0.02244695835324872,2,2
1397,1.396999999999957,hold,100.0,3.2000411436736473,-0.0017121786182996424,1.0326965470580018,0.032696547058001846,-0.0016680864229056398,2.1352518933028364,0.0004188082909383151,0.04409219539400254,2,2
1398,1.3979999999999568,hold,100.0,3.201729928969147,0.0016887852954998728,1.032707922873537,0.032707922873536965,0.0016664522832113254,2.136918345586048,0.0004182929310289164,-0.02233301228854738,2,2
1399,1.3989999999999567,hold,100.0,3.200024562229861,-0.0017053667392863403,1.0326861617041414,0.0326861617041414,-0.0016614262961878504,2.13525691928986,0.00041777999965033924,0.04394044309848988,2,2
1400,1.3999999999999566,hold,100.0,3.2017065832513363,0.0016820210214754105,1.0326974802552455,0.03269748025524555,0.001659801509515346,2.136916720799375,0.0004172669827062989,-0.02221951196006459,2,2
1401,1.4009999999999565,hold,100.0,3.2000080011844174,-0.0016985820669188634,1.0326757941410414,0.03267579414104138,-0.001654792760414866,2.13526192803896,0.0004167563782856028,0.04378930650399734,2,2
1402,1.4019999999999564,hold,100.0,3.2016832849333094,0.0016752837488920314,1.0326870556522074,0.03268705565220742,0.0016531772929481233,2.136915105331908,0.00041624568784645084,-0.022106455943908098,2,2
1403,1.4029999999999563,hold,100.0,3.1999914604411455,-0.0016918244921639847,1.0326654442891388,0.032665444289138756,-0.0016481857094624952,2.135266919622446,0.0004157373940609182,0.04363878270148948,2,2
1404,1.4039999999999562,hold,100.0,3.2016600338113896,0.0016685733702441752,1.0326766489841308,0.03267664898413081,0.0016465795274279963,2.1369134991498737,0.00041522901383211046,-0.021993842816178926,2,2
1405,1.404999999999956,hold,100.0,3.199974939904788,-0.0016850939066017645,1.0326551120694483,0.03265511206944827,-0.0016416050376148732,2.135271894112259,0.0004147230145233883,0.04348886898689129,2,2
1406,1.405999999999956,hold,100.0,3.201636829683295,0.0016618897785072306,1.0326662601712984,0.03266626017129837,0.0016400081072907623,2.1369119022195497,0.00041421692837407956,-0.021881671216468328,2,2
1407,1.4069999999999558,hold,100.0,3.1999584394810867,-0.0016783902022083907,1.0326447974036752,0.03264479740367521,-0.001635050639582075,2.1352768515799676,0.00041371320754592393,0.043339562626315636,2,2
1408,1.4079999999999557,hold,100.0,3.201613672347971,0.001655232866884404,1.0326558891346889,0.032655889134688865,0.0016334629273052417,2.136910314507273,0.00041320939950671384,-0.021769939579162345,2,2
1409,1.4089999999999556,hold,100.0,3.1999419590767437,-0.001671713271227393,1.032634500214121,0.032634500214121065,-0.0016285224105023568,2.135281792096771,0.0004127079413227646,0.04319086072503619,2,2
1410,1.4099999999999555,hold,100.0,3.201590561605946,0.0016486025292024031,1.0326455357958648,0.03264553579586482,0.0016269438826599185,2.1369087359794308,0.0004122063955835474,-0.021658646542484616,2,2
1411,1.4109999999999554,hold,100.0,3.199925498599403,-0.0016650630065431216,1.0326242204237095,0.032624220423709493,-0.0016220202459238543,2.135286715733507,0.000411707184365208,0.0430427606192673,2,2
1412,1.4119999999999553,hold,100.0,3.201567497259026,0.0016419986596227787,1.0326352000770305,0.03263520007703047,0.0016204508689570366,2.136907166602464,0.00041120788527296894,-0.021547790665742094,2,2
1413,1.4129999999999552,hold,100.0,3.199909057957572,-0.001658439301453818,1.0326139579560154,0.032613957956015405,-0.0016155440418114306,2.135291622560653,0.00041071090549725216,0.04289525964238727,2,2
1414,1.413999999999955,hold,100.0,3.2015444791102654,0.0016354211526934392,1.0326248819009851,0.032624881900985114,0.0016139837822185664,2.1369056063428715,0.00041021383755398584,-0.0214373704748728,2,2
1415,1.414999999999955,hold,100.0,3.199892637060797,-0.0016518420494682218,1.0326037127351608,0.03260371273516083,-0.0016090936945463573,2.135296512648325,0.0004097190738514048,0.04274835492186447,2,2
1416,1.4159999999999549,hold,100.0,3.20152150696424,0.0016288699034427978,1.0326145811911698,0.03261458119116978,0.0016075425188806908,2.136904055167206,0.0004092242217120585,-0.021327384562107005,2,2
1417,1.4169999999999547,hold,100.0,3.199876235819371,-0.0016452711448691204,1.0325934846859093,0.03259348468590928,-0.0016026691009165617,2.1353013860662893,0.00040873165886464054,0.0426020439525587,2,2
1418,1.4179999999999546,hold,100.0,3.2014985806267013,0.001622344807330478,1.032604297871609,0.03260429787160901,0.0016011269757883746,2.136902513042078,0.0004082390073350058,-0.021217831542103428,2,2
1419,1.4189999999999545,hold,100.0,3.1998598541445578,-0.001638726482143582,1.032583273733614,0.03258327373361403,-0.001596270158125922,2.135306242883952,0.00040774863027419903,0.0424563240176601,2,2
1420,1.4199999999999544,hold,100.0,3.2014756999047442,0.001615845760186474,1.032594031866883,0.03259403186688292,0.001594737050210575,2.1369009799341625,0.00040725816430898387,-0.02110870997589897,2,2
1421,1.4209999999999543,hold,100.0,3.1998434919486165,-0.0016322079561277292,1.0325730798041906,0.03257307980419055,-0.0015898967637911973,2.135311083170371,0.0004067699581137118,0.042311192336531855,2,2
1422,1.4219999999999542,hold,100.0,3.2014528646067655,0.0016093726581489776,1.0325837831022113,0.03258378310221133,0.001588372639821132,2.1368994558101924,0.0004062816628145185,-0.021000018327845503,2,2
1423,1.422999999999954,hold,100.0,3.199827149144446,-0.001625715462319377,1.0325629028241325,0.032562902824132545,-0.001583548815936768,2.1353159069942556,0.0004057956127092304,0.04216664638260906,2,2
1424,1.423999999999954,hold,100.0,3.2014300745424515,0.0016029253980054392,1.0325735515033594,0.03257355150335939,0.0015820336427007614,2.136897940636956,0.0004053094733226428,-0.020891755304677836,2,2
1425,1.4249999999999539,hold,100.0,3.1998108256459474,-0.0016192488965041107,1.032552742720536,0.0325527427205361,-0.0015772262129839201,2.135320714423972,0.0004048255646753849,0.0420226835201906,2,2
1426,1.4259999999999537,hold,100.0,3.2014073295227115,0.0015965038767640216,1.0325633369966867,0.032563336996686676,0.0015757199573360168,2.136896434381308,0.00040434156659105935,-0.02078391942800478,2,2
1427,1.4269999999999536,hold,100.0,3.1997945213678607,-0.0016128081548507645,1.0325425994210184,0.03254259942101845,-0.0015709288537671714,2.1353255055275406,0.0004038597849115959,0.04187930108359304,2,2
1428,1.4279999999999535,hold,100.0,3.2013846293596586,0.0015901079917979288,1.0325531395090892,0.032553139509089224,0.001569431482625733,2.136894937010166,0.0004033779136603772,-0.020676509172195795,2,2
1429,1.4289999999999534,hold,100.0,3.1997782362256633,-0.001606393133995354,1.0325324728537992,0.03253247285379923,-0.0015646566375227067,2.1353302803726435,0.0004028982445983486,0.0417364964726474,2,2
1430,1.4299999999999533,hold,100.0,3.2013619738668337,0.0015837376411704795,1.032542958968023,0.03254295896802306,0.0015631681178676856,2.136893448490511,0.00040241848585044883,-0.020569523302793904,2,2
1431,1.4309999999999532,hold,100.0,3.199761970135782,-0.0016000037310517357,1.0325223629476061,0.03252236294760613,-0.001558409463888601,2.1353350390266224,0.0004019409151935496,0.04159426716313476,2,2
1432,1.431999999999953,hold,100.0,3.201339362858768,0.0015773927229858486,1.0325327953015349,0.032532795301534856,0.001556929762763311,2.1368919687893855,0.00040146325475671606,-0.02046296022253772,2,2
1433,1.432999999999953,hold,100.0,3.199745723015343,-0.0015936398434246435,1.0325122696317313,0.03251226963173126,-0.0015521872329009741,2.1353397815564845,0.0004009877684288784,0.04145261052366936,2,2
1434,1.4339999999999529,hold,100.0,3.2013167961513274,0.0015710731359841468,1.032522648438178,0.03252264843817798,0.0015507163174168191,2.1368904978739014,0.0004005121922466516,-0.020356818567327656,2,2
1435,1.4349999999999528,hold,100.0,3.1997294947823214,-0.0015873013690059778,1.0325021928359932,0.032502192835993204,-0.0015459898449963429,2.135344508028905,0.00040003877630631504,0.04131152400963498,2,2
1436,1.4359999999999526,hold,100.0,3.2012942735615963,0.0015647787792749668,1.0325125183070447,0.03251251830704471,0.0015445276823258243,2.136889035711231,0.00039956527045623987,-0.0202510969491425,2,2
1437,1.4369999999999525,hold,100.0,3.1997132853555144,-0.0015809882060819902,1.032492132490777,0.03249213249077698,-0.0015398172010032852,2.1353492185102274,0.00039909391109462666,0.04117100507870504,2,2
1438,1.4379999999999524,hold,100.0,3.2012717949077993,0.0015585095522849812,1.0325024048377827,0.03250240483778266,0.0015383637583895153,2.136887582268617,0.00039862246178654315,-0.02014579389546592,2,2
1439,1.4389999999999523,hold,100.0,3.1996970946544128,-0.001574700253386574,1.0324820885269443,0.03248208852694434,-0.0015336692021511173,2.135353913066466,0.00039815314532591086,0.0410310512354566,2,2
1440,1.4399999999999522,hold,100.0,3.2012493600093794,0.0015522653549666643,1.03249230796055,0.032492307960549915,0.00153222444690567,2.1368861375133714,0.0003976837389002882,-0.02004090806099427,2,2
1441,1.440999999999952,hold,100.0,3.1996809225993497,-0.001568437410029766,1.0324720608759037,0.03247206087590371,-0.0015275457500663035,2.135358591763305,0.00039721645179230863,0.0408916599634625,2,2
1442,1.441999999999952,hold,100.0,3.2012269686868473,0.0015460460874976434,1.032482227606035,0.03248222760603503,0.0015261096495652682,2.1368847014128702,0.0003967490747185276,-0.01993643793237517,2,2
1443,1.4429999999999519,hold,100.0,3.1996647691113838,-0.001562199575463552,1.03246204946958,0.03246204946957998,-0.0015214467467532754,2.135363254666117,0.00039628380354262067,0.040752828710276634,2,2
1444,1.4439999999999518,hold,100.0,3.2012046207620104,0.0015398516506266446,1.032472163705422,0.03247216370542194,0.0015200192684408274,2.136883273934558,0.00039581844241740185,-0.01983238218581729,2,2
1445,1.4449999999999517,hold,100.0,3.199648634112285,-0.0015559866497252273,1.0324520542404119,0.032452054240411865,-0.0015153720946182799,2.1353679018399396,0.0003953551738790914,0.0406145551069474,2,2
1446,1.4459999999999515,hold,100.0,3.2011823160576003,0.001533681945315113,1.0324621161904253,0.03246211619042527,0.0015139532060135512,2.136881855045953,0.0003948918154248434,-0.019728739301561698,2,2
1447,1.4469999999999514,hold,100.0,3.199632517524644,-0.0015497985329564479,1.0324420751212946,0.0324420751212946,-0.0015093216964578908,2.135372533349495,0.0003944305363542025,0.040476836498557066,2,2
1448,1.4479999999999513,hold,100.0,3.2011600543978,0.001527536873155988,1.0324520849932468,0.03245208499324681,0.001507911365146224,2.1368804447146412,0.00039396916741742723,-0.019625508009763922,2,2
1449,1.4489999999999512,hold,100.0,3.1996164192717567,-0.0015436351260431636,1.032432112045681,0.03243211204568097,-0.0015032954554483576,2.135377149259193,0.00039350986476750365,0.04033967059480594,2,2
1450,1.449999999999951,hold,100.0,3.20113783560758,0.0015214163358234778,1.0324420700466095,0.032442070046609484,0.0015018936490861405,2.136879042908279,0.00039305047231728894,-0.01952268673733725,2,2
1451,1.450999999999951,hold,100.0,3.1996003392775467,-0.0015374963300334166,1.0324221649474719,0.032422164947471854,-0.001497293275157381,2.1353817496331216,0.00039259313316251866,0.04020305487603551,2,2
1452,1.4519999999999509,hold,100.0,3.2011156595132513,0.0015153202357045537,1.0324320712836892,0.03243207128368919,0.0014958999614741336,2.1368776495945956,0.00039213570428894823,-0.019420274230420084,2,2
1453,1.4529999999999508,hold,100.0,3.19958427746675,-0.001531382046501495,1.0324122337610666,0.03241223376106661,-0.0014913150595347944,2.135386334535061,0.00039168031582370876,0.04006698696670048,2,2
1454,1.4539999999999507,hold,100.0,3.2010935259420648,0.0015092484753149726,1.032422088638172,0.032422088638172086,0.0014899302063286484,2.1368762647413897,0.00039122483773641823,-0.019318268986324254,2,2
1455,1.4549999999999506,hold,100.0,3.1995682337648024,-0.0015252921772623829,1.0324023184213524,0.03240231842135244,-0.0014853607129125914,2.135390904028477,0.00039077138727348784,0.039931464349791466,2,2
1456,1.4559999999999504,hold,100.0,3.2010714347224707,0.0015032009576683159,1.0324121220442544,0.032412122044254366,0.0014839842880604375,2.1368748883165374,0.00039031784730010226,-0.019216669607878326,2,2
1457,1.4569999999999503,hold,100.0,3.199552208097753,-0.0015192266247177066,1.0323924188636882,0.032392418863688155,-0.0014794301400093408,2.135395458176528,0.00038986632226919933,0.03979648470836582,2,2
1458,1.4579999999999502,hold,100.0,3.201049385683943,0.001497177586189835,1.0324021714365523,0.03240217143655233,0.0014780621114544644,2.1368735202879825,0.0003894147078539368,-0.019115474735370692,2,2
1459,1.4589999999999501,hold,100.0,3.1995362003924295,-0.0015131852915133415,1.0323825350238909,0.03238253502389088,-0.0014735232459162217,2.1353999970420663,0.00038896509580029414,0.03966204559711982,2,2
1460,1.45999999999995,hold,100.0,3.2010273786570407,0.0014911782646112037,1.0323922367501759,0.032392236750175885,0.0014721635816806536,2.136872160623747,0.00038851539450249537,-0.019014682930550142,2,2
1461,1.46099999999995,hold,100.0,3.1995202105762215,-0.0015071680808191878,1.0323726668382436,0.03237266683824358,-0.001467639936107259,2.13540452068764,0.00038806768308540803,0.0395281447119289,2,2
1462,1.4619999999999498,hold,100.0,3.2010054134733577,0.001485202897136162,1.0323823179207168,0.032382317920716774,0.001466288604282742,2.136870809291923,0.00038761988257813754,-0.018914292853419983,2,2
1463,1.4629999999999497,hold,100.0,3.199504238577309,-0.0015011748960485072,1.0323628142435128,0.03236281424351284,-0.0014617801164290112,2.1354090291754937,0.00038717405956959427,0.039394779619496015,2,2
1464,1.4639999999999496,hold,100.0,3.2009834899655063,0.0014792513881971558,1.032372414884199,0.03237241488419906,0.0014604370851884923,2.136869466260682,0.0003867281476382388,-0.018814303008663543,2,2
1465,1.4649999999999495,hold,100.0,3.199488284324433,-0.001495205641073305,1.0323529771768845,0.032352977176884457,-0.0014559436931126483,2.1354135225675694,0.0003862842009215209,0.03926194796065666,2,2
1466,1.4659999999999493,hold,100.0,3.200961607967275,0.0014733236428421392,1.0323625275771355,0.032362527577135536,0.0014546089306992642,2.136868131498269,0.0003858401654624188,-0.018714712142875022,2,2
1467,1.4669999999999492,hold,100.0,3.19947234774699,-0.0014892602202851712,1.0323431555760214,0.03234315557602141,-0.0014501305727549613,2.135418000925514,0.0003853980830307464,0.03912964753020995,2,2
1468,1.4679999999999491,hold,100.0,3.200939767313241,0.0014674195662509604,1.03235265593646,0.03235265593645997,0.0014488040474893522,2.1368668049730033,0.00038495591204986546,-0.018615518761608142,2,2
1469,1.468999999999949,hold,100.0,3.1994564287751075,-0.0014833385381334274,1.032333349379001,0.03233334937900101,-0.0014443406623262554,2.135422464310677,0.0003845156820050698,0.038997875807172046,2,2
1470,1.469999999999949,hold,100.0,3.200917967839171,0.001461539064063544,1.0323427998995536,0.032342799899553576,0.001443022342604471,2.1368654866532815,0.0003840753636166251,-0.018516721459072925,2,2
1471,1.4709999999999488,hold,100.0,3.1994405273394575,-0.0014774404997135449,1.0323235585243777,0.03232355852437774,-0.0014385738691668388,2.135426912784115,0.0003836369741678466,0.03886663054670603,2,2
1472,1.4719999999999487,hold,100.0,3.200896209381833,0.0014556820423754502,1.032332959404256,0.03233295940425607,0.0014372637234609583,2.1368641765075758,0.0003831984965930431,-0.0184183189144919,2,2
1473,1.4729999999999486,hold,100.0,3.199424643371336,-0.0014715660104971384,1.0323137829511224,0.032313782951122416,-0.0014328301009887228,2.135431346406587,0.00038276193605539733,0.038735909508415656,2,2
1474,1.4739999999999485,hold,100.0,3.2008744917789587,0.0014498484076228557,1.0323231343888415,0.03232313438884149,0.0014315280978519137,2.136862874504439,0.00038232528762112005,-0.018320309770942025,2,2
1475,1.4749999999999484,hold,100.0,3.1994087768027364,-0.0014657149762222765,1.032304022598631,0.03230402259863108,-0.0014271092658725028,2.1354357652385665,0.00038189054441447993,0.038605710349773725,2,2
1476,1.4759999999999482,hold,100.0,3.200852814869208,0.0014440380664715313,1.032313324792004,0.032313324792003995,0.0014258153739319939,2.1368615806124986,0.00038145571355203235,-0.018222692539537465,2,2
1477,1.4769999999999481,hold,100.0,3.1993929275661355,-0.001459887303072449,1.032294277406718,0.032294277406718086,-0.0014214112722649953,2.135440169340234,0.00038102277619971394,0.03847603080745377,2,2
1478,1.477999999999948,hold,100.0,3.200831178492332,0.0014382509261965382,1.032303530552873,0.03230353055287294,0.001420125460226826,2.1368602948004605,0.00038058975144357715,-0.01812546596971216,2,2
1479,1.478999999999948,hold,100.0,3.1993770955947296,-0.0014540828976024045,1.0322845473156361,0.032284547315636125,-0.0014157360289767094,2.135444558771484,0.00038015860857114504,0.038346868625695106,2,2
1480,1.4799999999999478,hold,100.0,3.2008095824888843,0.0014324868941546498,1.0322937516109822,0.032293751610982246,0.0014144582656257275,2.13685901703711,0.000379727378557712,-0.01802862852892228,2,2
1481,1.4809999999999477,hold,100.0,3.1993612808222176,-0.0014483016666666515,1.0322748322660802,0.03227483226608019,-0.0014100834451811455,2.1354489335919284,0.00037929801889177917,0.03821822148550595,2,2
1482,1.4819999999999476,hold,100.0,3.200788026700651,0.0014267458784336107,1.0322839879063164,0.03228398790631637,0.0014088136993809387,2.1368577472913093,0.000378868572358208,-0.017932179052672012,2,2
1483,1.4829999999999475,hold,100.0,3.1993454831829675,-0.001442543517683692,1.032265132199095,0.03226513219909499,-0.001404453430416678,2.1354532938608926,0.00037844098472516666,0.0380900872670141,2,2
1484,1.4839999999999474,hold,100.0,3.200766510970097,0.0014210277871296029,1.0322742393792415,0.032274239379241454,0.0014031916711110491,2.136856485532004,0.00037801331050814466,-0.017836116018553727,2,2
1485,1.4849999999999473,hold,100.0,3.1993297026118603,-0.0014368083582367852,1.0322554470561773,0.03225544705617733,-0.001398845894581452,2.1354576396374223,0.000377587483833049,0.0379624636553332,2,2
1486,1.4859999999999471,hold,100.0,3.200745035140787,0.0014153325289267826,1.0322645059705653,0.032264505970565294,0.001397592090790925,2.1368552317282132,0.00037716157086763115,-0.0177404381358577,2,2
1487,1.486999999999947,hold,100.0,3.1993139390444396,-0.0014310960963475061,1.0322457767792015,0.032245776779201485,-0.0013932607479295155,2.1354619709802836,0.00037673749417303017,0.03783534841799059,2,2
1488,1.487999999999947,hold,100.0,3.2007235990571092,0.0014096600126696224,1.032254787621489,0.03225478762148892,0.0013920148687550124,2.1368539858490387,0.0003763133314914711,-0.01764514391460999,2,2
1489,1.4889999999999468,hold,100.0,3.1992981924166326,-0.0014254066404766341,1.0322361213104756,0.032236121310475596,-0.0013876979010768265,2.135466287947962,0.0003758909938962452,0.03770873939980767,2,2
1490,1.4899999999999467,hold,100.0,3.2007022025644964,0.0014040101478638434,1.032245084273571,0.03224508427357109,0.0013864599157042052,2.1368527478636663,0.0003754685706268858,-0.01755023215963816,2,2
1491,1.4909999999999466,hold,100.0,3.199282462665182,-0.0014197398993145427,1.0322264805926658,0.03222648059266575,-0.0013821572649948633,2.1354705905986715,0.0003750479613451175,0.037582634319679446,2,2
1492,1.4919999999999465,hold,100.0,3.2006808455092433,0.0013983828440613522,1.0322353958688328,0.03223539586883284,0.0013809271426839871,2.1368515177413556,0.00037462726671123967,-0.01745570137736503,2,2
1493,1.4929999999999464,hold,100.0,3.199266749727151,-0.0014140957820920619,1.0322168545688764,0.03221685456887635,-0.0013766387510080803,2.1354748789903475,0.0003742083750511238,0.037457031083981594,2,2
1494,1.4939999999999463,hold,100.0,3.2006595277385443,0.0013927780113931476,1.0322257223496798,0.0322257223496798,0.0013754164611027206,2.1368502954514503,0.0003737893983698561,-0.017361550290426967,2,2
1495,1.4949999999999461,hold,100.0,3.199251053540256,-0.0014084741982882676,1.0322072431825287,0.032207243182528655,-0.0013711422707965155,2.1354791531806536,0.0003733722137325995,0.03733192749175206,2,2
1496,1.495999999999946,hold,100.0,3.2006382491005296,0.0013871955602735575,1.0322160636588646,0.032216063658864647,0.0013699277827232592,2.1368490809633767,0.00037295494441383765,-0.017267777550298298,2,2
1497,1.496999999999946,hold,100.0,3.1992353740427264,-0.0014028750578032323,1.0321976463775009,0.03219764637750089,-0.0013656677363945615,2.135483413226982,0.00037253945629256674,0.037207321408670765,2,2
1498,1.4979999999999458,hold,100.0,3.200617009444195,0.0013816354014686283,1.0322064197395429,0.03220641973954286,0.0013644610196584313,2.136847874246641,0.00037212388383788317,-0.017174381810196964,2,2
1499,1.4989999999999457,hold,100.0,3.1992197111733844,-0.0013972982708105874,1.032188064098014,0.03218806409801389,-0.0013602150601838058,2.135487659186457,0.0003717100818166035,0.03708321062678168,2,2
1500,1.4999999999999456,hold,100.0,3.2005958086194015,0.0013760974460170772,1.032196790535267,0.03219679053526692,0.0013590160843745375,2.1368466752708315,0.000371296195818211,-0.017081361642539653,2,2
1501,1.5009999999999455,hold,100.0,3.1992040648714735,-0.0013917437479280537,1.032178496288663,0.032178496288663094,-0.0013547841548962284,2.1354918911159353,0.00037088406957073707,0.03695959303182529,2,2
1502,1.5019999999999454,hold,100.0,3.200574646476973,0.0013705816054994102,1.032187175989952,0.03218717598995191,0.0013535928896817213,2.136845484005617,0.000370471859710421,-0.016988715817688876,2,2
1503,1.5029999999999453,hold,100.0,3.1991884350768185,-0.0013862114001543802,1.0321689428944183,0.032168942894418295,-0.0013493749336125848,2.1354961090720046,0.00037006139899937735,0.03683646654179537,2,2
1504,1.5039999999999452,hold,100.0,3.2005535228684825,0.0013650877916639992,1.0321775760479093,0.03217757604790927,0.0013481913487458517,2.1368443004207505,0.0003696508550475084,-0.016896442918147438,2,2
1505,1.504999999999945,hold,100.0,3.199172821729767,-0.0013807011387156898,1.0321594038606332,0.03215940386063321,-0.001343987309757745,2.1355003131109926,0.00036924204972329247,0.03671382895794467,2,2
1506,1.505999999999945,hold,100.0,3.200532437646446,0.0013596159166793242,1.0321679906537606,0.032167990653760636,0.001342811375071998,2.136843124486065,0.00036883316153776255,-0.0168045416073263,2,2
1507,1.5069999999999448,hold,100.0,3.199157224771168,-0.0013752128752781978,1.032149879133001,0.03214987913300105,-0.0013386211971045004,2.1355045032889604,0.00036842600153755013,0.03659167817369742,2,2
1508,1.5079999999999447,hold,100.0,3.2005113906642437,0.0013541658930757983,1.0321584197525748,0.03215841975257483,0.0013374528825196446,2.13684195617148,0.0003680187590628505,-0.01671301055615362,2,2
1509,1.5089999999999446,hold,100.0,3.1991416441423315,-0.0013697465219122407,1.0321403686576034,0.03214036865760339,-0.0013332765097716665,2.1355086796617084,0.0003676132344096025,0.03647001214057417,2,2
1510,1.5099999999999445,hold,100.0,3.2004903817760866,0.0013487376337550927,1.0321488632897249,0.03214886328972488,0.001332115785288583,2.136840795446997,0.0003672076276757583,-0.016621848466509808,2,2
1511,1.5109999999999444,hold,100.0,3.1991260797850645,-0.00136430199102211,1.032130872380853,0.032130872380853104,-0.001327953162218539,2.1355128422847787,0.00036680372847726675,0.03634882880357098,2,2
1512,1.5119999999999443,hold,100.0,3.2004694108369858,0.0013433310519213038,1.0321393212109673,0.0321393212109673,0.0013267999979176331,2.1368396422826965,0.00036639974759895437,-0.016531054003670644,2,2
1513,1.5129999999999442,hold,100.0,3.1991105316417094,-0.0013588791952763302,1.0321213902495197,0.032121390249519655,-0.0013226510692396422,2.135516991213457,0.00036599746404685304,0.036228126036687944,2,2
1514,1.513999999999944,hold,100.0,3.2004484777028592,0.0013379460611497862,1.0321297934624145,0.03212979346241451,0.001321505435289196,2.136838496648746,0.0003655950992223703,-0.016440625860590294,2,2
1515,1.514999999999944,hold,100.0,3.1990949996550855,-0.0013534780477737485,1.032111922210761,0.03211192221076109,-0.0013173701459773628,2.135521126502769,0.0003651944215912361,0.03610790179638568,2,2
1516,1.5159999999999438,hold,100.0,3.200427582230314,0.0013325825752286136,1.0321202799904925,0.032120279990492495,0.0013162320126267008,2.1368373585153955,0.00036479366310160827,-0.0163505626019128,2,2
1517,1.5169999999999437,hold,100.0,3.199079483768488,-0.0013480984618259306,1.032102468212016,0.0321024682120159,-0.0013121103079089024,2.1355252482074865,0.00036439458174799606,0.03598815391702825,2,2
1518,1.5179999999999436,hold,100.0,3.200406724276985,0.001327240508496974,1.0321107807420418,0.03211078074204177,0.0013109796454916778,2.136836227852978,0.0003639954199560517,-0.016260863005296278,2,2
1519,1.5189999999999435,hold,100.0,3.1990639839255683,-0.0013427403514167935,1.0320930282011425,0.03209302820114246,-0.0013068714708491828,2.1355293563821287,0.00036359792531758325,0.03586888056761068,2,2
1520,1.5199999999999434,hold,100.0,3.2003859037011417,0.001321919775573388,1.0321012956642013,0.03210129566420128,0.0013057482497865743,2.136835104631915,0.00036320035066700644,-0.016171525786813763,2,2
1521,1.5209999999999433,hold,100.0,3.199048500070707,-0.0013374036304347747,1.0320836021262476,0.03208360212624761,-0.0013016535509518944,2.1355334510809634,0.0003628044332614773,0.03575007948288032,2,2
1522,1.5219999999999432,hold,100.0,3.200365120362009,0.0013166202913019731,1.032091824704458,0.03209182470445793,0.0013005377417439731,2.1368339888227075,0.0003624084362759466,-0.016082549557999964,2,2
1523,1.522999999999943,hold,100.0,3.1990330321484417,-0.0013320882135672285,1.032074189935869,0.03207418993586897,-0.0012964564647020063,2.1355375323580055,0.00036201408670042995,0.03563174886522216,2,2
1524,1.523999999999943,hold,100.0,3.200344374119452,0.0013113419710104601,1.0320823678106323,0.03208236781063234,0.0012953480379363268,2.136832880395942,0.000361619657982706,-0.01599393307413332,2,2
1525,1.5249999999999428,hold,100.0,3.199017580103978,-0.0013267940154739755,1.0320647915788204,0.03206479157882036,-0.001291280128918605,2.1355416002670236,0.0003612268669126493,0.03551388655537038,2,2
1526,1.5259999999999427,hold,100.0,3.2003236648342215,0.0013060847302432954,1.0320729249309173,0.03207292493091729,0.0012901790552642047,2.136831779322288,0.00036083399714371695,-0.015905674979090716,2,2
1527,1.5269999999999426,hold,100.0,3.199002143882873,-0.0013215209513486315,1.0320554070042487,0.03205540700424869,-0.0012861244607497936,2.1355456548615384,0.0003604427553321452,0.03539649059883785,2,2
1528,1.5279999999999425,hold,100.0,3.2003029923677953,0.0013008484849224011,1.0320634960137909,0.03206349601379088,0.0012850307109634168,2.1368306855725017,0.00036005143527032826,-0.015817773958984357,2,2
1529,1.5289999999999424,hold,100.0,3.198986723431145,-0.0013162689366503777,1.0320460361616621,0.03204603616166213,-0.0012809893776795378,2.135549696194822,0.0003596617335469069,0.035279558970839925,2,2
1530,1.5299999999999423,hold,100.0,3.2002823565825826,0.0012956331514377695,1.032054081008091,0.03205408100809093,0.0012799029225992534,2.136829599117421,0.00035927195402704707,-0.015730228838516103,2,2
1531,1.5309999999999422,hold,100.0,3.1989713186953446,-0.0013110378872380757,1.0320366790008437,0.032036679000843726,-0.001275874797513973,2.135553724319907,0.0003588837832972895,0.03516308972410266,2,2
1532,1.531999999999942,hold,100.0,3.200261757341531,0.001290438646186498,1.0320446798629646,0.032044679862964554,0.00127479560806483,2.1368285199279717,0.00035849553522988896,-0.01564303812166801,2,2
1533,1.532999999999942,hold,100.0,3.198955929622292,-0.0013058277192392609,1.0320273354719358,0.032027335471935814,-0.001270780638391813,2.1355577392895797,0.00035810888647430487,0.035047080847447946,2,2
1534,1.5339999999999419,hold,100.0,3.2002411945085125,0.001285264886220716,1.0320352925278826,0.03203529252788262,0.0012697086855832922,2.136827447975163,0.00035772216084470614,-0.015556200637423896,2,2
1535,1.5349999999999417,hold,100.0,3.1989405561593687,-0.0013006383491438456,1.0320180055253816,0.03201800552538159,-0.001265706818778624,2.1355617411563843,0.00035733702511801655,0.03493153036522156,2,2
1536,1.5359999999999416,hold,100.0,3.200220667948134,0.0012801117887653035,1.0320259189526324,0.032025918952632404,0.0012646420737069564,2.1368263832300913,0.0003569518129855755,-0.015469715058347112,2,2
1537,1.5369999999999415,hold,100.0,3.1989251982542983,-0.0012954696938356491,1.0320086891119606,0.03200868911196064,-0.0012606532574655901,2.1355657299726256,0.0003565681814158619,0.034816436370059024,2,2
1538,1.5379999999999414,hold,100.0,3.2002001775257587,0.0012749792714603636,1.0320165590873238,0.032016559087323815,0.001259595691310103,2.136825325663936,0.0003561844739131612,-0.01538358015026062,2,2
1539,1.5389999999999413,hold,100.0,3.1989098558552977,-0.0012903216704609477,1.031999386182727,0.03199938618272702,-0.001255619873565589,2.1355697057903704,0.0003558023377010824,0.03470179689535877,2,2
1540,1.5399999999999412,hold,100.0,3.2001797231074884,0.0012698672521906929,1.0320072128824043,0.03200721288240427,0.0012545694575894961,2.13682427524796,0.00035542012603314855,-0.015297794601196743,2,2
1541,1.540999999999941,hold,100.0,3.198894528910939,-0.0012851941965492664,1.0319900966890536,0.031990096689053615,-0.0012506065865138384,2.135573668661446,0.0003550394764511779,0.03458761003542797,2,2
1542,1.541999999999941,hold,100.0,3.200159304560132,0.0012647756491928064,1.031997880288584,0.03199788028858408,0.001249563292068814,2.1368232319535148,0.00035465875189465303,-0.015212357123992395,2,2
1543,1.5429999999999409,hold,100.0,3.1988792173702083,-0.0012800871899236732,1.0319808205826606,0.03198082058266061,-0.001245613316068139,2.1355776186374467,0.00035427958028628055,0.0344738738555343,2,2
1544,1.5439999999999408,hold,100.0,3.2001389217512717,0.0012597043810633757,1.031988561256913,0.03198856125691307,0.0012445771145889412,2.1368221957520355,0.00035390033418869656,-0.015127266474434511,2,2
1545,1.5449999999999406,hold,100.0,3.1988639211825523,-0.001275000568719431,1.0319715578155022,0.031971557815502205,-0.0012406399823072906,2.135581555769728,0.00035352263196767437,0.034360586412140404,2,2
1546,1.5459999999999405,hold,100.0,3.200118574549215,0.0012546533666628612,1.0319792557387368,0.031979255738736834,0.0012396108453171422,2.136821166615045,0.0003531448557466687,-0.015042521345719033,2,2
1547,1.5469999999999404,hold,100.0,3.1988486402977725,-0.001269934251442617,1.0319623083399079,0.031962308339907874,-0.0012356865056300488,2.135585480109415,0.00035276861439625804,0.034247745812568224,2,2
1548,1.5479999999999403,hold,100.0,3.2000982628229986,0.0012496225252260906,1.0319699636856956,0.0319699636856956,0.0012346644047335706,2.136820144514149,0.0003523922995388485,-0.01495812049252007,2,2
1549,1.5489999999999402,hold,100.0,3.1988333746660964,-0.0012648881569021775,1.0319530721084194,0.031953072108419356,-0.0012307528067495902,2.1355893917073994,0.0003520175106110639,0.034135350152587285,2,2
1550,1.54999999999994,hold,100.0,3.200077986442335,0.001244611776238802,1.0319606850497467,0.031960685049746695,0.0012297377136408982,2.13681912942104,0.0003516426486728753,-0.014874062597903864,2,2
1551,1.55099999999994,hold,100.0,3.1988181242380493,-0.0012598622042858665,1.0319438490739694,0.03194384907396941,-0.00122583880669598,2.135593290614344,0.0003512693037877784,0.034023397589886574,2,2
1552,1.5519999999999399,hold,100.0,3.2000577452776966,0.001239621039647254,1.0319514197831228,0.03195141978312277,0.0012248306931504195,2.1368181213074946,0.00035089588639233447,-0.014790346496834465,2,2
1553,1.5529999999999398,hold,100.0,3.1988028889647264,-0.0012548563129701762,1.0319346391896906,0.03193463918969064,-0.001220944426814284,2.1355971768806805,0.0003505239772372762,0.03391188615589212,2,2
1554,1.5539999999999397,hold,100.0,3.2000375392002733,0.001234650235546919,1.031942167838372,0.031942167838372004,0.0012199432646986062,2.136817120145379,0.00035015199607527103,-0.014706970848312947,2,2
1555,1.5549999999999395,hold,100.0,3.1987876687974484,-0.0012498704028249819,1.0319254424090782,0.03192544240907824,-0.0012160695887672031,2.135601050556612,0.000349781514404207,0.03380081405777871,2,2
1556,1.5559999999999394,hold,100.0,3.2000173680818564,0.0012296992844080812,1.0319329291683157,0.031932929168315694,0.0012150753500281435,2.1368161259066403,0.00034941096123280476,-0.014623934379937639,2,2
1557,1.5569999999999393,hold,100.0,3.198772463687967,-0.0012449043938893567,1.0319162586858546,0.03191625868585457,-0.0012112142145223605,2.135604911692118,0.0003490418988655947,0.03369017936699615,2,2
1558,1.5579999999999392,hold,100.0,3.1999972317950562,0.001224768107089158,1.0319237037260516,0.03192370372605158,0.0012102268711950952,2.136815138563313,0.00034867276550770693,-0.014541235894062823,2,2
1559,1.558999999999939,hold,100.0,3.1987572735884124,-0.0012399582066437986,1.03190708797407,0.031907087974069936,-0.0012063782263655608,2.1356087603369476,0.0003483051143293912,0.033579980278237866,2,2
1560,1.559999999999939,hold,100.0,3.1999771302131172,0.001219856624704807,1.0319144914650225,0.031914491465022454,0.0012053977505740053,2.1368141580875215,0.00034793739267300337,-0.014458874130801776,2,2
1561,1.5609999999999389,hold,100.0,3.1987420984512545,-0.0012350317618627926,1.0318979302280316,0.03189793022803156,-0.001201561546892335,2.135612596540629,0.00034757114463314,0.03347021497045752,2,2
1562,1.5619999999999388,hold,100.0,3.199957063209947,0.0012149647586925383,1.0319052923388738,0.03190529233887385,0.001200587910840603,2.1368131844514697,0.0003472048266306341,-0.014376847851935333,2,2
1563,1.5629999999999387,hold,100.0,3.198726938229444,-0.0012301249805029002,1.0318887854023342,0.0318887854023342,-0.0011967640990029895,2.135616420352467,0.0003468399737426049,0.033360881499910684,2,2
1564,1.5639999999999386,hold,100.0,3.1999370306602133,0.001210092430769194,1.031896106301599,0.031896106301599,0.0011957972749837783,2.1368122176274507,0.0003464750514100827,-0.014295155785415707,2,2
1565,1.5649999999999384,hold,100.0,3.1987117928761073,-0.0012252377841059925,1.0318796534518464,0.0318796534518464,-0.0011919858059052269,2.1356202318215454,0.0003461115857504554,0.0332519782007656,2,2
1566,1.5659999999999383,hold,100.0,3.1999170324391324,0.0012052395630250956,1.031886933307418,0.0318869333074181,0.0011910257662992691,2.1368112575878446,0.00034574805116704017,-0.014213796725826488,2,2
1567,1.5669999999999382,hold,100.0,3.1986966623448536,-0.0012203700942787776,1.0318705343317327,0.0318705343317327,-0.0011872265911203916,2.1356240309967243,0.0003453859648748908,0.033143503158386066,2,2
1568,1.567999999999938,hold,100.0,3.199897068422709,0.0012004060778552095,1.0318777733108564,0.031877773310856394,0.0011862733083895182,2.1368103043051137,0.0003450238101821268,-0.014132769465691284,2,2
1569,1.568999999999938,hold,100.0,3.198681546589677,-0.0012155218330316409,1.0318614279973801,0.03186142799738012,-0.0011824863784656856,2.135627817926648,0.0003446630954583842,0.03303545456595524,2,2
1570,1.569999999999938,hold,100.0,3.199877138487505,0.001195591897827697,1.0318686262667334,0.03186862626673337,0.0011815398251623413,2.1368093577518104,0.000344302312859559,-0.014052072665355578,2,2
1571,1.5709999999999378,hold,100.0,3.198666445564853,-0.001210692922652079,1.0318523344044745,0.03185233440447455,-0.0011777650920695717,2.135631592659741,0.0003439429619663623,0.032927830582507374,2,2
1572,1.5719999999999377,hold,100.0,3.1998572425108462,0.0011907969459934442,1.0318594921300672,0.031859492130067224,0.0011768252408297145,2.1368084179005704,0.00034358354372587813,-0.0139717051637297,2,2
1573,1.5729999999999376,hold,100.0,3.1986513592249404,-0.0012058832859058732,1.0318432535089674,0.03184325350896744,-0.0011730626563608395,2.1356353552442098,0.0003432255489859774,0.03282062954503375,2,2
1574,1.5739999999999374,hold,100.0,3.1998373803706883,0.0011860211457479508,1.0318503708561986,0.03185037085619857,0.0011721294799069016,2.1368074847241165,0.0003428674874286968,-0.013891665841049214,2,2
1575,1.5749999999999373,hold,100.0,3.1986362875250083,-0.0012010928456800407,1.0318341852670907,0.0318341852670907,-0.001168378996069577,2.135639105728047,0.0003425108412247954,0.032713849610463766,2,2
1576,1.5759999999999372,hold,100.0,3.1998175519455057,0.0011812644204973743,1.0318412624007351,0.03184126240073515,0.00116745246720875,2.136806558195256,0.00034215412873544505,-0.01381195328862433,2,2
1577,1.5769999999999371,hold,100.0,3.1986212304203026,-0.0011963215252031034,1.0318251296352985,0.03182512963529849,-0.001163714036221971,2.1356428441590336,0.00034179882350960657,0.03260748898113231,2,2
1578,1.577999999999937,hold,100.0,3.1997977571146445,0.0011765266943419839,1.0318321667195252,0.03183216671952516,0.0011627941278481001,2.136805638286882,0.0003414434525321636,-0.013732566493883727,2,2
1579,1.578999999999937,hold,100.0,3.19860618786654,-0.0011915692481045959,1.0318160865703319,0.03181608657033186,-0.0011590677021499926,2.135646570584732,0.0003410894807851652,0.03250154595460324,2,2
1580,1.5799999999999368,hold,100.0,3.1997779957577803,0.001171807891240384,1.0318230837687061,0.03182308376870613,0.0011581543872446803,2.1368047249719764,0.00034073544382224295,-0.01365350399570365,2,2
1581,1.5809999999999367,hold,100.0,3.1985911598196997,-0.001186835938080666,1.0318070560291805,0.03180705602918055,-0.001154439919483098,2.135650285052493,0.00034038279811303163,0.032396018597568,2,2
1582,1.5819999999999366,hold,100.0,3.1997582677555756,0.0011671079358759329,1.031814013504639,0.03181401350463897,0.0011535331711101137,2.1368038182236035,0.0003400300877252764,-0.01357476476581917,2,2
1583,1.5829999999999365,hold,100.0,3.198576146236095,-0.0011821215194807166,1.031798037969091,0.031798037969090975,-0.0011498306141434335,2.13565398760946,0.0003396787606703106,0.03229090533728315,2,2
1584,1.5839999999999363,hold,100.0,3.1997385729891166,0.0011624267530216947,1.031804955883971,0.03180495588397103,0.0011489304054543574,2.136802918014914,0.0003393273694758324,-0.013496347567337318,2,2
1585,1.5849999999999362,hold,100.0,3.198561147072314,-0.001177425916802477,1.0317890323475636,0.031789032347563584,-0.0011452397123484705,2.135657678302566,0.0003389773537485716,0.03218620445400648,2,2
1586,1.5859999999999361,hold,100.0,3.1997189113400952,0.0011577642677811362,1.031795910863589,0.031795910863589016,0.0011443460165805463,2.1368020243191466,0.00033862727442231737,-0.01341825120058991,2,2
1587,1.586999999999936,hold,100.0,3.198546162285347,-0.001172749054748401,1.031780039122343,0.03178003912234306,-0.001140667140615088,2.1356613571785314,0.0003382785627525849,0.03208191413331288,2,2
1588,1.587999999999936,hold,100.0,3.199699282690897,0.0011531204055503785,1.0317868784006146,0.03178687840061456,0.0011397799310926939,2.1368011371096243,0.0003379297880258391,-0.013340474457684652,2,2
1589,1.5889999999999358,hold,100.0,3.198531191832534,-0.0011680908583633354,1.031771058251417,0.03177105825141702,-0.0011361128257517626,2.1356650242838726,0.0003375823731992612,0.031978032611572726,2,2
1590,1.5899999999999357,hold,100.0,3.1996796869244624,0.001148495091928492,1.031777858452468,0.031777858452467944,0.0011352320758814,2.136800256359754,0.0003372348958589971,-0.013263016047091944,2,2
1591,1.5909999999999356,hold,100.0,3.1985162356713754,-0.0011634512530869223,1.0317620896930475,0.0317620896930475,-0.001131576694855421,2.1356686796648985,0.0003368887707164852,0.03187455823150127,2,2
1592,1.5919999999999355,hold,100.0,3.1996601239244784,0.0011438882531029648,1.0317688509767902,0.031768850976790164,0.001130702378133231,2.1367993820430318,0.00033654258360484084,-0.013185874969733795,2,2
1593,1.5929999999999354,hold,100.0,3.1985012937598443,-0.0011588301646341392,1.0317531334057233,0.03175313340572328,-0.0011270586753193376,2.1356723233677126,0.00033619774104198856,0.031771489314801664,2,2
1594,1.5939999999999352,hold,100.0,3.1996405935750225,0.0011392998151782407,1.0317598559314392,0.03175985593143915,0.001126190765324517,2.1367985141330372,0.0003358528370557236,-0.01310904985372366,2,2
1595,1.5949999999999351,hold,100.0,3.1984863660561116,-0.001154227518910922,1.0317441893481445,0.03174418934814449,-0.0011225586948226322,2.1356759554382148,0.00033550927002225765,0.03166882408828968,2,2
1596,1.595999999999935,hold,100.0,3.199621095760966,0.001134729704854287,1.0317508732745626,0.03175087327456261,0.0011216971652211801,2.136797652603436,0.0003351656421121998,-0.013032539633106924,2,2
1597,1.596999999999935,hold,100.0,3.1984714525187026,-0.0011496432422632985,1.0317352574793068,0.03173525747930683,-0.0011180766813349682,2.135679575922101,0.00033482334361147856,0.031566560928330274,2,2
1598,1.5979999999999348,hold,100.0,3.1996016303676464,0.0011301778489438696,1.0317419029645314,0.03174190296453139,0.0011172215058758354,2.1367967974279765,0.0003344809847819569,-0.012956343068034216,2,2
1599,1.5989999999999347,hold,100.0,3.198456553106449,-0.0011450772611976134,1.031726337758391,0.031726337758390954,-0.0011136125631088483,2.1356831848648676,0.00033413994787039373,0.031464698088765106,2,2
1600,1.5999999999999346,hold,100.0,3.199582197281094,0.001125644174645224,1.0317329449599277,0.031732944959927734,0.0011127637156289052,2.1367959485804966,0.00033379885117875563,-0.012880459016318714,2,2
1601,1.6009999999999345,hold,100.0,3.1984416677784524,-0.0011405295026416518,1.031717430144859,0.03171743014485906,-0.001109166268690863,2.1356867823118058,0.00033345906896533483,0.03136323395078883,2,2
1602,1.6019999999999344,hold,100.0,3.19956279638782,0.0011211286093675277,1.0317239992196356,0.031723999219635646,0.0011083237231126544,2.1367951060349184,0.0003331192275213588,-0.012804886254873249,2,2
1603,1.6029999999999343,hold,100.0,3.198426796494113,-0.0011359998937070515,1.0317085345983696,0.03170853459836964,-0.0011047377269078446,2.1356903683080106,0.0003327806931670575,0.03126216679920683,2,2
1604,1.6039999999999341,hold,100.0,3.1995434275750485,0.0011166310809356261,1.031715065702721,0.03171506570272098,0.0011039014572371204,2.1367942697652476,0.00033244210013250007,-0.012729623698505771,2,2
1605,1.604999999999934,hold,100.0,3.198411939213165,-0.0011314883618833704,1.0316996510788268,0.031699651078826774,-0.0011003268668705172,2.135693942898377,0.00033210480684982236,0.031161495012853226,2,2
1606,1.605999999999934,hold,100.0,3.199524090730467,0.0011121515173018182,1.0317061443684992,0.03170614436849917,0.0010994968472018193,2.136793439745579,0.0003317674554378582,-0.012654670099998891,2,2
1607,1.6069999999999338,hold,100.0,3.1983970958955656,-0.001126994834901307,1.031690779546389,0.03169077954638899,-0.0010959336179785135,2.1356975061276007,0.0003314313964903021,0.031061216922793507,2,2
1608,1.6079999999999337,hold,100.0,3.1995047857423886,0.001107689846822968,1.0316972351765115,0.03169723517651146,0.0010951098224868834,2.1367926159500876,0.0003310952799650297,-0.012580024336084463,2,2
1609,1.6089999999999336,hold,100.0,3.198382266501624,-0.0011225192407646745,1.0316819199613927,0.03168191996139269,-0.001091557909902903,2.1357010580401847,0.0003307604486665973,0.030961330861771497,2,2
1610,1.6099999999999335,hold,100.0,3.1994855124996824,0.0011032459980584441,1.0316883380865394,0.03168833808653937,0.001090740312849482,2.136791798353034,0.0003304255603425471,-0.012505685208962164,2,2
1611,1.6109999999999334,hold,100.0,3.1983674509918725,-0.0011180615078099088,1.0316730722844305,0.031673072284430503,-0.0010871996726006306,2.1357045986804333,0.000330091950057236,0.030861835209278123,2,2
1612,1.6119999999999333,hold,100.0,3.1994662708918082,0.0010988198999357657,1.0316794530585902,0.03167945305859021,0.0010863882483325104,2.136790986928766,0.00032975828329886373,-0.012431651603255324,2,2
1613,1.6129999999999332,hold,100.0,3.1983526493271097,-0.0011136215646985193,1.031664236476317,0.03166423647631711,-0.001082858836308595,2.1357081280924572,0.0003294258874401949,0.030762728389924263,2,2
1614,1.613999999999933,hold,100.0,3.1994470608087706,0.0010944114816608952,1.031670580052886,0.03167058005288603,0.0010820535592609287,2.136790181651718,0.0003290934356614025,-0.01235792239996647,2,2
1615,1.614999999999933,hold,100.0,3.19833786146853,-0.0011091993402407851,1.031655412498084,0.0316554124980839,-0.0010785353315474278,2.135711646320171,0.0003287622476919212,0.030664008693357357,2,2
1616,1.6159999999999328,hold,100.0,3.199427882141098,0.0010900206725681372,1.031661719029883,0.03166171902988291,0.0010777361762356317,2.1367893824964064,0.0003284310043555767,-0.01228449633250547,2,2
1617,1.6169999999999327,hold,100.0,3.198323087377444,-0.0011047947636537714,1.0316466003109948,0.031646600310994755,-0.001074229089105767,2.1357151534073004,0.000328101017786378,0.030565674548004452,2,2
1618,1.6179999999999326,hold,100.0,3.199408734779981,0.0010856474025366936,1.03165286995024,0.03165286995024008,0.0010734360301297386,2.13678858943743,0.0003277709764038302,-0.01221137240695492,2,2
1619,1.6189999999999325,hold,100.0,3.1983083270155834,-0.0011004077643974597,1.0316377998765205,0.03163779987652049,-0.00106994004005047,2.1357186493973797,0.0003274421847940987,0.030467724346989675,2,2
1620,1.6199999999999324,hold,100.0,3.1993896186170367,0.0010812916014533158,1.0316440327748835,0.03164403277488348,0.0010691530520985156,2.136787802449478,0.0003271133389247043,-0.012138549354800228,2,2
1621,1.6209999999999323,hold,100.0,3.198293580344812,-0.0010960382722249307,1.031629011156322,0.031629011156321996,-0.0010656681157298592,2.135722134333748,0.00032678573588122955,0.030370156495071507,2,2
1622,1.6219999999999322,hold,100.0,3.1993705335445015,0.0010769531996897008,1.0316352074649058,0.03163520746490578,0.001064887173572082,2.13678702150732,0.0003264580791319083,-0.012066026117618731,2,2
1623,1.622999999999932,hold,100.0,3.1982788473273995,-0.0010916862171019837,1.031620234112344,0.03162023411234394,-0.0010614132477603949,2.1357256082595595,0.0003261316583086455,0.030272969341588792,2,2
1624,1.623999999999932,hold,100.0,3.199351479455117,0.0010726321277174655,1.0316263939816337,0.031626393981633694,0.0010606383262518862,2.136786246585811,0.00032580518433341277,-0.011993801465579306,2,2
1625,1.6249999999999318,hold,100.0,3.198264127925708,-0.0010873515294091973,1.0316114687066602,0.031611468706660206,-0.0010571753680334805,2.135729071217778,0.00032547993943099815,0.030176161375716857,2,2
1626,1.6259999999999317,hold,100.0,3.1993324562422067,0.0010683283164989454,1.031617592286609,0.0316175922866091,0.0010564064421137046,2.136785477659892,0.00032515464193048644,-0.011921874385240885,2,2
1627,1.6269999999999316,hold,100.0,3.198249422102499,-0.0010830341397078946,1.0316027149016185,0.03160271490161848,-0.0010529544087106992,2.135732523251181,0.0003248305666958366,0.030079730997195412,2,2
1628,1.6279999999999315,hold,100.0,3.1993134637995917,0.0010640416970928435,1.0316088023416108,0.03160880234161079,0.0010521914534019445,2.136784714704583,0.00032450643941688066,-0.011850243690898939,2,2
1629,1.6289999999999314,hold,100.0,3.1982347298207263,-0.001078733978865376,1.0315939726597647,0.03159397265976471,-0.001048750302225557,2.1357359644023575,0.00032418352764269003,0.029983676639818962,2,2
1630,1.6299999999999313,hold,100.0,3.199294502021608,0.0010597722008816035,1.0316000241085685,0.03160002410856855,0.0010479932926352423,2.1367839576949925,0.00032386056437788376,-0.011778908246361198,2,2
1631,1.6309999999999312,hold,100.0,3.198220051043614,-0.0010744509779940792,1.031585241943819,0.031585241943818954,-0.0010445629812790048,2.1357393947137133,0.0003235388099022224,0.029887996715074333,2,2
1632,1.631999999999931,hold,100.0,3.199275570803207,0.001055519759593171,1.0315912575496948,0.03159125754969483,0.0010438118925987887,2.136783206606312,0.00032321700448946484,-0.011707866994382227,2,2
1633,1.632999999999931,hold,100.0,3.1982053857346875,-0.0010701850685195247,1.0315765227167326,0.03157652271673261,-0.0010403923788456979,2.1357428142274664,0.0003228964011953563,0.029792689673826783,2,2
1634,1.6339999999999308,hold,100.0,3.199256670039755,0.0010512843050674014,1.0315825026273542,0.03158250262735418,0.0010396471863528063,2.1367824614138193,0.0003225757475174075,-0.011637118714595118,2,2
1635,1.6349999999999307,hold,100.0,3.198190733857593,-0.0010659361821621083,1.0315678149416827,0.031567814941682704,-0.0010362384281645761,2.135746222985655,0.00032225628933236225,0.02969775399753213,2,2
1636,1.6359999999999306,hold,100.0,3.1992377996272223,0.0010470657696295405,1.0315737593041494,0.03157375930414941,0.001035499107215198,2.13678172209287,0.00032193678131645694,-0.011566662414342526,2,2
1637,1.6369999999999305,hold,100.0,3.198176095376347,-0.0010617042508753727,1.0315591185819957,0.03155911858199567,-0.0010321010627391014,2.135749621030131,0.00032161846221208514,0.029603188136271327,2,2
1638,1.6379999999999304,hold,100.0,3.199218959462045,0.001042864085698092,1.0315650275428556,0.03156502754285562,0.0010313675887782198,2.1367809886189093,0.00032130009382948607,-0.011496496919872166,2,2
1639,1.6389999999999303,hold,100.0,3.198161470255232,-0.0010574892068131447,1.0315504336012487,0.03155043360124865,-0.001027980216344689,2.1357530084025647,0.0003209829078210546,0.029508990468455655,2,2
1640,1.6399999999999302,hold,100.0,3.1992001494411753,0.0010386791859433586,1.0315563073064902,0.03155630730649017,0.0010272525648970339,2.1367802609674618,0.00032066567308663697,-0.011426621046324754,2,2
1641,1.64099999999993,hold,100.0,3.1981468584585553,-0.00105329098261997,1.031541759963189,0.03154175996318909,-0.0010238758230156242,2.1357563851444463,0.00032034961423267367,0.029415159604345664,2,2
1642,1.64199999999993,hold,100.0,3.1991813694620976,0.0010345110035423488,1.0315475985582487,0.031547598558248735,0.0010231539696938443,2.13677953911414,0.0003200335072045134,-0.011357033848504545,2,2
1643,1.6429999999999298,hold,100.0,3.1981322599511275,-0.0010491095109701476,1.0315330976317605,0.03153309763176049,-0.001019787817052312,2.135759751297088,0.00031971856960638347,0.02932169391783564,2,2
1644,1.6439999999999297,hold,100.0,3.1991626194228195,0.001030359471692055,1.0315389012615155,0.031538901261515484,0.0010190717375466785,2.1367788230346347,0.0003194035843853561,-0.011287734145376451,2,2
1645,1.6449999999999296,hold,100.0,3.1981176746978432,-0.0010449447249762933,1.0315244465711313,0.03152444657113129,-0.0010157161330136759,2.135763106901621,0.00031908976218688044,0.029228591962617446,2,2
1646,1.6459999999999295,hold,100.0,3.1991438992218315,0.0010262245239882617,1.0315302153799148,0.03153021537991485,0.001015005803098349,2.1367781127047194,0.0003187758929162637,-0.011218720889912773,2,2
1647,1.6469999999999294,hold,100.0,3.1981031026639313,-0.0010407965579002365,1.0315158067456316,0.03151580674563159,-0.0010116607057200097,2.1357664519989994,0.00031846318030330154,0.029135852180226785,2,2
1648,1.6479999999999293,hold,100.0,3.199125208758045,0.001022106094113795,1.0315215408772047,0.03152154087720471,0.0010109561012563223,2.1367774081002557,0.0003181504211683555,-0.01114999285747268,2,2
1649,1.6489999999999292,hold,100.0,3.1980885438146847,-0.0010366649433604103,1.0315071781198062,0.03150717811980619,-0.001007621470258728,2.135769786629997,0.0003178388123684223,0.02904347310168226,2,2
1650,1.649999999999929,hold,100.0,3.1991065479309944,0.0010180041163097009,1.0315128777173914,0.03151287771739142,0.0010069225671880053,2.1367767091971848,0.0003175271575960284,-0.011081549121695622,2,2
1651,1.650999999999929,hold,100.0,3.1980739981157495,-0.0010325498152448098,1.031498560658372,0.03149856065837198,-0.0010035983619703195,2.1357731108352143,0.0003172166468779036,0.028951453274490356,2,2
1652,1.6519999999999289,hold,100.0,3.199087916640625,0.0010139185248756455,1.031504225864663,0.03150422586466295,0.0010029051363160363,2.13677601597153,0.00031690609073615176,-0.011013388559609223,2,2
1653,1.6529999999999287,hold,100.0,3.1980594655330754,-0.0010284511075497882,1.0314899543262521,0.03148995432625212,-0.0009995913164508583,2.1357764246550794,0.00031659667240947114,0.028859791098929857,2,2
1654,1.6539999999999286,hold,100.0,3.1990693147874003,0.0010098492543249016,1.0314955852833667,0.03149558528336671,0.000998903744318489,2.136775328399398,0.00031628720920730296,-0.010945510006412588,2,2
1655,1.6549999999999285,hold,100.0,3.1980449460327103,-0.0010243687546900304,1.031481359088564,0.03148135908856409,-0.0009956002695596401,2.1357797281298385,0.0003159788776222463,0.028768485130390264,2,2
1656,1.6559999999999284,hold,100.0,3.199050742272321,0.0010057962396108344,1.0314869559380768,0.03148695593807682,0.0009949183271431756,2.1367746464569817,0.0003156705017090234,-0.010877912467658788,2,2
1657,1.6569999999999283,hold,100.0,3.198030439580956,-0.0010203026913653268,1.0314727749105863,0.03147277491058631,-0.0009916251574136506,2.135783021299568,0.00031536325125585687,0.028677533951676232,2,2
1658,1.6579999999999282,hold,100.0,3.1990321989967443,0.0010017594157885057,1.0314783377935512,0.03147833779355125,0.0009909488209817138,2.1367739701205495,0.000315055957021054,-0.010810594806791914,2,2
1659,1.658999999999928,hold,100.0,3.1980159461442765,-0.0010162528524677583,1.0314642017578008,0.03146420175780085,-0.0009876659163769311,2.1357863042041725,0.0003147497821298088,0.02858693609082718,2,2
1660,1.659999999999928,hold,100.0,3.1990136848625994,0.0009977387183228714,1.0314697308147294,0.03146973081472937,0.0009869951622818456,2.1367732993664545,0.0003144435640026051,-0.010743556041025847,2,2
1661,1.6609999999999279,hold,100.0,3.1980014656894635,-0.0010122191731358754,1.03145563959587,0.031455639595870055,-0.0009837224830696427,2.135789576883385,0.0003141384591427044,0.028496690066232705,2,2
1662,1.6619999999999278,hold,100.0,3.1989951997722503,0.0009937340827868013,1.0314611349667295,0.03146113496672953,0.0009830572877483536,2.1367726341711335,0.0003138333115916127,-0.010676795038447665,2,2
1663,1.6629999999999276,hold,100.0,3.1979869982990925,-0.0010082014731578326,1.0314470883222682,0.03144708832226817,-0.000979794532178838,2.1357928396389547,0.00031352926881085476,0.02840694097899451,1,2
1664,1.6639999999999275,hold,100.0,3.1989767431892475,0.0009897448901550199,1.0314525501273668,0.03145255012736681,0.0009791346175127486,2.1367719742564675,0.00031322518376261145,-0.010610272642271263,2,2
1665,1.6649999999999274,hold,100.0,3.1979725437830138,-0.0010041994062337523,1.0314385479484802,0.03143854794848022,-0.0009758820043942522,2.135796092252073,0.00031292220007305663,0.028317401839500076,1,2
1666,1.6659999999999273,hold,100.0,3.1989583154454486,0.0009857716624348534,1.0314439763425665,0.03144397634256646,0.0009752276049444876,2.1367713198570177,0.00031261917467559824,-0.010544057490365792,2,2
1667,1.6669999999999272,hold,100.0,3.1979581021409453,-0.0010002133045032835,1.0314300184591387,0.03143001845913873,-0.0009719850995487824,2.135799334757469,0.0003123172446809946,0.028228204954501113,1,2
1668,1.667999999999927,hold,100.0,3.1989399164524137,0.0009818143114683764,1.031435413582284,0.03143541358228408,0.0009713361910556699,2.1367706709485246,0.0003120152735232718,-0.010478120412706462,2,2
1669,1.668999999999927,hold,100.0,3.197943673345012,-0.0009962431074015399,1.0314214998232265,0.031421499823226506,-0.0009681037549539492,2.1358025671935708,0.00031171439184941825,0.028139352447590693,1,2
1670,1.6699999999999269,hold,100.0,3.1989215461168565,0.000977872771844357,1.0314268618138362,0.03142686181383625,0.0009674603138637579,2.1367700275074344,0.0003114134695551038,-0.01041245798059909,2,2
1671,1.6709999999999268,hold,100.0,3.1979292573647085,-0.0009922887521480739,1.0314129920082438,0.03141299200824377,-0.0009642379084018143,2.1358057895990328,0.0003111136308637044,0.02805084374625955,1,2
1672,1.6719999999999267,hold,100.0,3.198903203127517,0.0009739457628086257,1.0314183209379963,0.03141832093799635,0.0009635988272594286,2.136769388426292,0.00031081375044794885,-0.010346935549197083,1,2
1673,1.6729999999999265,hold,100.0,3.1979148551534093,-0.0009883479741077394,1.0314044949194308,0.03140449491943076,-0.0009603853040338993,2.135809003122258,0.00031051494816505923,0.027962670073840137,1,2
1674,1.6739999999999264,hold,100.0,3.1988848885921053,0.0009700334386959497,1.0314097909730815,0.0314097909730815,0.0009597516567902906,2.136768754779048,0.00031021610598394833,-0.010281781905659149,1,2
1675,1.6749999999999263,hold,100.0,3.1979004656799743,-0.0009844229121309667,1.031396008582739,0.03139600858273894,-0.000956548096093359,2.135812206682955,0.0003099183361386647,0.02787481603760771,1,2
1676,1.6759999999999262,hold,100.0,3.1988666024395727,0.000966136759598335,1.031401271898643,0.031401271898642946,0.0009559198567776951,2.1367681265397325,0.00030962052694053134,-0.010216902820639927,1,2
1677,1.676999999999926,hold,100.0,3.19788608891835,-0.0009805135212226368,1.0313875329684634,0.031387532968463416,-0.0009527262209822168,2.13581540031875,0.00030932378430721387,0.027787300240420018,1,2
1678,1.677999999999926,hold,100.0,3.19884834457923,0.0009622556608799293,1.0313927636830718,0.031392763683071756,0.0009521033662339913,2.1367675036849842,0.0003090270028639666,-0.010152294645937998,1,2
1679,1.6789999999999259,hold,100.0,3.197871724838927,-0.000976619740303164,1.031379068044804,0.03137906804480406,-0.0009489196173056104,2.1358185840676787,0.0003087312822510172,0.027700122997553624,1,2
1680,1.6799999999999258,hold,100.0,3.1988301149186626,0.0009583900797358602,1.031384266293719,0.03138426629371893,0.0009483021240984913,2.136766886191777,0.0003084355233694934,-0.01008795563736892,1,2
1681,1.6809999999999257,hold,100.0,3.1978573734113427,-0.000972741507319963,1.031370613779625,0.03137061377962502,-0.0009451282240320656,2.135821757967745,0.0003081408196207014,0.02761328328789738,1,2
1682,1.6819999999999256,hold,100.0,3.198811913365256,0.0009545399539132582,1.0313757796977812,0.03137577969778116,0.0009445160694983774,2.1367662740372433,0.000307846078143293,-0.010023884414880804,1,2
1683,1.6829999999999254,hold,100.0,3.1978430346050066,-0.0009688787602493143,1.0313621701407385,0.0313621701407385,-0.0009413519804007124,2.1358249220568424,0.00030755238613787607,0.027526779848601867,1,2
1684,1.6839999999999253,hold,100.0,3.1987937398267605,0.0009507052217538892,1.0313673038625182,0.03136730386251818,0.0009407451417800993,2.1367656671986226,0.0003072586569424262,-0.009960079973789898,1,2
1685,1.6849999999999252,hold,100.0,3.197828708389376,-0.0009650314373845781,1.0313537370960255,0.031353737096025514,-0.0009375908258954939,2.1358280763727273,0.0003069659715948013,0.02744061148908419,1,2
1686,1.6859999999999251,hold,100.0,3.1987755942109892,0.0009468858216132858,1.0313588387552473,0.031358838755247254,0.0009369892805251383,2.1367650656532526,0.00030667324959433666,-0.009896541088147501,1,2
1687,1.686999999999925,hold,100.0,3.197814394734109,-0.0009611994768801146,1.0313453146134781,0.031345314613478115,-0.0009338447002459873,2.1358312209530066,0.0003063815658538667,0.027354776634127394,1,2
1688,1.687999999999925,hold,100.0,3.1987574764263895,0.0009430816922804119,1.03135038434343,0.03135038434342996,0.0009332484255560002,2.1367644693785626,0.00030608984599635685,-0.009833266724411762,1,2
1689,1.6889999999999248,hold,100.0,3.1978000936087474,-0.0009573828176421273,1.0313369026612478,0.03133690266124778,-0.0009301135434332908,2.1358343558351294,0.00030579915884703903,0.02726927420883653,1,2
1690,1.6899999999999247,hold,100.0,3.198739386381698,0.0009392927729505729,1.0313419405946918,0.03134194059469175,0.0009295225169346992,2.136763878352064,0.0003055084361150573,-0.00977025601587374,1,2
1691,1.6909999999999246,hold,100.0,3.197785804983238,-0.0009535813984600239,1.0313285012075868,0.03132850120758679,-0.0009263972956671444,2.135837481056397,0.00030521874057525304,0.027184102792879434,1,2
1692,1.6919999999999245,hold,100.0,3.198721323985926,0.0009355190026880678,1.0313335074767571,0.031333507476757116,0.0009258114949576929,2.1367632925513544,0.0003049290099857078,-0.009707507730374853,1,2
1693,1.6929999999999243,hold,100.0,3.197771528827605,-0.0009497951583208319,1.0313201102209155,0.03132011022091552,-0.0009226958974054005,2.135840596653949,0.00030464030110782683,0.02709926091543145,1,2
1694,1.6939999999999242,hold,100.0,3.198703289148686,0.0009317603210807768,1.031325084957567,0.03132508495756703,0.0009221153001610959,2.13676271195411,0.0003043515577116528,-0.009645020919680884,1,2
1695,1.6949999999999241,hold,100.0,3.1977572651119854,-0.0009460240367005213,1.031311729669844,0.03131172966984397,-0.0009190092893391851,2.1358437026647707,0.00030406383058185734,0.02701474736133613,1,2
1696,1.695999999999924,hold,100.0,3.1986852817799036,0.0009280166679181967,1.0313166730051508,0.03131667300515084,0.000918433873325254,2.136762136538096,0.00030377606946372987,-0.009582794592942716,1,2
1697,1.696999999999924,hold,100.0,3.1977430138067637,-0.0009422679731398986,1.0313033595230705,0.031303359523070506,-0.0009153374124028774,2.135846799125693,0.0003034893192016344,0.026930560737021256,1,2
1698,1.6979999999999238,hold,100.0,3.1986673017899188,0.0009242879831550255,1.0313082715877648,0.031308271587764835,0.0009147671554490897,2.1367615662811423,0.0003032025354796377,-0.00952082770593575,1,2
1699,1.6989999999999237,hold,100.0,3.197728774882477,-0.0009385269074417835,1.0312949997494945,0.031294999749494457,-0.0009116802077512315,2.135849886073391,0.0003029167572380527,0.026846699690551992,1,2
1700,1.6999999999999236,hold,100.0,3.1986493490894925,0.0009205742070155232,1.031299880673766,0.0312998806737661,0.0009111150877812346,2.1367610011611724,0.0003026309460634295,-0.009459119234288531,1,2
1701,1.7009999999999235,hold,100.0,3.1977145483097935,-0.0009348007796989855,1.0312866503181484,0.03128665031814837,-0.00090803761679139,2.135852963544381,0.0003023461350279984,0.026763162907595468,1,2
1702,1.7019999999999234,hold,100.0,3.198631423589826,0.0009168752800325919,1.0312915002317136,0.031291500231713565,0.0009074776118036338,2.1367604411561847,0.0003020612915848492,-0.009397668228958133,1,2
1703,1.7029999999999232,hold,100.0,3.197700334059599,-0.000931089530227247,1.0312783111982489,0.031278311198248865,-0.0009044095811552203,2.1358560315750297,0.0003017774429738302,0.026679949072026744,1,2
1704,1.7039999999999231,hold,100.0,3.198613525202507,0.0009131911429083317,1.0312831302302736,0.031283130230273626,0.0009038546692216432,2.1367598862442514,0.00030149356247880947,-0.009336473686688485,1,2
1705,1.704999999999923,hold,100.0,3.1976861321030148,-0.0009273930994924129,1.0312699823591234,0.03126998235912337,-0.0009007960427032647,2.135859090201548,0.0003012106715427421,0.026597056789148203,1,2
1706,1.705999999999923,hold,100.0,3.1985956538395675,0.0009095217365526764,1.0312747706382972,0.0312747706382972,0.0009002462019798973,2.1367593364035278,0.0003009277492447859,-0.009275534572779158,1,2
1707,1.7069999999999228,hold,100.0,3.19767194241117,-0.0009237114283973114,1.0312616637702918,0.031261663770291825,-0.0008971969435363663,2.1358621394599915,0.0003006458112662379,0.026514484860945063,1,2
1708,1.7079999999999227,hold,100.0,3.1985778094134125,0.0009058670022423776,1.0312664214248342,0.03126642142483416,0.0008966521522594589,2.136758791612251,0.00030036384244627496,-0.009214849982918695,1,2
1709,1.7089999999999226,hold,100.0,3.197657764955496,-0.0009200444579167133,1.0312533554014127,0.03125335540141272,-0.0008936122259852085,2.1358651793862657,0.00030008285273955845,0.02643223193150477,1,2
1710,1.7099999999999225,hold,100.0,3.1985599918368397,0.0009022268813438927,1.0312580825589885,0.03125808255898854,0.0008930724624636831,2.1367582518487294,0.0002998018327102357,-0.009154418880209639,1,2
1711,1.7109999999999224,hold,100.0,3.1976435997075923,-0.0009163921292474342,1.0312450572222833,0.031245057222283323,-0.0008900418326072431,2.135868210016122,0.00029952178662112546,0.026350296640191107,1,2
1712,1.7119999999999223,hold,100.0,3.1985422010230717,0.0008986013154794747,1.0312497540101169,0.03124975401011687,0.0008895070752313947,2.1367577170913536,0.00029924171072654267,-0.009094240248080074,1,2
1713,1.7129999999999221,hold,100.0,3.197629446639185,-0.0009127543838869379,1.031236769202879,0.03123676920287899,-0.0008864857061885442,2.135871231385165,0.00029896260363197963,0.026268677698393687,1,2
1714,1.713999999999922,hold,100.0,3.198524436885756,0.0008949902465711368,1.0312414357476558,0.03124143574765581,0.0008859559334230218,2.136757187318588,0.00029868346724739594,-0.009034313148114963,1,2
1715,1.714999999999922,hold,100.0,3.1976153057221834,-0.0009091311635724963,1.0312284913132894,0.03122849131328942,-0.0008829437897439904,2.135874243528844,0.00029840529455526555,0.02618737382850591,1,2
1716,1.7159999999999218,hold,100.0,3.1985066993389477,0.0008913936167642689,1.0312331277412459,0.03123312774124587,0.0008824189801328021,2.1367566625089767,0.0002981270930868484,-0.008974636631466753,1,2
1717,1.7169999999999217,hold,100.0,3.1976011769286345,-0.0009055224103131643,1.0312202235238022,0.03122022352380216,-0.0008794160265132149,2.1358772464824636,0.0002978498502356692,0.02610638379994942,1,2
1718,1.7179999999999216,hold,100.0,3.198488988297007,0.0008878113683725708,1.031224829960652,0.0312248299606519,0.0008788961586779298,2.1367561426411417,0.0002975725791202121,-0.008915209694640956,1,2
1719,1.7189999999999215,hold,100.0,3.197587060230835,-0.0009019280661721751,1.0312119658047967,0.031211965804796682,-0.0008759023599684725,2.1358802402811734,0.00029729626157891045,0.02602570620370266,1,2
1720,1.7199999999999214,hold,100.0,3.1984713036747534,0.0008842434439184643,1.0312165423757753,0.031216542375775314,0.0008753874126068455,2.1367556276937805,0.00029701991628357374,-0.008856031311618781,1,2
1721,1.7209999999999213,hold,100.0,3.197572955601123,-0.0008983480736302063,1.0312037181268392,0.031203718126839197,-0.0008724027338022629,2.1358832249599784,0.00029674451955117757,0.025945339827943437,1,2
1722,1.7219999999999211,hold,100.0,3.1984536453874517,0.0008806897863284924,1.031208264956704,0.031208264956704035,0.000871892685691668,2.13675511764567,0.00029646909557323194,-0.008797100636824344,1,2
1723,1.722999999999921,hold,100.0,3.1975588630120613,-0.0008947823753904238,1.0311954804606354,0.03119548046063536,-0.0008689170919344464,2.1358862005537356,0.00029619461517864886,0.025865283455977463,1,2
1724,1.723999999999921,hold,100.0,3.1984360133506797,0.0008771503386184598,1.0311999976736503,0.031199997673650337,0.0008684119219213459,2.136754612475657,0.00029592010804521,-0.008738416697113876,1,2
1725,1.7249999999999208,hold,100.0,3.1975447824364105,-0.0008912309142692365,1.0311872527770125,0.03118725277701251,-0.000865445378501498,2.135889167097156,0.0002956465395469659,0.025785535767738507,1,2
1726,1.7259999999999207,hold,100.0,3.1984184074803634,0.0008736250439529414,1.0311917404969735,0.031191740496973486,0.0008649450655217837,2.1367541121626776,0.00029537294481475564,-0.008679978431157644,1,2
1727,1.7269999999999206,hold,100.0,3.1975307138470286,-0.0008876936333348517,1.03117903504697,0.03117903504697006,-0.0008619875378787273,2.135892124624799,0.0002951002838006986,0.025706095456124463,1,2
1728,1.7279999999999205,hold,100.0,3.1984008276929434,0.0008701138459148439,1.0311834933971724,0.031183493397172413,0.0008614920609312765,2.13675361668573,0.00029482759705576946,-0.008621784983567403,1,2
1729,1.7289999999999204,hold,100.0,3.1975166572170424,-0.0008841704759010582,1.0311708272416409,0.031170827241640886,-0.000858543514644409,2.1358950731710857,0.00029455583914287867,0.025626961256649206,1,2
1730,1.7299999999999203,hold,100.0,3.1983832739051525,0.0008666166881101667,1.0311752563448917,0.03117525634489171,0.0008580528528111376,2.1367531260238968,0.000294284056000364,-0.008563835299029115,1,2
1731,1.7309999999999202,hold,100.0,3.1975026125195187,-0.0008806613856338075,1.031162629332288,0.031162629332287972,-0.0008551132536071507,2.13589801277029,0.00029401319683447627,0.02554813202665677,1,2
1732,1.73199999999992,hold,100.0,3.19836574603414,0.000863133514621417,1.0311670293109396,0.03116702931093962,0.0008546273860420151,2.136752640156332,0.00029374231293836234,-0.008506128579401822,1,2
1733,1.73299999999992,hold,100.0,3.1974885797278336,-0.0008771663063065205,1.0311544412903269,0.03115444129032685,-0.0008516966997912892,2.135900943456541,0.00029347234819391145,0.025469606515231235,1,2
1734,1.7339999999999198,hold,100.0,3.198348243997353,0.0008596642695195555,1.0311588122662598,0.031158812266259828,0.0008512156057295017,2.1367521590622705,0.0002932023592167751,-0.008448663790053832,1,2
1735,1.7349999999999197,hold,100.0,3.1974745588155824,-0.000873685181770778,1.031146263087312,0.031146263087312054,-0.0008482937984483972,2.1359038652638223,0.00029293328459657997,0.025391383322380823,1,2
1736,1.7359999999999196,hold,100.0,3.1983307677127017,0.0008562088971193482,1.031150605181912,0.031150605181911928,0.0008478174571942711,2.1367516827210165,0.00029266418623936013,-0.008391439925077114,1,2
1737,1.7369999999999195,hold,100.0,3.197460549756319,-0.0008702179563826462,1.0311380946949424,0.031138094694942442,-0.0008449044950357943,2.135906778225981,0.0002923959974743482,0.025313461346851893,1,2
1738,1.7379999999999194,hold,100.0,3.1983133170985383,0.0008527673422191739,1.0311424080291238,0.031142408029123825,0.0008444328859746772,2.1367512111119553,0.00029212778546609396,-0.00833445624449675,1,2
1739,1.7389999999999193,hold,100.0,3.1974465525239193,-0.0008667645746189834,1.0311299360850263,0.031129936085026344,-0.0008415287352424815,2.1359096823767127,0.0002918604783150995,0.025235839376501867,1,2
1740,1.7399999999999192,hold,100.0,3.1982958920733804,0.0008493395494610922,1.0311342207792553,0.031134220779255317,0.000841061837832123,2.136750744214545,0.00029159314841273266,-0.008277711628969295,1,2
1741,1.740999999999919,hold,100.0,3.197432567092283,-0.0008633249810974242,1.0311217872295433,0.031121787229543285,-0.000838166464962634,2.135912577749582,0.0002913267186622268,0.025158516134790133,1,2
1742,1.741999999999919,hold,100.0,3.198278492556218,0.0008459254639352487,1.0311260434037843,0.03112604340378433,0.0008377042587349789,2.1367502820083173,0.00029106026665032465,-0.00822120520026985,1,2
1743,1.7429999999999188,hold,100.0,3.197418593435555,-0.000859899120663421,1.0311136481005916,0.031113648100591584,-0.000834817630313917,2.1359154643780034,0.0002907947101142159,0.025081490349503986,1,2
1744,1.7439999999999187,hold,100.0,3.198261118466527,0.0008425250309720411,1.0311178758743702,0.031117875874370204,0.0008343600948788046,2.136749824472882,0.0002905291318047494,-0.00816493609323652,1,2
1745,1.7449999999999186,hold,100.0,3.197404631527965,-0.0008564869385616625,1.0311055186704088,0.031105518670408783,-0.0008314821776250295,2.135918342295257,0.00029026444432412874,0.025004760936632953,1,2
1746,1.7459999999999185,hold,100.0,3.1982437697239385,0.0008391381959733657,1.0311097181627487,0.031109718162748656,0.000831029292663162,2.13674937158792,0.00028999973555625906,-0.008108903310203707,1,2
1747,1.7469999999999184,hold,100.0,3.1973906813439408,-0.0008530883799977573,1.0310973989113565,0.031097398911356544,-0.0008281600534372467,2.1359212115344826,0.0002897359129991869,0.024928326560510635,1,2
1748,1.7479999999999183,hold,100.0,3.1982264462485492,0.0008357649046084603,1.0311015702408441,0.031101570240844145,0.0008277117987061571,2.136748923333189,0.00028947206963901947,-0.008053105902303256,1,2
1749,1.7489999999999182,hold,100.0,3.197376742857913,-0.0008497033906360585,1.0310892887959304,0.031089288795930425,-0.0008248512045095662,2.135924072128679,0.00028920910790029104,0.02485218612649227,1,2
1750,1.749999999999918,hold,100.0,3.19820914796086,0.0008324051029466872,1.0310934320807221,0.031093432080722128,0.0008244075598391086,2.136748479688518,0.00028894612584067,-0.007997543107578588,1,2
1751,1.750999999999918,hold,100.0,3.1973628160447034,-0.000846331916156462,1.0310811882967916,0.03108118829679163,-0.0008215555778050376,2.1359269241107133,0.000288684020841599,0.02477633835142436,1,2
1752,1.7519999999999178,hold,100.0,3.19819187478166,0.0008290587369566005,1.0310853036545184,0.031085303654518448,0.0008211165230995748,2.136748040633813,0.00028842189600185205,-0.00794221385702566,1,2
1753,1.7529999999999177,hold,100.0,3.1973489008790237,-0.0008429739026363237,1.0310730973866717,0.031073097386671744,-0.0008182731205076594,2.1359297675133053,0.00028816064369003495,0.024700782128664247,1,2
1754,1.7539999999999176,hold,100.0,3.1981746266320785,0.0008257257530548401,1.0310771849345346,0.031077184934534596,0.000817838635748262,2.136747606149054,0.0002878993720158003,-0.007887117306578121,1,2
1755,1.7549999999999175,hold,100.0,3.197334997335903,-0.000839629296175648,1.03106501603849,0.03106501603848999,-0.0008150037800051665,2.135932602369049,0.00028763896836492286,0.02462551617048148,1,2
1756,1.7559999999999174,hold,100.0,3.198157403433659,0.0008224060977561898,1.0310690758932413,0.03106907589324126,0.0008145738452394557,2.1367471762142882,0.00028737854582788297,-0.007832252516734127,1,2
1757,1.7569999999999173,hold,100.0,3.1973211053903974,-0.0008362980432616851,1.0310569442252706,0.03105694422527061,-0.0008117475038969881,2.135935428710391,0.000287118986837475,0.02455053936469703,1,2
1758,1.7579999999999172,hold,100.0,3.19814020510825,0.000819099717852545,1.0310609765031615,0.03106097650316153,0.0008113220992537031,2.1367467508096447,0.0002868594094351728,-0.0077776185988419,1,2
1759,1.758999999999917,hold,100.0,3.19730722501778,-0.000832980090470059,1.0310488819201409,0.03104888192014088,-0.0008085042399901684,2.1359382465696544,0.00028660069113041795,0.024475850479890652,1,2
1760,1.759999999999917,hold,100.0,3.198123031578116,0.0008158065603360853,1.031052886737035,0.03105288673703499,0.0008080833456651606,2.1367463299153195,0.00028634195488602546,-0.007723214670924761,1,2
1761,1.7609999999999169,hold,100.0,3.1972933561933816,-0.0008296753847343297,1.0310408290963977,0.031040829096397715,-0.0008052739363036365,2.135941055979016,0.00028608407331754033,0.024401448430693144,1,2
1762,1.7619999999999167,hold,100.0,3.1981058827657494,0.0008125265723677444,1.0310448065676547,0.031044806567654737,0.0008048575325744984,2.1367459135115903,0.0002858261742796649,-0.007669039793246034,1,2
1763,1.7629999999999166,hold,100.0,3.1972794988927253,-0.000826383873024028,1.0310327857274573,0.03103278572745727,-0.0008020565410673777,2.1359438569705227,0.00028556912552327374,0.024327331956650305,1,2
1764,1.7639999999999165,hold,100.0,3.198088758594077,0.0008092597013518166,1.0310367359679962,0.031036735967996165,0.0008016446082759277,2.136745501578799,0.0002853120597657261,-0.007615093075888889,1,2
1765,1.7649999999999164,hold,100.0,3.1972656530914425,-0.0008231055026346468,1.0310247517868272,0.031024751786827176,-0.0007988520027080426,2.135946649576091,0.0002850558399222933,0.024253499926604142,1,2
1766,1.7659999999999163,hold,100.0,3.198071658986382,0.0008060058949395099,1.031028674911136,0.031028674911135923,0.0007984445212698159,2.1367450940973605,0.0002847996035438851,-0.007561373669694041,1,2
1767,1.7669999999999162,hold,100.0,3.1972518187653107,-0.0008198402210712885,1.031016727248192,0.031016727248192044,-0.0007956602698576534,2.135949433827503,0.0002845442087390669,0.024179951213635135,1,2
1768,1.767999999999916,hold,100.0,3.198054583866244,0.0008027651009334669,1.0310206233702797,0.031020623370279665,0.0007952572202656295,2.1367446910477685,0.0002842887978634358,-0.007507880667837396,1,2
1769,1.768999999999916,hold,100.0,3.1972379958901946,-0.0008165879760495542,1.0310087120852856,0.03100871208528555,-0.0007924812913653354,2.135952209756403,0.0002840342242474924,0.024106684684218803,1,2
1770,1.7699999999999159,hold,100.0,3.1980375331575805,0.000799537267385908,1.0310125813187654,0.031012581318765386,0.0007920826541796723,2.1367442924105826,0.0002837796350228568,-0.007454613206235735,1,2
1771,1.7709999999999158,hold,100.0,3.1972241844421516,-0.0008133487154289298,1.0310007062720754,0.031000706272075407,-0.0007893150162718275,2.1359549773943107,0.00028352587877046505,0.024033699157102347,1,2
1772,1.7719999999999156,hold,100.0,3.198020506784673,0.0007963223425213606,1.0310045487300465,0.031004548730046544,0.0007889207721276856,2.1367438981664386,0.0002832721073694399,-0.0074015703936749794,1,2
1773,1.7729999999999155,hold,100.0,3.197210384397362,-0.0008101223873109298,1.0309927097825196,0.030992709782519556,-0.0007861613938242941,2.1359577367726144,0.0002830191646794865,0.023960993486635686,1,2
1774,1.7739999999999154,hold,100.0,3.198003504672041,0.0007931202746789268,1.0309965255777043,0.03099652557770427,0.0007857715234251769,2.1367435082960395,0.0002827662072989002,-0.007348751253749867,1,2
1775,1.7749999999999153,hold,100.0,3.197196595732115,-0.0008069089399258544,1.030984722590816,0.030984722590815972,-0.0007830203734749704,2.1359604879225644,0.0002825140743942507,0.023888566450884042,1,2
1776,1.7759999999999152,hold,100.0,3.197986526744738,0.0007899310126227022,1.0309885118354432,0.030988511835443155,0.0007826348576006033,2.136743122780165,0.0002822619272549298,-0.007296155022098842,1,2
1777,1.776999999999915,hold,100.0,3.197182818422797,-0.000803708321940988,1.0309767446712061,0.030976744671206147,-0.0007798919048745184,2.1359632308752907,0.00028201060038229473,0.023816417066469538,1,2
1778,1.777999999999915,hold,100.0,3.1979695729279234,0.0007867545051265523,1.0309805074770786,0.03098050747707859,0.0007795107243735567,2.1367427415996643,0.00028175925972886436,-0.00724378075299566,1,2
1779,1.7789999999999149,hold,100.0,3.1971690524459637,-0.0008005204819596656,1.0309687759980712,0.03096877599807124,-0.0007767759378767581,2.1359659656617875,0.0002815087351585626,0.023744544082907548,1,2
1780,1.7799999999999148,hold,100.0,3.197952643147304,0.0007835907013404864,1.0309725124765756,0.03097251247657562,0.0007763990736682404,2.136742364735456,0.00028125819725926176,-0.007191627672245918,1,2
1781,1.7809999999999147,hold,100.0,3.1971552977782283,-0.0007973453690759413,1.0309608165459272,0.030960816545927194,-0.0007736724225349296,2.135968692312921,0.0002810084712850435,0.023672946541011774,1,2
1782,1.7819999999999145,hold,100.0,3.1979357373287205,0.000780439550492229,1.0309645268080119,0.030964526808011872,0.0007732998556138263,2.1367419921685347,0.00028075873243154373,-0.00713969487840273,1,2
1783,1.7829999999999144,hold,100.0,3.19714155439644,-0.0007941829322803962,1.0309528662893908,0.030952866289390757,-0.0007705813091038239,2.135971410859431,0.00028050980137038874,0.02360162317657224,1,2
1784,1.7839999999999143,hold,100.0,3.1979188553984166,0.0007773010019764826,1.030956550445543,0.030956550445542907,0.0007702130205276403,2.1367416238799586,0.0002802608578776051,-0.007087981448842249,1,2
1785,1.7849999999999142,hold,100.0,3.197127822277484,-0.0007910331209326493,1.030944925203216,0.0309449252032159,-0.0007675025480296155,2.135974121331929,0.0002800127180695604,0.02353057290303384,1,2
1786,1.785999999999914,hold,100.0,3.1979019972829557,0.0007741750054717222,1.0309485833634997,0.030948583363499704,0.0007671385189359992,2.136741259850865,0.00027976456627542813,-0.007036486535723038,1,2
1787,1.786999999999914,hold,100.0,3.1971141013983466,-0.0007878958846090356,1.0309369932622685,0.03093699326226851,-0.0007644360899644516,2.1359768237609007,0.00027951721408339545,0.023459794644583948,1,2
1788,1.7879999999999139,hold,100.0,3.197885162909279,0.0007710615109322028,1.0309406255363,0.03094062553630006,0.000764076301552892,2.1367409000624535,0.0002792698503487291,-0.006985209379310807,1,2
1789,1.7889999999999138,hold,100.0,3.1971003917362752,-0.0007847711730035734,1.0309290704414857,0.03092907044148574,-0.0007613818857484766,2.135979518176705,0.00027902328215828696,0.023389287255096734,1,2
1790,1.7899999999999137,hold,100.0,3.19786835220452,0.0007679604682446772,1.030932676938485,0.030932676938485004,0.0007610263192940887,2.136740544495999,0.00027877670286658715,-0.006934148950588515,1,2
1791,1.7909999999999136,hold,100.0,3.197086693268378,-0.0007816589361420156,1.0309211567159722,0.030921156715972176,-0.0007583398864244344,2.1359822046095744,0.00027853091508583445,0.023319049717581232,1,2
1792,1.7919999999999134,hold,100.0,3.1978515650962356,0.0007648718278576716,1.0309247375447061,0.03092473754470615,0.0007579885232682975,2.1367401931328427,0.00027828511664308746,-0.006883304589374076,1,2
1793,1.7929999999999133,hold,100.0,3.197073005972195,-0.0007785591240407896,1.0309132520609292,0.03091325206092921,-0.0007553100432265976,2.135984883089616,0.0002780401057024201,0.02324908081419207,1,2
1794,1.7939999999999132,hold,100.0,3.197834801512287,0.0007617955400922582,1.0309168073297477,0.030916807329747664,0.0007549628647884076,2.1367398459544047,0.00027779508453692234,-0.006832675303850618,1,2
1795,1.794999999999913,hold,100.0,3.197059329825115,-0.000775471687171958,1.0309053564516721,0.03090535645167214,-0.0007522923075930393,2.1359875536468116,0.0002775508468889013,0.023179379578918767,1,2
1796,1.795999999999913,hold,100.0,3.197818061380827,0.0007587315557118224,1.030908886268491,0.030908886268490976,0.0007519492953490986,2.1367395029421608,0.0002773065994511014,-0.0067822603627237755,1,2
1797,1.796999999999913,hold,100.0,3.1970456648048184,-0.0007723965760084717,1.0308974698636386,0.030897469863638616,-0.000749286631137242,2.1359902163110234,0.0002770631315702396,0.02310994487122965,1,2
1798,1.7979999999999128,hold,100.0,3.197801344630326,0.0007556798255077268,1.030900974335951,0.03090097433595096,0.0007489477666442749,2.136739164077668,0.00027681965433253833,-0.006732058863451944,1,2
1799,1.7989999999999127,hold,100.0,3.1970320108890014,-0.000769333741324818,1.030889592272344,0.030889592272344002,-0.0007462929656839924,2.1359928711119838,0.0002765769527151414,0.023040775640825652,1,2
1800,1.7999999999999126,hold,100.0,3.1977846511895054,0.0007526403005040372,1.030893071507238,0.030893071507237968,0.0007459582305630417,2.136738829342547,0.00027633424217174467,-0.006682069940995529,1,2
1801,1.8009999999999124,hold,100.0,3.1970183680555264,-0.0007662831339789733,1.0308817236534586,0.030881723653458648,-0.0007433112632405396,2.1359955180793064,0.0002760923033357279,0.022971870738433715,1,2
1802,1.8019999999999123,hold,100.0,3.197767980987476,0.0007496129319495282,1.03088517775757,0.030885177757570048,0.0007429806391832948,2.13673849871849,0.000275850356002444,-0.006632292766233362,1,2
1803,1.8029999999999122,hold,100.0,3.1970047362823597,-0.0007632447051162394,1.030873863982748,0.03087386398274794,-0.0007403414760073408,2.1359981572424824,0.00027560917648718593,0.022903229108898634,1,2
1804,1.8039999999999121,hold,100.0,3.19775133395365,0.0007465976712901501,1.0308772930622887,0.030877293062288702,0.0007400149447705391,2.136738172187253,0.00027536798890126014,-0.00658272651961095,1,2
1805,1.804999999999912,hold,100.0,3.196991115547501,-0.000760218406148816,1.030866013236065,0.03086601323606497,-0.0007373835563759274,2.136000788630877,0.000275127565267408,0.022834849772888563,1,2
1806,1.805999999999912,hold,100.0,3.1977347100177274,0.0007435944702263164,1.030869417396864,0.030869417396863996,0.0007370610997949232,2.136737849730672,0.00027488713398737737,-0.006533370431393215,1,2
1807,1.8069999999999118,hold,100.0,3.196977505829146,-0.000757204188581273,1.0308581713893783,0.030858171389378297,-0.0007344374569334437,2.136003412273739,0.0002746474628166838,0.02276673164782936,1,2
1808,1.8079999999999117,hold,100.0,3.1977181091096756,0.0007406032805294949,1.0308615507368417,0.030861550736841714,0.0007341190569003294,2.136737531330639,0.0002744077844221823,-0.006484223629165493,1,2
1809,1.8089999999999116,hold,100.0,3.196963907105669,-0.0007542020040065545,1.0308503384188072,0.030850338418807244,-0.0007315031304426289,2.1360060282001965,0.0002741688623173398,0.022698873563925547,1,2
1810,1.8099999999999115,hold,100.0,3.1977015311598276,0.0007376240541585588,1.0308536930579058,0.03085369305790575,0.0007311887689208176,2.1367372169691174,0.0002739299334089403,-0.006435285237741252,1,2
1811,1.8109999999999113,hold,100.0,3.1969503193553344,-0.0007512118044932237,1.0308425143005362,0.030842514300536195,-0.0007285805298620359,2.1360086364392554,0.0002736917569934369,0.02263127463118775,1,2
1812,1.8119999999999112,hold,100.0,3.19768497609876,0.0007346567434254325,1.0308458443358501,0.030845844335850137,0.0007282701888857859,2.1367369066281414,0.00027345357419249254,-0.006386554539646668,1,2
1813,1.8129999999999111,hold,100.0,3.1969367425567503,-0.0007482335420094799,1.0308346990108432,0.030834699010843236,-0.0007256696083366318,2.136011237019805,0.0002732161401104109,0.022563933672848095,1,2
1814,1.813999999999911,hold,100.0,3.197668443857376,0.000731701300625609,1.0308380045465144,0.03083800454651442,0.0007253632700075726,2.1367366002898125,0.00027297870005889063,-0.006338030618036365,1,2
1815,1.814999999999911,hold,100.0,3.196923176688449,-0.0007452671689267554,1.0308268925261772,0.030826892526177208,-0.0007227703192048893,2.1360138299706075,0.0002727420049747691,0.022496849721866108,1,2
1816,1.8159999999999108,hold,100.0,3.1976519343668897,0.0007287576784404948,1.0308301736659407,0.030830173665940652,0.0007224679656967844,2.1367362979363045,0.0002725053043350916,-0.006289712743710331,1,2
1817,1.8169999999999107,hold,100.0,3.196909621729195,-0.0007423126376946421,1.0308190948230214,0.030819094823021365,-0.0007198826159899143,2.1360164153203147,0.0002722693449337644,0.02243002170472779,1,2
1818,1.8179999999999106,hold,100.0,3.1976354475587354,0.0007258258295403941,1.0308223516702162,0.030822351670216186,0.0007195842295331301,2.136735999549848,0.000272033380388643,-0.006241600007263963,1,2
1819,1.8189999999999105,hold,100.0,3.196896077657829,-0.0007393699009066168,1.0308113058779946,0.030811305877994632,-0.0007170064523868381,2.136018993097461,0.00027179815337508245,0.02236344851977868,1,2
1820,1.8199999999999104,hold,100.0,3.19761898336475,0.0007229057069211287,1.030814538535553,0.030814538535552938,0.0007167120152844703,2.136735705112746,0.00027156292162735965,-0.006193691636658359,1,2
1821,1.8209999999999102,hold,100.0,3.1968825444531337,-0.0007364389116162329,1.0308035256678332,0.030803525667833176,-0.0007141417822860154,2.1360215633304596,0.0002713284237265217,0.02229712933021744,1,2
1822,1.8219999999999101,hold,100.0,3.1976025417169875,0.0007199972638538554,1.0308067342382758,0.030806734238275846,0.0007138512769124485,2.136735414607372,0.0002710939214990061,-0.006145986941406899,1,2
1823,1.82299999999991,hold,100.0,3.1968690220943046,-0.0007335196226829765,1.0307957541693475,0.030795754169347545,-0.000711288559768529,2.1360241260476034,0.0002708601494556536,0.022231062914447576,1,2
1824,1.82399999999991,hold,100.0,3.1975861225478166,0.0007171004535120318,1.0307989387547953,0.030798938754795335,0.0007110019685588071,2.1367351280161624,0.0002706263734910115,-0.006098484953224667,1,2
1825,1.8249999999999098,hold,100.0,3.196855510560379,-0.0007306119874375128,1.0307879913594915,0.030787991359491507,-0.0007084467390866028,2.136026681277076,0.00027039332406957164,0.02216524835090992,1,2
1826,1.8259999999999097,hold,100.0,3.1975697257899043,0.0007142152295251947,1.0307911520616242,0.030791152061624194,0.0007081640445480525,2.136734845321624,0.00027016027113010445,-0.006051184977142192,1,2
1827,1.8269999999999096,hold,100.0,3.196842009830596,-0.0007277159593082061,1.0307802372152608,0.030780237215260797,-0.0007056162746818508,2.136029229046942,0.0002699279411145387,0.022099684626355316,1,2
1828,1.8279999999999095,hold,100.0,3.197553351376172,0.0007113415455757277,1.0307833741354266,0.030783374135426644,0.0007053374593814308,2.1367345665063233,0.00026969560798208544,-0.006004086194296918,1,2
1829,1.8289999999999094,hold,100.0,3.196828519884322,-0.0007248314918499865,1.030772491713805,0.030772491713805028,-0.0007027971211706073,2.1360317693851525,0.00026946399417570807,0.022034370679379214,1,2
1830,1.8299999999999093,hold,100.0,3.1975369992398006,0.0007084793554787971,1.0307756049528962,0.03077560495289622,0.0007025221677466986,2.1367342915528993,0.00026923237765145584,-0.005957187732098541,1,2
1831,1.8309999999999091,hold,100.0,3.1968150407009577,-0.0007219585388429373,1.0307647548323504,0.030764754832350416,-0.0006999892333585958,2.1360343023195405,0.0002690014768767988,0.02196930548434143,1,2
1832,1.831999999999909,hold,100.0,3.197520669314353,0.0007056286133955147,1.030767844490887,0.030767844490886986,0.0006997181245167362,2.1367340204440572,0.0002687705737811551,-0.005910488878778527,1,2
1833,1.832999999999909,hold,100.0,3.196801572260016,-0.0007190970543371478,1.0307570265482346,0.030757026548234645,-0.0006971925662326391,2.136036827877825,0.00026854038287982984,0.021904488104508634,1,2
1834,1.8339999999999088,hold,100.0,3.1975043615335785,0.0007027892735624874,1.030760092726329,0.030760092726328958,0.0006969252847375322,2.1367337531625625,0.00026831019005227856,-0.005863988824955234,1,2
1835,1.8349999999999087,hold,100.0,3.1967881145411514,-0.0007162469924271164,1.0307493068389009,0.03074930683890087,-0.000694407074944906,2.1360393460876175,0.0002680807058848009,0.021839917482210383,1,2
1836,1.8359999999999086,hold,100.0,3.1974880758315436,0.0006999612903921815,1.0307523496362627,0.03075234963626272,0.0006941436036326808,2.13673348969125,0.000267851220183738,-0.005817686759500697,1,2
1837,1.8369999999999085,hold,100.0,3.196774667524049,-0.0007134083074946673,1.0307415956818478,0.030741595681847755,-0.0006916327148405431,2.1360418569764095,0.0002676224396294066,0.02177559265412426,1,2
1838,1.8379999999999084,hold,100.0,3.1974718121426893,0.000697144618640344,1.0307446151978112,0.030744615197811243,0.00069137303661011,2.1367332300130197,0.0002673936579320094,-0.005771582030234023,1,2
1839,1.8389999999999083,hold,100.0,3.1967612311885665,-0.000710580954122797,1.0307338930547256,0.030733893054725625,-0.0006888694414364586,2.1360443605715833,0.00026716557788875555,0.021711512686338367,1,2
1840,1.8399999999999082,hold,100.0,3.1974555704015053,0.0006943392129388215,1.0307368893882254,0.030736889388225386,0.0006886135392525658,2.136732974110836,0.00026693749709083884,-0.005725673686255697,1,2
1841,1.840999999999908,hold,100.0,3.196747805514562,-0.0007077648869433517,1.0307261989352587,0.03072619893525874,-0.0006861172104285747,2.1360468569004074,0.00026671011447506856,0.021647676514776996,1,2
1842,1.841999999999908,hold,100.0,3.197439350543,0.0006915450284381564,1.0307291721848284,0.0307291721848284,0.0006858650673230966,2.1367327219677303,0.0002664827314909358,-0.005679961115059797,1,2
1843,1.8429999999999078,hold,100.0,3.1967343904821446,-0.0007049600608555195,1.0307185133012664,0.030718513301266404,-0.0006833759776942925,2.136049345990036,0.00026625604323742653,0.02158408316122709,1,2
1844,1.8439999999999077,hold,100.0,3.197423152502216,0.0006887620200712874,1.0307214635650588,0.030721463565058782,0.0006831275767613591,2.136732473566797,0.0002660293549997218,-0.005634443309928284,1,2
1845,1.8449999999999076,hold,100.0,3.196720986071298,-0.0007021664309179165,1.0307108361306756,0.0307108361306756,-0.0006806456992791986,2.136051827867518,0.00026580335806143895,0.02152073163871795,1,2
1846,1.8459999999999075,hold,100.0,3.197406976214723,0.0006859901434248528,1.0307137635064485,0.0307137635064485,0.0006804010236790311,2.136732228891197,0.0002655773615210349,-0.00558911974582162,1,2
1847,1.8469999999999074,hold,100.0,3.196707592262321,-0.0006993839524018775,1.0307031674014924,0.03070316740149237,-0.000677926331411187,2.136054302559786,0.0002653520528690277,0.02145762099069041,1,2
1848,1.8479999999999073,hold,100.0,3.197390821616186,0.0006832293538652223,1.0307060719866135,0.03070607198661346,0.0006776853643689483,2.1367319879241546,0.0002651267449948441,-0.005543989496273978,1,2
1849,1.8489999999999072,hold,100.0,3.1966942090354413,-0.0006966125807448265,1.0306955070918307,0.030695507091830665,-0.0006752178304863288,2.1360567700936683,0.0002649021216180884,0.021394750258497682,1,2
1850,1.849999999999907,hold,100.0,3.1973746886425713,0.0006804796071300245,1.0306983889833,0.030698388983299907,0.0006749805552856016,2.136731750648954,0.0002646774993969983,-0.005499051844422916,1,2
1851,1.850999999999907,hold,100.0,3.196680836371044,-0.0006938522715271844,1.0306878551798926,0.030687855179892587,-0.0006725201530729415,2.136059230495881,0.0002644535583022573,0.021332118454242932,1,2
1852,1.8519999999999068,hold,100.0,3.1973585772301596,0.0006777408591154277,1.0306907144743114,0.030690714474311376,0.0006722865530692746,2.13673151704895,0.0002642296187389294,-0.005454306046153053,1,2
1853,1.8529999999999067,hold,100.0,3.196667474249624,-0.0006911029805354296,1.0306802116439997,0.0306802116439997,-0.0006698332559231621,2.136061683793027,0.0002640063569506455,0.021269724612267515,1,2
1854,1.8539999999999066,hold,100.0,3.197342487315507,0.0006750130658828013,1.0306830484375678,0.03068304843756775,0.0006696033145341876,2.136731287107561,0.0002637830970674044,-0.005409751348613699,1,2
1855,1.8549999999999065,hold,100.0,3.1966541226516965,-0.0006883646638105034,1.030672576462498,0.03067257646249799,-0.0006671570959570463,2.136064130011604,0.000263560511627541,0.021207567853457156,1,2
1856,1.8559999999999064,hold,100.0,3.1973264188353174,0.0006722961836209684,1.0306753908510882,0.03067539085108817,0.0006669307966600728,2.136731060808264,0.0002633379284642547,-0.005365386960895632,1,2
1857,1.8569999999999063,hold,100.0,3.1966407815579934,-0.0006856372773240693,1.0306649496139004,0.030664949613900427,-0.0006644916302620471,2.136066569178002,0.0002631160164321627,0.02114564706202221,1,2
1858,1.8579999999999062,hold,100.0,3.197310371726684,0.0006695901686906147,1.0306677416929546,0.03066774169295461,0.0006642689566021263,2.1367308381346044,0.00026289410704608554,-0.005321212088488453,1,2
1859,1.858999999999906,hold,100.0,3.196627450949109,-0.0006829207775749246,1.0306573310767895,0.030657331076789474,-0.0006618368161004424,2.136069001318504,0.0002626728654983949,0.021083961474482254,1,2
1860,1.859999999999906,hold,100.0,3.1972943459268954,0.0006668949777863808,1.0306601009413912,0.030660100941391155,0.0006616177516837039,2.1367306190701876,0.00026245162696406066,-0.0052772261026769835,1,2
1861,1.8609999999999058,hold,100.0,3.1966141306179714,-0.000680215308924037,1.0306497208704302,0.030649720870430164,-0.0006591928848132934,2.1360714261853744,0.00026223105375298907,0.021022424110743582,2,2
1862,1.8619999999999057,hold,100.0,3.197278341747431,0.0006642111294596909,1.030652468625599,0.030652468625598894,0.0006589776806550328,2.1367304038660295,0.0002620104842461377,-0.005233448804658038,1,2
1863,1.8629999999999056,hold,100.0,3.1966008207440737,-0.0006775210033573842,1.0306421189417774,0.030642118941777374,-0.0006565597943957203,2.1360738440716336,0.0002617905757204567,0.02096120896166384,2,2
1864,1.8639999999999055,hold,100.0,3.19726235876079,0.00066153801671609,1.0306448446752723,0.030644844675272287,0.0006563481710539202,2.1367301922426876,0.00026157067125557893,-0.005189845662169801,1,2
1865,1.8649999999999054,hold,100.0,3.196587521295018,-0.0006748374657719047,1.030634525262013,0.030634525262013046,-0.0006539372375076142,2.13607625500518,0.00026135142453686085,0.02090022826429052,2,2
1866,1.8659999999999053,hold,100.0,3.1972463969021,0.000658875607081999,1.0306372290671915,0.030637229067191463,0.000653729179089601,2.13672998418427,0.00026113218223815146,-0.005146427992397959,1,2
1867,1.8669999999999052,hold,100.0,3.1965742322501502,-0.000672164651949636,1.0306269398090373,0.0306269398090373,-0.0006513251720547919,2.1360786590122154,0.00026091359447007407,0.02083947989484417,2,2
1868,1.867999999999905,hold,100.0,3.1972304593297625,0.0006562270796122149,1.0306296218555497,0.030629621855549738,0.0006511237291949365,2.1367297827414102,0.00026069501297556135,-0.0051033504172784275,2,2
1869,1.868999999999905,hold,100.0,3.196560950565204,-0.0006695087645582909,1.0306193625858298,0.030619362585829757,-0.0006487296984840925,2.136081053042926,0.0002604770817356348,0.020779066074198372,2,2
1870,1.8699999999999048,hold,100.0,3.1972145427507304,0.0006535921855261861,1.0306220229503527,0.030622022950352656,0.0006485317627941283,2.13672958480572,0.00026025915669745063,-0.005060422732057891,2,2
1871,1.8709999999999047,hold,100.0,3.1965476792738436,-0.0006668634768867143,1.030611793549346,0.030611793549345956,-0.0006461445837708525,2.1360834402219493,0.00026004187874085485,0.02071889311586184,2,2
1872,1.8719999999999046,hold,100.0,3.1971986470912315,0.0006509678173878264,1.0306144323232962,0.030614432323296192,0.000645950140846979,2.136729390362796,0.00025982460732878874,-0.005017676540847388,2,2
1873,1.8729999999999045,hold,100.0,3.1965344183544344,-0.0006642287367970567,1.0306042326770954,0.030604232677095444,-0.0006435697875834418,2.1360858205752127,0.0002596079798483555,0.02065894921361494,2,2
1874,1.8739999999999044,hold,100.0,3.1971827722888513,0.0006483539344168676,1.0306068499523335,0.030606849952333537,0.0006433788217072369,2.1367291993969197,0.0002593913592537969,-0.004975112709630744,2,2
1875,1.8749999999999043,hold,100.0,3.196521167787491,-0.0006616045013601024,1.030596679947906,0.030596679947906047,-0.000641005268686193,2.1360881941282335,0.0002591753794595585,0.020599232673909378,2,2
1876,1.8759999999999042,hold,100.0,3.1971669182824334,0.0006457504949421988,1.0305992758160425,0.030599275816042493,0.0006408177640785333,2.136729011892312,0.0002589594068906515,-0.004932730863665513,2,2
1877,1.876999999999904,hold,100.0,3.196507927554121,-0.0006589907283123253,1.0305891353409284,0.03058913534092844,-0.0006384509859537677,2.136090560906358,0.00025874407200899023,0.020539742358557628,2,2
1878,1.877999999999904,hold,100.0,3.197151085011402,0.0006431574572811627,1.0305917098933208,0.03059170989332083,0.0006382669268530782,2.136728827833211,0.000258528744690151,-0.004890530428084501,2,2
1879,1.8789999999999039,hold,100.0,3.1964946976356616,-0.0006563873757405858,1.03058159883553,0.03058159883553002,-0.000635906898405202,2.136092920934806,0.0002583140519635336,0.020480477335383804,2,2
1880,1.8799999999999037,hold,100.0,3.1971352724154016,0.0006405747797399997,1.0305841521631682,0.030584152163168232,0.0006357262691005121,2.136728647203906,0.00025809936713526096,-0.004848510639487514,2,2
1881,1.8809999999999036,hold,100.0,3.1964814780135624,-0.0006537944018392139,1.030574070411184,0.030574070411184096,-0.0006333729652231927,2.136095274238683,0.0002578853138221064,0.020421436616021183,2,2
1882,1.8819999999999035,hold,100.0,3.1971194804345036,0.0006380024209411417,1.030576602604691,0.030576602604690972,0.0006331957500559746,2.1367284699887388,0.00025767126874082637,-0.004806670885167076,2,2
1883,1.8829999999999034,hold,100.0,3.1964682686695145,-0.000651211764989057,1.030566550047479,0.03056655004747899,-0.0006308491457529918,2.136097620842986,0.0002574578521153479,0.020362619236065208,2,2
1884,1.8839999999999033,hold,100.0,3.1971037090090224,0.0006354403395079089,1.030569061197182,0.030569061197182057,0.0006306753291195947,2.1367282961721052,0.0002572444440533075,-0.0047650103883142315,2,2
1885,1.8849999999999032,hold,100.0,3.196455069585219,-0.0006486394238032211,1.0305590377241327,0.03055903772413271,-0.0006283353994997454,2.1360999607726057,0.00025703166140539303,0.02030402430347575,2,2
1886,1.885999999999903,hold,100.0,3.197087958079626,0.0006328884944069024,1.0305615279199374,0.03056152791993738,0.0006281649658571723,2.136728125738463,0.00025681888765050363,-0.004723528549730122,2,2
1887,1.886999999999903,hold,100.0,3.196441880742496,-0.0006460773371301798,1.0305515334209148,0.030551533420914767,-0.0006258316861336112,2.1361022940523293,0.0002566067362856217,0.020245650996568616,2,2
1888,1.8879999999999029,hold,100.0,3.1970722275871295,0.0006303468446335891,1.030554002752441,0.030554002752440912,0.000625664619992322,2.1367279586723216,0.00025639459414136557,-0.00468222464126717,2,2
1889,1.8889999999999028,hold,100.0,3.1964287021233133,-0.0006435254638161858,1.03054403711773,0.030544037117729905,-0.0006233379654802773,2.1361046207068415,0.00025618307138040554,0.020187498335908525,2,2
1890,1.8899999999999026,hold,100.0,3.1970565174726504,0.0006278153493370908,1.0305464856741935,0.03054648567419349,0.0006231742514170444,2.1367277949582584,0.0002559715581657177,-0.004641097920046419,2,2
1891,1.8909999999999025,hold,100.0,3.1964155337096316,-0.0006409837630187987,1.0305365487945444,0.03053654879454437,-0.0006208541975348087,2.1361069407607234,0.00025576066134491633,0.02012956548398995,2,2
1892,1.8919999999999024,hold,100.0,3.1970408276775086,0.0006252939678770275,1.0305389766648259,0.030538976664825856,0.0006206938201778555,2.136727634580901,0.0002555497743940554,-0.004600147699172015,2,2
1893,1.8929999999999023,hold,100.0,3.1964023754836335,-0.0006384521938751497,1.030529068431426,0.03052906843142611,-0.0006183803424442291,2.1361092542384568,0.00025533950086484536,0.020071851430920645,2,2
1894,1.8939999999999022,hold,100.0,3.197025158143374,0.0006227826597404729,1.0305314757040243,0.030531475704024258,0.000618223286488279,2.136727477524945,0.0002551292375273,-0.004559373252193918,2,2
1895,1.894999999999902,hold,100.0,3.1963892274273995,-0.0006359307159744532,1.0305215960085101,0.03052159600851012,-0.0006159163605246023,2.1361115611644204,0.00025491958465622934,0.020014355449850814,2,2
1896,1.895999999999902,hold,100.0,3.1970095088120254,0.000620281384625887,1.0305239827716173,0.030523982771617275,0.0006157626107223187,2.1367273237751427,0.0002547099422965887,-0.004518773903568305,2,2
1897,1.8969999999999019,hold,100.0,3.1963760895232287,-0.0006334192887966772,1.0305141315060167,0.030514131506016673,-0.0006134622122456008,2.136113861562897,0.00025450090746520417,0.019957076551076376,2,2
1898,1.8979999999999018,hold,100.0,3.1969938796255932,0.0006177901023645127,1.0305164978474752,0.030516497847475232,0.0006133117534058603,2.1367271733163027,0.0002542918834630525,-0.004478348958652373,2,2
1899,1.8989999999999017,hold,100.0,3.1963629617534446,-0.0006309178721486397,1.030506674904297,0.030506674904297038,-0.0006110178582354256,2.136116155458067,0.0002540834640677811,0.01990001391321411,2,2
1900,1.8999999999999015,hold,100.0,3.1969782705264045,0.0006153087729598994,1.0305090209115422,0.030509020911542173,0.000610870675228858,2.136727026133296,0.00025387505581759494,-0.004438097731041413,2,2
1901,1.9009999999999014,hold,100.0,3.19634984410046,-0.0006284264259446282,1.0304992261837023,0.030499226183702266,-0.0006085832592824563,2.1361184428740136,0.0002536672492696377,0.019843166662171875,2,2
1902,1.9019999999999013,hold,100.0,3.1969626814569385,0.0006128373564786571,1.0305015519438716,0.030501551943871608,0.0006084393370387787,2.1367268822110526,0.00025345945418067916,-0.004398019439878385,2,2
1903,1.9029999999999012,hold,100.0,3.196336736546722,-0.0006259449102166137,1.0304917853247335,0.03049178532473351,-0.0006061583763302016,2.1361207238347224,0.0002532522579059055,0.01978653388641212,2,2
1904,1.903999999999901,hold,100.0,3.1969471123601405,0.0006103758134186066,1.0304940909246032,0.0304940909246032,0.0006060176998387251,2.136726741534561,0.0002530450734021062,-0.00435811357988149,2,2
1905,1.904999999999901,hold,100.0,3.1963236390748255,-0.0006234732853149794,1.0304843523079399,0.030484352307939888,-0.0006037431704826726,2.1361229983640784,0.00025283848484094384,0.01973011483230678,2,2
1906,1.9059999999999009,hold,100.0,3.1969315631789557,0.0006079241041301309,1.030486637833925,0.030486637833925023,0.0006036057247929765,2.1367266040888713,0.00025263190836079957,-0.0043183793371543615,2,2
1907,1.9069999999999008,hold,100.0,3.1963105516673775,-0.0006210115115781178,1.0304769271139615,0.03047692711396155,-0.0006013376030011804,2.13612526648587,0.000252425924968139,0.019673908576937425,2,2
1908,1.9079999999999007,hold,100.0,3.19691603385665,0.0006054821892722551,1.0304791926521455,0.030479192652145493,0.0006012033732175296,2.1367264698590875,0.0002522199539646148,-0.004278816054725451,2,2
1909,1.9089999999999006,hold,100.0,3.1962974743070927,-0.0006185595495571405,1.0304695097235024,0.030469509723502375,-0.0005989416352965293,2.136127528223791,0.0002520145732097055,0.019617914260611213,2,2
1910,1.9099999999999004,hold,100.0,3.1969005243366975,0.0006030500296048125,1.0304717553596296,0.03047175535962965,0.0005988106065856627,2.1367263388303765,0.0002518092051501158,-0.004239423019149723,2,2
1911,1.9109999999999003,hold,100.0,3.1962844069767016,-0.0006161173599958936,1.0304621001173602,0.03046210011736017,-0.0005965552289392386,2.1361297836014375,0.00025160442451644093,0.01956213105665499,2,2
1912,1.9119999999999002,hold,100.0,3.196885034562806,0.000600627586104352,1.0304643259368278,0.030464325936827796,0.0005964273865254802,2.136726210987963,0.00025139965688236406,-0.00420019957887176,2,2
1913,1.9129999999999001,hold,100.0,3.1962713496591375,-0.0006136849036684211,1.0304546982764247,0.030454698276424663,-0.0005941783456542204,2.1361320326423088,0.0002511954738675739,0.019506558014200683,2,2
1914,1.9139999999999,hold,100.0,3.196869564478971,0.0005982148198335757,1.0304569043642733,0.030456904364273285,0.0005940536748177464,2.1367260863171267,0.0002509913041547311,-0.0041611450158293446,2,2
1915,1.9149999999999,hold,100.0,3.1962583023372213,-0.0006112621417497799,1.0304473041816276,0.030447304181627555,-0.0005918109473154575,2.136134275369811,0.0002507877162705098,0.019451194434322347,2,2
1916,1.9159999999998998,hold,100.0,3.1968541140292936,0.0005958116920723455,1.0304494906225914,0.03044949062259139,0.0005916894333980756,2.136725964803209,0.00025058414198868273,-0.004122258674269896,2,2
1917,1.9169999999998997,hold,100.0,3.196245264993973,-0.0006088490353204357,1.030439917813999,0.030439917813998907,-0.0005894529959576701,2.1361365118072513,0.0002503811467606537,0.019396039362765516,2,2
1918,1.9179999999998996,hold,100.0,3.196838683158269,0.0005934181642959224,1.0304420846924423,0.03044208469244225,0.0005893346243560672,2.1367258464316072,0.0002501781654335659,-0.004083539939855191,2,2
1919,1.9189999999998995,hold,100.0,3.196232237612379,-0.0006064455458902884,1.0304325391546607,0.03043253915466071,-0.0005871044537601439,2.136138741977847,0.0002499757604012194,0.019341092130144528,2,2
1920,1.9199999999998993,hold,100.0,3.1968232718104543,0.0005910341980754907,1.0304346865546163,0.03043468655461634,0.0005869892099309462,2.136725731187778,0.0002497733695664568,-0.004044988144544519,2,2
1921,1.9209999999998992,hold,100.0,3.1962192201757045,-0.0006040516347498581,1.0304251681847696,0.03042516818476959,-0.0005847652830608936,2.1361409659047172,0.00024957155228300825,0.019286351688964493,2,2
1922,1.9219999999998991,hold,100.0,3.1968078799306636,0.0005886597549591421,1.0304272961899479,0.030427296189947883,0.0005846531525168634,2.136725619057234,0.00024936974949189904,-0.004006602442278764,2,2
1923,1.922999999999899,hold,100.0,3.1962062126669917,-0.0006016672636719456,1.0304178048855928,0.03041780488559276,-0.0005824354463459425,2.1361431836108884,0.00024916851752422445,0.01923181732600308,2,2
1924,1.923999999999899,hold,100.0,3.196792507464031,0.0005862947970394217,1.0304199135793732,0.030419913579373237,0.0005823264146585935,2.136725510025547,0.000248967300341755,-0.0039683823808282,2,2
1925,1.9249999999998988,hold,100.0,3.196193215069511,-0.0005992923945199458,1.0304104492384774,0.030410449238477355,-0.000580114906251821,2.136145395119295,0.00024876665127028736,0.019177488268124713,2,2
1926,1.9259999999998987,hold,100.0,3.196777154355827,0.0005839392863160597,1.0304125387038594,0.030412538703859404,0.0005800089590466437,2.1367254040783417,0.00024856601727499874,-0.003930327269416074,2,2
1927,1.9269999999998986,hold,100.0,3.1961802273667335,-0.000596926989093749,1.0304031012248152,0.030403101224815154,-0.0005778036255637525,2.136147600452778,0.00024836594869360497,0.01912336352999648,2,2
1928,1.9279999999998985,hold,100.0,3.1967618205515427,0.0005815931848092148,1.0304051715445128,0.030405171544512832,0.0005777007485268625,2.136725301201305,0.000248165895477514,-0.0038924362823523906,2,2
1929,1.9289999999998984,hold,100.0,3.1961672495418663,-0.0005945710096764145,1.030395760826088,0.03039576082608808,-0.0005755015672228886,2.136149799634082,0.00024796640499344423,0.019069442453525886,2,2
1930,1.9299999999998982,hold,100.0,3.196746505996895,0.0005792564550288759,1.0303978120824726,0.03039781208247261,0.0005754017460961136,2.136725201380178,0.00024776693016191257,-0.0038547089327622876,2,2
1931,1.9309999999998981,hold,100.0,3.1961542815783908,-0.0005922244185043724,1.0303884280238398,0.030388428023839786,-0.0005732086943134305,2.1361519926858645,0.00024756801539567945,0.019015724190941854,2,2
1932,1.931999999999898,hold,100.0,3.1967312106378056,0.0005769290594148657,1.0303904602989573,0.03039046029895731,0.0005731119148924646,2.136725104600757,0.00024736911656734974,-0.0038171445224011342,2,2
1933,1.932999999999898,hold,100.0,3.196141323459921,-0.0005898871778846626,1.030381102799728,0.030381102799728055,-0.0005709249700675708,2.1361541796306898,0.00024717077515263035,0.018962207817091847,2,2
1934,1.9339999999998978,hold,100.0,3.1967159344204723,0.0005746109605513361,1.030383116175289,0.030383116175288993,0.0005708312182088571,2.1367250108488984,0.00024697244995932905,-0.0037797423424790243,2,2
1935,1.9349999999998977,hold,100.0,3.1961283751699785,-0.0005875592504938076,1.0303737851354409,0.030373785135440867,-0.0005686503578699515,2.1361563604910283,0.0002467746795428846,0.018908892623856113,2,2
1936,1.9359999999998976,hold,100.0,3.196700677291243,0.0005723021212644674,1.030375779692818,0.030375779692817906,0.0005685596194832072,2.1367249201105114,0.0002465769256295184,-0.0037425017812602523,2,2
1937,1.9369999999998975,hold,100.0,3.1961154366921596,-0.0005852405990833809,1.0303664750127624,0.03036647501276235,-0.0005663848212498591,2.1361585352892614,0.000246379723871094,0.01885577783352179,2,2
1938,1.9379999999998974,hold,100.0,3.196685439196728,0.0005700025045682899,1.0303684508330093,0.03036845083300932,0.0005662970823032662,2.1367248323715646,0.0002461825388955643,-0.0037054222650237346,2,2
1939,1.9389999999998973,hold,100.0,3.196102508010263,-0.0005829311864649078,1.0303591724135228,0.030359172413522817,-0.0005641283238852782,2.1361607040476795,0.00024598590346781006,0.018802862579629633,2,2
1940,1.9399999999998971,hold,100.0,3.1966702200836523,0.0005677120733893481,1.0303611295773845,0.03036112957738446,0.0005640435703984468,2.136724747618078,0.0002457892851009126,-0.003668502990901391,2,2
1941,1.940999999999897,hold,100.0,3.196089589108018,-0.000580630975634211,1.0303518773196638,0.030351877319663823,-0.0005618808295938428,2.136162866788484,0.0002455932136892666,0.018750146040368162,2,2
1942,1.941999999999897,hold,100.0,3.1966550198991452,0.0005654307911271417,1.0303538159075445,0.03035381590754449,0.0005617990476449154,2.136724665836129,0.0002453971596146203,-0.00363174348222623,2,2
1943,1.9429999999998968,hold,100.0,3.1960766799692415,-0.0005783399299037484,1.0303445897131516,0.03034458971315157,-0.0005596423023417087,2.1361650235337875,0.0002452016499172616,0.018697627562039687,2,2
1944,1.9439999999998967,hold,100.0,3.196639838590296,0.0005631586210546047,1.030346509805158,0.030346509805158073,0.000559563478063764,2.136724587011851,0.0002450061578312029,-0.0035951429908406395,2,2
1945,1.9449999999998966,hold,100.0,3.196063780577865,-0.0005760580124309911,1.0303373095760862,0.030337309576086158,-0.0005574127062419248,2.1361671743056094,0.00024481120755892014,0.018645306189066256,2,2
1946,1.9459999999998965,hold,100.0,3.1966246761046047,0.0005608955267395466,1.0303392112519476,0.030339211251947606,0.0005573368258217873,2.136724511131431,0.0002446162751704092,-0.00355870091775924,2,2
1947,1.9469999999998964,hold,100.0,3.1960508909178715,-0.0005737851867331223,1.0303300368905648,0.030330036890564793,-0.000555192005546931,2.136169319125884,0.0002444218820465354,0.018593181186191285,2,2
1948,1.9479999999998963,hold,100.0,3.1966095323896626,0.000558641471791077,1.0303319202297472,0.030331920229747178,0.0005551190552297716,2.136724438181114,0.0002442275070770965,-0.003522416561305467,2,2
1949,1.9489999999998961,hold,100.0,3.1960380109732194,-0.0005715214164432325,1.0303227716388068,0.03032277163880681,-0.000552980164663532,2.1361714580164506,0.00024403366883741167,0.01854125177970056,2,2
1950,1.949999999999896,hold,100.0,3.196594407393359,0.0005563964201398264,1.0303246367204315,0.030324636720431508,0.0005529101307472654,2.1367243681471977,0.00024383984902101263,-0.0034862893925609404,2,2
1951,1.950999999999896,hold,100.0,3.1960251407279965,-0.0005692666653627221,1.0303155138030997,0.030315513803099714,-0.0005507771481282699,2.1361735909990696,0.0002436465634136637,0.018489517234452215,2,2
1952,1.9519999999998958,hold,100.0,3.196579301063691,0.0005541603356946645,1.030317360705974,0.030317360705973906,0.0005507100169642402,2.136724301016034,0.00024345329649664375,-0.003450318730424326,2,2
1953,1.9529999999998957,hold,100.0,3.196012280166428,-0.0005670208972632373,1.0303082633657592,0.030308263365759203,-0.0005485829206297707,2.136175718095404,0.00024326056128206534,0.018437976633466642,2,2
1954,1.9539999999998956,hold,100.0,3.1965642133490024,0.0005519331825745155,1.030310092168388,0.030310092168388092,0.0005485186786276763,2.136724236774032,0.0002430678450230551,-0.003414503946839206,2,2
1955,1.9549999999998955,hold,100.0,3.195999429272596,-0.000564784076406255,1.0303010203092269,0.030301020309226878,-0.0005463974469962927,2.136177839327036,0.0002428756579738668,0.01838662940996231,2,2
1956,1.9559999999998954,hold,100.0,3.1965491441976237,0.0005497149250275335,1.0303028310897744,0.030302831089774385,0.000546336080617023,2.136724175407653,0.0002426834901436898,-0.003378844410510543,2,2
1957,1.9569999999998953,hold,100.0,3.1959865880308618,-0.0005625561667619294,1.0302937846159657,0.030293784615965658,-0.0005442206921936254,2.1361799547154594,0.00024249184904461397,0.018335474568304,2,2
1958,1.9579999999998952,hold,100.0,3.19653409355832,0.0005475055274581919,1.0302955774523028,0.030295577452302824,0.0005441621879508703,2.13672411690341,0.0002423002274262197,-0.0033433395073216143,2,2
1959,1.958999999999895,hold,100.0,3.195973756425465,-0.0005603371328550821,1.0302865562685297,0.03028655626852972,-0.0005420526213309797,2.136182064282079,0.00024210913007401648,0.018284511524102404,2,2
1960,1.959999999999895,hold,100.0,3.196519061379894,0.00054530495442906,1.0302883312382045,0.030288331238204513,0.0005419969657939674,2.136724061247873,0.0002419180524623755,-0.003307988635092656,2,2
1961,1.9609999999998948,hold,100.0,3.195960934398106,-0.0005581269817880319,1.0302793352064892,0.030279335206489177,-0.0005398931519821059,2.136184168095891,0.0002417274960334546,0.018233829805926,1,4
1962,1.9619999999998947,hold,100.0,3.196504047461702,0.0005431130635962234,1.0302810923811847,0.030281092381184704,0.0005398402835561652,2.1367240083794474,0.00024153695995791694,-0.0032727800400581724,2,2
1963,1.9629999999998946,hold,100.0,3.1959481219648698,-0.0005559254968323657,1.0302721214505537,0.03027212145055369,-0.0005377422500299188,2.1361862661294175,0.00024134694290838337,0.018183246802446925,1,4
1964,1.9639999999998945,hold,100.0,3.196489051904541,0.000540929939671031,1.0302738609113145,0.030273860911314454,0.0005376922072317076,2.136723958336649,0.00024115694646873614,-0.0032377324393233946,2,2
1965,1.9649999999998944,hold,100.0,3.1959353191173205,-0.0005537327872202624,1.0302649149879823,0.03026491498798234,-0.0005355999347729695,2.136188358401876,0.00024096746663410663,0.0181328524472929,1,4
1966,1.9659999999998943,hold,100.0,3.1964740746593283,0.0005387555420077739,1.0302666368118167,0.03026663681181674,0.0005355527041807637,2.1367239111060568,0.000240778007661471,-0.0032028378270101358,2,2
1967,1.9669999999998942,hold,100.0,3.1959225258407513,-0.0005515488185769968,1.0302577158019965,0.030257715801996543,-0.0005334661718758465,2.136190444934181,0.0002405890628860408,0.018082646701150305,1,4
1968,1.967999999999894,hold,100.0,3.1964591171834495,0.0005365913426982338,1.030259420050641,0.030259420050640973,0.0005334232775477579,2.1367238682117287,0.00024040013902756972,-0.0031680651504759506,1,4
1969,1.968999999999894,hold,100.0,3.1959097405018397,-0.0005493766816098145,1.0302505238258755,0.030250523825875453,-0.0005313439826687965,2.13619252422906,0.0002402117262966794,0.018032698941017982,1,4
1970,1.9699999999998938,hold,100.0,3.1964441778930475,0.0005344373912077316,1.0302522106189398,0.03025221061893979,0.0005313038601601215,2.1367238280892202,0.0002400233356008427,-0.003133531047610073,1,4
1971,1.9709999999998937,hold,100.0,3.1958969647156956,-0.0005472131773518463,1.0302433390907197,0.030243339090719745,-0.0005292302480637944,2.1361945978411563,0.0002398354536612381,0.017982929288051827,1,4
1972,1.9719999999998936,hold,100.0,3.196429256747753,0.000532292032057402,1.0302450085045811,0.030245008504581117,0.0005291928833611472,2.1367237907245173,0.0002396475939971168,-0.003099148696254859,1,4
1973,1.9729999999998935,hold,100.0,3.1958841984693493,-0.0005450582784036762,1.0302361615809892,0.030236161580989185,-0.0005271249338547175,2.1361966657906626,0.00023946024072818748,0.017933344548958625,1,4
1974,1.9739999999998934,hold,100.0,3.1964143536992715,0.000530155229922169,1.030237813691134,0.030237813691134097,0.0005270903137650032,2.1367237561044274,0.00023927290997318758,-0.003064916157165861,1,4
1975,1.9749999999998933,hold,100.0,3.1958714417484435,-0.0005429119508280067,1.0302289912803204,0.030228991280320416,-0.0005250280062846274,2.136198728098143,0.00023908608326515978,0.017883944543379278,1,4
1976,1.9759999999998932,hold,100.0,3.1963994686988375,0.0005280269503940005,1.030230626161764,0.030230626161763974,0.0005249961177373409,2.13672372421588,0.0002388992793077448,-0.003030832656659554,1,4
1977,1.976999999999893,hold,100.0,3.195858694538367,-0.0005407741604703808,1.0302218281721285,0.030221828172128484,-0.0005229394317170388,2.136200784784163,0.00023871297706195942,0.01783472875334206,1,4
1978,1.977999999999893,hold,100.0,3.1963846016974804,0.0005259071591132702,1.030223445899523,0.03022344589952297,0.0005229102617318268,2.136723695045895,0.00023852669780175908,-0.00299689738144347,1,4
1979,1.9789999999998928,hold,100.0,3.195845956824221,-0.0005386448732593863,1.0302146722397947,0.030214672239794682,-0.0005208591766540617,2.136202835869241,0.00023834091793070052,0.01778569660532451,1,4
1980,1.9799999999998927,hold,100.0,3.1963697526462123,0.0005237958219912464,1.0302162728874433,0.03021627288744333,0.0005208327123276468,2.1367236685815687,0.0002381551612785058,-0.002963109663599631,1,4
1981,1.9809999999998926,hold,100.0,3.1958332285910527,-0.0005365240551595818,1.0302075234666555,0.03020752346665545,-0.0005187872077504033,2.136204881373818,0.00023796990170576706,0.017736847409178493,1,4
1982,1.9819999999998925,hold,100.0,3.1963549214961926,0.0005216929051399255,1.0302091071085322,0.030209107108532196,0.000518763436239479,2.1367236448100577,0.00023778466558350937,-0.002929468900446505,1,4
1983,1.9829999999998924,hold,100.0,3.1958205098238874,-0.0005344116723051684,1.0302003818360839,0.030200381836083867,-0.0005167234917960412,2.1362069213182617,0.0002375999242437258,0.017688180509127148,1,4
1984,1.9839999999998923,hold,100.0,3.1963401081986595,0.0005195983747721122,1.0302019485458827,0.03020194854588265,0.0005167024003181767,2.13672362371858,0.00023741520658437256,-0.0028959744539355575,1,4
1985,1.9849999999998922,hold,100.0,3.1958078005078105,-0.0005323076908489988,1.0301932473315267,0.03019324733152673,-0.0005146679957172557,2.1362089557228625,0.00023723098142317846,0.01763969513174303,1,4
1986,1.985999999999892,hold,100.0,3.196325312705018,0.0005175121972076369,1.030194797182604,0.030194797182603983,0.0005146495715436054,2.136723605294406,0.00023704678017070978,-0.002862625664031503,1,4
1987,1.986999999999892,hold,100.0,3.195795100627915,-0.0005302120771033536,1.0301861199364342,0.030186119936434164,-0.0005126206865777393,2.1362109846078283,0.00023686306914463901,0.017591390525614304,1,4
1988,1.9879999999998919,hold,100.0,3.196310534966969,0.0005154343390540994,1.030187653001872,0.030187653001872095,0.000512604917036513,2.136723589524865,0.0002366793822539698,-0.002829422017586441,1,4
1989,1.9889999999998917,hold,100.0,3.1957824101693033,-0.0005281247976656189,1.0301789996343413,0.03017899963434134,-0.0005105815315793791,2.1362130079932853,0.0002364961833304224,0.017543266086239812,1,4
1990,1.9899999999998916,hold,100.0,3.196295774936258,0.0005133647669546271,1.0301805159869255,0.030180515986925505,0.0005105684040473495,2.1367235763973325,0.00023631300876730192,-0.002796362907277585,1,4
1991,1.9909999999998915,hold,100.0,3.1957697291171767,-0.0005260458190812223,1.0301718864088412,0.030171886408841164,-0.0005085504980493355,2.136215025899283,0.0002361303199244524,0.017495321031886803,1,4
1992,1.9919999999998914,hold,100.0,3.1962810325648587,0.0005113034476820211,1.0301733861210254,0.03017338612102538,0.0005085399999595456,2.1367235658992425,0.00023594765566542443,-0.002763447722475441,1,4
1993,1.9929999999998913,hold,100.0,3.1957570574567535,-0.0005239751081052013,1.0301647802435658,0.030164780243565836,-0.0005065275534576908,2.136217038345785,0.00023576547489214197,0.017447554647510508,1,4
1994,1.9939999999998912,hold,100.0,3.1962663078049327,0.0005092503481791688,1.0301662633875683,0.030166263387568337,0.0005065196722959069,2.136723558018081,0.0002355833189244697,-0.0027306758832619515,1,4
1995,1.994999999999891,hold,100.0,3.1957443951732323,-0.0005219126317004275,1.0301576811222493,0.030157681122249258,-0.0005045126654066532,2.136219045352674,0.00023540164422026117,0.017399966293774244,1,4
1996,1.995999999999891,hold,100.0,3.1962516006087736,0.0005072054355412803,1.0301591477699485,0.030159147769948547,0.0005045073887062906,2.1367235527413806,0.00023521999454183384,-0.0026980468349896425,1,4
1997,1.9969999999998909,hold,100.0,3.1957317422520175,-0.0005198583567560533,1.0301505890286586,0.030150589028658636,-0.0005025058016226455,2.136221046939758,0.00023503882391677578,0.017352555133407766,1,4
1998,1.9979999999998908,hold,100.0,3.196236910928948,0.000505168676930623,1.0301520392516492,0.03015203925164922,0.0005025031169669992,2.136723550056725,0.00023485767853606551,-0.0026655599636237577,1,4
1999,1.9989999999998906,hold,100.0,3.195719098678389,-0.0005178122505591354,1.0301435039466018,0.030143503946601813,-0.0005005069299638407,2.136223043126761,0.00023467701001072042,0.01730532059529468,1,4
2000,1.9999999999998905,hold,100.0,3.196222238718204,0.0005031400398149977,1.0301449378162248,0.030144937816224848,0.0005005068249938273,2.1367235499517547,0.00023449636694669043,-0.002633214821170333,1,4
