step,time,phase,load,energy,delta_energy,mass,mass_error,W_ext_step,W_ext_cumul,D_pred,D_inferred,snes_it,converged_reason
0,0.0,init,0.0,5.000598656413497e-13,0.0,1.0,0.0,0.0,0.0,0.0,0.0,0,0
1,0.001,ramp,0.1,9.331960191629093e-05,9.331960141623107e-05,1.000084792869243,8.479286924290008e-05,8.535273361951548e-06,8.535273361951548e-06,1.8231509528312124e-08,-0.08478432805427952,2,2
2,0.002,ramp,0.2,9.324867274385732e-05,-7.09291724336063e-08,1.0000846878337715,8.468783377146849e-05,3.416257184229557e-08,8.569435933793843e-06,5.624149692453887e-08,0.00010509174427590187,1,2
3,0.003,ramp,0.3,0.00020321869204745354,0.00010997001930359622,1.0001691115760354,0.00016911157603538562,2.5554871879766924e-05,3.412430781356077e-05,1.0556219731080107e-07,-0.08441514742382929,2,2
4,0.004,ramp,0.4,0.0002032497831506244,3.1091103170851654e-08,1.000169006513903,0.00016900651390305832,1.3631764093894048e-07,3.426062545449971e-05,1.6426327304680358e-07,0.00010522653776808882,1,2
5,0.005,ramp,0.5,0.00032985949081898756,0.00012660970766836317,1.0002531180709364,0.00025311807093642,4.2506836157203544e-05,7.676746161170325e-05,2.2984627207586637e-07,-0.08410287151115961,2,2
6,0.006,ramp,0.6,0.0003300970828617349,2.375920427473378e-07,1.0002530499393483,0.000253049939348271,3.0602636731255516e-07,7.707348797901581e-05,3.0243070453248366e-07,6.843432456521736e-05,1,4
7,0.007,ramp,0.7,0.00047330639176178637,0.00014320930890005147,1.0003368764866274,0.000336876486627391,5.939156396659938e-05,0.00013646505194561518,3.801200626660182e-07,-0.08381774493345208,2,2
8,0.008,ramp,0.8,0.0004738375244659871,5.311327042007222e-07,1.0003368652729232,0.00033686527292320356,5.428106508636501e-07,0.00013700786259647884,4.6364369752103183e-07,1.1677946662927976e-05,1,2
9,0.009000000000000001,ramp,0.9,0.0006335966484340422,0.0001597591239680551,1.0004204237634098,0.00042042376340978294,7.620957370805109e-05,0.00021321743630452991,5.51244443220896e-07,-0.083549550260004,2,2
10,0.010000000000000002,ramp,1.0,0.0006345007329055631,9.040844715209545e-07,1.0004204822922735,0.0004204822922735385,8.462004930090659e-07,0.00021406363679753898,6.43963203641282e-07,-5.78839785118886e-05,1,2
11,0.011000000000000003,ramp,1.1,0.0008107519700479551,0.00017625123714239198,1.0005037814204492,0.0005037814204491564,9.296121009231496e-05,0.00030702484688985396,7.403560927303469e-07,-0.08329002705007701,1,2
12,0.012000000000000004,ramp,1.2,0.000812103558725416,1.3515886774608573e-06,1.0005039179967088,0.0005039179967087914,1.2158550416585892e-06,0.0003082407019315125,8.413031442128411e-07,-0.00013573363580226806,1,2
13,0.013000000000000005,ramp,1.3,0.0010047926560854555,0.00019268909736003953,1.0005869694907252,0.000586969490725231,0.00010964687677059632,0.00041788757870210884,9.450904511100373e-07,-0.0830422205894432,1,2
14,0.014000000000000005,ramp,1.4,0.001006664826062033,1.8721699765775028e-06,1.0005871914041358,0.0005871914041357673,1.6513114903850607e-06,0.0004195388901924939,1.0531220569927551e-06,-0.00022085848619244212,1,2
15,0.015000000000000006,ramp,1.5,0.0012157336065011424,0.00020906878043910936,1.0006700026349302,0.0006700026349302224,0.00012626700934125103,0.0005458058995337449,1.1636249338597235e-06,-0.08280177109785833,1,2
16,0.016000000000000007,ramp,1.6,0.0012181970837491364,2.46347724799402e-06,1.0006703152414083,0.0006703152414082592,2.15215120037466e-06,0.0005479580507341196,1.2781020790331147e-06,-0.00031132604761935985,1,2
17,0.017000000000000008,ramp,1.7,0.0014435863968118414,0.00022538931306270498,1.0007528921926727,0.0007528921926727161,0.00014282202054368505,0.0006907800712778046,1.3947439315239034e-06,-0.08256729251901994,1,2
18,0.01800000000000001,ramp,1.8,0.0014467104279203672,3.124031108525877e-06,1.0007532996698647,0.0007532996698647043,2.71807203057237e-06,0.000693498143308377,1.5151391643514516e-06,-0.0004059590779535068,2,2
19,0.01900000000000001,ramp,1.9,0.0016883602359840468,0.00024164980806367958,1.0008356472657525,0.0008356472657524705,0.00015931208170935567,0.0008528102250177326,1.6374414972931901e-06,-0.08233772635432392,1,2
20,0.02000000000000001,ramp,2.0,0.0016922134919396953,3.853255955648446e-06,1.0008361533892762,0.0008361533892762285,3.348899063266119e-06,0.0008561591240809987,1.7633196570371627e-06,-0.0005043568923823266,1,2
21,0.02100000000000001,ramp,2.1,0.0019500631849668454,0.0002578496930271501,1.000918275804941,0.0009182758049410822,0.00017573736858043598,0.0010318964926614347,1.890887014287007e-06,-0.08211232444671411,1,2
22,0.022000000000000013,ramp,2.2,0.0019547129610335712,4.649776066725873e-06,1.0009188834022673,0.000918883402267312,4.044204607471772e-06,0.0010359406972689064,2.0218773189498434e-06,-0.0006055714592541002,1,2
23,0.023000000000000013,ramp,2.3,0.002228702280601971,0.0002739893195683996,1.0010007844641822,0.0010007844641821695,0.00019209858078028503,0.0012280392780491915,2.1543698982459597e-06,-0.08189073878811458,1,2
24,0.024000000000000014,ramp,2.4,0.002234214852503099,5.512571901128069e-06,1.001001495900565,0.0010014959005650859,4.803430394618015e-06,0.0012328427084438095,2.290155225362495e-06,-0.0007091415065100537,1,2
25,0.025000000000000015,ramp,2.5,0.002524283529153396,0.0002900686766502971,1.0010831790294714,0.001083179029471415,0.00020839611237998654,0.0014412388208237962,2.4272801228195723e-06,-0.08167256427031054,1,2
26,0.026000000000000016,ramp,2.6,0.002530724408263378,6.440879109981777e-06,1.0010839963006335,0.001083996300633494,5.626181063623682e-06,0.0014468650018874198,2.567585406130678e-06,-0.000814698046358095,1,2
27,0.027000000000000017,ramp,2.7,0.0028368122371702255,0.0003060878289068477,1.0011654645891455,0.0011654645891454596,0.0002246303556404028,0.0016714953575278225,2.7090868812442485e-06,-0.08145747326644488,1,2
28,0.028000000000000018,ramp,2.8,0.0028442462424309875,7.434005260762051e-06,1.001166389391109,0.001166389391108913,6.512063362201015e-06,0.0016780074208900236,2.853670632387132e-06,-0.0009219418985610362,1,2
29,0.02900000000000002,ramp,2.9,0.0031662931406062295,0.00032204689817524196,1.0012476456627646,0.0012476456627645849,0.00024080170095322508,0.0019188091218432487,2.9993230134214753e-06,-0.08124519722201687,1,2
30,0.03000000000000002,ramp,3.0,0.003174784453587035,8.491312980805563e-06,1.0012486794449023,0.0012486794449022565,7.4606861436567e-06,0.0019262698079869054,3.14797116229855e-06,-0.0010306268371488624,1,2
31,0.03100000000000002,ramp,3.1,0.0035127305030920796,0.0003379460495050446,1.001329726299464,0.0013297262994640402,0.00025691053680217753,0.002183180344789083,3.2975735281822308e-06,-0.08103551270286706,1,2
32,0.03200000000000002,ramp,3.2,0.0035223427109028716,9.612207810792e-06,1.0013308703053077,0.001330870305307652,8.471660362074243e-06,0.0021916520051511574,3.4500947324821267e-06,-0.0011405474487177576,1,2
33,0.03300000000000002,ramp,3.3,0.003876128192004203,0.0003537854811013312,1.0014117101537794,0.0014117101537793886,0.0002729572497362219,0.0024646092548873794,3.60346681583867e-06,-0.08082823136510933,1,2
34,0.03400000000000002,ramp,3.4,0.0038869243214049755,1.0796129400772632e-05,1.0014129654531227,0.0014129654531227498,9.544599065873802e-06,0.0024741538539532534,3.7596888129185393e-06,-0.0012515303348988299,1,2
35,0.035000000000000024,ramp,3.5,0.00425648973837528,0.0003695654169703043,1.0014936005455795,0.0014936005455794543,0.0002889422243514282,0.002763096078304682,3.916667785229253e-06,-0.08062319261887609,1,2
36,0.036000000000000025,ramp,3.6,0.004268532283377385,1.204254500210538e-05,1.0014949680600531,0.0014949680600531146,1.0679117389918245e-05,0.0027737751956946,4.0764345069137115e-06,-0.0013634276121871351,1,2
37,0.037000000000000026,ramp,3.7,0.004653818384810632,0.00038528610143324666,1.001575400507957,0.0015754005079569033,0.000304865843278937,0.003078641038973537,4.236872416670206e-06,-0.08042025815430966,1,2
38,0.03800000000000003,ramp,3.8,0.004667169329374107,1.3350944563474826e-05,1.0015768810315908,0.0015768810315908155,1.1874832547209575e-05,0.0030905158715207465,4.400041674320138e-06,-0.0014761120162652506,1,2
39,0.03900000000000003,ramp,3.9,0.005068117124335544,0.0004009477949614374,1.0016571128259364,0.001657112825936391,0.00032072848717745094,0.0034112443586981974,4.563803377817471e-06,-0.08021930778398648,1,2
40,0.04000000000000003,ramp,4.0,0.005082837961307245,1.4720836971701332e-05,1.0016587070421181,0.0016587070421181238,1.3131363819686807e-05,0.003424375722517884,4.730244981208739e-06,-0.0015894731520145248,1,2
41,0.04100000000000003,ramp,4.1,0.005499388732268681,0.0004165507709614352,1.001738740068387,0.0017387400683870347,0.0003365305347291893,0.003760906257247073,4.8972064511311886e-06,-0.08002023623224593,1,2
42,0.04200000000000003,ramp,4.2,0.005515540479394527,1.6151747125846272e-05,1.0017404485638055,0.0017404485638055078,1.4448332549005842e-05,0.003775354589796079,5.06680066245559e-06,-0.0017034145768404295,1,2
43,0.04300000000000003,ramp,4.3,0.005947635792655108,0.00043209531326058107,1.0018202846143724,0.0018202846143724472,0.000352272362638226,0.004127626952434305,5.236847590416102e-06,-0.07982295062235503,1,2
44,0.04400000000000003,ramp,4.4,0.005965279006284507,1.764321362939924e-05,1.001822107890706,0.0018221078907059152,1.5825362127140413e-05,0.004143452314561445,5.4094838407458365e-06,-0.0018178515022588258,1,2
45,0.04500000000000003,ramp,4.5,0.006412860720398358,0.00044758171411385123,1.0019017486752182,0.0019017486752181956,0.00036795434563075067,0.004511406660192196,5.582510471526754e-06,-0.07962736848310056,1,2
46,0.046000000000000034,ramp,4.6,0.006432055507344786,1.919478694642745e-05,1.0019036871589906,0.0019036871589905857,1.7262077986873783e-05,0.0045286687381790695,5.758086285382409e-06,-0.0019327089595536657,1,2
47,0.047000000000000035,ramp,4.7,0.006895065779951209,0.00046301027260642336,1.0019831343132577,0.001983134313257695,0.00038357685645688567,0.004912245594635955,5.933994435966936e-06,-0.0794334161495377,1,2
48,0.048000000000000036,ramp,4.8,0.006915871807865108,2.0806027913898573e-05,1.0019851883641275,0.0019851883641275325,1.8758107592467534e-05,0.004931003702228423,6.112414522745014e-06,-0.002047920321431039,1,2
49,0.04900000000000004,ramp,4.9,0.007394253101224638,0.0004783812933595302,1.0020644434576065,0.0020644434576064796,0.00039914026589324696,0.0053301439681216695,6.291112750296961e-06,-0.07924102746628323,1,2
50,0.05000000000000004,ramp,5.0,0.007416729607751531,2.247650652689292e-05,1.002066613375604,0.0020666133756039873,2.0313080430507066e-05,0.0053504570485521765,6.472288230849576e-06,-0.0021634260963858524,1,2
51,0.05100000000000004,ramp,5.1,0.007910424693226625,0.0004936950854750937,1.0021456779178735,0.0021456779178734564,0.0004146449427467211,0.005765101991298898,6.653691121915382e-06,-0.07905014272837263,1,2
52,0.05200000000000004,ramp,5.2,0.007934630494166636,2.4205800940011596e-05,1.0021479639494857,0.0021479639494856873,2.1926628000624478e-05,0.005787028619299523,6.837538865612804e-06,-0.002279172939387118,1,2
53,0.05300000000000004,ramp,5.3,0.008443582455828883,0.0005089519616622469,1.0022268393958358,0.002226839395835789,0.00043009125385859735,0.00621711987315812,7.021566424865703e-06,-0.07886070780364955,1,2
54,0.05400000000000004,ramp,5.4,0.008469575952466363,2.5993496637479602e-05,1.0022292417393854,0.0022292417393854347,2.359838380662555e-05,0.006240718256964746,7.208008477755588e-06,-0.002395112830854052,1,2
55,0.05500000000000004,ramp,5.5,0.008993728189981794,0.0005241522375154309,1.0023079294956454,0.0023079294956454,0.00044547956410939427,0.00668619782107414,7.394585599132118e-06,-0.07867267340603662,1,2
56,0.05600000000000004,ramp,5.6,0.0090215673757219,2.7839185740105576e-05,1.0023104483059104,0.0023104483059104286,2.5327983347597875e-05,0.006711525804421738,7.583548687783172e-06,-0.0025112023925077014,1,2
57,0.057000000000000044,ramp,5.7,0.009560863606630537,0.0005392962309086376,1.0023889497327483,0.00238894973274828,0.0004608102364239715,0.007172336040845709,7.772604694348142e-06,-0.07848599448466605,1,2
58,0.058000000000000045,ramp,5.8,0.009590606073049786,2.9742466419249713e-05,1.002391585125083,0.0023915851250830844,2.7115064109204267e-05,0.007199451104954914,7.964019793040815e-06,-0.0026274023100454464,1,2
59,0.059000000000000045,ramp,5.9,0.010144990334535895,0.0005543842614861086,1.0024699015416565,0.002469901541656494,0.00047608363177695955,0.007675534736731873,8.155488034557974e-06,-0.07830062970914903,1,2
60,0.060000000000000046,ramp,6.0,0.010176693276937907,3.17029424020121e-05,1.002472653595524,0.002472653595523955,2.895926555522183e-05,0.007704494002287095,8.34928998584529e-06,-0.002743676846790272,1,2
61,0.06100000000000005,ramp,6.1,0.010746109927169383,0.000569416650231476,1.0025507862828236,0.0025507862828235695,0.0004913001091984999,0.008195794111485594,8.54310748512859e-06,-0.07811654103297605,1,2
62,0.06200000000000005,ramp,6.2,0.010779830149716665,3.372022254728192e-05,1.0025536550449898,0.002553655044989833,3.086022911900454e-05,0.008226654340604598,8.739234665634974e-06,-0.0028599934282773853,1,2
63,0.06300000000000004,ramp,6.3,0.01136422386881641,0.0005843937190997458,1.0026316052487905,0.0026316052487904695,0.0005064600257800899,0.008733114366384688,8.935341806370663e-06,-0.0779336933196559,1,2
64,0.06400000000000004,ramp,6.4,0.011400017789298712,3.5793920482300734e-05,1.0026345907361451,0.002634590736145137,3.2817598195150174e-05,0.008765931964579839,9.133735831166085e-06,-0.00297632228715056,1,2
65,0.06500000000000004,ramp,6.5,0.011999333580002977,0.0005993157907042655,1.0027123596695051,0.0027123596695051155,0.0005215637366809444,0.009287495701260784,9.332076081193018e-06,-0.07775205402332114,1,2
66,0.06600000000000004,ramp,6.6,0.01203725723429211,3.7923654289132025e-05,1.0027154618715297,0.002715461871529712,3.483101813118643e-05,0.00932232671939197,9.53268154122725e-06,-0.0030926361579455934,1,2
67,0.06700000000000005,ramp,6.7,0.012651440422337516,0.0006141831880454064,1.0027930507172167,0.002793050717216694,0.0005366115951339794,0.00985893831452595,9.733201206286697e-06,-0.07757159291142701,1,2
68,0.06800000000000005,ramp,6.8,0.012691549468569303,4.0109046231787474e-05,1.002796269598288,0.002796269598287937,3.690013621962617e-05,0.009895838450745577,9.935965434311587e-06,-0.0032089100121613025,1,2
69,0.06900000000000005,ramp,6.9,0.013320545702848373,0.0006289962342790698,1.0028736795107482,0.0028736795107482394,0.0005516039524521694,0.010447442403197746,1.0138613438112619e-05,-0.07739228182690037,1,2
70,0.07000000000000005,ramp,7.0,0.013362895877887245,4.235017503887231e-05,1.002877014870686,0.0028770148706860343,3.902519647510231e-05,0.010486467599672847,1.0343482584713287e-05,-0.0033249785637700043,2,2
71,0.07100000000000005,ramp,7.1,0.014006649740987516,0.0006437538631002705,1.0029542467907717,0.0029542467907717196,0.0005665399558264902,0.011053007555499338,1.0548201617961234e-05,-0.07721390727378022,1,2
72,0.07200000000000005,ramp,7.2,0.014051296922721262,4.46471817337462e-05,1.0029576988512394,0.002957698851239421,4.1205916329418765e-05,0.011094213471828757,1.0755128933999209e-05,-0.0034412654043274316,2,2
73,0.07300000000000005,ramp,7.3,0.014709754611330532,0.0006584576886092697,1.0030347538914257,0.003034753891425712,0.0005814210476571969,0.011675634519485953,1.0961879908230087e-05,-0.07703664095207283,1,2
74,0.07400000000000005,ramp,7.4,0.014756754807044813,4.700019571428175e-05,1.0030383229184132,0.0030383229184132166,4.3442379272897216e-05,0.01171907689875885,1.1170829016643638e-05,-0.0035578164413845375,1,2
75,0.07500000000000005,ramp,7.5,0.015429860583749434,0.000673105776704621,1.0031152019077545,0.0031152019077544946,0.000596245577158768,0.012315322475917618,1.137957467412928e-05,-0.07686019954585303,1,2
76,0.07600000000000005,ramp,7.6,0.015479269110610113,4.940852686067913e-05,1.003118887716057,0.0031188877160570616,4.57343507926907e-05,0.012361056826710308,1.1590497979183772e-05,-0.0036741760679884347,1,2
77,0.07700000000000005,ramp,7.7,0.016166969615079078,0.0006877005044689643,1.0031955916867525,0.0031955916867525413,0.0006110157181957444,0.012972072544906052,1.1801191086680356e-05,-0.07668478627321985,1,2
78,0.07800000000000006,ramp,7.8,0.016218840582368915,5.1870967289837505e-05,1.0031993941489825,0.003199394148982515,4.808056290549488e-05,0.013020153107811547,1.2014044951001355e-05,-0.003790404384342624,1,2
79,0.07900000000000006,ramp,7.9,0.016921082780328847,0.0007022421979599319,1.003275924124317,0.0032759241243169868,0.0006257318056748353,0.013645884913486383,1.2226644190102497e-05,-0.07651039228509667,1,2
80,0.08000000000000006,ramp,8.0,0.016975469951016398,5.438717068755039e-05,1.0032798431011527,0.003279843101152702,5.0480681137601486e-05,0.013696365594623984,1.2441388312041267e-05,-0.003906489549948905,1,2
81,0.08100000000000006,ramp,8.1,0.017692201123722807,0.0007167311727064099,1.003356200086645,0.003356200086644945,0.0006403941727938489,0.014336759767417833,1.2655854598402752e-05,-0.07633699991256104,1,2
82,0.08200000000000006,ramp,8.2,0.017749157914411784,5.6956790688976466e-05,1.0033602354249758,0.003360235424975766,5.2934372845301316e-05,0.014389694140263134,1.2872450556409915e-05,-0.00402241784367515,1,2
83,0.08300000000000006,ramp,8.3,0.018480325656799666,0.0007311677423878817,1.0034364204083492,0.003436420408349239,0.0006550031509729955,0.01504469729123613,1.3088746507554515e-05,-0.07616459141488613,1,2
84,0.08400000000000006,ramp,8.4,0.01853990514001718,5.957948321751519e-05,1.0034405719417592,0.003440571941759174,5.544130718529549e-05,0.015100138598421426,1.3307157486531852e-05,-0.004138176032219698,1,2
85,0.08500000000000006,ramp,8.5,0.019285457359622532,0.0007455522196053513,1.0035165858935946,0.0035165858935946037,0.000669559069855013,0.01576969766827644,1.3525247241844163e-05,-0.07599314975033833,1,2
86,0.08600000000000006,ramp,8.6,0.01934771226638794,6.225490676540699e-05,1.0035208534431335,0.003520853443133465,5.800115510279547e-05,0.015827698823379237,1.3745437895661456e-05,-0.004253751662611515,1,2
87,0.08700000000000006,ramp,8.7,0.02010759718237602,0.0007598849159880794,1.0035966973177115,0.003596697317711506,0.000684062257311779,0.016511761080691016,1.3965287001572286e-05,-0.07582265867630036,1,2
88,0.08800000000000006,ramp,8.8,0.02017257990477895,6.498272240293076e-05,1.0036010806927227,0.0036010806927226913,6.061358932199224e-05,0.016572374670013008,1.4187223351266655e-05,-0.004369133080938527,1,2
89,0.08900000000000007,ramp,8.9,0.020946746046960504,0.0007741661421815545,1.003676755428789,0.0036767554287890913,0.0006985130394517458,0.017270887709464753,1.4408798668877657e-05,-0.07565310272980867,1,2
90,0.09000000000000007,ramp,9.0,0.02101450864069291,6.776259373240598e-05,1.003681254427658,0.0036812544276580983,6.3278284337412e-05,0.017334165993802164,1.4632448016436754e-05,-0.004484309394993979,1,2
91,0.09100000000000007,ramp,9.1,0.02180290484850581,0.0007883962078128991,1.0037567609491853,0.0037567609491853116,0.0007129117406276622,0.018047077734429828,1.4855717640953117e-05,-0.07548446718523691,1,2
92,0.09200000000000007,ramp,9.2,0.02187349903533882,7.059418683301108e-05,1.0037613753600065,0.003761375360006536,6.59949164049301e-05,0.01811307265083476,1.5081048492653537e-05,-0.004599270428080985,1,2
93,0.09300000000000007,ramp,9.3,0.022676074456785482,0.0008025754214466621,1.0038367145768408,0.0038367145768407607,0.0007272586834449002,0.018840331334279658,1.53059816809165e-05,-0.07531673800176188,1,2
94,0.09400000000000007,ramp,9.4,0.022749551626982646,7.347717019716427e-05,1.0038414441781998,0.00384144417819976,6.87631635331445e-05,0.018909094497812803,1.5532963677790913e-05,-0.004714006664019769,1,2
95,0.09500000000000007,ramp,9.5,0.023566255717533405,0.0008167040905507593,1.0039166169867426,0.003916616986742616,0.0007415541887692352,0.019650648686582037,1.575953078216807e-05,-0.07514990178152407,1,2
96,0.09600000000000007,ramp,9.6,0.02364266693221528,7.64112146818749e-05,1.0039214615482124,0.003921461548212379,7.158270547497327e-05,0.01972223139205701,1.5988134636314037e-05,-0.004828509206901622,1,2
97,0.09700000000000007,ramp,9.7,0.024473449453668097,0.0008307825214528171,1.0039964688319944,0.003996468831994449,0.0007557985757349721,0.020478029967791984,1.6216307043975964e-05,-0.074983945717845,1,2
98,0.09800000000000007,ramp,9.8,0.024552845447115574,7.939599344747653e-05,1.0040014281148089,0.004001428114808858,7.445322371884991e-05,0.020552483191510835,1.644650447989723e-05,-0.004942769728626616,1,2
99,0.09900000000000007,ramp,9.9,0.025397656466427897,0.0008448110193123234,1.0040762707450417,0.004076270745041688,0.000769992161753012,0.021322475353263846,1.6676254556780136e-05,-0.07481885755931147,1,2
100,0.10000000000000007,ramp,10.0,0.025480087648343745,8.243118191584783e-05,1.0040813445025727,0.0040813445025726924,7.737440148063962e-05,0.021399849754744484,1.6908018257173285e-05,-0.005056780435208213,1,2
101,0.10100000000000008,ramp,10.1,0.026338877536431923,0.0008587898880881781,1.0041560233386957,0.004156023338695691,0.0007841352625186003,0.022183985017263083,1.7139319296117517e-05,-0.07465462556957775,1,2
102,0.10200000000000008,ramp,10.2,0.02642439399415204,8.551645772011604e-05,1.0041612113169356,0.004161211316935587,8.034592369498235e-05,0.022264330940958064,1.7372622851630948e-05,-0.00517053402513369,1,2
103,0.10300000000000008,ramp,10.3,0.027297113424663448,0.0008727194305114087,1.0042357272070521,0.00423572720705212,0.0007982281920197242,0.02306255913297779,1.7605449024268846e-05,-0.0744912384916845,1,2
104,0.10400000000000008,ramp,10.4,0.02738576492532815,8.865150066470276e-05,1.0042410291451391,0.00424102914513913,8.336747700668865e-05,0.023145926609984477,1.784026688685607e-05,-0.005284023658014105,1,2
105,0.10500000000000008,ramp,10.5,0.02827236487339109,0.000886599948062939,1.0043153829265332,0.004315382926533218,0.0008122712625451154,0.02395819787252959,1.8074593198895004e-05,-0.07432868551782362,1,2
106,0.10600000000000008,ramp,10.6,0.0283642008660747,9.183599268361084e-05,1.0043207985570963,0.004320798557096328,8.643874976274305e-05,0.024044636622292333,1.831090063840888e-05,-0.005397242920867791,1,2
107,0.10700000000000008,ramp,10.7,0.029264632607026615,0.0009004317409519146,1.0043949910565837,0.004394991056583697,0.0008262647846919376,0.02487090140698427,1.8546702887998586e-05,-0.07416695625997699,1,2
108,0.10800000000000008,ramp,10.8,0.029359702224831533,9.506961780491804e-05,1.0044005201062374,0.004400520106237371,8.955943200375891e-05,0.02496046083898803,1.878447595175371e-05,-0.005510185801159133,1,2
109,0.10900000000000008,ramp,10.9,0.030273917332926566,0.0009142151080950324,1.0044745521405989,0.004474552140598886,0.0008402090673742028,0.02580066990636223,1.9021730690661995e-05,-0.07400604072082964,1,2
110,0.11000000000000008,ramp,11.0,0.030372269395042183,9.835206211561767e-05,1.0044801943302244,0.004480194330224396,9.272921545567247e-05,0.025893399121817904,1.9260946165704584e-05,-0.005622846659945204,1,2
111,0.11100000000000008,ramp,11.1,0.03130021974214636,0.000927950347104179,1.0045540667065593,0.004554066706559334,0.0008541044178305764,0.02674750353964848,1.9499630663066408e-05,-0.07384592927360263,1,2
112,0.11200000000000009,ramp,11.2,0.03140190275587397,0.00010168301372760757,1.0045598217517613,0.004559821751761284,9.594779352130152e-05,0.026843451333169784,1.9740266040910358e-05,-0.005735220206306056,1,2
113,0.11300000000000009,ramp,11.3,0.032343540510141024,0.0009416377542670537,1.0046335352678402,0.004633535267840161,0.0008679511416324828,0.027711402474802267,1.998035824933338e-05,-0.0736866126345709,1,2
114,0.11400000000000009,ramp,11.4,0.03244860267289106,0.00010506216275003866,1.0046394028791608,0.004639402879160759,9.92148612723065e-05,0.027810617336074574,2.0222391692969218e-05,-0.005847301477732156,1,2
115,0.11500000000000009,ramp,11.5,0.033403880297427024,0.000955277624535962,1.0047129583237548,0.004712958323754846,0.0008817495426919853,0.02869236687876656,2.0463870216799977e-05,-0.07352808184397669,1,2
116,0.11600000000000009,ramp,11.6,0.0335123694986867,0.00010848920125967887,1.0047189382070618,0.004718938207061818,0.0001025301154410871,0.028794896994207647,2.0707280529792196e-05,-0.005959085818591763,1,2
117,0.11700000000000009,ramp,11.7,0.03448123975020622,0.0009688702515195172,1.0047923363602613,0.004792336360261329,0.0008954999232698016,0.02969039691747745,2.095012459537328e-05,-0.07337032824971561,1,2
118,0.11800000000000009,ramp,11.8,0.03459320357347664,0.00011196382327041676,1.0047984282170017,0.004798428217001716,0.00010589325441216734,0.029796290171889617,2.1194891192878934e-05,-0.00607056885824942,1,2
119,0.11900000000000009,ramp,11.9,0.03557561950094274,0.0009824159274661043,1.004871669850458,0.00487166985045806,0.000909202583983355,0.030705492755872973,2.1439080620634452e-05,-0.07321334348274933,1,2
120,0.12000000000000009,ramp,12.0,0.03569110522565674,0.00011548572471399565,1.0048778733779613,0.004877873377961306,0.00010930397821416704,0.03081479673408714,2.1685183502185845e-05,-0.0061817464998286135,1,2
121,0.1210000000000001,ramp,12.1,0.03668702016892005,0.0009959149432633152,1.0049509592551977,0.004950959255197729,0.000922857823814653,0.03173765455790179,2.1930698680401744e-05,-0.07305711944866218,1,2
122,0.1220000000000001,ramp,12.2,0.03680607477232821,0.00011905460340815716,1.00495727414689,0.004957274146889956,0.00011276198851188483,0.03185041654641368,2.217811840433142e-05,-0.006292614896272327,1,2
123,0.1230000000000001,ramp,12.3,0.03781544236075386,0.0010093675884256526,1.005030205023575,0.005030205023575096,0.0009364659401183136,0.03278688248653199,2.2424940264497458e-05,-0.0729016483073389,1,2
124,0.1240000000000001,ramp,12.4,0.03793811251979379,0.0001226701590399254,1.0050366309692265,0.005036630969226463,0.000116266988597928,0.03290314947512992,2.267365792386696e-05,-0.006403170441997402,1,2
125,0.12500000000000008,ramp,12.5,0.03896088667088169,0.0010227741510879032,1.005109407593376,0.00510940759337597,0.0009500272286291192,0.03385317670375904,2.292176791746026e-05,-0.072746922458784,1,2
126,0.12600000000000008,ramp,12.6,0.03908721876402279,0.00012633209314109883,1.0051159442793605,0.005115944279360463,0.0001198186833847113,0.03397299538714375,2.317176511739447e-05,-0.0065134097563875355,1,2
127,0.12700000000000009,ramp,12.7,0.04012335368202636,0.00103613491800357,1.0051885673915637,0.005188567391563703,0.0009635419834705795,0.034936537370614335,2.3421145194010452e-05,-0.0725929345329905,1,2
128,0.12800000000000009,ramp,12.8,0.04025339379109094,0.0001300401090645817,1.0051952145010414,0.005195214501041434,0.00012341677939638028,0.035059954150010716,2.3672404030325536e-05,-0.006623329668201409,1,2
129,0.1290000000000001,ramp,12.9,0.04130284396562976,0.0010494501745388213,1.00526768483472,0.0052676848347199545,0.000977010497162314,0.03603696464717303,2.3923036617039375e-05,-0.0724396773765072,1,2
130,0.1300000000000001,ramp,13.0,0.04143663787760027,0.00013379391197050616,1.0052744420478437,0.005274442047843664,0.0001270609847605764,0.036164025631933605,2.4175539656077327e-05,-0.0067329272099297555,1,2
131,0.1310000000000001,ramp,13.1,0.042499358082266264,0.0010627202046659956,1.0053467603294315,0.005346760329431488,0.0009904330606280286,0.037154458692561634,2.442740763796908e-05,-0.07228714403796697,1,2
132,0.1320000000000001,ramp,13.2,0.042636951291065546,0.00013759320879928177,1.0053536273235404,0.005353627323540389,0.00013075100920075482,0.03728520970176239,2.468113789754772e-05,-0.006842199598526956,1,2
133,0.1330000000000001,ramp,13.3,0.04371289658203446,0.0010759452909689174,1.0054257942726743,0.005425794272674311,0.001003809963203541,0.03828901966496593,2.4934224599297042e-05,-0.07213532776537633,1,2
134,0.1340000000000001,ramp,13.4,0.04385433429029484,0.00014143770826037516,1.005432770722475,0.0054327707224750554,0.0001344865640280595,0.03842350622899399,2.5189165530704712e-05,-0.006951144232315675,1,2
135,0.1350000000000001,ramp,13.5,0.04494346000492355,0.0010891257146287137,1.0055047870521945,0.005504787052194482,0.0010171414926442074,0.039440647721638196,2.5443454699182823e-05,-0.07198422198450628,1,2
136,0.1360000000000001,ramp,13.6,0.04508878712573527,0.00014532712081171545,1.0055118726299173,0.005511872629917258,0.0001382673621333408,0.03957891508377154,2.5699590170141204e-05,-0.007059758678374641,1,2
137,0.1370000000000001,ramp,13.7,0.04619104888117078,0.001102261755435513,1.0055837390468259,0.005583739046825853,0.0010304279351334004,0.04060934301890494,2.595506595793319e-05,-0.07183382030211258,1,2
138,0.1380000000000001,ramp,13.8,0.046340310039812156,0.00014926115864137557,1.0055909334224054,0.005590933422405353,0.00014209311797914868,0.04075143613688409,2.6212380236466407e-05,-0.007168040662226891,1,2
139,0.1390000000000001,ramp,13.9,0.04745566373158961,0.0011153536917774542,1.0056626506268451,0.005662650626845123,0.001043669575289388,0.04179510571217348,2.646902718626582e-05,-0.07168411648806618,1,2
140,0.1400000000000001,ramp,14.0,0.04760890326724081,0.00015323953565119647,1.0056699534680593,0.005669953468059319,0.00014596354759211072,0.04194106925976559,2.6727504925407617e-05,-0.007275988059085749,1,2
141,0.1410000000000001,ramp,14.1,0.048737305067889716,0.0011284018006489094,1.0057415221542816,0.005741522154281586,0.0010568666961740497,0.04299793595593964,2.6985307955217977e-05,-0.07153510447485971,1,2
142,0.1420000000000001,ramp,14.2,0.048894567035333826,0.00015726196744410975,1.0057489331269083,0.005748933126908273,0.00014987836855470354,0.04314781432449435,2.7244934178516206e-05,-0.0073835988894062135,1,2
143,0.1430000000000001,ramp,14.3,0.05003597339297599,0.0011414063576421635,1.005820353983208,0.005820353983208015,0.0010700195792997874,0.044217833903794135,2.7503878567610397e-05,-0.07138677834237611,1,2
144,0.1440000000000001,ramp,14.4,0.05019730156428195,0.00016132817130595778,1.0058278727511052,0.00582787275110519,0.0001538372999978758,0.04437167120379201,2.776463865536522e-05,-0.00749087130808197,1,2
145,0.1450000000000001,ramp,14.5,0.051351669201235,0.0011543676369530562,1.005899146459994,0.005899146459994009,0.0010831285046376672,0.04545479970842968,2.802471003095878e-05,-0.07123913231538896,1,2
146,0.1460000000000001,ramp,14.6,0.051517107067428895,0.00016543786619389184,1.005906772685321,0.005906772685321027,0.00015784006259271418,0.045612639771022395,2.828658970714312e-05,-0.007597803601177655,1,2
147,0.1470000000000001,ramp,14.7,0.052684392978811265,0.0011672859113823694,1.0059778999236044,0.005977899923604424,0.0010961937506253645,0.04670883352164776,2.8547774031728926e-05,-0.07109216075700496,1,2
148,0.1480000000000001,ramp,14.8,0.05285398375152531,0.00016959077271404277,1.0059856332668766,0.005985633266876622,0.0001618863785430805,0.04687071990019084,2.881075935156985e-05,-0.007704394170962261,1,2
149,0.1490000000000001,ramp,14.9,0.05403414520386201,0.0011801614523367018,1.0060566147058543,0.00605661470585428,0.0011092155941739715,0.04797993549436481,2.9073042910869937e-05,-0.07094585816273032,1,2
150,0.1500000000000001,ramp,15.0,0.05420793181698311,0.00017378661312109772,1.0060644548261082,0.006064454826108179,0.0001659759715776872,0.04814591146594249,2.9337120249028973e-05,-0.007810641543410513,1,2
151,0.1510000000000001,ramp,15.1,0.055400926346809695,0.0011929945298265882,1.0061352911316497,0.006135291131649678,0.0011221943106766593,0.04926810577661915,2.9600489640543247e-05,-0.07080021914992887,1,2
152,0.1520000000000001,ramp,15.2,0.05557895145810112,0.00017802511129142579,1.006143237686511,0.006143237686510927,0.00017010856694219618,0.04943821434356135,2.9865645679868475e-05,-0.007916544349229601,1,2
153,0.1530000000000001,ramp,15.3,0.05678473687057601,0.0012057854124748885,1.0062139295192265,0.006213929519226502,0.0011351301740155858,0.05057334451757693,3.0130087801958634e-05,-0.07065523845930263,1,2
154,0.1540000000000001,ramp,15.4,0.056967042863294765,0.00018230599271875508,1.006221982165004,0.006221982165004025,0.0001742838913922551,0.05074762840896919,3.0396309522769762e-05,-0.008022101326499978,1,2
155,0.1550000000000001,ramp,15.5,0.058185577230810276,0.0012185343675155114,1.006292530180318,0.006292530180318057,0.0011480234565694049,0.05189565186553859,3.0661811564268936e-05,-0.0705109109461065,1,2
156,0.1560000000000001,ramp,15.6,0.058372206215305804,0.00018662898449552795,1.0063006885721695,0.006300688572169477,0.00017850167318497778,0.05207415353872357,3.0929086234144975e-05,-0.008127311310550172,1,2
157,0.1570000000000001,ramp,15.7,0.05960344787609938,0.0012312416607935736,1.0063710934204415,0.006371093420441509,0.0011608744292215317,0.0532350279679451,3.119563566445049e-05,-0.07036723157204192,1,2
158,0.1580000000000001,ramp,15.8,0.05979444169140617,0.0001909938153067947,1.0063793572124096,0.006379357212409564,0.0001827616420718311,0.05341778961001693,3.1463950828497067e-05,-0.008232173234963617,1,2
159,0.1590000000000001,ramp,15.9,0.06103834924818398,0.0012439075567778068,1.006449619539059,0.006449619539059093,0.0011736833613668423,0.054591472971383774,3.1731535388111217e-05,-0.07022419541096456,1,2
160,0.16000000000000011,ramp,16.0,0.06123374946359362,0.00019540021540963987,1.0064579883841989,0.006457988384198865,0.0001870635292907862,0.05477853650067456,3.200087885966679e-05,-0.008336686118853664,1,2
161,0.16100000000000012,ramp,16.1,0.06249028178214366,0.0012565323185500382,1.0065281088297524,0.00652810882975241,0.0011864505209200139,0.055964987021594574,3.2269486551181844e-05,-0.07008179763002437,1,2
162,0.16200000000000012,ramp,16.2,0.06269012969877598,0.00019984791663232165,1.0065365823801886,0.006536582380188616,0.00019140706755907882,0.056156394089153655,3.253984640294606e-05,-0.008440849073242834,1,2
163,0.16300000000000012,ramp,16.3,0.06395924590659642,0.001269116207820442,1.0066065615804705,0.00660656158047046,0.0011991761743221443,0.0573555702634758,3.28094654824245e-05,-0.06994003349829778,1,2
164,0.16400000000000012,ramp,16.4,0.06416358255894944,0.00020433665235301823,1.0066151394875036,0.006615139487503585,0.00019579199106503083,0.05755136225454083,3.308083003798386e-05,-0.0085446612879874,1,2
165,0.16500000000000012,ramp,16.5,0.06544524204387404,0.001281659484924605,1.0066849780736251,0.006684978073625114,0.0012118605865489669,0.05876322284108979,3.335144900672767e-05,-0.06979889837563802,1,2
166,0.16600000000000012,ramp,16.6,0.06565410820136566,0.00020886615749161896,1.0066936599878076,0.006693659987807576,0.00020021803546181816,0.05896344087655161,3.3623806832458795e-05,-0.008648122029800804,1,2
167,0.16700000000000012,ramp,16.7,0.06694827061019692,0.001294162408831262,1.0067633585863263,0.006763358586326262,0.0012245040211171755,0.06018794489766879,3.3895414429130736e-05,-0.06965838771408653,1,2
168,0.16800000000000012,ramp,16.8,0.0671617067786978,0.00021343616850087732,1.006772144157517,0.006772144157517035,0.00020468493785871558,0.060392629835527505,3.416875432644755e-05,-0.00875123064216174,1,2
169,0.16900000000000012,ramp,16.9,0.06846833201583934,0.0013066252371415343,1.0068417033905057,0.006841703390505716,0.0012371067400933806,0.06162973657562089,3.4441339519547315e-05,-0.06951849704815369,1,2
170,0.17000000000000012,ramp,17.0,0.06868637843919279,0.00021804642335344904,1.0068505922679551,0.006850592267955147,0.0002091924368142106,0.0618389290124351,3.471565051749227e-05,-0.008853986539238448,1,2
171,0.17100000000000012,ramp,17.1,0.07000542666528725,0.0013190482260944658,1.0069200127531002,0.006920012753100169,0.0012496690040999499,0.06308859801653505,3.498920249814368e-05,-0.06937922199451592,1,2
172,0.17200000000000013,ramp,17.2,0.07022812332682059,0.00022269666153333645,1.006929004585521,0.006929004585521037,0.00021374027232846511,0.06330233828886352,3.526447384628981e-05,-0.008956389204871336,1,2
173,0.17300000000000013,ramp,17.3,0.07155955495740073,0.0013314316305801377,1.0069982869361516,0.006998286936151565,0.001262191072323314,0.06456452936118683,3.55389820213458e-05,-0.06924055825682372,1,2
174,0.17400000000000013,ramp,17.4,0.07178694158141846,0.00022738662401773635,1.0070073813717926,0.007007381371792576,0.00021832818583641722,0.06478285754702325,3.581520318299162e-05,-0.00905843818131913,1,2
175,0.17500000000000013,ramp,17.5,0.07313071728554546,0.0013437757041269982,1.0070765261970114,0.007076526197011379,0.001274673202520812,0.06605753074954406,3.609065716840997e-05,-0.0691025016061862,1,2
176,0.17600000000000013,ramp,17.6,0.07336283333882632,0.00023211605328085638,1.0070857228836925,0.007085722883692469,0.0002229559201999659,0.06628048666974402,3.6367817814077925e-05,-0.009160133080890491,1,2
177,0.17700000000000013,ramp,17.7,0.0747189140377466,0.0013560806989202784,1.0071547307884192,0.007154730788419217,0.0012871156510276393,0.06756760232077166,3.664420742858828e-05,-0.06896504789263912,1,2
178,0.17800000000000013,ramp,17.8,0.07495579873101736,0.0002368846932707669,1.0071640293736266,0.00716402937362659,0.00022762321970096297,0.06779522554047263,3.6922297429766786e-05,-0.009261473569803913,1,2
179,0.17900000000000013,ramp,17.9,0.07632414559681823,0.001368346865800868,1.0072329009586887,0.0072329009586886706,0.0012995186727651035,0.06909474421323773,3.719961268879193e-05,-0.0688281930357644,1,2
180,0.18000000000000013,ramp,18.0,0.07656583788622408,0.0002416922894058482,1.0072423010895788,0.007242301089578795,0.0002323298300331657,0.0693270740432709,3.747862211194341e-05,-0.00936245937268248,1,2
181,0.18100000000000013,ramp,18.1,0.07794641234049624,0.001380574454272157,1.007311036951787,0.007311036951787031,0.0013118825212473202,0.07063895656451823,3.7756853221761936e-05,-0.06869193302483692,1,2
182,0.18200000000000013,ramp,18.2,0.07819295092906191,0.0002465385885656729,1.0073205382753012,0.007320538275301214,0.00023707549829616773,0.0708760320628144,3.803677232258262e-05,-0.009463090269505169,1,2
183,0.18300000000000013,ramp,18.3,0.07958571464156117,0.0013927637124992592,1.0073891390074703,0.007389139007470291,0.001324207448587563,0.07220023951140196,3.831590967473536e-05,-0.06855626391169631,1,2
184,0.18400000000000014,ramp,18.4,0.07983713798064018,0.0002514233390790155,1.0073987411703766,0.007398741170376644,0.00024185997298770145,0.07244209948438966,3.859672889261872e-05,-0.009563366091314031,1,2
185,0.18500000000000014,ramp,18.5,0.08124205286796525,0.0014049148873250678,1.0074672073614177,0.007467207361417705,0.001336493705506451,0.07377859318989612,3.8876763058523836e-05,-0.06842118181861674,1,2
186,0.18600000000000014,ramp,18.6,0.08149839915867635,0.0002563462907110986,1.0074769100103245,0.007476910010324467,0.000246683003996285,0.0740252761938924,3.91584730112658e-05,-0.009663286714813599,1,2
187,0.18700000000000014,ramp,18.7,0.08291542738294023,0.001417028224263886,1.0075452422453366,0.007545242245336592,0.0013487415413391138,0.07537401773523152,3.9439394737054004e-05,-0.06828668292477215,1,2
188,0.18800000000000014,ramp,18.8,0.08317673457760474,0.000261307194664509,1.0075550450267468,0.007555045026746754,0.00025154434259398186,0.0756255620778255,3.9721986215753744e-05,-0.009762852070527165,1,2
189,0.18900000000000014,ramp,18.9,0.08460583854511601,0.0014291039675112666,1.0076232438870418,0.007623243887041831,0.001360951204041423,0.07698651328186693,4.000378641730861e-05,-0.06815276346984347,1,2
190,0.19000000000000014,ramp,19.0,0.08487214434867278,0.00026630580355677114,1.0076331464474269,0.007633146447426853,0.0002564437414298616,0.07724295702329678,4.0287250381470733e-05,-0.009862062126909541,1,2
191,0.19100000000000014,ramp,19.1,0.08631328670862619,0.0014411423599534068,1.0077012125106044,0.007701212510604405,0.0013731229401974668,0.07861607996349425,4.0569920139643655e-05,-0.06801941975593996,1,2
192,0.19200000000000014,ramp,19.2,0.08658462858005116,0.00027134187142496824,1.00771121449644,0.0077112144964399665,0.00026138095452266297,0.07887746091801691,4.0854247712458664e-05,-0.009960916902305267,1,2
193,0.19300000000000014,ramp,19.3,0.08803777222321106,0.0014531436431599043,1.0077791483364071,0.007779148336407138,0.0013852569950270047,0.08026271791304392,4.113777826848166e-05,-0.06788664813289964,1,2
194,0.19400000000000014,ramp,19.4,0.08831418737692065,0.0002764151537095888,1.0077892493942051,0.007789249394205111,0.0002663557372537626,0.08052907365029768,4.142296073229924e-05,-0.010059416455826184,1,2
195,0.19500000000000015,ramp,19.5,0.0897792954343208,0.0014651080574001468,1.0078570515812784,0.007857051581278363,0.0013973536123912892,0.08192642726268898,4.1707343483362865e-05,-0.06775444500885762,1,2
196,0.19600000000000015,ramp,19.6,0.09006082084156392,0.0002815254072431189,1.0078672513576379,0.007867251357637883,0.00027136784635986555,0.08219779510904884,4.199337227531574e-05,-0.010157560883253366,1,2
197,0.19700000000000015,ramp,19.7,0.09153785668321121,0.001477035841647295,1.0079349224585754,0.00793492245857541,0.0014094130348011244,0.08360720814384996,4.227859877031142e-05,-0.06762280684617064,1,2
198,0.19800000000000015,ramp,19.8,0.0918245290734569,0.0002866723902456847,1.0079452206001869,0.007945220600186875,0.000276417039927028,0.08388362518377698,4.2565465478121864e-05,-0.010255350318656709,1,2
199,0.19900000000000015,ramp,19.9,0.09331345630703575,0.0014889272335788517,1.0080127611782586,0.008012761178258554,0.0014214355034235875,0.08530506068720058,4.2851527413541924e-05,-0.06749173015526419,1,2
200,0.20000000000000015,ramp,20.0,0.09360531216935722,0.00029185586232147176,1.0080231573319751,0.008023157331975117,0.0002815030773819107,0.08558656376458249,4.313922377146979e-05,-0.010352784939561033,1,2
201,0.20100000000000015,ramp,20.1,0.09510609463894025,0.0015007824695830313,1.0080905679469518,0.008090567946951843,0.0014334212580886972,0.08701998502267118,4.3426112987460914e-05,-0.06736121149433413,1,2
202,0.20200000000000015,ramp,20.2,0.09540317022337327,0.0002970755844330236,1.0081010617598514,0.008101061759851369,0.0002866257194868326,0.08730661074215801,4.371463087239876e-05,-0.010449864946190998,1,2
203,0.20300000000000015,ramp,20.3,0.09691577200814384,0.0015126017847705703,1.0081683429681363,0.008168342968136288,0.0014453705372960066,0.08875198127945401,4.400233934895199e-05,-0.06723124747456369,1,2
204,0.20400000000000015,ramp,20.4,0.09721810332705821,0.00030233131891437004,1.0081789340874816,0.008178934087481604,0.0002917847283316331,0.08904376600778564,4.42916707766627e-05,-0.010546590582736961,1,2
205,0.20500000000000015,ramp,20.5,0.09874248874003355,0.0015243854129753376,1.008246086442089,0.008246086442089018,0.0014572835782219688,0.09050104958600762,4.458019062994854e-05,-0.06710183475336882,1,2
206,0.20600000000000016,ramp,20.6,0.09905011156948319,0.00030762282944964137,1.0082567745154223,0.008256774515422283,0.0002969798673276688,0.09079802945333529,4.487032775144463e-05,-0.010642962121972584,1,2
207,0.20700000000000016,ramp,20.7,0.10058624515623042,0.0015361335867472292,1.008323798566064,0.008323798566064022,0.0014691606167260595,0.09226719007006134,4.515965123025772e-05,-0.06697297002116973,1,2
208,0.20800000000000016,ramp,20.8,0.10089919503730013,0.0003129498810697101,1.008334583241207,0.00833458324120695,0.0003022109012002664,0.09256940097126161,4.545058632829851e-05,-0.010738979869443714,1,2
209,0.20900000000000016,ramp,20.9,0.102447041574685,0.0015478465373848643,1.0084014795343121,0.00840147953431214,0.0014810018873587572,0.09405040285862036,4.5740705810662404e-05,-0.0668446500261071,1,2
210,0.21000000000000016,ramp,21.0,0.10276535381482231,0.00031831224013731396,1.0084123604594104,0.008412360459410406,0.0003074775959819413,0.0943578804546023,4.603243129636751e-05,-0.010834644155372636,1,2
211,0.21100000000000016,ramp,21.1,0.10432487830974463,0.001559524494922318,1.008479129538173,0.00847912953817298,0.001492807623366703,0.09585068807796901,4.6323339286223035e-05,-0.06671687155561509,1,2
212,0.21200000000000016,ramp,21.2,0.104648587984096,0.00032370967435137177,1.0084901063617144,0.008490106361714433,0.0003127797190067432,0.09616346779697575,4.6615847695822025e-05,-0.010929955344628563,1,2
213,0.21300000000000016,ramp,21.3,0.10621975567222736,0.0015711676881313558,1.0085567487661606,0.008556748766160638,0.0015045780567008082,0.09766804585367656,4.69075368198528e-05,-0.06658963143054754,1,2
214,0.21400000000000016,ramp,21.4,0.10654889762495363,0.0003291419527262779,1.0085678211370017,0.008567821137001719,0.0003181170389021095,0.09798616289257867,4.7200820811537014e-05,-0.011024913824168403,1,2
215,0.21500000000000016,ramp,21.5,0.10813167396949497,0.001582776344541334,1.0086343374040003,0.008634337404000325,0.0015163134180218158,0.09950247631060048,4.749328381608668e-05,-0.06646292651951821,1,2
216,0.21600000000000016,ramp,21.6,0.10846628281509137,0.0003346088455963986,1.0086455049714023,0.008645504971402262,0.0003234893255834148,0.0998259656361839,4.7787336166960244e-05,-0.011119520012983764,1,2
217,0.21700000000000016,ramp,21.7,0.11006063350552799,0.001594350690436619,1.0087118956346972,0.008711895634697209,0.0015280139367075955,0.1013539795728915,4.808056591506374e-05,-0.06633675372902338,1,2
218,0.21800000000000017,ramp,21.8,0.11040074363011991,0.0003401101245919247,1.0087231580483549,0.008723158048354884,0.00032889635024606394,0.10168287592313756,4.837537951821582e-05,-0.01121377434586075,1,2
219,0.21900000000000017,ramp,21.9,0.11200663458098306,0.0016058909508631508,1.008789423638629,0.008789423638629001,0.0015396798408594823,0.10322255576399704,4.8669368986729996e-05,-0.06621111000366854,1,2
220,0.22000000000000017,ramp,22.0,0.11235228014363302,0.00034564556264995994,1.0088007805486732,0.00880078054867317,0.00033433788536086647,0.10355689364935791,4.896493684838069e-05,-0.011307677289093467,1,2
221,0.22100000000000017,ramp,22.1,0.11396967749325979,0.0016173973496267646,1.0088669215935988,0.008866921593598809,0.0015513113573085004,0.10510820500666641,4.9259679125219714e-05,-0.06608599231826424,1,2
222,0.22200000000000017,ramp,22.2,0.11432089242726051,0.00035121493400072645,1.008878372650646,0.00887837265064606,0.00033981370466525356,0.10544801871133166,4.9555994361974476e-05,-0.011401229335472888,1,2
223,0.22300000000000017,ramp,22.3,0.11594976253657469,0.0016288701093141733,1.0089443896748442,0.008944389674844233,0.001562908711622945,0.10701092742295461,4.985148264340441e-05,-0.06596139769122827,1,2
224,0.22400000000000017,ramp,22.4,0.11630658055071824,0.0003568180141435562,1.008955934529994,0.008955934529994103,0.0003453235831578002,0.1073562510061124,5.014853847961421e-05,-0.011494430985756003,1,2
225,0.22500000000000017,ramp,22.5,0.11794689000200925,0.001640309451291011,1.0090218280551733,0.009021828055173264,0.0015744721281139525,0.10893072313422636,5.0444766067667825e-05,-0.06583732317705848,1,2
226,0.22600000000000017,ramp,22.6,0.11830934458188035,0.00036245457987109375,1.0090334663600702,0.009033466360070186,0.0003508672970917845,0.10928159043131815,5.0742555832837564e-05,-0.011587282779309269,1,2
227,0.22700000000000017,ramp,22.7,0.11996106017757296,0.0016517155956926183,1.0090992369049723,0.009099236904972274,0.0015860018298421382,0.11086759226116029,5.103951613280538e-05,-0.06571376585048005,1,2
228,0.22800000000000017,ramp,22.8,0.12032918458680843,0.0003681244092354624,1.0091109683117725,0.009110968311772494,0.0003564446239683798,0.11122403688512866,5.133803325911994e-05,-0.011679785267082595,1,2
229,0.22900000000000018,ramp,22.9,0.12199227334827095,0.001663088761462525,1.0091766163922569,0.009176616392256864,0.0015974980386248786,0.11282153492375355,5.1635719777115104e-05,-0.06559072283764643,1,2
230,0.23000000000000018,ramp,23.0,0.12236610062981605,0.0003738272815450999,1.009188440553679,0.009188440553679067,0.00036205534253051227,0.11318359026628406,5.193495779701768e-05,-0.011771939014587651,1,2
231,0.23100000000000018,ramp,23.1,0.12404052979614384,0.00167442916632779,1.0092539666827576,0.009253966682757575,0.0016089609750409772,0.11479255124132504,5.22333641376193e-05,-0.06546819128681272,1,2
232,0.23200000000000018,ramp,23.2,0.12442009277351339,0.00037956297736954636,1.0092658832521113,0.009265883252111307,0.0003676992327556972,0.11516025047408074,5.2533316681499424e-05,-0.01186374461384918,1,2
233,0.23300000000000018,ramp,23.3,0.12610582980033275,0.0016857370268193589,1.0093312879399492,0.009331287939949195,0.0016203908584392838,0.11678064133252002,5.283243654547059e-05,-0.06534616838007505,1,2
234,0.23400000000000018,ramp,23.4,0.12649116107885988,0.00038533127852713456,1.0093432965710967,0.009343296571096671,0.0003733760758508712,0.11715401740837089,5.313309733938612e-05,-0.011955202676263375,1,2
235,0.23500000000000018,ramp,23.5,0.1281881736371281,0.0016970125582682072,1.0094085803250696,0.009408580325069638,0.0016317879069429606,0.11878580531531385,5.3432924521476824e-05,-0.06522465132524657,1,2
236,0.23600000000000018,ramp,23.6,0.12857930560519587,0.0003911319680677816,1.009420680672549,0.009420680672548976,0.00037908565424538446,0.11916489096955923,5.3734287384974004e-05,-0.012046313822397145,1,2
237,0.23700000000000018,ramp,23.7,0.13028756158002552,0.0017082559748296533,1.0094858439972332,0.009485843997233179,0.001643152337456707,0.12080804330701594,5.403481577176629e-05,-0.06510363737294625,1,2
238,0.23800000000000018,ramp,23.8,0.13068452641030628,0.00039696483028076046,1.009498035716161,0.009498035716160924,0.00038482775158437576,0.12119287105860033,5.43368746157609e-05,-0.012137078696384704,1,2
239,0.23900000000000018,ramp,23.9,0.13240399389976648,0.001719467489460197,1.0095630791134138,0.009563079113413808,0.001654484365673814,0.12284735542427414,5.463809818360736e-05,-0.06498312378638285,1,2
240,0.24000000000000019,ramp,24.0,0.13280682355044687,0.0004028296506803919,1.0095753618595913,0.009575361859591291,0.0003906021527226875,0.12323795757699682,5.494084700832254e-05,-0.012227497957704385,1,2
241,0.2410000000000002,ramp,24.1,0.13453747086440063,0.0017306473139537537,1.0096402858285587,0.009640285828558692,0.0016657842060813248,0.12490374178307814,5.524275982132285e-05,-0.06486310787242894,1,2
242,0.2420000000000002,ramp,24.2,0.134946197080396,0.0004087262159953864,1.0096526592584163,0.009652659258416296,0.0003964086437183937,0.12530015042679654,5.55461927143028e-05,-0.012317572276992692,1,2
243,0.2430000000000002,ramp,24.3,0.13668799273931892,0.0017417956589229067,1.009717464295566,0.00971746429556597,0.0016770520719667074,0.12697720249876324,5.58487889223642e-05,-0.06474358695619928,1,2
244,0.2440000000000002,ramp,24.4,0.1371026470534902,0.0004146543141712866,1.0097299280662162,0.009729928066216198,0.0004022470118278517,0.12737944951059108,5.6152900056538056e-05,-0.012407302343434934,1,2
245,0.2450000000000002,ramp,24.5,0.1388555597873025,0.001752912733812284,1.0097946146653354,0.009794614665335377,0.001688288175422843,0.12906773768601393,5.645617389347864e-05,-0.06462455838944113,1,2
246,0.2460000000000002,ramp,24.6,0.1392761735216617,0.0004206137343591987,1.0098071684346008,0.009807168434600833,0.00040811704549896847,0.1294758547315129,5.676095752527998e-05,-0.012496688860230221,1,2
247,0.2470000000000002,ramp,24.7,0.14104017226857957,0.0017639987469178775,1.009871737086868,0.009871737086867949,0.001699492727355829,0.13117534745886875,5.706490330699074e-05,-0.06450601956204857,1,2
248,0.2480000000000002,ramp,24.8,0.14146677653548384,0.00042660426690427355,1.0098843805132511,0.009884380513251134,0.0004140185343635031,0.13158936599323226,5.7370353774550603e-05,-0.012585732540770464,1,2
249,0.2490000000000002,ramp,24.9,0.14324183044085204,0.0017750539053681957,1.0099488317072385,0.009948831707238481,0.0017106659374914964,0.13330003193072376,5.7674965897221333e-05,-0.06438796787669931,1,2
250,0.25000000000000017,ramp,25.0,0.14367445614419672,0.0004326257033446801,1.0099615644499764,0.009961564449976423,0.0004199512692316691,0.13371998319995543,5.7981077618582195e-05,-0.012674434113011009,1,2
251,0.25100000000000017,ramp,25.1,0.14546053455934857,0.0017860784151518538,1.0100258986716708,0.010025898671670808,0.0017218080143804762,0.13544179121433592,5.82863505569705e-05,-0.06427040077137762,1,2
252,0.25200000000000017,ramp,25.2,0.14589921239575532,0.00043867783640674785,1.0100387203907142,0.010038720390714184,0.00042591504208640204,0.1358677062564223,5.8593118028391564e-05,-0.01276279432034581,1,2
253,0.25300000000000017,ramp,25.3,0.14769628487686137,0.0017970724811060546,1.0101029381235518,0.010102938123551786,0.0017329191654038526,0.13760062542182616,5.889904633413924e-05,-0.06415331570220197,1,2
254,0.25400000000000017,ramp,25.4,0.14814104533685543,0.0004447604599940591,1.0101158484796042,0.010115848479604228,0.0004319096460786428,0.1380325350679048,5.920646412841967e-05,-0.012850813915416306,1,2
255,0.25500000000000017,ramp,25.5,0.14994908164378504,0.0018080363069296057,1.0101799502045041,0.010179950204504129,0.0017439995967792768,0.1397765346646841,5.951304242842736e-05,-0.0640367101503289,1,2
256,0.25600000000000017,ramp,25.6,0.1503999550129649,0.00045087336917987164,1.0101929488590278,0.010192948859027773,0.00043793487551930095,0.1402144695402034,5.982110519328781e-05,-0.01293849366057069,1,2
257,0.2570000000000002,ramp,25.7,0.1522189251081605,0.0018189700951956045,1.0102569350543815,0.010256935054381522,0.0017550495135682462,0.14196951905377164,6.012832818812963e-05,-0.06392058162735834,1,2
258,0.2580000000000002,ramp,25.8,0.15267594146836982,0.00045701636020931136,1.0102700216695994,0.01027002166959945,0.00044399052587308613,0.14241350957964471,6.043703064465736e-05,-0.013025834336225221,1,2
259,0.2590000000000002,ramp,25.9,0.15450581551570727,0.0018298740473374486,1.0103338928113252,0.01033389281132524,0.001766069119681171,0.14417957869932588,6.07448931070397e-05,-0.06380492765627774,1,2
260,0.2600000000000002,ramp,26.0,0.15496900474618747,0.0004631892304801932,1.0103470670502273,0.010347067050227254,0.00045007639375419645,0.14462965509308007,6.105423004814132e-05,-0.013112836725996776,1,2
261,0.2610000000000002,ramp,26.1,0.15680975310986978,0.0018407483636823097,1.0104108236118055,0.010410823611805453,0.0017770586178838625,0.14640671371096392,6.136272682142108e-05,-0.0636897457984471,1,2
262,0.2620000000000002,ramp,26.2,0.15727914488841047,0.0004693917785406898,1.010424085138181,0.010424085138180939,0.000456192276918717,0.14686290598788262,6.167269311034294e-05,-0.013199501621972835,1,2
263,0.2630000000000002,ramp,26.3,0.15913073813183964,0.0018515932434291782,1.010487727590636,0.010487727590636098,0.0017880182098021023,0.14865092419768472,6.198181910705288e-05,-0.06357503362707591,1,2
264,0.2640000000000002,ramp,26.4,0.15960636193593336,0.00047562380409371663,1.0105010760690443,0.010501076069044268,0.0004623379742600723,0.1491132621719448,6.229240967595242e-05,-0.013285829833644324,1,2
265,0.2650000000000002,ramp,26.5,0.16146877082060634,0.0018624088846729836,1.0105646048810033,0.010564604881003303,0.0017989480959297646,0.15091221026787455,6.26021598764074e-05,-0.06346078874321895,1,2
266,0.2660000000000002,ramp,26.6,0.16195065592857535,0.0004818851079690101,1.0105780399768352,0.010578039976835152,0.0004685132858016034,0.15138072355367616,6.291336972493925e-05,-0.01337182216740667,1,2
267,0.2670000000000002,ramp,26.7,0.163823851412967,0.001873195484391632,1.0106414556145282,0.010641455614528228,0.0018098484756322434,0.1531905720293084,6.32237391758503e-05,-0.06334700875938867,1,2
268,0.2680000000000002,ramp,26.8,0.16431202690512656,0.00048817549215957046,1.010654976993983,0.01065497699398299,0.0004747180126931588,0.15366529004200155,6.353556336980477e-05,-0.013457479466411645,1,2
269,0.2690000000000002,ramp,26.9,0.16619598014359516,0.0018839532384685997,1.0107182799212577,0.010718279921257734,0.001820719547154219,0.15548600958915576,6.384654718294803e-05,-0.06323369131438074,1,2
270,0.2700000000000002,ramp,27.0,0.16669047490334507,0.0004944947597499139,1.0107318872513409,0.010731887251340888,0.0004809519572015897,0.15596696154635736,6.415898085291995e-05,-0.013542802548324143,1,2
271,0.2710000000000002,ramp,27.1,0.16858515724504977,0.001894682341704701,1.0107950779297126,0.010795077929712571,0.0018315615076255293,0.1577985230539829,6.447057420384331e-05,-0.06312083407917167,1,2
272,0.2720000000000002,ramp,27.2,0.16908599996001167,0.0005008427149618966,1.0108087708782807,0.010808770878280693,0.00048721492270768806,0.1582857379766906,6.47836125439447e-05,-0.013627792254208522,1,2
273,0.2730000000000002,ramp,27.3,0.1709913829478071,0.0019053829877954398,1.010871849766929,0.010871849766928898,0.0018423745530648445,0.16012811252975545,6.509581067068196e-05,-0.06300843473059531,1,2
274,0.2740000000000002,ramp,27.4,0.17149860211094578,0.0005072191631386724,1.0108856280026606,0.010885628002660575,0.0004935067137008099,0.16062161924345625,6.540944893729532e-05,-0.013712449437862503,1,2
275,0.2750000000000002,ramp,27.5,0.17341465748030063,0.001916055369354852,1.0109485955584587,0.010948595558458729,0.001853158878386647,0.16247477812184288,6.572224713916572e-05,-0.06289649096820511,1,2
276,0.2760000000000002,ramp,27.6,0.1739282813910204,0.0005136239107197682,1.0109624587508812,0.010962458750881199,0.0004998271357721641,0.16297460525761504,6.603648064970111e-05,-0.013796774947604082,1,2
277,0.2770000000000002,ramp,27.7,0.17585498106894018,0.0019266996779197798,1.011025315428408,0.0110253154284079,0.0018639146774074937,0.16483851993502252,6.634987428607593e-05,-0.06278500051228605,1,2
278,0.2780000000000002,ramp,27.8,0.17637503783420272,0.0005200567652625387,1.011039263247928,0.011039263247927922,0.0005061759956069056,0.16534469593062942,6.666469841780468e-05,-0.01388076965563314,1,2
279,0.2790000000000002,ramp,27.9,0.1783123539381654,0.001937316103962694,1.0111020094995007,0.011102009499500687,0.0018746421428525283,0.16721933807348194,6.697868290697622e-05,-0.0626739611101657,1,2
280,0.2800000000000002,ramp,28.0,0.1788388714735683,0.0005265175354028928,1.0111160416173484,0.01111604161734836,0.000512553100982422,0.16773189117446435,6.729409309584989e-05,-0.013964434420470831,1,2
281,0.2810000000000002,ramp,28.1,0.18078677631044232,0.0019479048368740148,1.011178677893017,0.011178677893016964,0.0018853414663575596,0.1696172326408219,6.760866391386757e-05,-0.06256337051645526,1,2
282,0.2820000000000002,ramp,28.2,0.18131978457316034,0.0005330082627180155,1.0111927940614158,0.011192794061415823,0.0005189604108958217,0.17013619305171773,6.79246589139301e-05,-0.014047851822193832,1,2
283,0.2830000000000002,ramp,28.3,0.18327824617186642,0.0019584615987060794,1.0112553206538022,0.011255320653802192,0.0018960085273980077,0.17203220157911575,6.823980841851992e-05,-0.06245307130807172,1,2
284,0.2840000000000002,ramp,28.4,0.18381777497087412,0.0005395287990077047,1.011269520620832,0.011269520620831974,0.0005253977844387207,0.17255759936355447,6.855638050983019e-05,-0.01413101456898395,1,2
285,0.2850000000000002,ramp,28.5,0.18578676593689428,0.0019689909660201566,1.011331937975266,0.011331937975266104,0.0019066477498432817,0.17446424711339775,6.887210749653038e-05,-0.06234321617687487,1,2
286,0.2860000000000002,ramp,28.6,0.186332842697615,0.0005460767607207151,1.0113462214154574,0.01134622141545738,0.0005318629100311667,0.1749961100234289,6.918925234661225e-05,-0.014213850689548434,1,2
287,0.2870000000000002,ramp,28.7,0.18831233582245605,0.001979493124841053,1.0114085299748627,0.011408529974862747,0.001917259322068464,0.17691336934549737,6.950555247239859e-05,-0.062233802772588935,1,2
288,0.2880000000000002,ramp,28.8,0.18886498778325422,0.0005526519607981784,1.0114228965635395,0.011422896563539453,0.000538355599812902,0.17745172494531028,6.98232657428231e-05,-0.014296360985276407,1,2
289,0.2890000000000002,ramp,28.9,0.19085495604350017,0.0019899682602459445,1.0114850967686773,0.011485096768677261,0.0019278434313678438,0.17937956837667812,7.01401347012743e-05,-0.062124828878100696,1,2
290,0.2900000000000002,ramp,29.0,0.19141421025678798,0.0005592542132878131,1.0114995461819956,0.011499546181995557,0.0005448756669789463,0.17992444404365707,7.045841210016696e-05,-0.014378546308866855,1,2
291,0.2910000000000002,ramp,29.1,0.19341462681311195,0.002000416556323964,1.0115616384714026,0.011561638471402569,0.0019384002639810185,0.18186284430763808,7.077584563458326e-05,-0.06201629234294545,1,2
292,0.2920000000000002,ramp,29.2,0.19398051014643858,0.0005658833333266333,1.0115761703864339,0.011576170386433882,0.0005514229257744751,0.18241426723341256,7.109468292112768e-05,-0.014460407552158248,1,2
293,0.2930000000000002,ramp,29.3,0.1959913483425551,0.0020108381961165267,1.0116381551965252,0.011638155196525224,0.0019489300050998695,0.18436319723851244,7.141267682584552e-05,-0.06190819101665719,1,2
294,0.2940000000000002,ramp,29.4,0.19656388747964482,0.0005725391370897115,1.0116527692911839,0.011652769291183862,0.0005579971914889999,0.18492119443000143,7.17320698105956e-05,-0.014541945600711632,1,2
295,0.2950000000000002,ramp,29.5,0.19858512084131796,0.002021233361673147,1.0117146470562772,0.011714647056277228,0.001959432838873344,0.18688062726887478,7.205061993085825e-05,-0.06180052279980289,1,2
296,0.2960000000000002,ramp,29.6,0.1991643422831256,0.0005792214418076369,1.0117293430093695,0.011729343009369453,0.000564598280453503,0.18744522554932827,7.237056447529816e-05,-0.014623161354133897,1,2
297,0.2970000000000002,ramp,29.7,0.20119594451713518,0.002031602234009583,1.0117911141616405,0.01179111416164047,0.001969908948413307,0.18941513449774158,7.268966670665203e-05,-0.06169328559627604,1,2
298,0.2980000000000002,ramp,29.8,0.20178187458289848,0.000585930065763296,1.0118058916529178,0.011805891652917788,0.0005712260100327819,0.18998636050777437,7.30101587224992e-05,-0.014704055730514103,1,2
299,0.2990000000000002,ramp,29.9,0.20382381957603052,0.002041944993132039,1.0118675566224853,0.011867556622485287,0.00198035851580043,0.1919667190235748,7.332980900997589e-05,-0.061586477331608894,1,2
300,0.3000000000000002,ramp,30.0,0.2044164844042913,0.000592664828260786,1.0118824153325563,0.011882415332556295,0.0005778801986217784,0.19254459922219658,7.365084445828122e-05,-0.014784629639007597,1,2
301,0.3010000000000002,ramp,30.1,0.20646874622232103,0.002052261818029727,1.0119439745474677,0.01194397454746765,0.00199078172208759,0.19453538094428416,7.39710387955131e-05,-0.06148009594213709,1,2
302,0.3020000000000002,ramp,30.2,0.20706817177195322,0.0005994255496321876,1.0119589141578889,0.011958914157888856,0.0005845606656390795,0.19511994160992324,7.429261368574011e-05,-0.014864883993108164,1,2
303,0.3030000000000002,ramp,30.3,0.20913072465865606,0.0020625528867028453,1.0120203680441355,0.012020368044135532,0.002001178747308366,0.19712112035723162,7.461334811401049e-05,-0.06137413939447935,1,2
304,0.3040000000000002,ramp,30.4,0.20973693670990584,0.0006062120512497771,1.0120353882373323,0.0120353882373323,0.0005912672315228004,0.19771238758875442,7.493545850308793e-05,-0.014944819726976644,1,2
305,0.3050000000000002,ramp,30.5,0.2118097550860398,0.0020728183761339614,1.012096737218879,0.012096737218878939,0.0020115497704799637,0.19972393735923438,7.525672911041581e-05,-0.06126860565399761,1,2
306,0.3060000000000002,ramp,30.6,0.212422779241517,0.0006130241554772042,1.012111837678232,0.012111837678232096,0.0005979997177229221,0.2003219370769573,7.557937110182341e-05,-0.015024437754282133,1,2
307,0.3070000000000002,ramp,30.7,0.21450583770383452,0.0020830584623175163,1.0121730821770027,0.012173082177002748,0.0020218949696077684,0.2023438320465651,7.590117402204187e-05,-0.06116349270974793,1,2
308,0.3080000000000002,ramp,30.8,0.2151256993895546,0.0006198616857200634,1.0121882625868075,0.012188262586807497,0.0006047579467016058,0.2029485899932667,7.62243437649225e-05,-0.015103739018457575,1,2
309,0.3090000000000002,ramp,30.9,0.21721897270980536,0.002093273320250777,1.012249403022744,0.012249403022744021,0.002032214521692134,0.20498080451495884,7.654667517682563e-05,-0.06105879855864294,1,2
310,0.3100000000000002,ramp,31.0,0.21784569717616775,0.0006267244663623883,1.0122646630682337,0.012264663068233705,0.0006115417419211668,0.20559234625688,7.687036886509473e-05,-0.015182724441221507,1,2
311,0.3110000000000002,ramp,31.1,0.219949160300133,0.0021034631239652546,1.0123256998592558,0.012325699859255801,0.002042508602734502,0.2076348548596145,7.719322499157824e-05,-0.06095452123075278,1,2
312,0.3120000000000002,ramp,31.2,0.22058277262292875,0.0006336123227957402,1.0123410392265648,0.01234103922656482,0.0006183509278416722,0.20825320578745618,7.751743886311223e-05,-0.01526139495406796,1,2
313,0.3130000000000002,ramp,31.3,0.22269640066940802,0.002113628046479271,1.0124019727886446,0.012401972788644633,0.0020527773877404023,0.21030598317519658,7.784081597036835e-05,-0.060850658738868885,1,2
314,0.3140000000000002,ramp,31.4,0.22333692575083852,0.0006405250814305041,1.012417391164847,0.01241739116484708,0.0006251853299185228,0.2109311685051151,7.816554630619227e-05,-0.01533975151198129,1,2
315,0.3150000000000002,ramp,31.5,0.2254606940106959,0.0021237682598573837,1.0124782219119826,0.012478221911982557,0.002063021050723808,0.2129941895558389,7.848944070290757e-05,-0.06074720913357579,1,2
316,0.3160000000000002,ramp,31.6,0.2261081565803268,0.0006474625696308856,1.0124937189850642,0.01249371898506424,0.0006320447745946453,0.21362623433043354,7.881468382641937e-05,-0.015417795036240283,1,2
317,0.3170000000000002,ramp,31.7,0.22824204051552494,0.0021338839351981442,1.0125544473293078,0.012554447329307772,0.0020732397647159418,0.21569947409514947,7.913909186302312e-05,-0.06064417048220246,1,2
318,0.3180000000000002,ramp,31.8,0.22889646513129663,0.0006544246157716982,1.0125700227882484,0.01257002278824837,0.000638929089293547,0.21633840318444303,7.946484413922629e-05,-0.015495526478151141,1,2
319,0.31900000000000023,ramp,31.9,0.2310404403739124,0.0021439752426157532,1.012630649139697,0.012630649139697026,0.002083433701767235,0.21842183688621025,7.978976220715658e-05,-0.060541540848518205,1,2
320,0.32000000000000023,ramp,32.0,0.23170185142310964,0.000661411049197258,1.0126463026743455,0.012646302674345522,0.0006458381024181722,0.21906767498862842,8.011602004193262e-05,-0.015572946779085842,1,2
321,0.32100000000000023,ramp,32.1,0.23385589377437985,0.0021540423512702023,1.0127068274412052,0.012706827441205215,0.002093603032953876,0.2211612780215823,8.044144457291337e-05,-0.06043931831632623,1,2
322,0.32200000000000023,ramp,32.2,0.23452431547461944,0.0006684217002395909,1.012722558742391,0.012722558742390921,0.0006527716433434122,0.2218140496649257,8.076820441232296e-05,-0.015650056896178714,1,2
323,0.32300000000000023,ramp,32.3,0.2366884009039806,0.0021640854293611678,1.0127829823309356,0.012782982330935555,0.0021037479283814073,0.22391779759330713,8.10941318776598e-05,-0.06033750097976043,1,2
324,0.32400000000000023,ramp,32.4,0.23736385730416273,0.0006754564001821284,1.0127987910904157,0.012798791090415707,0.0006597295424129271,0.22457752713572005,8.142139020724056e-05,-0.01572685776920124,1,2
325,0.32500000000000023,ramp,32.5,0.23953796194831836,0.0021741046441556278,1.012859113905031,0.012859113905030917,0.0021138685571905976,0.22669139569291064,8.174781711715617e-05,-0.060236086965030196,1,2
326,0.32600000000000023,ramp,32.6,0.24022047692959259,0.0006825149812742237,1.012874999815528,0.012874999815527977,0.0006667116309315019,0.22735810732384215,8.207557046124168e-05,-0.015803350342721845,1,2
327,0.32700000000000023,ramp,32.7,0.24240457709154292,0.0021841001619503364,1.0129352222586974,0.012935222258697365,0.0021239650875638895,0.22948207241140603,8.240249336421546e-05,-0.06013507438644688,1,2
328,0.32800000000000024,ramp,32.8,0.24309417436828581,0.0006895972767428926,1.0129511850138384,0.012951185013838407,0.0006737177411620156,0.23015579015256804,8.273073828529662e-05,-0.015879535580877065,1,2
329,0.32900000000000024,ramp,32.9,0.24528824651639744,0.0021940721481116254,1.0130113074862077,0.013011307486207713,0.002134037686728746,0.23228982783929678,8.305815376740509e-05,-0.06003446138287943,1,2
330,0.33000000000000024,ramp,33.0,0.24598494963714673,0.0006967031207492924,1.0130273467806,0.013027346780599913,0.0006807477063188568,0.23297057554561562,8.338688686549102e-05,-0.015955414430435612,1,2
331,0.33100000000000024,ramp,33.1,0.24818897040421095,0.0022040207670642187,1.0130873696809515,0.013087369680951477,0.002144086520960441,0.23511466206657605,8.371479154980174e-05,-0.05993424610377775,1,2
332,0.33200000000000024,ramp,33.2,0.24889280275263706,0.0007038323484261089,1.013103485210139,0.013103485210139043,0.0006878013605678948,0.23580246342714395,8.40440094617765e-05,-0.01603098785821406,1,2
333,0.33300000000000024,ramp,33.3,0.25110674893493506,0.0022139461822980044,1.01316340893539,0.01316340893539003,0.0021541117555920948,0.23795657518273605,8.437240000772899e-05,-0.05983442670590968,1,2
334,0.33400000000000024,ramp,33.4,0.25181773373075444,0.0007109847958193805,1.013179600395853,0.013179600395853086,0.0006948785390126381,0.2386514537217487,8.47020994067643e-05,-0.016106256806742318,1,2
335,0.33500000000000024,ramp,33.5,0.25404158228714707,0.002223848556392627,1.0132394253411015,0.013239425341101452,0.0021641135550159313,0.24081556727676462,8.50309725095729e-05,-0.05973500137669563,1,2
336,0.33600000000000024,ramp,33.6,0.25475974258708417,0.0007181602999370984,1.0132556924303087,0.013255692430308663,0.0007019790776981257,0.24151754635446274,8.536115010452481e-05,-0.016181222238972653,1,2
337,0.33700000000000024,ramp,33.7,0.2569934706380653,0.002233728050981154,1.0133154189888263,0.013315418988826266,0.0021740920826881587,0.2436916384371509,8.569050249459243e-05,-0.05963596829299542,1,2
338,0.33800000000000024,ramp,33.8,0.25771882933678114,0.0007253586987158167,1.0133317614051762,0.013331761405176223,0.0007091028136014952,0.2444007412507524,8.6021155029429e-05,-0.01625588511432153,1,2
339,0.33900000000000025,ramp,33.9,0.25996241416357563,0.002243584826794487,1.0133913899684224,0.013391389968422374,0.00218404750113596,0.24658478875188836,8.63509834717894e-05,-0.05953732565852675,1,2
340,0.34000000000000025,ramp,34.0,0.2606949939945985,0.0007325798310228726,1.0134078074112671,0.013407807411267125,0.0007162495846276904,0.24730103833651604,8.668210772500323e-05,-0.0163302463951822,1,2
341,0.34100000000000025,ramp,34.1,0.26294841303822614,0.002253419043627636,1.0134673383689297,0.01346733836892966,0.0021939799719591633,0.2494950183084752,8.701240901875356e-05,-0.059439071668472475,1,2
342,0.34200000000000025,ramp,34.2,0.2636882365748784,0.000739823536652251,1.0134838305385558,0.013483830538555841,0.0007234192296064182,0.2502184375380816,8.734400180283494e-05,-0.016404307045832796,1,2
343,0.34300000000000025,ramp,34.3,0.2659514674352821,0.0022632308604036977,1.0135432642785103,0.01354326427851027,0.0022038896558381226,0.2524223271939197,8.767477278059048e-05,-0.05934120456557506,1,2
344,0.34400000000000025,ramp,34.4,0.2666985570915823,0.000747089656300215,1.0135598308762013,0.013559830876201273,0.0007306115882845533,0.2531529387822043,8.800683094147948e-05,-0.01647806801566168,1,2
345,0.34500000000000025,ramp,34.5,0.26897157752669315,0.0022730204351108507,1.0136191677845485,0.013619167784548525,0.0022137767125374355,0.2553667154947417,8.833806846884914e-05,-0.05924372257341522,1,2
346,0.34600000000000025,ramp,34.6,0.2697259555582964,0.0007543780316032755,1.013635808512524,0.013635808512524106,0.0007378265013235005,0.2561045419960652,8.867058888539782e-05,-0.016551530279775017,1,2
347,0.34700000000000025,ramp,34.7,0.2720087434831452,0.0022827879248487615,1.0136950489736263,0.013695048973626278,0.0022236413009100384,0.2583281832969752,8.900228986045636e-05,-0.05914662393872311,1,2
348,0.34800000000000025,ramp,34.8,0.27277043198822454,0.0007616885050793498,1.0137117635350452,0.013711763535045218,0.0007450638102929183,0.25907324710726815,8.933526944391103e-05,-0.016624694786431533,1,2
349,0.34900000000000025,ramp,34.9,0.2750629654740388,0.002292533485814263,1.013770907931504,0.01377090793150404,0.0022334835789032067,0.26130673068617133,8.96674307967078e-05,-0.059049906911056486,1,2
350,0.35000000000000026,ramp,35.0,0.2758319863942223,0.0007690209201834941,1.013787696030506,0.013787696030505892,0.0007523233576685741,0.2620590540438399,9.00008664902071e-05,-0.01669756251492004,1,2
351,0.35100000000000026,ramp,35.1,0.27813424366754685,0.0023022572733245594,1.0138467447431767,0.013846744743176709,0.002243303703559711,0.2643023577473996,9.033348518224618e-05,-0.058953569764848626,1,2
352,0.35200000000000026,ramp,35.2,0.278910618788793,0.0007763751212461201,1.0138636060848467,0.013863606084846714,0.0007596049868261902,0.2650619627342258,9.066737396032063e-05,-0.016770134419929875,1,2
353,0.35300000000000026,ramp,35.3,0.28122257823059565,0.00231195944180268,1.0139225594928558,0.013922559492855813,0.002253101831027923,0.2673150645652537,9.100044698408798e-05,-0.05885761077475699,1,2
354,0.35400000000000026,ramp,35.4,0.28200632918409113,0.0007837509534954767,1.0139394937832473,0.013939493783247325,0.0007669085420336375,0.2680819731072874,9.133478585217717e-05,-0.016842411461839193,1,2
355,0.35500000000000026,ramp,35.5,0.28432796932888577,0.0023216401447946344,1.013998352264005,0.013998352264005032,0.0022628781165625095,0.2703448512238499,9.166831023066065e-05,-0.05876202823212493,1,2
356,0.35600000000000026,ramp,35.6,0.28511911759195885,0.0007911482630730826,1.0140153592101184,0.014015359210118428,0.0007742338684536958,0.2711190850923036,9.200309622465146e-05,-0.01691439461938679,1,2
357,0.35700000000000026,ramp,35.7,0.2874504171269156,0.0023312995349567545,1.0140741231393482,0.014074123139348194,0.0022726327145297233,0.2733917178068333,9.233706901086592e-05,-0.05866682042703118,1,2
358,0.35800000000000026,ramp,35.8,0.2882489840238892,0.0007985668969736071,1.0140912024491455,0.014091202449145523,0.0007815808121309415,0.2741732986189642,9.267229919659901e-05,-0.01698608484266553,1,2
359,0.35900000000000026,ramp,35.9,0.2905899217879835,0.0023409377640942752,1.0141498722008337,0.014149872200833746,0.002282365778415156,0.2764556643973794,9.300671747314326e-05,-0.05857198567911937,1,2
360,0.36000000000000026,ramp,36.0,0.29139592849107926,0.000806006703095774,1.0141670235832367,0.014167023583236737,0.0007889492199928314,0.27724461361737224,9.334238894598671e-05,-0.017057483102942642,1,2
361,0.36100000000000027,ramp,36.1,0.293746483474208,0.0023505549831287498,1.0142255995297222,0.014225599529722244,0.002292077460822214,0.27953669107819445,9.367724982458499e-05,-0.05847752230653561,1,2
362,0.36200000000000027,ramp,36.2,0.294559951004412,0.000813467530204004,1.0142428226946154,0.014242822694615409,0.0007963389398434478,0.2803330300180379,9.401335970895951e-05,-0.017128590360556164,1,2
363,0.36300000000000027,ramp,36.3,0.29692010234653377,0.0023601513421217524,1.0143013052065315,0.0143013052065315,0.002301767913482578,0.28263479793152047,9.434866033003029e-05,-0.05838342863917446,1,2
364,0.36400000000000027,ramp,36.4,0.2977410515744687,0.0008209492279349084,1.0143185998647508,0.014318599864750814,0.0008037498203596584,0.2834385477518801,9.468520577900391e-05,-0.017199407575249993,1,2
365,0.36500000000000027,ramp,36.5,0.30011077856474344,0.0023697269902747675,1.0143769893110985,0.014376989311098543,0.0023114372872592324,0.28574998503913934,9.502094331122416e-05,-0.058289703015535106,1,2
366,0.36600000000000027,ramp,36.6,0.3009392302115511,0.0008284516468076708,1.0143943551744155,0.014394355174415452,0.0008111817110826183,0.286561166750222,9.535792150606301e-05,-0.01726993572505255,1,2
367,0.36700000000000027,ramp,36.7,0.3033185122874838,0.002379282075932687,1.0144526519225217,0.014452651922521653,0.002321085732146092,0.28888225248236804,9.569409314594169e-05,-0.05819634378659505,1,2
368,0.36800000000000027,ramp,36.8,0.30415448692566516,0.0008359746381813582,1.0144700887037164,0.014470088703716355,0.0008186344624225085,0.28970088694479057,9.603150129569966e-05,-0.01734017575884966,1,2
369,0.36900000000000027,ramp,36.9,0.30654330367225757,0.002388816746592415,1.0145282931192408,0.014528293119240754,0.0023307133972805282,0.2920316003420711,9.636810426719547e-05,-0.05810334931188659,1,2
370,0.3700000000000003,ramp,37.0,0.3073868217265549,0.000843518054297332,1.014545800532018,0.014545800532018038,0.0008261079256422016,0.2928577082677133,9.670593960828528e-05,-0.017410128655130315,1,2
371,0.3710000000000003,ramp,37.1,0.30978515287546565,0.0023983311489107484,1.0146039129790256,0.014603912979025635,0.0023403204309410375,0.2951980286986543,9.70429711623659e-05,-0.05801071796971086,1,2
372,0.3720000000000003,ramp,37.2,0.3106362346236776,0.0008510817482119681,1.0146214907380564,0.014621490738056409,0.0008336019528630462,0.29603163065151733,9.73812309581875e-05,-0.017479795348921964,1,2
373,0.3730000000000003,ramp,37.3,0.31304406005237184,0.0024078254286942213,1.014679511578943,0.014679511578943094,0.002349906980556284,0.2983815376320736,9.77186883724517e-05,-0.057918448137937464,1,2
374,0.3740000000000003,ramp,37.4,0.31390272562625593,0.0008586655738840876,1.0146971593998522,0.014697159399852167,0.0008411163970532516,0.29922265402912684,9.805736991297998e-05,-0.01754917683083595,1,2
375,0.3750000000000003,ramp,37.5,0.31632002535715337,0.0024172997308974375,1.0147550889954282,0.014755088995428212,0.002359473192705793,0.30158212722183264,9.839525049126791e-05,-0.05782653819164443,1,2
376,0.3760000000000003,ramp,37.6,0.3171862947432342,0.0008662693860808091,1.0147728065947934,0.014772806594793408,0.0008486511120289558,0.3024307783338616,9.873435109265681e-05,-0.017618274051853212,1,2
377,0.3770000000000003,ramp,37.7,0.3196130489429094,0.0024267541996751962,1.0148306453042892,0.014830645304289236,0.0023690192131281705,0.30479979754698977,9.907265216466899e-05,-0.05773498654702575,1,2
378,0.3780000000000003,ramp,37.8,0.3204869419833282,0.0008738930404188494,1.0148484323996265,0.014848432399626521,0.0008562059524427319,0.3056560034994325,9.941216916889018e-05,-0.017687087976117555,1,2
379,0.3790000000000003,ramp,37.9,0.32292313096165437,0.002436188978326148,1.014906180580621,0.014906180580620987,0.0023785451867240734,0.3080345486861566,9.975088808982291e-05,-0.0576437916020747,1,2
380,0.3800000000000003,ramp,38.0,0.32380466735499885,0.0008815363933444842,1.0149240368904338,0.014924036890433756,0.0008637807737885042,0.3088983294599451,0.00010009081886427928,-0.017755619555980026,1,2
381,0.3810000000000003,ramp,38.1,0.326250271564341,0.002445604209342145,1.0149816948989365,0.014981694898936526,0.0023880512575576935,0.3112863807175028,0.00010042995301443986,-0.05755295178445138,1,2
382,0.3820000000000003,ramp,38.2,0.3271394708664802,0.0008891993021392097,1.0149996201426694,0.014999620142669423,0.0008713754323880132,0.31215775614989083,0.00010077029495162153,-0.017823869751196555,1,2
383,0.3830000000000003,ramp,38.3,0.32959447090086125,0.0024550000343810385,1.0150571883331159,0.015057188333115867,0.0023975375688655006,0.31455529371875635,0.00010110984173608605,-0.05746246551553789,1,2
384,0.3840000000000003,ramp,38.4,0.3304913525257832,0.0008968816249219635,1.0150751822311639,0.015075182231163886,0.00087898978539602,0.31543428350415237,0.00010145059225319097,-0.017891839525943577,1,2
385,0.3850000000000003,ramp,38.5,0.3329557291200743,0.0024643765942911067,1.015132660956429,0.015132660956429067,0.0024070042630563574,0.3178412877672087,0.00010179054910144462,-0.05737233123474924,1,2
386,0.3860000000000003,ramp,38.6,0.3338603123406959,0.0009045832206215909,1.0151507232301489,0.015150723230148877,0.0008866236907861137,0.31872791145799484,0.00010213170564003026,-0.01795952983547726,1,2
387,0.3870000000000003,ramp,38.7,0.33633404636979347,0.002473734029097563,1.015208112841528,0.01520811284152801,0.0024164514817184546,0.32114436293971327,0.00010247207000563301,-0.05728254737910826,1,2
388,0.3880000000000003,ramp,38.8,0.33724635031878125,0.0009123039489877804,1.0152262432131978,0.015226243213197765,0.0008942770073551063,0.3220386399470684,0.00010281363003129716,-0.018026941632674157,1,2
389,0.3890000000000003,ramp,38.9,0.3397294227968224,0.0024830724780411373,1.015283544060451,0.01528354406045107,0.002425879365625805,0.3244645193126942,0.0001031543993915213,-0.057193112415332335,1,2
390,0.3900000000000003,ramp,39.0,0.34064946646741306,0.0009200436705906756,1.0153017422533481,0.015301742253348127,0.0009019495947078713,0.32536646890740206,0.00010349636039352622,-0.018094075882804345,1,2
391,0.3910000000000003,ramp,39.1,0.34314185854695234,0.002492392079539274,1.0153589546846757,0.01535895468467574,0.0024352880547409603,0.32780175696214303,0.00010383753224906079,-0.05710402479831367,1,2
392,0.3920000000000003,ramp,39.2,0.34406966079374096,0.0009278022467886227,1.015377220422975,0.015377220422974958,0.0009096413132650224,0.3287113982754081,0.00010417989174003067,-0.018160933523600247,1,2
393,0.3930000000000003,ramp,39.3,0.34657135376496284,0.0025016929712218805,1.015434344785074,0.015434344785073995,0.0024446776882119286,0.33115607596362,0.00010452146361462737,-0.05701528300995195,1,2
394,0.3940000000000003,ramp,39.4,0.347506933304731,0.0009355795397681388,1.0154526777939352,0.015452677793935221,0.0009173520242554025,0.3320734279878754,0.00010486421913021903,-0.01822751551273634,1,2
395,0.3950000000000003,ramp,39.5,0.3500179085946334,0.0025109752899024063,1.015509714431945,0.015509714431944932,0.0024540484043869756,0.3345274763922624,0.0001052061885703759,-0.056926885515430625,1,2
396,0.3960000000000003,ramp,39.6,0.3509612840071651,0.0009433754125316995,1.0155281144374642,0.015528114437464158,0.000925081589707072,0.33545255798196943,0.00010554933766894973,-0.018293822824627506,1,2
397,0.3970000000000003,ramp,39.7,0.35348152317878323,0.002520239171618144,1.0155850636950292,0.015585063695029211,0.002463400340811802,0.33791595832278126,0.00010589170224360347,-0.056838830806341716,1,2
398,0.3980000000000003,ramp,39.8,0.3544327129076106,0.0009511897288273508,1.01560353042424,0.015603530424239898,0.0009328298724461562,0.3388487881952274,0.00010623524250592826,-0.0183598563811946,1,2
399,0.3990000000000003,ramp,39.9,0.3569621976592479,0.002529484751637334,1.0156603926434804,0.015660392643480403,0.00247273363423974,0.3413215218294671,0.0001065779998061732,-0.0567511173975941,1,2
400,0.4000000000000003,ramp,40.0,0.3579212200124891,0.0009590223532411901,1.0156789258243704,0.01567892582437036,0.0009405967360944893,0.3422621185655616,0.00010692192883508436,-0.018425617146700796,1,2
401,0.4010000000000003,ramp,40.1,0.36045993217688943,0.002538712164400325,1.0157357013459367,0.015735701345936715,0.002482048420629027,0.34474416698619065,0.00010726507647380286,-0.05666374377129822,1,2
402,0.4020000000000003,ramp,40.2,0.3614268053280217,0.0009668731511322526,1.0157543007074399,0.015754300707439883,0.0009483820450621849,0.34569254903125285,0.00010760939189395555,-0.018491106070067695,1,2
403,0.4030000000000003,ramp,40.3,0.3639747268716247,0.0025479215436030045,1.0158109898704468,0.015810989870446823,0.0024913448351527073,0.3481838938664056,0.00010795292750558483,-0.05657670845029714,1,2
404,0.4040000000000003,ramp,40.4,0.36494946886027163,0.0009747419886469433,1.0158296551424297,0.015829655142429733,0.0009561856645454571,0.34914007953095105,0.00010829762696310941,-0.018556324101486183,1,2
405,0.4050000000000003,ramp,40.5,0.36750658188243346,0.0025571130221618277,1.0158862582845474,0.015886258284547372,0.002500623012199299,0.35164070254315033,0.00010864154820332608,-0.056490009962528814,1,2
406,0.4060000000000003,ramp,40.6,0.36848921061512574,0.0009826287326922811,1.0159049891978222,0.01590498919782224,0.0009640074605213747,0.3526047100036717,0.00010898662936555517,-0.018621272170906387,1,2
407,0.4070000000000003,ramp,40.7,0.371055497347346,0.0025662867322202576,1.01596150665524,0.0159615066552401,0.002509883085380471,0.3551145930890522,0.00010933093391099725,-0.0564036468397866,1,2
408,0.4080000000000003,ramp,40.8,0.3720460305983251,0.0009905332509790865,1.015980302941554,0.015980302941553948,0.0009718472997438433,0.35608644038879605,0.00010967639446619216,-0.01868595123524319,1,2
409,0.4090000000000003,ramp,40.9,0.3746214734034586,0.0025754428051334988,1.0160367350489665,0.01603673504896652,0.0025191251875285084,0.35860556557632456,0.00011002108001415598,-0.05631761760499032,1,2
410,0.4100000000000003,ramp,41.0,0.37561992881543177,0.000998455411973187,1.016055596441016,0.016055596441016062,0.0009797050497438496,0.35958527062606843,0.00011036691767121065,-0.01875036222933734,1,2
411,0.4110000000000003,ramp,41.1,0.3782045101869736,0.0025845813715418275,1.0161119435317199,0.016111943531719852,0.0025283494507074692,0.3621136200767759,0.00011071198193940874,-0.056231920834358316,1,2
412,0.4120000000000003,ramp,41.2,0.3792109052718935,0.0010063950849198977,1.0161308697631073,0.01613086976310729,0.0009875805788173845,0.36310120065559326,0.00011105819442757485,-0.018814506102513222,1,2
413,0.4130000000000003,ramp,41.3,0.38180460783315306,0.00259370256125957,1.0161871321688678,0.0161871321688678,0.0025375560062133357,0.3656387566618066,0.00011140363515384107,-0.056146555046234205,1,2
414,0.4140000000000003,ramp,41.4,0.3828189599729716,0.0010143521398185418,1.0162061229741928,0.01620612297419277,0.0009954737560284278,0.36663423041783505,0.00011175022022247556,-0.018878383790114004,1,2
415,0.4150000000000003,ramp,41.5,0.3854217664763836,0.002602806503411992,1.016262301025394,0.016262301025393944,0.00254674498458039,0.36918097540241546,0.00011209603516451356,-0.056061518831601855,1,2
416,0.4160000000000003,ramp,41.6,0.3864440929238081,0.0010223264474245042,1.0162813561401192,0.016281356140119163,0.00100338445119874,0.3701843598536142,0.00011244299058279562,-0.018941996225764174,1,2
417,0.4170000000000003,ramp,41.7,0.38905598625014154,0.0026118933263334365,1.0163374501657003,0.016337450165700318,0.0025559165155824687,0.37274027636919665,0.00011278917751790057,-0.055976810750967776,1,2
418,0.4180000000000003,ramp,41.8,0.3900863041294089,0.001030317879267384,1.0163565693262575,0.01635656932625751,0.0010113125349123654,0.37375158890410903,0.00011313650107458106,-0.019005344355018564,1,2
419,0.4190000000000003,ramp,41.9,0.39270726728702027,0.0026209631576113446,1.0164125796537216,0.01641257965372156,0.0025650707282378923,0.37631665963234695,0.00011348305779941475,-0.05589242937345225,1,2
420,0.4200000000000003,ramp,42.0,0.39374559359463246,0.0010383263076121918,1.0164317625974666,0.016431762597466593,0.0010192578785027683,0.3773359175108497,0.000113830747302544,-0.019068429109423465,1,2
421,0.4210000000000003,ramp,42.1,0.39637560971874647,0.0026300161241140096,1.0164876895528754,0.016487689552875384,0.0025742077508152574,0.37991012526166495,0.00011417767163284756,-0.055808373298752226,1,2
422,0.4220000000000003,ramp,42.2,0.3974219613242166,0.0010463516054701194,1.0165069360181103,0.016506936018110263,0.0010272203540549047,0.38093734561571985,0.00011452572490955184,-0.01913125141521474,1,2
423,0.4230000000000003,ramp,42.3,0.40006101367616775,0.0026390523519511655,1.0165627799261694,0.01656277992616939,0.002583327710833285,0.38352067332655315,0.00011487301467991761,-0.05572464111788062,1,2
424,0.4240000000000003,ramp,42.4,0.40111540732277157,0.0010543936466038129,1.0165820896520799,0.016582089652079857,0.0010351998343988203,0.38455587316095197,0.00011522142957613846,-0.019193812204992527,1,2
425,0.4250000000000003,ramp,42.5,0.40376347928925926,0.0026480719664876973,1.016637850836031,0.016637850836030976,0.0025924307350712514,0.3871483038960232,0.00011556908263975411,-0.055641231416445835,1,2
426,0.4260000000000003,ramp,42.6,0.4048259315947918,0.0010624523055325352,1.0166572235627773,0.016657223562777324,0.0010431961931042972,0.3881915000891275,0.00011591785702000109,-0.01925611242823799,1,2
427,0.4270000000000003,ramp,42.7,0.40748300668718573,0.0026570750923939346,1.0167129023445116,0.016712902344511615,0.0026015169495664956,0.390793017038694,0.00011626587124843863,-0.055558142827438935,1,2
428,0.4280000000000003,ramp,42.8,0.4085535341446427,0.001070527457456949,1.0167323378131352,0.016732337813135212,0.0010512093044812508,0.3918442263431753,0.00011661500299554638,-0.019318152975698236,1,2
429,0.4290000000000003,ramp,42.9,0.41121959599821073,0.002666061853568047,1.0167879345131228,0.01678793451312277,0.002610586479620444,0.3944548128227957,0.00011696337627849881,-0.05547537394760306,1,2
430,0.4300000000000003,ramp,43.0,0.4122982149765933,0.0010786189783825728,1.0168074324656153,0.016807432465615335,0.0010592390435724918,0.3955140518663682,0.00011731286329341633,-0.019379934810081045,1,2
431,0.4310000000000003,ramp,43.1,0.4149732473498026,0.0026750323732093184,1.016862947402974,0.016862947402974005,0.0026196394498021972,0.3981336913161704,0.00011766159353847291,-0.055392923407121195,1,2
432,0.43200000000000033,ramp,43.2,0.41605997409479156,0.0010867267449889417,1.0168825075822292,0.0168825075822292,0.0010672852861534805,0.39920097660232384,0.00011801143374000304,-0.019441458835461195,1,2
433,0.43300000000000033,ramp,43.3,0.41874396086856597,0.002683986773774405,1.0169379410746842,0.01693794107468416,0.002628675983954732,0.40182965258627856,0.0001183605188724453,-0.05531078981967302,1,2
434,0.43400000000000033,ramp,43.4,0.41983881150326674,0.0010948506347007725,1.0169575632245351,0.01695756322453512,0.0010753479087193785,0.40290500049499794,0.000118710710197041,-0.01950272598139394,1,2
435,0.43500000000000033,ramp,43.5,0.4225317366803137,0.0026929251770469453,1.0170129155884433,0.01701291558844331,0.002637696205197832,0.40554269670019577,0.0001190601481595762,-0.055228971849113385,1,2
436,0.43600000000000033,ramp,43.6,0.42363472720597123,0.0011029905256575434,1.0170325994536018,0.017032599453601804,0.0010834267884928092,0.4066261234886886,0.00011941068856111426,-0.019563737164734203,1,2
437,0.43700000000000033,ramp,43.7,0.42633657491002724,0.002701847704056015,1.0170878710039637,0.017087871003963695,0.0026467002359291183,0.4092728237246177,0.00011976047731370098,-0.055147468126896804,1,2
438,0.43800000000000033,ramp,43.8,0.42744772120674135,0.001111146296714105,1.0171076163301118,0.01710761633011182,0.0010915218034143084,0.410364345528032,0.0001201113647632536,-0.019624493299796614,1,2
439,0.43900000000000033,ramp,43.9,0.4301584756818742,0.0027107544751328594,1.0171628073805727,0.017162807380572742,0.002655688197828589,0.4130200337258606,0.00012046150228286521,-0.05506627730427057,1,2
440,0.44000000000000034,ramp,44.0,0.4312777935093188,0.0011193178274445659,1.0171826139142521,0.01718261391425213,0.0010996328321378206,0.4141196665579984,0.0001208127347684967,-0.01968499530674529,1,2
441,0.44100000000000034,ramp,44.1,0.433997439119229,0.002719645609910226,1.017237724777117,0.017237724777116936,0.00266466021186718,0.4167843267698656,0.00012116321904889594,-0.05498539804304602,1,2
442,0.44200000000000034,ramp,44.2,0.435124944117364,0.0011275049981350205,1.017257592265796,0.01725759226579604,0.0011077597540286662,0.41789208652389426,0.0001215147945754451,-0.01974524410635432,1,2
443,0.44300000000000034,ramp,44.3,0.4378534653446716,0.002728521227307601,1.0173126232520353,0.01731262325203531,0.0026736163983032404,0.42056570292219747,0.00012186562362700503,-0.054904829004360535,1,2
444,0.44400000000000034,ramp,44.4,0.43898917303443963,0.0011357076897680063,1.017332551444102,0.017332551444102062,0.0011159024491610998,0.42168160537135857,0.00012221754021587929,-0.019805240606906485,1,2
445,0.44500000000000034,ramp,44.5,0.4417265544799914,0.0027373814455517453,1.0173875028633526,0.017387502863352555,0.002682556876692577,0.4243641622480511,0.0001225687120653687,-0.054824568859168296,1,2
446,0.44600000000000034,ramp,44.6,0.44287048026401993,0.0011439257840285544,1.0174074915080986,0.017407491508098616,0.0011240607983090134,0.42548822304636014,0.00012292096775433337,-0.01986498571954101,1,2
447,0.44700000000000034,ramp,44.7,0.4456167066461926,0.002746226382172645,1.0174623636686568,0.017462363668656833,0.0026914817658884958,0.42817970481224865,0.0001232724804447005,-0.05474461628414938,1,2
448,0.44800000000000034,ramp,44.8,0.44676886580949615,0.0011521591633035788,1.0174824125162658,0.01748241251626581,0.0011322346829499821,0.42931193949519864,0.0001236250732876895,-0.01992448035359668,1,2
449,0.44900000000000034,ramp,44.9,0.44952392196352475,0.002755056154028601,1.0175372057251184,0.01753720572511841,0.0027003911840464113,0.43201233067924505,0.0001239769248778896,-0.05466496998218989,1,2
450,0.45000000000000034,ramp,45.0,0.450684329674179,0.001160407710654232,1.017557314526694,0.017557314526694068,0.0011404239852561583,0.4331527546645012,0.00012432985294480033,-0.01998372539807375,1,2
451,0.45100000000000035,ramp,45.1,0.4534482005514442,0.0027638708772652065,1.0176120290895132,0.017612029089513204,0.002709285248625776,0.435862039913127,0.00012468204150957663,-0.054585628639430665,1,2
452,0.45200000000000035,ramp,45.2,0.4546168718613182,0.0011686713098740253,1.0176321975970644,0.01763219759706436,0.0011486285880933525,0.43701066850122033,0.00012503530288606696,-0.020042721780672835,1,2
453,0.45300000000000035,ramp,45.3,0.4573895425286493,0.0027726706673310564,1.0176868338182241,0.017686833818224112,0.002718164076397809,0.43972883257761813,0.00012538782651578612,-0.05450659093324738,1,2
454,0.45400000000000035,ramp,45.4,0.45856649237405994,0.0011769498454106686,1.0177070617846162,0.01770706178461623,0.001156848375014709,0.44088568095263286,0.00012574141930310449,-0.020101470395959612,1,2
455,0.45500000000000035,ramp,45.5,0.4613479480131111,0.0027814556390511336,1.0177616199672077,0.01776161996720771,0.002727027783446418,0.4436127087360793,0.0001260942761035247,-0.05442785560471567,1,2
456,0.45600000000000035,ramp,45.6,0.4625331912155159,0.0011852432024048176,1.0177819071462428,0.017781907146242837,0.0011650832302597999,0.4447777919663391,0.00012644819841830924,-0.02015997214501776,1,2
457,0.45700000000000035,ramp,45.7,0.46532341712201924,0.002790225906503352,1.017836387592027,0.017836387592027103,0.0027358764851723753,0.44751366845151147,0.0001268013865104518,-0.054349421330976595,1,2
458,0.45800000000000035,ramp,45.8,0.4665169683886975,0.00119355126667825,1.0178567337383992,0.017856733738399244,0.0011733330387479572,0.4486870014902594,0.0001271556364845472,-0.02021822793029271,1,2
459,0.45900000000000035,ramp,45.9,0.4693159499718533,0.0027989815831557796,1.0179111367478817,0.017911136747881695,0.00274471029629503,0.45143171178655445,0.00012750915400445504,-0.0542712868607494,1,2
460,0.46000000000000035,ramp,46.0,0.47051782389656555,0.0012018739247122712,1.0179315416171602,0.01793154161716015,0.0011815976860790414,0.4526133094726335,0.0001278637297847372,-0.020276238633229773,1,2
461,0.46100000000000035,ramp,46.1,0.4733255466783304,0.002807722781764832,1.0179858674895557,0.017985867489555663,0.0027535293308601732,0.45536683880349366,0.00012821757488334565,-0.05419345090465878,1,2
462,0.46200000000000035,ramp,46.2,0.47453575774201046,0.0012102110636800778,1.0180063308381926,0.018006330838192586,0.0011898770585265477,0.4565567158620202,0.00012857247463152403,-0.020334005153530052,1,2
463,0.46300000000000036,ramp,46.3,0.4773522073564412,0.002816449614430727,1.0180605798714661,0.018060579871466143,0.002762333702237378,0.45931904956425756,0.00012892664547445876,-0.05411591219334905,1,2
464,0.46400000000000036,ramp,46.4,0.4785707699278752,0.0012185625714339898,1.0180811014568274,0.018081101456827398,0.0011981710430348975,0.46051722060729244,0.00012928186736691657,-0.020391528399092303,1,2
465,0.46500000000000036,ramp,46.5,0.48139593212047865,0.002825162192603481,1.0181352739476444,0.01813527394764436,0.0027711235231332853,0.46328834413042574,0.00012963636213433202,-0.0540386694701956,1,2
466,0.46600000000000036,ramp,46.6,0.48262286045692293,0.0012269283364442773,1.0181558535279727,0.018155853527972665,0.0012064795272119823,0.4644948236576377,0.00012999190436194255,-0.020448809232295057,1,2
467,0.46700000000000036,ramp,46.7,0.48545672108398896,0.0028338606270660316,1.0182099497717594,0.01820994977175938,0.002779898905583191,0.4672747225632209,0.00013034672124833971,-0.053961721482840425,1,2
468,0.46800000000000036,ramp,46.8,0.48669202933188926,0.001235308247900302,1.0182305871061779,0.018230587106177865,0.0012148023993374453,0.46848952496255836,0.0001307025820163035,-0.02050584856285657,1,2
469,0.46900000000000036,ramp,46.9,0.4895345743598227,0.002842545027933463,1.018284607397096,0.01828460739709592,0.00278865996096142,0.47127818492351975,0.0001310577192303604,-0.05388506697204297,1,2
470,0.47000000000000036,ramp,47.0,0.4907782765554374,0.0012437021956146488,1.0183053022456101,0.01830530224561011,0.0012231395483457965,0.47250132447186555,0.00013141389675804142,-0.020562647268852242,1,2
471,0.47100000000000036,ramp,47.1,0.4936294920601265,0.002851215504689142,1.018359246876597,0.018359246876596957,0.0027974067999888656,0.4752987312718544,0.00013176935252246172,-0.05380870470027624,1,2
472,0.47200000000000036,ramp,47.2,0.4948816021301742,0.0012521100700476628,1.0183799990000857,0.01837999900008569,0.0012314908638268534,0.47653022213568125,0.00013212584504320818,-0.02061920622080946,1,2
473,0.47300000000000036,ramp,47.3,0.4977414742963389,0.002859872166164734,1.0184338682628093,0.01843386826280935,0.0028061395327238807,0.47933636166840515,0.0001324816175945494,-0.0537326334408535,1,2
474,0.47400000000000037,ramp,47.4,0.49900200605866685,0.0012605317623279322,1.0184546774230379,0.018454677423037857,0.0012398562360306875,0.48057621790443583,0.00013283842335554328,-0.020675526297244663,1,2
475,0.47500000000000037,ramp,47.5,0.5018705211791963,0.0028685151205294357,1.0185084716079502,0.018508471607950217,0.0028148582685774085,0.48339107617301325,0.00013319451094405508,-0.05365685195202717,1,2
476,0.47600000000000037,ramp,47.6,0.5031394883434581,0.001268967164261836,1.0185293375675508,0.01852933756755082,0.0012482355558503342,0.4846393117288636,0.00013355162820614347,-0.02073160841150191,1,2
477,0.47700000000000037,ramp,47.7,0.5060166328187722,0.002877144475314064,1.018583056963871,0.01858305696387097,0.002823563116315676,0.48746287484517925,0.0001339080290956054,-0.0535813589983879,1,2
478,0.47800000000000037,ramp,47.8,0.5072940489870122,0.0012774161682400642,1.0186039794863533,0.018603979486353284,0.0012566287148262202,0.4887195035600055,0.00013426545613315867,-0.020787453413843988,1,2
479,0.47900000000000037,ramp,47.9,0.510179809324453,0.0028857603374407015,1.0186576243820764,0.01865762438207641,0.0028322541840539476,0.49155175774405946,0.00013462216860074335,-0.05350615338675386,1,2
480,0.48000000000000037,ramp,48.0,0.5114656879917695,0.0012858786673165534,1.0186786032318154,0.01867860323181536,0.0012650356051470155,0.4928167933492065,0.00013497990370147365,-0.020843062169537952,1,2
481,0.48100000000000037,ramp,48.1,0.5143600508049274,0.0028943628131579135,1.0187321739137303,0.018732173913730277,0.0028409315792686744,0.49565772492847515,0.0001353369260375797,-0.05343123388923919,1,2
482,0.4820000000000004,ramp,48.2,0.5156544053601233,0.0012943545551958868,1.0187532088559752,0.0187532088559752,0.0012734561196366715,0.49693118104811185,0.00013569496750240074,-0.02089843555921531,1,2
483,0.4830000000000004,ramp,48.3,0.5185573573682213,0.002902952008097981,1.018806705609638,0.01880670560963793,0.002849595408798257,0.4997807764569101,0.00013605229801050435,-0.053356599299724056,1,2
484,0.4840000000000004,ramp,48.4,0.5198602010944464,0.0013028437262251336,1.018827796410495,0.018827796410495035,0.0012818901517569858,0.501062666608667,0.00013641064415339523,-0.020953574468147735,1,2
485,0.4850000000000004,ramp,48.5,0.5227717291217155,0.002911528027269128,1.0188812195202874,0.01888121952028743,0.002858245778845755,0.5039209123875128,0.00013676828114989425,-0.053282248423373,1,2
486,0.4860000000000004,ramp,48.6,0.5240830751970542,0.0013113460753386708,1.018902365946739,0.018902365946739108,0.001290337595604266,0.5052112499831171,0.00013712693029773094,-0.021008479734404856,1,2
487,0.4870000000000004,ramp,48.7,0.527003166172092,0.002920090975037759,1.0189557156958278,0.01895571569582777,0.002866882794986331,0.5080781327781034,0.00013748487211181335,-0.05320818005142809,1,2
488,0.4880000000000004,ramp,48.8,0.5283230276702279,0.0013198614981358991,1.0189769175157022,0.018976917515702185,0.0012987983458975876,0.5093769311240011,0.00013784382260422528,-0.021063152238311567,1,2
489,0.4890000000000004,ramp,48.9,0.5312516686254105,0.0029286409551826376,1.0190301941860482,0.019030194186048233,0.0028755065621640747,0.5122524376861651,0.0001382020675777222,-0.05313439301856283,1,2
490,0.4900000000000004,ramp,49.0,0.5325800585162469,0.00132838989083639,1.0190514511680484,0.019051451168048406,0.0013072722979923252,0.5135597099841575,0.0001385613177669772,-0.021117592844064823,1,2
491,0.4910000000000004,ramp,49.1,0.5355172365870697,0.0029371780708228323,1.019104655040458,0.019104655040458107,0.0028841171846981334,0.5164438271688556,0.00013891986425420194,-0.05306088612469896,1,2
492,0.4920000000000004,ramp,49.2,0.536854167737339,0.0013369311502692272,1.0191259669541246,0.019125966954124607,0.0013157593478605129,0.5177595865167162,0.00013927941250500405,-0.02117180240871429,1,2
493,0.4930000000000004,ramp,49.3,0.5397998701618136,0.002945702424474672,1.0191790983081996,0.019179098308199638,0.002892714766289699,0.5206523012830059,0.0001396382588726545,-0.0529876581849731,1,2
494,0.4940000000000004,ramp,49.4,0.5411453553356829,0.001345485173869232,1.0192004649239328,0.019200464923932792,0.0013242593920922104,0.5219765606750981,0.00013999810356207256,-0.021225781777021523,1,2
495,0.4950000000000004,ramp,49.5,0.5440995694537641,0.0029542141180812775,1.0192535240380869,0.01925352403808689,0.002901299410023074,0.5248778600851212,0.00014035724818904665,-0.052914708058203475,1,2
496,0.4960000000000004,ramp,49.6,0.5454536213134764,0.0013540518597122686,1.0192749451271672,0.01927494512716721,0.0013327723278956942,0.5262106324130169,0.0001407173877063341,-0.021279531816574417,1,2
497,0.4970000000000004,ramp,49.7,0.5484163345663786,0.002962713252902205,1.0193279322786906,0.019327932278690563,0.0029098712183617966,0.5291205036313787,0.0001410768289836188,-0.052842034540408284,1,2
498,0.4980000000000004,ramp,49.8,0.5497789656728699,0.0013626311064912633,1.019349407613197,0.019349407613197034,0.00134129805309862,0.5304618016844773,0.00014143726173009312,-0.021333053392643287,1,2
499,0.4990000000000004,ramp,49.9,0.5527501656025332,0.0029711999296633262,1.0194023230781903,0.019402323078190342,0.002918430293161173,0.5333802319776385,0.0001417969980606329,-0.05276963650215332,1,2
500,0.5000000000000003,ramp,50.0,0.554121388415988,0.0013712228134548088,1.0194238524310704,0.019423852431070365,0.0013498364661296551,0.5347300684437681,0.00014215772244954115,-0.021386347325153637,1,2
501,0.5010000000000003,ramp,50.1,0.5571010626644324,0.002979674248444364,1.0194766964844648,0.019476696484464817,0.0029269767356703232,0.5376570451794385,0.00014251775224810521,-0.05269751277404066,1,2
502,0.5020000000000003,ramp,50.2,0.5584808895449467,0.001379826880514301,1.019498279629539,0.019498279629539095,0.0013583874660282565,0.5390154326454667,0.00014287876670448686,-0.021439414486044493,1,2
503,0.5030000000000003,ramp,50.3,0.5614690258536771,0.0029881363087304047,1.0195510525451141,0.019551052545114134,0.0029355106465316634,0.5419509432919983,0.00014323908839752818,-0.052625662198741305,1,2
504,0.5040000000000003,ramp,50.4,0.5628574690618182,0.0013884432081411324,1.0195726892570123,0.019572689257012277,0.0013669509524345922,0.5433178942444329,0.00014360039135809046,-0.02149225570654027,1,2
505,0.5050000000000003,ramp,50.5,0.5658540552712616,0.0029965862094434303,1.0196253913074231,0.019625391307423135,0.0029440321257886465,0.5462619263702215,0.00014396100338361854,-0.05255408365478385,1,2
506,0.5060000000000003,ramp,50.6,0.5672511269686853,0.0013970716974236463,1.0196470813616263,0.019647081361626295,0.0013755268255903439,0.5476374531958119,0.00014432259329662426,-0.02154487183330246,1,2
507,0.5070000000000003,ramp,50.7,0.5702561510175589,0.0030050240488735946,1.0196997128183611,0.019699712818361137,0.0029525412728810003,0.550589994468693,0.00014468349410410753,-0.05248277599259436,1,2
508,0.5080000000000003,ramp,50.8,0.571661863267612,0.0014057122500531483,1.0197214559911947,0.01972145599119468,0.001384114986338341,0.5519741094550313,0.00014504536942921745,-0.021597263714807306,1,2
509,0.5090000000000003,ramp,50.9,0.5746753131923454,0.0030134499247334023,1.0197740171246106,0.019774017124610577,0.0029610381866568393,0.5549351476416882,0.0001454065574794283,-0.05241173807656301,1,2
510,0.5100000000000003,ramp,51.0,0.5760896779606269,0.0014143647682814953,1.0197958131931915,0.01979581319319146,0.0013927153361091799,0.5563278629777973,0.00014576871668759813,-0.021649432172315398,1,2
511,0.5110000000000003,ramp,51.1,0.5791115418947791,0.003021863934152158,1.0198483042725544,0.01984830427255435,0.002969522965369776,0.5592973859431671,0.00014613019045248973,-0.05234096878238212,1,2
512,0.5120000000000003,ramp,51.2,0.5805345710497697,0.001423029154990596,1.0198701530148973,0.01987015301489725,0.001401327776928564,0.5606987137200957,0.00014649263202585585,-0.02170137806203204,1,2
513,0.5130000000000003,ramp,51.3,0.5835648372234483,0.0030302661736786307,1.0199225743082732,0.019922574308273155,0.002977995706687823,0.5636767094267835,0.0001468543899884769,-0.05227046699080766,1,2
514,0.5140000000000003,ramp,51.4,0.5849965425370597,0.0014317053136113644,1.0199444755031961,0.019944475503196113,0.00140995221140523,0.5650866616381888,0.00014721711242020663,-0.021753102206134405,1,2
515,0.5150000000000003,ramp,51.5,0.5880351992763067,0.00303865673924697,1.0199968272776045,0.019996827277604545,0.0029864565076909867,0.5680731181458798,0.00014757915307455312,-0.05220023155598323,1,2
516,0.5160000000000003,ramp,51.6,0.5894755924244834,0.0014403931481767884,1.0200187807047392,0.02001878070473917,0.0014185885427362892,0.569491706688616,0.0001479421548687446,-0.021804605440499218,1,2
517,0.5170000000000003,ramp,51.7,0.592522628150771,0.003047035726287506,1.0200710632260237,0.0200710632260237,0.0029949054648759025,0.572486612153492,0.0001483044767196507,-0.05213026141160336,1,2
518,0.5180000000000003,ramp,51.8,0.5939717207140525,0.0014490925632815177,1.0200930686658312,0.02009306866583116,0.0014272366746987072,0.5739138488281906,0.00014866775639124332,-0.02185588858281051,1,2
519,0.5190000000000003,ramp,51.9,0.5970271239436462,0.003055403229593745,1.0201452821987826,0.020145282198782644,0.0030033426741613643,0.576917191502352,0.00014903035795424985,-0.05206055543238068,1,2
520,0.5200000000000004,ramp,52.0,0.5984849274077669,0.0014578034641207216,1.0201673394325568,0.020167339432556775,0.0014358965116465852,0.5783530880139985,0.00014939391402886618,-0.021906952474136376,1,2
521,0.5210000000000004,ramp,52.1,0.6015486867511736,0.0030637593434066357,1.0202194842408365,0.020219484240836527,0.0030117682308897567,0.5813648562448883,0.00014975679383013717,-0.05199111251687899,1,2
522,0.5220000000000004,ramp,52.2,0.6030152125075977,0.0014665257564241418,1.020241593050673,0.020241593050672968,0.0014445679585092447,0.5828094242033975,0.0001501206248439751,-0.021957797914897097,1,2
523,0.5230000000000004,ramp,52.3,0.6060873166689835,0.0030721041613858135,1.0202936693968203,0.020293669396820313,0.0030201822298274532,0.585829606433225,0.00015048378142017792,-0.05192193155836031,1,2
524,0.5240000000000004,ramp,52.4,0.6075625760155329,0.0014752593465493513,1.0203158295656807,0.020315829565680676,0.0014532509207912058,0.5872828573540162,0.00015084788591991768,-0.022008425758145544,1,2
525,0.5250000000000004,ramp,52.5,0.6106430137921954,0.003080437776662559,1.0203678377111658,0.020367837711165793,0.0030285847651734753,0.5903114421191896,0.00015121131781809782,-0.051853011489083695,1,2
526,0.5260000000000004,ramp,52.6,0.6121270179335523,0.0014840041413568539,1.0203900490227795,0.02039004902277952,0.0014619453045615178,0.5917733874237512,0.0001515756943607853,-0.022058836795336077,1,2
527,0.5270000000000004,ramp,52.7,0.6152157782153079,0.0030887602817556425,1.0204419892279664,0.020441989227966362,0.003036975930556381,0.5948103633543076,0.0001519394001382656,-0.051784351199261544,1,2
528,0.5280000000000004,ramp,52.8,0.6167085382636166,0.0014927600483086723,1.0204642514669042,0.020464251466904226,0.001470651016458797,0.5962810143707664,0.00015230404729120594,-0.02210903184987536,1,2
529,0.5290000000000004,ramp,52.9,0.619805610032296,0.003097071768679349,1.0205161239911142,0.020516123991114243,0.0030453558190422308,0.5993263701898086,0.00015266802551548278,-0.051715949637118425,1,2
530,0.5300000000000004,ramp,53.0,0.621307137007728,0.0015015269754320437,1.020538436942722,0.02053843694272195,0.0014793679636845936,0.6008057381534933,0.0001530329418561271,-0.02215901174745013,1,2
531,0.5310000000000004,ramp,53.1,0.6244125093365549,0.0031053723288269053,1.0205902420441604,0.02059024204416038,0.003053724523134509,0.6038594626766277,0.00015339719110476574,-0.051647805692396194,1,2
532,0.5320000000000004,ramp,53.2,0.6259228141678411,0.0015103048312862244,1.0206126054946172,0.020612605494617187,0.0014880960539971023,0.6053475587306248,0.00015376237522061003,-0.02220877728912208,1,2
533,0.5330000000000004,ramp,53.3,0.6290364762209246,0.003113662053083499,1.02066434343043,0.02066434343043011,0.003062082134778465,0.6084096408654033,0.0001541268940811244,-0.05157991830503396,1,2
534,0.5340000000000004,ramp,53.4,0.6305555697459293,0.0015190935250046778,1.0206867571667206,0.020686757166720637,0.001496835195716069,0.6099064760611194,0.00015449234456958835,-0.022258329288608793,1,2
535,0.5350000000000004,ramp,53.5,0.6336775107777304,0.0031219410318010787,1.0207384281929879,0.02073842819298788,0.0030704287453678777,0.6129769048064873,0.0001548571316393737,-0.05151228643320103,1,2
536,0.5360000000000004,ramp,53.6,0.6352054037439929,0.0015278929662625451,1.0207608920029159,0.020760892002915865,0.0015055852977090152,0.6144824901041963,0.00015522284710773072,-0.022307668553529867,1,2
537,0.5370000000000004,ramp,53.7,0.6383356130987269,0.0031302093547339593,1.0208124963746081,0.020812496374608136,0.003078764445737721,0.617561254549934,0.0001555879009939202,-0.0514449089962384,1,2
538,0.5380000000000004,ramp,53.8,0.639872316163984,0.0015367030652571056,1.0208350100467511,0.020835010046751146,0.0015143462693997976,0.6190756008193339,0.00015595388005918288,-0.022356795857308074,1,2
539,0.5390000000000004,ramp,53.9,0.6430107832751175,0.003138467111133525,1.0208865480178684,0.020886548017868378,0.003087089326179253,0.6221626901455132,0.0001563191993785701,-0.05137778495427174,1,2
540,0.5400000000000004,ramp,54.0,0.6445563070079223,0.00154552373280481,1.0209091113416071,0.02090911134160711,0.0015231180207596663,0.6236858081662728,0.0001566854406673739,-0.02240571204514363,1,2
541,0.5410000000000004,ramp,54.1,0.6477030213975788,0.003146714389656524,1.0209605831650224,0.020960583165022362,0.0030954034764326083,0.6267812116427054,0.00015705102404632283,-0.05131091322391591,1,2
542,0.5420000000000004,ramp,54.2,0.6492573762777704,0.0015543548801915108,1.0209831959305435,0.02098319593054354,0.0015319004623029042,0.6283131121050083,0.0001574175261948251,-0.022454417888606623,1,2
543,0.5430000000000004,ramp,54.3,0.6524123275562685,0.003154951278498186,1.021034601858107,0.021034601858106905,0.003103706985696237,0.6314168190907046,0.00015778337226915725,-0.05124429280194912,1,2
544,0.5440000000000004,ramp,54.4,0.6539755239755632,0.001563196419294699,1.021057263856395,0.02105726385639506,0.0015406935050881457,0.6329575125957927,0.00015815013392298638,-0.022502914206553322,1,2
545,0.5450000000000004,ramp,54.5,0.6571387018407968,0.0031631778652335685,1.0211086041389186,0.021108604138918574,0.003111999942628641,0.6360695125384214,0.00015851624133787385,-0.05117792260492769,1,2
546,0.5460000000000004,ramp,54.6,0.658710750103283,0.0015720482624861365,1.0211313151617234,0.021131315161723396,0.001549497060712058,0.6376190095991334,0.00015888326115199368,-0.022551201774078558,1,2
547,0.5470000000000004,ramp,54.7,0.6618821443402686,0.0031713942369856474,1.021182590048969,0.021182590048969052,0.0031202824353502357,0.6407392920344837,0.00015924962856191005,-0.051111801635411645,1,2
548,0.5480000000000004,ramp,54.8,0.6634630546629474,0.001580910322678819,1.0212053498888645,0.021205349888864466,0.0015583110413062492,0.6422976030757899,0.00015961690520051468,-0.022599281372569873,1,2
549,0.5490000000000004,ramp,54.9,0.6666426551432292,0.0031796004802817635,1.0212565596295662,0.021256559629566185,0.0031285545514471453,0.645426157627237,0.00015998353126909644,-0.05104592883461816,1,2
550,0.5500000000000004,ramp,55.0,0.6682324376566074,0.0015897825133782684,1.021279368079889,0.02127936807988906,0.0015671353595390317,0.646993292986776,0.0001603510634055575,-0.022647153839236694,1,2
551,0.5510000000000004,ramp,55.1,0.6714202343377667,0.003187796681159205,1.0213305129217443,0.02133051292174426,0.0031368163779717903,0.6501301093647478,0.00016071794680551545,-0.05098030318741479,1,2
552,0.5520000000000004,ramp,55.2,0.6730188990862794,0.0015986647485127792,1.0213533697766182,0.02135336977661817,0.0015759699286075415,0.6517060792933553,0.00016108573312225116,-0.02269481990523764,1,2
553,0.5530000000000004,ramp,55.3,0.6762148820113977,0.003195982925118246,1.021404449966328,0.021404449966327954,0.00314506800144611,0.6548511472948014,0.00016145287253532234,-0.05091492367213573,1,2
554,0.5540000000000004,ramp,55.4,0.6778224389540118,0.0016075569426141634,1.0214273550206394,0.021427355020639416,0.0015848146622409074,0.6564359619570423,0.00016182091172374616,-0.022742280373255937,1,2
555,0.5550000000000004,ramp,55.5,0.6810265982511432,0.0032041592971313593,1.0214783708038309,0.02147837080383086,0.003153309507867052,0.6595892714649094,0.00016218830584053824,-0.05084978926430707,1,2
556,0.5560000000000004,ramp,55.6,0.6826430572618742,0.0016164590107310417,1.0215013238533073,0.021501323853307275,0.0015936694746865256,0.661182940939596,0.00016255659660093479,-0.022789536044516123,1,2
557,0.5570000000000004,ramp,55.7,0.685855383143544,0.003212325881669753,1.0215522754746431,0.021552275474643112,0.003161540982711049,0.664344481922307,0.00016292424412089535,-0.05078489895870425,1,2
558,0.5580000000000004,ramp,55.8,0.6874807540119429,0.0016253708683988677,1.021575276315721,0.021575276315721093,0.00160253428071932,0.6659470162030263,0.0001632927851623459,-0.02283658767954764,1,2
559,0.5590000000000004,ramp,55.9,0.6907012367746262,0.0032204827626833854,1.0216261640188284,0.021626164018828442,0.0031697625109287555,0.669116778713955,0.0001636606847936558,-0.05072025175462992,1,2
560,0.5600000000000004,ramp,56.0,0.6923355292063128,0.001634292431686557,1.021649212448749,0.021649212448749067,0.0016114089956311578,0.6707281877095862,0.00016402947483395606,-0.022883436055399272,1,2
561,0.5610000000000004,ramp,56.1,0.6955641592298981,0.0032286300235853105,1.0217000364762612,0.021700036476261175,0.0031779741769561664,0.6739061618865424,0.00016439762529343462,-0.0506558466291441,1,2
562,0.5620000000000004,ramp,56.2,0.6972073828470571,0.001643223617158962,1.0217231322930218,0.021723132293021807,0.0016202935352312327,0.6755264554217736,0.00016476666305899047,-0.022930081927729357,1,2
563,0.5630000000000004,ramp,56.3,0.7004441505943834,0.0032367677473262857,1.0217738928865499,0.02177389288654985,0.0031861760647115315,0.6787126314864851,0.00016513506307200537,-0.05059168261475422,1,2
564,0.5640000000000004,ramp,56.4,0.7020963149363442,0.0016521643419608045,1.0217970358889632,0.0217970358889632,0.0016291878158452339,0.6803418193023303,0.0001655043472977758,-0.022976526115570668,1,2
565,0.5650000000000004,ramp,56.5,0.7053412109526148,0.0032448960162706486,1.0218477332891378,0.021847733289137805,0.00319436825760206,0.6835361875599324,0.00016587299559819583,-0.05052775866858875,1,2
566,0.5660000000000004,ramp,56.6,0.7070023254762828,0.001661114523668017,1.0218709232767211,0.021870923276721133,0.001638091754305953,0.6851742793142384,0.00016624252502759056,-0.023022769362064002,1,2
567,0.5670000000000004,ramp,56.7,0.7102553418800348,0.0032530164037519738,1.0219215581832803,0.021921558183280343,0.003202551845195318,0.6883768311594337,0.00016661134096827564,-0.05046455855665585,2,2
568,0.5680000000000004,ramp,56.8,0.7119254140550132,0.0016700721749783876,1.0219447950168985,0.0219447950168985,0.001647003301870301,0.690023834461304,0.00016698104289211758,-0.023068873108086484,1,2
569,0.5690000000000004,ramp,56.9,0.7151865421095416,0.003261128054528384,1.0219953672961033,0.021995367296103296,0.00321072685487071,0.6932345613161747,0.00016735011715385276,-0.0504011996576739,2,2
570,0.5700000000000004,ramp,57.0,0.7168655811635537,0.0016790390540121214,1.02201865071053,0.022018650710529997,0.00165592434286203,0.6948904856590367,0.0001677200689117587,-0.023114711150091366,1,2
571,0.5710000000000004,ramp,57.1,0.7201348116372147,0.003269230473661011,1.0220691605734362,0.02206916057343622,0.0032188924224092036,0.6981093780814459,0.00016808939268496344,-0.050338051251807514,2,2
572,0.5720000000000004,ramp,57.2,0.721822826766315,0.0016880151291003287,1.022092490356756,0.02209249035675609,0.0016648547922898278,0.6997742328737357,0.00016845958976547531,-0.023160336810500864,1,2
573,0.5730000000000004,ramp,57.3,0.7251001505247523,0.003277323758437256,1.022142938031438,0.022142938031437964,0.003227048628014519,0.7030012815017502,0.0001688291599982656,-0.050275130422737076,2,2
574,0.5740000000000004,ramp,57.4,0.7267971508523466,0.0016970003275943446,1.0221663139807795,0.022166313980779506,0.0016737945685150958,0.7046750760702654,0.00016919960002976562,-0.023205759079248777,1,2
575,0.5750000000000004,ramp,57.5,0.7300825588451447,0.003285407992798084,1.0222166996987039,0.02221669969870388,0.003235195552245834,0.7079102716225112,0.0001695694147055765,-0.05021244055225006,2,2
576,0.5760000000000004,ramp,57.6,0.7317885534173044,0.001705994572159697,1.0222401216145758,0.02224012161457578,0.0016827435907653967,0.7095930152132766,0.00016994009589517184,-0.023250981394300294,1,2
577,0.5770000000000004,ramp,57.7,0.7350820366749821,0.003293483257677643,1.0222904456079704,0.022290445607970444,0.0032433332753373898,0.712836348488614,0.00017031015335570022,-0.050149982340253176,2,2
578,0.5780000000000004,ramp,57.8,0.7367970344594508,0.001714997784468708,1.022313913292739,0.022313913292739018,0.0016917017788564892,0.7145280502674705,0.00017068107414779506,-0.02329600561221893,1,2
579,0.5790000000000004,ramp,57.9,0.7400985840922243,0.003301549632773515,1.022364175793639,0.02236417579363903,0.0032514618770838827,0.7177795121445544,0.00017105137290127924,-0.05008775568963227,2,2
580,0.5800000000000004,ramp,58.0,0.7418225939784557,0.001724009886231448,1.0223876890510462,0.022387689051046156,0.001700669053141458,0.7194801811976959,0.00017142253186203286,-0.023340833089989955,1,2
581,0.5810000000000004,ramp,58.1,0.7451322011753048,0.0033096071968490293,1.022437890290979,0.02243789029097898,0.003259581436805177,0.722739762634501,0.00017179307050926122,-0.050025760043852056,2,2
582,0.5820000000000004,ramp,58.2,0.7468652319746977,0.0017330307993929095,1.0224614489258705,0.022461448925870542,0.0017096453344769603,0.7244494079689779,0.00017216446627729373,-0.02338546491594917,1,2
583,0.5830000000000004,ramp,58.3,0.7501828880027865,0.0033176560280888667,1.0225115891356857,0.02251158913568574,0.0032676920333488063,0.7277171000023267,0.00017253524347733958,-0.04996399474006038,2,2
584,0.5840000000000004,ramp,58.4,0.7519249484490984,0.001742060446311866,1.0225351929538338,0.02253519295383377,0.0017186305442157157,0.7294357305465424,0.000172906874739134,-0.023429902096150323,1,2
585,0.5850000000000004,ramp,58.5,0.7552506446531704,0.0033256962040719706,1.0225852723636086,0.022585272363608633,0.0032757937450801277,0.7327115242916226,0.0001732778891913597,-0.0499024589918429,2,2
586,0.5860000000000004,ramp,58.6,0.7570017434028555,0.0017510987496851538,1.0226089211717155,0.022608921171715535,0.0017276246041978964,0.7344391488958204,0.00017364975466782604,-0.02347414548725733,1,2
587,0.5870000000000004,ramp,58.7,0.7603354712047636,0.003333727801908104,1.0226589400107031,0.02265894001070312,0.00328388664989114,0.7377230355457115,0.00017402100510152357,-0.04984115201696424,2,2
588,0.5880000000000004,ramp,58.8,0.7620956168374418,0.0017601456326781229,1.0226826336162669,0.02268263361626688,0.0017366274367464287,0.7394596629824579,0.00017439310353994065,-0.023518195931694196,1,2
589,0.5890000000000004,ramp,58.9,0.7654373677355575,0.003341750898115725,1.022732592112886,0.02273259211288603,0.0032919708251901232,0.7427516338076481,0.0001747645887078995,-0.04978007292560189,2,2
590,0.5900000000000004,ramp,59.0,0.7672065687544851,0.0017692010189276353,1.0227563303242668,0.022756330324266827,0.0017456389646645898,0.7444972727723127,0.00017513691887679233,-0.02356205426304542,1,2
591,0.5910000000000004,ramp,59.1,0.7705563343232608,0.0033497655687756422,1.022806228706025,0.02280622870602489,0.0033000463479183864,0.7477973191202311,0.00017550863755119828,-0.04971922085725581,2,2
592,0.5920000000000004,ramp,59.2,0.7723345991557913,0.0017782648325305184,1.022830011332354,0.022830011332354072,0.001754659111234215,0.7495519782314652,0.00017588119823689968,-0.023605721296303395,1,2
593,0.5930000000000004,ramp,59.3,0.775692371045267,0.0033577718894757247,1.0228798498259046,0.02287984982590463,0.003308113294529267,0.7528600915259945,0.00017625314920644667,-0.04965859494645772,2,2
594,0.5940000000000004,ramp,59.4,0.7774797080432366,0.001787336997969624,1.022903676677092,0.022903676677092033,0.0017636878002152733,0.7546237793262098,0.00017662593921073257,-0.023649197754350808,1,2
595,0.5950000000000004,ramp,59.5,0.7808454779785411,0.0033657699353044634,1.0229534555081883,0.02295345550818828,0.0033161717410193493,0.7579399510672292,0.0001769981212786386,-0.049598194285114125,2,2
596,0.5960000000000004,ramp,59.6,0.7826418954188475,0.0017964174403064526,1.022977326394928,0.022977326394928,0.0017727249558295093,0.7597126760230587,0.0001773711394169983,-0.023692484476943224,1,2
597,0.5970000000000004,ramp,59.7,0.7860156551997519,0.003373759780904373,1.0230270457884258,0.02302704578842585,0.0033242217629059264,0.7630368977859646,0.00017774355139947063,-0.049538017998446496,2,2
598,0.5980000000000004,ramp,59.8,0.7878211612846895,0.0018055060849375693,1.023050960522155,0.02305096052215494,0.0017817705027788197,0.7648186682887435,0.00017811679649980535,-0.02373558215874958,1,2
599,0.5990000000000004,ramp,59.9,0.7912029027851288,0.0033817415004393503,1.023100620702012,0.02310062070201191,0.0033322634352430268,0.7681509317239865,0.00017848943722496624,-0.049478065196323535,2,2
600,0.6000000000000004,ramp,60.0,0.7930175056429528,0.001814602857823977,1.0231245790949084,0.023124579094908393,0.0017908243662240811,0.7699417560902106,0.00017886290812663052,-0.023778491599895896,1,2
601,0.6010000000000004,ramp,60.1,0.7964072208105692,0.003389715167616436,1.0231741802842163,0.02317418028421625,0.0033402968326234363,0.7732820529228341,0.00017923577643362722,-0.049418334992999774,2,2
602,0.6020000000000004,ramp,60.2,0.7982309284958564,0.001823707685287168,1.023198182149198,0.023198182149198,0.0017998864717895266,0.7750819393946237,0.00017960947198667187,-0.02382121349764148,1,2
603,0.6030000000000004,ramp,60.3,0.8016286093514894,0.0033976808556329674,1.0232477245701233,0.02324772457012325,0.0033483220291742107,0.7784302614237979,0.0001799825667249863,-0.04935882645875668,2,2
604,0.6040000000000004,ramp,60.4,0.8034614298456887,0.0018328204941993054,1.0232717697208733,0.023271769720873303,0.0018089567455676448,0.7802392181693656,0.00018035648578946655,-0.02386374863166062,1,2
605,0.6050000000000004,ramp,60.5,0.8068670684829684,0.0034056386372797176,1.023321253594699,0.023321253594698943,0.003356339098559053,0.7835955572679246,0.00018072980581839148,-0.049299538720664476,2,2
606,0.6060000000000004,ramp,60.6,0.8087090096947989,0.0018419412118304557,1.0233453418455905,0.02334534184559045,0.0018180351141018542,0.7854135923820265,0.00018110394726395389,-0.02390609772860144,1,2
607,0.6070000000000004,ramp,60.7,0.8121225982797031,0.003413588584904259,1.0233947673927042,0.023394767392704185,0.0033643481139974045,0.7887779404960239,0.00018147749145207758,-0.049240470906854614,2,2
608,0.6080000000000004,ramp,60.8,0.8139736680456054,0.0018510697659023245,1.023418898558871,0.023418898558871026,0.001827121504389839,0.7906050620004137,0.00018185185415749567,-0.023948261512485476,1,2
609,0.6090000000000004,ramp,60.9,0.8173951988159648,0.003421530770359338,1.0234682659987766,0.023468265998776605,0.0033723491482468937,0.7939774111486606,0.00018222562138237822,-0.04918162211244416,2,2
610,0.6100000000000004,ramp,61.0,0.8192554049005453,0.0018602060845804846,1.023492439896068,0.023492439896068085,0.0018362158438909393,0.7958136269925515,0.00018260020423521798,-0.023990240689545327,1,2
611,0.6110000000000004,ramp,61.1,0.8226848701656139,0.0034294652650685986,1.0235417494473842,0.023541749447384186,0.003380342273607042,0.7991939692661586,0.00018297419338301457,-0.049122991461556485,2,2
612,0.6120000000000004,ramp,61.2,0.8245542202621342,0.0018693500965203391,1.023565965892357,0.023565965892357044,0.001845318060514199,0.8010392873266728,0.00018334899527931942,-0.02403203600614013,1,2
613,0.6130000000000004,ramp,61.3,0.8279916124021369,0.003437392140002715,1.0236152177728035,0.02361521777280351,0.0033883275619364375,0.8044276148886093,0.00018372320524453318,-0.04906457806627771,2,2
614,0.6140000000000004,ramp,61.4,0.8298701141329289,0.0018785017307919594,1.0236394765827481,0.02363947658274812,0.0018544280826084984,0.8062820429712177,0.00018409822508857622,-0.024073648183461003,1,2
615,0.6150000000000004,ramp,61.5,0.8333154255986231,0.0034453114656942674,1.0236886710091662,0.023688671009166162,0.003396305084650013,0.8096783480558678,0.00018447265477382823,-0.049006381044254185,2,2
616,0.6160000000000004,ramp,61.6,0.8352030865155171,0.0018876609168939629,1.0237129720020752,0.023712972002075228,0.0018635458389749501,0.8115418938948428,0.0001848478914778592,-0.024115077919012722,1,2
617,0.6170000000000004,ramp,61.7,0.8386563098277348,0.003453223312217646,1.0237621091904425,0.023762109190442526,0.0034042749127046446,0.8149461688075474,0.0001852225397936501,-0.048948399513001284,2,2
618,0.6180000000000004,ramp,61.8,0.8405531374125319,0.001896827584797145,1.023786452185014,0.023786452185013962,0.0018726712588643928,0.8168188400664118,0.00018559799227773642,-0.024156325932752146,1,2
619,0.6190000000000004,ramp,61.9,0.8440142651617829,0.003461127749251003,1.0238355323504085,0.023835532350408473,0.0034122371166230184,0.8202310771830348,0.00018597285814224597,-0.0488906326279845,2,2
620,0.6200000000000004,ramp,62.0,0.8459202668266744,0.0019060016648915212,1.023859917166069,0.023859917166068945,0.001881804271959274,0.8221128814549941,0.00018634852533404682,-0.024197392932247177,1,2
621,0.6210000000000004,ramp,62.1,0.849389291672644,0.0034690248459695594,1.023908940522724,0.023908940522723965,0.0034201917664866415,0.8255330732214807,0.00018672360767299558,-0.048833079482917936,2,2
622,0.6220000000000004,ramp,62.2,0.8513044747606494,0.0019151830880054233,1.0239333669795658,0.02393336697956583,0.0018909448083892302,0.82742401802987,0.0001870994885076515,-0.02423827961619304,1,2
623,0.6230000000000004,ramp,62.3,0.8547813894318459,0.003476914671196485,1.0239823337408327,0.023982333740832695,0.003428138931937338,0.8308521569618074,0.0001874747862540967,-0.04877573925914699,2,2
624,0.6240000000000004,ramp,62.4,0.8567057612172456,0.0019243717853997255,1.0240068016596653,0.02400680165966529,0.0019000927987136962,0.8327522497605211,0.00018785087967402534,-0.024278986686029295,1,2
625,0.6250000000000004,ramp,62.5,0.8601905585104639,0.003484797293218267,1.024055712038026,0.024055712038026034,0.003436078682185829,0.836188328442707,0.00018822639176829123,-0.04871861103243787,2,2
626,0.6260000000000004,ramp,62.6,0.8621241261992603,0.0019335676887963782,1.0240802212403761,0.02408022124037612,0.0019092481739288118,0.8380975766166358,0.00018860269672308277,-0.024319514867566408,1,2
627,0.6270000000000004,ramp,62.7,0.8656167989792303,0.0034926727799700075,1.0241290754474501,0.024129075447450132,0.0034440110860069414,0.8415415877026426,0.0001889784221125663,-0.04866169396306602,2,2
628,0.6280000000000004,ramp,62.8,0.8675595697095294,0.001942770730299137,1.0241536257555193,0.02415362575551927,0.0019184108654617768,0.8434599985681044,0.00018935493755884217,-0.0243598648373602,1,2
629,0.6290000000000004,ramp,62.9,0.8710601109085113,0.00350054119898191,1.024202424002073,0.024202424002073064,0.0034519362117483524,0.8469119347798527,0.0001897308751979321,-0.04860498723355776,2,2
630,0.6300000000000004,ramp,63.0,0.87301209175096,0.0019519808424486307,1.0242270152387565,0.024227015238756477,0.0019275808051711872,0.8488395155850239,0.00019010760009926015,-0.024400037277443443,1,2
631,0.6310000000000004,ramp,63.1,0.8765204943682235,0.003508402617263595,1.024275757734695,0.024275757734695036,0.003459854127324449,0.8522993697123483,0.00019048374894918896,-0.04854848993914593,2,2
632,0.6320000000000005,ramp,63.2,0.8784816923264815,0.0019611979582579986,1.0243003897235679,0.02430038972356785,0.0019367579253376991,0.854236127637686,0.00019086068227594565,-0.024440032920299438,1,2
633,0.6330000000000005,ramp,63.3,0.8819979494279743,0.0035162571014927257,1.0243490766779542,0.024349076677954162,0.0034677649002322324,0.8577038925379182,0.00019123704130471892,-0.04849220126049332,2,2
634,0.6340000000000005,ramp,63.4,0.883968371439036,0.001970422011061679,1.024373749243297,0.024373749243296938,0.00194594215867409,0.8596498346965923,0.0001916141820339691,-0.02447985238758889,1,2
635,0.6350000000000005,ramp,63.5,0.8874924761569151,0.0035241047178791174,1.024422380864325,0.02442238086432491,0.003475668597529318,0.8631255032941216,0.000191990750216266,-0.04843612034979936,2,2
636,0.6360000000000005,ramp,63.6,0.8894721290916534,0.0019796529347383407,1.0244470938311092,0.024447093831109212,0.0019551334383136184,0.8650806367324353,0.00019236809733171677,-0.024519496424722266,1,2
637,0.6370000000000005,ramp,63.7,0.8930040746238661,0.003531945532212699,1.024495670326149,0.024495670326148966,0.003483565285868996,0.8685642020183043,0.0001927448736487623,-0.048380246343703026,2,2
638,0.6380000000000005,ramp,63.8,0.8949929652873744,0.0019888906635082693,1.0245204235199883,0.024520423519988288,0.0019643316978044468,0.8705285337161087,0.00019312242614066022,-0.02455896570382251,1,2
639,0.6390000000000005,ramp,63.9,0.8985327448972709,0.0035397796098964873,1.0245689450955737,0.024568945095573724,0.0034914550314770272,0.8740199887475858,0.00019349940958014465,-0.04832457841946009,2,2
640,0.6400000000000005,ramp,64.0,0.9005308800292744,0.001998135132003531,1.0245937383428028,0.024593738342802762,0.001973536871121508,0.8759935256187074,0.00019387716644515065,-0.024598260882023257,1,2
641,0.6410000000000005,ramp,64.1,0.9040784870451923,0.003547607015917942,1.024642205204604,0.02464220520460403,0.003499337900162416,0.8794928635188698,0.00019425435600119203,-0.048269115755525914,2,2
642,0.6420000000000005,ramp,64.2,0.9060858733204917,0.0020073862752993943,1.024667038332203,0.024667038332202962,0.001982748892647524,0.8814756124115173,0.0001946323162423327,-0.024637382651870356,1,2
643,0.6430000000000005,ramp,64.3,0.9096413011352845,0.0035554278147927887,1.0247154506850702,0.024715450685070195,0.0035072139573203293,0.8849828263688376,0.00019500971091534442,-0.04821385747245943,2,2
644,0.6440000000000005,ramp,64.4,0.9116579451641649,0.0020166440288803544,1.0247403235207246,0.02474032352072464,0.0019919676971808307,0.8869747940660184,0.0001953878735419216,-0.024676331699523702,1,2
645,0.6450000000000005,ramp,64.5,0.9152211872349043,0.0035632420707394363,1.0247886815686573,0.024788681568657323,0.0035150832679403336,0.8904898773339588,0.00019576547233854545,-0.04815880279910277,2,2
646,0.6460000000000005,ramp,64.6,0.9172470955635221,0.0020259083286178203,1.0248135939407017,0.024813593940701706,0.00200119321993188,0.8924910705538907,0.0001961438363660735,-0.024715108685940262,1,2
647,0.6470000000000005,ramp,64.7,0.9208181454109758,0.003571049847453711,1.0248618978869168,0.02486189788691684,0.0035229458965916212,0.8960140164504823,0.00019652163829913825,-0.04810395086208988,2,2
648,0.6480000000000005,ramp,64.8,0.9228533245217855,0.0020351791108096373,1.0248868496243517,0.024886849624351726,0.0020104253965203284,0.8980244418470026,0.00019690020274923948,-0.02475371428930888,1,2
649,0.6490000000000005,ramp,64.9,0.9264321757301,0.003578851208314471,1.0249350996712043,0.02493509967120433,0.0035308019074422182,0.9015552437544448,0.0001972782068376494,-0.04804930087225255,2,2
650,0.6500000000000005,ramp,65.0,0.9284766320422265,0.0020444563121265746,1.024960090603713,0.02496009060371307,0.0020196641629733566,0.9035749079174182,0.00019765697073803094,-0.02479214915321803,1,2
651,0.6510000000000005,ramp,65.1,0.9320632782584801,0.0035866462162535973,1.0250082869527468,0.025008286952746817,0.003538651364250178,0.9071135592816684,0.00019803517600669527,-0.04799485200341919,2,2
652,0.6520000000000005,ramp,65.2,0.9341170181281732,0.0020537398696930387,1.025033316910653,0.025033316910652914,0.0020289094557207573,0.9091424687373891,0.00019841413839104382,-0.02483041397228136,1,2
653,0.6530000000000005,ramp,65.3,0.9377114530619707,0.003594434933797519,1.0250814597626072,0.025081459762607228,0.003546494330376061,0.9126889630677651,0.00019879254387086167,-0.047940603421457985,2,2
654,0.6540000000000005,ramp,65.4,0.9397744827829895,0.0020630297210187942,1.0251065285769136,0.025106528576913645,0.0020381612115919316,0.9147271242793571,0.000199171703778777,-0.02486850942686261,1,2
655,0.6550000000000005,ramp,65.5,0.9433767002061012,0.003602217423111731,1.0251546181317062,0.025154618131706163,0.0035543308687770703,0.9182814551481342,0.0001995503085065024,-0.04788655433466066,2,2
656,0.6560000000000005,ramp,65.6,0.9454490260100374,0.002072325803936237,1.0251797256340804,0.02517972563408044,0.002047419367821387,0.9203288745159556,0.0001999296649834721,-0.02490643611484985,1,2
657,0.6570000000000005,ramp,65.7,0.9490590197560053,0.003609993745967821,1.0252277620907932,0.02522776209079325,0.0035621610420092293,0.9238910355579648,0.00020030846800171093,-0.04783270395859176,2,2
658,0.6580000000000005,ramp,65.8,0.951140647812771,0.0020816280567657053,1.025252908113537,0.025252908113537087,0.002056683862039546,0.9259477194200043,0.00020068802009898826,-0.024944194726159077,1,2
659,0.6590000000000005,ramp,65.9,0.954758411776439,0.003617763963668086,1.0253008916705046,0.025300891670504644,0.0035699849122322828,0.9295177043322366,0.00020106702045610106,-0.04777905143580306,2,2
660,0.6600000000000005,ramp,66.0,0.9568493481946763,0.0020909364182372103,1.0253260760465848,0.025326076046584767,0.0020659546322730022,0.9315836589645096,0.00020144676723071487,-0.024981785964208088,1,2
661,0.6610000000000005,ramp,66.1,0.9604748763318619,0.0036255281371856407,1.025374006901287,0.025374006901287105,0.0035778025412145508,0.9351614615057241,0.0002018259639807764,-0.04772559597108995,2,2
662,0.6620000000000005,ramp,66.2,0.9625751271592403,0.0021002508273784137,1.0253992294643524,0.025399229464352358,0.002075231616939172,0.9372366931226632,0.00020220590449538357,-0.02501921043924181,1,2
663,0.6630000000000005,ramp,66.3,0.966208413486366,0.0036332863271256732,1.0254471078134768,0.02544710781347681,0.0035856139903312784,0.9408223071129945,0.00020258529669812963,-0.047672336794394796,2,2
664,0.6640000000000005,ramp,66.4,0.9683179847099902,0.002109571223624207,1.0254723683977616,0.02547236839776157,0.002084514754850103,0.9429068218678446,0.00020296543002105475,-0.025056468774104033,1,2
665,0.6650000000000005,ramp,66.5,0.9719590233036893,0.0036410385936991307,1.0255201944372168,0.02552019443721676,0.0035934193205619364,0.9465002411884065,0.00020334501674178614,-0.04761927313719433,2,2
666,0.6660000000000005,ramp,66.6,0.974077920850559,0.002118897546869669,1.0255454928776633,0.02554549287766328,0.0020938039852056987,0.9485940451736121,0.0002037253419469069,-0.025093561663970445,1,2
667,0.6670000000000005,ramp,66.7,0.9777267058472103,0.003648784996651333,1.0255932668025693,0.025593266802569348,0.0036012185925095165,0.9521952637661216,0.00020410512225646894,-0.04756640414181655,2,2
668,0.6680000000000005,ramp,66.8,0.9798549355845338,0.002128229737323517,1.0256186029347263,0.025618602934726287,0.0021030992475905065,0.9542983630137122,0.00020448563842317082,-0.0251304897330106,1,2
669,0.6690000000000005,ramp,66.9,0.9835114611799735,0.003656525595439608,1.0256663249393823,0.025666324939382257,0.003609011866375333,0.9579073748800875,0.00020486561139791294,-0.04751372906427499,2,2
670,0.6700000000000005,ramp,67.0,0.9856490289156021,0.002137567735628676,1.0256916985994584,0.025691698599458412,0.0021124004819822193,0.9600197753620697,0.00020524631761103192,-0.025167253646456687,1,2
671,0.6710000000000005,ramp,67.1,0.9893132893646951,0.0036642604490929598,1.0257393688774061,0.025739368877406132,0.0036167992019900314,0.9636365745640597,0.0002056264823327167,-0.04746124710292834,2,2
672,0.6720000000000005,ramp,67.2,0.9914602008474505,0.002146911482755365,1.0257647799022558,0.025764779902255786,0.0021217076287333102,0.965758282192793,0.00020600737768251292,-0.02520385402205458,1,2
673,0.6730000000000005,ramp,67.3,0.995132190463734,0.0036719896162835663,1.0258123986462317,0.02581239864623175,0.0036245806587946357,0.9693828628515877,0.00020638773323827775,-0.047408957488930675,2,2
674,0.6740000000000005,ramp,67.4,0.9972884513838444,0.002156260920110342,1.025837846873336,0.025837846873336012,0.002131020628580314,0.971513883480168,0.00020676881682035243,-0.02524029153002814,1,2
675,0.6750000000000005,ramp,67.5,1.0009681645391286,0.003679713155284259,1.0258854142753084,0.025885414275308438,0.0036323562958545785,0.9751462397760225,0.0002071493623026915,-0.047356859429680334,2,2
676,0.6760000000000005,ramp,67.6,1.00313378052852,0.0021656159893914673,1.0259108995427955,0.025910899542795462,0.0021403394226363294,0.9772865791986589,0.00020753063321794573,-0.025276566755137904,1,2
677,0.6770000000000005,ramp,67.7,1.0068212116525588,0.003687431124038687,1.025958415793955,0.02595841579395497,0.003640126171858604,0.9809267053705175,0.00020791136772460142,-0.04730495218008279,2,2
678,0.6780000000000005,ramp,67.8,1.0089961882853384,0.002174976632779657,1.0259839379405722,0.025983937940572188,0.0021496639523925255,0.9830763693229101,0.00020829282507919955,-0.02531268038713161,1,2
679,0.6790000000000005,ramp,67.9,1.0126913318653687,0.0036951435800303134,1.0260314032313513,0.026031403231351335,0.0036478903451179533,0.986724259668028,0.0002086737477131625,-0.0472532349123601,2,2
680,0.6800000000000005,ramp,68.0,1.0148756746581244,0.0021843427927557,1.0260569620964728,0.02605696209647279,0.0021589941597129144,0.9888832538277409,0.00020905539061846106,-0.02534863304278585,1,2
681,0.6810000000000005,ramp,68.1,1.0185785252386261,0.003702850580501682,1.0261043766165219,0.026104376616521874,0.003655648873568762,0.9925389027013096,0.00020943650048789808,-0.04720170693291994,2,2
682,0.6820000000000005,ramp,68.2,1.0207722396507988,0.0021937144121726426,1.0261299720401709,0.026129972040170868,0.0021683299868396643,0.9947072326881493,0.0002098183280604497,-0.025384425332978296,1,2
683,0.6830000000000005,ramp,68.3,1.024482791832992,0.003710552182193183,1.0261773359783501,0.026177335978350147,0.0036634018147767683,0.9983706345029261,0.00021019962427865286,-0.04715036741641471,2,2
684,0.6840000000000005,ramp,68.4,1.026685883267295,0.002203091434302973,1.0262029678011633,0.02620296780116327,0.0021776713763775692,1.0005483058793037,0.00021058163564007516,-0.02542005792540358,1,2
685,0.6850000000000005,ramp,68.5,1.030404131708865,0.0037182484415700934,1.0262502813456233,0.02625028134562335,0.003671149225945252,1.004219455105249,0.00021096311732544644,-0.04709921562484143,2,2
686,0.6860000000000005,ramp,68.6,1.0326166055115804,0.0022124738027153867,1.0262759494088642,0.02627594940886424,0.0021870182713022005,1.0064064733765512,0.00021134531160244514,-0.025455531413186207,1,2
687,0.6870000000000005,ramp,68.7,1.0363425449262893,0.00372593941470889,1.0263232127469417,0.026323212746941715,0.0036788911638970037,1.0100853645404482,0.00021172697787842336,-0.04704825081188607,2,2
688,0.6880000000000005,ramp,68.8,1.0385644063876358,0.002221861461346508,1.0263489168924924,0.026348916892492413,0.00219637061496264,1.0122817351554108,0.00021210935420272361,-0.025490846383868348,1,2
689,0.6890000000000005,ramp,68.9,1.0422980315449435,0.003733625157307685,1.0263961302108222,0.02639613021082221,0.003686627685098103,1.015968362840509,0.00021249120419773845,-0.04699747220958221,2,2
690,0.6900000000000005,ramp,69.0,1.0445292858995632,0.002231254354619683,1.026421870281179,0.026421870281178927,0.002205728351061602,1.0181740911915707,0.00021287376170603118,-0.025526003558080587,1,2
691,0.6910000000000005,ramp,69.1,1.0482705916242927,0.0037413057247295267,1.0264690337655904,0.0264690337655904,0.0036943588456523073,1.021868450037223,0.00021325579455347708,-0.0469468790772194,2,2
692,0.6920000000000005,ramp,69.2,1.0505112440514366,0.0022406524271438855,1.0264948096038888,0.026494809603888836,0.002215091423670774,1.0240835414608938,0.00021363853238741203,-0.025561003473111455,1,2
693,0.6930000000000005,ramp,69.3,1.0542602252233761,0.0037489811719395583,1.0265419234394861,0.026541923439486137,0.0037020847012964927,1.0277856261621903,0.00021402074722559118,-0.04689647064306558,2,2
694,0.6940000000000005,ramp,69.4,1.0565102808473776,0.00225005562400149,1.0265677348894577,0.02656773488945774,0.0022244597772200316,1.0300100859394103,0.00021440366453167462,-0.02559584678145854,1,2
695,0.6950000000000005,ramp,69.5,1.0602669323987477,0.0037566515513700605,1.0266147992954204,0.026614799295420433,0.0037098052693216896,1.033719891208732,0.00021478605877837305,-0.046846282048370894,2,2
696,0.6960000000000005,ramp,69.6,1.0625263963627776,0.002259463964029873,1.0266406461980693,0.026640646198069273,0.0022338334333031153,1.0359537246420352,0.0002151691523815285,-0.02563053072675769,1,2
697,0.6970000000000005,ramp,69.7,1.0662907132060007,0.0037643168432230922,1.0266876613226408,0.026687661322640777,0.0037175206029538125,1.039671245244989,0.0002155517265978114,-0.04679624026927972,2,2
698,0.6980000000000005,ramp,69.8,1.0685595905312746,0.0022688773252739214,1.0267135435258585,0.02671354352585853,0.0022432122630331374,1.0419144575080221,0.00021593499791919,-0.025665062240783944,1,2
699,0.6990000000000005,ramp,69.9,1.0723315677065495,0.0037719771752748876,1.0267605095525472,0.026760509552547163,0.003725230793645723,1.0456396883016679,0.0002163177515683362,-0.04674638162916475,2,2
700,0.7000000000000005,ramp,70.0,1.0746098633579138,0.0022782956513642816,1.0267864269021638,0.026786426902163818,0.002252596212154555,1.0478922845138223,0.00021670119985296108,-0.025699439209726435,1,2
701,0.7010000000000005,ramp,70.1,1.078389495958451,0.003779632600537264,1.0268333440131634,0.026833344013163396,0.003732935895767553,1.05162522040959,0.00021708413212248262,-0.04669670476971062,2,2
702,0.7020000000000005,ramp,70.2,1.0806772148470967,0.002287718888645651,1.026859296355429,0.026859296355429052,0.002261985226537384,1.0538872056361273,0.00021746775654795305,-0.02573366210826709,1,2
703,0.7030000000000005,ramp,70.3,1.0844644980192886,0.003787283172191902,1.0269061647320918,0.026906164732091842,0.003740635963288963,1.0576278415994163,0.00021785086660495328,-0.046647208902939136,2,2
704,0.7040000000000005,ramp,70.4,1.0867616450031787,0.0022971469838901637,1.0269321519138273,0.02693215191382725,0.0022713792523934673,1.0598992208518097,0.0002182346663432819,-0.02576773149669644,1,2
705,0.7050000000000005,ramp,70.5,1.0905565739462646,0.0037949289430858624,1.0269789717367908,0.026978971736790758,0.0037483310498156053,1.0636475519016253,0.00021861795335488164,-0.046597893270257026,2,2
706,0.7060000000000005,ramp,70.6,1.0928631538304492,0.0023065798841845897,1.0270049936053927,0.027004993605392658,0.0022807782362738965,1.0659283301378992,0.00021900192758051386,-0.025801647910693188,1,2
707,0.7070000000000005,ramp,70.7,1.0966657237962554,0.0038025699658061907,1.0270517650545443,0.02705176505454432,0.003756021208615164,1.0696843513465144,0.00021938539071738567,-0.04654875719102688,2,2
708,0.7080000000000005,ramp,70.8,1.098981741333347,0.0023160175370915415,1.0270778214580456,0.027077821458045603,0.0022901821250803246,1.0719745334715947,0.00021976953860890463,-0.025835412011216904,1,2
709,0.7090000000000005,ramp,70.9,1.102791947625848,0.0038102062925011726,1.02712454471257,0.027124544712570087,0.003763706492608568,1.0757382399642033,0.00022015317704614397,-0.0464997998926046,2,2
710,0.7100000000000005,ramp,71.0,1.105117407516321,0.0023254598904729473,1.027150635499582,0.027150635499582076,0.002299590866059412,1.0780378308302627,0.0002205374977866805,-0.025869024413535408,1,2
711,0.7110000000000005,ramp,71.1,1.1089352454913373,0.003817837975016225,1.0271973107378989,0.027197310737898883,0.0037713869543610713,1.0818092177846237,0.00022092131070397522,-0.04645102065515367,2,2
712,0.7120000000000005,ramp,71.2,1.1112701523838069,0.0023349068924696237,1.0272234357576442,0.027223435757644188,0.002309004406795757,1.0841182221914194,0.00022130580348121544,-0.02590248567386653,1,2
713,0.7130000000000005,ramp,71.3,1.115095617448727,0.003825465064920097,1.0272700631574991,0.027270063157499136,0.003779062646117781,1.0878972848375372,0.00022168979006283597,-0.04640241880231625,2,2
714,0.7140000000000005,ramp,71.4,1.117439975940309,0.002344358491582099,1.0272962222597601,0.02729622225976014,0.0023184226952151707,1.0902157075327523,0.0002220744540690967,-0.0259357963669285,1,2
715,0.7150000000000005,ramp,71.5,1.121273063553681,0.003833087613371866,1.0273428019981738,0.02734280199817385,0.0037867336197652925,1.0940024411525175,0.00022245861350389903,-0.0463539936065736,2,2
716,0.7160000000000005,ramp,71.6,1.1236268781904228,0.002353814636741891,1.0273689950333538,0.02736899503335377,0.002327845679587231,1.0963302868321048,0.00022284344793599534,-0.02596895715466013,1,2
717,0.7170000000000005,ramp,71.7,1.1274675838616082,0.0038407056711853294,1.027415527286635,0.02741552728663499,0.003794399926858558,1.1001246867589634,0.00022322777941734782,-0.04630574432677118,2,2
718,0.7180000000000005,ramp,71.8,1.1298308591387007,0.002363275277092569,1.0274417541057173,0.027441754105717253,0.0023372733085172607,1.1024619600674805,0.00022361278347661427,-0.026001968575308388,1,2
719,0.7190000000000005,ramp,71.9,1.1336791784276035,0.003848319288902724,1.0274882390494418,0.027488239049441754,0.003802061618616497,1.106264021686097,0.00022399728620233497,-0.046257670286227195,2,2
720,0.7200000000000005,ramp,72.0,1.1360519187898006,0.0023727403621971455,1.027514499504002,0.027514499504001977,0.0023467055309417937,1.108610727217039,0.00022438245909453032,-0.026034831255351745,1,2
721,0.7210000000000005,ramp,72.1,1.1399078473064777,0.003855928516677043,1.027560937313065,0.02756093731306497,0.0038097187459254778,1.1124204459629643,0.00022476713226685438,-0.04620977075156518,2,2
722,0.7220000000000005,ramp,72.2,1.1422900571483732,0.0023822098418955218,1.0275872312552516,0.027587231255251643,0.002356142296136047,1.1147765882591003,0.0002251524732021155,-0.026067545759474783,1,2
723,0.7230000000000005,ramp,72.3,1.1461535905527573,0.0038635334043841674,1.027633622103845,0.0276336221038449,0.0038173713593348444,1.118593959618435,0.00022553731602766735,-0.046162045049322975,2,2
724,0.7240000000000005,ramp,72.4,1.148545274219115,0.002391683666357558,1.0276599493863932,0.027659949386393157,0.002365583553704226,1.1209595431721393,0.00022592282422048286,-0.02610011265333223,1,2
725,0.7250000000000005,ramp,72.5,1.1524164082206665,0.0038711340015515905,1.027706293448017,0.027706293448017005,0.0038250195090676993,1.124784562681207,0.0002263078359102256,-0.04611449248389122,2,2
726,0.7260000000000005,ramp,72.6,1.154817570394054,0.0024011621733874833,1.027732653774237,0.02773265377423706,0.0023750297990390535,1.127159592480246,0.00022669347953821486,-0.02613237434842975,2,2
727,0.7270000000000005,ramp,72.7,1.158696299688988,0.003878729294934047,1.027778951193599,0.027778951193599077,0.003832662210550686,1.1309922546907967,0.00022707862674303044,-0.04606708438336087,2,2
728,0.7280000000000005,ramp,72.8,1.1611069452704197,0.0024106455814316696,1.0278053445694988,0.02780534456949879,0.002384480931467813,1.1333767356222644,0.00022746443398728294,-0.02616464996385657,2,2
729,0.7290000000000005,ramp,72.9,1.1649932656756992,0.0038863204052794753,1.0278515955361247,0.027851595536124707,0.0038403005399002973,1.1372170361621647,0.0002278497477642428,-0.04601986537917804,2,2
730,0.7300000000000005,ramp,73.0,1.1674133988746467,0.002420133198947516,1.027878021822343,0.02787802182234289,0.002393936412993829,1.1396109725751586,0.00022823571969437197,-0.026196785953687147,2,2
731,0.7310000000000005,ramp,73.1,1.1713073062425339,0.003893907367887195,1.0279242265104465,0.02792422651044646,0.0038479345475872324,1.143458907122746,0.00022862119997426654,-0.04597282029996253,2,2
732,0.7320000000000005,ramp,73.2,1.1737369312156598,0.0024296249731259323,1.0279506855635978,0.02795068556359781,0.0024033961949081434,1.145862303317654,0.00022900733616505563,-0.026228778217788924,2,2
733,0.7330000000000005,ramp,73.3,1.1776384214447757,0.0039014902291159004,1.02799684414476,0.027996844144760002,0.0038555642826971297,1.1497178676003512,0.00022939298236593464,-0.04592594641877065,2,2
734,0.7340000000000005,ramp,73.4,1.180077542299598,0.00243912085482223,1.0280233358209983,0.028023335820998252,0.0024128602285165635,1.1521307278288677,0.00022977928216567217,-0.026260626305666356,2,2
735,0.7350000000000005,ramp,73.5,1.1839866113360078,0.003909069036409862,1.0280694484655892,0.02806944846558923,0.003863189793883953,1.1559939176227516,0.00023016509358951394,-0.04587924252590948,2,2
736,0.7360000000000005,ramp,73.6,1.1864352321319132,0.002448620795905354,1.0280959726213674,0.028095972621367427,0.0024223284653872505,1.1584162460881389,0.0002305515562821645,-0.02629233051810358,2,2
737,0.7370000000000005,ramp,73.7,1.1903518759691514,0.003916643837238221,1.028142039498832,0.028142039498832094,0.0038708111294487512,1.1622870572175876,0.00023093753219322944,-0.045832707789469386,2,2
738,0.7380000000000005,ramp,73.8,1.1928100007178324,0.002458124748681012,1.0281685959909779,0.028168595990977874,0.002431800857403631,1.1647188580749912,0.00023132415704018797,-0.026323891277380863,2,2
739,0.7390000000000005,ramp,73.9,1.1967342153965408,0.003924214678708404,1.0282146172700133,0.028214617270013287,0.003878428337365826,1.168597286412357,0.0002317102966892101,-0.04578634134257825,2,2
740,0.7400000000000005,ramp,74.0,1.1992018480623527,0.0024676326658119585,1.028241205955889,0.02824120595588897,0.0024412773567506043,1.1710385637691076,0.000232097082943959,-0.02635530906135424,2,2
741,0.7410000000000005,ramp,74.1,1.2031336296701958,0.003931781607843021,1.0282871818044794,0.028287181804479422,0.0038860414652860456,1.1749246052343938,0.0002324833855773318,-0.045740142556975616,2,2
742,0.7420000000000005,ramp,74.2,1.2056107741705653,0.0024771445003695103,1.0283138025419893,0.02831380254198934,0.0024507579159345075,1.1773753631503283,0.00023287033249147826,-0.026386584435002768,2,2
743,0.7430000000000005,ramp,74.3,1.2095501188417996,0.003939344671234357,1.0283597331273817,0.028359733127381714,0.0038936505605491455,1.1812690137108774,0.000233256797355429,-0.045694110685211634,2,2
744,0.7440000000000005,ramp,74.4,1.2120367790474729,0.00248666020567323,1.0283863857749533,0.028386385774953338,0.0024602424877636035,1.183729256198641,0.0002336439041815864,-0.026417717909626645,2,2
745,0.7450000000000006,ramp,74.5,1.2159836829627386,0.003946903915265754,1.0284322712637648,0.028432271263764797,0.0039012556701814066,1.1876305118688224,0.00023403053052415418,-0.04564824508434704,2,2
746,0.7460000000000006,ramp,74.6,1.2184798626981574,0.002496179735418824,1.0284589556803811,0.02845895568038115,0.0024697310253597874,1.1901002428941823,0.00023441779651730502,-0.026448710059036838,2,2
747,0.7470000000000006,ramp,74.7,1.2224343220840823,0.003954459385924869,1.0285047962385145,0.02850479623851454,0.00390885684089974,1.194009099735082,0.0002348045835893741,-0.04560254502512882,2,2
748,0.7480000000000006,ramp,74.8,1.2249400251277034,0.002505703043621077,1.028531512283714,0.028531512283713978,0.002479223482158962,1.196488323217241,0.0002351920080076956,-0.026479561462114908,2,2
749,0.7490000000000006,ramp,74.9,1.228902036256707,0.003962011129003518,1.028577308076427,0.02857730807642711,0.0039164541191034075,1.2004047773363444,0.00023557895506354272,-0.045557009900110135,2,2
750,0.7500000000000006,ramp,75.0,1.2314172663412133,0.0025152300845063813,1.0286040556103024,0.028604055610302437,0.0024887198119047382,1.2028934971482492,0.0002359665371687615,-0.02651027260164307,2,2
751,0.7510000000000006,ramp,75.1,1.2353868255311231,0.0039695591899098215,1.0286498068021757,0.02864980680217566,0.003924047550885954,1.2068175446991352,0.00023635364346636403,-0.04551163902386749,2,2
752,0.7520000000000006,ramp,75.2,1.2379115863438876,0.002524760812764537,1.0286765856853677,0.028676585685367684,0.0024982199686479894,1.2093157646677832,0.0002367413825239982,-0.026540844116547738,2,2
753,0.7530000000000006,ramp,75.3,1.2418886899576749,0.003977103613787225,1.0287222924403485,0.028722292440348518,0.00393163718203922,1.2132474018498225,0.0002371286473251877,-0.045466431748005486,2,2
754,0.7540000000000006,ramp,75.4,1.2444229851409034,0.002534295183228563,1.02874910253405,0.028749102534050053,0.002507723906740618,1.215755125756563,0.00023751654260463194,-0.02657127648794536,2,2
755,0.7550000000000006,ramp,75.5,1.2484076295863336,0.003984644445430119,1.0287947650153937,0.028794765015393686,0.003939223058049418,1.2196943488146126,0.0002379039651751834,-0.045421387380700784,2,2
756,0.7560000000000006,ramp,75.6,1.2509514627375045,0.0025438331511709045,1.0288216061813669,0.028821606181366866,0.0025172315808395028,1.222211580395452,0.00023829201594982845,-0.026601570331401692,2,2
757,0.7570000000000006,ramp,75.7,1.2549436444669002,0.0039921817293957496,1.0288672245516597,0.028867224551659687,0.003946805224103182,1.2261583856195553,0.0002386795955594696,-0.045376505292567954,2,2
758,0.7580000000000006,ramp,75.8,1.257497019138969,0.002553374672068731,1.0288940966521818,0.02889409665218179,0.002526742945900261,1.2286851285654554,0.00023906780110662755,-0.026631726168470024,2,2
759,0.7590000000000006,ramp,75.9,1.2614967346488968,0.003999715509927837,1.0289396710734466,0.028939671073446638,0.003954383725080654,1.232639512290536,0.00023945553702907447,-0.04533178484718292,2,2
760,0.7600000000000006,ramp,76.0,1.2640596543505624,0.002562919701665667,1.0289665739713363,0.028966573971336285,0.0025362579571820048,1.235175770247718,0.00023984389663003197,-0.02666174448366209,2,2
761,0.7610000000000006,ramp,76.1,1.2680669001815592,0.004007245830996764,1.029012104604887,0.029012104604887012,0.003961958605568656,1.2391377288532865,0.00024023178814295803,-0.04528722542810823,2,2
762,0.7620000000000006,ramp,76.2,1.270639368377733,0.0025724681961738494,1.0290390381635457,0.029039038163545694,0.0025457765702427346,1.2416835054235293,0.0002406203010829397,-0.026691625931114793,2,2
763,0.7630000000000006,ramp,76.3,1.2746541411138919,0.0040147727361588,1.0290845251700227,0.02908452517002269,0.003969529909851588,1.245653035333381,0.00024100834746795094,-0.04524282630721278,2,2
764,0.7640000000000006,ramp,76.4,1.2772361612258216,0.0025820201119297614,1.0291114892533952,0.02911148925339524,0.0025552987409346107,1.2482083340743155,0.00024139701303608978,-0.026721370995150782,2,2
765,0.7650000000000006,ramp,76.5,1.2812584574946473,0.004022296268825665,1.0291569327928396,0.029156932792839596,0.003977097681920241,1.2521854317562358,0.0002417852135786907,-0.04519858690542333,2,2
766,0.7660000000000006,ramp,76.6,1.283850032900274,0.0025915754056267115,1.0291839272653596,0.029183927265359566,0.002564824425404432,1.2547502561816402,0.00024217403106803232,-0.02675098022227951,2,2
767,0.7670000000000006,ramp,76.7,1.2878798493723167,0.004029816472042702,1.0292293274971929,0.02922932749719287,0.00398466196547665,1.2587349181471168,0.00024256238505760333,-0.0451545065660525,2,2
768,0.7680000000000006,ramp,76.8,1.2904809834065658,0.0026011340342491085,1.0292563522238634,0.029256352223863358,0.0025743535800905244,1.2613092717272074,0.00024295135376500447,-0.026780454158584124,2,2
769,0.7690000000000006,ramp,76.9,1.294518316795141,0.004037333388575259,1.0293017093068237,0.029301709306823742,0.003992222803924325,1.2653014945311318,0.00024333986049475124,-0.04511058465093455,2,2
770,0.7700000000000006,ramp,77.0,1.2971290127501953,0.002610695955054254,1.0293287641531925,0.02932876415319252,0.002583886161724734,1.2678853806928565,0.00024372897972088484,-0.026809793329520167,2,2
771,0.7710000000000006,ramp,77.1,1.3011738598111324,0.004044847060937107,1.0293740782453913,0.02937407824539129,0.003999780240377792,1.2718851609332342,0.00024411763848784126,-0.045066820559314796,2,2
772,0.7720000000000006,ramp,77.2,1.3037941209367616,0.0026202611256291863,1.029401163077548,0.02940116307754792,0.0025934221273315006,1.2744785830605658,0.0002445069075371652,-0.026838998297685785,2,2
773,0.7730000000000006,ramp,77.3,1.3078464784680384,0.004052357531276751,1.0294464343364766,0.029446434336476646,0.004007334317660131,1.278485917378226,0.0002448957176420972,-0.04502321361661999,2,2
774,0.7740000000000006,ramp,77.4,1.3104763079718171,0.002629829503778769,1.029473549021007,0.02947354902100696,0.0026029614342241623,1.2810888788124501,0.00024528513582280426,-0.026868069554606636,2,2
775,0.7750000000000006,ramp,77.5,1.3145361728133755,0.004059864841558403,1.0295187776035315,0.0295187776035315,0.004014885078309727,1.2851037638907599,0.00024567409657021654,-0.044979763248675746,2,2
776,0.7760000000000006,ramp,77.6,1.3171755738609843,0.002639401047608736,1.0295459220075591,0.029545922007559122,0.002612504039992442,1.2877162679307523,0.00024606366319419973,-0.026897007616294,2,2
777,0.7770000000000006,ramp,77.7,1.3212429428943646,0.004067369033380341,1.0295911080699263,0.029591108069926264,0.004022432564582299,1.2917387004953347,0.000246452773892301,-0.04493646879804268,2,2
778,0.7780000000000006,ramp,77.8,1.323891918609989,0.00264897571562428,1.0296182820611204,0.029618282061120382,0.0026220499025226022,1.2943607503978574,0.00024684248827512665,-0.026925813101677694,2,2
779,0.7790000000000006,ramp,77.9,1.3279667887580235,0.004074870148034648,1.0296634257589266,0.029663425758926554,0.0040299768184447115,1.298390727216302,0.00024723174823576403,-0.04489332958993678,2,2
780,0.7800000000000006,ramp,78.0,1.3306253422244854,0.0026585534664618216,1.0296906292054797,0.029690629205479713,0.0026315989799776582,1.3010223261962797,0.0002476216096966093,-0.026954486484163324,2,2
781,0.7810000000000006,ramp,78.1,1.3347077104511245,0.004082368226639099,1.0297357306937258,0.029735730693725815,0.004037517881578134,1.3050598440778578,0.000248011018235271,-0.04485034506096497,2,2
782,0.7820000000000006,ramp,78.2,1.3373758447102182,0.002668134259093735,1.0297629634643142,0.029762963464314174,0.0026411512308105504,1.3077009953086685,0.00024840102609693563,-0.026983028283184777,2,2
783,0.7830000000000006,ramp,78.3,1.3414657080202468,0.004089863310028585,1.0298080228973738,0.02980802289737383,0.0040450557953896635,1.3117460511040582,0.0002487905825326774,-0.04480751463892176,2,2
784,0.7840000000000006,ramp,78.4,1.344143426073002,0.0026777180527552957,1.0298352848612569,0.02983528486125686,0.0026507066137455996,1.3143967577178037,0.00024918073612150267,-0.02701143900969618,2,2
785,0.7850000000000006,ramp,78.5,1.3482407815116073,0.0040973554386052324,1.0298803023928897,0.029880302392889746,0.004052590601003572,1.3184493483188073,0.00024957043977696084,-0.04476483760166086,2,2
786,0.7860000000000006,ramp,78.6,1.3509280863186228,0.0026873048070155114,1.0299075934198045,0.029907593419804535,0.002660265087786876,1.3211096134065943,0.00024996073842283473,-0.027039719228635385,2,2
787,0.7870000000000006,ramp,78.7,1.3550329309713356,0.004104844652712769,1.0299525692031455,0.029952569203145485,0.004060122339270368,1.3251697357458647,0.0002503505886241527,-0.04472231344240102,2,2
788,0.7880000000000006,ramp,78.8,1.3577298254529502,0.0026968944816145868,1.0299798891633707,0.029979889163370688,0.0026698266122184983,1.3278395623580832,0.00025074103166047775,-0.027067869396088517,2,2
789,0.7890000000000006,ramp,78.9,1.3618421564452,0.004112330992249724,1.030024823350941,0.030024823350941032,0.0040676510507579875,1.3319072134088412,0.0002511310277372854,-0.04467994149173673,2,2
790,0.7900000000000006,ramp,79.0,1.3645486434818985,0.0027064870366986238,1.0300521721152494,0.030052172115249354,0.0026793911466000933,1.3345866045554413,0.0002515216145009031,-0.027095890098530456,2,2
791,0.7910000000000006,ramp,79.1,1.3686684579787676,0.004119814496869045,1.030097064858978,0.030097064858978007,0.004075176775761304,1.3386617813312027,0.0002519117557863029,-0.04463772110774138,2,2
792,0.7920000000000006,ramp,79.2,1.3713845404113825,0.002716082432614897,1.0301244422986868,0.030124442298686827,0.0026889586507677452,1.3413507399819704,0.0002523024856174955,-0.02712378184715168,2,2
793,0.7930000000000006,ramp,79.3,1.3755118356174523,0.004127295206069803,1.030169293749876,0.03016929374987609,0.004082699554302038,1.3454334395362724,0.00025269277144804336,-0.04459565176776533,2,2
794,0.7940000000000006,ramp,79.4,1.3782375162473477,0.0027256806298954217,1.0301966997367726,0.030196699736772636,0.002698529084825596,1.348131968621098,0.00025308364369051607,-0.027151545069825644,2,2
795,0.7950000000000006,ramp,79.5,1.3823722894063337,0.004134773158986027,1.0302415100461502,0.030241510046150166,0.004090219426133116,1.3522221880472312,0.00025347407340612797,-0.044553732852911296,2,2
796,0.7960000000000006,ramp,79.6,1.3851075709958083,0.0027352815894745586,1.030268944452571,0.030268944452571,0.0027081024091462533,1.3549302904563774,0.00025386508740698495,-0.027179180328305245,2,2
797,0.7970000000000006,ramp,79.7,1.3892498193902687,0.004142248394460424,1.0303137137702532,0.03031371377025316,0.004097736430738533,1.359028026887116,0.00025425566035095756,-0.044511963721891035,2,2
798,0.7980000000000006,ramp,79.8,1.3919947046628178,0.0027448852725491246,1.0303411764689892,0.03034117646898915,0.002717678584378709,1.3617457054714948,0.0002546468154606087,-0.027206688170415723,2,2
799,0.7990000000000006,ramp,79.9,1.3961444256139315,0.004149720951113656,1.0303859049444735,0.030385904944473463,0.004105250607327184,1.365850956078822,0.0002550375309796242,-0.04447034378647196,2,2
800,0.8000000000000006,ramp,80.0,1.3988989172544326,0.002754491640501122,1.0304133958089035,0.030413395808903454,0.0027272575714362233,1.3685782136502582,0.0002554288265518244,-0.027234069064898878,2,2
801,0.8010000000000006,ramp,80.1,1.4030561081217827,0.0041571908673501135,1.030458083591096,0.03045808359109592,0.004112761994844568,1.372690975645103,0.00025581968399585714,-0.044428872505545246,2,2
802,0.8020000000000006,ramp,80.2,1.4058202087767784,0.0027641006549956604,1.0304856024950488,0.030485602495048836,0.0027368393314969154,1.3754278149765997,0.00025621111938766144,-0.02726132349874493,2,2
803,0.8030000000000006,ramp,80.3,1.4099848669579282,0.004164658181149861,1.030530249732282,0.03053024973228191,0.004120270631971435,1.3795480856085711,0.0002566021181099476,-0.044387549178425724,2,2
804,0.8040000000000006,ramp,80.4,1.4127585792359825,0.00277371227805423,1.030557796550058,0.03055779655005808,0.002746423826011438,1.3822945094345827,0.0002569936926816765,-0.027288452042791966,2,2
805,0.8050000000000006,ramp,80.5,1.4169307021664528,0.004172122930470312,1.0306024033900738,0.030602403390073807,0.00412777655711813,1.3864222859917008,0.00025738483203877234,-0.0443463733521823,2,2
806,0.8060000000000006,ramp,80.6,1.419714028638246,0.002783326471793135,1.0306299779965433,0.030629977996543323,0.0027560110166850913,1.389178297008386,0.0002577765451539885,-0.027315455108043677,2,2
807,0.8070000000000006,ramp,80.7,1.423893613790991,0.00417958515274508,1.0306745445864638,0.030674544586463792,0.004135279808443985,1.3933135768168299,0.00025816782450564405,-0.04430534430109514,2,2
808,0.8080000000000006,ramp,80.8,1.4266865569897997,0.0027929431988087394,1.0307021468569548,0.030702146856954826,0.0027656008654865353,1.3960791776823165,0.00025855967553112074,-0.027342333322204117,2,2
809,0.8090000000000006,ramp,80.9,1.430873601875178,0.004187044885378244,1.0307466733433412,0.030746673343341246,0.004142780423838111,1.4002219581061546,0.0002589510942403335,-0.04426446154013296,2,2
810,0.8100000000000006,ramp,81.0,1.4336761642968259,0.0028025624216478917,1.030774303153696,0.030774303153696003,0.0027751933346485927,1.402997151440803,0.00025934308254604594,-0.027369086999299002,2,2
811,0.8110000000000006,ramp,81.1,1.4378706664622638,0.00419450216543793,1.0308187896825316,0.0308187896825316,0.004150278440929619,1.4071474298817326,0.0002597346399789717,-0.044223724508311336,2,2
812,0.8120000000000006,ramp,81.2,1.4406828505657008,0.0028121841034369766,1.0308464469090552,0.030846446909055247,0.0027847883866669604,1.4099322182683995,0.0002601267649380384,-0.027395716770016107,2,2
813,0.8130000000000006,ramp,81.3,1.4448848075953076,0.004201957029606795,1.030890893625703,0.030890893625703075,0.004157773897091701,1.4140899921654912,0.00026051846046400986,-0.044183132515094106,2,2
814,0.8140000000000006,ramp,81.4,1.4477066158026826,0.0028218082073749873,1.0309185781452421,0.030918578145242126,0.002794385984280852,1.4168843781497722,0.00026091072145272525,-0.027422223094135216,2,2
815,0.8150000000000006,ramp,81.5,1.4519160253171801,0.004209409514497553,1.0309629851945425,0.030962985194542547,0.0041652668294477405,1.42104964497922,0.00026130255444420104,-0.0441426850498125,2,2
816,0.8160000000000006,ramp,81.6,1.4547474600141435,0.002831434696963342,1.0309906968843914,0.030990696884391378,0.0028039860904925597,1.4238536310697125,0.00026169495084194525,-0.027448606470782243,2,2
817,0.8170000000000006,ramp,81.7,1.4589643196705075,0.0042168596563640914,1.0310350644105526,0.031035064410552593,0.004172757274858374,1.428026388344571,0.00026208692067452774,-0.0441023815057175,2,2
818,0.8180000000000006,ramp,81.8,1.461805383206472,0.002841063535964361,1.0310628031485065,0.031062803148506513,0.0028135886685644548,1.4308399770131355,0.0002624794518637965,-0.02747486739990623,2,2
819,0.8190000000000006,ramp,81.9,1.466029690697784,0.004224307491312196,1.0311071312952045,0.031107131295204482,0.004180245269926798,1.4350202222830624,0.00026287155791614094,-0.044062221385397955,2,2
820,0.8200000000000006,ramp,82.0,1.4688803853861319,0.0028506946883477546,1.031134896959565,0.03113489695956506,0.0028231936820100048,1.4378434159650724,0.0002632642232824822,-0.027501006337749857,2,2
821,0.8210000000000006,ramp,82.1,1.47311213844113,0.004231753054998233,1.031179185869868,0.03117918586986801,0.004187730851007451,1.4420311468160798,0.0002636564649363392,-0.04402220399078206,2,2
822,0.8220000000000006,ramp,82.2,1.4759724665594889,0.0028603281183587903,1.0312069783394004,0.03120697833940045,0.0028328010945908775,1.4448639479106706,0.0002640492638683391,-0.02752702376791283,2,2
823,0.8230000000000006,ramp,82.3,1.480211662942597,0.004239196383108101,1.031251228155842,0.031251228155841915,0.004195214054208898,1.4490591619648796,0.0002644416405084905,-0.04398232889920358,2,2
824,0.8240000000000006,ramp,82.4,1.483081626733136,0.002869963790538943,1.0312790473097877,0.0312790473097877,0.002842410870316672,1.4519015728351963,0.00026483457239780746,-0.02755292022227091,2,2
825,0.8250000000000006,ramp,82.5,1.4873282642439625,0.004246637510826545,1.0313232581743257,0.031323258174325685,0.004202694915386035,1.4561042677505822,0.0002652270834120465,-0.043942595440510206,2,2
826,0.8260000000000006,ramp,82.6,1.4902078659135425,0.002879601669580012,1.0313511038924295,0.031351103892429455,0.0028520229734463245,1.4589562907240285,0.0002656201476532791,-0.027578696133687478,2,2
827,0.8270000000000006,ramp,82.7,1.4944619423867576,0.004254076473215074,1.0313952759464269,0.03139527594642688,0.00421017347015149,1.46316646419418,0.0002660127924324319,-0.04390300306358376,2,2
828,0.8280000000000006,ramp,82.8,1.4973511841072713,0.0028892417205137466,1.0314231481089209,0.031423148108920884,0.0028616373684958556,1.4660281015626757,0.0002664059884231862,-0.02760435201789105,2,2
829,0.8290000000000006,ramp,82.9,1.5016126974123816,0.004261513305110265,1.0314672814932064,0.031467281493206434,0.004217649753854667,1.4702457513165303,0.0002667987663610218,-0.04386355125559835,2,2
830,0.8300000000000006,ramp,83.0,1.504511581320907,0.0028988839085253293,1.03149517998076,0.0314951799807599,0.0028712540202208863,1.4731170053367513,0.00026719209350186416,-0.02762988830444296,2,2
831,0.8310000000000006,ramp,83.1,1.508780529361921,0.004268948041014076,1.031539274835585,0.03153927483558494,0.004225123801612559,1.477342129138364,0.00026758500399512236,-0.04382423940151644,2,2
832,0.8320000000000006,ramp,83.2,1.5116890575610984,0.002908528199177418,1.0315671995293905,0.031567199529390466,0.0028808728936195707,1.4802230020319835,0.00026797846168956244,-0.02765530555784738,2,2
833,0.8330000000000006,ramp,83.3,1.5159654382764056,0.004276380715307226,1.031611255994478,0.031611255994477894,0.0042325956483004025,1.484455597680284,0.00026837150413790503,-0.04378506700682388,2,2
834,0.8340000000000006,ramp,83.4,1.5188836128345045,0.0029181745580988405,1.031639206776149,0.031639206776149065,0.002890493953935537,1.4873460916342196,0.0002687650917923397,-0.027680604163303566,2,2
835,0.8350000000000006,ramp,83.5,1.5231674241964892,0.004283811361984746,1.0316832249906482,0.03168322499064824,0.00424006532854056,1.4915861569627602,0.00026915826559837,-0.043746033444186545,2,2
836,0.8360000000000006,ramp,83.6,1.5260952471477982,0.0029278229513090004,1.031711201742335,0.031711201742335104,0.002900117166656639,1.494486274129417,0.00026955198262207635,-0.02770578465236158,2,2
837,0.8370000000000006,ramp,83.7,1.5303864871627693,0.004291240014971054,1.0317551818448198,0.031755181844819846,0.004247532876726469,1.4987338070061433,0.00026994528719125884,-0.04370713824458465,2,2
838,0.8380000000000006,ramp,83.8,1.533323960507716,0.0029374733449467616,1.0317831844490812,0.031783184449081237,0.002909742497504418,1.5016435495036478,0.0002703391329964466,-0.02773084744234341,2,2
839,0.8390000000000006,ramp,83.9,1.5376226272154383,0.004298666707722276,1.0318271265776175,0.03182712657761755,0.004254998327000858,1.5058985478306486,0.0002707325677371413,-0.04366838072141811,2,2
840,0.8400000000000006,ramp,84.0,1.540569752921003,0.002947125705564657,1.0318551549175188,0.03185515491751878,0.002919369912448075,1.5088179177430967,0.00027112654173880383,-0.027755793116581925,2,2
841,0.8410000000000006,ramp,84.1,1.5448758443947939,0.004306091473790907,1.0318990592095831,0.031899059209583136,0.0042624617132743245,1.513080379456371,0.0002715201060621991,-0.04362976051658276,2,2
842,0.8420000000000006,ramp,84.2,1.5478326243944254,0.002956779999631509,1.0319271131686507,0.03192711316865071,0.002928999377685853,1.5160093788340567,0.0002719142076782121,-0.027780621945656253,2,2
843,0.8430000000000006,ramp,84.3,1.5521461387405813,0.0043135143461559,1.0319709797611887,0.03197097976118868,0.00426992306921977,1.5202793019032765,0.00027230790099833763,-0.04359127693613022,2,2
844,0.8440000000000006,ramp,84.4,1.5551125749348857,0.002966436194304478,1.0319990592234118,0.03199905922341184,0.002938630859662582,1.5232179327629392,0.0002727021296493646,-0.02780533464189633,2,2
845,0.8450000000000006,ramp,84.5,1.5594335102926138,0.00432093535772804,1.0320428882528392,0.032042888252839186,0.0042773824282706235,1.5274953151912098,0.00027309595138304087,-0.04355292945741607,2,2
846,0.8460000000000006,ramp,84.6,1.5624096045491223,0.002976094256508466,1.0320709931026595,0.032070993102659484,0.0029482643250468127,1.5304435795162568,0.0002734903064925452,-0.027829931461653083,2,2
847,0.8470000000000006,ramp,84.7,1.566737959090419,0.004328354541296653,1.032114784704842,0.03211478470484197,0.004284839823634525,1.5347284193398913,0.00027388425605944145,-0.043514717662128215,2,2
848,0.8480000000000006,ramp,84.8,1.5697237132441242,0.002985754153705278,1.0321429148271788,0.03214291482717879,0.0029578997407465548,1.5376863190806378,0.0002742787370536232,-0.027854412958723106,2,2
849,0.8490000000000006,ramp,84.9,1.574059485173214,0.004335771929089738,1.032186669137423,0.032186669137423074,0.004292295288275987,1.5419786143689138,0.00027467281387613126,-0.04347664081375078,2,2
850,0.8500000000000006,ramp,85.0,1.5770549010267312,0.002995415853517258,1.0322148244176408,0.032214824417640786,0.002967537073908376,1.5449461514428222,0.00027506742018399284,-0.02787877960888207,2,2
851,0.8510000000000006,ramp,85.1,1.5813980885802064,0.004343187553475181,1.0322585415707377,0.03225854157073771,0.004299748854926735,1.549245900297749,0.00027546162368725805,-0.04343869854844546,2,2
852,0.8520000000000006,ramp,85.2,1.5844031679038981,0.0030050793236917617,1.0322867218946858,0.032286721894685844,0.0029771762919047827,1.5522230765896539,0.0002758563547405017,-0.027903031786978994,2,2
853,0.8530000000000006,ramp,85.3,1.5887537693502323,0.004350601446334146,1.0323304020248754,0.03233040202487536,0.004307200556096043,1.5565302771457499,0.0002762506843524157,-0.043400890238102716,2,2
854,0.8540000000000006,ramp,85.4,1.5917685138826423,0.0030147445324100186,1.0323586072788127,0.03235860727881268,0.002986817362331505,1.5595170945080814,0.0002766455395854554,-0.027927170078513412,2,2
855,0.8550000000000006,ramp,85.5,1.5961265275221144,0.00435801363947208,1.0324022505198236,0.032402250519823594,0.004314650424066192,1.5638317449321475,0.0002770399947366395,-0.043363215405888694,2,2
856,0.8560000000000006,ramp,85.6,1.5991509389699694,0.0030244114478550355,1.0324304805905111,0.032430480590511124,0.0029964602530172897,1.5668282051851647,0.000277434973586607,-0.02795119483774578,2,2
857,0.8570000000000007,ramp,85.7,1.6035163631343232,0.004365424164353815,1.0324740870755336,0.032474087075533564,0.004322098490888036,1.5711503036760528,0.0002778295537103412,-0.04332567346577911,2,2
858,0.8580000000000007,ramp,85.8,1.6065504431728697,0.0030340800385464384,1.0325023418501633,0.03250234185016332,0.003006104932018638,1.5741564086080715,0.0002782246556170484,-0.02797510652780043,2,2
859,0.8590000000000007,ramp,85.9,1.610923276225172,0.004372833052302294,1.032545911711833,0.032545911711832964,0.004329544788382216,1.5784859533964537,0.00027861936014929984,-0.04328826392007833,2,2
860,0.8600000000000007,ramp,86.0,1.6139670264984511,0.003043750273279189,1.032574191078042,0.032574191078041936,0.003015751367623368,1.5815017047640771,0.00027901458455517223,-0.027998905655820736,2,2
861,0.8610000000000007,ramp,86.1,1.618347266832839,0.004380240334387775,1.032617724448504,0.03261772444850397,0.004336989348142833,1.58583869411222,0.0002794094129346056,-0.0432509862449415,2,2
862,0.8620000000000007,ramp,86.2,1.621400688953855,0.003053422121016114,1.0326460282943888,0.032646028294388785,0.003025399528336644,1.5888640936405567,0.00027980475928474633,-0.02802259267946968,2,2
863,0.8630000000000007,ramp,86.3,1.625788334995263,0.0043876460414080665,1.032689525305239,0.03268952530523905,0.004344432201546843,1.5932085258421036,0.0002801997109526272,-0.04321383986122338,2,2
864,0.8640000000000007,ramp,86.4,1.628851430546107,0.0030630955508439417,1.032717853519362,0.03271785351936196,0.0030350493828888952,1.5962435752249924,0.00028059517869476343,-0.02804616795504646,2,2
865,0.8650000000000007,ramp,86.5,1.6332464807502225,0.004395050204115458,1.0327613143016658,0.032761314301665845,0.004351873379749499,1.6005954486047418,0.00028099025309498166,-0.04317682436595898,2,2
866,0.8660000000000007,ramp,86.6,1.636319251282466,0.0030727705322435295,1.032789666773011,0.032789666773010984,0.0030447009002296304,1.6036401495049715,0.0002813858416794313,-0.02806963201389904,2,2
867,0.8670000000000007,ramp,86.7,1.640721704135267,0.004402452852801053,1.0328330914573403,0.03283309145734026,0.004359312913677738,1.607999462418649,0.0002817810382584974,-0.0431399391233149,2,2
868,0.8680000000000007,ramp,86.8,1.6438041511700696,0.003082447034802538,1.0328614680753274,0.032861468075327416,0.003054354049535327,1.6110538164681845,0.0002821767471381691,-0.028092985267211094,2,2
869,0.8690000000000007,ramp,86.9,1.648214005187813,0.004409854017743298,1.0329048567917405,0.03290485679174049,0.0043667508340419995,1.6154205673022264,0.0002825720653451838,-0.04310318370129816,2,2
870,0.8700000000000007,ramp,87.0,1.6513061302161436,0.0030921250283306723,1.0329332574462489,0.032933257446248865,0.0030640088001978173,1.6184845761024242,0.00028296789397552085,-0.02811622813285496,2,2
871,0.8710000000000007,ramp,87.1,1.6557233839450296,0.004417253728886017,1.0329766103242635,0.03297661032426347,0.004374187171333461,1.6228587632737577,0.0002833633332621569,-0.0430665575525558,2,2
872,0.8720000000000007,ramp,87.2,1.658825188427967,0.003101804482937398,1.033005034905619,0.03300503490561901,0.0030736651218294013,1.6259324283955872,0.0002837592811012148,-0.028139361107996745,2,2
873,0.8730000000000007,ramp,87.3,1.6632498404439453,0.004424652015978303,1.0330483520742475,0.0330483520742475,0.004381621955829265,1.6303140503514164,0.00028415484092168434,-0.043030060149037985,2,2
874,0.8740000000000007,ramp,87.4,1.6663613258127883,0.003111485368842981,1.0330768004732058,0.033076800473205825,0.003083322984255321,1.6333973733356717,0.00028455090743002663,-0.028162384587660308,2,2
875,0.8750000000000007,ramp,87.5,1.6707933747213541,0.004432048908565855,1.033120082060942,0.03312008206094208,0.004389055217581532,1.6377864285532533,0.0002849465872410758,-0.04299369098432343,2,2
876,0.8760000000000007,ramp,87.6,1.673914542377964,0.003121167656609858,1.0331485541686933,0.033148554168693334,0.0030929823575207064,1.640879410910774,0.000285342771881767,-0.028185299089151464,2,2
877,0.8770000000000007,ramp,87.7,1.6783539868139552,0.004439444435991202,1.0331918003035465,0.033191800303546515,0.0043964869864375564,1.6452758978972115,0.00028573857114268854,-0.04295744955364576,2,2
878,0.8780000000000007,ramp,87.8,1.681484838130752,0.00313085131679669,1.0332202960117063,0.033220296011706285,0.0031026432118817014,1.6483785411090932,0.00028613487338131444,-0.02820810491498864,2,2
879,0.8790000000000007,ramp,87.9,1.685931676758191,0.004446838627438998,1.0332635068211635,0.033263506821163524,0.004403917292023968,1.6527824584011173,0.00028653079155389807,-0.042921335415030404,2,2
880,0.8800000000000007,ramp,88.0,1.6890722130786109,0.0031405363204199954,1.0332920260218246,0.03329202602182457,0.0031123055178125508,1.6558947639189299,0.00028692721085853167,-0.028230802607444663,2,2
881,0.8810000000000007,ramp,88.1,1.6935264445903166,0.004454231511705764,1.0333352016328554,0.033335201632855416,0.004411346163757855,1.6603061100826877,0.0002873232474070063,-0.04288534794790865,2,2
882,0.8820000000000007,ramp,88.2,1.6966766672288771,0.0031502226385604626,1.03336374421849,0.03336374421848998,0.003121969245993919,1.6634280793286815,0.0002877197832481673,-0.028253392566543727,2,2
883,0.8830000000000007,ramp,88.3,1.7011382903464036,0.004461623117526514,1.0334068847575615,0.033406884757561484,0.004418773630846205,1.6678468529595278,0.0002881159376393229,-0.042849486680309086,2,2
884,0.8840000000000007,ramp,88.4,1.704298200588993,0.0031599102425894365,1.0334354506211183,0.0334354506211183,0.0031316343673167698,1.6709784873268445,0.0002885125894900021,-0.02827587527266676,2,2
885,0.8850000000000007,ramp,88.5,1.7087672140624832,0.004469013473490158,1.0334785562142235,0.033478556214223465,0.004426199722282256,1.6754046870491268,0.0002889088611929855,-0.04281375120790149,2,2
886,0.8860000000000007,ramp,88.6,1.7119368131664017,0.0031695991039184523,1.0335071452490427,0.03350714524904275,0.0031413008528876096,1.6785459879020144,0.0002893056285286149,-0.028298251030842766,2,2
887,0.8870000000000007,ramp,88.7,1.7164132157742138,0.004476402607812124,1.0335502160216474,0.03355021602164743,0.0044336244668521105,1.6829796123688665,0.0002897020170150739,-0.04277814096001389,2,2
888,0.8880000000000007,ramp,88.8,1.7195925049686263,0.00317928919441246,1.033578828121529,0.033578828121529014,0.003150968674020129,1.6861305810428866,0.00029009889931346595,-0.028320520392331305,2,2
889,0.8890000000000007,ramp,88.9,1.724076295517158,0.004483790548531763,1.0336218641986108,0.033621864198610796,0.004441047893130477,1.690571628936017,0.00029049540405747,-0.04274265540128632,2,2
890,0.8900000000000007,ramp,89.0,1.7272652760031453,0.0031889804859872584,1.0336504992577569,0.03365049925775687,0.0031606378022293945,1.6937322667382464,0.00029089240079890427,-0.028342683757863908,2,2
891,0.8910000000000007,ramp,89.1,1.731756453326707,0.004491177323561635,1.0336935007638077,0.03369350076380773,0.004448470029498399,1.6981807367677448,0.0002912890212768901,-0.0427072940632359,2,2
892,0.8920000000000007,ramp,89.2,1.7349551262774783,0.003198672950771364,1.0337221586768497,0.03372215867684969,0.003170308209239132,1.701351044976984,0.00029168613194396713,-0.028364741532232226,2,2
893,0.8930000000000007,ramp,89.3,1.7394536892381125,0.0044985629606342226,1.0337651257358607,0.03376512573586066,0.004455890904116292,1.7058069358811003,0.00029208286763481283,-0.042672056517930636,2,2
894,0.8940000000000007,ramp,89.4,1.7426620557992198,0.0032083665611073453,1.0337938063978622,0.033793806397862225,0.0031799798669795774,1.70898691574808,0.0002924800917125498,-0.028386694127767887,2,2
895,0.8950000000000007,ramp,89.5,1.747168003286371,0.004505947487151163,1.033836739133313,0.033836739133312976,0.0044633105449439344,1.7134502262930238,0.00029287694209746305,-0.04263694220722845,2,2
896,0.8960000000000007,ramp,89.6,1.7503860645759712,0.003218061289600227,1.0338654424397575,0.03386544243975753,0.003189652747593096,1.716639879040617,0.00029327427907323875,-0.028408542007131183,2,2
897,0.8970000000000007,ramp,89.7,1.7548993955063703,0.004513330930399073,1.0339083409746928,0.03390834097469275,0.004470728979740878,1.7211106080203578,0.00029367124363582025,-0.042601950658195144,2,2
898,0.8980000000000007,ramp,89.8,1.7581271526153006,0.003227757108930307,1.033937066821463,0.03393706682146291,0.0031993268234033582,1.7243099348437612,0.00029406869299931405,-0.028430285526948734,2,2
899,0.8990000000000007,ramp,89.9,1.7626478659328098,0.00452071331750914,1.0339799312783802,0.03397993127838017,0.004478146236071713,1.7287880810798328,0.0002944657712255074,-0.042567081437426546,2,2
900,0.9000000000000007,ramp,90.0,1.76588531992493,0.003237453992120276,1.0340086795618155,0.034008679561815525,0.003209002066948652,1.7319970831467815,0.000294863332468769,-0.028451925171623857,2,2
901,0.9010000000000007,ramp,90.1,1.7704134146001602,0.004528094675230188,1.0340515100627536,0.03405151006275364,0.004485562341286384,1.7364826454880677,0.0002952605238468139,-0.04253233394380367,2,2
902,0.9020000000000007,ramp,90.2,1.7736605665124838,0.0032471519123236092,1.0340802806795857,0.034080280679585684,0.0032186784509740875,1.7397013239390418,0.0002956581964641897,-0.028473461349521733,2,2
903,0.9030000000000007,ramp,90.3,1.7781960415428586,0.004535475030374769,1.0341230773461052,0.0341230773461052,0.004492977322542348,1.7441943012615841,0.00029605550048470737,-0.042497707832420996,2,2
904,0.9040000000000007,ramp,90.4,1.7814528923856787,0.003256850842820125,1.0341518701934567,0.03415187019345667,0.0032283559484070855,1.7474226572099911,0.00029645328397283143,-0.028494894413039294,2,2
905,0.9050000000000007,ramp,90.5,1.785995746795023,0.00454285440934421,1.0341946331466363,0.03419463314663629,0.00450039120680352,1.7519230484167947,0.0002968507001286889,-0.042463202540690345,2,2
906,0.9060000000000007,ramp,90.6,1.789262297552225,0.003266550757202058,1.0342234481220878,0.034223448122087774,0.003238034532383461,1.7551610829491782,0.00029724859398646864,-0.02851622481859703,2,2
907,0.9070000000000007,ramp,90.7,1.7938125303906571,0.004550232838432144,1.0342661774825292,0.03426617748252925,0.004507804020826226,1.7596688869700043,0.0002976461217728549,-0.04242881760591847,2,2
908,0.9080000000000007,ramp,90.8,1.7970887820198966,0.0032762516292395016,1.0342950144840388,0.03429501448403882,0.003247714176234526,1.762916601146239,0.00029804412550150255,-0.028537453004975465,2,2
909,0.9090000000000007,ramp,90.9,1.8016463923636168,0.004557610343720153,1.0343377103718503,0.034337710371850294,0.0045152157911837795,1.7674318169374228,0.0002984417644158504,-0.04239455253637371,2,2
910,0.9100000000000007,ramp,91.0,1.8049323457964788,0.0032859534328619766,1.0343665692978206,0.03436656929782056,0.003257394853483492,1.7706892117909063,0.000298839877518814,-0.028558579378484567,2,2
911,0.9110000000000007,ramp,91.1,1.8094973327476132,0.004564986951134387,1.0344092318326419,0.034409231832641884,0.004522626544240107,1.7752118383351465,0.00029923762706081337,-0.04236040689427952,2,2
912,0.9120000000000007,ramp,91.2,1.8127929888897831,0.003295656142169978,1.0344381125818496,0.03443811258184959,0.0032670765378540094,1.7784789148730005,0.00029963584904379504,-0.028579604315968725,2,2
913,0.9130000000000007,ramp,91.3,1.8173653515761354,0.004572362686352305,1.0344807418828548,0.03448074188285477,0.004530036306173216,1.7830089511791738,0.00030003370871539616,-0.04232638017908838,2,2
914,0.9140000000000007,ramp,91.4,1.8206707113076184,0.0033053597314829375,1.0345096443545037,0.034509644354503655,0.0032767592032554313,1.7862857103824292,0.0003004320390863066,-0.02860052822750616,2,2
915,0.9150000000000007,ramp,91.5,1.8252504488825165,0.004579737574898157,1.0345522405403917,0.03455224054039174,0.004537445102972082,1.7908231554854013,0.00030083000839168294,-0.04229247192607567,2,2
916,0.9160000000000007,ramp,91.6,1.8285655130578837,0.0033150641753671994,1.034581164634069,0.03458116463406902,0.0032864428237967184,1.794109598309198,0.0003012284466606313,-0.028621351570481002,2,2
917,0.9170000000000007,ramp,91.7,1.8331526246999685,0.004587111642084807,1.034623727823073,0.03462372782307299,0.004544852960423988,1.7986544512696219,0.00030162652510619815,-0.042258681660818816,2,2
918,0.9180000000000007,ramp,91.8,1.8364773941484052,0.0033247694484366264,1.0346526734388053,0.03465267343880529,0.0032961273737691778,1.8019505786433911,0.00030202507078549534,-0.028642074667448603,2,2
919,0.9190000000000007,ramp,91.9,1.8410718790615184,0.004594484913113206,1.0346952037486963,0.03469520374869628,0.004552259904143353,1.8065028385475346,0.0003024232578798426,-0.04222500896985254,2,2
920,0.9200000000000007,ramp,92.0,1.8444063545871647,0.003334475525646363,1.0347241707868704,0.0347241707868704,0.0033058128276562534,1.8098086513751908,0.00030282191048401733,-0.028662697990109766,2,2
921,0.9210000000000007,ramp,92.1,1.8490082119999989,0.004601857412834143,1.0347666683349164,0.03476666833491637,0.004559665959535185,1.814368317334726,0.00030322020573790776,-0.04219145329895785,2,2
922,0.9220000000000007,ramp,92.2,1.8523523943820086,0.0033441823820097305,1.0347956566963779,0.03479565669637785,0.00331549916013685,1.817683816494863,0.0003036189647836413,-0.02868322187288058,2,2
923,0.9230000000000007,ramp,92.3,1.8569616235480757,0.004609229166067097,1.0348381215994251,0.03483812159942512,0.004567071151824466,1.8222508876466874,0.00030401736771004613,-0.042158014242630985,2,2
924,0.9240000000000007,ramp,92.4,1.8603155135409954,0.003353889992919745,1.0348671311853455,0.03486713118534546,0.003325186346080356,1.8255760739927678,0.00030441623271615267,-0.028703646839389058,2,2
925,0.9250000000000007,ramp,92.5,1.8649321137383739,0.004616600197378418,1.0349095635597716,0.034909563559771595,0.004574475506048238,1.830150549498816,0.00030481474283020917,-0.04212469133017989,2,2
926,0.9260000000000007,ramp,92.6,1.8682957120720407,0.0033635983336668396,1.0349385942717713,0.03493859427177126,0.0033348743605212533,1.8334854238593372,0.0003052137133176769,-0.02872397314558628,2,2
927,0.9270000000000007,ramp,92.7,1.872919682603251,0.004623970531210331,1.0349809942334862,0.03498099423348622,0.00458187904706972,1.838067302906407,0.00030561233013661734,-0.04209148414061059,2,2
928,0.9280000000000007,ramp,92.8,1.8762929899831875,0.0033733073799364632,1.0350100459735678,0.03501004597356783,0.0033445631787008545,1.8414118660851078,0.0003060114056285654,-0.028744201235608724,2,2
929,0.9290000000000007,ramp,92.9,1.8809243301749021,0.004631340191714628,1.0350524136380044,0.035052413638004376,0.004589281799548102,1.8460011478846559,0.0003064101286718268,-0.042058392166526015,2,2
930,0.9300000000000007,ramp,93.0,1.8843073472824772,0.003383017107575048,1.0350814863085631,0.035081486308563115,0.0033542527760332757,1.8493554006606892,0.00030680930869344435,-0.028764331541772468,2,2
931,0.9310000000000007,ramp,93.1,1.8889460564853793,0.004638709202902103,1.0351238217907504,0.035123821790750354,0.00459668378796932,1.8539520844486586,0.0003072081374825494,-0.0420254149327828,2,2
932,0.9320000000000007,ramp,93.2,1.8923387839779695,0.0033927274925902307,1.0351529152945877,0.03515291529458775,0.0033639431281288733,1.8573160275767875,0.0003076074215612088,-0.028784364461357376,2,2
933,0.9330000000000007,ramp,93.3,1.8969848615666205,0.0046460775886509875,1.0351952187090379,0.03519521870903786,0.004604085036630302,1.8619201126134177,0.000308006355619754,-0.041992552020685484,2,2
934,0.9340000000000007,ramp,93.4,1.900387300077708,0.003402438511087569,1.035224332949306,0.03522433294930605,0.0033736342107725968,1.8652937468241904,0.00030840574328485406,-0.028804300314972005,2,2
935,0.9350000000000007,ramp,93.5,1.9050407454503524,0.004653445372644338,1.0352666044101406,0.03526660441014062,0.004611485569644719,1.869905232393835,0.0003088047821386117,-0.04195980299961932,2,2
936,0.9360000000000007,ramp,93.6,1.908452895589793,0.0034121501394406284,1.0352957392904207,0.035295739290420736,0.0033833259999236855,1.8732885583937586,0.0003092042729216455,-0.028824139516942914,2,2
937,0.9370000000000007,ramp,93.7,1.9131137081681677,0.004660812578374696,1.0353379789112596,0.03533797891125956,0.004618885410968722,1.8779074438047274,0.00030960341609840463,-0.041927167405973395,2,2
938,0.9380000000000007,ramp,93.8,1.9165355705224438,0.003421862354276106,1.035367134335521,0.03536713433552108,0.0033930184717241535,1.8813004622764515,0.00031000300953294127,-0.02884388255195271,2,2
939,0.9390000000000007,ramp,93.9,1.9212037497515784,0.004668179229134539,1.0354093422295692,0.03540934222956915,0.004626284584354956,1.8859267468608065,0.00031040225656260746,-0.04189464477958281,2,2
940,0.9400000000000007,ramp,94.0,1.9246353248837498,0.003431575132171405,1.0354385181021393,0.03543851810213927,0.003402711602498382,1.889329458463305,0.0003108019521842751,-0.028863529673022956,2,2
941,0.9410000000000007,ramp,94.1,1.9293108702317845,0.004675545348034715,1.0354806943821242,0.0354806943821242,0.004633683113382916,1.8939631415766878,0.0003112013025987606,-0.04186223465179901,2,2
942,0.9420000000000007,ramp,94.2,1.9327521586819116,0.0034412884501271446,1.0355098906077496,0.03550989060774956,0.003412405368759553,1.8973755469454474,0.00031160109994520223,-0.02888308136759143,2,2
943,0.9430000000000007,ramp,94.3,1.9374350696399847,0.00468291095807305,1.035552035385993,0.03555203538599305,0.004641081021446305,1.9020166279668937,0.00031200055327852493,-0.041829936626745085,2,2
944,0.9440000000000007,ramp,94.4,1.9408860719251406,0.003451002285155935,1.0355812518697773,0.03558125186977734,0.0034220997471816807,1.9054387277140754,0.00031240045188942465,-0.028902537974254475,2,2
945,0.9450000000000007,ramp,94.5,1.9455763480071506,0.004690276082010003,1.0356233652581026,0.03562336525810261,0.004648478331781984,1.9100872060458574,0.0003128000076775839,-0.04179775022801913,2,2
946,0.9460000000000007,ramp,94.6,1.9490370646216433,0.0034607166144926538,1.0356526019055738,0.035652601905573844,0.0034317947146192402,1.9135190007604765,0.0003132000070946538,-0.028921899873413526,2,2
947,0.9470000000000007,ramp,94.7,1.9537347053640854,0.004697640742442166,1.0356946840154095,0.03569468401540954,0.004655875067439726,1.9181748758279162,0.0003135996648757036,-0.04176567500244026,2,2
948,0.9480000000000007,ramp,94.8,1.9572051367796623,0.0034704314155769023,1.0357239407323984,0.035723940732398374,0.0034414902481058646,1.9216163660760222,0.00031399976464264925,-0.02894116747103768,2,2
949,0.9490000000000007,ramp,94.9,1.9619101417415354,0.004705004961873094,1.0357659916747488,0.03576599167474881,0.004663271251293594,1.9262796373273157,0.0003143995239566341,-0.04173371057950015,2,2
950,0.9500000000000007,ramp,95.0,1.9653902884074637,0.0034801466659282188,1.0357952683675429,0.035795268367542876,0.0034511863248398215,1.9297308236521555,0.0003147997236191413,-0.028960341088397294,2,2
951,0.9510000000000007,ramp,95.1,1.9701026571700222,0.004712368762558539,1.0358372882529008,0.03583728825290078,0.00467066690605023,1.9344014905582059,0.00031519958400810864,-0.04170185650830861,2,2
952,0.9520000000000007,ramp,95.2,1.973592519513387,0.0034898623433647913,1.0358665848281259,0.03586658482812588,0.003460882922201056,1.937862373480407,0.0003155998831138423,-0.02897942116373512,2,2
953,0.9530000000000007,ramp,95.3,1.9783122516798783,0.004719732166491353,1.035908573766635,0.03590857376663492,0.004678062054241047,1.942540435534648,0.00031599984412183235,-0.041670112250306,2,2
954,0.9540000000000007,ramp,95.4,1.9818118301057361,0.0034995784258577967,1.0359378901313014,0.03593789013130144,0.003470580017737705,1.9460110155523858,0.00031640024222046156,-0.028998408120091673,2,2
955,0.9550000000000007,ramp,95.5,1.9865389253014318,0.004727095195695696,1.0359798482326013,0.03597984823260125,0.004685456718229137,1.9506964722706148,0.00031680030339348086,-0.04163847746655944,2,2
956,0.9560000000000007,ramp,95.6,1.990048220192829,0.0035092948913970634,1.0360091842940966,0.03600918429409661,0.0034802775891667175,1.9541767498597815,0.00031720080003658257,-0.02901730223034589,2,2
957,0.9570000000000007,ramp,95.7,1.9947826780647473,0.004734457871918396,1.0360511116674442,0.036051111667444236,0.0046928509201989085,1.9588696007799804,0.00031760096092260876,-0.04160695171948753,2,2
958,0.9580000000000007,ramp,95.8,1.9983016897829968,0.0035190117182495317,1.0360804673335349,0.03608046733353487,0.0034899756143811646,1.9623595763943615,0.00031800155566373995,-0.02903610386836711,2,2
959,0.9590000000000007,ramp,95.9,2.003043509999777,0.004741820216780157,1.0361223640877089,0.03612236408770886,0.0047002446821754595,1.967059821076537,0.0003184018158126499,-0.04157553460469761,2,2
960,0.9600000000000007,ramp,96.0,2.006572238884728,0.003528728884950816,1.0361517392665216,0.0361517392665216,0.003499674071436698,1.970559495147974,0.00031880250820725593,-0.02905481351411776,2,2
961,0.9610000000000007,ramp,96.1,2.0113214211363504,0.004749182251622575,1.036193605509925,0.03619360550992501,0.004707638026009227,1.975267133173983,0.00031920286717097217,-0.04154422561334758,2,2
962,0.9620000000000007,ramp,96.2,2.0148598675063054,0.0035384463699550395,1.036223000109957,0.03622300010995705,0.0035093729385589903,1.978776506112542,0.00031960365677647805,-0.02907343139604921,2,2
963,0.9630000000000007,ramp,96.3,2.019616411504041,0.004756543997735729,1.036264835950522,0.03626483595052199,0.004715030973385439,1.9834915370859274,0.000320004114108747,-0.04151302435028998,2,2
964,0.9640000000000007,ramp,96.4,2.0231645756562373,0.003548164152196165,1.0362942498806675,0.03629424988066754,0.0035190721941425252,1.98701060928007,0.00032040500048443677,-0.029091958053639646,2,2
965,0.9650000000000007,ramp,96.5,2.0279284811325007,0.004763905476263375,1.0363360554259102,0.03633605542591023,0.004722423545820048,1.99173303282589,0.0003208055557409501,-0.04148193044332688,2,2
966,0.9660000000000007,ramp,96.6,2.0314863633429474,0.003557882210446728,1.0363654885953955,0.036365488595395457,0.0035287718167493105,1.9952618046426394,0.00032120653844803376,-0.029110393697417275,2,2
967,0.9670000000000007,ramp,96.7,2.0362576300510296,0.004771266708082145,1.0364072639524242,0.03640726395242422,0.004729815764669008,1.9999916204073083,0.00032160719118640065,-0.04145094341313684,2,2
968,0.9680000000000007,ramp,96.8,2.0398252305748903,0.0035676005238607367,1.0364367162708654,0.03643671627086542,0.0035384717850979698,2.003530092192406,0.0003220082697879936,-0.0291287387627669,2,2
969,0.9690000000000007,ramp,96.9,2.0446038582888435,0.00477862771395321,1.0364784615463551,0.036478461546355145,0.004737207651114674,2.0082672998435207,0.0003224090195676995,-0.041420062838535936,2,2
970,0.9700000000000008,ramp,97.0,2.0481811773605965,0.00357731907175296,1.0365079329237166,0.03650793292371657,0.003548172078085282,2.011815471921606,0.00032281019362874393,-0.029146993667677947,2,2
971,0.9710000000000008,ramp,97.1,2.052967165875144,0.00478598851454759,1.0365496482239271,0.036549648223927145,0.004744599226187596,2.0165600711477936,0.0003232110400111764,-0.04138928835999405,2,2
972,0.9720000000000008,ramp,97.2,2.056554203708601,0.0035870378334568187,1.0365791385705438,0.036579138570543845,0.0035578726747514055,2.020117943822545,0.00032361230909850355,-0.029165158705413228,2,2
973,0.9730000000000008,ramp,97.3,2.061347552838786,0.004793349130185032,1.0366208240013104,0.03662082400131039,0.00475199051074822,2.024869934333293,0.00032401325164692097,-0.04135861943681176,2,2
974,0.9740000000000008,ramp,97.4,2.0649443096273212,0.003596756788535327,1.0366503332278927,0.036650333227892684,0.00356757355431749,2.028437507887611,0.0003244146153292134,-0.029183234217836865,2,2
975,0.9750000000000008,ramp,97.5,2.0697450192086193,0.004800709581298079,1.0366919888946406,0.03669198889464065,0.004759381525502384,2.033196889413113,0.0003248156536087299,-0.04132805579569552,2,2
976,0.9760000000000008,ramp,97.6,2.073351495125441,0.0036064759168215055,1.0367215169122337,0.03672151691223369,0.0035772746961423,2.0367741641092554,0.0003252171114565145,-0.029201220679205345,2,2
977,0.9770000000000008,ramp,97.7,2.0781595650133857,0.00480806988794491,1.036763142919956,0.03676314291995597,0.004766772290992336,2.041540936400248,0.0003256182450340527,-0.04129759695257421,2,2
978,0.9780000000000008,ramp,97.8,2.0817757602114657,0.0036161951980799856,1.03679268963999,0.03679268963998994,0.0035869760797727795,2.045127912480021,0.00032601979661969,-0.02921911830720608,2,2
979,0.9790000000000008,ramp,97.9,2.0865911902815286,0.004815430070062909,1.0368342860932898,0.03683428609328976,0.004774162827597987,2.0499020753076187,0.00032642102506407156,-0.041267242464922485,2,2
980,0.9800000000000008,ramp,98.0,2.090217104893991,0.0036259146124622,1.0368638514275261,0.03686385142752613,0.0035966776848927163,2.0534987529925113,0.00032682266996176656,-0.029236927569483654,2,2
981,0.9810000000000008,ramp,98.1,2.095039895041501,0.00482279014750997,1.0369054184306001,0.036905418430600134,0.0047815531555340475,2.0582803061480455,0.0003272239928436075,-0.04123699197592246,2,2
982,0.9820000000000008,ramp,98.2,2.09867552918166,0.0036356341401591052,1.036935002291179,0.036935002291178964,0.003606379491367047,2.0618866856394127,0.0003276257306293235,-0.029254648792058097,2,2
983,0.9830000000000008,ramp,98.3,2.103505679321602,0.0048301501399419244,1.0369765399477677,0.03697653994776773,0.004788943294878802,2.0666756289342914,0.00032802714752106974,-0.04120684506312214,2,2
984,0.9840000000000008,ramp,98.4,2.107151033083062,0.003645353761460246,1.0370061422471808,0.037006142247180795,0.003616081479180078,2.0702917104134713,0.0003284289777726084,-0.029272282280167882,2,2
985,0.9850000000000008,ramp,98.5,2.111988543149943,0.0048375100668809345,1.0370476506606738,0.037047650660673836,0.004796333265535766,2.075088043679007,0.00032883048824850587,-0.04117680134516858,2,2
986,0.9860000000000008,ramp,98.6,2.1156436166069135,0.00365507345697047,1.0370772713117644,0.037077271311764415,0.0036257836285120294,2.078713827307519,0.00032923241054545543,-0.02928982845844079,2,2
987,0.9870000000000008,ramp,98.7,2.1204884865545215,0.0048448699476080215,1.0371187505851032,0.037118750585103166,0.004803723087263579,2.0835175503947827,0.00032963401418154465,-0.04114686034444211,2,2
988,0.9880000000000008,ramp,98.8,2.12415327976186,0.0036647932073385903,1.0371483895010618,0.03714838950106181,0.0036354859196773685,2.08715303631446,0.0003300360281052612,-0.029307287661221783,2,2
989,0.9890000000000008,ramp,98.9,2.1290055095632185,0.004852229801358465,1.0371898397367876,0.03718983973678758,0.004811112779643994,2.091964149094104,0.00033043772447938804,-0.041117021714471604,2,2
990,0.9900000000000008,ramp,99.0,2.1326800225565914,0.003674512993372847,1.0372194968311659,0.03721949683116588,0.0036451883331605614,2.095609337427265,0.0003308398296129919,-0.029324660212285726,2,2
991,0.9910000000000008,ramp,99.1,2.13753961220374,0.00485958964714861,1.0372609181314398,0.037260918131439835,0.004818502362129962,2.1004278397893947,0.0003312416183047503,-0.04108728501864799,2,2
992,0.9920000000000008,ramp,99.2,2.1412238449998022,0.0036842327960622256,1.037290593318134,0.037290593318134,0.0036548908495738553,2.1040827306389684,0.0003316438142331454,-0.02934194648837032,2,2
993,0.9930000000000008,ramp,99.3,2.1460907945037357,0.004866949503933515,1.0373319857846912,0.03733198578469121,0.004825891854022339,2.108908622492991,0.00033204569482390316,-0.041057649911176684,2,2
994,0.9940000000000008,ramp,99.4,2.149784747100234,0.0036939525964982955,1.0373616789779376,0.03736167897793763,0.0036645934497033378,2.112573215942694,0.0003324479811337541,-0.02935914679495777,2,2
995,0.9950000000000008,ramp,99.5,2.1546590564906474,0.004874309390413334,1.037403042712146,0.037403042712145895,0.004833281274440753,2.117406497217135,0.0003328499532066256,-0.04102811597258074,2,2
996,0.9960000000000008,ramp,99.6,2.158362728866702,0.003703672376054623,1.0374327538265298,0.037432753826529774,0.0036742961144863658,2.1210807933316214,0.00033325232948627087,-0.0293762615682573,2,2
997,0.9970000000000008,ramp,99.7,2.1632443981918272,0.0048816693251252374,1.0374740889293135,0.037474088929313476,0.004840670642388887,2.1259214639740103,0.00033365439262615675,-0.04099868273635052,2,2
998,0.9980000000000008,ramp,99.8,2.1669577903078974,0.0037133921160701355,1.0375038178797742,0.03750381787977419,0.003683998824997388,2.1296054627990078,0.0003340568584657267,-0.029393291072747456,2,2
999,0.9990000000000008,ramp,99.9,2.1718468196344456,0.004889029326548222,1.0375451244517058,0.03754512445170577,0.004848059976691004,2.134453522775699,0.0003344590122592279,-0.040969349857217924,2,2
1000,1.0000000000000007,ramp,100.0,2.175569931432672,0.003723111798226597,1.0375748711535242,0.0375748711535242,0.003693701562475513,2.1381472243381743,0.00033486156725052606,-0.029410235751084132,2,2
1001,1.0010000000000006,hold,100.0,2.1718410076790966,-0.003728923753575586,1.0375311443780406,0.037531144378040615,-0.0036848613308485606,2.1344623630073256,0.0003340513069635454,0.044062422727025354,2,2
1002,1.0020000000000004,hold,100.0,2.1755493803142096,0.003708372635113033,1.0375609102883518,0.037560910288351845,0.00367894158162749,2.1381413045889532,0.0003332656428472715,-0.029431053485543153,2,2
1003,1.0030000000000003,hold,100.0,2.1718354200606007,-0.003713960253608928,1.0375174572566772,0.03751745725667721,-0.003670173138824371,2.134471131450129,0.0003325002510013709,0.04378711478455685,2,2
1004,1.0040000000000002,hold,100.0,2.1755290598929875,0.003693639832386797,1.0375471803233938,0.03754718032339377,0.0036642500908376304,2.1381353815409665,0.00033174738329730933,-0.02938974154916658,2,2
1005,1.0050000000000001,hold,100.0,2.1718299737997473,-0.0036990860932402114,1.037503965448844,0.037503965448844045,-0.003655538639766003,2.1344798429012006,0.00033100897342694646,0.04354745347420839,2,2
1006,1.006,hold,100.0,2.1755089209005782,0.0036789471008309427,1.0375336238091213,0.037533623809121286,0.0036496205851156292,2.138129463486316,0.0003302795196725974,-0.029326515715313427,2,2
1007,1.007,hold,100.0,2.1718246360325355,-0.003684284868042731,1.0374906299698472,0.0374906299698472,-0.003640959909554443,2.134488503576762,0.0003295619527682881,0.04332495848828784,2,2
1008,1.0079999999999998,hold,100.0,2.175488938532448,0.003664302499912342,1.0375202117924431,0.03752021179244314,0.0036350510812576016,2.1381235546580193,0.00032885146687172017,-0.02925141865474032,2,2
1009,1.0089999999999997,hold,100.0,2.1718193875852014,-0.003669550947246414,1.037477428297127,0.03747742829712708,-0.0036264377559436928,2.1344971169020757,0.0003281513332209436,0.043113191302721066,2,2
1010,1.0099999999999996,hold,100.0,2.175469097057828,0.003649709472626661,1.0375069260151046,0.037506926015104636,0.003620540751740346,2.138117657653816,0.0003274570858512613,-0.02916872088631504,2,2
1011,1.0109999999999995,hold,100.0,2.171814215572223,-0.0036548814856049994,1.0374643452878876,0.03746434528788756,-0.0036119724540278884,2.1345056851997883,0.0003267721414365814,0.04290903157711098,2,2
1012,1.0119999999999993,hold,100.0,2.175449385325892,0.0036351697536689542,1.0374937536059965,0.037493753605996494,0.0036060890554538857,2.138111774255242,0.000326092240982877,-0.029080698215068566,2,2
1013,1.0129999999999992,hold,100.0,2.1718091105710973,-0.003640274754794781,1.0374513698575316,0.03745136985753161,-0.003597564065628832,2.134514210189613,0.0003254208669767813,0.04271068916594919,2,2
1014,1.0139999999999991,hold,100.0,2.1754297948807952,0.0036206843096979746,1.0374806848581464,0.037480684858146374,0.0035916955783866214,2.1381059057679996,0.0003247539043751094,-0.028988731311353245,2,2
1015,1.014999999999999,hold,100.0,2.1718040653075446,-0.003625729573250691,1.0374384934356204,0.037438493435620446,-0.0035832125481468084,2.1345226932198527,0.0003240948628665714,0.04251702510388267,2,2
1016,1.015999999999999,hold,100.0,2.1754103190111977,0.003606253703653195,1.0374677121101752,0.03746771211017519,0.003577359972059347,2.138100053191912,0.00032343973672778004,-0.02889373159384789,2,2
1017,1.0169999999999988,hold,100.0,2.1717990739493787,-0.0036112450618190906,1.0374257091368069,0.03742570913680687,-0.003568917800816581,2.134531135391095,0.0003227920419849985,0.042327261002509525,2,2
1018,1.0179999999999987,hold,100.0,2.175390952212446,0.003591878263067283,1.0374548291134864,0.03745482911348641,0.0035630819254628345,2.138094217316558,0.00032214786116710356,-0.028796337604448507,2,2
1019,1.0189999999999986,hold,100.0,2.1717941316875313,-0.0035968205249146123,1.037413011270468,0.03741301127046803,-0.0035546796875697987,2.134539537628988,0.00032151070451147455,0.042140837344813685,2,2
1020,1.0199999999999985,hold,100.0,2.1753716898555884,0.003577558168057049,1.0374420306437218,0.03744203064372176,0.0035488611508289296,2.138088398779817,0.0003208767289849403,-0.028697017228119376,2,2
1021,1.0209999999999984,hold,100.0,2.171789234470705,-0.003582455384883332,1.037400395029597,0.03740039502959691,-0.0035404980496483275,2.1345479007301686,0.00032024943162469095,0.04195733523500427,2,2
1022,1.0219999999999982,hold,100.0,2.1753525279715893,0.003563293500884246,1.0374293122472196,0.03742931224721957,0.0035346973758013578,2.13808259810597,0.0003196250342377626,-0.028596125082888148,2,2
1023,1.0229999999999981,hold,100.0,2.1717843788268887,-0.0035681491447006053,1.0373878562824956,0.037387856282495635,-0.003526372713079665,2.13455622539289,0.0003190070159735457,0.04177643162094025,2,2
1024,1.023999999999998,hold,100.0,2.1753334631033017,0.0035490842764129837,1.0374166700674767,0.03741667006747673,0.0035205903388133225,2.1380768157317034,0.00031839165649626735,-0.0284939375996612,2,2
1025,1.024999999999998,hold,100.0,2.171779561739144,-0.0035539013641576744,1.0373753914273558,0.0373753914273558,-0.0035123034933982203,2.1345645122383052,0.00031778241403828745,0.04159787075945411,2,2
1026,1.0259999999999978,hold,100.0,2.1753144922002647,0.0035349304611207444,1.0374041007219499,0.037404100721949884,0.003506539786244951,2.13807105202455,0.0003171756208454709,-0.02839067487579337,2,2
1027,1.0269999999999977,hold,100.0,2.1717747805555767,-0.003539711644688026,1.0373629972873635,0.037362997287363475,-0.0034982901987606046,2.1345727618257895,0.00031657471225609305,0.041421445927421544,2,2
1028,1.0279999999999976,hold,100.0,2.175295612541785,0.0035208319862083393,1.0373916012116708,0.037391601211670844,0.0034925454705530385,2.1380653072963427,0.0003159760689854043,-0.028286515655300774,2,2
1029,1.0289999999999975,hold,100.0,2.1717700329225784,-0.0035255796192066313,1.0373506710326914,0.03735067103269141,-0.003484332632024812,2.134580974664318,0.00031538310219072287,0.04124698718181935,2,2
1030,1.0299999999999974,hold,100.0,2.175276821678872,0.0035067887562933997,1.0373791688533798,0.037379168853379774,0.0034786071489890822,2.138059581813307,0.00031479223776557176,-0.028181607304317464,2,2
1031,1.0309999999999973,hold,100.0,2.1717653167339326,-0.0035115049449392366,1.0373384101212506,0.03733841012125061,-0.0034704305922360085,2.134589151221071,0.0003142068618643818,0.041074352703228054,2,2
1032,1.0319999999999971,hold,100.0,2.17525811738961,0.003492800655677364,1.0373668012274526,0.03736680122745262,0.0034647245827187224,2.1380538758037897,0.0003136234428650479,-0.02807607295864144,2,2
1033,1.032999999999997,hold,100.0,2.1717606300914114,-0.0034974872981985428,1.0373262122526712,0.03732621225267119,-0.003456583875674065,2.1345972919281158,0.000313045341417347,0.04090342252447776,2,2
1034,1.033999999999997,hold,100.0,2.1752394976442857,0.0034788675528742985,1.0373544961369632,0.03735449613696318,0.0034508975361823135,2.138048189464298,0.00031246906613549894,-0.027970016691985025,2,2
1035,1.0349999999999968,hold,100.0,2.171755971273591,-0.0034835263706947117,1.0373140753320396,0.037314075332039565,-0.003442792276638193,2.1346053971876597,0.00031189795188696806,0.040734094056518816,2,2
1036,1.0359999999999967,hold,100.0,2.1752209605775445,0.0034649893039535584,1.0373422515752964,0.03734225157529636,0.0034371257766259195,2.1380425229642857,0.0003113285456146867,-0.027863527327638953,2,2
1037,1.0369999999999966,hold,100.0,2.171751338710827,-0.0034696218667176204,1.0373019974408229,0.037301997440822854,-0.0034290555880191254,2.1346134673762664,0.00031076415628541847,0.04056627869849496,2,2
1038,1.0379999999999965,hold,100.0,2.1752025044660033,0.003451165755176344,1.0373300656999065,0.03733006569990649,0.0034234090737288534,2.1380368764499953,0.00031020136752827314,-0.027756681447490758,2,2
1039,1.0389999999999964,hold,100.0,2.1717467309650655,-0.003455773500937731,1.0372899768131971,0.03728997681319712,-0.0034153736017275417,2.1346215028482676,0.00030964346240501355,0.04039989921018937,2,2
1040,1.0399999999999963,hold,100.0,2.1751841277098065,0.0034373967447409726,1.0373179368109653,0.03731793681096529,0.0034097471993288077,2.138031250047596,0.00030908705979858675,-0.0276495454121649,2,2
1041,1.0409999999999962,hold,100.0,2.1717421467130054,-0.0034419809968011528,1.0372780118167448,0.03727801181674484,-0.00340174610902772,2.1346295039385685,0.0003085354169439853,0.04023488777343256,2,2
1042,1.041999999999996,hold,100.0,2.17516582881755,0.0034236821045445787,1.0373058633336607,0.037305863333660705,0.0033961399271995314,2.138025643865768,0.00030798518671465094,-0.02754217734504726,2,2
1043,1.042999999999996,hold,100.0,2.1717375847324205,-0.0034282440851294282,1.0372661009361965,0.03726610093619653,-0.0033881729007939616,2.1346374709649742,0.00030743960065680826,0.04007118433546662,2,2
1044,1.0439999999999958,hold,100.0,2.1751476063935775,0.0034100216611570033,1.0372938438034163,0.03729384380341627,0.0033825870328844532,2.1380200579978585,0.0003068953445092647,-0.027434628272550096,2,2
1045,1.0449999999999957,hold,100.0,2.171733043890397,-0.003414562503180729,1.0372542427600853,0.037254242760085265,-0.0033746537677464676,2.134645404230112,0.0003063556243107478,0.03990873543426162,2,2
1046,1.0459999999999956,hold,100.0,2.1751294591273638,0.0033964152369669875,1.0372818768535392,0.03728187685353923,0.003369088293571832,2.1380144925236837,0.0003058171576543905,-0.027326943395155658,2,2
1047,1.0469999999999955,hold,100.0,2.1717285231335146,-0.0034009359938491635,1.0372424359691843,0.03724243596918431,-0.0033611885005703315,2.1346533040231135,0.00030528312528406833,0.03974749327883197,2,2
1048,1.0479999999999954,hold,100.0,2.1751113857843927,0.00338286265087806,1.0372699612046457,0.03726996120464565,0.003355643487940682,2.138008947511054,0.00030475027573151846,-0.0272191629373782,2,2
1049,1.0489999999999953,hold,100.0,2.1717240214795948,-0.003387364304797913,1.0372306793269268,0.03723067932692681,-0.0033477768900759953,2.134661170620978,0.000304221764680793,0.03958741472191761,2,2
1050,1.0499999999999952,hold,100.0,2.175093385198357,0.003369363718762397,1.0372580956556554,0.03725809565565541,0.0033422523961098905,2.138003423017088,0.0003036943707672259,-0.02711132265250651,2,2
1051,1.050999999999995,hold,100.0,2.1717195380103704,-0.0033738471879867227,1.0372189716708968,0.03721897167089683,-0.0033344187272967736,2.1346690042897913,0.00030317122486563845,0.03942846068994907,2,2
1052,1.051999999999995,hold,100.0,2.175075456264613,0.003355918254242418,1.0372462790759873,0.03724627907598732,0.0033289147995324373,2.1379979190893237,0.00030264913494870515,-0.027003454709980876,2,2
1053,1.0529999999999948,hold,100.0,2.1717150718652967,-0.0033603843993161853,1.037207311905752,0.037207311905752105,-0.003321113803559832,2.1346768052857636,0.0003021312073433692,0.03927059575635321,2,2
1054,1.0539999999999947,hold,100.0,2.17505759793432,0.0033425260690234104,1.0372345103989826,0.03723451039898262,0.00331563048092517,2.1379924357666886,0.0003016142786525155,-0.02689558809824055,2,2
1055,1.0549999999999946,hold,100.0,2.17171062223626,-0.003346975698060195,1.0371956989969087,0.037195698996908666,-0.0033078619105816774,2.134684573856107,0.0003011014309233617,0.03911378747851763,2,2
1056,1.0559999999999945,hold,100.0,2.175039809209399,0.003329186973139109,1.0372227886158807,0.037222788615880686,0.003302399224243109,2.1379869730803502,0.0003005895287332142,-0.026787748895999806,2,2
1057,1.0569999999999944,hold,100.0,2.171706188362693,-0.0033336208467060757,1.0371841319650743,0.03718413196507431,-0.003294662840514342,2.134692310239836,0.0003000816301217853,0.038958006191733716,2,2
1058,1.0579999999999943,hold,100.0,2.1750220891380914,0.0033159007753984504,1.0372111127708254,0.03721111277082545,0.003289220814602189,2.137981531054438,0.0002995746270296538,-0.0266799607962615,2,2
1059,1.0589999999999942,hold,100.0,2.1717017695275915,-0.0033203196104998334,1.0371726098814424,0.03717260988144244,-0.00328151638598392,2.134700014668454,0.00029907155376321094,0.038803224515913254,2,2
1060,1.059999999999994,hold,100.0,2.1750044368111223,0.0033026672835307913,1.0371994819562589,0.037199481956258884,0.003276095038245272,2.1379761097066994,0.0002985693290545943,-0.026572245285519207,2,2
1061,1.060999999999994,hold,100.0,2.1716973650537605,-0.003307071757361779,1.037161131863492,0.0371611318634919,-0.0032684223401486185,2.134707687366551,0.00029807096375101134,0.038649417213160696,2,2
1062,1.0619999999999938,hold,100.0,2.174986851358217,0.003289486304456357,1.0371878953090374,0.03718789530903743,0.0032630216825152007,2.1379707090490663,0.0002975734028394195,-0.026464621941156476,2,2
1063,1.0629999999999937,hold,100.0,2.1716929743005404,-0.0032938770576764753,1.03714969707118,0.03714969707117999,-0.0032553804967181597,2.134715328552348,0.00029707963398098154,0.03849656095831566,2,2
1064,1.0639999999999936,hold,100.0,2.174969331945142,0.0032763576446015463,1.0371763520067678,0.03717635200676783,0.003250000535812004,2.1379653290881597,0.00029658662791158004,-0.026357108789542335,2,2
1065,1.0649999999999935,hold,100.0,2.171688596661111,-0.0032807352840311665,1.037138304703661,0.037138304703661085,-0.0032423906499925905,2.134722938438167,0.0002960973493774913,0.038344634038576034,2,2
1066,1.0659999999999934,hold,100.0,2.174951877770737,0.0032632811096262593,1.03716485126476,0.03716485126475999,0.003237031387575759,2.1379599698257428,0.0002956087943853622,-0.026249722050500444,2,2
1067,1.0669999999999933,hold,100.0,2.1716842315596843,-0.0032676462110527993,1.03712695399626,0.03712695399625998,-0.003229452594881737,2.134730517230861,0.0002951239050349874,0.038193616171062254,2,2
1068,1.0679999999999932,hold,100.0,2.174934488064666,0.0032502565049816745,1.0371533923331755,0.037153392333175494,0.003224114028263576,2.1379546312591247,0.000294639702150634,-0.026142476718098422,2,2
1069,1.068999999999993,hold,100.0,2.1716798784493085,-0.0032546096153573956,1.0371156442178224,0.03711564421782243,-0.0032165661269358595,2.134738065132189,0.00029415910545061374,0.03804348842153604,2,2
1070,1.069999999999993,hold,100.0,2.1749171620853325,0.0032372836360239354,1.0371419744944472,0.03714197449444723,0.003211248249314572,2.1379493133815037,0.0002936791601461068,-0.026035386709363523,2,2
1071,1.0709999999999928,hold,100.0,2.171675536809813,-0.003241625275519411,1.037104374668313,0.03710437466831307,-0.003203731042331934,2.1347455823391717,0.00029320276383549085,0.037894233187476825,2,2
1072,1.0719999999999927,hold,100.0,2.174899899117654,0.0032243623078409556,1.0371305970610873,0.037130597061087345,0.00319843384313351,2.1379440161823053,0.0002927269857065121,-0.025928464707445417,2,2
1073,1.0729999999999926,hold,100.0,2.1716712061459043,-0.003228692971749769,1.0370931446766556,0.03709314467665559,-0.003190947137919394,2.134753069044386,0.0002922547014950676,0.037745833830375025,2,2
1074,1.0739999999999925,hold,100.0,2.174882698471283,0.00321149232537854,1.037119259373499,0.037119259373499025,0.003185670603089588,2.137938739647476,0.00029178300397381964,-0.02582172228895183,2,2
1075,1.0749999999999924,hold,100.0,2.1716668859854398,-0.003215812485843017,1.0370819535987668,0.03708195359876676,-0.0031782142112241223,2.134760525436252,0.0002913147472695207,0.03759827461889469,2,2
1076,1.0759999999999923,hold,100.0,2.174865559479328,0.003198673493888027,1.0371079607982367,0.03710796079823675,0.003172958323482243,2.137933483759734,0.0002908470473650176,-0.025715170405783607,2,2
1077,1.0769999999999922,hold,100.0,2.171662575877921,-0.003202983601406917,1.0370708008157496,0.03707080081574965,-0.0031655320604612475,2.134767951699273,0.00029038273702701944,0.03745154094566931,2,2
1078,1.077999999999992,hold,100.0,2.1748484814964524,0.0031859056185314927,1.0370967007262626,0.03709670072626259,0.003160296799555146,2.137928248498828,0.0002899189550894692,-0.02560881897634669,2,2
1079,1.078999999999992,hold,100.0,2.17165827539312,-0.003190206103332205,1.0370596857323187,0.03705968573231866,-0.0031529004845391537,2.134775348014289,0.000289458513203723,0.03730561879305115,2,2
1080,1.0799999999999919,hold,100.0,2.1748314638977817,0.0031731885046615282,1.037085478571365,0.037085478571365016,0.0031476858274336068,2.1379230338417226,0.00028899857271008774,-0.025502677227921475,2,2
1081,1.0809999999999917,hold,100.0,2.171653984119719,-0.0031774797780625974,1.0370486077753323,0.037048607775332254,-0.003140319283051258,2.1347827145586713,0.00028854192438492116,0.037160495011339265,2,2
1082,1.0819999999999916,hold,100.0,2.174814506077609,0.0031605219578900723,1.0370742937687873,0.03707429376878735,0.0031351252041560227,2.137917839762827,0.00028808575174334985,-0.02539675373404958,2,2
1083,1.0829999999999915,hold,100.0,2.1716497016642418,-0.003164804413367417,1.0370375663923594,0.037037566392359444,-0.0031277882563148147,2.134790051506512,0.0002876328249227648,0.037016157052602215,2,2
1084,1.0839999999999914,hold,100.0,2.1747976074483537,0.0031479057841119484,1.0370631457739516,0.037063145773951645,0.003122614727649776,2.137912666234162,0.000287180349293823,-0.02529105646217238,2,2
1085,1.0849999999999913,hold,100.0,2.171645427649909,-0.003152179798444621,1.0370265610505907,0.037026561050590656,-0.0031153072053521627,2.13479735902881,0.0002867310745866335,0.03687259309245825,2,2
1086,1.0859999999999912,hold,100.0,2.1747807674393735,0.003135339789464453,1.0370520340612173,0.037052034061217265,0.0031101541967153913,2.1379075132255254,0.0002862822277195246,-0.02518559274906169,2,2
1087,1.086999999999991,hold,100.0,2.1716411617156597,-0.0031396057237138564,1.0370155912355457,0.03701559123554565,-0.003102875931903366,2.1348046372936222,0.0002858365382426179,0.03672979181049054,2,2
1088,1.087999999999991,hold,100.0,2.174763985496151,0.003122823780491224,1.0370409581228563,0.03704095812285635,0.003097743411025828,2.137902380704648,0.000285391254324619,-0.02508036946539602,2,2
1089,1.0889999999999909,hold,100.0,2.1716369035153154,-0.0031270819808355554,1.0370046564501136,0.03700465645011364,-0.003090494238431011,2.1348118864662173,0.0002849490855588621,0.03658774240454434,2,2
1090,1.0899999999999908,hold,100.0,2.1747472610793976,0.003110357564082289,1.0370299174680035,0.03702991746800355,0.003085382171118084,2.137897268637335,0.00028450730107702174,-0.02497539296420501,2,2
1091,1.0909999999999906,hold,100.0,2.1716326527166565,-0.0031146083627411336,1.0369937562136178,0.03699375621361778,-0.003078161928124677,2.1348191067092106,0.00028406859073462284,0.03644643461645641,2,2
1092,1.0919999999999905,hold,100.0,2.1747305936642043,0.0030979409475477837,1.0370189116217505,0.03701891162175053,0.0030730702783698556,2.1378921769875805,0.00028363024434806586,-0.0248706691779281,2,2
1093,1.0929999999999904,hold,100.0,2.171628409000679,-0.003102184663525076,1.0369828900608427,0.036982890060842655,-0.0030658788048847866,2.1348262981826958,0.00028319493224997477,0.03630585864028944,2,2
1094,1.0939999999999903,hold,100.0,2.1747139827392914,0.0030855737386121795,1.0370079401242933,0.037007940124293315,0.003060807535009383,2.1378871057177053,0.0002827599646720288,-0.024766203602796365,2,2
1095,1.0949999999999902,hold,100.0,2.171624172060976,-0.0030898106783152635,1.036972057541312,0.03697205754131194,-0.003053644673354904,2.1348334610443502,0.00028232799263486495,0.03616600496035961,2,2
1096,1.09599999999999,hold,100.0,2.174697427806463,0.0030732557454866694,1.0369970025301358,0.036997002530135825,0.003048593744103433,2.1378820547884536,0.00028189634652399137,-0.024662001383236355,2,2
1097,1.09699999999999,hold,100.0,2.17161994160291,-0.0030774862035527484,1.0369612582184098,0.03696125821840979,-0.003041459338898949,2.1348405954495546,0.00028146765825504474,0.03602686465379928,2,2
1098,1.0979999999999899,hold,100.0,2.1746809283797415,0.0030609867768314203,1.0369860984073624,0.036986098407362444,0.003036428709544952,2.1378770241590996,0.00028103927811372136,-0.02455806728646811,2,2
1099,1.0989999999999898,hold,100.0,2.171615717343086,-0.0030652110366555796,1.0369504916687697,0.036950491668769736,-0.00302932260760755,2.134847701551492,0.00028061381911379744,0.03588842904802972,2,2
1100,1.0999999999999897,hold,100.0,2.174664483984857,0.0030487666417711168,1.0369752273369468,0.0369752273369468,0.0030243122360501186,2.1378720137875424,0.00028018865119462053,-0.024454405720998173,2,2
1101,1.1009999999999895,hold,100.0,2.1716114990087836,-0.003052984976073425,1.0369397574815822,0.03693975748158218,-0.003017234286311849,2.1348547795012305,0.00027976636866760255,0.03575068976157617,2,2
1102,1.1019999999999894,hold,100.0,2.1746480941588535,0.0030365951500699317,1.036964388912103,0.03696438891210296,0.003012244129154564,2.137867023630385,0.00027934436088600787,-0.024351020915367675,2,2
1103,1.1029999999999893,hold,100.0,2.1716072863374323,-0.003040807821421243,1.0369290552579886,0.03692905525798862,-0.0030051941825604486,2.1348618294478245,0.0002789252036547554,0.03561363886079444,2,2
1104,1.1039999999999892,hold,100.0,2.174631758449321,0.0030244721118886098,1.036953582737734,0.03695358273773408,0.0030002241952024125,2.137862053643027,0.00027850630550776213,-0.024247916686197246,2,2
1105,1.104999999999989,hold,100.0,2.171603079076134,-0.003028679373187071,1.0369183846104792,0.03691838461047925,-0.0029932021046410015,2.134868851538386,0.0002780902239357364,0.0354772685460694,2,2
1106,1.105999999999989,hold,100.0,2.1746154764141408,0.0030123973380069557,1.0369428084298398,0.03694280842983977,0.0029882522413491354,2.1378571037797354,0.00027767438642608254,-0.02414509665782036,2,2
1107,1.1069999999999889,hold,100.0,2.17159887698105,-0.0030165994330908497,1.0369077451623876,0.036907745162387595,-0.0029812578615692523,2.1348758459181663,0.00027726133234419654,0.03534157152159734,2,2
1108,1.1079999999999888,hold,100.0,2.1745992476207885,0.00300037063973857,1.0369320656150396,0.03693206561503959,0.002976328075546906,2.1378521739937133,0.00027684850790957963,-0.024042564191664034,2,2
1109,1.1089999999999887,hold,100.0,2.1715946798172294,-0.003004567803559066,1.0368971365474091,0.036897136547409115,-0.002969361263090703,2.1348828127306225,0.00027643843454780936,0.03520654046836307,2,2
1110,1.1099999999999886,hold,100.0,2.1745830716460994,0.0029883918288700073,1.0369213539300184,0.036921353930018386,0.002964451506543925,2.1378472642371666,0.00027602857699467024,-0.02394032232608213,2,2
1111,1.1109999999999884,hold,100.0,2.1715904873579204,-0.0029925842881790565,1.0368865584091098,0.036886558409109815,-0.0029575121196753268,2.134889752117491,0.0002756214389181513,0.035072168503729774,2,2
1112,1.1119999999999883,hold,100.0,2.1745669480759062,0.0029764607179858515,1.036910673021164,0.03691067302116391,0.0029526223438729317,2.137842374461364,0.0002752145033596394,-0.02383837411291988,2,2
1113,1.1129999999999882,hold,100.0,2.1715862993844466,-0.002980648691459642,1.036876010400482,0.03687601040048194,-0.0029457102425252124,2.134896664218839,0.0002748102564086665,0.034938448934429545,2,2
1114,1.113999999999988,hold,100.0,2.1745508765044046,0.0029645771199580118,1.036900022544122,0.03690002254412206,0.002940840397864716,2.1378375046167037,0.00027440619920656974,-0.023736722093295644,2,2
1115,1.114999999999988,hold,100.0,2.1715821156856276,-0.00296876081877695,1.0368654921835445,0.03686549218354451,-0.0029339554435637988,2.13490354917314,0.00027400480044041637,0.03480537521315108,2,2
1116,1.115999999999988,hold,100.0,2.1745348565342058,0.002952740848578106,1.0368894021632977,0.036889402163297724,0.0029291054796105487,2.13783265465275,0.0002736035791506058,-0.023635368967557177,2,2
1117,1.1169999999999878,hold,100.0,2.1715779360575866,-0.002956920476619107,1.0368550034289428,0.03685500342894277,-0.002922247535448577,2.1349104071173017,0.00027320498679466403,0.03467294117052988,2,2
1118,1.1179999999999877,hold,100.0,2.174518887775516,0.0029409517179295186,1.0368788115516365,0.036878811551636526,0.002917417401004405,2.137827824518306,0.00027280656011581923,-0.023534316925113725,2,2
1119,1.1189999999999876,hold,100.0,2.17157376030339,-0.0029451274721261633,1.0368445438156173,0.0368445438156173,-0.002910586331556779,2.1349172381867496,0.0002724107335120646,0.03454114056938417,2,2
1120,1.1199999999999875,hold,100.0,2.174502969219083,0.002929208915693149,1.0368682504387787,0.03686825043877873,0.0029057752982205513,2.13782301348497,0.0002720150618035511,-0.02343361747259758,2,2
1121,1.1209999999999873,hold,100.0,2.171569588959033,-0.002933380260050189,1.0368341130899623,0.03683411308996232,-0.002898970303330413,2.13492404318164,0.00027162196210630494,0.03440995671977588,2,2
1122,1.1219999999999872,hold,100.0,2.17448710112009,0.0029175121610571786,1.0368577184621925,0.036857718462192546,0.0028941790005713535,2.137818222182211,0.00027122900561453114,-0.023333160485825098,2,2
1123,1.1229999999999871,hold,100.0,2.1715654211082067,-0.0029216800118834207,1.036823710885924,0.036823710885923955,-0.002887400618987008,2.134930821563224,0.00027083859349203066,0.03427939289641279,2,2
1124,1.123999999999987,hold,100.0,2.174471283112504,0.0029058620042974326,1.0368472153201538,0.03684721532015378,0.0028826289932705603,2.1378134505564943,0.000270448314071551,-0.02323301102687223,2,2
1125,1.124999999999987,hold,100.0,2.171561256573157,-0.0029100265393471325,1.0368133369054284,0.03681333690542843,-0.0028758770937958216,2.1349375734626985,0.0002700605519473458,0.034149445551310935,2,2
1126,1.1259999999999868,hold,100.0,2.1744555148349645,0.0028942582618074475,1.0368367407159929,0.036836740715992855,0.0028711250912657913,2.137808698553964,0.00026967291241406286,-0.023133170541656152,2,2
1127,1.1269999999999867,hold,100.0,2.171557095181835,-0.002898419653129647,1.036802990857161,0.03680299085716099,-0.002864399543974208,2.13494429900999,0.0002692877636559817,0.034020109155439085,2,2
1128,1.1279999999999866,hold,100.0,2.174439795932744,0.0028827007509093505,1.0368262943599749,0.036826294359974865,0.0028596671102023787,2.1378039661201926,0.0002689027277534311,-0.023033640706971847,2,2
1129,1.1289999999999865,hold,100.0,2.1715529367678994,-0.0028868591648447683,1.036792672456619,0.03679267245661899,-0.0028529677864581916,2.1349509983337343,0.000268520156637336,0.033891378386576715,2,2
1130,1.1299999999999863,hold,100.0,2.1744241260573083,0.002871189289408882,1.036815875969005,0.03681587596900493,0.0028482548664942897,2.1377992532002286,0.0002681376890008375,-0.022934422914592297,2,2
1131,1.1309999999999862,hold,100.0,2.1715487811703325,-0.002875344886975828,1.0367823814258317,0.03678238142583168,-0.0028415816389008863,2.134957671561328,0.00026775766067551314,0.03376324807494169,2,2
1132,1.1319999999999861,hold,100.0,2.1744085048663395,0.002859723696007066,1.036805485266442,0.036805485266441895,0.0028368881772858397,2.1377945597386137,0.00026737772679789,-0.02283551872122626,2,2
1133,1.132999999999986,hold,100.0,2.1715446282334208,-0.0028638766329187604,1.0367721174930968,0.036772117493096834,-0.00283024091966173,2.1349643188189518,0.00026700020725191993,0.033635713257030436,2,2
1134,1.133999999999986,hold,100.0,2.1743929320231397,0.002848303789718898,1.0367951219817597,0.036795121981759715,0.002825566860479493,2.1377898856794313,0.00026662277345126446,-0.022736929239404804,2,2
1135,1.1349999999999858,hold,100.0,2.171540477806373,-0.00285245421676672,1.0367618803927667,0.03676188039276673,-0.0028189454478069276,2.134970940231624,0.0002662477294814731,0.033508768959792344,2,2
1136,1.1359999999999857,hold,100.0,2.1743774071967863,0.0028369293904133563,1.036784785850415,0.03678478585041489,0.002814290734699509,2.1377852309663234,0.0002658727628703652,-0.02263865571384754,2,2
1137,1.1369999999999856,hold,100.0,2.171536329743246,-0.0028410774535401195,1.0367516698649402,0.03675166986494016,-0.002807695043111325,2.134977535923212,0.00026550016205211966,0.03338241042879445,2,2
1138,1.1379999999999855,hold,100.0,2.174361930061714,0.0028256003184679024,1.0367744766134996,0.03677447661349964,0.0028030596193148803,2.137780595542527,0.00026512763050866214,-0.022540699153022082,2,2
1139,1.1389999999999854,hold,100.0,2.171532183902678,-0.002829746159036084,1.0367414856553872,0.03674148565538715,-0.002796489526045033,2.134984106016482,0.000264757441167502,0.033256632991050805,2,2
1140,1.1399999999999852,hold,100.0,2.174346500297622,0.0028143163949438943,1.0367641940176526,0.03676419401765263,0.0027918733344138944,2.137775979350896,0.00026438731330760755,-0.022443060529999878,2,2
1141,1.1409999999999851,hold,100.0,2.171528040147724,-0.002818460149897728,1.0367313275152021,0.03673132751520214,-0.0027853287177844453,2.1349906506331116,0.0002640195044924013,0.0331314321132827,2,2
1142,1.141999999999985,hold,100.0,2.1743311175892694,0.0028030774415452875,1.0367539378148074,0.0367539378148074,0.002780731700822721,2.137771382333934,0.0002636517496436529,-0.02234574072256662,2,2
1143,1.142999999999985,hold,100.0,2.171523898345812,-0.002807219243457393,1.0367211952007116,0.0367211952007116,-0.002774212440214473,2.13499716989372,0.00026328629110106014,0.03300680324292001,2,2
1144,1.1439999999999848,hold,100.0,2.174315781626404,0.002791883280591989,1.036743707762013,0.03674370776201297,0.002769634540093003,2.137766804433813,0.0002629208792776829,-0.022248740498986234,2,2
1145,1.1449999999999847,hold,100.0,2.171519758368351,-0.0027960232580528377,1.0367110884732782,0.0367110884732782,-0.002763140515907905,2.135003663917905,0.00026255774142786004,0.032882742144932885,2,2
1146,1.1459999999999846,hold,100.0,2.1743004921034155,0.002780733735064267,1.0367335036212533,0.03673350362125327,0.0027585816744913525,2.137762245592396,0.0002621946433070648,-0.022152060572914415,2,2
1147,1.1469999999999845,hold,100.0,2.17151562009082,-0.002784872012595585,1.0367010070991056,0.03670100709910562,-0.0027521127681408974,2.1350101328242554,0.00026183379722054343,0.032759244454687655,2,2
1148,1.1479999999999844,hold,100.0,2.1742852487194098,0.002769628628589871,1.0367233251593375,0.036723325159337517,0.0027475729270035874,2.137757705751259,0.0002614729841198484,-0.022055701586283418,2,2
1149,1.1489999999999843,hold,100.0,2.171511483392421,-0.0027737653269888085,1.036690950849105,0.0366909508491049,-0.002741129020876694,2.1350165767303824,0.0002611144014954999,0.032636306112114336,2,2
1150,1.1499999999999841,hold,100.0,2.1742700511779027,0.0027585677854817803,1.0367131721476464,0.036713172147646356,0.0027366081213243596,2.137753184851707,0.0002607558453512435,-0.02195966415742068,2,2
1151,1.150999999999984,hold,100.0,2.171507348156216,-0.0027627030216867965,1.0366809194986701,0.03668091949867014,-0.002730189098767531,2.1350229957529394,0.0002603994984953019,0.03251392291926539,2,2
1152,1.151999999999984,hold,100.0,2.1742548991867103,0.0027475510304943995,1.0367030443620546,0.036703044362054627,0.0027256870818653423,2.137748682834805,0.00026004317184207107,-0.021863948629057255,2,2
1153,1.1529999999999838,hold,100.0,2.1715032142686668,-0.002751684918043562,1.0366709128276805,0.036670912827680535,-0.002719292827167733,2.135029390007637,0.0002596890336480492,0.032392090875829005,2,2
1154,1.1539999999999837,hold,100.0,2.1742397924579775,0.0027365781893107233,1.0366929415827681,0.036692941582768146,0.002714809633747745,2.137744199641385,0.00025933490959912633,-0.021768555562978135,2,2
1155,1.1549999999999836,hold,100.0,2.171499081619742,-0.0027407108382355716,1.0366609306201764,0.03666093062017639,-0.0027084400321051114,2.1350357596092797,0.0002589829535287135,0.03227080613046017,2,2
1156,1.1559999999999835,hold,100.0,2.1742247307077758,0.0027256490880338546,1.036682863594178,0.03668286359417805,0.002703975602791618,2.1377397352120715,0.0002586310057573255,-0.021673485242236848,2,2
1157,1.1569999999999834,hold,100.0,2.1714949501027836,-0.0027297806049921824,1.0366509726643547,0.036650972664354686,-0.0026976305403050385,2.1350421046717662,0.0002582812058221513,0.03215006468714398,2,2
1158,1.1579999999999833,hold,100.0,2.1742097136563507,0.0027147635535671455,1.036672810184734,0.036672810184734006,0.002693184815519384,2.1377352894872854,0.00025793140854360713,-0.021578738047761323,2,2
1159,1.1589999999999832,hold,100.0,2.1714908196142093,-0.0027188940421414287,1.036641038752426,0.03664103875242608,-0.0026868641791609354,2.1350484253081246,0.00025758373928780863,0.03202986298049331,2,2
1160,1.159999999999983,hold,100.0,2.174194741027577,0.002703921413367727,1.036662781146804,0.0366627811468041,0.0026824370991559076,2.1377308624072806,0.0002572360672423775,-0.021484314211819323,2,2
1161,1.160999999999983,hold,100.0,2.1714866900537237,-0.002708050973853293,1.0366311286803969,0.03663112868039686,-0.0026761407767584232,2.1350547216305222,0.0002568905037258211,0.031910197094869946,2,2
1162,1.1619999999999828,hold,100.0,2.1741798125492227,0.002693122495498912,1.0366527762766011,0.03665277627660113,0.0026717322816133702,2.1377264539121357,0.00025654493216245317,-0.021390213885541694,2,2
1163,1.1629999999999827,hold,100.0,2.1714825613239146,-0.0026972512253080616,1.036621242248063,0.03662124224806296,-0.0026654601618536574,2.135060993750282,0.0002562014499448491,0.03179106345440425,2,2
1164,1.1639999999999826,hold,100.0,2.1741649279527,0.0026823666287856263,1.036642795374008,0.03664279537400805,0.0026610701915100276,2.137722063941792,0.0002558579546054817,-0.021296437275598618,2,2
1165,1.1649999999999825,hold,100.0,2.1714784333302326,-0.0026864946224676167,1.036611379258856,0.03661137925885605,-0.0026548221638897267,2.1350672417779024,0.00025551652973107304,0.03167245857789002,2,2
1166,1.1659999999999824,hold,100.0,2.1741500869728725,0.002671653642639882,1.0366328382425112,0.03663283824251118,0.0026504506581466756,2.1377176924360493,0.00025517508683562133,-0.021202984493206255,2,2
1167,1.1669999999999823,hold,100.0,2.1714743059811457,-0.0026757809917268283,1.0366015395197439,0.036601539519743875,-0.0026442266129772882,2.135073465823072,0.0002548356958185377,0.03155437874954002,2,2
1168,1.1679999999999822,hold,100.0,2.174135289348173,0.0026609833670274696,1.0366229046890387,0.03662290468903873,0.0026398735115099516,2.137713339334582,0.0002544962820505986,-0.021109855517517997,2,2
1169,1.168999999999982,hold,100.0,2.1714701791876774,-0.002665110160495754,1.0365917228410513,0.03659172284105128,-0.0026336733398933613,2.1350796659946885,0.00025415890186083725,0.0314368206023926,2,2
1170,1.169999999999982,hold,100.0,2.1741205348203123,0.0026503556326349376,1.0366129945239657,0.036612994523965714,0.0026293385822692456,2.1377090045769576,0.00025382149435389543,-0.021017050365691996,2,2
1171,1.1709999999999818,hold,100.0,2.171466052863424,-0.0026544819568883327,1.036581929036536,0.0365819290365359,-0.0026231621760853152,2.1350858424008723,0.00025348610240382043,0.03131978080301743,2,2
1172,1.1719999999999817,hold,100.0,2.1741058231343424,0.00263977027091844,1.0366031075608901,0.036603107560890136,0.002618845701771964,2.1377046881026445,0.00025315067872807917,-0.020924569146475898,2,2
1173,1.1729999999999816,hold,100.0,2.1714619269247573,-0.0026438962095851615,1.036572157923047,0.03657215792304691,-0.0026126929536739673,2.1350919951489704,0.0002528172528595856,0.031203255911194192,2,2
1174,1.1739999999999815,hold,100.0,2.174091154038453,0.0026292271136956202,1.0365932436166272,0.03659324361662719,0.002608394702052917,2.137700389851023,0.00025248379100925225,-0.02083241164270314,2,2
1175,1.1749999999999814,hold,100.0,2.1714578012903485,-0.0026333527481043895,1.0365624093207177,0.03656240932071775,-0.0026022655054326422,2.1350981243455904,0.0002521523094813049,0.031087242671747235,2,2
1176,1.1759999999999813,hold,100.0,2.17407652728395,0.0026187259936016893,1.036583402511088,0.03658340251108805,0.002597985415810603,2.137696109761401,0.0002518207878624668,-0.020740577791086238,2,2
1177,1.1769999999999812,hold,100.0,2.1714536758813052,-0.0026228514026449545,1.0365526830526217,0.036552683052621715,-0.002591879664808548,2.1351042300965926,0.00025149122933926634,0.03097173783640642,2,2
1178,1.177999999999981,hold,100.0,2.174061942625209,0.0026082667439037976,1.036573584067213,0.036573584067213005,0.002587617676426755,2.137691847773019,0.00025116162675819744,-0.020649067477042805,2,2
1179,1.178999999999981,hold,100.0,2.1714495506211104,-0.0026123920040985738,1.0365429789448193,0.03654297894481928,-0.002581535265900339,2.135110312507119,0.00025083397029768416,0.030856738198234857,2,2
1180,1.1799999999999808,hold,100.0,2.1740473998195777,0.0025978491984672836,1.036563788110826,0.036563788110826057,0.0025772913179399914,2.137687603825059,0.00025050626594963526,-0.02055788052729218,2,2
1181,1.1809999999999807,hold,100.0,2.1714454254354765,-0.0026019743841012577,1.0365332968263037,0.036533296826303685,-0.002571232143464391,2.1351163716815944,0.0002501804909925445,0.030742240636866605,2,2
1182,1.1819999999999806,hold,100.0,2.174032898627218,0.002587473191741463,1.0365540144706464,0.036554014470646434,0.002567006175065994,2.13768337785666,0.00024985466445095117,-0.020467016675468873,2,2
1183,1.1829999999999805,hold,100.0,2.1714413002522726,-0.002591598374945381,1.0365236365288344,0.03652363652883439,-0.002560970132915828,2.1351224077237445,0.0002495307508102301,0.03062824202955264,2,2
1184,1.1839999999999804,hold,100.0,2.1740184388111428,0.0025771385588702067,1.0365442629781716,0.03654426297817159,0.002556762083178548,2.137679169806923,0.0002492067820162888,-0.020376475691658708,2,2
1185,1.1849999999999803,hold,100.0,2.1714371750015435,-0.0025812638095992213,1.0365139978868732,0.03651399788687315,-0.002550749070315125,2.135128420736608,0.00024888470986693937,0.03051473928409633,2,2
1186,1.1859999999999802,hold,100.0,2.1740040201371853,0.00256684513564176,1.0365345334675633,0.0365345334675633,0.002546558878313501,2.1376749796149217,0.0002485625791197028,-0.020286257328258964,2,2
1187,1.18699999999998,hold,100.0,2.1714330496153194,-0.002570970521865945,1.0365043807376197,0.036504380737619746,-0.002540568792380571,2.135134410822541,0.00024824232898899807,0.03040172948537423,2,2
1188,1.18799999999998,hold,100.0,2.1739896423737997,0.0025565927584803028,1.0365248257756563,0.0365248257756563,0.002536396397167648,2.137670807219709,0.00024792201693565115,-0.02019636131265481,2,2
1189,1.1889999999999799,hold,100.0,2.171428924027704,-0.002560718346095836,1.0364947849207924,0.03649478492079239,-0.0025304291364754085,2.1351403780832334,0.0002476035696937011,0.030289209620427537,2,2
1190,1.1899999999999797,hold,100.0,2.1739753052920405,0.0025463812643367056,1.0365151397417967,0.036515139741796654,0.0025262744770887637,2.137666652560322,0.0002472850573204023,-0.020106787247941953,2,2
1191,1.1909999999999796,hold,100.0,2.171424798174669,-0.002550507117371481,1.0364852102786406,0.0364852102786406,-0.0025203299406009985,2.135146322619721,0.00024696839417109233,0.03017717677048252,2,2
1192,1.1919999999999795,hold,100.0,2.173961008665592,0.0025362104909230077,1.0365054752079006,0.036505475207900595,0.002516192956077657,2.1376625155757987,0.00024665166279398687,-0.020017534845350512,2,2
1193,1.1929999999999794,hold,100.0,2.171420671994189,-0.002540336671402965,1.036475656655926,0.03647565665592589,-0.0025102710434086535,2.13515224453239,0.0002463367652662283,0.030065627994311627,2,2
1194,1.1939999999999793,hold,100.0,2.173946752270658,0.002526080276469056,1.0364958320182325,0.03649583201823248,0.0025061516727864857,2.1376583962051767,0.0002460217965228972,-0.0199286036825703,2,2
1195,1.1949999999999792,hold,100.0,2.1714165454259504,-0.0025302068447077275,1.036466123899728,0.03646612389972792,-0.002500252284187121,2.1351581439209895,0.00024570864646216383,0.029954560520606497,2,2
1196,1.195999999999979,hold,100.0,2.1739325358857933,0.002515990459842854,1.0364862100194807,0.036486210019480714,0.0024961504665112397,2.1376542943875005,0.00024539542230327403,-0.01983999333161424,2,2
1197,1.196999999999979,hold,100.0,2.171412418411476,-0.0025201174743174626,1.0364566118595193,0.03645661185951932,-0.002490273502858306,2.135164020884642,0.00024508400186355235,0.02984397145915649,2,2
1198,1.1979999999999789,hold,100.0,2.1739183592921516,0.0025059408806757943,1.0364766090606439,0.03647660906064387,0.002486189177198632,2.1376502100618406,0.0002447725045448986,-0.019751703477162517,2,2
1199,1.1989999999999787,hold,100.0,2.171408290893984,-0.0025100683981675864,1.0364471203870351,0.036447120387035126,-0.002480334539996225,2.1351698755218442,0.00024446279618075645,0.029733858171361333,2,2
1200,1.1999999999999786,hold,100.0,2.1739042222729785,0.0024959313789945092,1.0364670289929458,0.03646702899294585,0.0024762676454364307,2.137646143167281,0.0002441530082555175,-0.01966373355807849,2,2
1201,1.2009999999999785,hold,100.0,2.1714041628184235,-0.0025000594545550037,1.036437649336207,0.03643764933620708,-0.0024704352367865778,2.1351757079304945,0.00024384499471458807,0.029624217768425918,2,2
1202,1.2019999999999784,hold,100.0,2.173890124613986,0.0024859617955623747,1.0364574696698459,0.036457469669845866,0.0024663857124408127,2.1376420936429352,0.00024353689902591072,-0.019576083121562032,2,2
1203,1.2029999999999783,hold,100.0,2.1714000341313726,-0.002490090482613283,1.0364281985631656,0.03642819856316559,-0.0024605754350523314,2.135181518207883,0.0002432305633415488,0.029515047560951628,2,2
1204,1.2039999999999782,hold,100.0,2.1738760661031216,0.0024760319717489487,1.0364479309469457,0.03644793094694565,0.002456543220072791,2.137638061427956,0.0002429241430153203,-0.019488751676157746,2,2
1205,1.204999999999978,hold,100.0,2.171395904780956,-0.0024801613221656638,1.036418767926129,0.03641876792612897,-0.0024507549772557337,2.1351873064507,0.0002426194684995393,0.029406344909930094,2,2
1206,1.205999999999978,hold,100.0,2.1738620465305583,0.0024661417496023574,1.0364384126819166,0.03643841268191661,0.0024467400108360545,2.137634046461536,0.00024231470693744338,-0.01940173876630296,2,2
1207,1.2069999999999779,hold,100.0,2.171391774716873,-0.0024702718136850876,1.0364093572854238,0.03640935728542383,-0.002440973706473566,2.1351930727550625,0.0002420116771741595,0.02929810721152143,2,2
1208,1.2079999999999778,hold,100.0,2.1738480656884978,0.002456290971624586,1.0364289147344938,0.036428914734493834,0.002436975927849157,2.1376300486829116,0.00024170855804695908,-0.019315043775429246,2,2
1209,1.2089999999999776,hold,100.0,2.1713876438903066,-0.0024604217981911702,1.036399966503335,0.03639996650333499,-0.002431231466410174,2.1351988172165015,0.00024140715688529432,0.029190331780996025,2,2
1210,1.2099999999999775,hold,100.0,2.173834123371428,0.002446479481121422,1.0364194369664053,0.03641943696640526,0.0024272508148702027,2.1376260680313717,0.00024110566412635366,-0.019228666251219165,2,2
1211,1.2109999999999774,hold,100.0,2.171383511998973,-0.002450611372454947,1.0363905955000083,0.03639059550000834,-0.002421528416641596,2.13520453961473,0.00024080587657481853,0.029082955813351363,2,2
1212,1.2119999999999773,hold,100.0,2.1738202197508127,0.002436707751839684,1.036409979301936,0.0364099793019359,0.002417565141587267,2.1376221047563173,0.00024050599527671352,-0.019142610252416946,2,2
1213,1.2129999999999772,hold,100.0,2.171379379252984,-0.002440840497828667,1.036381244083679,0.03638124408367904,-0.002411864393655464,2.135210240362662,0.00024020780479243177,0.02897610417320305,2,2
1214,1.213999999999977,hold,100.0,2.1738063542473354,0.002426974994351294,1.0364005415464361,0.03640054154643613,0.0024079181212694305,2.1376181584839316,0.00023990951849209332,-0.019056873081863684,2,2
1215,1.214999999999977,hold,100.0,2.1713752456107116,-0.002431108636623769,1.0363719121255224,0.036371912125522377,-0.002402238930129208,2.1352159195538025,0.00023961290968646404,0.028869706494560714,2,2
1216,1.2159999999999769,hold,100.0,2.1737925266620772,0.0024172810513656273,1.0363911235680496,0.03639112356804963,0.0023983095998345826,2.137614229153637,0.00023931620306869976,-0.018971451531044764,2,2
1217,1.2169999999999768,hold,100.0,2.1713711110289093,-0.0024214156331678893,1.0363625994955568,0.03636259949555676,-0.002392651872208509,2.1352215772814285,0.0002390211607898813,0.02876376095938037,2,2
1218,1.2179999999999767,hold,100.0,2.1737787367974812,0.002407625768571897,1.0363817252359526,0.03638172523595262,0.0023887394235822426,2.1376103167050107,0.00023872601877708568,-0.01888634498965454,2,2
1219,1.2189999999999765,hold,100.0,2.171366975465554,-0.00241176133192722,1.0363533060653232,0.036353306065323165,-0.0023831030667148113,2.135227213638296,0.00023843252810836315,0.028658265212408874,2,2
1220,1.2199999999999764,hold,100.0,2.173764984457655,0.002398008992101186,1.0363723464210342,0.03637234642103415,0.0023792074394086804,2.1376064210777046,0.00023813893585602263,-0.018801552692505625,2,2
1221,1.2209999999999763,hold,100.0,2.171362838879968,-0.0024021455776872536,1.0363440317081263,0.03634403170812628,-0.0023735923610761,2.1352328287166285,0.00023784698211073302,0.028553216611153665,2,2
1222,1.2219999999999762,hold,100.0,2.1737512694488546,0.0023884305688866014,1.0363629869959303,0.036362986995930324,0.0023697134948254582,2.1376025422114537,0.00023755492500224907,-0.018717074061143195,2,2
1223,1.222999999999976,hold,100.0,2.171358701232607,-0.002392568216247337,1.0363347762990123,0.03633477629901227,-0.0023641196033410456,2.1352384226081127,0.00023726449371850976,0.02844861290629162,2,2
1224,1.223999999999976,hold,100.0,2.1737375915790698,0.0023788903464625477,1.0363536468350227,0.036353646835022735,0.0023602574379525867,2.1375986800460653,0.0002369739573600158,-0.018632908509961035,2,2
1225,1.2249999999999759,hold,100.0,2.1713545624852677,-0.002383029093802058,1.036325539714718,0.03632553971471797,-0.002354684642149607,2.1352439954039157,0.0002366850342956735,0.02834445165245114,2,2
1226,1.2259999999999758,hold,100.0,2.1737239506581,0.0023693881728323873,1.036344325814385,0.03634432581438496,0.0023508391175175343,2.1375948345214333,0.0002363960045110044,-0.01854905531485304,2,2
1227,1.2269999999999757,hold,100.0,2.1713504226009133,-0.0023735280571868245,1.0363163218336764,0.03631632183367639,-0.0023452873267538425,2.1352495471946793,0.00023610857563872683,0.028240730432982017,2,2
1228,1.2279999999999756,hold,100.0,2.173710346497581,0.002359923896667837,1.036335023811724,0.03633502381172393,0.0023414583828549797,2.1375910055775345,0.00023582103846456844,-0.01846551381285734,2,2
1229,1.2289999999999754,hold,100.0,2.1713462815436313,-0.002364064953949807,1.0363071225359002,0.03630712253590018,-0.0023359275069960985,2.1352550780705384,0.00023553508996699134,0.028137446953708546,2,2
1230,1.2299999999999753,hold,100.0,2.173696778910878,0.0023504973672467955,1.0363257407063733,0.03632574070637329,0.002332115083908592,2.137587193154447,0.00023524903164815215,-0.01838228333820354,2,2
1231,1.2309999999999752,hold,100.0,2.1713421392786643,-0.0023546396322138285,1.0362979417030163,0.03629794170301626,-0.002326605033328131,2.135260588121119,0.00023496454991333576,0.028034598885697676,2,2
1232,1.2319999999999751,hold,100.0,2.1736832477131336,0.00234110843446933,1.0363164763792214,0.03631647637922142,0.0023228090712096978,2.1375833971923286,0.0002346799568981861,-0.018299363259632277,2,2
1233,1.232999999999975,hold,100.0,2.171337995772422,-0.002345251940711446,1.0362887792181734,0.03628877921817342,-0.0023173197567771878,2.1352660774355514,0.0002343969285150378,0.02793218393425806,2,2
1234,1.233999999999975,hold,100.0,2.1736697527210875,0.0023317569486653866,1.036307230712709,0.03630723071270903,0.002313540195899297,2.1375796176314505,0.000234113787451093,-0.018216752766089632,2,2
1235,1.2349999999999748,hold,100.0,2.171333850992326,-0.0023359017287614137,1.036279634966066,0.0362796349660659,-0.0023080715289872595,2.135271546102463,0.00023383219920507597,0.027830199774154206,2,2
1236,1.2359999999999747,hold,100.0,2.1736562937532695,0.0023224427609433995,1.0362980035907492,0.036298003590749195,0.0023043083097140983,2.1375758544121775,0.00023355049693465238,-0.018134451229301265,2,2
1237,1.2369999999999746,hold,100.0,2.1713297049068285,-0.002326588846440991,1.0362705088328537,0.036270508832853654,-0.0022988602021759862,2.1352769942100016,0.00023327033580350823,0.027728644265004928,2,2
1238,1.2379999999999745,hold,100.0,2.17364287062965,0.002313165722821253,1.0362887948987696,0.03628879489876957,0.0022951132649755546,2.137572107474977,0.0002329900593596009,-0.018052457845698592,2,2
1239,1.2389999999999743,hold,100.0,2.171325557485438,-0.0023173131442115746,1.0362614007061406,0.03626140070614059,-0.0022896856291482045,2.1352824218458286,0.0002327113125092635,0.027627515063370113,2,2
1240,1.2399999999999742,hold,100.0,2.173629483172014,0.0023039256865757807,1.0362796045236229,0.03627960452362289,0.0022859549146009616,2.1375683767604294,0.0002324324491114618,-0.017970771974819104,2,2
1241,1.2409999999999741,hold,100.0,2.171321408698673,-0.0023080744733410263,1.0362523104749481,0.036252310474948146,-0.0022805476633018895,2.1352878290971273,0.00023215510389207352,0.027526810039136835,2,2
1242,1.241999999999974,hold,100.0,2.1736161312035245,0.0022947225048515207,1.0362704323535503,0.03627043235355032,0.0022768331120938718,2.137564662209221,0.0002318776409426187,-0.017889392757648986,2,2
1243,1.242999999999974,hold,100.0,2.171317258517959,-0.0022988726855652786,1.0362432380297095,0.036243238029709524,-0.002271446158614504,2.1352932160506066,0.00023160168488468576,0.02742652695077478,2,2
1244,1.2439999999999738,hold,100.0,2.1736028145490778,0.002285556031118574,1.036261278278209,0.03626127827820902,0.002267747711550881,2.1375609637621573,0.00023132560996467789,-0.017808319567693288,2,2
1245,1.2449999999999737,hold,100.0,2.171313106915719,-0.002289707633358784,1.0362341832622144,0.03623418326221439,-0.0022623809696507534,2.1352985827925064,0.0002310510307752572,0.027326663708030635,2,2
1246,1.2459999999999736,hold,100.0,2.1735895330348733,0.002276426119154351,1.0362521421886148,0.03625214218861483,0.002258698567652572,2.137557281360159,0.00023077633164091268,-0.017727551501779074,2,2
1247,1.2469999999999735,hold,100.0,2.1713089538652977,-0.0022805791695756916,1.0362251460655696,0.03622514606556959,-0.0022533519515527053,2.135303929408606,0.0002305031171999829,0.027227218022986277,2,2
1248,1.2479999999999734,hold,100.0,2.1735762864888404,0.0022673326235427282,1.0362430239770477,0.036243023977047706,0.002249685535646625,2.1375536149442524,0.00023022978177906676,-0.01764708789610313,2,2
1249,1.2489999999999732,hold,100.0,2.1713047993408687,-0.0022714871479716514,1.0362161263341794,0.036216126334179366,-0.0022443589600243115,2.135309255984228,0.00022995792013598022,0.027128187947339944,2,2
1250,1.2499999999999731,hold,100.0,2.173563074740197,0.0022582753993281024,1.0362339235371458,0.03623392353714583,0.0022407084713728493,2.1375499644556006,0.00022968593652426838,-0.017566927955253112,2,2
1251,1.250999999999973,hold,100.0,2.171300643317569,-0.002262431422627831,1.0362071239637753,0.036207123963775345,-0.002235401851362726,2.135314562604238,0.00022941541589432054,0.027029571265104694,2,2
1252,1.251999999999973,hold,100.0,2.1735498976197016,0.0022492543021326306,1.0362248407638344,0.036224840763834365,0.0022317672312360598,2.137546329835474,0.00022914477235216077,-0.01748707089657079,2,2
1253,1.2529999999999728,hold,100.0,2.171296485616671,-0.0022534120030304194,1.0361981385201382,0.0361981385201382,-0.002226480271114367,2.1353198495643597,0.0002288755742449676,0.02693173191605251,1,2
1254,1.2539999999999727,hold,100.0,2.1735367543377864,0.0022402687211151573,1.0362157751656838,0.03621577516568375,0.002222861261582185,2.137542710825942,0.00022860625221134026,-0.017407459532972104,2,2
1255,1.2549999999999726,hold,100.0,2.1712923262902524,-0.0022444280475339973,1.0361891701427064,0.036189170142706395,-0.0022175940784059664,2.135325116747536,0.00022833837193451945,0.026833969128030842,1,2
1256,1.2559999999999725,hold,100.0,2.173523643417628,0.002231317127375565,1.0362067266811734,0.03620672668117342,0.0022139892420240167,2.13753910598956,0.00022807036221274122,-0.01732788535154829,1,2
1257,1.2569999999999724,hold,100.0,2.1712881666679773,-0.0022354767496506334,1.0361802184690594,0.03618021846905939,-0.0022087401308205717,2.1353303658587395,0.00022780378409939243,0.026736618830061707,1,2
1258,1.2579999999999723,hold,100.0,2.1735105665661956,0.0022223998982182636,1.0361976954718877,0.03619769547188767,0.002205151010598462,2.1375355168693377,0.00022753708019499405,-0.017248887619801534,1,2
1259,1.2589999999999721,hold,100.0,2.1712840054067555,-0.002226561159440088,1.0361712837102874,0.03617128371028744,-0.0021999215279162212,2.1353355953414215,0.00022727179762448062,0.026639631523866798,1,2
1260,1.259999999999972,hold,100.0,2.1734975236721468,0.00221351826539129,1.036188681496867,0.03618868149686705,0.0021963480587381644,2.13753194340016,0.00022700638851023435,-0.017170206653125547,1,2
1261,1.260999999999972,hold,100.0,2.171279842508979,-0.002217681163167562,1.0361623657942374,0.03616236579423737,-0.002191138124795137,2.135340805275365,0.000226742390513529,0.026543038372424995,1,2
1262,1.2619999999999718,hold,100.0,2.1734845145859354,0.0022046720769561823,1.036179684671585,0.036179684671584944,0.0021875802468260285,2.1375283855221907,0.0002264782652450052,-0.017091830130153748,1,2
1263,1.2629999999999717,hold,100.0,2.1712756779626945,-0.002208836623240895,1.0361534646328776,0.03615346463287761,-0.0021823897803794237,2.1353459957418113,0.0002262155409767001,0.026446842861471438,1,2
1264,1.2639999999999716,hold,100.0,2.1734715391518695,0.00219586118917503,1.0361707049042608,0.036170704904260775,0.0021788474348923563,2.1375248431767035,0.00022595268874308773,-0.01701375428267383,1,2
1265,1.2649999999999715,hold,100.0,2.171271511752521,-0.0022000273993483255,1.036144580134626,0.03614458013462607,-0.0021736763545779545,2.1353511668221254,0.00022569122749558753,0.026351044770370983,1,2
1266,1.2659999999999714,hold,100.0,2.173458597212923,0.0021870854604015832,1.0361617421013372,0.03616174210133716,0.0021701494833056183,2.137521316305431,0.00022542963762498954,-0.016935977095964942,1,2
1267,1.2669999999999713,hold,100.0,2.171267343862052,-0.002191253350870781,1.0361357122070969,0.03613571220709688,-0.002164997707964149,2.135356318597467,0.00022516942882952741,0.02625564290663178,1,2
1268,1.2679999999999712,hold,100.0,2.173445688612324,0.002178344750272121,1.0361527961690078,0.036152796169007795,0.0021614862529459153,2.137517804850413,0.00022490909078853438,-0.01685849732620563,1,2
1269,1.268999999999971,hold,100.0,2.1712631742748503,-0.002182514337473851,1.0361268607580219,0.03612686075802185,-0.0021563537017259275,2.135361451148687,0.00022465012401385036,0.026160635747923388,1,2
1270,1.269999999999971,hold,100.0,2.1734328131938416,0.0021696389189913567,1.0361438670138738,0.03614386701387384,0.0021528576052076446,2.1375143087538944,0.0002243910274057927,-0.016781313783712122,1,2
1271,1.2709999999999708,hold,100.0,2.1712590029747014,-0.0021738102191402042,1.0361180256956821,0.03611802569568212,-0.0021477441975963157,2.135366564556298,0.00022413329235600958,0.02606602154388857,1,2
1272,1.2719999999999707,hold,100.0,2.173419970802134,0.0021609678274323585,1.0361349545431888,0.036134954543188824,0.0021442634020181106,2.137510827958316,0.00022387542691884393,-0.016704425414247864,1,2
1273,1.2729999999999706,hold,100.0,2.171254829945748,-0.002165140856385861,1.0361092069290903,0.036109206929090254,-0.002139169057886911,2.135371658900429,0.00022361891343123557,0.025971798498949754,1,2
1274,1.2739999999999705,hold,100.0,2.173407161282892,0.0021523313371440977,1.036126058664983,0.036126058664982974,0.0021357035058527534,2.1375073624062817,0.00022336226903514955,-0.016627831291344316,1,2
1275,1.2749999999999704,hold,100.0,2.171250655172552,-0.0021565061103401284,1.0361004043680304,0.036100404368030414,-0.002130628145447732,2.135376734260834,0.00022310696707778156,0.025877964892396556,1,2
1276,1.2759999999999703,hold,100.0,2.17339438448283,0.002143729310278175,1.036117179288103,0.036117179288102985,0.002127177779731366,2.137503912040565,0.00022285153372291245,-0.016551530546809242,1,2
1277,1.2769999999999702,hold,100.0,2.1712464786403127,-0.002147905842517339,1.0360916179232236,0.03609161792322357,-0.0021221213236886256,2.135381790716876,0.00022259743339228912,0.02578451882871355,1,2
1278,1.27799999999997,hold,100.0,2.1733816402497226,0.0021351616094098524,1.0361083163223315,0.03610831632233147,0.0021186860872186206,2.1375004768040946,0.0002223432012063333,-0.016475522191231832,1,2
1279,1.27899999999997,hold,100.0,2.1712423003346557,-0.0021393399150668735,1.036082847506213,0.036082847506212934,-0.002113648456564008,2.1353868283475306,0.00022209029272514275,0.025691458502865444,1,2
1280,1.2799999999999698,hold,100.0,2.173368928432488,0.0021266280978324836,1.0360994696783263,0.036099469678326335,0.0021102282924298096,2.1374970566399605,0.000221837251961088,-0.01639980540267408,1,2
1281,1.2809999999999697,hold,100.0,2.171238120241877,-0.0021308081906110665,1.0360740930294645,0.036074093029464516,-0.0021052094085761332,2.1353918472313844,0.00022158552567581904,0.02559878203493328,1,2
1282,1.2819999999999696,hold,100.0,2.173356248881154,0.0021181286392768506,1.036090639267644,0.03609063926764411,0.0021018042600121113,2.1374936514913965,0.00022133366670969468,-0.01632437926473926,1,2
1283,1.2829999999999695,hold,100.0,2.1712339383486925,-0.00212231053246148,1.036065354406383,0.03606535440638292,-0.0020968040447602704,2.135396847446636,0.00022108311308848406,0.025506487701209505,1,2
1284,1.2839999999999694,hold,100.0,2.173343601446784,0.0021096630980914632,1.036081825002758,0.03608182500275792,0.0020934138551718454,2.137490261301808,0.00022083242641712797,-0.01624924291961788,1,2
1285,1.2849999999999693,hold,100.0,2.171229754642497,-0.002113846804287167,1.0360566315511932,0.03605663155119321,-0.0020884322307038205,2.135401829071104,0.00022058303604754217,0.025414573583346697,1,2
1286,1.2859999999999692,hold,100.0,2.173330985981558,0.0021012313390613713,1.0360730267970508,0.03607302679705082,0.0020850569436269843,2.137486886014731,0.0002203335122864347,-0.016174395434386934,1,2
1287,1.286999999999969,hold,100.0,2.1712255691111446,-0.0021054168704135456,1.0360479243790783,0.03604792437907833,-0.0020800938325094206,2.1354067921822213,0.00022008527587334177,0.02532303790412499,1,2
1288,1.287999999999969,hold,100.0,2.1733184023387637,0.0020928332276191064,1.036064244564757,0.036064244564756986,0.002076733391650527,2.137483525573872,0.00021983690575450284,-0.016099835968579404,1,2
1289,1.2889999999999688,hold,100.0,2.171221381743004,-0.00209702059575978,1.0360392328060581,0.03603923280605814,-0.0020717887168287554,2.1354117368570433,0.00021958981411796061,0.02523187893102444,1,2
1290,1.2899999999999687,hold,100.0,2.1733058503727394,0.0020844686297354365,1.0360554782210354,0.036055478221035386,0.0020684430660425825,2.137480179923086,0.00021934258848787987,-0.01602556369285392,1,2
1291,1.2909999999999686,hold,100.0,2.1712171925270725,-0.002088657845666919,1.036030556749035,0.0360305567490351,-0.0020635167508515303,2.135416663172234,0.00021909663256112274,0.02514109481538884,1,2
1292,1.2919999999999685,hold,100.0,2.173293329938866,0.002076137411793688,1.0360467276818806,0.03604672768188055,0.0020601858341492128,2.1374768490063834,0.00021885054237870971,-0.01595157764447538,1,2
1293,1.2929999999999684,hold,100.0,2.171213001452772,-0.002080328486094185,1.0360218961257763,0.03602189612577633,-0.002055277802280128,2.135421571204103,0.000218605713206141,0.025050683814057013,1,2
1294,1.2939999999999683,hold,100.0,2.173280840893618,0.0020678394408459866,1.0360379928641608,0.03603799286416076,0.002051961563818689,2.1374735327679217,0.0002183607495408098,-0.015877877027297652,1,2
1295,1.2949999999999682,hold,100.0,2.1712088085101353,-0.002072032383482636,1.0360132508548725,0.0360132508548725,-0.0020470717393466743,2.135426461028575,0.00021811703827605877,0.02496064413596167,1,2
1296,1.295999999999968,hold,100.0,2.1732683830944635,0.00205957458432815,1.036029273685581,0.036029273685580954,0.002043770123452177,2.1374702311520273,0.00021787319230571087,-0.015804460875972707,1,2
1297,1.296999999999968,hold,100.0,2.1712046136895613,-0.0020637694049021604,1.0360046208558018,0.036004620855801805,-0.002038898430819708,2.1354313327212076,0.00021763059020972185,0.024870974082452472,1,2
1298,1.2979999999999678,hold,100.0,2.173255956399901,0.0020513427103399096,1.0360205700646985,0.0360205700646985,0.0020356113819619266,2.1374669441031693,0.00021738785321895906,-0.015731328377982957,1,2
1299,1.2989999999999677,hold,100.0,2.171200416982046,-0.00205553941785519,1.0359960060487907,0.03599600604879072,-0.0020307577459842577,2.135436186357185,0.00021714635165813708,0.02478167187093235,1,2
1300,1.2999999999999676,hold,100.0,2.1732435606694525,0.0020431436874064346,1.036011881920865,0.03601188192086502,0.002027485208799674,2.137463671565985,0.0002169047150363672,-0.01565847860676055,1,2
1301,1.3009999999999675,hold,100.0,2.1711962183790336,-0.0020473422904188077,1.035987406354935,0.035987406354935025,-0.00202264955464934,2.1354410220113356,0.00021666430548077,0.02469273576946769,1,2
1302,1.3019999999999674,hold,100.0,2.173231195763673,0.002034977384639536,1.0360032091742655,0.03600320917426547,0.002019391473926285,2.137460413485262,0.00021642376072038709,-0.015585910713250724,1,2
1303,1.3029999999999673,hold,100.0,2.1711920178724244,-0.0020391778912487446,1.0359788216960826,0.035978821696082575,-0.002014573727143841,2.135445839758118,0.00021618443474193092,0.024604164104903396,1,2
1304,1.3039999999999672,hold,100.0,2.173218861223827,0.002026843351402352,1.0359945519668963,0.03599455196689627,0.002011329500972456,2.1374571692590902,0.000215944976869941,-0.015513850429896194,2,2
1305,1.304999999999967,hold,100.0,2.171187815785721,-0.0020310454381058385,1.0359702525317371,0.035970252531737135,-0.0020065298264174162,2.1354506394326727,0.0002157067354310343,0.024515611688422263,2,2
1306,1.305999999999967,hold,100.0,2.1732065583711533,0.0020187425854323315,1.0359859103667537,0.03598591036675369,0.002003300690390734,2.1374539401230632,0.00021546835829989078,-0.015441895041597414,2,2
1307,1.3069999999999669,hold,100.0,2.171183611861729,-0.0020229465094243615,1.0359616983439457,0.03596169834394569,-0.001998518789374585,2.1354554213336887,0.00021523118389061413,0.024427720049776357,2,2
1308,1.3079999999999667,hold,100.0,2.1731942859761006,0.0020106741143717244,1.035977283978474,0.035977283978473995,0.0019953039415269466,2.1374507252752157,0.0002149938736614442,-0.01537017284477778,2,2
1309,1.3089999999999666,hold,100.0,2.171179406035569,-0.002014879940531511,1.0359531589910085,0.03595315899100848,-0.0019905397329238062,2.135460185542292,0.00021475775806653765,0.024340207607704764,2,2
1310,1.3099999999999665,hold,100.0,2.173182043876449,0.0020026378408797285,1.0359686726954065,0.03596867269540649,0.001987339122094649,2.1374475246643865,0.00021452150658780286,-0.015298718785079594,2,2
1311,1.3109999999999664,hold,100.0,2.171175198286302,-0.002006845590146966,1.0359446343812366,0.03594463438123663,-0.0019825925308667464,2.1354649321335195,0.0002142864417501865,0.024253059280219744,2,2
1312,1.3119999999999663,hold,100.0,2.173169831928372,0.0019946336420701982,1.035960076431132,0.03596007643113208,0.0019794061038266664,2.137444338237346,0.00021405124099100072,-0.015227538243531812,2,2
1313,1.3129999999999662,hold,100.0,2.1711709886018724,-0.0019988433264996885,1.0359361244333056,0.03593612443330563,-0.0019746770564355665,2.1354696611809105,0.00021381721895912103,0.02416627006412205,2,2
1314,1.313999999999966,hold,100.0,2.1731576499936507,0.001986661391778277,1.0359514951054585,0.035951495105458475,0.001971504759492157,2.1374411659404027,0.0002135830609888293,-0.015156632286120273,2,2
1315,1.314999999999966,hold,100.0,2.1711667769735485,-0.0019908730201021463,1.0359276290698824,0.03592762906988245,-0.0019667931831347544,2.135474372757268,0.00021335007390733488,0.02407983696739186,2,2
1316,1.3159999999999659,hold,100.0,2.173145497937119,0.001978720963570435,1.0359429286410435,0.03594292864104354,0.0019636349625052237,2.137438007719773,0.00021311695088971352,-0.01508600106521138,2,2
1317,1.3169999999999658,hold,100.0,2.171162563394317,-0.001982934542802184,1.0359191482159427,0.035919148215942664,-0.0019589407849153868,2.135479066934858,0.00021288499099559772,0.023993757886797088,2,2
1318,1.3179999999999656,hold,100.0,2.1731333756252145,0.0019708122308976783,1.035934376962365,0.03593437696236501,0.0019557965868657384,2.1374348635217237,0.00021265289518584269,-0.015015644031939925,2,2
1319,1.3189999999999655,hold,100.0,2.171158347858344,-0.0019750277668704186,1.035910681797901,0.03591068179790091,-0.0019511197362012886,2.1354837437855223,0.00021242195480614253,0.023908030669129998,2,2
1320,1.3199999999999654,hold,100.0,2.1731212829259166,0.001962935067572502,1.0359258399952131,0.03592583999521315,0.0019479895070763276,2.1374317332925985,0.0002121908785488027,-0.014945560496174579,2,2
1321,1.3209999999999653,hold,100.0,2.171154130360564,-0.0019671525653524036,1.0359022297433245,0.035902229743324465,-0.0019433299118848523,2.1354884033807138,0.00021196095009868007,0.023822653467551285,2,2
1322,1.3219999999999652,hold,100.0,2.1731092197085022,0.001955089347938088,1.035917317666385,0.03591731766638495,0.0019402135981514365,2.137428616978865,0.00021173088582585045,-0.014875749786651734,2,2
1323,1.322999999999965,hold,100.0,2.1711499108963332,-0.0019593088121689917,1.0358937919807316,0.035893791980731615,-0.001935571187355757,2.1354930457915096,0.00021150196180700893,0.02373762481323459,2,2
1324,1.323999999999965,hold,100.0,2.1730971858431065,0.0019472749467732697,1.0359088099036353,0.03590880990363532,0.0019324687356196898,2.1374255145271293,0.0002112729020368194,-0.014806211153579885,2,2
1325,1.3249999999999649,hold,100.0,2.1711456894618206,-0.0019514963812858888,1.0358853684395535,0.03588536843955348,-0.0019278434384994115,2.13549767108863,0.00021104497503594838,0.023652942786477234,2,2
1326,1.3259999999999648,hold,100.0,2.1730851812010448,0.0019394917392241418,1.0359003166355052,0.03590031663550519,0.0019247547955131188,2.137422425884143,0.00021081691237104323,-0.014736943711022958,2,2
1327,1.3269999999999647,hold,100.0,2.1711414660535757,-0.0019437151474690495,1.0358769590499364,0.035876959049936374,-0.0019201465416864589,2.1355022793424565,0.0002105899750584343,0.02356860578259061,2,2
1328,1.3279999999999645,hold,100.0,2.1730732056545206,0.0019317396009448373,1.0358918377913322,0.035891837791332204,0.001917071654344183,2.137419350996801,0.00021036290218457983,-0.014667946600654307,2,2
1329,1.3289999999999644,hold,100.0,2.1711372406684717,-0.001935964986048866,1.0358685637428537,0.03586856374285374,-0.0019124803737763242,2.1355068706230247,0.00021013694731271239,0.02348461227254174,2,2
1330,1.3299999999999643,hold,100.0,2.173061259076668,0.0019240184081961154,1.0358833733011767,0.035883373301176746,0.001909419189132953,2.137416289812158,0.0002099108569974373,-0.014599219063162264,2,2
1331,1.3309999999999642,hold,100.0,2.1711330133039417,-0.0019282457727261004,1.0358601824499212,0.035860182449921174,-0.0019048448121257592,2.135511445000032,0.00020968587739969834,0.023400960600341268,2,2
1332,1.331999999999964,hold,100.0,2.173049341341433,0.0019163280374914216,1.0358749230958173,0.0358749230958173,0.0019017972773915262,2.1374132422774235,0.00020946076249097261,-0.014530760099895363,2,2
1333,1.332999999999964,hold,100.0,2.1711287839577142,-0.0019205573837188794,1.035851815103476,0.035851815103475904,-0.0018972397345703351,2.135516002542853,0.00020923675108030685,0.02331764914854429,2,2
1334,1.3339999999999639,hold,100.0,2.1730374523237797,0.0019086683660654025,1.035866487106673,0.03586648710667295,0.0018942057971107838,2.137410208339964,0.00020901260450530493,-0.014462568954618686,2,2
1335,1.3349999999999638,hold,100.0,2.1711245526279397,-0.0019128996958399647,1.0358434616365022,0.035843461636502205,-0.0018896650194356707,2.135520543320528,0.00020878955427297154,0.023234676404293917,2,2
1336,1.3359999999999637,hold,100.0,2.173025591899389,0.0019010392714493562,1.0358580652658562,0.03585806526585622,0.0018866446267842454,2.1374071879473124,0.00020856636903675724,-0.014394644665110829,2,2
1337,1.3369999999999636,hold,100.0,2.171120319312977,-0.0019052725864119324,1.0358351219826507,0.03583512198265071,-0.001882120545534831,2.1355250674017774,0.0002083442730511378,0.023152040877101425,2,2
1338,1.3379999999999634,hold,100.0,2.1730137599448107,0.0018934406318336094,1.0358496575061038,0.035849657506103805,0.0018791136453770675,2.1374041810471542,0.00020812204223548435,-0.014326986456541938,2,2
1339,1.3389999999999633,hold,100.0,2.1711160840117314,-0.0018976759330793236,1.035826796076167,0.0358267960761669,-0.0018746061921563835,2.135529574854998,0.0002079008936408169,0.023069740922940098,2,2
1340,1.3399999999999632,hold,100.0,2.173001956337447,0.0018858723257157983,1.0358412637607888,0.03584126376078878,0.0018716127323469708,2.137401187587345,0.00020767961040300733,-0.01425959336882757,2,2
1341,1.340999999999963,hold,100.0,2.171111846723251,-0.0018901096141963336,1.0358184838519355,0.035818483851935534,-0.0018671218390783966,2.1355340657482667,0.00020745940241827156,0.022987775117936985,2,2
1342,1.341999999999963,hold,100.0,2.172990180955405,0.0018783342321539997,1.0358328839638877,0.03583288396388773,0.0018641417676283063,2.137398207515895,0.00020723905998994228,-0.014192464525693413,2,2
1343,1.342999999999963,hold,100.0,2.171107607447045,-0.0018825735083600748,1.0358101852454602,0.0358101852454602,-0.0018596673665449148,2.13553854014935,0.00020701978590764267,0.02290614181515993,2,2
1344,1.3439999999999628,hold,100.0,2.172978433677708,0.0018708262306632584,1.0358245180500016,0.03582451805000164,0.0018567006316286413,2.137395240780979,0.00020680037759363202,-0.014125599034617081,2,2
1345,1.3449999999999627,hold,100.0,2.171103366182826,-0.0018750674948821988,1.035801900192794,0.035801900192794056,-0.0018522426552863847,2.1355429981256924,0.0002065820307787582,0.02282483959581416,2,2
1346,1.3459999999999626,hold,100.0,2.1729667143841462,0.0018633482013203917,1.0358161659543215,0.035816165954321466,0.0018492892052447561,2.137392287330937,0.00020636354995597975,-0.014058996075635554,2,2
1347,1.3469999999999624,hold,100.0,2.1710991229306233,-0.0018675914535228877,1.0357936286306273,0.035793628630627294,-0.0018448475865029958,2.135547439744434,0.00020614612384484347,0.022743867019891843,2,2
1348,1.3479999999999623,hold,100.0,2.172955022955179,0.0018559000245557122,1.035807827612593,0.035807827612593046,0.0018419073698422532,2.137389347114276,0.00020592856396121347,-0.013992654713459009,2,2
1349,1.3489999999999622,hold,100.0,2.171094877690779,-0.0018601452644002592,1.035785370496179,0.035785370496179025,-0.0018374820418802038,2.135551865072396,0.00020571205206035875,0.022663222520055357,2,2
1350,1.3499999999999621,hold,100.0,2.1729433592721326,0.0018484815813537558,1.0357995029611673,0.035799502961167295,0.0018345550072692432,2.137386420079665,0.0002054954066337115,-0.01392657408451261,2,2
1351,1.350999999999962,hold,100.0,2.1710906304639432,-0.001852728808189319,1.0357771257272848,0.03577712572728475,-0.0018301459035651758,2.1355562741761,0.00020527980251892314,0.022582904624143113,2,2
1352,1.351999999999962,hold,100.0,2.1729317232170495,0.0018410927531062882,1.0357911919369538,0.03579119193695379,0.0018272319998351523,2.137383506175935,0.0002050640651359704,-0.013860753271135876,2,2
1353,1.3529999999999618,hold,100.0,2.1710863812510097,-0.001845341966039804,1.035768894262249,0.03576889426224894,-0.0018228390541763207,2.135560667121759,0.00020484936245113023,0.022502911863483358,2,2
1354,1.3539999999999617,hold,100.0,2.172920114672759,0.0018337334217490842,1.0357828944774121,0.03578289447741212,0.0018199382303272363,2.1373806053520865,0.0002046345267664498,-0.013795191421847814,2,2
1355,1.3549999999999616,hold,100.0,2.1710821300531284,-0.0018379846196303617,1.0357606760400309,0.03576067604003086,-0.0018155613768016836,2.135565043975285,0.00020442071922266523,0.0224232428286781,2,2
1356,1.3559999999999615,hold,100.0,2.1729085335226905,0.0018264034695620879,1.035774610520548,0.03577461052054809,0.001812673581989216,2.137377717557274,0.0002042067789576234,-0.013729887572871838,2,2
1357,1.3569999999999613,hold,100.0,2.1710778768717165,-0.0018306566509740385,1.0357524710000399,0.035752471000039865,-0.001808312754985769,2.135569404802288,0.00020399386033209994,0.022343895988269444,2,2
1358,1.3579999999999612,hold,100.0,2.172896979651246,0.001819102779529569,1.0357663400049213,0.03576634000492129,0.0018054379385395722,2.1373748427408277,0.00020378080927396967,-0.013664840989996646,2,2
1359,1.3589999999999611,hold,100.0,2.171073621708476,-0.0018233579427699986,1.0357442790822444,0.03574427908224442,-0.0018010930727554112,2.1355737496680725,0.00020356877340908807,0.02226487001458742,2,2
1360,1.359999999999961,hold,100.0,2.1728854529433397,0.0018118312348636145,1.0357580828695787,0.03575808286957871,0.0017982311841687449,2.137371980852241,0.00020335660540999568,-0.01360005069486964,2,2
1361,1.360999999999961,hold,100.0,2.171069364565334,-0.0018160883780056203,1.0357361002271706,0.03573610022717055,-0.0017939022145881673,2.135578078637653,0.0002031454462124036,0.022186163417452956,2,2
1362,1.3619999999999608,hold,100.0,2.1728739532846673,0.0018045887193332,1.0357498390541615,0.035749839054161514,0.0017910532035129024,2.137369131841166,0.0002029341551884054,-0.013535515820297566,2,2
1363,1.3629999999999607,hold,100.0,2.171065105444452,-0.0018088478402153996,1.0357279343758194,0.03572793437581945,-0.001786740065417635,2.1355823917757486,0.00020272386662797482,0.022107774797764518,2,2
1364,1.3639999999999606,hold,100.0,2.172862480561644,0.0017973751171922459,1.0357416084987852,0.03574160849878516,0.0017839038816814122,2.13736629565743,0.00020251344655814726,-0.013471235510833634,2,2
1365,1.3649999999999605,hold,100.0,2.1710608443482706,-0.001801636213373481,1.0357197814697225,0.035719781469722545,-0.0017796065106561712,2.135586689146774,0.000202304022667154,0.022029702717309703,2,2
1366,1.3659999999999604,hold,100.0,2.172851034661365,0.001790190313094353,1.035733391144071,0.035733391144070925,0.001776783104242604,2.1373634722510166,0.0002020944675926467,-0.013407208851749048,2,2
1367,1.3669999999999602,hold,100.0,2.171056581279459,-0.0017944533819060915,1.0357116414508805,0.03571164145088046,-0.0017725014361505025,2.135590970814866,0.00020188590246479797,0.02195194575558895,2,2
1368,1.3679999999999601,hold,100.0,2.1728396154716965,0.0017830341922375759,1.0357251869311392,0.03572518693113924,0.0017696907572056948,2.1373606615720715,0.000201677206487967,-0.01334343503188104,2,2
1369,1.36899999999996,hold,100.0,2.171052316240887,-0.0017872992308096691,1.035703514261839,0.03570351426183893,-0.0017654247282083513,2.135595236843863,0.00020146949427758522,0.021874502601317836,2,2
1370,1.36999999999996,hold,100.0,2.1728282228809848,0.0017759066400979684,1.0357169958016552,0.035716995801655216,0.0017626267270567867,2.13735786357092,0.00020126165156109322,-0.013279913041181661,2,2
1371,1.3709999999999598,hold,100.0,2.171048049235641,-0.0017801736453435524,1.0356953998455833,0.03569539984558334,-0.001758376273604113,2.135599487297316,0.00020105478648215484,0.02179737173943941,2,2
1372,1.3719999999999597,hold,100.0,2.172816856778475,0.0017688075428337058,1.035708817697705,0.03570881769770495,0.0017555909007183545,2.137355078198034,0.0002008477912481483,-0.013216642115351264,2,2
1373,1.3729999999999596,hold,100.0,2.1710437802670914,-0.0017730765113834757,1.035687298145606,0.035687298145606006,-0.001751355959538887,2.1356037222384954,0.0002006417675735352,0.021720551844588716,2,2
1374,1.3739999999999595,hold,100.0,2.1728055170539893,0.0017617367868978384,1.0357006525619037,0.03570065256190369,0.0017485831655694713,2.1373523054040646,0.00020043561410272736,-0.013153621328367135,2,2
1375,1.3749999999999594,hold,100.0,2.1710395093386996,-0.0017660077152896747,1.0356792091058846,0.035679209105884624,-0.001744363673691365,2.135607941730373,0.00020023042616332398,0.021644041598309783,2,2
1376,1.3759999999999593,hold,100.0,2.1727942035980017,0.001754694259302081,1.035692500337312,0.03569250033731208,0.0017416034094454066,2.1373495451398186,0.00020002510879423891,-0.01309084985667429,2,2
1377,1.3769999999999591,hold,100.0,2.171035236454272,-0.001758967143729695,1.035671132670835,0.03567113267083499,-0.001737399304167302,2.135612145835651,0.00019982075097812536,0.021567839562393026,2,2
1378,1.377999999999959,hold,100.0,2.172782916301675,0.0017476798474032051,1.0356843609675084,0.03568436096750838,0.0017346515206229773,2.1373467973562743,0.00019961626410627072,-0.013028326780227875,2,2
1379,1.378999999999959,hold,100.0,2.1710309616177406,-0.0017519546839346312,1.035663068785349,0.03566306878534897,-0.0017304627395271122,2.1356163346167474,0.00019941273085793184,0.021491944407518986,2,2
1380,1.3799999999999588,hold,100.0,2.1727716550568092,0.0017406934390686857,1.0356762343964734,0.03567623439647338,0.001727727387819928,2.1373440620045674,0.0001992090689349419,-0.01296605124875773,2,2
1381,1.3809999999999587,hold,100.0,2.17102668483324,-0.001744970223569453,1.035655017394778,0.035655017394778055,-0.0017235538687686153,2.1356205081357986,0.00019900635475448387,0.02141635480083781,2,2
1382,1.3819999999999586,hold,100.0,2.172760419755818,0.0017337349225781118,1.0356681205686955,0.035668120568695505,0.0017208309002045702,2.137341339036003,0.00019880351228739157,-0.012904022373541602,2,2
1383,1.3829999999999585,hold,100.0,2.1710224061050996,-0.0017380136507183508,1.0356469784449152,0.035646978444915156,-0.0017166725813464816,2.1356246664546563,0.00019860161172973687,0.021341069371869168,2,2
1384,1.3839999999999584,hold,100.0,2.1727492102918236,0.0017268041867239958,1.0356600194290813,0.03566001942908126,0.0017139619473969974,2.1373386284020532,0.00019839958328020924,-0.012842239326998428,2,2
1385,1.3849999999999583,hold,100.0,2.1710181254378793,-0.0017310848539442425,1.035638951882016,0.035638951882015935,-0.0017098187671491104,2.135628809634904,0.00019819849095436504,0.0212660867951321,2,2
1386,1.3859999999999582,hold,100.0,2.1727380265585152,0.0017199011206359138,1.035651930922993,0.035651930922993014,0.001707120419445245,2.1373359300543493,0.00019799727113792198,-0.012780701190668892,2,2
1387,1.386999999999958,hold,100.0,2.1710138428363064,-0.0017241837222088385,1.0356309376527606,0.0356309376527606,-0.001702992316503049,2.1356329377378462,0.00019779698170620182,0.02119140570578954,2,2
1388,1.387999999999958,hold,100.0,2.1727268684502374,0.0017130256139310518,1.0356438549962508,0.03564385499625078,0.0017003062068408812,2.137333243944687,0.00019759656519147335,-0.012719407090170613,2,2
1389,1.3889999999999578,hold,100.0,2.1710095583052116,-0.001717310145025852,1.035622935704245,0.03562293570424502,-0.0016961931201660801,2.135637050824521,0.0001973970733688077,0.021117024859771977,2,2
1390,1.3899999999999577,hold,100.0,2.17271573586199,0.0017061775567785986,1.0356357915950676,0.03563579159506758,0.00169351920050435,2.1373305700250254,0.00019719745487683076,-0.012658356274248628,2,2
1391,1.3909999999999576,hold,100.0,2.1710052718497064,-0.0017104640122838077,1.0356149459840378,0.035614945984037805,-0.0016894210693399038,2.1356411489556852,0.00019699875543002584,0.021042942943903926,2,2
1392,1.3919999999999575,hold,100.0,2.1727046286892966,0.0016993568395902159,1.0356277406661427,0.035627740666142715,0.0016867592918055447,2.137327908247491,0.00019679992973349264,-0.012597547784671181,2,2
1393,1.3929999999999574,hold,100.0,2.171000983475067,-0.00170364521422961,1.0356069684400782,0.03560696844007816,-0.0016826760556589975,2.1356452321918318,0.00019660201748050534,0.020969158570612392,2,2
1394,1.3939999999999573,hold,100.0,2.1726935468283517,0.001692563353284715,1.0356197021565463,0.03561970215654631,0.0016800263725379328,2.1373252585643696,0.0001964039794030961,-0.012536980746782238,2,2
1395,1.3949999999999572,hold,100.0,2.170996693186659,-0.0016968536416928082,1.0355990030207651,0.03559900302076513,-0.0016759579711851248,2.1356493005931845,0.0001962068492123681,0.020895670507683387,2,2
1396,1.395999999999957,hold,100.0,2.17268249017595,0.0016857969892911662,1.0356116760138083,0.035611676013808324,0.0016733203349299415,2.1373226209281144,0.00019600959362805557,-0.012476654361224691,2,2
1397,1.396999999999957,hold,100.0,2.1709924009901096,-0.0016900891858404599,1.0355910496748841,0.035591049674884134,-0.001669266708419884,2.1356533542196945,0.00019581324041780936,0.02082247742057593,2,2
1398,1.3979999999999568,hold,100.0,2.172671458629476,0.001679057639366377,1.0356036621858318,0.035603662185831775,0.0016666410716481496,2.1373199952913424,0.00019561676225015378,-0.012416567718227366,2,2
1399,1.3989999999999567,hold,100.0,2.170988106891137,-0.0016833517383387786,1.0355831083516438,0.0355831083516438,-0.001662602160289932,2.1356573931310523,0.000195421180987734,0.020749578048846664,2,2
1400,1.3999999999999566,hold,100.0,2.172660452086886,0.001672345195748992,1.035595660620972,0.03559566062097197,0.0016599884757770857,2.1373173816068296,0.0001952254752092687,-0.012356719971906354,2,2
1401,1.4009999999999565,hold,100.0,2.170983810895619,-0.001676641191266981,1.0355751790006282,0.03557517900062823,-0.0016559642201434356,2.1356614173866864,0.0001950306609105005,0.020676971123545364,2,2
1402,1.4019999999999564,hold,100.0,2.1726494704467725,0.0016656595511532757,1.03558767126795,0.03558767126794993,0.0016533624408282873,2.1373147798275145,0.00019483572254199612,-0.012297110324988383,2,2
1403,1.4029999999999563,hold,100.0,2.1709795130096365,-0.0016699574371359382,1.0355672615718323,0.03556726157183232,-0.0016493527817559262,2.1356654270457587,0.0001946416702705122,0.020604655380012,2,2
1404,1.4039999999999562,hold,100.0,2.1726385136082347,0.001659000598598137,1.0355796940759094,0.03557969407590944,0.001646762860744007,2.1373121899065026,0.0001944474943804418,-0.01223773785413002,2,2
1405,1.404999999999956,hold,100.0,2.170975213239473,-0.001663300368761611,1.035559356015656,0.03555935601565596,-0.0016427677393323248,2.13566942216717,0.0001942541992470568,0.020532629429286225,2,2
1406,1.405999999999956,hold,100.0,2.1726275814710396,0.0016523682315665589,1.0355717289943491,0.03557172899434913,0.0016401896298863365,2.1373096117970567,0.00019406078095086785,-0.012178601680222414,2,2
1407,1.4069999999999558,hold,100.0,2.170970911591316,-0.0016566698797237933,1.0355514622828597,0.03555146228285966,-0.0016362089874929783,2.1356734028095636,0.0001938682381129644,0.020460892230814976,2,2
1408,1.4079999999999557,hold,100.0,2.1726166739354316,0.001645762344115731,1.0355637759732181,0.03556377597321814,0.0016336426430422315,2.137307045452606,0.00019367557257252504,-0.01211970107349949,2,2
1409,1.4089999999999556,hold,100.0,2.1709666080717533,-0.0016500658636782184,1.0355435803246171,0.03554358032461713,-0.0016296764212842384,2.1356773690313218,0.00019348377723340051,0.020389442393979954,2,2
1410,1.4099999999999555,hold,100.0,2.172605790902287,0.0016391828305337697,1.0355558349627993,0.03555583496279935,0.0016271217954180418,2.13730449082674,0.00019329185965635975,-0.012061035115727876,2,2
1411,1.4109999999999554,hold,100.0,2.1709623026874136,-0.0016434882148734786,1.0355357100924616,0.03553571009246159,-0.0016231699361634665,2.1356813208905767,0.0001931008070646982,0.020318278710012173,2,2
1412,1.4119999999999553,hold,100.0,2.1725949322730296,0.0016326295856159412,1.035547905913775,0.0355479059137751,0.0016206269826332426,2.13730194787321,0.00019290963270388162,-0.0120026029826986,2,2
1413,1.4129999999999552,hold,100.0,2.170957995445088,-0.0016369368279414154,1.0355278515382802,0.0355278515382802,-0.0016166894280160832,2.1356852584451937,0.00019271931815308574,0.020247399925332147,2,2
1414,1.413999999999955,hold,100.0,2.1725840979495996,0.0016261025045114508,1.0355399887772125,0.03553998877721254,0.0016141581007354004,2.1372994165459294,0.00019252888230595087,-0.011944403776050416,2,2
1415,1.414999999999955,hold,100.0,2.170953686351627,-0.0016304115979726141,1.0355200046143642,0.03552000461436422,-0.0016102347931331528,2.135689181752796,0.00019233930113361162,0.020176804839461358,2,2
1416,1.4159999999999549,hold,100.0,2.172573287834522,0.0016196014828948613,1.0355320835045139,0.03553208350451387,0.0016077150461698934,2.137296896798966,0.00019214959914158015,-0.011886436724967836,2,2
1417,1.4169999999999547,hold,100.0,2.1709493754141365,-0.0016239124203853983,1.035512169273352,0.03551216927335199,-0.0016038059282136934,2.135693090870752,0.00019196074672888562,0.020106492171704852,2,2
1418,1.4179999999999546,hold,100.0,2.1725625018308894,0.0016131264167529302,1.0355241900474892,0.03552419004748919,0.0016012977158080268,2.13729438858656,0.0001917717739768947,-0.011828700944903434,2,2
1419,1.4189999999999545,hold,100.0,2.170945062639726,-0.0016174391911634167,1.035504345468238,0.035504345468238,-0.0015974027303935013,2.1356969858561667,0.0001915836457480624,0.020036460769915464,2,2
1420,1.4199999999999544,hold,100.0,2.1725517398422785,0.0016066772025524756,1.0355163083582573,0.035516308358257254,0.0015949060069393858,2.1372918918631063,0.0001913953976638993,-0.011771195613089792,2,2
1421,1.4209999999999543,hold,100.0,2.1709407480357044,-0.0016109918065740914,1.0354965331523764,0.03549653315237644,-0.0015910250971979416,2.1357008667659083,0.00019120798908560594,0.019966709376149784,2,2
1422,1.4219999999999542,hold,100.0,2.17254100177289,0.0016002537371857528,1.0355084383893711,0.03550843838937112,0.0015885398172523076,2.1372894065831605,0.00019102046113942149,-0.011713919933445177,2,2
1423,1.422999999999954,hold,100.0,2.1709364316094684,-0.001604570163421748,1.0354887322794804,0.03548873227948035,-0.0015846729265667952,2.1357047336565937,0.00019083376772033542,0.01989723685495281,2,2
1424,1.423999999999954,hold,100.0,2.172530287527291,0.001593855917822573,1.0355005800936683,0.0355005800936683,0.0015821990448436252,2.1372869327014374,0.00019064695542408652,-0.01165687297894789,2,2
1425,1.4249999999999539,hold,100.0,2.170932113368538,-0.001598174158752741,1.0354809428035894,0.03548094280358938,-0.00157834611684086,2.1357085865845966,0.0001904609727142269,0.01982804191188103,2,2
1426,1.4259999999999537,hold,100.0,2.172519597010751,0.001587483642212728,1.0354927334243693,0.035492733424369316,0.0015758835882100054,2.1372844701728066,0.0001902748716211387,-0.011600054002722715,2,2
1427,1.4269999999999536,hold,100.0,2.1709277933206317,-0.0015918036901192423,1.0354731646791104,0.035473164679110436,-0.00157204456677145,2.135712425606035,0.0001900895952114334,0.01975912334779232,2,2
1428,1.4279999999999535,hold,100.0,2.1725089301289975,0.0015811368083658017,1.035484898335014,0.035484898335014003,0.001569593346273558,2.1372820189523085,0.00018990420091545822,-0.011543462092243736,2,2
1429,1.4289999999999534,hold,100.0,2.1709234714733885,-0.0015854586556089956,1.0354653978607755,0.035465397860775516,-0.001565768175517789,2.135716250776791,0.00018971962643721737,0.01969048009120653,2,2
1430,1.4299999999999533,hold,100.0,2.1724982867882656,0.0015748153148771316,1.0354770747795248,0.035477074779524775,0.0015633282183461848,2.137279578995137,0.00018953493457257842,-0.011487096530946777,2,2
1431,1.4309999999999532,hold,100.0,2.1709191478347507,-0.0015791389535149136,1.0354576423036514,0.03545764230365145,-0.0015595168426455557,2.1357200621524917,0.00018935105769690878,0.01962211086935792,2,2
1432,1.431999999999953,hold,100.0,2.1724876668953144,0.0015685190605636556,1.0354692627121231,0.03546926271212314,0.0015570881041528188,2.1372771502566446,0.00018916706393754052,-0.011430956410836803,2,2
1433,1.432999999999953,hold,100.0,2.170914822412662,-0.0015728444826521581,1.0354498979631583,0.03544989796315834,-0.001553290468104299,2.1357238597885404,0.00018898388037495335,0.019554014547859197,2,2
1434,1.4339999999999529,hold,100.0,2.172477070357384,0.0015622479447219284,1.0354614620873845,0.03546146208738454,0.0015508729038017696,2.137274732692342,0.00018880058043404703,-0.011375040920158855,2,2
1435,1.4349999999999528,hold,100.0,2.1709104952152036,-0.001566575142180504,1.0354421647949952,0.03544216479499518,-0.001547088952257985,2.135727643740084,0.00018861808593387415,0.0194861899225191,2,2
1436,1.4359999999999526,hold,100.0,2.17246649708227,0.0015560018670663922,1.0354536728602104,0.035453672860210395,0.0015446825178170814,2.137272326257901,0.00018843547556334191,-0.011319349249310764,2,2
1437,1.4369999999999525,hold,100.0,2.170906166250551,-0.0015603308317189146,1.0354344427552473,0.03543444275524732,-0.0015409121958643098,2.1357314140620365,0.00018825366591331984,0.01941863585460486,2,2
1438,1.4379999999999524,hold,100.0,2.172455946978226,0.0015497807276747544,1.0354458949858163,0.035445894985816295,0.0015385168471074926,2.137269930909144,0.00018807174090334835,-0.011263880567261757,2,2
1439,1.4389999999999523,hold,100.0,2.1709018355269936,-0.0015541114512322984,1.0354267318002712,0.03542673180027123,-0.0015347601000647495,2.1357351708090793,0.00018789061192910945,0.01935135116754895,2,2
1440,1.4399999999999522,hold,100.0,2.1724454199540477,0.0015435844270541565,1.0354381284197613,0.03543812841976135,0.0015323757929799526,2.137267546602059,0.0001877093681076821,-0.011208634074203914,2,2
1441,1.440999999999952,hold,100.0,2.170897503052914,-0.0015479169011336502,1.035419031886751,0.03541903188675111,-0.001528632566414368,2.135738914035645,0.00018752891567230145,0.019284334719282294,2,2
1442,1.441999999999952,hold,100.0,2.172434915919011,0.0015374128660967656,1.0354303731179006,0.03543037311790065,0.0015262592571464646,2.1372651732927914,0.00018734834890470276,-0.011153608950301066,2,2
1443,1.4429999999999519,hold,100.0,2.17089316883676,-0.001541747082250744,1.0354113429717122,0.03541134297171222,-0.0015225294968509854,2.1357426437959406,0.00018716856890821693,0.01921758539975859,2,2
1444,1.4439999999999518,hold,100.0,2.172424434782794,0.0015312659460340328,1.0354226290364157,0.03542262903641569,0.0015201671416937967,2.1372628109376346,0.00018698867509663318,-0.011098804340236093,2,2
1445,1.4449999999999517,hold,100.0,2.1708888328870795,-0.0015356018957146667,1.0354036650124523,0.03540366501245229,-0.001516450793704076,2.1357463601439304,0.00018680956347560566,0.01915110201059075,2,2
1446,1.4459999999999515,hold,100.0,2.1724139764557053,0.0015251435686258752,1.035414896131826,0.03541489613182591,0.0015140993491189179,2.1372604594930493,0.00018663033855862042,-0.0110442195069573,2,2
1447,1.4469999999999514,hold,100.0,2.1708844952125212,-0.0015294812431840832,1.0353959979666003,0.03539599796660031,-0.0015103963596960345,2.1357500631333535,0.0001864518912856788,0.01908488348804872,2,2
1448,1.4479999999999513,hold,100.0,2.172403540848468,0.0015190456359466253,1.035407174360913,0.03540717436091301,0.0015080557822893556,2.1372581189156428,0.0001862733312378349,-0.01098985365726975,2,2
1449,1.4489999999999512,hold,100.0,2.1708801558219215,-0.0015233850265463644,1.0353883417920775,0.035388341792077505,-0.0015043660979249163,2.1357537528177177,0.00018609554432125858,0.019018928621448168,2,2
1450,1.449999999999951,hold,100.0,2.172393127872207,0.0015129720502855548,1.0353994636807815,0.03539946368078151,0.0015020363444655936,2.1372557891621833,0.000185917645152672,-0.010935705819961183,2,2
1451,1.450999999999951,hold,100.0,2.1708758147239817,-0.001517313148225341,1.035380696447085,0.03538069644708508,-0.0014983599118906022,2.1357574292502925,0.0001857405146359564,0.018953236334738825,2,2
1452,1.4519999999999509,hold,100.0,2.1723827374386047,0.001506922714622938,1.0353917640488435,0.03539176404884348,0.0014960409393061126,2.1372534701895987,0.00018556327239179925,-0.01088177531682541,2,2
1453,1.4529999999999508,hold,100.0,2.170871471927619,-0.00151126551098546,1.0353730618901684,0.03537306189016842,-0.0014923777054798378,2.1357610924841186,0.00018538679435317366,0.018887805505622256,2,2
1454,1.4539999999999507,hold,100.0,2.172372369459874,0.0015008975322547968,1.0353840754228067,0.03538407542280675,0.0014900694708453457,2.137251161954964,0.00018521020511335645,-0.010828061409451145,2,2
1455,1.4549999999999506,hold,100.0,2.1708671274418916,-0.001505242017982411,1.0353654380801414,0.035365438080141365,-0.0014864193829464357,2.1357647425720176,0.00018503437566543798,0.018822635035975345,2,2
1456,1.4559999999999504,hold,100.0,2.172362023848581,0.0014948964066894277,1.035376397760689,0.035376397760688905,0.0014841218434960479,2.137248864415514,0.00018485843554411644,-0.010774563193379806,2,2
1457,1.4569999999999503,hold,100.0,2.170862781275795,-0.001499242572786219,1.0353578249760702,0.03535782497607021,-0.001480484848940492,2.1357683795665734,0.00018468325083347955,0.01875772384572717,2,2
1458,1.4579999999999502,hold,100.0,2.1723517005177206,0.0014889192419258457,1.035368731020744,0.035368731020744004,0.0014781979620633137,2.1372465775286367,0.0001845079559786512,-0.010721279862532015,2,2
1459,1.4589999999999501,hold,100.0,2.1708584334385557,-0.0014932670791649727,1.035350222537378,0.03535022253737807,-0.0014745740084882721,2.1357720035201484,0.0001843334121853948,0.018693070676700566,2,2
1460,1.45999999999995,hold,100.0,2.1723413993809024,0.001482965942346759,1.0353610751616198,0.03536107516161979,0.0014722977317278229,2.1372443012518763,0.0001841587587785387,-0.010668210618936056,2,2
1461,1.46099999999995,hold,100.0,2.1708540839392803,-0.0014873154416221723,1.0353426307237288,0.035342630723728785,-0.001468686766992988,2.135775614484883,0.00018398485211590428,0.018628674629184248,2,2
1462,1.4619999999999498,hold,100.0,2.17233112035208,0.001477036412799837,1.0353534301421345,0.035353430142134545,0.00146642105804171,2.1372420355429247,0.00018381083637154192,-0.010615354758127015,2,2
1463,1.4629999999999497,hold,100.0,2.17084973278735,-0.0014813875647301522,1.0353350494950506,0.03533504949505062,-0.0014628230302363222,2.135779212512688,0.00018363756308553155,0.018564534493830047,2,2
1464,1.4639999999999496,hold,100.0,2.172320863345665,0.00147113055831527,1.0353457959214478,0.03534579592144782,0.0014605678469456972,2.137239780359634,0.0001834641812508676,-0.010562711369572824,2,2
1465,1.4649999999999495,hold,100.0,2.17084537999201,-0.0014754833536549938,1.035327478811597,0.035327478811596924,-0.0014569827043794128,2.1357827976552546,0.00018329153761984939,0.01850064927558107,2,2
1466,1.4659999999999493,hold,100.0,2.172310628276599,0.001465248284588938,1.0353381724590025,0.035338172459002504,0.001454738004751099,2.1372375356600055,0.0001831187859743334,-0.010510279837839132,2,2
1467,1.4669999999999492,hold,100.0,2.1708410255628054,-0.001469602713793705,1.0353199186338629,0.03531991863386286,-0.001451165695949796,2.135786369964056,0.00018294676830865443,0.01843701784390913,2,2
1468,1.4679999999999491,hold,100.0,2.172300415060152,0.001459389497346475,1.035330559714496,0.035330559714495946,0.0014489314381401532,2.137235301402196,0.00018277464316368447,-0.010458059206321785,2,2
1469,1.468999999999949,hold,100.0,2.1708366695091526,-0.0014637455509993735,1.035312368922626,0.035312368922626014,-0.0014453719118637327,2.135789929490332,0.0001826032478052846,0.018373639135640808,2,2
1470,1.469999999999949,hold,100.0,2.1722902236120754,0.001453554102922805,1.0353229576479257,0.0353229576479257,0.0014431480541814848,2.1372330775445136,0.00018243174550376415,-0.010406048741320138,2,2
1471,1.4709999999999488,hold,100.0,2.170832311840693,-0.0014579117713822143,1.0353048296389251,0.03530482963892512,-0.0014396012593911748,2.1357934762851225,0.0001822609688258439,0.018310511991039523,2,2
1472,1.4719999999999487,hold,100.0,2.1722800538485987,0.0014477420079055392,1.035315366219544,0.03531536621954401,0.0014373877602921366,2.1372308640454145,0.00018209008574183265,-0.010354247613402617,2,2
1473,1.4729999999999486,hold,100.0,2.170827952566957,-0.001452101281641749,1.0352973007440842,0.035297300744084215,-0.001433853646174981,2.1357970103992394,0.00018191992414846094,0.018247635466767845,2,2
1474,1.4739999999999485,hold,100.0,2.1722699056863504,0.0014419531193934354,1.0353077853898667,0.035307785389866675,0.0014316504642690507,2.1372286608635083,0.00018174965668683803,-0.010302655124384656,2,2
1475,1.4749999999999484,hold,100.0,2.1708235916976344,-0.0014463139887159748,1.0352897821996556,0.03528978219965562,-0.0014281289802329305,2.1358005318832753,0.00018158010661257305,0.018185008483044333,2,2
1476,1.4759999999999482,hold,100.0,2.172259779042414,0.0014361873447796825,1.0353002151196737,0.03530021511967374,0.0014259360742857774,2.137226467957561,0.00018141045120865427,-0.01025127049390502,2,2
1477,1.4769999999999481,hold,100.0,2.1708192292424813,-0.0014405497999327999,1.035282273967488,0.035282273967488065,-0.001422427169952319,2.135804040787609,0.00018124150911827391,0.018122629980480948,2,2
1478,1.477999999999948,hold,100.0,2.172249673834248,0.0014304445917665554,1.0352926553700286,0.03529265537002857,0.0014202444988741306,2.137224285286483,0.00018107246223744472,-0.010200092892424795,2,2
1479,1.478999999999948,hold,100.0,2.1708148652112946,-0.0014348086229531987,1.0352747760096652,0.03527477600966522,-0.0014167481240788486,2.135807537162404,0.00018090412462548264,0.018060498874350114,2,2
1480,1.4799999999999478,hold,100.0,2.172239589979824,0.001424724768529284,1.0352851061022346,0.035285106102234565,0.0014145756469330852,2.1372221128093374,0.00018073568276290888,-0.010149121596198917,2,2
1481,1.4809999999999477,hold,100.0,2.1708104996138964,-0.0014290903659275322,1.0352672882885312,0.03526728828853121,-0.0014110917517241354,2.1358110210576133,0.0001805679461533994,0.017998614203396882,2,2
1482,1.4819999999999476,hold,100.0,2.1722295273974366,0.0014190277835401943,1.0352775672778503,0.03527756727785025,0.0014089294277240822,2.1372199504853375,0.00018040010583362495,-0.010098355816112086,2,2
1483,1.4829999999999475,hold,100.0,2.1708061324602754,-0.0014233949371611487,1.0352598107666966,0.0352598107666966,-0.0014054579623655802,2.135814492522972,0.00018023296677974158,0.017936974795568564,2,2
1484,1.4839999999999474,hold,100.0,2.1722194860058788,0.0014133535456033464,1.0352700388587113,0.03527003885871127,0.0014033057508757343,2.1372177982738476,0.0001800657245563998,-0.010047794727612068,2,2
1485,1.4849999999999473,hold,100.0,2.170801763760282,-0.0014177222455966643,1.0352523434070062,0.035252343407006226,-0.001399846665839565,2.1358179516080082,0.00017989917964011877,0.017875579757099195,2,2
1486,1.4859999999999471,hold,100.0,2.1722094657243245,0.001407701964042385,1.0352625208068895,0.03526252080688952,0.0013977045263700266,2.1372156561343782,0.00017973253209556964,-0.009997437672358295,2,2
1487,1.486999999999947,hold,100.0,2.170797393524021,-0.0014120722003037045,1.0352448861725414,0.0352448861725414,-0.0013942577723402806,2.135821398362038,0.0001795665779273244,0.017814427963423925,2,2
1488,1.487999999999947,hold,100.0,2.1721994664723305,0.0014020729483097405,1.035255013084713,0.035255013084712905,0.0013921256645508119,2.137213524026589,0.00017940052167234375,-0.009947283758928631,2,2
1489,1.4889999999999468,hold,100.0,2.1707930217614413,-0.001406444710889243,1.035237439026656,0.0352374390266561,-0.0013886911924251505,2.135824832834164,0.00017923515489073584,0.01775351846409253,2,2
1490,1.4899999999999467,hold,100.0,2.1721894881699355,0.0013964664084942235,1.0352475156547365,0.035247515654736494,0.0013865690761255365,2.1372114019102892,0.00017906968656418524,-0.009897332368687074,2,2
1491,1.4909999999999466,hold,100.0,2.1707886484827594,-0.0014008396871760809,1.0352300019329232,0.03523000193292325,-0.0013831468370024862,2.1358282550732866,0.00017890490383565974,0.01769285017359464,2,2
1492,1.4919999999999465,hold,100.0,2.172179530737519,0.0013908822547596955,1.0352400284797898,0.0352400284797898,0.0013810346721514564,2.1372092897454382,0.00017874002010419108,-0.009847582608239107,2,2
1493,1.4929999999999464,hold,100.0,2.1707842736980694,-0.0013952570394497599,1.035222574855176,0.03522257485517599,-0.001377624617344851,2.1358316651280935,0.00017857581812267886,0.017632422104908816,2,2
1494,1.4939999999999463,hold,100.0,2.172169594095831,0.0013853203977616246,1.0352325515229333,0.03523255152293325,0.0013755223640456193,2.1372071874921392,0.0001784115156804037,-0.009798033716005346,2,2
1495,1.4949999999999461,hold,100.0,2.170779897417541,-0.001389696678289809,1.0352151577574626,0.035215157757462645,-0.0013721244450699548,2.1358350630470695,0.0001782478911670873,0.01757223321985422,2,2
1496,1.495999999999946,hold,100.0,2.1721596781662122,0.0013797807486710667,1.0352250847474602,0.03522508474746022,0.0013700320635782286,2.1372050951106476,0.00017808416673525582,-0.009748685092838107,2,2
1497,1.496999999999946,hold,100.0,2.170775519651432,-0.0013841585147802427,1.0352077506040993,0.03520775060409931,-0.0013666462321625756,2.135838448878485,0.00017792111643820857,0.017512282617667026,2,2
1498,1.4979999999999458,hold,100.0,2.172149782870192,0.0013742632187598858,1.035217628116886,0.03521762811688589,0.001364563682875252,2.1372030125613604,0.0001777579667649321,-0.009699535884633709,2,2
1499,1.4989999999999457,hold,100.0,2.1707711404100167,-0.0013786424601751612,1.035200353359582,0.03520035335958194,-0.0013611898909357573,2.1358418226704248,0.00017759548745885636,0.017452569239403925,2,2
1500,1.4999999999999456,hold,100.0,2.1721399081297506,0.001368767719733821,1.0352101815950105,0.03521018159501055,0.0013591171343941284,2.137200939804819,0.00017743290931882287,-0.009650585339692668,2,2
1501,1.5009999999999455,hold,100.0,2.1707667597036537,-0.0013731484260968152,1.035192965988689,0.03519296598868893,-0.0013557553340683862,2.1358451844707504,0.000177270997804696,0.017393092028429025,2,2
1502,1.5019999999999454,hold,100.0,2.172130053867257,0.001363294163603257,1.0352027451458108,0.03520274514581079,0.001353692330966628,2.137198876801717,0.00017710898799881366,-0.00960183263662884,2,2
1503,1.5029999999999453,hold,100.0,2.1707623775426437,-0.0013676763246133206,1.0351855884564065,0.035185588456406514,-0.001350342474581859,2.135848534327135,0.00017694764110366698,0.01733385003146147,2,2
1504,1.5039999999999452,hold,100.0,2.172120220005581,0.001357842462937242,1.0351953187335379,0.03519531873353787,0.0013482891857560873,2.137196823512891,0.00017678619645885722,-0.0095532771811548,2,2
1505,1.504999999999945,hold,100.0,2.1707579939373924,-0.0013622260681884768,1.0351782207279308,0.035178220727930753,-0.0013449512258502981,2.135851872287041,0.0001766254110354524,0.017274842338178657,2,2
1506,1.505999999999945,hold,100.0,2.172110406467779,0.0013524125303865375,1.0351879023226462,0.035187902322646236,0.0013429076122837356,2.1371947798993247,0.00017646452840428122,-0.009504918102801923,2,2
1507,1.5069999999999448,hold,100.0,2.1707536088983903,-0.001356797569388668,1.0351708627687186,0.035170862768718614,-0.001339581501591279,2.1358551983977336,0.00017630430133082996,0.01721606779738903,2,2
1508,1.5079999999999447,hold,100.0,2.1721006131774963,0.0013470042791059456,1.0351804958778057,0.035180495877805695,0.0013375475244099043,2.1371927459221434,0.00017614397759129337,-0.009456754696041255,2,2
1509,1.5089999999999446,hold,100.0,2.1707492224359988,-0.0013513907414974824,1.035163514544396,0.035163514544396035,-0.001334233215868282,2.135858512706275,0.00017598430577117174,0.017157525629200386,2,2
1510,1.5099999999999445,hold,100.0,2.1720908400586194,0.0013416176226206389,1.0351730993639552,0.035173099363955185,0.0013322088363430257,2.137190721542618,0.00017582453782639295,-0.009408786277613143,2,2
1511,1.5109999999999444,hold,100.0,2.1707448345607636,-0.0013460054978557956,1.0351561760208758,0.03515617602087584,-0.0013289062830784226,2.1358618152595397,0.00017566541818787165,0.01709921477737299,2,2
1512,1.5119999999999443,hold,100.0,2.1720810870354925,0.001336252474728905,1.035165712746221,0.035165712746221045,0.0013268914626230971,2.1371887067221627,0.00017550620296581714,-0.00936101210580794,2,2
1513,1.5129999999999442,hold,100.0,2.1707404452832444,-0.0013406417522481284,1.0351488471642158,0.035148847164215846,-0.001323600617969604,2.135865106104193,0.0001753476324618099,0.01704113427852447,2,2
1514,1.513999999999944,hold,100.0,2.172071354032726,0.0013309087494817184,1.0351583359899434,0.035158335989943446,0.0013215953181439273,2.137186701422337,0.00017518896691502795,-0.009313431337791165,2,2
1515,1.514999999999944,hold,100.0,2.1707360546139265,-0.0013352994187996181,1.0351415279407465,0.03514152794074654,-0.001318316135634358,2.1358683852867024,0.00017503094252279623,0.016983283165260047,2,2
1516,1.5159999999999438,hold,100.0,2.17206164097541,0.0013255863614833885,1.035150969060696,0.035150969060695925,0.001316320318143159,2.1371847056048456,0.00017487282362813132,-0.009266043340229587,2,2
1517,1.5169999999999437,hold,100.0,2.1707316625634805,-0.001329978411929389,1.0351342183169683,0.03513421831696828,-0.0013130527514931553,2.1358716528533526,0.0001747153423490584,0.01692566043623358,2,2
1518,1.5179999999999436,hold,100.0,2.1720519477890217,0.0013202852255411734,1.035143611924248,0.035143611924248086,0.0013110663781753951,2.137182719231528,0.00017455776710743363,-0.009218847365778313,2,2
1519,1.5189999999999435,hold,100.0,2.1707272691424793,-0.0013246786465423988,1.0351269182596337,0.035126918259633655,-0.0013078103813080374,2.13587490885022,0.00017440082596670352,0.016868265234361343,2,2
1520,1.5199999999999434,hold,100.0,2.172042274399257,0.001315005256777635,1.0351362645466193,0.035136264546619334,0.0013058334141554371,2.137180742264375,0.0001742437914028309,-0.009171842622197803,2,2
1521,1.5209999999999433,hold,100.0,2.17072287436153,-0.0013194000377270143,1.0351196277356725,0.035119627735672454,-0.0013025889411797209,2.1358781533231954,0.00017408738744922682,0.01681109654729342,2,2
1522,1.5219999999999432,hold,100.0,2.172032620732365,0.0013097463708349188,1.0351289268940176,0.03512892689401759,0.00130062134231582,2.1371787746655113,0.00017393089061133713,-0.009125028519098776,2,2
1523,1.522999999999943,hold,100.0,2.170718478231364,-0.0013141425010005925,1.0351123467122305,0.03511234671223051,-0.0012973883475428404,2.1358813863179686,0.00017377502091696348,0.01675415345775205,2,2
1524,1.523999999999943,hold,100.0,2.172022986714813,0.001304508483448874,1.0351215989328475,0.0351215989328475,0.0012954300792450632,2.1371768163972136,0.00017361905887661302,-0.009078404203810867,2,2
1525,1.5249999999999428,hold,100.0,2.1707140807626457,-0.0013089059521673718,1.035105075156659,0.03510507515665906,-0.001292208517166133,2.1358846078800475,0.000173463720536645,0.016697435001238783,2,2
1526,1.5259999999999427,hold,100.0,2.1720133722734665,0.0012992915108207548,1.0351142806297309,0.035114280629730876,0.0012902595418392865,2.1371748674218867,0.00017330829038839156,-0.009031968981468253,2,2
1527,1.5269999999999426,hold,100.0,2.1707096819661014,-0.0013036903073651018,1.0350978130365234,0.03509781303652337,-0.0012870493671461615,2.1358878180547407,0.00017315348052085387,0.016640940218940303,2,2
1528,1.5279999999999425,hold,100.0,2.1720037773356147,0.001294095369513304,1.0351069719515087,0.03510697195150869,0.001285109647345044,2.137172927702086,0.00017299857938205985,-0.008985722168259854,2,2
1529,1.5289999999999424,hold,100.0,2.1707052818524875,-0.0012984954831272155,1.0350905603195657,0.0350905603195657,-0.001281910814914664,2.135891016887171,0.00017284429512756013,0.016584668212551522,2,2
1530,1.5299999999999423,hold,100.0,2.171994201828875,0.0012889199763876924,1.0350996728652102,0.03509967286521021,0.0012799803133316226,2.137170997200503,0.00017268992013815148,-0.00893966305606981,2,2
1531,1.5309999999999422,hold,100.0,2.17070088043251,-0.0012933213963650658,1.0350833169737326,0.03508331697373257,-0.0012767927782369685,2.1358942044222657,0.00017253615865963934,0.016528618128097347,2,2
1532,1.531999999999942,hold,100.0,2.1719846456811123,0.0012837652486021867,1.0350923833380707,0.03509238333807074,0.0012748714577048902,2.137169075879971,0.0001723823069818373,-0.008893790897296491,2,2
1533,1.532999999999942,hold,100.0,2.170696477717024,-0.0012881679640881494,1.0350760829672099,0.035076082967209876,-0.0012716951751978406,2.135897380704773,0.00017222906546438137,0.016472788890308777,2,2
1534,1.5339999999999419,hold,100.0,2.1719751088206687,0.0012786311036445674,1.0350851033375192,0.03508510333751924,0.0012697829986829286,2.137167163703456,0.00017207573428250535,-0.008848104961638875,2,2
1535,1.5349999999999417,hold,100.0,2.170692073716769,-0.00128303510389971,1.0350688582682963,0.03506885826829631,-0.0012666179242066427,2.1359005457792493,0.0001719230099330517,0.016417179693067406,2,2
1536,1.5359999999999416,hold,100.0,2.171965591176157,0.001273517459388085,1.0350778328312005,0.03507783283120047,0.0012647148548237748,2.137165260634073,0.00017177019645326163,-0.0088026045643101,2,2
1537,1.5369999999999415,hold,100.0,2.1706876684426004,-0.0012779227335566468,1.035061642845573,0.035061642845573004,-0.0012615609440137518,2.135903699690059,0.00017161798650042453,0.016361789542894932,2,2
1538,1.5379999999999414,hold,100.0,2.171956092676639,0.001268424234038612,1.0350705717869344,0.0350705717869344,0.0012596669450087152,2.137163366635068,0.00017146568795048002,-0.008757289029896883,2,2
1539,1.5389999999999413,hold,100.0,2.1706832619053564,-0.001272830771282596,1.035054436667759,0.03505443666775898,-0.001256524153674517,2.1359068424813934,0.00017131398964427512,0.01630661760807883,2,2
1540,1.5399999999999412,hold,100.0,2.171946613251398,0.0012633513460413859,1.0350633201727355,0.0350633201727355,0.0012546391884334846,2.137161481669827,0.00017116220327335226,-0.008712157607901252,2,2
1541,1.540999999999941,hold,100.0,2.170678854115853,-0.001267759135544999,1.0350472397037715,0.03504723970377155,-0.0012515074725830534,2.135909974197244,0.00017101101388502572,0.01625166296194565,2,2
1542,1.541999999999941,hold,100.0,2.1719371528300826,0.0012582987142297775,1.0350560779568192,0.0350560779568192,0.001249631504632544,2.1371596057018767,0.00017085973696346563,-0.008667209597233412,2,2
1543,1.5429999999999409,hold,100.0,2.170674445084954,-0.0012627077451283775,1.0350400519227254,0.03504005192272541,-0.0012465108204513168,2.1359130948814253,0.0001707090537852163,0.01619692467706062,2,2
1544,1.5439999999999408,hold,100.0,2.171927711342755,0.0012532662578008669,1.0350488451076083,0.035048845107608306,0.001244643813454625,2.13715773869488,0.00017055828360430642,-0.00862244434624189,2,2
1545,1.5449999999999406,hold,100.0,2.170670034823586,-0.001257676519168971,1.0350328732939238,0.035032873293923794,-0.0012415341173119402,2.135916204577568,0.00017040810394912178,0.016142401857030746,2,2
1546,1.5459999999999405,hold,100.0,2.171918288719754,0.0012482538961680056,1.035041621593673,0.03504162159367308,0.0012396760350615592,2.13715588061263,0.00017025783782088547,-0.008577861106446412,2,2
1547,1.5469999999999404,hold,100.0,2.1706656233426007,-0.0012526653771534058,1.0350257037868407,0.03502570378684067,-0.0012365772835026183,2.135919303329127,0.00017010815902227978,0.016088093650787467,2,2
1548,1.5479999999999403,hold,100.0,2.1719088848917902,0.0012432615491895227,1.0350344073838054,0.035034407383805366,0.0012347280899380416,2.137154031419065,0.00016995839427926717,-0.00853345925148105,2,2
1549,1.5489999999999402,hold,100.0,2.17066121065295,-0.0012476742388400908,1.035018543371146,0.03501854337114607,-0.0012316402397030573,2.1359223911793617,0.00016980921369111974,0.016033999137033458,2,2
1550,1.54999999999994,hold,100.0,2.1718994997898156,0.0012382891368654114,1.0350272024469793,0.03502720244697932,0.0012297998988933996,2.137152191078255,0.00016965994768617103,-0.008489237972011867,2,2
1551,1.55099999999994,hold,100.0,2.1706567967655017,-0.0012427030243138404,1.0350113920166664,0.035011392016666365,-0.0012267229068943554,2.1359254681713606,0.0001695112626824658,0.015980117419485015,2,2
1552,1.5519999999999399,hold,100.0,2.1718901333452587,0.001233336579756994,1.035020006752335,0.035020006752334965,0.001224891383053313,2.137150359554414,0.0001693624927885443,-0.008445196703681058,2,2
1553,1.5529999999999398,hold,100.0,2.1706523816912497,-0.0012377516540089673,1.0350042496934622,0.035004249693462164,-0.0012218252063862143,2.135928534348028,0.00016921430076320711,0.015926447622752974,2,2
1554,1.5539999999999397,hold,100.0,2.1718807854897246,0.0012284037984748863,1.0350128202692055,0.03501282026920549,0.0012200024638452337,2.137148536811873,0.0001690660243731606,-0.008401334629652658,2,2
1555,1.5549999999999395,hold,100.0,2.1706479654410855,-0.001232820048639116,1.0349971163717224,0.034997116371722425,-0.0012169470597740391,2.135931589752099,0.00016891832273981285,0.015872988865076952,2,2
1556,1.5559999999999394,hold,100.0,2.1718714561552304,0.0012234907141448481,1.0350056429671035,0.03500564296710351,0.0012151330630125736,2.1371467228151113,0.00016877053726619572,-0.00835765113227447,2,2
1557,1.5569999999999393,hold,100.0,2.170643548025955,-0.0012279081292754235,1.0349899920218117,0.034989992021811744,-0.0012120883889924702,2.135934634426119,0.00016862332345799768,0.015819740282953243,2,2
1558,1.5579999999999392,hold,100.0,2.1718621452741327,0.001218597248177744,1.0349984748157162,0.03499847481571616,0.0012102831026202267,2.1371449175287394,0.00016847602633283563,-0.008314145557517362,2,2
1559,1.558999999999939,hold,100.0,2.1706391294568363,-0.0012230158172963357,1.0349828766142914,0.03498287661429145,-0.0012072491162792313,2.1359376684124602,0.00016832929780227461,0.015766701017104347,2,2
1560,1.559999999999939,hold,100.0,2.1718528527790735,0.0012137233222371258,1.0349913157849115,0.03499131578491155,0.001205452505043874,2.137143120917504,0.00016818248647688963,-0.008270817193251762,2,2
1561,1.5609999999999389,hold,100.0,2.1706347097446894,-0.001218143034384056,1.0349757701199154,0.03497577011991537,-0.001202429164192537,2.1359406917533117,0.00016803624069556568,0.015713870191518983,2,2
1562,1.5619999999999388,hold,100.0,2.171843578602988,0.0012088688582987395,1.0349841658447374,0.0349841658447374,0.0012006411929753936,2.137141332946287,0.00016788991264040629,-0.00822766532334587,2,2
1563,1.5629999999999387,hold,100.0,2.1706302889004263,-0.0012132897025618483,1.0349686725095708,0.03496867250957081,-0.0011976284555908954,2.135943704490696,0.00016774414709884414,0.01566124697095295,2,2
1564,1.5639999999999386,hold,100.0,2.1718343226791386,0.0012040337787122546,1.03497702496543,0.03497702496542998,0.001195849089400664,2.1371395535800968,0.0001675982998032366,-0.008184689311590502,2,2
1565,1.5649999999999384,hold,100.0,2.170625866935147,-0.0012084557439915322,1.0349615837543134,0.03496158375431335,-0.0011928469136347267,2.135946706666462,0.0001674530120107097,0.015608830356805522,2,2
1566,1.5659999999999383,hold,100.0,2.1718250849412204,0.001199218006073366,1.034969893117366,0.03496989311736609,0.0011910761176092985,2.1371377827840714,0.00016730764298273067,-0.008141888464067428,2,2
1567,1.5669999999999382,hold,100.0,2.170621443859691,-0.001203641081529483,1.0349545038254,0.034954503825399996,-0.0011880844617957929,2.1359496983222757,0.0001671628304670717,0.01555661973369005,2,2
1568,1.567999999999938,hold,100.0,2.171815865323071,0.0011944214633801131,1.0349627702710886,0.03496277027108863,0.0011863222012205217,2.137136020523496,0.00016701793723329048,-0.008099262159591471,2,2
1569,1.568999999999938,hold,100.0,2.1706170196851375,-0.0011988456379334878,1.0349474326942365,0.0349474326942365,-0.0011833410238595364,2.1359526794996366,0.0001668735975407069,0.015504614073951362,2,2
1570,1.569999999999938,hold,100.0,2.1718066637589475,0.0011896440738099479,1.0349556563973419,0.03495565639734188,0.0011815872641355886,2.137134266763772,0.0001667291776460716,-0.008056809674359235,2,2
1571,1.5709999999999378,hold,100.0,2.1706125944224333,-0.0011940693365142252,1.034940370332398,0.03494037033239805,-0.0011786165239054142,2.1359556502398664,0.00016658530834093058,0.01545281260881097,2,2
1572,1.5719999999999377,hold,100.0,2.171797480183361,0.0011848857609275676,1.0349485514670502,0.034948551467050226,0.0011768712305729257,2.1371325214704395,0.00016644135934853845,-0.008014530354641912,2,2
1573,1.5729999999999376,hold,100.0,2.170608168082561,-0.0011893121007999774,1.0349333167116135,0.03493331671161348,-0.0011739108863142332,2.1359586105841255,0.00016629795801321586,0.015401214485744226,2,2
1574,1.5739999999999374,hold,100.0,2.171788314531133,0.001180146448572117,1.0349414554512526,0.0349414554512526,0.0011721740250413173,2.137130784609167,0.0001661544775041524,-0.007972423530799595,2,2
1575,1.5749999999999373,hold,100.0,2.170603740676551,-0.0011845738545819273,1.0349262718037853,0.03492627180378527,-0.0011692240357780352,2.135961560573389,0.00016601154173886628,0.015349818803892098,2,2
1576,1.5759999999999372,hold,100.0,2.1717791667374495,0.0011754260608984879,1.0349343683211982,0.03493436832119823,0.0011674955723703444,2.1371290561457594,0.000165868527312013,-0.007930488528143462,2,2
1577,1.5769999999999371,hold,100.0,2.1705993122153786,-0.0011798545220709222,1.0349192355809747,0.03491923558097465,-0.0011645558972889338,2.1359645002484706,0.00016572605473462747,0.015298624781988476,2,2
1578,1.577999999999937,hold,100.0,2.1717700367377244,0.0011707245223457896,1.034927290048262,0.034927290048262005,0.0011628357976719698,2.1371273360461425,0.0001655835040064931,-0.007888724673819816,2,2
1579,1.578999999999937,hold,100.0,2.170594882710013,-0.0011751540277114003,1.0349122080154143,0.03491220801541428,-0.001159906396125957,2.1359674296500164,0.00016544149225232728,0.015247631585443367,2,2
1580,1.5799999999999368,hold,100.0,2.1717609244677454,0.0011660417577323834,1.0349202206040151,0.03492022060401512,0.0011581946263605869,2.137125624276377,0.0001652994028569029,-0.007847131371796533,2,2
1581,1.5809999999999367,hold,100.0,2.170590452171464,-0.0011704722962813108,1.0349051890794652,0.03490518907946516,-0.0011552754578836879,2.135970348818493,0.00016515784957859116,0.0151968383976229,2,2
1582,1.5819999999999366,hold,100.0,2.171751829863536,0.0011613776920720298,1.0349131599601817,0.03491315996018174,0.0011535719841615519,2.137123920802655,0.0001650162191671127,-0.007805707910477902,2,2
1583,1.5829999999999365,hold,100.0,2.1705860206107506,-0.0011658092527855324,1.0348981787456912,0.03489817874569123,-0.0011506630084390742,2.1359732577942157,0.00016487512203442717,0.015146244346458167,2,2
1584,1.5839999999999363,hold,100.0,2.171742752861475,0.0011567322507244349,1.0349061080886284,0.034906108088628374,0.001148967797072929,2.1371222255912885,0.00016473394827528094,-0.0077644536515058486,2,2
1585,1.5849999999999362,hold,100.0,2.1705815880388375,-0.001161164822637506,1.0348911769867755,0.03489117698677546,-0.001146068973969683,2.135976156617319,0.00016459330497494822,0.015095848667822992,2,2
1586,1.5859999999999361,hold,100.0,2.1717336933982074,0.001152105359369937,1.034899064961407,0.034899064961406934,0.001144381991413603,2.1371205386087326,0.00016445258555343735,-0.007723367956334083,2,2
1587,1.586999999999936,hold,100.0,2.1705771544666828,-0.0011565389315246755,1.0348841837755667,0.03488418377556668,-0.001141493280960607,2.135979045327772,0.00016431239378899356,0.015045650564068534,2,2
1588,1.587999999999936,hold,100.0,2.171724651410602,0.0011474969439193572,1.0348920305507026,0.03489203055070256,0.001139814493784762,2.1371188598215567,0.00016417212640722635,-0.0076824501345951375,2,2
1589,1.5889999999999358,hold,100.0,2.170572719905317,-0.001151931505285031,1.0348771990850614,0.03487719908506137,-0.0011369358561745212,2.135981923965382,0.0001640323838988243,0.01499564911050977,2,2
1590,1.5899999999999357,hold,100.0,2.171715626835935,0.0011429069306179152,1.0348850048288503,0.03488500482885026,0.0011352652310853255,2.1371171891964673,0.00016389256627552927,-0.007641699532589695,2,2
1591,1.5909999999999356,hold,100.0,2.170568284365727,-0.0011473424702082013,1.0348702228884112,0.03487022288841124,-0.0011323966266702243,2.135984792569797,0.000163753270759815,0.014945843537977031,2,2
1592,1.5919999999999355,hold,100.0,2.1717066196117982,0.0011383352460714313,1.034877987768378,0.03487798776837803,0.001130734130489933,2.137115526700287,0.00016361390063015594,-0.0076011155814982405,2,2
1593,1.5929999999999354,hold,100.0,2.1705638478588165,-0.0011427717529817194,1.0348632551589407,0.03486325515894073,-0.0011278755197931592,2.135987651180494,0.00016347504986009305,0.014896233188560178,2,2
1594,1.5939999999999352,hold,100.0,2.1716976296759,0.0011337818170833458,1.034870979341945,0.03487097934194505,0.0011262211194809201,2.137113872299975,0.00016333612497555655,-0.007560697602425684,2,2
1595,1.5949999999999351,hold,100.0,2.1705594103956494,-0.0011382192802504854,1.034856295870092,0.03485629587009198,-0.0011233724631923624,2.1359904998367827,0.0001631977167202546,0.014846817058122982,2,2
1596,1.595999999999935,hold,100.0,2.171688656966436,0.0011292465707866128,1.0348639795223473,0.03486397952234732,0.0011217261258331095,2.137112225962616,0.00016305923484845837,-0.007520444953503305,2,2
1597,1.596999999999935,hold,100.0,2.170554971987109,-0.0011336849793268655,1.0348493449954548,0.03484934499545478,-0.0011188873847972174,2.1359933385778187,0.0001629212668930276,0.014797594529648156,2,2
1598,1.5979999999999348,hold,100.0,2.1716797014216787,0.001124729434569538,1.0348569882825385,0.03485698828253847,0.001117249077594488,2.137110587655413,0.00016278322581758482,-0.007480356975050027,2,2
1599,1.5989999999999347,hold,100.0,2.170550532644264,-0.0011291687774148684,1.0348424025088068,0.03484240250880677,-0.0011144202128184509,2.1359961674425945,0.00016264569596300156,0.014748564596417553,2,2
1600,1.5999999999999346,hold,100.0,2.171670761715782,0.0011202290715184304,1.0348500055086953,0.034850005508695325,0.0011127887266619404,2.1371089561692562,0.00016250809249872383,-0.007440344856489986,1,2
1601,1.6009999999999345,hold,100.0,2.1705460934834466,-0.0011246682323355905,1.0348354683011585,0.03483546830115847,-0.00110996850979169,2.1359989876594647,0.00016237099773673295,0.014699722543900541,2,2
1602,1.6019999999999344,hold,100.0,2.171661839047399,0.0011157455639523306,1.034843031243871,0.034843031243871,0.001108345000896115,2.137107332660361,0.00016223383068745395,-0.007400563056215656,1,2
1603,1.6029999999999343,hold,100.0,2.1705416533933994,-0.001120185653999517,1.0348285424220138,0.03482854242201383,-0.001105534592155591,2.136001798068205,0.00016209716968569352,0.014651061843925887,2,2
1604,1.6039999999999341,hold,100.0,2.171652933367826,0.0011112799744266155,1.034836065475093,0.03483606547509299,0.0011039190264332112,2.1371057170946384,0.00016196043689268382,-0.007360947993404355,1,2
1605,1.604999999999934,hold,100.0,2.170537212507631,-0.0011157208601950686,1.0348216247698212,0.0348216247698212,-0.0011011181804004657,2.136004598914238,0.00016182420601466353,0.014602679794602832,1,2
1606,1.605999999999934,hold,100.0,2.1716440443091227,0.0011068318014917367,1.0348291080841674,0.03482910808416739,0.001099510318505268,2.137104109232743,0.0001616879037964845,-0.007321482986468548,1,2
1607,1.6069999999999338,hold,100.0,2.170532770701466,-0.0011112736076568375,1.0348147153785894,0.03481471537858938,-0.0010967192008740337,2.1360073900318692,0.00016155210238775157,0.014554406782803795,1,2
1608,1.6079999999999337,hold,100.0,2.171635172110564,0.0011024014090978973,1.0348221591283118,0.03482215912831177,0.0010951192179159076,2.137102509249785,0.00016141623013716478,-0.007282191181989675,1,2
1609,1.6089999999999336,hold,100.0,2.17052832800022,-0.0011068441103438964,1.034807814239236,0.03480781423923607,-0.0010923377924941784,2.1360101714572908,0.00016128085608795256,0.014506317849717967,1,2
1610,1.6099999999999335,hold,100.0,2.171626316718539,0.0010979887183188985,1.0348152185886133,0.03481521858861325,0.0010907456555592618,2.13710091711285,0.0001611454116869431,-0.007243062759636773,1,2
1611,1.6109999999999334,hold,100.0,2.170523884418299,-0.001102432300239986,1.0348009213303537,0.03480092133035373,-0.0010879738847635499,2.1360129432280863,0.00016101046289295395,0.014458415476436203,1,2
1612,1.6119999999999333,hold,100.0,2.171617478075656,0.0010935936573570615,1.0348082864415404,0.03480828644154044,0.0010863895616125131,2.137099332789699,0.00016087544423464415,-0.0072040957445483784,1,2
1613,1.6129999999999332,hold,100.0,2.1705194399682535,-0.0010980381074023882,1.034794036628422,0.034794036628422065,-0.0010836274077451488,2.1360157053819537,0.0001607409186046932,0.014410699657239337,1,2
1614,1.613999999999933,hold,100.0,2.171608656123508,0.00108921615525448,1.0348013626625128,0.03480136266251277,0.0010820508664018784,2.1370977562483557,0.00016060632359597647,-0.007165288852601509,1,2
1615,1.614999999999933,hold,100.0,2.170514994661768,-0.0010936614617400586,1.0347871601092817,0.034787160109281734,-0.001079298291826113,2.1360184579565296,0.00016047221905293187,0.014363169913945636,1,2
1616,1.6159999999999328,hold,100.0,2.1715998508036494,0.001084856141881474,1.034794447226486,0.03479444722648606,0.001077729500501358,2.137096187457031,0.00016033804561494197,-0.0071266413801159955,1,2
1617,1.6169999999999327,hold,100.0,2.170510548510299,-0.0010893022933502472,1.0347802917485205,0.03478029174852049,-0.0010749864676932895,2.1360212009893376,0.00016020436009596666,0.014315825656957722,1,2
1618,1.6179999999999326,hold,100.0,2.171591062057557,0.0010805135472580218,1.0347875401083448,0.03478754010834484,0.0010734253947523946,2.1370946263840898,0.00016007060616416962,-0.007088152505627197,1,2
1619,1.6189999999999325,hold,100.0,2.170506101525066,-0.001084960532490964,1.0347734315216546,0.034773431521654574,-0.0010706918663168253,2.1360239345177727,0.0001599373376206559,0.014268666174138646,1,2
1620,1.6199999999999324,hold,100.0,2.171582289826961,0.0010761883018948204,1.0347806412829195,0.03478064128291947,0.0010691384802579474,2.137093072998031,0.00015980400114478115,-0.007049821636872979,1,2
1621,1.6209999999999323,hold,100.0,2.1705016537171713,-0.001080636109789701,1.034766579404258,0.03476657940425798,-0.0010664144189446282,2.136026658579086,0.00015967114754234695,0.014221690845072797,1,2
1622,1.6219999999999322,hold,100.0,2.1715735340537354,0.001071880336564135,1.034773750725124,0.03477375072512401,0.0010648686884003234,2.1370915272674864,0.00015953822648631606,-0.007011648163811595,1,2
1623,1.622999999999932,hold,100.0,2.170497205097691,-0.001076328956044481,1.0347597353719222,0.03475973537192223,-0.0010621540571006116,2.136029373210386,0.00015940578580463766,0.014174898943869474,1,2
1624,1.623999999999932,hold,100.0,2.17156479467981,0.001067589582119055,1.0347668684099174,0.034766868409917384,0.0010606159508338936,2.1370899891612196,0.0001592732781464838,-0.006973631285161477,1,2
1625,1.6249999999999318,hold,100.0,2.1704927556775804,-0.00107203900222963,1.0347528994003474,0.034752899400347426,-0.0010579107125836278,2.136032078448636,0.00015914124837920925,0.014128289646002249,1,2
1626,1.6259999999999317,hold,100.0,2.1715560716475233,0.0010633159699429129,1.034759994312347,0.03475999431234711,0.001056380199484522,2.1370884586481207,0.00015900915211093113,-0.006935770458390894,1,2
1627,1.6269999999999316,hold,100.0,2.170488305467754,-0.001067766179769336,1.0347460714652894,0.03474607146528941,-0.0010536843174777464,2.136034774330643,0.0001588775312655996,0.014081862291589684,1,2
1628,1.6279999999999315,hold,100.0,2.1715473648994306,0.0010590594316766122,1.0347531284075797,0.034753128407579714,0.001052161366551439,2.1370869356971944,0.00015874584439301765,-0.00689806512517324,1,2
1629,1.6289999999999314,hold,100.0,2.1704838544791922,-0.0010635104202383339,1.0347392515426954,0.034739251542695415,-0.0010494748041143182,2.13603746089308,0.00015861463049088626,0.014035616124015654,1,2
1630,1.6299999999999313,hold,100.0,2.1715386743781955,0.0010548198990032454,1.034746270670893,0.034746270670892976,0.001047959384480829,2.137085420277561,0.00015848335103358526,-0.006860514522416452,1,2
1631,1.6309999999999312,hold,100.0,2.1704794027226537,-0.0010592716555417603,1.0347324396085016,0.034732439608501586,-0.001045282105095871,2.1360401381724654,0.00015835254210954308,0.013989550445889232,1,2
1632,1.631999999999931,hold,100.0,2.171530000026921,0.0010505973042671535,1.0347394210776535,0.03473942107765349,0.001043774186017927,2.1370839123584835,0.00015822166810069242,-0.006823118249226368,1,2
1633,1.632999999999931,hold,100.0,2.170474950209072,-0.0010550498178489853,1.034725635638861,0.034725635638861,-0.0010411061533253595,2.136042806205158,0.00015809126220309007,0.013943664523625781,1,2
1634,1.6339999999999308,hold,100.0,2.1715213417887878,0.0010463915797158663,1.034732579603387,0.03473257960338705,0.0010396057041700522,2.137082411909328,0.00015796079168938385,-0.006785875545814056,1,2
1635,1.6349999999999307,hold,100.0,2.170470496949241,-0.0010508448395465386,1.0347188396099807,0.03471883960998068,-0.0010369468819406986,2.136045465027387,0.000157830786879977,0.013897957605840021,1,2
1636,1.6359999999999306,hold,100.0,2.1715126996072995,0.0010422026580583221,1.0347257462236918,0.034725746223691845,0.0010354538721985423,2.1370809188995854,0.00015770071792144938,-0.006748785859779808,1,2
1637,1.6369999999999305,hold,100.0,2.1704660429539837,-0.001046656653315825,1.0347120514982067,0.034712051498206664,-0.0010328042243619797,2.1360481146752233,0.0001575711122752344,0.013852428953845279,1,2
1638,1.6379999999999304,hold,100.0,2.1715040734261843,0.001038030472200635,1.0347189209143561,0.03471892091435613,0.0010313186236333071,2.1370794332988567,0.00015744144294517495,-0.006711848567327906,1,2
1639,1.6389999999999303,hold,100.0,2.17046158823406,-0.0010424851921242428,1.0347052712800224,0.03470527128002243,-0.0010286781142625032,2.1360507551845944,0.00015731223455029347,0.013807077861739637,1,2
1640,1.6399999999999302,hold,100.0,2.1714954631893923,0.001033874955332248,1.0347121036512161,0.03471210365121613,0.0010271998922801511,2.1370779550768746,0.0001571829629351009,-0.006675063052096787,1,2
1641,1.64099999999993,hold,100.0,2.1704571328002293,-0.0010383303891630113,1.0346984989320023,0.034698498932002275,-0.00102456848559883,2.136053386591276,0.000157054149892705,0.013761903564181313,1,2
1642,1.64199999999993,hold,100.0,2.171486868841237,0.001029736041007645,1.0347052944102528,0.03470529441025283,0.0010230976122023868,2.137076484203478,0.00015692527409183086,-0.006638428805258228,1,2
1643,1.6429999999999298,hold,100.0,2.1704526766631798,-0.001034192178057225,1.0346917344308595,0.03469173443085949,-0.0010204752725781105,2.1360560089309,0.00015679685451595575,0.01371690547911442,1,2
1644,1.6439999999999297,hold,100.0,2.171478290326122,0.001025613662942071,1.0346984931675878,0.034698493167587774,0.001019011717729259,2.1370750206486293,0.0001566683726417051,-0.0066019452128118425,1,2
1645,1.6449999999999296,hold,100.0,2.1704482198337063,-0.0010300704924155468,1.0346849777533917,0.034684977753391744,-0.0010163984096730671,2.136058622238956,0.00015654034465920614,0.013672082742479698,1,2
1646,1.6459999999999295,hold,100.0,2.1714697275887755,0.001021507755069262,1.0346916998994458,0.03469169989944576,0.00101494214344327,2.1370735643823995,0.00015641225483667025,-0.006565611625991867,1,2
1647,1.6469999999999294,hold,100.0,2.1704437623224795,-0.0010259652662960583,1.0346782288765728,0.03467822887657279,-0.001012337831612202,2.1360612265507872,0.00015628461658702173,0.013627434683856398,1,2
1648,1.6479999999999293,hold,100.0,2.1714611805742168,0.0010174182517372898,1.0346849145821908,0.03468491458219081,0.001010888824198504,2.137072115374986,0.00015615691695397693,-0.006529427538785751,1,2
1649,1.6489999999999292,hold,100.0,2.170439304140221,-0.0010218764339957609,1.0346714877774228,0.034671487777422794,-0.001008293473393774,2.136063821901592,0.0001560296665892375,0.01358296060198689,1,2
1650,1.649999999999929,hold,100.0,2.1714526492276063,0.0010133450873852645,1.0346781371922804,0.03467813719228041,0.001006851695098771,2.137070673596691,0.00015590235529598176,-0.00649339228649343,1,2
1651,1.650999999999929,hold,100.0,2.1704348452975006,-0.001017803930105643,1.0346647544331253,0.03466475443312533,-0.001004265270272257,2.1360664083264185,0.00015577549098065655,0.013538659833386068,1,2
1652,1.6519999999999289,hold,100.0,2.1714441334943593,0.0010092881968586376,1.0346713677062949,0.034671367706294864,0.0010028306915161878,2.1370692390179347,0.0001556485661899158,-0.006457505342449821,1,2
1653,1.6529999999999287,hold,100.0,2.1704303858050564,-0.0010137476893028463,1.0346580288209986,0.034658028820998554,-0.00100025315774785,2.1360689858601867,0.00015552208610082507,0.01349453155499638,1,2
1654,1.6539999999999286,hold,100.0,2.1714356333202423,0.0010052475151858253,1.0346646061009603,0.03466460610096034,0.0009988257490666044,2.137067811609253,0.00015539554598769786,-0.006421766119220958,1,2
1655,1.6549999999999285,hold,100.0,2.1704259256734564,-0.0010097076467858734,1.0346513109184163,0.034651310918416334,-0.0009962570715945618,2.1360715545376587,0.00015526944831386127,0.013450575191311601,1,2
1656,1.6559999999999284,hold,100.0,2.17142714865112,0.001001222977663474,1.0346578523530947,0.03465785235309471,0.0009948368036446745,2.1370663913413033,0.00015514329106562313,-0.006386174018799522,1,2
1657,1.6569999999999283,hold,100.0,2.170421464913306,-0.001005683737814067,1.034644600702917,0.03464460070291708,-0.0009922769478413855,2.136074114393462,0.00015501757400824303,0.013406789972681549,1,2
1658,1.6579999999999282,hold,100.0,2.1714186794331862,0.0009972145198804405,1.034651106439651,0.03465110643965108,0.000990863791377158,2.1370649781848394,0.00015489179782426097,-0.006350728503282457,1,2
1659,1.658999999999928,hold,100.0,2.1704170035352193,-0.0010016758979669582,1.0346378981521431,0.03463789815214313,-0.000988312722754884,2.1360766654620846,0.00015476645959646684,0.013363175212074193,1,2
1660,1.659999999999928,hold,100.0,2.171410225612832,0.0009932220776125433,1.03464436833766,0.03464436833766005,0.0009869066486529303,2.1370635721107374,0.00015464106268816945,-0.006315428959613066,1,2
1661,1.6609999999999279,hold,100.0,2.1704125415497244,-0.0009976840631074069,1.034631203243813,0.03463120324381297,-0.0009843643328739315,2.1360792077778634,0.00015451610151501983,0.013319730233475385,1,2
1662,1.6619999999999278,hold,100.0,2.1714017871367353,0.0009892455870108563,1.034637638024338,0.03463763802433806,0.0009829653121300544,2.1370621730899937,0.00015439108210567537,-0.006280274880801932,1,2
1663,1.6629999999999276,hold,100.0,2.1704080789674065,-0.0009937081693287553,1.0346245159558292,0.03462451595582916,-0.0009804317149815214,2.1360817413750124,0.00015426649622403885,0.01327645434723388,1,2
1664,1.6639999999999275,hold,100.0,2.1713933639517333,0.0009852849843268174,1.0346309154769517,0.03463091547695174,0.0009790397186925951,2.137060781093705,0.00015414185254872324,-0.006245265634222293,1,2
1665,1.6649999999999274,hold,100.0,2.170403615798778,-0.000989748152955272,1.0346178362661378,0.03461783626613779,-0.0009765148061154752,2.136084266287589,0.00015401764020712174,0.013233346839796873,1,2
1666,1.6659999999999273,hold,100.0,2.171384956004938,0.0009813402061600307,1.0346242006729207,0.03462420067292071,0.0009751298054953362,2.1370593960930844,0.0001538933705126013,-0.006210400664694547,1,2
1667,1.6669999999999272,hold,100.0,2.170399152054281,-0.0009858039506571714,1.034611164152849,0.03461116415284904,-0.0009726135435642108,2.13608678254952,0.0001537695299711628,0.013190407092960633,1,2
1668,1.667999999999927,hold,100.0,2.17137656324369,0.000977411189408972,1.0346174935897587,0.03461749358975874,0.0009712355099408595,2.1370580180594607,0.00015364563251577787,-0.006175679468112608,1,2
1669,1.668999999999927,hold,100.0,2.17039468774452,-0.0009818754991699485,1.034604499594139,0.03460449959413903,-0.000968727864873103,2.1360892901945876,0.0001535221620461058,0.013147634296845545,1,2
1670,1.6699999999999269,hold,100.0,2.171368185615567,0.0009734978710471687,1.0346107942050782,0.03461079420507818,0.0009673567696831154,2.137056646964271,0.000153398635099674,-0.006141101364053308,1,2
1671,1.6709999999999268,hold,100.0,2.170390222879844,-0.000977962735722926,1.0345978425683213,0.034597842568321324,-0.0009648577078257012,2.136091789256445,0.0001532755329847754,0.013105027897224696,1,2
1672,1.6719999999999267,hold,100.0,2.171359823068353,0.000969600188508668,1.034604102496655,0.03460410249665502,0.0009634935226112238,2.1370552827790563,0.00015315237482850616,-0.006106665897444253,1,2
1673,1.6729999999999265,hold,100.0,2.170385757470744,-0.0009740655976089307,1.0345911930538252,0.03459119305382519,-0.0009610030104539504,2.1360942797686024,0.000153029639362636,0.013062587154980335,1,2
1674,1.6739999999999264,hold,100.0,2.171351475550087,0.0009657180793429809,1.0345974184423254,0.034597418442325445,0.0009596457068786253,2.137053925475481,0.00015290684828903894,-0.006072372464355669,1,2
1675,1.6749999999999263,hold,100.0,2.170381291527619,-0.000970184022468068,1.0345845510291602,0.03458455102916025,-0.0009571637110456031,2.1360967617644353,0.00015278447777764985,0.013020311422464945,1,2
1676,1.6759999999999262,hold,100.0,2.171343143009037,0.0009618514814180301,1.0345907420200566,0.03459074202005663,0.0009558132608706645,2.1370525750253058,0.00015266205209037829,-0.00603822054736562,1,2
1677,1.676999999999926,hold,100.0,2.1703768250609268,-0.0009663179481100848,1.0345779164729456,0.03457791647294561,-0.0009533397481218065,2.136099235277184,0.0001525400448500303,0.012978199988278294,1,2
1678,1.677999999999926,hold,100.0,2.171334825393686,0.00095800033275939,1.0345840732079326,0.03458407320793255,0.000951996123224511,2.1370512314004086,0.00015241798286381715,-0.006004209534879023,1,2
1679,1.6789999999999259,hold,100.0,2.170372358080954,-0.0009624673127319738,1.034571289363965,0.03457128936396492,-0.0009495310604566261,2.136101700339952,0.00015229633722206172,0.012936252275347705,1,2
1680,1.6799999999999258,hold,100.0,2.171326522652726,0.0009541645717718872,1.0345774119841198,0.03457741198411979,0.000948194232824389,2.137049894572776,0.00015217463726267618,-0.005970338947498214,1,2
1681,1.6809999999999257,hold,100.0,2.1703678905980754,-0.0009586320546506322,1.0345646696810193,0.034564669681019344,-0.0009457375870696641,2.136104156985706,0.0001520533515579358,0.012894467580968032,1,2
1682,1.6819999999999256,hold,100.0,2.1713182347350437,0.0009503441369682619,1.0345707583269281,0.03457075832692813,0.0009444075287970606,2.137048564514503,0.0001519320119620126,-0.005936608171201339,1,2
1683,1.6829999999999254,hold,100.0,2.1703634226226622,-0.0009548121123814646,1.0345580574030757,0.034558057403075715,-0.0009419592672234079,2.1361066052472797,0.00015181108454351996,0.01285284515805665,1,2
1684,1.6839999999999253,hold,100.0,2.1713099615899085,0.0009465389672462798,1.0345641122147613,0.0345641122147613,0.0009406359505161013,2.137047241197796,0.00015169010365850583,-0.005903016730178577,1,2
1685,1.6849999999999252,hold,100.0,2.1703589541650286,-0.0009510074248799683,1.0345514525091806,0.03455145250918057,-0.0009381960404205196,2.1361090451573754,0.0001515695328862154,0.012811384459448702,1,2
1686,1.6859999999999251,hold,100.0,2.1713017031665474,0.0009427490015188056,1.034557473626081,0.03455747362608097,0.0009368794375898765,2.137045924594965,0.0001514489090702466,-0.005869563928929088,1,2
1687,1.686999999999925,hold,100.0,2.170354485235391,-0.0009472179311562634,1.0345448549785088,0.03454485497850879,-0.0009344478464091864,2.136111476748556,0.000151328693314723,0.012770084747077033,1,2
1688,1.687999999999925,hold,100.0,2.1712934594146955,0.0009389741793044415,1.034550842539545,0.0345508425395451,0.0009331379298682514,2.137044614678424,0.00015120842493657853,-0.005836249436190076,1,2
1689,1.6889999999999248,hold,100.0,2.1703500158440785,-0.0009434435706170419,1.0345382647903076,0.03453826479030764,-0.0009307146251641775,2.13611390005326,0.00015108856257889974,0.012728945452864371,1,2
1690,1.6899999999999247,hold,100.0,2.171285230284065,0.0009352144399863427,1.0345442189338552,0.034544218933855175,0.0009294113674467448,2.137043311420707,0.00015096864801785666,-0.005803072539597889,1,2
1691,1.6909999999999246,hold,100.0,2.170345546001332,-0.0009396842827329444,1.0345316819239454,0.0345316819239454,-0.0009269963169158801,2.136116315103791,0.0001508491374495651,0.012687965817064287,1,2
1692,1.6919999999999245,hold,100.0,2.1712770157247316,0.0009314697233997471,1.034537602787836,0.03453760278783591,0.0009256996906457289,2.137042014794437,0.00015072957509536402,-0.0057700327540182415,1,2
1693,1.6929999999999243,hold,100.0,2.170341075717315,-0.0009359400074164803,1.0345251063588696,0.03452510635886963,-0.0009232928621147106,2.136118721932322,0.00015061041471832335,0.01264714530176971,1,2
1694,1.6939999999999242,hold,100.0,2.171268815686923,0.0009277399696077104,1.0345309940803964,0.03453099408039639,0.0009220028400331359,2.1370407247723553,0.0001504912029710135,-0.005737129574574502,1,2
1695,1.6949999999999241,hold,100.0,2.170336605002236,-0.0009322106846867406,1.0345185380746746,0.03451853807467464,-0.0009196042014694054,2.136121120570886,0.0001503723911973547,0.012606483217335252,1,2
1696,1.695999999999924,hold,100.0,2.1712606301211093,0.0009240251188731285,1.0345243927905807,0.03452439279058073,0.0009183207564253058,2.1370394413273113,0.00015025352846729492,-0.00570436244782277,1,2
1697,1.696999999999924,hold,100.0,2.1703321338662964,-0.0009284962548128384,1.0345119770510012,0.034511977051001175,-0.0009159302759071975,2.136123511051404,0.00015013506371931747,0.012565978905640872,1,2
1698,1.6979999999999238,hold,100.0,2.171252458977959,0.0009203251116627342,1.034517798897505,0.03451779889750495,0.0009146533808486786,2.1370381644322527,0.00015001654842699113,-0.0056717308140556005,1,2
1699,1.6989999999999237,hold,100.0,2.170327662319642,-0.0009247966583170175,1.0345054232676374,0.03450542326763739,-0.0009122710266053347,2.1361258934056475,0.0001498984291370864,0.012525631711682847,1,2
1700,1.6999999999999236,hold,100.0,2.171244302208379,0.0009166398887368032,1.0345112123804072,0.03451121238040722,0.0009110006545881378,2.137036894060236,0.0001497802597130867,-0.0056392341486654,1,2
1701,1.7009999999999235,hold,100.0,2.1703231903723452,-0.0009211118360337167,1.034498876704431,0.03449887670443097,-0.0009086263949627084,2.136128267665273,0.00014966248432364134,0.01248544107100829,1,2
1702,1.7019999999999234,hold,100.0,2.171236159763457,0.0009129693911118508,1.0345046332186096,0.03450463321860964,0.0009073625191482303,2.137035630184421,0.0001495446592085336,-0.005606871963620571,1,2
1703,1.7029999999999232,hold,100.0,2.1703187180345336,-0.000917441728923496,1.0344923373413346,0.03449233734133461,-0.0009049963226261426,2.136130633861795,0.0001494272261718553,0.012445406297353325,1,2
1704,1.7039999999999231,hold,100.0,2.17122803159451,0.0009093135599762547,1.0344980613915382,0.034498061391538215,0.0009037389162891597,2.1370343727780843,0.00014930974381616537,-0.005574643687094997,1,2
1705,1.704999999999923,hold,100.0,2.1703142453162743,-0.0009137862782355732,1.0344858051584147,0.034485805158414706,-0.0009013807514691091,2.136132992026615,0.00014919265159438314,0.012405526766464161,1,2
1706,1.705999999999923,hold,100.0,2.1712199176530174,0.0009056723367431019,1.034491496878741,0.03449149687874109,0.0009001297879667803,2.1370331218145817,0.0001490755104584369,-0.005542548776321567,1,2
1707,1.7069999999999228,hold,100.0,2.1703097722276077,-0.0009101454254096808,1.0344792801358411,0.03447928013584112,-0.0008977796235858218,2.136135342190996,0.0001489587575234142,0.012365801823859011,1,2
1708,1.7079999999999227,hold,100.0,2.171211817890799,0.0009020456631914087,1.0344849396598328,0.03448493965983279,0.0008965350764017514,2.1370318772673977,0.00014884195607730528,-0.005510586789657249,1,2
1709,1.7089999999999226,hold,100.0,2.1703052987785365,-0.0009065191122625826,1.034472762253836,0.03447276225383611,-0.0008941928813190696,2.1361376843860787,0.00014872554091060653,0.012326230943513015,1,2
1710,1.7099999999999225,hold,100.0,2.1712037322596953,0.0008984334811588113,1.0344783897145389,0.03447838971453887,0.0008929547240208226,2.1370306391100993,0.00014860907763407808,-0.005478757137988648,1,2
1711,1.7109999999999224,hold,100.0,2.170300824979133,-0.0009029072805621929,1.0344662514927858,0.034466251492785815,-0.000890620467218677,2.1361400186428807,0.0001484929987268415,0.012286813343515933,1,2
1712,1.7119999999999223,hold,100.0,2.171195660711924,0.0008948357327906997,1.0344718470226815,0.03447184702268147,0.0008893886734876716,2.1370294073163683,0.00014837687210922195,-0.005447059303028095,1,2
1713,1.7129999999999221,hold,100.0,2.170296350839255,-0.0008993098726688409,1.0344597478330837,0.0344597478330837,-0.0008870623240798879,2.1361423449922885,0.000148261127962097,0.01224754858895297,1,2
1714,1.713999999999922,hold,100.0,2.171187603199801,0.000891252360545991,1.0344653115641809,0.03446531156418087,0.000885836867705738,2.137028181859994,0.00014814533650224165,-0.005415492840253025,1,2
1715,1.714999999999922,hold,100.0,2.1702918763689256,-0.0008957268308753541,1.034453251255283,0.03445325125528309,-0.0008835183949345054,2.1361446634650596,0.00014802992562527455,0.012208435940848729,1,2
1716,1.7159999999999218,hold,100.0,2.171179559675793,0.0008876833068671708,1.0344587833190582,0.03445878331905816,0.0008822992497992822,2.137026962714859,0.00014791446783146602,-0.005384057067888597,1,2
1717,1.7169999999999217,hold,100.0,2.1702874015780784,-0.0008921580977143684,1.0344467617400188,0.034446761740018816,-0.0008799886230235502,2.1361469740918353,0.00014779938874408464,0.012169474690818145,1,2
1718,1.7179999999999216,hold,100.0,2.171171530092843,0.0008841285147647149,1.0344522622674177,0.03445226226741771,0.0008787757631176782,2.1370257498549527,0.00014768426313392866,-0.00535275164703663,1,2
1719,1.7189999999999215,hold,100.0,2.1702829264765646,-0.000888603616278516,1.0344402792679965,0.03444027926799653,-0.0008764729518298276,2.1361492769031227,0.00014756951436482768,0.012130664448688405,1,2
1720,1.7199999999999214,hold,100.0,2.1711635144037693,0.0008805879272046901,1.0344457483894558,0.0344457483894558,0.000875266351237807,2.1370245432543604,0.00014745471946522678,-0.0053215759668831,1,2
1721,1.7209999999999213,hold,100.0,2.17027845107423,-0.000885063329539193,1.0344338038200374,0.034433803820037356,-0.0008729713250430083,2.1361515719293176,0.00014734029955228186,0.01209200449618468,1,2
1722,1.7219999999999211,hold,100.0,2.1711555125617497,0.000877061487519537,1.0344392416654729,0.03443924166547285,0.0008717709579538011,2.1370233428872716,0.00014722583389933618,-0.0052905295657359065,1,2
1723,1.722999999999921,hold,100.0,2.1702739753809883,-0.0008815371807613381,1.0344273353770415,0.03442733537704146,-0.000869483686587091,2.1361538592006846,0.00014711174138955298,0.012053494174247137,1,2
1724,1.723999999999921,hold,100.0,2.171147524520167,0.0008735491391784755,1.0344327420758672,0.03443274207586722,0.0008682895272949463,2.1370221487279797,0.000146997603528458,-0.005259611883529276,1,2
1725,1.7249999999999208,hold,100.0,2.1702694994065728,-0.0008780251135940276,1.0344208739200023,0.03442087392000226,-0.0008660099806158076,2.136156138747364,0.00014688383697787684,0.012015132978220001,1,2
1726,1.7259999999999207,hold,100.0,2.171139550232567,0.0008700508259944506,1.0344262496011174,0.0344262496011174,0.0008648220035095472,2.1370209607508737,0.00014677002546290601,-0.005228822484903452,1,2
1727,1.7269999999999206,hold,100.0,2.1702650231608334,-0.0008745270717338549,1.034414419430001,0.0344144194300009,-0.0008625501514901133,2.1361584105993834,0.00014665658343654357,0.011976920243741583,1,2
1728,1.7279999999999205,hold,100.0,2.1711315896527217,0.0008665664918883209,1.0344197642217934,0.03441976422179338,0.0008613683310612517,2.1370197789304446,0.0001465430968309195,-0.005198160827069205,1,2
1729,1.7289999999999204,hold,100.0,2.1702605466535236,-0.0008710429991980462,1.0344079718881898,0.03440797188818978,-0.0008591041438082694,2.136160674786636,0.0001464299779026668,0.011938855389776772,1,2
1730,1.7299999999999203,hold,100.0,2.17112364273453,0.0008630960810065424,1.0344132859185644,0.03441328591856441,0.0008579284546480112,2.1370186032412843,0.00014631681477850892,-0.005167626358531271,1,2
1731,1.7309999999999202,hold,100.0,2.170256069894353,-0.0008675728401770222,1.0344015312758608,0.034401531275860764,-0.0008556719023827884,2.1361629313389017,0.00014620401753112503,0.01190093779423378,1,2
1732,1.73199999999992,hold,100.0,2.1711157094321933,0.0008596395378401844,1.0344068146721905,0.03440681467219053,0.0008545023191835746,2.137017433658085,0.0001460911764693812,-0.005137218656609856,1,2
1733,1.73299999999992,hold,100.0,2.1702515928930497,-0.0008641165391436445,1.0343950975743486,0.034395097574348554,-0.0008522533722496533,2.1361651802858357,0.00014597869949432615,0.011863166893991226,1,2
1734,1.7339999999999198,hold,100.0,2.171107789700019,0.0008561968069691339,1.0344003504635033,0.034400350463503315,0.0008510898698007902,2.1370162701556366,0.00014586617908470808,-0.005106937168343744,1,2
1735,1.7349999999999197,hold,100.0,2.170247115659262,-0.0008606740407568481,1.0343886707650682,0.03438867076506824,-0.0008488484986573707,2.136167421656979,0.00014575402098215655,0.011825542099477317,1,2
1736,1.7359999999999196,hold,100.0,2.1710998834925515,0.0008527678332894695,1.0343938932734618,0.03439389327346176,0.0008476910518425921,2.1370151127088217,0.00014564181982302626,-0.005076781446877385,1,2
1737,1.7369999999999195,hold,100.0,2.1702426382026894,-0.0008572452898620853,1.0343822508295737,0.03438225082957369,-0.0008454572270688615,2.1361696554817526,0.00014552997920174468,0.011788062793223735,1,2
1738,1.7379999999999194,hold,100.0,2.171091990764547,0.0008493525618575859,1.0343874430830535,0.034387443083053526,0.0008443058108805138,2.137013961292633,0.00014541809590011716,-0.005046750977072065,1,2
1739,1.7389999999999193,hold,100.0,2.1702381605328984,-0.0008538302316485336,1.034375837749459,0.03437583774945896,-0.0008420795031865663,2.1361718817894464,0.00014530657137739293,0.011750728461967222,1,2
1740,1.7399999999999192,hold,100.0,2.171084111470858,0.0008459509379594721,1.03438099987343,0.03438099987342991,0.0008409340927065643,2.137012815882153,0.0001451950045488013,-0.005016845252907754,1,2
1741,1.740999999999919,hold,100.0,2.170233682659593,-0.0008504288112649583,1.0343694315064105,0.034369431506410475,-0.0008387152729072339,2.136174100609246,0.00014508379475042008,0.011713538357724394,1,2
1742,1.741999999999919,hold,100.0,2.1710762455666366,0.0008425629070436536,1.0343745636257764,0.0343745636257764,0.0008375758433209564,2.1370116764525666,0.00014497254301887083,-0.004987063722697175,1,2
1743,1.7429999999999188,hold,100.0,2.1702292045922498,-0.0008470409743868146,1.0343630320822197,0.03436303208221969,-0.0008353644823596424,2.136176311970207,0.00014486164657901205,0.011676492027172221,1,2
1744,1.7439999999999187,hold,100.0,2.1710683930072103,0.0008391884149605566,1.0343681343213702,0.0343681343213702,0.0008342310089463436,2.1370105429791533,0.00014475070857690965,-0.004957406014213014,1,2
1745,1.7449999999999186,hold,100.0,2.1702247263404195,-0.0008436666667908099,1.0343566394587513,0.03435663945875134,-0.0008320270778736094,2.1361785159012796,0.00014464012413808176,0.011639588917200516,1,2
1746,1.7459999999999185,hold,100.0,2.171060553748005,0.0008358274075854766,1.0343617119415862,0.034361711941586215,0.0008308995360062747,2.137009415437286,0.0001445294985061681,-0.0049278715792018795,1,2
1747,1.7469999999999184,hold,100.0,2.170220247913654,-0.0008403058343509073,1.034350253617939,0.034350253617938975,-0.0008287030059970338,2.1361807124312886,0.0001444192247191505,0.011602828353873546,1,2
1748,1.7479999999999183,hold,100.0,2.171052727744719,0.0008324798310650472,1.0343552964678817,0.03435529646788171,0.0008275813711478297,2.1370082938024364,0.00014430891010645138,-0.004898459917217516,1,2
1749,1.7489999999999182,hold,100.0,2.1702157693214406,-0.0008369584232785776,1.0343438745418128,0.03434387454181276,-0.0008253922134885829,2.1361829015889477,0.00014419894563021048,0.011566209789994692,1,2
1750,1.749999999999918,hold,100.0,2.1710449149532454,0.0008291456318048063,1.034348887881809,0.03434888788180901,0.0008242764612286505,2.1370071780501765,0.00014408894069393888,-0.00486917057615575,1,2
1751,1.750999999999918,hold,100.0,2.170211290573215,-0.0008336243800304288,1.0343375022125068,0.034337502212506754,-0.0008220946473239983,2.1361850834028524,0.00014397928419560097,0.011529732706430498,1,2
1752,1.7519999999999178,hold,100.0,2.171037115329592,0.0008258247563772692,1.0343424861649813,0.034342486164981256,0.0008209847533165578,2.137006068156169,0.00014386958760109539,-0.004840003060711394,1,2
1753,1.7529999999999177,hold,100.0,2.170206811678411,-0.0008303036511811968,1.0343311366121863,0.03433113661218634,-0.0008188102546933405,2.136187257901476,0.00014376023775583351,0.011493396487856225,1,2
1754,1.7539999999999176,hold,100.0,2.171029328830004,0.000822517151592983,1.034336091299108,0.034336091299107974,0.0008177061946992622,2.137004964096175,0.00014365084817653654,-0.004810956893720785,1,2
1755,1.7549999999999175,hold,100.0,2.170202332646477,-0.0008269961835267736,1.0343247777231526,0.034324777723152566,-0.0008155389829871557,2.1361894251131877,0.00014354180366751634,0.011457200539617879,1,2
1756,1.7559999999999174,hold,100.0,2.1710215554109054,0.0008192227644281402,1.0343297032660181,0.03432970326601814,0.000814440732859285,2.137003865846047,0.0001434327197848655,-0.004782031568855219,1,2
1757,1.7569999999999173,hold,100.0,2.1701978534866977,-0.0008237019242076649,1.0343184255277569,0.03431842552775688,-0.0008122807798107392,2.136191585066236,0.00014332397930322946,0.011421144396925688,1,2
1758,1.7579999999999172,hold,100.0,2.1710137950288857,0.0008159415421880034,1.0343233220475463,0.03432332204754629,0.0008111883155025301,2.1370027733817385,0.00014321519980659982,-0.0047532266854732625,1,2
1759,1.758999999999917,hold,100.0,2.170193374208527,-0.0008204208203586028,1.0343120800084133,0.03431208000841335,-0.0008090355929868952,2.1361937377887514,0.00014310676205133455,0.011385227371707548,1,2
1760,1.759999999999917,hold,100.0,2.171006047640736,0.0008126734322089213,1.0343169476256693,0.03431694762566928,0.0008079488905399491,2.1370016866792914,0.00014299828563798614,-0.0047245416689721586,1,2
1761,1.7609999999999169,hold,100.0,2.170188894821179,-0.0008171528195570765,1.0343057411476901,0.03430574114769014,-0.0008058033705267844,2.1361958833087646,0.00014289014931590524,0.011349449030292131,1,2
1762,1.7619999999999167,hold,100.0,2.1709983132033672,0.0008094183821882872,1.03431057998244,0.034310579982439915,0.0008047224060804878,2.137000605714845,0.00014278197469090934,-0.004695976107799388,1,2
1763,1.7629999999999166,hold,100.0,2.170184415334045,-0.0008138978693223997,1.0342994089281212,0.03429940892812122,-0.0008025840606686659,2.1361980216541765,0.00014267413851660292,0.01131380865373381,1,2
1764,1.7639999999999165,hold,100.0,2.170990591673986,0.0008061763399411781,1.0343042190999487,0.03430421909994874,0.0008015088104549236,2.136999530464631,0.00014256626439279228,-0.004667529486254512,1,2
1765,1.7649999999999164,hold,100.0,2.17017993575634,-0.0008106559176459527,1.0342930833324226,0.03429308333242265,-0.0007993776118461782,2.136200152852785,0.0001424587270885057,0.011278305799774482,1,2
1766,1.7659999999999163,hold,100.0,2.170982883009903,0.0008029472535628912,1.0342978649604415,0.034297864960441515,0.0007983080521909723,2.136998460904976,0.0001423511521864194,-0.00463920137191889,1,2
1767,1.7669999999999162,hold,100.0,2.1701754560972666,-0.0008074269126363554,1.0342867643433478,0.034286764343347764,-0.000796183972704606,2.1362022769322717,0.00014224391248204255,0.01124293993174936,1,2
1768,1.767999999999916,hold,100.0,2.170975187168576,0.0007997310713094841,1.0342915175461482,0.03429151754614823,0.0007951200800282244,2.1369973970123,0.00014213663552983962,-0.004610991281259712,1,2
1769,1.768999999999916,hold,100.0,2.1701709763660646,-0.0008042108025114736,1.0342804519437245,0.03428045194372453,-0.0007930030920932839,2.136204393920207,0.00014202969216284376,0.011207710418189718,1,2
1770,1.7699999999999159,hold,100.0,2.170967504107736,0.0007965277416714933,1.0342851768394845,0.03428517683948451,0.0007919448429046664,2.1369963387631117,0.00014192271189627205,-0.004582898766826958,1,2
1771,1.7709999999999158,hold,100.0,2.1701664965718774,-0.0008010075358586555,1.03427414611646,0.03427414611645996,-0.0007898349190564854,2.1362065038440554,0.00014181606361162463,0.011172616802170042,1,2
1772,1.7719999999999156,hold,100.0,2.1709598337852314,0.0007933372133539507,1.0342788428228573,0.034278842822857314,0.00078878228996115,2.1369952861340167,0.000141709378773929,-0.004554923392800737,1,2
1773,1.7729999999999155,hold,100.0,2.1701620167239053,-0.0007978170613260893,1.0342678468445274,0.03426784684452744,-0.0007866794028546014,2.136208606731162,0.0001416030243240654,0.011137658471487878,1,2
1774,1.7739999999999154,hold,100.0,2.17095217615902,0.0007901594351147345,1.0342725154788,0.03427251547879995,0.0007856323705473145,2.1369942391017096,0.00014149663366596897,-0.004527064567420034,1,2
1775,1.7749999999999153,hold,100.0,2.170157536831227,-0.0007946393277928898,1.0342615541109967,0.03426155411099674,-0.0007835364929402686,2.1362107026087696,0.00014139057181071323,0.0111028348526212,1,2
1776,1.7759999999999152,hold,100.0,2.1709445311874074,0.0007869943561802373,1.0342661947899188,0.03426619478991877,0.0007824950342101436,2.1369931976429797,0.00014128447409031088,-0.004499321970093638,1,2
1777,1.776999999999915,hold,100.0,2.170153056902949,-0.00079147428445836,1.0342552678990233,0.034255267899023334,-0.00078040613897416,2.1362127915040054,0.00014117870359682218,0.011068145484200027,1,2
1778,1.777999999999915,hold,100.0,2.1709368988287014,0.0007838419257524265,1.034259880738878,0.03425988073887809,0.000779370230695326,2.136992161734701,0.00014107289757958141,-0.004471695057100557,1,2
1779,1.7789999999999149,hold,100.0,2.1701485769481086,-0.0007883218805928571,1.034248988191797,0.03424898819179689,-0.0007772882908135551,2.1362148734438873,0.00014096741722229323,0.011033589779302029,1,2
1780,1.7799999999999148,hold,100.0,2.1709292790414403,0.0007807020933316977,1.0342535733084273,0.034253573308427265,0.0007762579099637786,2.136991131353851,0.0001408619016809513,-0.004444183367919088,1,2
1781,1.7809999999999147,hold,100.0,2.1701440969757235,-0.0007851820657167607,1.0342427149726234,0.034242714972623434,-0.0007741828985270113,2.136216948455324,0.0001407567102415333,0.010999167189749493,1,2
1782,1.7819999999999145,hold,100.0,2.170921671784428,0.0007775748087044398,1.0342472724813982,0.03424727248139825,0.0007731580221568123,2.136990106477481,0.000140651483956047,-0.004416786547627519,1,2
1783,1.7829999999999144,hold,100.0,2.170139616994844,-0.0007820547895840413,1.0342364482248423,0.034236448224842286,-0.0007710899123523877,2.1362190165651285,0.00014054658022333267,0.010964877231653554,1,2
1784,1.7839999999999143,hold,100.0,2.1709140770164432,0.0007744600215993103,1.03424097824069,0.034240978240690056,0.000770070517616179,2.136989087082745,0.00014044164198083453,-0.004389503983131312,1,2
1785,1.7849999999999142,hold,100.0,2.170135137014382,-0.0007789400020610238,1.0342301879319031,0.03423018793190313,-0.0007680092827585836,2.1362210777999864,0.00014033702475077007,0.010930719302440125,1,2
1786,1.785999999999914,hold,100.0,2.1709064946966836,0.0007713576823014101,1.034234690569293,0.03423469056929296,0.0007669953469022911,2.1369880731468887,0.0001402323733455085,-0.004362335399119011,1,2
1787,1.786999999999914,hold,100.0,2.170130657043326,-0.0007758376533577582,1.0342239340773152,0.034223934077315166,-0.0007649409604051433,2.1362231321864833,0.00014012804142108306,0.010896692952614924,1,2
1788,1.7879999999999139,hold,100.0,2.1708989247842725,0.0007682677409466265,1.034228409450267,0.03422840945026695,0.0007639324607522874,2.1369870646472355,0.00014002367565438934,-0.004335280194339144,1,2
1789,1.7889999999999138,hold,100.0,2.1701261770905296,-0.0007727476937429145,1.0342176866446686,0.03421768664466862,-0.0007618848961352043,2.1362251797511003,0.0001399196278456135,0.010862797607710176,1,2
1790,1.7899999999999137,hold,100.0,2.1708913672386525,0.0007651901481229295,1.0342221348667344,0.03422213486673442,0.0007608818101093686,2.1369860615612097,0.00013981554652579261,-0.004308338013560894,1,2
1791,1.7909999999999136,hold,100.0,2.1701216971649626,-0.0007696700736898876,1.034211445617597,0.034211445617597036,-0.0007588410409996412,2.13622722052021,0.00013971178164961482,0.010829032690246411,1,2
1792,1.7919999999999134,hold,100.0,2.1708838220193987,0.0007621248544360526,1.0342158668018917,0.0342158668018917,0.0007578433461078495,2.1369850638663177,0.0001396079835919429,-0.004281508328203066,1,2
1793,1.7929999999999133,hold,100.0,2.1701172172754117,-0.0007666047439869317,1.0342052109798543,0.034205210979854295,-0.0007558093462401029,2.1362292545200776,0.00013950450047220563,0.010795397746828821,1,2
1794,1.7939999999999132,hold,100.0,2.170876289086234,0.0007590718108221317,1.0342096052390422,0.03420960523904215,0.0007548170200795718,2.1369840715401573,0.00013940098449884776,-0.004254790742559949,1,2
1795,1.794999999999913,hold,100.0,2.170112737430672,-0.000763551655561745,1.0341989827152074,0.03419898271520738,-0.0007527897632872132,2.1362312817768703,0.00013929778196625328,0.010761892274531795,1,2
1796,1.795999999999913,hold,100.0,2.170868768399061,0.0007560309683887212,1.0342033501615038,0.034203350161503776,0.0007518027835438651,2.136983084560414,0.00013919454690624312,-0.004228184844856111,1,2
1797,1.796999999999913,hold,100.0,2.170108257639629,-0.0007605107594317317,1.0341927608075243,0.034192760807524314,-0.0007497822437789262,2.136233302316635,0.00013909162379825604,0.010728515652805498,1,2
1798,1.7979999999999128,hold,100.0,2.170861259918005,0.000753002278375714,1.0341971015527116,0.034197101552711606,0.0007488005882285404,2.1369821029048635,0.0001389886684873946,-0.004201690147173577,1,2
1799,1.7989999999999127,hold,100.0,2.17010377791093,-0.0007574820070748167,1.0341865452407712,0.03418654524077125,-0.000746786739536556,2.136235316165327,0.0001388860236482347,0.010695267538260769,1,2
1800,1.7999999999999126,hold,100.0,2.1708537636032195,0.0007499856922894566,1.0341908593961564,0.0341908593961564,0.0007458103860327928,2.1369811265513596,0.00013878334692908896,-0.004175306256663726,1,2
1801,1.8009999999999124,hold,100.0,2.170099298253457,-0.0007544653497624232,1.0341803359989434,0.034180335998943434,-0.0007438032025674463,2.136237323348792,0.00013868097920966837,0.010662147194976842,1,2
1802,1.8019999999999123,hold,100.0,2.170846279415108,0.0007469811616509503,1.0341846236754249,0.03418462367542485,0.0007428321290641695,2.1369801554778562,0.0001385785799314782,-0.004149032586780771,1,2
1803,1.8029999999999122,hold,100.0,2.1700948186758007,-0.0007514607393073192,1.0341741330661212,0.03417413306612116,-0.0007408315850833407,2.136239323892773,0.0001384764881893318,0.010629154223978487,1,2
1804,1.8039999999999121,hold,100.0,2.170838807314286,0.0007439886384852379,1.0341783943741454,0.03417839437414538,0.0007398657696141293,2.136979189662387,0.00013837436520800102,-0.0041228688711085915,1,2
1805,1.804999999999912,hold,100.0,2.1700903391866455,-0.0007484681276404004,1.0341679364264462,0.03416793642644622,-0.0007378718394788865,2.136241317822908,0.0001382725483072571,0.010596288161513834,1,2
1806,1.805999999999912,hold,100.0,2.1708313472614202,0.0007410080747747294,1.0341721714760137,0.0341721714760137,0.0007369112601703804,2.1369782290830783,0.0001381707004852516,-0.004096814604349019,1,2
1807,1.8069999999999118,hold,100.0,2.170085859794656,-0.000745487466764061,1.0341617460641308,0.034161746064130805,-0.0007349239183523274,2.136243305164726,0.00013806915729657143,0.01056354841173356,1,2
1808,1.8079999999999117,hold,100.0,2.1708238992174187,0.0007380394227625153,1.034165954964824,0.03416595496482411,0.0007339685534066159,2.1369772737181325,0.00013796758350292232,-0.00407086935589945,1,2
1809,1.8089999999999116,hold,100.0,2.170081380508454,-0.0007425187089649121,1.0341555619634637,0.0341555619634637,-0.0007319877744703425,2.1362452859436623,0.00013786631290344813,0.01053093449456964,1,2
1810,1.8099999999999115,hold,100.0,2.1708164631433093,0.000735082634855555,1.034159744824409,0.03415974482440909,0.0007310376021900575,2.136976323545852,0.00013776501201365928,-0.004045032665497524,1,2
1811,1.8109999999999113,hold,100.0,2.1700769013366075,-0.0007395618067018717,1.0341493841088054,0.034149384108805414,-0.0007290633608016189,2.1362472601850504,0.00013766401288699856,0.010498445900252763,1,2
1812,1.8119999999999112,hold,100.0,2.1708090390003343,0.0007321376637268173,1.034153541038713,0.03415354103871304,0.0007281183595600925,2.1369753785446104,0.00013756298378302017,-0.004019304166724864,1,2
1813,1.8129999999999111,hold,100.0,2.1700724222876797,-0.0007366167126545697,1.0341432124845513,0.03414321248455132,-0.0007261506304925497,2.1362492279141176,0.00013746225501914264,0.010466082162020017,1,2
1814,1.813999999999911,hold,100.0,2.170801626749825,0.0007292044621451943,1.0341473435916988,0.0341473435916988,0.0007252107787612298,2.136974438692879,0.0001373614965893331,-0.00399368338396453,1,2
1815,1.814999999999911,hold,100.0,2.1700679433701318,-0.0007336833796931508,1.0341370470752222,0.03413704707522225,-0.0007232495368991057,2.13625118915598,0.0001372610370845368,0.01043384279404507,1,2
1816,1.8159999999999108,hold,100.0,2.1707942263533173,0.0007262829831855555,1.034141152467437,0.0341411524674371,0.0007223148132283874,2.1369735039692084,0.0001371605482235924,-0.003968169957168158,1,2
1817,1.8169999999999107,hold,100.0,2.1700634645925674,-0.0007307617607499317,1.0341308878653455,0.03413088786534546,-0.0007203600335325112,2.136253143935676,0.00013706035688050864,0.010401727217420557,1,2
1818,1.8179999999999106,hold,100.0,2.1707868377724475,0.0007233731798801379,1.0341349676500318,0.03413496765003177,0.000719430416554566,2.1369725743522303,0.00013696013648941617,-0.0039427633255719645,1,2
1819,1.8189999999999105,hold,100.0,2.1700589859634043,-0.0007278518090432229,1.034124734839542,0.034124734839541926,-0.0007174820741043454,2.136255092278126,0.0001368602122168901,0.010369734938877532,1,2
1820,1.8199999999999104,hold,100.0,2.1707794609691007,0.000720475005696386,1.0341287891237139,0.034128789123713865,0.0007165575425366127,2.1369716498206626,0.00013676025920289286,-0.003917463159773321,1,2
1821,1.8209999999999102,hold,100.0,2.1700545074910558,-0.0007249534780449096,1.034118587982502,0.03411858798250189,-0.0007146156125040713,2.1362570342081586,0.0001366606009159974,0.010337865540838348,1,2
1822,1.8219999999999101,hold,100.0,2.1707720959052423,0.0007175884141865652,1.0341226168727105,0.034122616872710454,0.000713696145157773,2.1369707303533163,0.0001365609141925434,-0.0038922690287922137,1,2
1823,1.82299999999991,hold,100.0,2.170050029183926,-0.0007220667213161391,1.0341124472789769,0.03411244727897689,-0.0007117606028215714,2.136258969750495,0.00013646152081248295,0.010306118494567747,1,2
1824,1.82399999999991,hold,100.0,2.1707647425429775,0.0007147133590512667,1.0341164508813472,0.03411645088134718,0.0007108461785801178,2.136969815929075,0.00013636209929918924,-0.0038671804711488305,1,2
1825,1.8249999999999098,hold,100.0,2.1700455510504297,-0.0007191914925477327,1.034106312713782,0.03410631271378195,-0.0007089169993140924,2.136260898929761,0.0001362629697532734,0.01027449323364035,1,2
1826,1.8259999999999097,hold,100.0,2.170757400844711,0.000711849794281072,1.0341102911340303,0.0341102911340303,0.000708007597149626,2.1369689065269104,0.00013616381237585326,-0.0038421971314459274,1,2
1827,1.8269999999999096,hold,100.0,2.1700410730988247,-0.0007163277458861472,1.0341001842717754,0.03410018427177541,-0.000706084756424834,2.1362628217704858,0.00013606494559747337,0.010242989461313272,1,2
1828,1.8279999999999095,hold,100.0,2.170750070772776,0.0007089976739513837,1.0341041376152138,0.0341041376152138,0.0007051803553901102,2.136968002125876,0.0001359660512877325,-0.003817318561273532,1,2
1829,1.8289999999999094,hold,100.0,2.170036595337542,-0.0007134754352340344,1.034094061937928,0.034094061937927966,-0.0007032638287794764,2.1362647382970965,0.00013586744621627695,0.010211606454558,1,2
1830,1.8299999999999093,hold,100.0,2.170742752289853,0.0007061569523107991,1.034097990309419,0.03409799030941896,0.000702364408019204,2.136967102705116,0.00013576881391200296,-0.0037925442915951596,1,2
1831,1.8309999999999091,hold,100.0,2.1700321177747814,-0.0007106345150713622,1.034087945697232,0.03408794569723206,-0.0007004541711981386,2.1362666485339177,0.0001356704694928604,0.010180343873223665,1,2
1832,1.831999999999909,hold,100.0,2.1707354453586563,0.0007033275838748132,1.0340918492012385,0.03409184920123853,0.0006995597099256406,2.136966208243843,0.00013557209813784858,-0.0037678739491725857,1,2
1833,1.832999999999909,hold,100.0,2.170027640418787,-0.0007078049398692166,1.0340818355347532,0.03408183553475319,-0.0006976557386526048,2.1362685525051908,0.0001354740133223103,0.010149201216611718,1,2
1834,1.8339999999999088,hold,100.0,2.170728149942175,0.0007005095233880709,1.0340857142753197,0.0340857142753197,0.0006967662161681178,2.136965318721359,0.00013537590186629554,-0.0037433072199530987,1,2
1835,1.8349999999999087,hold,100.0,2.170023163277804,-0.0007049866643709102,1.0340757314356464,0.03407573143564635,-0.0006948684863097159,2.1362704502350494,0.00013527807561154333,0.010118178061194302,1,2
1836,1.8359999999999086,hold,100.0,2.1707208660033968,0.0006977027255925528,1.0340795855164013,0.034079585516401334,0.0006939838820067647,2.136964434117056,0.00013518022301013994,-0.0037188435857880234,1,2
1837,1.8369999999999085,hold,100.0,2.170018686360057,-0.0007021796433397398,1.0340696333850936,0.03406963338509361,-0.000692092369529532,2.1362723417475262,0.000135082654279195,0.010087273810207784,1,2
1838,1.8379999999999084,hold,100.0,2.170713593505516,0.000694907145458945,1.0340734629092398,0.03407346290923985,0.000691212662861133,2.1369635544103875,0.0001349850594938558,-0.0036944825978120228,1,2
1839,1.8389999999999083,hold,100.0,2.1700142096736763,-0.0006993838318396506,1.0340635413683306,0.03406354136833056,-0.0006893273438154925,2.136274227066572,0.00013488774725557007,0.010056488024158126,1,2
1840,1.8399999999999082,hold,100.0,2.17070633241193,0.0006921227382536976,1.034067346438705,0.034067346438704904,0.0006884525143384309,2.1369626795809102,0.0001347904092535549,-0.0036702239152667506,1,2
1841,1.840999999999908,hold,100.0,2.1700097332267965,-0.0006965991851335396,1.034057455370704,0.03405745537070404,-0.0006865733648910067,2.136276106216019,0.00013469335248249541,0.010025820242532844,1,2
1842,1.841999999999908,hold,100.0,2.1706990826861374,0.0006893494593409599,1.0340612360896844,0.034061236089684366,0.0006857033922331754,2.1369618096082523,0.00013459627023683962,-0.0036460671077845515,1,2
1843,1.8429999999999078,hold,100.0,2.1700052570275146,-0.0006938256586228597,1.0340513753775813,0.034051375377581294,-0.0006838303886227458,2.1362779792196296,0.00013449946791330744,0.009995270000113902,1,2
1844,1.8439999999999077,hold,100.0,2.1706918442917735,0.0006865872642589643,1.034055131847163,0.03405513184716291,0.000682965252493183,2.136960944472123,0.00013440264040275748,-0.003622011765781275,1,2
1845,1.8449999999999076,hold,100.0,2.1700007810839,-0.0006910632078733769,1.0340453013743989,0.03404530137439887,-0.0006810983710758092,2.136279846101047,0.0001343060915127216,0.009964836797567763,1,2
1846,1.8459999999999075,hold,100.0,2.1706846171926686,0.0006838361087684319,1.0340490336961727,0.03404903369617274,0.0006802380512602881,2.1369600841523075,0.00013420951772169897,-0.003598057508143811,1,2
1847,1.8469999999999074,hold,100.0,2.1699963054040103,-0.0006883117886582468,1.034039233346683,0.03403923334668302,-0.0006783772684665555,2.136281706883841,0.00013411322125676594,0.009934520191691333,1,2
1848,1.8479999999999073,hold,100.0,2.1706774013528105,0.00068109594880017,1.034042941621815,0.03404294162181509,0.0006775217448376804,2.1369592286286787,0.00013401690017533655,-0.003574203962489588,1,2
1849,1.8489999999999072,hold,100.0,2.169991829995825,-0.0006855713569855482,1.0340331712799689,0.034033171279968855,-0.0006756670372071203,2.1362835615914717,0.00013392085513269566,0.009904319778427836,1,2
1850,1.849999999999907,hold,100.0,2.1706701967361584,0.0006783667403333915,1.0340368556092336,0.03403685560923364,0.0006748162897164504,2.136958377881188,0.00013382478575651267,-0.0035504506169410643,1,2
1851,1.850999999999907,hold,100.0,2.169987354867374,-0.0006828418687843119,1.0340271151598928,0.03402711515989276,-0.0006729676338783457,2.13628541024731,0.00013372899113889695,0.0098742349059662,1,2
1852,1.8519999999999068,hold,100.0,2.170663003307087,0.0006756484397127949,1.0340307756436764,0.0340307756436764,0.00067212164254528,2.136957531889855,0.00013363317246918195,-0.0035267971675148396,1,2
1853,1.8529999999999067,hold,100.0,2.1699828800265357,-0.0006801232805511148,1.0340210649721255,0.034021064972125536,-0.0006702790152166916,2.1362872528746384,0.0001335376272848617,0.009844265334423225,1,2
1854,1.8539999999999066,hold,100.0,2.170655821029946,0.000672941003410088,1.0340247017104027,0.03402470171040273,0.0006694377601522173,2.1369566906347908,0.0001334420583283207,-0.003503243257870739,1,2
1855,1.8549999999999065,hold,100.0,2.169978405481344,-0.0006774155486017897,1.034015020702413,0.034015020702413024,-0.0006676011381534067,2.1362890894966373,0.0001333467615910059,0.009814410448382988,1,2
1856,1.8559999999999064,hold,100.0,2.170648649869211,0.0006702443878667808,1.034018633794744,0.0340186337947439,0.0006667645995513353,2.136955854096189,0.00013325144135984846,-0.003479788315445499,1,2
1857,1.8569999999999063,hold,100.0,2.1699739312395536,-0.0006747186296571783,1.034008982336565,0.03400898233656502,-0.0006649339597928406,2.1362909201363958,0.00013315639208870495,0.009784669864337705,1,2
1858,1.8579999999999062,hold,100.0,2.1706414897895647,0.0006675585500111048,1.0340125718821327,0.03401257188213269,0.0006641021179130624,2.136955022254309,0.0001330613196005765,-0.0034564320980423396,1,2
1859,1.858999999999906,hold,100.0,2.1699694573091124,-0.0006720324804523337,1.0340029498604058,0.03400294986040575,-0.0006622774373908529,2.136292744816918,0.0001329665168201292,0.009755043061480777,1,2
1860,1.859999999999906,hold,100.0,2.170634340755885,0.0006648834467726239,1.0340065159580185,0.03400651595801851,0.0006614502725784155,2.1369541950894964,0.00013287169109805927,-0.00343317419420838,1,2
1861,1.8609999999999058,hold,100.0,2.1699649836978,-0.0006693570580851294,1.0339969232598998,0.03399692325989978,-0.0006596315283944441,2.1362945635611017,0.00013277713383820408,0.009725529690685226,1,2
1862,1.8619999999999057,hold,100.0,2.17062720273304,0.0006622190352403301,1.034000466007904,0.03400046600790407,0.0006588090210720573,2.1369533725821737,0.00013268255391058368,-0.0034100141682728066,1,2
1863,1.8629999999999056,hold,100.0,2.169960510413501,-0.0006666923195393082,1.0339909025209728,0.03399090252097281,-0.0006569961904040539,2.1362963763917695,0.0001325882412065429,0.009696129135254257,1,2
1864,1.8639999999999055,hold,100.0,2.170620075686162,0.000659565272661311,1.0339944220174127,0.03399442201741265,0.0006561783210675212,2.136952554712837,0.00013249390610708145,-0.003386951593789848,1,2
1865,1.8649999999999054,hold,100.0,2.1699560374638427,-0.0006640382223195296,1.0339848876296762,0.03398488762967622,-0.0006543713811931619,2.1362981833316437,0.0001323998369993265,0.009666841126367638,1,2
1866,1.8659999999999053,hold,100.0,2.170612959580486,0.0006569221166432548,1.0339883839721333,0.03398838397213333,0.0006535581304229912,2.1369517414620667,0.0001323057457670187,-0.0033639862202635915,1,2
1867,1.8669999999999052,hold,100.0,2.1699515648567007,-0.0006613947237852358,1.0339788785721022,0.033978878572102245,-0.0006517570587177484,2.136299984403349,0.00013221191930127695,0.009637665067487358,1,2
1868,1.867999999999905,hold,100.0,2.170605854381355,0.0006542895246544056,1.0339823518577957,0.033982351857795745,0.0006509484071699457,2.1369509328105187,0.00013211807098035899,-0.0033411174844598986,1,2
1869,1.868999999999905,hold,100.0,2.169947092599691,-0.000658761781664019,1.033972875334377,0.033972875334377095,-0.0006491531810878092,2.136301779629431,0.00013202448620755426,0.009608600576209783,1,2
1870,1.8699999999999048,hold,100.0,2.170598760054353,0.0006516674546617196,1.0339763256601513,0.033976325660151296,0.0006483491094877206,2.1369501287389183,0.00013193087984746693,-0.0033183451739989597,1,2
1871,1.8709999999999047,hold,100.0,2.169942620700524,-0.0006561393538286886,1.0339668779027078,0.033966877902707804,-0.0006465597065722988,2.136303569032346,0.0001318375358236804,0.009579647256389772,1,2
1872,1.8719999999999046,hold,100.0,2.170591676565078,0.0006490558645539934,1.033970305365007,0.03397030536500689,0.0006457601957334598,2.1369493292280795,0.00013174417047903466,-0.0032956688205336253,1,2
1873,1.8729999999999045,hold,100.0,2.1699381495795054,-0.0006535269855727499,1.0339608862957714,0.03396088629577143,-0.0006439762159455599,2.136305353012134,0.000131651066664612,0.009550769627189983,2,2
1874,1.8739999999999044,hold,100.0,2.1705846035317036,0.0006464539521982005,1.0339642909858247,0.03396429098582465,0.0006431808689802288,2.1369485338811143,0.00013155794184436384,-0.003273083217971611,1,2
1875,1.8749999999999043,hold,100.0,2.1699336788299,-0.0006509247018033903,1.0339549004772381,0.03395490047723815,-0.0006414026792074061,2.136307131201907,0.00013146507690742435,0.009522022595984201,2,2
1876,1.8759999999999042,hold,100.0,2.1705775412827966,0.0006438624528963821,1.0339582824862752,0.03395828248627519,0.0006406118645591429,2.1369477430664663,0.00013137219122660106,-0.0032505883372391676,1,2
1877,1.876999999999904,hold,100.0,2.1699292084534463,-0.0006483328293502844,1.0339489204267822,0.033948920426782214,-0.0006388394417336193,2.1363089036247325,0.00013127956423492572,0.009493387616665069,2,2
1878,1.877999999999904,hold,100.0,2.170570490010734,0.0006412815572875985,1.0339522798847849,0.033952279884784886,0.000638053333977553,2.13694695695871,0.00013118691712973884,-0.0032282233100454534,2,2
1879,1.8789999999999039,hold,100.0,2.169924738291083,-0.0006457517196509777,1.033942946162651,0.03394294616265103,-0.0006362868548420492,2.136310670103868,0.00013109452739707968,0.009464864808928506,2,2
1880,1.8799999999999037,hold,100.0,2.1705634494561634,0.0006387111650805188,1.0339462831342972,0.03394628313429715,0.000635505242977691,2.1369461753468455,0.0001310021175712089,-0.0032059221028278443,2,2
1881,1.8809999999999036,hold,100.0,2.1699202685142587,-0.0006431809419047418,1.033936977638176,0.033936977638175936,-0.0006337444880553615,2.13631243085879,0.00013090996393670416,0.009436453849380314,2,2
1882,1.8819999999999035,hold,100.0,2.1705564195822054,0.0006361510679466775,1.0339402922173497,0.03394029221734973,0.0006329673535733627,2.1369453982123634,0.0001308177904679424,-0.00318371437331487,2,2
1883,1.8829999999999034,hold,100.0,2.169915799129508,-0.0006406204526974157,1.0339310148385106,0.033931014838510576,-0.0006312123005973062,2.136314185911766,0.00013072587201719187,0.009408152100109554,2,2
1884,1.8839999999999033,hold,100.0,2.170549400354477,0.000633601224969027,1.0339343071193758,0.03393430711937584,0.0006304396246991744,2.136944625536465,0.00013063393399000665,-0.0031616002698526017,2,2
1885,1.8849999999999032,hold,100.0,2.16991133014397,-0.0006380702105071023,1.0339250577498018,0.03392505774980181,-0.0006286902516275219,2.1363159352848373,0.0001305422498140481,0.009379958879580453,2,2
1886,1.885999999999903,hold,100.0,2.1705423917391826,0.0006310615952127563,1.0339283278262654,0.033928327826265425,0.0006279220155368853,2.1369438573003743,0.0001304505463180929,-0.0031395796758709824,2,2
1887,1.886999999999903,hold,100.0,2.169906861565102,-0.0006355301740805785,1.0339191063584219,0.03391910635842188,-0.0006261783004516214,2.1363176789999225,0.0001303590955129936,0.009351873628957152,2,2
1888,1.8879999999999029,hold,100.0,2.1705353937027247,0.000628532137622706,1.033922354324091,0.033922354324090964,0.0006254144854571062,2.1369430934853795,0.00013026762564291122,-0.0031176521655998076,2,2
1889,1.8889999999999028,hold,100.0,2.1699023934003576,-0.000633000302367126,1.033913160650943,0.033913160650943075,-0.000623676406531714,2.1363194170788478,0.00013017640730962342,0.009323895835412028,2,2
1890,1.8899999999999026,hold,100.0,2.170528406211707,0.0006260128113493302,1.0339163865990326,0.03391638659903262,0.0006229169939764017,2.136942334072824,0.00013008517016491195,-0.0030958173729285065,2,2
1891,1.8909999999999025,hold,100.0,2.1698979256570414,-0.0006304805546655246,1.0339072206139857,0.033907220613985656,-0.000621184529483026,2.136321149543341,0.00012999418340922927,0.009296025182498556,2,2
1892,1.8919999999999024,hold,100.0,2.1705214292329074,0.0006235035758659357,1.0339104246373956,0.033910424637395575,0.0006204295007880078,2.136941579044129,0.00012990317809427046,-0.0030740750779279695,2,2
1893,1.8929999999999023,hold,100.0,2.169893458342728,-0.0006279708901795189,1.0339012862342858,0.03390128623428579,-0.0006187026290894844,2.1363228764150395,0.0001298124220267816,0.009268261090034459,2,2
1894,1.8939999999999022,hold,100.0,2.1705144627332658,0.0006210043905379159,1.0339044684255299,0.033904468425529855,0.000617951965745664,2.1369408283807854,0.00012972164765071665,-0.003052424792251854,2,2
1895,1.894999999999902,hold,100.0,2.169888991464774,-0.0006254712684916619,1.0338953574986456,0.033895357498645584,-0.0006162306652936726,2.136324597715492,0.00012963112138675498,0.009240603197989264,2,2
1896,1.895999999999902,hold,100.0,2.1705075066798325,0.0006185152150584017,1.03389851794988,0.03389851794988008,0.0006154843488704505,2.1369400820643625,0.00012954057706350956,-0.0030308661879512293,2,2
1897,1.8969999999999019,hold,100.0,2.1698845250305823,-0.0006229816492502316,1.033889434393952,0.03388943439395198,-0.0006137685982074846,2.136326313466155,0.00012945027972313428,0.009213051042746955,2,2
1898,1.8979999999999018,hold,100.0,2.170500561039842,0.0006160360092595241,1.0338925731969395,0.0338925731969395,0.0006130266103361746,2.1369393400764913,0.00012935996457133787,-0.00300939892334943,2,2
1899,1.8989999999999017,hold,100.0,2.1698800590475154,-0.0006205019923264388,1.0338835169070801,0.033883516907080136,-0.0006113163880915463,2.1363280236884,0.00012926989527929528,0.009185604234892468,2,2
1900,1.8999999999999015,hold,100.0,2.170493625780633,0.000613566733117743,1.0338866341532755,0.03388663415327553,0.0006105787104865398,2.1369386023988866,0.00012917980842225453,-0.002988022631203219,2,2
1901,1.9009999999999014,hold,100.0,2.16987559352291,-0.0006180322577229447,1.033877605025038,0.033877605025038005,-0.0006088739953738887,2.1363297284035125,0.00012908996630793705,0.009158262349055995,2,2
1902,1.9019999999999013,hold,100.0,2.1704867008696636,0.0006111073467534034,1.0338807008054849,0.03388070080548489,0.0006081406098126406,2.1369378690133254,0.00012900010687364504,-0.0029667369407628333,2,2
1903,1.9029999999999012,hold,100.0,2.1698711284641483,-0.0006155724055152412,1.0338716987348937,0.03387169873489371,-0.0006064413806320289,2.1363314276326935,0.00012891049107104349,0.009131024883212248,2,2
1904,1.903999999999901,hold,100.0,2.1704797862746052,0.0006086578104569362,1.0338747731402855,0.03387477314028553,0.0006057122689748209,2.136937139901668,0.0001288208581920938,-0.0029455414821152968,2,2
1905,1.904999999999901,hold,100.0,2.1698666638784627,-0.0006131223961425292,1.0338657980237183,0.03386579802371825,-0.0006040185046123256,2.136333121397056,0.00012873146783980814,0.009103891530203608,2,2
1906,1.9059999999999009,hold,100.0,2.170472881963192,0.0006062180847292709,1.033868851144388,0.03386885114438809,0.000603293648779783,2.136936415045836,0.00012864206065337473,-0.002924435949487841,2,2
1907,1.9069999999999008,hold,100.0,2.1698621997732586,-0.0006106821899334314,1.0338599028786646,0.03385990287866458,-0.0006016053282147047,2.136334809717621,0.00012855289489453978,0.009076861718726653,2,2
1908,1.9079999999999007,hold,100.0,2.1704659879033055,0.0006037881300469117,1.0338629348045867,0.033862934804586686,0.0006008847102135281,2.1369356944278346,0.00012846371254237397,-0.0029034198333836164,2,2
1909,1.9089999999999006,hold,100.0,2.1698577361556315,-0.0006082517476739824,1.0338540132869427,0.03385401328694271,-0.0005992018124996921,2.1363364926153348,0.00012837477052464114,0.009049935174290234,2,2
1910,1.9099999999999004,hold,100.0,2.1704591040629686,0.0006013679073371136,1.033857024107737,0.033857024107736944,0.0005984854143993582,2.136934978029734,0.00012828581215300748,-0.002882492937755451,2,2
1911,1.9109999999999003,hold,100.0,2.1698532730328637,-0.0006058310301049197,1.0338481292358193,0.03384812923581926,-0.0005968079186778352,2.136338170111056,0.00012819709302851328,0.009023111427084504,2,2
1912,1.9119999999999002,hold,100.0,2.1704522304103357,0.0005989573774720647,1.0338511190407071,0.033851119040707145,0.0005960957226183745,2.1369342658336747,0.00012810835778816502,-0.002861654853690207,2,2
1913,1.9129999999999001,hold,100.0,2.1698488104121396,-0.0006034199981961308,1.0338422507125922,0.03384225071259217,-0.0005944236081172288,2.1363398422255577,0.00012801986071352283,0.008996390078901953,2,2
1914,1.9139999999999,hold,100.0,2.1704453669136257,0.0005965565014860452,1.0338452195904873,0.03384521959048725,0.0005937155963204308,2.136933557821878,0.00012793134775967419,-0.0028409051656143845,2,2
1915,1.9149999999999,hold,100.0,2.1698443483006007,-0.0006010186130249728,1.0338363777046367,0.033836377704636655,-0.0005920488423503528,2.1363415089795277,0.0001278430718958962,0.008969770674619989,2,2
1916,1.9159999999998998,hold,100.0,2.1704385135412974,0.0005941652406966647,1.0338393257440435,0.03383932574404347,0.0005913449971000375,2.136932853976628,0.0001277547803882079,-0.002820243596627194,2,2
1917,1.9169999999998997,hold,100.0,2.169839886705369,-0.000598626835928151,1.0338305101993526,0.03383051019935257,-0.0005896835830545565,2.1363431703935736,0.00012766672490071033,0.00894325287359454,2,2
1918,1.9179999999998996,hold,100.0,2.1704316702618254,0.0005917835564561713,1.0338334374884663,0.033833437488466345,0.0005889838867087226,2.136932154280282,0.00012757865400323388,-0.002799669747448742,2,2
1919,1.9189999999998995,hold,100.0,2.1698354256335963,-0.0005962446282290479,1.0338246481841893,0.03382464818418929,-0.000587327792064806,2.136344826488217,0.0001274908180618028,0.008916836164241885,2,2
1920,1.9199999999998993,hold,100.0,2.170424837043922,0.0005894114103255355,1.0338275548108395,0.033827554810839544,0.0005866322270537619,2.136931458715271,0.00012740296694295825,-0.0027791832717735795,2,2
1921,1.9209999999998992,hold,100.0,2.1698309650922507,-0.0005938719516711544,1.0338187916466768,0.03381879164667678,-0.000584981431367415,2.1363464772839036,0.00012731534972170678,0.008890520303739333,2,2
1922,1.9219999999998991,hold,100.0,2.1704180138563145,0.0005870487640637911,1.0338216776983111,0.033821677698311126,0.0005842899801872587,2.136930767264091,0.00012722771755424995,-0.0027587838765324264,2,2
1923,1.922999999999899,hold,100.0,2.169826505088474,-0.0005915087678403097,1.0338129405743581,0.03381294057435813,-0.0005826444631054199,2.1363481228009853,0.0001271403182316132,0.008864304734889803,2,2
1924,1.923999999999899,hold,100.0,2.1704112006679335,0.0005846955794592823,1.0338158061381186,0.03381580613811863,0.0005819571083326071,2.136930079909318,0.0001270529041926148,-0.002738471126675175,2,2
1925,1.9249999999998988,hold,100.0,2.1698220456292088,-0.000589155038724698,1.0338070949548603,0.03380709495486034,-0.0005803168495746045,2.136349763059743,0.00012696572195128073,0.008838189150093536,2,2
1926,1.9259999999998987,hold,100.0,2.1704043974477547,0.0005823518185459342,1.033809940117498,0.03380994011749805,0.0005796335738421616,2.136929396633585,0.0001268785252221066,-0.0027182447037726225,2,2
1927,1.9269999999998986,hold,100.0,2.1698175867214657,-0.0005868107262889666,1.0338012547757978,0.03380125477579776,-0.0005779985532152794,2.1363513980803694,0.00012679155924901758,0.008812173073687186,2,2
1928,1.9279999999998985,hold,100.0,2.170397604164971,0.0005800174435051098,1.0338040796237382,0.033804079623738215,0.00057731933924006,2.1369287174196097,0.0001267045790152666,-0.0026981042650498074,2,2
1929,1.9289999999998984,hold,100.0,2.1698131283722066,-0.0005844757927642164,1.0337954200249266,0.03379542002492664,-0.0005756895366337151,2.136353027882976,0.0001266178285015828,0.008786256130501241,2,2
1930,1.9299999999998982,hold,100.0,2.170390820788795,0.0005776924165883379,1.0337982246442257,0.03379822464422566,0.0005750143671939943,2.13692804225017,0.00012653106395309468,-0.0026780493943436403,2,2
1931,1.9309999999998981,hold,100.0,2.169808670588236,-0.0005821502005591839,1.0337895906899652,0.03378959068996523,-0.000573389762569005,2.136354652487601,0.0001264445280941803,0.008760437990178865,2,2
1932,1.931999999999898,hold,100.0,2.1703840472886884,0.0005753767004526011,1.0337923751663407,0.033792375166340705,0.0005727186205096164,2.136927371108111,0.00012635797842497652,-0.0026580799429847413,2,2
1933,1.932999999999898,hold,100.0,2.169804213376556,-0.0005798339121323437,1.0337837667587177,0.03378376675871775,-0.0005710991939183981,2.1363562719141926,0.00012627165642033482,0.008734718213945607,2,2
1934,1.9339999999998978,hold,100.0,2.1703772836340733,0.0005730702575172941,1.0337865311775691,0.033786531177569135,0.0005704320621612155,2.136926703976354,0.0001261853208286028,-0.0026381953560786556,2,2
1935,1.9349999999998977,hold,100.0,2.169799756743988,-0.0005775268900851671,1.0337779482190168,0.03377794821901681,-0.0005688177937314165,2.1363578861826227,0.0001260992118818886,0.00870909635375058,2,2
1936,1.9359999999998976,hold,100.0,2.17037052979463,0.000570773050641904,1.0337806926653643,0.03378069266536432,0.0005681546552650987,2.1369260408378876,0.00012601308956996927,-0.0026183953768053186,2,2
1937,1.9369999999998975,hold,100.0,2.169795300697331,-0.0005752290972989016,1.0337721350587796,0.03377213505877963,-0.0005665455252056265,2.136359495312682,0.00012592719288892677,0.008683572093275095,2,2
1938,1.9379999999998974,hold,100.0,2.170363785740159,0.0005684850428280264,1.0337748596173044,0.03377485961730442,0.0005658863630840791,2.1369253816757663,0.0001258412830632494,-0.0025986797439472506,2,2
1939,1.9389999999998973,hold,100.0,2.1697908452435035,-0.0005729404966556828,1.033766327265923,0.03376632726592299,-0.0005642823516826891,2.1363610993240836,0.00012575559785971707,0.008658144972993716,2,2
1940,1.9399999999998971,hold,100.0,2.170357051440426,0.0005662061969222698,1.0337690320209862,0.033769032020986245,0.0005636271490314779,2.136924726473115,0.00012566989973082632,-0.0025790478907918675,2,2
1941,1.940999999999897,hold,100.0,2.16978639038912,-0.0005706610513058763,1.0337605248284434,0.03376052482844338,-0.0005620282366549461,2.1363626982364603,0.00012558442522067392,0.008632814650930219,2,2
1942,1.941999999999897,hold,100.0,2.1703503268654645,0.000563936476344562,1.0337632098640532,0.033763209864053234,0.0005613769766645481,2.1369240752131247,0.0001254989380031284,-0.0025594996800139052,2,2
1943,1.9429999999998968,hold,100.0,2.1697819361409434,-0.000568390724521084,1.0337547277343615,0.0337547277343615,-0.0005597831437569847,2.1363642920693677,0.00012541367340627305,0.00860758076409924,2,2
1944,1.9439999999998967,hold,100.0,2.1703436119853543,0.0005616758444109138,1.0337573931341826,0.03375739313418258,0.0005591358096868878,2.1369234278790548,0.0001253283963187017,-0.002540034724025941,2,2
1945,1.9449999999998966,hold,100.0,2.169777482505739,-0.0005661294796150962,1.0337489359717502,0.033748935971750216,-0.0005575470367754428,2.136365880842279,0.00012524334085901488,0.008582442839653436,2,2
1946,1.9459999999998965,hold,100.0,2.170336906770423,0.0005594242646838055,1.0337515818191292,0.033751581819129184,0.0005569036119559305,2.136922784454235,0.0001251582731240319,-0.0025206527278750016,2,2
1947,1.9469999999998964,hold,100.0,2.169773029490167,-0.0005638772802560865,1.0337431495287372,0.03374314952873725,-0.000555319879645549,2.1363674645745894,0.00012507342602940654,0.008557400610537547,2,2
1948,1.9479999999998963,hold,100.0,2.170330211190879,0.0005571817007119506,1.033745775906656,0.03374577590665595,0.0005546803474692549,2.1369221449220586,0.00012498856687358727,-0.00250135324269575,2,2
1949,1.9489999999998961,hold,100.0,2.169768577100801,-0.0005616340900780337,1.03373736839348,0.03373736839348007,-0.000553101636435921,2.136369043285623,0.0001249039273758223,0.008532453642112704,2,2
1950,1.949999999999896,hold,100.0,2.170323525217262,0.0005549481164610626,1.0337399753846184,0.03373997538461837,0.0005524659803636917,2.1369215092659863,0.0001248192760297106,-0.0024821360973708347,2,2
1951,1.950999999999896,hold,100.0,2.1697641253443924,-0.0005593998728694594,1.033731592554195,0.033731592554195,-0.0005508922713673854,2.136370616994619,0.0001247348433645403,0.008507601502073997,2,2
1952,1.9519999999998958,hold,100.0,2.170316848820079,0.0005527234756863564,1.0337341802408628,0.03373418024086283,0.0005502604749265554,2.1369208774695454,0.00012465039906259026,-0.002463000759800934,2,2
1953,1.9529999999998957,hold,100.0,2.169759674227399,-0.0005571745926800098,1.0337258219991357,0.03372582199913565,-0.0005486917488023014,2.136372185720743,0.0001245661724696352,0.008482843877708358,2,2
1954,1.9539999999998956,hold,100.0,2.170310181970038,0.0005505077426390947,1.0337283904633285,0.03372839046332854,0.0005480637955932646,2.1369202495163364,0.00012448193445020728,-0.0024439470458301887,2,2
1955,1.9549999999998955,hold,100.0,2.1697552237564373,-0.0005549582136006315,1.0337200567165998,0.03372005671659983,-0.000546500033257739,2.1363737494830786,0.00012439791317293922,0.008458180342892453,2,2
1956,1.9559999999998954,hold,100.0,2.1703035246379807,0.0005483008815434509,1.0337226060399975,0.03372260603999755,0.0005458759069391531,2.136919625390018,0.00012431388067826442,-0.002424974604297767,2,2
1957,1.9569999999998953,hold,100.0,2.1697507739380337,-0.00055275069994698,1.0337142966949133,0.033714296694913326,-0.0005443170893778501,2.13637530830064,0.00012423006396401133,0.008433610569129942,2,2
1958,1.9579999999998952,hold,100.0,2.170296876794769,0.0005461028567350645,1.0337168269588568,0.033716826958856805,0.0005436967736751319,2.136919005074315,0.0001241462362401507,-0.002406083059932674,2,2
1959,1.958999999999895,hold,100.0,2.1697463247787088,-0.0005505520160600241,1.0337085419224927,0.03370854192249273,-0.0005421428819564673,2.1363768621923587,0.0001240626233400596,0.008409134103556839,2,2
1960,1.959999999999895,hold,100.0,2.1702902384114577,0.0005439136327489713,1.0337110532079723,0.0337110532079723,0.0005415263606646542,2.136918388553023,0.0001239789996369089,-0.0023872720843170613,2,2
1961,1.9609999999998948,hold,100.0,2.169741876284858,-0.0005483621265995886,1.033702792387745,0.033702792387745095,-0.0005399773759281119,2.136378411177095,0.000123895589805896,0.008384750671476754,2,2
1962,1.9619999999998947,hold,100.0,2.1702836094592013,0.0005417331743431397,1.0337052847754524,0.033705284775452427,0.0005393646329021486,2.136917775809997,0.00012381216937713826,-0.002368541440991097,2,2
1963,1.9629999999998946,hold,100.0,2.169737428463016,-0.0005461809961850861,1.0336970480791372,0.033697048079137204,-0.0005378205363629055,2.1363799552736342,0.0001237289618738957,0.008360459822180557,2,2
1964,1.9639999999998945,hold,100.0,2.1702769899092487,0.0005395614462324616,1.0336995216494382,0.033699521649438235,0.0005372115555270467,2.136917166829161,0.00012364574397699386,-0.002349890705414929,2,2
1965,1.9649999999998944,hold,100.0,2.169732981319488,-0.0005440085897605584,1.033691308985218,0.033691308985217994,-0.0005356723284809751,2.13638149450068,0.0001235627380639591,0.00833626127958332,2,2
1966,1.9659999999998943,hold,100.0,2.1702703797329406,0.0005373984134524612,1.0336937638181243,0.03369376381812428,0.0005350670938267358,2.1369165615945067,0.00012347972196010497,-0.002331319625725357,2,2
1967,1.9669999999998942,hold,100.0,2.1697285348607434,-0.0005418448721972169,1.0336855750944969,0.03368557509449688,-0.0005335327176442514,2.1363830288768626,0.00012339691690340626,0.008312154552965488,2,2
1968,1.967999999999894,hold,100.0,2.1702637789018002,0.0005352440410568704,1.0336880112697437,0.033688011269743745,0.0005329312132229345,2.1369159600900853,0.00012331410185752287,-0.0023128278339359237,2,2
1969,1.968999999999894,hold,100.0,2.1697240890930622,-0.0005396898087379753,1.0336798463956298,0.03367984639562982,-0.0005314016693441899,2.1363845584207413,0.00012323149692701203,0.008288139393785426,2,2
1970,1.9699999999998938,hold,100.0,2.170257187387388,0.0005330982943259066,1.033682263992567,0.03368226399256691,0.000530803879273972,2.1369153623000154,0.00012314888220771176,-0.002294415051934569,2,2
1971,1.9709999999998937,hold,100.0,2.169719644022841,-0.0005375433645471439,1.0336741228772182,0.03367412287721816,-0.000529279149213799,2.1363860831508017,0.00012306647667687824,0.00826421533334492,2,2
1972,1.9719999999998936,hold,100.0,2.1702506051614208,0.0005309611385797552,1.0336765219749273,0.03367652197492732,0.0005286850576767892,2.1369147682084786,0.00012298406155645354,-0.0022760809029660246,2,2
1973,1.9729999999998935,hold,100.0,2.1697151996563084,-0.0005354055051123296,1.0336684045279434,0.033668404527943396,-0.0005271651230338721,2.1363876030854447,0.00012290185470243702,0.008240382078457592,2,2
1974,1.9739999999998934,hold,100.0,2.170244032195688,0.0005288325393797422,1.0336707852052032,0.03367078520520317,0.0005265747142746185,2.1369141777997194,0.00012281963845682897,-0.002257825105123632,2,2
1975,1.9749999999998933,hold,100.0,2.1697107559997533,-0.0005332761959349064,1.0336626913365814,0.033662691336581396,-0.0005250595567046377,2.136389118243015,0.00012273762956039298,0.00821663923026867,2,2
1976,1.9759999999998932,hold,100.0,2.1702374684621057,0.0005267124623524744,1.033665053671775,0.03366505367177508,0.0005244728150310993,2.136913591058046,0.00012265561146914983,-0.002239647321375122,2,2
1977,1.976999999999893,hold,100.0,2.1697063130593848,-0.0005311554027209731,1.0336569832918532,0.03365698329185318,-0.0005229624162807656,2.1363906286417653,0.00012257379981465562,0.008192986440207477,2,2
1978,1.977999999999893,hold,100.0,2.1702309139327305,0.0005246008733457153,1.033659327363107,0.03365932736310695,0.0005223793260675558,2.136913007967833,0.00012249197916094302,-0.0022215472781594815,2,2
1979,1.9789999999998928,hold,100.0,2.1697018708414704,-0.0005290430912601174,1.0336512803825832,0.03365128038258325,-0.0005208736679398223,2.1363921342998933,0.00012241036403631408,0.008169423320295086,2,2
1980,1.9799999999998927,hold,100.0,2.1702243685797384,0.0005224977382680684,1.0336536062677009,0.033653606267700864,0.0005202942136209313,2.136912428513514,0.00012232874010686533,-0.0022035246471371417,2,2
1981,1.9809999999998926,hold,100.0,2.169697429352115,-0.0005269392276234797,1.0336455825976236,0.033645582597623624,-0.0005187932780065207,2.1363936352355077,0.00012224732080358107,0.008145949616958944,2,2
1982,1.9819999999998925,hold,100.0,2.1702178323752697,0.000520403023154703,1.0336478903740893,0.03364789037408933,0.0005182174440797408,2.1369118526795874,0.00012216589288868742,-0.0021855790749621693,2,2
1983,1.9829999999998924,hold,100.0,2.1696929885975127,-0.000524843777756967,1.0336398899258679,0.03363988992586786,-0.0005167212129346441,2.136395131466653,0.0001220846687017445,0.008122564822322865,2,2
1984,1.9839999999998923,hold,100.0,2.1702113052917573,0.0005183166942446249,1.0336421796708528,0.03364217967085281,0.0005161489839636066,2.1369112804506165,0.00012200343609523625,-0.002167710281018322,2,2
1985,1.9849999999998922,hold,100.0,2.1696885485838093,-0.0005227567079479911,1.0336342023562328,0.03363420235623282,-0.0005146574393171388,2.1363966230112994,0.0001219224063231336,0.008099268630852282,2,2
1986,1.985999999999892,hold,100.0,2.1702047873016777,0.0005162387178683225,1.0336364741466024,0.033636474146602424,0.0005140887999290745,2.1369107118112285,0.00012184136832233102,-0.00214991793924806,2,2
1987,1.986999999999892,hold,100.0,2.169684109316946,-0.0005206779847317655,1.0336285198777282,0.03362851987772819,-0.0005126019238887417,2.13639810988734,0.00012176053226706109,0.008076060843023852,2,2
1988,1.9879999999998919,hold,100.0,2.1701982783775677,0.0005141690606218496,1.0336307737900015,0.033630773790001456,0.0005120368587691229,2.136910146746109,0.0001216796881727804,-0.002132201852726766,2,2
1989,1.9889999999998917,hold,100.0,2.169679670803135,-0.0005186075744325613,1.0336228424793201,0.033622842479320125,-0.0005105546335051604,2.1363995921126038,0.00012159904513978305,0.008052940927400918,2,2
1990,1.9899999999998916,hold,100.0,2.1701917784920726,0.000512107688937391,1.0336250785897572,0.03362507858975716,0.0005099931273973071,2.136909585240001,0.00012151839425629662,-0.0021145615400838553,2,2
1991,1.9909999999998915,hold,100.0,2.1696752330483817,-0.0005165454436908412,1.0336171701501033,0.03361717015010335,-0.0005085155351510697,2.13640106970485,0.00012143794355444577,0.00802990853977152,2,2
1992,1.9919999999998914,hold,100.0,2.170185287618023,0.0005100545696414827,1.0336193885346208,0.033619388534620764,0.0005079575728679965,2.136909027277718,0.00012135748518947647,-0.002096996773486167,2,2
1993,1.9929999999998913,hold,100.0,2.169670796058616,-0.0005144915594073041,1.033611502879148,0.033611502879147936,-0.0005064845959601552,2.1364025426817577,0.00012127722613106174,0.008006963447148846,2,2
1994,1.9939999999998912,hold,100.0,2.170178805728305,0.0005080096696890024,1.033613703613373,0.033613703613373014,0.0005059301623747282,2.1369084728441323,0.00012119695959575963,-0.00207950731427424,2,2
1995,1.994999999999891,hold,100.0,2.1696663598399937,-0.0005124458883112304,1.0336058406555946,0.03360584065559458,-0.0005044617831919549,2.1364040110609404,0.00012111689149645408,0.00798410511927553,2,2
1996,1.995999999999891,hold,100.0,2.170172332795858,0.0005059729558642978,1.0336080238148462,0.03360802381484618,0.0005039108632320668,2.1369079219241724,0.00012103681610534003,-0.0020620926322310364,2,2
1997,1.9969999999998909,hold,100.0,2.169661924398197,-0.0005104083976608109,1.0336001834685975,0.0336001834685975,-0.0005024470642301203,2.1364054748599424,0.00012095693828419705,0.007961333430690623,2,2
1998,1.9979999999998908,hold,100.0,2.1701658687938012,0.0005039443956040834,1.0336023491278983,0.03360234912789828,0.0005018996428956117,2.136907374502838,0.00012087705335518014,-0.002044752708471706,2,2
1999,1.9989999999998906,hold,100.0,2.169657489739346,-0.0005083790544553324,1.0335945313073973,0.03359453130739731,-0.0005004404066043289,2.1364069340962337,0.00012079736513459852,0.007938647851003506,2,2
2000,1.9999999999998905,hold,100.0,2.1701594136953566,0.0005019239560106747,1.0335966795414486,0.033596679541448626,0.0004998964689443273,2.136906830565178,0.00012071766998894113,-0.0020274870663474723,2,2
