step,time,phase,load,energy,delta_energy,mass,mass_error,W_ext_step,W_ext_cumul,D_pred,D_inferred,snes_it,converged_reason
0,0.0,init,0.0,0.9999999999966603,0.0,1.0,0.0,0.0,0.0,0.0,0.0,0,0
1,0.001,ramp,0.1,1.0004220074150842,0.00042200741842390865,1.000082713943399,8.271394339898208e-05,8.448010370132024e-06,8.448010370132024e-06,1.9804240224407526e-06,-0.4135594080537766,2,4
2,0.002,ramp,0.2,1.0004148600546563,-7.147360427950389e-06,1.0000812771723704,8.127717237038645e-05,4.1240794427735504e-08,8.48925116455976e-06,4.745918012331152e-06,0.007188601222378124,1,2
3,0.003,ramp,0.3,1.000848860006776,0.0004339999521196791,1.0001630205879855,0.00016302058798545183,2.5299645158621936e-05,3.3788896323181694e-05,8.466633656013146e-06,-0.4087003069610572,2,4
4,0.004,ramp,0.4,1.0008388026938173,-1.0057312958666742e-05,1.000160980445091,0.00016098044509105236,1.5600871373494356e-07,3.394490503691664e-05,1.2606854654529367e-05,0.010213321672401686,1,2
5,0.005,ramp,0.5,1.0012858216749918,0.00044701898117449623,1.000241971411167,0.00024197141116699683,4.208963502845212e-05,7.603454006536875e-05,1.7208552863357202e-05,-0.4049293461460441,2,4
6,0.006,ramp,0.6,1.0012739509746766,-1.1870700315164129e-05,1.0002395335319287,0.00023953353192873728,3.408391960940023e-07,7.637537926146276e-05,2.2142889918267535e-05,0.012211539511258132,1,2
7,0.007,ramp,0.7,1.001734469274516,0.0004605182998393964,1.0003198809226117,0.00031988092261170387,5.8816969138257906e-05,0.00013519234839972066,2.73763740225995e-05,-0.40170133070113845,2,4
8,0.008,ramp,0.8,1.00172136147359,-1.3107800926004387e-05,1.0003171470808407,0.0003171470808407406,5.942961375510219e-07,0.0001357866445372717,3.2887810503573706e-05,0.013702097063555407,1,2
9,0.009000000000000001,ramp,0.9,1.0021956567836523,0.0004742953100622671,1.0003969191954147,0.0003969191954147355,7.548156808587622e-05,0.0002112682126231479,3.8614270411918775e-05,-0.3988137419763909,2,4
10,0.010000000000000002,ramp,1.0,1.0021816931677074,-1.39636159448564e-05,1.0003939523100542,0.00039395231005423526,9.153926727930916e-07,0.00021218360529594099,4.458131025787926e-05,0.014879008617649491,1,2
11,0.011000000000000003,ramp,1.1,1.0026699398833399,0.0004882467156324122,1.0004731967837714,0.0004731967837714457,9.208324449448926e-05,0.0003042668497904303,5.071059481673564e-05,-0.3961634711379229,2,4
12,0.012000000000000004,ramp,1.2,1.0026554056031316,-1.4534280208255979e-05,1.0004700406407694,0.0004700406407693869,1.3034888656669921e-06,0.00030557033865609727,5.7053400865495845e-05,0.015837769073922973,1,2
13,0.013000000000000005,ramp,1.3,1.0031577188395726,0.0005023132364410099,1.0005487932114807,0.0005487932114807137,0.00010862206163073924,0.0004141924002868365,6.352176088402844e-05,-0.3936911748102706,2,4
14,0.014000000000000005,ramp,1.4,1.003142842495747,-1.4876343825687144e-05,1.0005454803851228,0.0005454803851228096,1.7579719451301722e-06,0.0004159503722319667,7.01831525771525e-05,0.016634315770817313,1,2
15,0.015000000000000006,ramp,1.5,1.0036592994247293,0.0005164569289823895,1.000623769153145,0.0006237691531449929,0.00012509815884068648,0.0005410485310726532,7.694284412373507e-05,-0.39135877014170295,2,4
16,0.016000000000000007,ramp,1.6,1.0036442732182993,-1.5026206430013289e-05,1.000620325030046,0.0006203250300460539,2.2782895849546686e-06,0.0005433268206576079,8.387952942604885e-05,0.01730449601496796,1,2
17,0.017000000000000008,ramp,1.7,1.004174925063147,0.0005306518448477959,1.000698172852197,0.0006981728521970876,0.00014151172473168065,0.0006848385453892885,9.089331928213725e-05,-0.38914012011611526,2,4
18,0.01800000000000001,ramp,1.8,1.0041599161095118,-1.5008953635264888e-05,1.000694617890125,0.0006946178901250377,2.8639291595782294e-06,0.0006877024745488668,9.807122682753403e-05,0.017872882794843118,1,2
19,0.01900000000000001,ramp,1.9,1.004704795473865,0.0005448793643532124,1.00077204384197,0.0007720438419700493,0.0001578629819209261,0.0008455654564697929,0.00010530919304431361,-0.38701638243228625,2,4
20,0.02000000000000001,ramp,2.0,1.0046899527026858,-1.4842771179246483e-05,1.0007683949470338,0.0007683949470338458,3.514405726465825e-06,0.0008490798621962587,0.00011270072923503888,0.018357176905712307,1,2
21,0.02100000000000001,ramp,2.1,1.0052490783328834,0.0005591256301975545,1.0008454152727713,0.000845415272771266,0.00017415217762968232,0.001023232039825941,0.00012013826095042569,-0.3849734525678721,2,4
22,0.022000000000000013,ramp,2.2,1.0052345369639089,-1.4541368974496649e-05,1.000841686692546,0.0008416866925460287,4.229254540302883e-06,0.0010274612943662437,0.00012772057977005364,0.018770623514799533,1,2
23,0.023000000000000013,ramp,2.3,1.0058079169951906,0.0005733800312817117,1.00091831545237,0.0009183154523699777,0.0001903795775086996,0.0012178408718749433,0.00013533705742985817,-0.3830004537730121,2,4
24,0.024000000000000014,ramp,2.4,1.005793801584772,-1.4115410418513719e-05,1.0009145193836662,0.0009145193836661569,5.008026142205113e-06,0.0012228488980171484,0.00014309090898900311,0.019123436560718833,1,2
25,0.025000000000000015,ramp,2.5,1.006381435839553,0.0005876342547810331,1.0009907689118849,0.0009907689118848761,0.00020654546137440717,0.0014293943593915556,0.00015086879558832796,-0.381088793406626,2,4
26,0.026000000000000016,ramp,2.6,1.0063678624350176,-1.357340453544964e-05,1.0009869159304317,0.0009869159304316533,5.8502830139614e-06,0.001435244642405517,0.00015877772691607058,0.01942368754941104,1,2
27,0.027000000000000017,ramp,2.7,1.0069697441013814,0.0006018816663637683,1.001062797169931,0.0010627971699310734,0.00022265012013661863,0.0016578947625421356,0.0001667019202338946,-0.3792315462271496,2,4
28,0.028000000000000018,ramp,2.8,1.0069568218135594,-1.2922287822014766e-05,1.0010588965438563,0.0010588965438562692,6.755597234171039e-06,0.0016646503597763066,0.00017475170140829444,0.019677885056185805,1,2
29,0.02900000000000002,ramp,2.9,1.0075729387029504,0.0006161168893910052,1.0011344192968796,0.0011344192968796296,0.00023869385350290775,0.0019033442132792143,0.00018280905886167354,-0.3774230358880974,2,4
30,0.03000000000000002,ramp,3.0,1.0075607708843213,-1.2167818629116312e-05,1.0011304792215334,0.0011304792215334203,7.723548802040054e-06,0.0019110677620812545,0.00019098725923891933,0.019891367431156364,1,2
31,0.03100000000000002,ramp,3.1,1.0081911063949474,0.0006303355106260788,1.001205652341461,0.0012056523414609721,0.00025467696820928175,0.002165744730290536,0.00019916624084772924,-0.3756585424167971,2,4
32,0.03200000000000002,ramp,3.2,1.008179791542246,-1.1314852701449496e-05,1.0012016801192103,0.001201680119210291,8.753724419802852e-06,0.0021744984547103392,0.0002074619086787126,0.02006857712125235,1,2
33,0.03300000000000002,ramp,3.3,1.0088243254106175,0.0006445338683715995,1.0012765116604159,0.0012765116604158688,0.00027059977662061027,0.0024450982313309493,0.00021575230319900845,-0.37393409175098924,2,4
34,0.03400000000000002,ramp,3.4,1.0088139578698052,-1.0367540812294962e-05,1.0012725138409782,0.0012725138409781511,9.845716597333655e-06,0.002454943947928283,0.00022415571849987063,0.020213257409628618,1,2
35,0.035000000000000024,ramp,3.5,1.0094726667666998,0.0006587088968945665,1.0013470111775409,0.00134701117754088,0.000286462595599752,0.002741406543528035,0.00023254842958115739,-0.37224630129481445,2,4
36,0.036000000000000025,ramp,3.6,1.0094633355902995,-9.331176400229069e-06,1.0013429935211722,0.0013429935211721755,1.0998161418662694e-05,0.0027524047049466978,0.00024105073941881115,0.020329337818891763,1,2
37,0.037000000000000026,ramp,3.7,1.0101361982299901,0.0006728626396905746,1.001417163973884,0.001417163973884028,0.0003022677183075405,0.003054672423254238,0.0002495377679994726,-0.37059492138303407,2,4
38,0.03800000000000003,ramp,3.8,1.0101279879534049,-8.210276585263188e-06,1.0014131314495869,0.0014131314495868796,1.2210482142070317e-05,0.003066882905396308,0.00025813132246518827,0.020420758727333503,1,2
39,0.03900000000000003,ramp,3.9,1.0108149765609904,0.0006869886075855369,1.0014869813161749,0.0014869813161748624,0.0003180137557035748,0.0033848966610998833,0.00026670517223861595,-0.3689748518819621,2,4
40,0.04000000000000003,ramp,4.0,1.010807971713526,-7.004847464298081e-06,1.0014829387916617,0.0014829387916617254,1.3483164559789268e-05,0.0033983798256596726,0.00027538294755072323,0.02048801202408735,1,2
41,0.04100000000000003,ramp,4.1,1.0115090566112541,0.0007010848977280215,1.0015564739212828,0.001556473921282775,0.00033370103411200846,0.003732080859771681,0.0002840369770135081,-0.36738386361601305,2,4
42,0.04200000000000003,ramp,4.2,1.0115033392568304,-5.717354423673271e-06,1.001552425846523,0.0015524258465229313,1.4815819257863214e-05,0.0037468966790295444,0.00029279258947700307,0.020533173681536485,1,2
43,0.04300000000000003,ramp,4.3,1.012218489153071,0.0007151498962405523,1.0016256516977324,0.0016256516977324331,0.00034932988012488254,0.004096226559154427,0.00030152076128933675,-0.3658200161156697,2,4
44,0.04400000000000003,ramp,4.4,1.0122141391492305,-4.350003840469796e-06,1.0016216021559965,0.0016216021559964933,1.6208061228437584e-05,0.004112434620382865,0.00031034839967980325,0.02055806506890738,1,2
45,0.04500000000000003,ramp,4.5,1.0129433213601553,0.0007291822109247725,1.0016945238412829,0.00169452384128288,0.0003649006207894689,0.004477335241172334,0.0003191452070781287,-0.3642815901353036,2,4
46,0.046000000000000034,ramp,4.6,1.0129404165725626,-2.904787592683533e-06,1.0016904765915051,0.001690476591505119,1.7659509627372036e-05,0.004494994750799706,0.00032803956252407747,0.02056429722005557,1,2
47,0.047000000000000035,ramp,4.7,1.0136835972107299,0.0007431806381672512,1.0017630989150734,0.0017630989150734244,0.00038041358333033767,0.004875408334130043,0.0003368999661126212,-0.36276705483691357,2,4
48,0.048000000000000036,ramp,4.8,1.0136822136947574,-1.3835159724528978e-06,1.0017590574275306,0.0017590574275305748,1.9169787521342492e-05,0.004894578121651386,0.00034585617294491687,0.02055330349379539,1,2
49,0.04900000000000004,ramp,4.9,1.014439357829657,0.0007571441348996899,1.0018313849176803,0.001831384917680312,0.0003958690949180908,0.005290447216569477,0.0003547755470632855,-0.3612750399815991,2,4
50,0.05000000000000004,ramp,5.0,1.0144395699856303,2.12155973233763e-07,1.0018273524044532,0.0018273524044531975,2.0738521659343415e-05,0.0053111857382288205,0.00036378913275010696,0.020526365686109653,1,2
51,0.05100000000000004,ramp,5.1,1.0152106417820417,0.0007710717964113378,1.0018993893413866,0.0018993893413865592,0.00041126748247953825,0.0057224532207083584,0.0003727632197868855,-0.35980431393179957,2,4
52,0.05200000000000004,ramp,5.2,1.0152125224887196,1.8807066779480408e-06,1.0018953687825474,0.0018953687825473686,2.23653422715222e-05,0.00574481856297988,0.0003818300622377895,0.02048463559357416,1,2
53,0.05300000000000004,ramp,5.3,1.0159974853256044,0.0007849628368847839,1.0019671192223794,0.0019671192223793543,0.0004266090725392759,0.0061714276355191566,0.0003908549334809497,-0.3583537643455079,2,4
54,0.05400000000000004,ramp,5.4,1.0160011060561365,3.620730532061245e-06,1.0019631133886049,0.001963113388604887,2.4049882892675303e-05,0.006195477518411832,0.0003999712243838158,0.02042915236061406,1,2
55,0.05500000000000004,ramp,5.5,1.0167999226300384,0.000798816573901906,1.0020345811843117,0.002034581184311657,0.0004418941910860273,0.006637371709497859,0.0004090432462716823,-0.3569223828158787,2,4
56,0.05600000000000004,ramp,5.6,1.016805353553114,5.430923075699923e-06,1.00203059265662,0.0020305926566199783,2.579178020702596e-05,0.006663163489704885,0.00041820545941462976,0.020360857131326036,1,2
57,0.057000000000000044,ramp,5.7,1.0176179859683325,0.0008126324152184505,1.0021017814762556,0.0021017814762556153,0.0004571231634590177,0.007120286653163902,0.00042732126427765085,-0.3555092517594328,2,4
58,0.058000000000000045,ramp,5.8,1.017625296036688,7.310068355526056e-06,1.0020978126632172,0.00209781266321718,2.7590673911215862e-05,0.007147877327075118,0.00043652612802356307,0.020280605555689807,1,2
59,0.059000000000000045,ramp,5.9,1.018451705884187,0.0008264098474990433,1.0021687260059677,0.002168726005967736,0.0004722963142505486,0.007620173641325667,0.00044568258858509427,-0.35411353324849476,2,4
60,0.060000000000000046,ramp,6.0,1.0184609629127896,9.25702860254951e-06,1.002164779158844,0.0021647791588439436,2.9446206592985116e-05,0.007649619847918652,0.0004549270618301813,0.020189177990435604,1,2
61,0.06100000000000005,ramp,6.1,1.0193011113397399,0.000840148426950238,1.0022354203692414,0.002235420369241403,0.0004874139672221833,0.008137033815140835,0.00046412126887418015,-0.3527344597280547,2,4
62,0.06200000000000005,ramp,6.2,1.0193123820750682,1.1270735328361425e-05,1.0022314975953395,0.002231497595339471,3.135802362317286e-05,0.008168391838764008,0.0004734025199486154,0.020087288294811437,1,2
63,0.06300000000000004,ramp,6.3,1.0201662298461103,0.0008538477710420267,1.0023018698756716,0.0023018698756716027,0.0005024764452320963,0.008670868283996104,0.00048263176267137757,-0.3513713258099304,2,4
64,0.06400000000000004,ramp,6.4,1.0201795800276012,1.3350181490956459e-05,1.0022979731502826,0.002297973150282573,3.332577305937004e-05,0.008704194057055475,0.0004919471507393238,0.01997559156841358,1,2
65,0.06500000000000004,ramp,6.5,1.021047087579413,0.0008675075518118636,1.0023680795718521,0.002368079571852144,0.0005174840701718684,0.009221678127227344,0.0005012088993887773,-0.35002348163999514,2,4
66,0.06600000000000004,ramp,6.6,1.0210625819946615,1.549441524839601e-05,1.0023642107486923,0.002364210748692308,3.534910555954194e-05,0.009257027232786886,0.0005105559579833727,0.01985469031114593,1,2
67,0.06700000000000005,ramp,6.7,1.0219437094842583,0.0008811274895967891,1.0024340542617476,0.002434054261747587,0.0005324371629113322,0.009789464395698218,0.0005198478484582447,-0.3486903266854569,2,4
68,0.06800000000000005,ramp,6.8,1.0219614120182365,1.7702533978258828e-05,1.002430215082493,0.0024302150824930813,3.742767430439228e-05,0.00982689207000261,0.0005292242708497037,0.01972514032613345,1,2
69,0.06900000000000005,ramp,6.9,1.0228561193662078,0.0008947073479712575,1.0024997985250919,0.0024997985250918564,0.0005473360432500725,0.010374228113252683,0.0005385440909864818,-0.347371304721185,2,4
70,0.07000000000000005,ramp,7.0,1.0228760930458776,1.997367966977137e-05,1.0024959906277768,0.002495990627776834,3.9561134927332324e-05,0.010413789248180014,0.0005479477171320656,0.019587455257560952,1,2
71,0.07100000000000005,ramp,7.1,1.0237843399750624,0.0009082469291847861,1.0025653167338981,0.0025653167338981486,0.0005621810298748319,0.010975970278054846,0.0005572933944514744,-0.3460658993099542,2,4
72,0.07200000000000005,ramp,7.2,1.0238066470093974,2.2307034335034004e-05,1.0025615416605775,0.0025615416605775376,4.1749145451022886e-05,0.01101771942350587,0.0005667221993160589,0.01944211111598888,1,2
73,0.07300000000000005,ramp,7.3,1.0247283930796722,0.0009217460702748426,1.002630613067255,0.0026306130672550943,0.000576972440321983,0.011594691863827852,0.0005760917900380801,-0.34477362995285954,2,4
74,0.07400000000000005,ramp,7.4,1.0247530948961856,2.4701816513372776e-05,1.0026268722707847,0.0026268722707847303,4.399136622975522e-05,0.011638683230057607,0.0005855438731081008,0.019289549716382446,1,2
75,0.07500000000000005,ramp,7.5,1.0256882995357077,0.0009352046395221247,1.0026956915247514,0.0026956915247513535,0.0005917105909441728,0.01223039382100178,0.0005949355522732768,-0.34349404857795196,2,4
76,0.07600000000000005,ramp,7.6,1.025715456813504,2.715727779634136e-05,1.0026919863751222,0.002691986375122246,4.628745989703014e-05,0.01227668128089881,0.000604409128113429,0.019130182100688776,1,2
77,0.07700000000000005,ramp,7.7,1.0266640793468682,0.0009486225333641407,1.0027605559385868,0.0027605559385868172,0.0006063957968808286,0.012883077077779638,0.0006138211806730675,-0.3422267364833121,2,4
78,0.07800000000000006,ramp,7.8,1.0266937520469503,2.9672700082139514e-05,1.002756887728498,0.0027568877284980253,4.8637091317592365e-05,0.012931714169097231,0.0006233145703979156,0.018964391235452852,1,2
79,0.07900000000000006,ramp,7.9,1.0276557517207698,0.0009619996738194914,1.0028252099847068,0.0028252099847068113,0.0006210283720320331,0.013552742541129264,0.0006327453831563598,-0.3409713017874582,2,4
80,0.08000000000000006,ramp,8.0,1.0276879991135501,3.224739278029354e-05,1.0028215799346767,0.002821579934676688,5.103992754336649e-05,0.01360378246867263,0.0006422570067072915,0.018792534763072955,1,2
81,0.08100000000000006,ramp,8.1,1.0286633351195107,0.0009753360059605587,1.0028896571927293,0.002889657192729267,0.0006356086290351582,0.014239391097707789,0.000651705061015193,-0.33972737692540045,2,4
82,0.08200000000000006,ramp,8.2,1.028698215810376,3.488069086521328e-05,1.0028860664558352,0.0028860664558352234,5.3495637773093406e-05,0.014292886735480882,0.0006612334301489839,0.018614946907880126,1,2
83,0.08300000000000006,ramp,8.3,1.029686847306217,0.0009886314958411635,1.0029539009551682,0.0029539009551682316,0.0006501368792442983,0.01494302361472518,0.000670697295261884,-0.3384946165968652,2,4
84,0.08400000000000006,ramp,8.4,1.0297244192586852,3.75719524681184e-05,1.0029503506212867,0.0029503506212866792,5.600389331491279e-05,0.014999027508040092,0.0006802410071700613,0.018431940846794392,1,2
85,0.08500000000000006,ramp,8.5,1.0307263053874023,0.0010018861287171,1.0030179445358252,0.0030179445358251566,0.0006646134327116463,0.01566364094075174,0.0006897193341969369,-0.33727269600545356,2,4
86,0.08600000000000006,ramp,8.6,1.03076662594475,4.032055734781714e-05,1.0030144356355966,0.0030144356355965574,5.8564367551945365e-05,0.015722205308303684,0.0006992770656860047,0.01824381020412822,1,2
87,0.08700000000000006,ramp,8.7,1.0317817258517727,0.001015099907022643,1.003081791077508,0.003081791077508056,0.0006790385981713217,0.016401243906475006,0.0007087685820638261,-0.3360613088513213,2,4
88,0.08800000000000006,ramp,8.8,1.0318248517569863,4.312590521360349e-05,1.0030783245858863,0.003078324585886305,6.117673591011484e-05,0.01646242064238512,0.0007183390842352416,0.018050830696511352,1,2
89,0.08900000000000007,ramp,8.9,1.0328531246062214,0.0010282728492350124,1.0031454436090275,0.003145443609027465,0.0006934126830246349,0.017155833325409754,0.0007278425886729186,-0.33486016621037745,2,4
90,0.09000000000000007,ramp,9.0,1.0328991120202362,4.5987414014847516e-05,1.0031420204486319,0.003142020448631877,6.38406758282484e-05,0.017219674001238004,0.0007374246820504378,0.01785326181340088,1,2
91,0.09100000000000007,ramp,9.1,1.0339405170084504,0.0010414049882141452,1.003208905051807,0.0032089050518069318,0.0007077359933274053,0.017927409994565408,0.0007469390398932339,-0.3336689948867399,2,4
92,0.09200000000000007,ramp,9.2,1.033989421527505,4.8904519054593365e-05,1.0032055260959374,0.0032055260959373832,6.655586673027413e-05,0.01799396586129568,0.0007565316099510606,0.017651347675680763,1,2
93,0.09300000000000007,ramp,9.3,1.0350439178976598,0.001054496370154867,1.0032721782257872,0.003272178225787181,0.0007220088337783686,0.01871597469507405,0.0007660557489222867,-0.33248753637649847,2,4
94,0.09400000000000007,ramp,9.4,1.0350957945691295,5.1876671469663904e-05,1.0032688443012883,0.003268844301288265,6.932198999907554e-05,0.018785296685073127,0.0007756577419737371,0.017445318529411634,1,2
95,0.09500000000000007,ramp,9.5,1.0361633416224756,0.0010675470533461073,1.003335265855037,0.003335265855036962,0.0007362315077090581,0.019521528192782186,0.0007851906482562222,-0.3313155456370492,2,4
96,0.09600000000000007,ramp,9.6,1.0362182449596584,5.4903337182832246e-05,1.0033319777448872,0.003331977744887249,7.213872895190755e-05,0.019593666921734094,0.000794801067666901,0.017235391769075303,1,2
97,0.09700000000000007,ramp,9.7,1.0372988020669944,0.001080557107336011,1.0033981705728585,0.0033981705728585165,0.0007504043170751643,0.02034407123880926,0.0008043417822911095,-0.33015279026084665,2,4
98,0.09800000000000007,ramp,9.8,1.0373567860631734,5.798399617895633e-05,1.0033949290186122,0.0033949290186121583,7.500576881725228e-05,0.02041907700762651,0.0008139596849854628,0.017021772638295952,1,2
99,0.09900000000000007,ramp,9.9,1.038450312674928,0.0010935266117546583,1.003460894926603,0.003460894926603064,0.0007645275624486347,0.021183604570075145,0.0008235073004944222,-0.3289990493060235,2,4
100,0.10000000000000007,ramp,10.0,1.0385114308162082,6.111814128018089e-05,1.0034577006305525,0.003457700630552507,7.792279671297422e-05,0.02126152736678812,0.0008331317937277487,0.016804655432793324,1,2
101,0.10100000000000008,ramp,10.1,1.039617886471873,0.0011064556556648064,1.0035234413819851,0.0035234413819851262,0.0007786015430109968,0.022040128909799117,0.0008426854510934219,-0.3278541126538096,2,4
102,0.10200000000000008,ramp,10.2,1.0396821917495205,6.430527764744731e-05,1.003520295009365,0.0035202950093649044,8.088950162560121e-05,0.02212101841142472,0.0008523156894646584,0.016584223978153897,1,2
103,0.10300000000000008,ramp,10.3,1.040801536086462,0.0011193443369414968,1.0035858123273254,0.003585812327325355,0.0007926265565476195,0.022913644967972338,0.0008618745752320114,-0.32671778039387733,2,4
104,0.10400000000000008,ramp,10.4,1.040869081008257,6.754492179505966e-05,1.0035827145081473,0.003582714508147289,8.390557439069183e-05,0.02299755054236303,0.000871509757915477,0.01636065259563217,1,2
105,0.10500000000000008,ramp,10.5,1.0420012737693454,0.0011321927610883353,1.0036480100772571,0.0036480100772571245,0.0008066028994426523,0.023804153441805684,0.0008810731015541874,-0.325589861645683,2,4
106,0.10600000000000008,ramp,10.6,1.0420721103704775,7.083660113216261e-05,1.003644961408194,0.0036449614081939252,8.697070767405872e-05,0.023891124149479744,0.0008907124697305243,0.016134106541896107,1,2
107,0.10700000000000008,ramp,10.7,1.0432171114117894,0.0011450010413118772,1.0037100368763991,0.0037100368763991476,0.0008205308666750854,0.02471165501615483,0.000900279541175855,-0.3244701746367918,2,4
108,0.10800000000000008,ramp,10.8,1.0432912912649068,7.41798531174176e-05,1.0037070379224486,0.0037070379224486416,9.008459595379632e-05,0.024801739612108627,0.0009099223756447422,0.015904742836378726,1,2
109,0.10900000000000008,ramp,10.9,1.0444490605622117,0.0011577692973048226,1.0037718949026377,0.00377189490263774,0.0008344107518151365,0.025636150363923763,0.0009194924830109706,-0.3233585454896861,2,4
110,0.11000000000000008,ramp,11.0,1.0445266347871602,7.757422494858446e-05,1.0037689461986568,0.003768946198656753,9.324693550332279e-05,0.025729397299427085,0.0009291381019705052,0.015672710554738335,1,2
111,0.11100000000000008,ramp,11.1,1.0456971324421414,0.0011704976549811175,1.0038335862702346,0.003833586270234557,0.0008482428470216562,0.02657764014644874,0.0009387105894223884,-0.32225480795946126,2,4
112,0.11200000000000009,ramp,11.2,1.0457781517150693,8.1019272927918e-05,1.0038306883225165,0.00383068832251654,9.6457424374804e-05,0.026674097570823545,0.000948358346400048,0.015438151446886008,1,2
113,0.11300000000000009,ramp,11.3,1.0469613379612825,0.0011831862462132747,1.00389511303282,0.0038951130328199746,0.0008620274430399142,0.02753612501386346,0.0009579325921691814,-0.3211588031733605,2,4
114,0.11400000000000009,ramp,11.4,1.0470458525230395,8.451456175695427e-05,1.003892266320355,0.003892266320355109,9.971576238338912e-05,0.02763584077624685,0.0009675818740928542,0.01520120062643485,1,2
115,0.11500000000000009,ramp,11.5,1.0482416877309766,0.0011958352079370904,1.0039564771860232,0.003956477186023211,0.0008757648292000143,0.028511605605446865,0.0009771572886266787,-0.32007037873707606,2,4
116,0.11600000000000009,ramp,11.6,1.0483297473955586,8.805966458202974e-05,1.0039536821619117,0.00395368216191172,0.00010302165109212553,0.02861462725653899,0.0009868075140235517,0.014961986510095789,1,2
117,0.11700000000000009,ramp,11.7,1.0495381920775897,0.0012084446820310735,1.0040176806701466,0.004017680670146628,0.000889455293416031,0.029504082549955023,0.0009963835382567148,-0.3189893886150425,2,4
118,0.11800000000000009,ramp,11.8,1.0496298462397764,9.165416218670508e-05,1.0040149377627423,0.00401493776274231,0.00010637479379685173,0.029610457343751874,0.0010060341555702904,0.014720631610146652,1,2
119,0.11900000000000009,ramp,11.9,1.05085086105477,0.0012210148149935929,1.0040787253725236,0.004078725372523628,0.0009030991221854873,0.030513556465937362,0.0010156102593083245,-0.31791569280810555,2,4
120,0.12000000000000009,ramp,12.0,1.05094615869745,9.52976426800145e-05,1.0040760349865974,0.0040760349865973655,0.00010977489551250665,0.03062333136144987,0.001025260745324035,0.014477252832492142,1,2
121,0.1210000000000001,ramp,12.1,1.0521797044547552,0.0012335457573051656,1.0041396131297944,0.004139613129794384,0.0009166966005889598,0.03154002796203883,0.0010348364257305887,-0.3168491567162058,2,4
122,0.1220000000000001,ramp,12.2,1.0522786941561024,9.898970134725182e-05,1.0041369756476277,0.004136975647627716,0.00011322166295904073,0.03165324962499787,0.0010444862841015158,0.0142319616117889,1,2
123,0.1230000000000001,ramp,12.3,1.0535247318194858,0.0012460376633833814,1.0042003457300412,0.004200345730041244,0.0009302480122908916,0.03258349763728876,0.001054061064281557,-0.31578965109248985,2,4
124,0.1240000000000001,ramp,12.4,1.0536274617596262,0.00010272994014037806,1.0041977615124473,0.004197761512447329,0.00011671480454798571,0.03270021244183675,0.0010637098241468345,0.013984864407607647,1,2
125,0.12500000000000008,ramp,12.5,1.0548859524507517,0.0012584906911254912,1.0042609249148418,0.004260924914841757,0.0009437536395401212,0.03364396608137687,0.001073283251817961,-0.3147370515853699,2,4
126,0.12600000000000008,ramp,12.6,1.0549924704181168,0.00010651796736516062,1.004258394302085,0.004258394302085078,0.0001202540303696054,0.03376422011174647,0.0010829304665067013,0.01373606300444478,1,2
127,0.12700000000000009,ramp,12.7,1.0562633754199409,0.0012709050018240298,1.004321352381112,0.004321352381112087,0.0009572137631710595,0.03472143387491753,0.0010925021127525013,-0.3136912386529703,2,4
128,0.12800000000000009,ramp,12.8,1.0563737288174322,0.00011035339749132511,1.0043188756938328,0.004318875693832824,0.0001238390521802466,0.03484527292709778,0.0011021473585671865,0.013485654688921494,1,2
129,0.1290000000000001,ramp,12.9,1.0576570095769395,0.0012832807595073437,1.00438162978294,0.004381629782939989,0.0009706286626051473,0.03581590158970292,0.0011117168166662225,-0.3126520969021964,2,4
130,0.1300000000000001,ramp,13.0,1.0577712454278845,0.0001142358509449437,1.0043792073230178,0.004379207323017775,0.00012746958338966701,0.03594337117309259,0.0011213596917393235,0.013233732444723308,1,2
131,0.1310000000000001,ramp,13.1,1.059066863559132,0.0012956181312475668,1.0044417587332939,0.004441758733293888,0.0009839986158527573,0.03692736978894535,0.001130926576064826,-0.3116195153948095,2,4
132,0.1320000000000001,ramp,13.2,1.0591850285128608,0.00011816495372873881,1.0044393907846263,0.004439390784626296,0.00013114533904944173,0.03705851512799479,0.0011405666992837383,0.012980385320702918,1,2
133,0.1330000000000001,ramp,13.3,1.06049294579928,0.0013079172864192135,1.0045017408055557,0.004501740805555654,0.0009973238995152477,0.03805583902751004,0.001150130644268317,-0.31059338690396576,2,4
134,0.1340000000000001,ramp,13.4,1.0606150861364838,0.00012214033720381323,1.0044994276348662,0.0044994276348662154,0.00013486603584075634,0.038190705063350795,0.0011597676542638969,0.012725698636943108,1,2
135,0.1350000000000001,ramp,13.5,1.0619352645333817,0.0013201783968979086,1.0045615775351289,0.004561577535128869,0.0010106047887871582,0.039201309852137954,0.0011693283134249304,-0.3095736081107504,2,4
136,0.1360000000000001,ramp,13.6,1.062061426171409,0.00012616163802725566,1.0045593193926512,0.0045593193926511955,0.00013863139206327007,0.039339941244201225,0.0011789618676187278,0.012469754036014405,1,2
137,0.1370000000000001,ramp,13.7,1.0633938278080743,0.0013324016366653701,1.0046212704208477,0.004621270420847701,0.001023841557459135,0.04036378280166036,0.0011885189126405347,-0.3085600792062351,2,4
138,0.1380000000000001,ramp,13.8,1.0635240563057542,0.00013022849767985178,1.004619067541024,0.004619067541024036,0.0001424411276233284,0.040506223929283686,0.001198148686347128,0.012212629943476612,1,2
139,0.1390000000000001,ramp,13.9,1.0648686434874222,0.0013445871816679666,1.0046808209263158,0.004680820926315832,0.0010370344779208637,0.04154325840720455,0.0012077018062156256,-0.3075527037471029,2,4
140,0.1400000000000001,ramp,14.0,1.0650029840501116,0.00013434056268946115,1.0046786735284352,0.0046786735284352066,0.00014629496402304818,0.041689553371227595,0.0012173274917958896,0.011954401333587024,1,2
141,0.1410000000000001,ramp,14.1,1.0663597192596892,0.0013567352095775753,1.004740230481198,0.004740230481198093,0.0010501838211639538,0.04273973719239155,0.0012268763919823472,-0.3065513884136215,2,4
142,0.1420000000000001,ramp,14.2,1.0664982167436932,0.00013849748400396322,1.0047381387700236,0.004738138770023603,0.0001501926243496074,0.042889929816741154,0.001236497698044647,0.011695140345644166,1,2
143,0.1430000000000001,ramp,14.3,1.0678670626435423,0.0013688458998490916,1.0047995004825034,0.004799500482503438,0.0010632898567854,0.043953219673526556,0.0012460420997353935,-0.3055560430636915,2,4
144,0.1440000000000001,ramp,14.4,1.0680097615606363,0.00014269891709406402,1.004797464648867,0.0047974646488671,0.0001541338332642585,0.04410735350679081,0.001255658750381323,0.011434916170194476,1,2
145,0.1450000000000001,ramp,14.5,1.069390680993933,0.0013809194332967678,1.00485863229573,0.004858632295730025,0.0010763528529911014,0.04518370635978192,0.001265198389749999,-0.3045665803056664,2,4
146,0.1460000000000001,ramp,14.6,1.0695376255158031,0.00014694452187002938,1.004856652517063,0.00485665251706302,0.00015811831699202533,0.045341824676773945,0.00127481012386171,0.01117379512199595,1,2
147,0.1470000000000001,ramp,14.7,1.0709305815080166,0.0013929559922134516,1.0049176272559641,0.004917627255964119,0.0010893730765995065,0.046431197753373454,0.0012843447513816314,-0.30358291561394507,2,4
148,0.1480000000000001,ramp,14.8,1.0710818154702633,0.0001512339622466996,1.0049157036968273,0.004915703696827256,0.0001621458033112988,0.046593343556684756,0.001293951321948221,0.010911841064599182,1,2
149,0.1490000000000001,ramp,14.9,1.0724867712302886,0.001404955760025306,1.0049764866689264,0.004976486668926361,0.0011023507930455771,0.04769569434973033,0.00130348070174232,-0.3026049669797289,2,4
150,0.1500000000000001,ramp,15.0,1.0726423381365884,0.00015556690629980885,1.0049746194815472,0.0049746194815472045,0.00016621602154336581,0.0478619103712737,0.0013130818752224768,0.010649115243556965,1,2
151,0.1510000000000001,ramp,15.1,1.0740592570579788,0.0014169189213903977,1.005035211812019,0.005035211812018936,0.001115286266384999,0.0489771966376587,0.0013226057844482168,-0.3016326550053987,2,4
152,0.1520000000000001,ramp,15.2,1.0742192000838426,0.00015994302586386233,1.005033401136738,0.005033401136737892,0.0001703287025426701,0.049147525340201365,0.0013322013401672233,0.010385676678807758,1,2
153,0.1530000000000001,ramp,15.3,1.0756480457457476,0.0014288456619049317,1.0050938039352604,0.005093803935260377,0.001128179759298019,0.050275705099499385,0.001341719568434235,-0.30066590260691267,2,4
154,0.1540000000000001,ramp,15.4,1.075812407742435,0.00016436199668734552,1.0050920499010092,0.005092049901009199,0.00017448357868676148,0.050450188678186146,0.0013513092980128863,0.010121581999415952,1,2
155,0.1550000000000001,ramp,15.5,1.0772531439105268,0.0014407361680919273,1.005152264262215,0.005152264262215045,0.0011410315330942953,0.051591220211280445,0.0013608216468315806,-0.29970463499763195,2,4
156,0.1560000000000001,ramp,15.6,1.077421967408659,0.00016882349813207576,1.0051505669869427,0.005150566986942717,0.00017868038386623436,0.051769900595146676,0.0013704053536451398,0.009856885734158606,1,2
157,0.1570000000000001,ramp,15.7,1.078874558035867,0.0014525906272080391,1.0052105939908682,0.005210593990868206,0.0011538418477170553,0.05292374244286373,0.0013799116359041023,-0.29874877949098383,2,4
158,0.1580000000000001,ramp,15.8,1.0790478852489929,0.0001733272131259067,1.005208953581933,0.0052089535819330735,0.00018291885347561878,0.05310666129633935,0.001389489134569727,0.009591640349712069,1,2
159,0.1590000000000001,ramp,15.9,1.080512294476377,0.0014644092273841114,1.005268794294428,0.005268794294428059,0.001166610961747437,0.054273272258086785,0.0013989891740403208,-0.2977982656366745,2,4
160,0.16000000000000011,ramp,16.0,1.0806901673044678,0.00017787282809078597,1.005267210849057,0.0052672108490570135,0.00018719872440354295,0.05446047098249033,0.0014085602899304324,0.009325896312756975,1,2
161,0.16100000000000012,ramp,16.1,1.0821663594616282,0.0014761921571604386,1.0053268663221808,0.005326866322180823,0.001179339132409839,0.05563981011490017,0.001418053920796919,-0.2968530247505997,2,4
162,0.16200000000000012,ramp,16.2,1.0823488194943283,0.00018246003270006028,1.0053253399277573,0.0053253399277573,0.00019151973502298634,0.05583132984992316,0.0014276184895780752,0.009059702322926062,1,2
163,0.16300000000000012,ramp,16.3,1.0838367591001483,0.0014879396058200545,1.0053848112002048,0.005384811200204842,0.0011920266155763318,0.05702335646549949,0.0014371055559916496,-0.2959129902437227,2,4
164,0.16400000000000012,ramp,16.4,1.0840238476201043,0.0001870885199559691,1.005383341934717,0.005383341934716901,0.000195881625182795,0.05721923809068229,0.0014466634231863865,0.008793105226825918,1,2
165,0.16500000000000012,ramp,16.5,1.0855234993832197,0.001499651763115395,1.0054426300321286,0.005442630032128637,0.0012046736657714203,0.05842391175645371,0.0014561437788420135,-0.2949780973439747,2,4
166,0.16600000000000012,ramp,16.6,1.0857152573692603,0.00019175798604065264,1.0054412179644634,0.005441217964463396,0.00020028413619767267,0.05862419589265138,0.001465694799413027,0.00852615015702003,1,2
167,0.16700000000000012,ramp,16.7,1.0872265861882768,0.0015113288190164997,1.0055003238998033,0.005500323899803261,0.00121728053617727,0.05984147642882865,0.0014751683071470925,-0.2940482828392298,2,4
168,0.16800000000000012,ramp,16.8,1.0874230543185222,0.00019646813024531973,1.0054989690900986,0.0054989690900986155,0.00020472701083950077,0.06004620343966815,0.0014847123451019574,0.008258880594181044,1,2
169,0.16900000000000012,ramp,16.9,1.0889460252824494,0.0015229709639272837,1.0055578938639937,0.005557893863993746,0.0012298474786390375,0.061276050918307186,0.0014941788765104474,-0.29312348528824617,2,4
170,0.17000000000000012,ramp,17.0,1.0891472439373373,0.00020121865488786916,1.0055565963639381,0.005556596363938127,0.00020920999332811783,0.0614852609116353,0.0015037158045260117,0.007991338440248671,1,2
171,0.17100000000000012,ramp,17.1,1.0906818223259243,0.001534578388586949,1.005615340965015,0.0056153409650150365,0.0012423747436697045,0.06272763565530501,0.0015131752396011875,-0.2922036449172446,2,4
172,0.17200000000000013,ramp,17.2,1.0908878315910409,0.00020600926511660234,1.0056141008181847,0.005614100818184697,0.00021373282932223716,0.06294136848462725,0.0015227049386665197,0.007723564205634829,1,2
173,0.17300000000000013,ramp,17.3,1.092433982874943,0.0015461512839021196,1.0056726662233295,0.005672666223329514,0.0012548625804553516,0.0641962310650826,0.0015321571654513199,-0.29128870344676805,2,4
174,0.17400000000000013,ramp,17.4,1.092644822543974,0.00021083966903101548,1.0056714834654443,0.005671483465444327,0.00021829526591133245,0.06441452633099393,0.0015416795245278706,0.0074555968803169705,1,2
175,0.17500000000000013,ramp,17.5,1.0942025123848402,0.0015576898408662387,1.0057298706401736,0.005729870640173607,0.0012673112368603763,0.0656818375678543,0.0015511244387874964,-0.29037860400586246,2,4
176,0.17600000000000013,ramp,17.6,1.0944182219623828,0.0002157095775425777,1.005728745299355,0.005728745299355076,0.0002228970516063494,0.06590473461946064,0.001560639354485714,0.0071874740637717155,1,2
177,0.17700000000000013,ramp,17.7,1.0959874162130443,0.0015691942506614875,1.0057869551980618,0.005786955198061827,0.0012797209594329014,0.06718445557889355,0.0015700768593946623,-0.2894732912285861,2,4
178,0.17800000000000013,ramp,17.8,1.096208034917319,0.0002206187042748109,1.0057858872951784,0.005785887295178371,0.00022753793633109693,0.06741199351522464,0.0015795842356660823,0.006919232056286031,1,2
179,0.17900000000000013,ramp,17.9,1.097788699621774,0.0015806647044549482,1.0058439208613779,0.00584392086137786,0.0012920919934103427,0.068704085508635,0.0015890142415102746,-0.2885727110446055,2,4
180,0.18000000000000013,ramp,18.0,1.0980142663872459,0.00022556676547180743,1.0058429104102324,0.005842910410232438,0.0002322176714137082,0.0689363031800487,0.0015985139893544087,0.006650905941900761,1,2
181,0.18100000000000013,ramp,18.1,1.09960636778068,0.001592101393434131,1.0059007685768708,0.0059007685768708296,0.001304424582724923,0.07024072776277362,0.0016079364132473917,-0.28767681070920803,2,4
182,0.18200000000000013,ramp,18.2,1.0998369212607797,0.00023055348009970444,1.0058998155844792,0.005899815584479162,0.00023693600957818247,0.0704776637723518,0.0016174284504321406,0.006382529478478023,1,2
183,0.18300000000000013,ramp,18.3,1.1014404257695745,0.001603504508794762,1.0059574992741922,0.005957499274192202,0.0013167189700086686,0.07179438274236047,0.001626843216044907,-0.2867855387860933,2,4
184,0.18400000000000014,ramp,18.4,1.1016760033888793,0.00023557761930481647,1.0059566035226666,0.0059566035226665814,0.00024169288190152753,0.072036075624262,0.0016363271908129858,0.006115262596711064,2,2
185,0.18500000000000014,ramp,18.5,1.1032908772016468,0.001614873812767481,1.0060141136008451,0.006014113600845139,0.0013289752029941736,0.07336505082725617,0.0016457338452820754,-0.2858986097733075,2,4
186,0.18600000000000014,ramp,18.6,1.1035315183956558,0.00024064119400901696,1.0060132753390896,0.006013275339089574,0.00024648789376170526,0.07361153872101787,0.001655209938900733,0.0058466997526883,2,2
187,0.18700000000000014,ramp,18.7,1.1051577284286962,0.0016262100330404206,1.0060706127341434,0.0060706127341434435,0.0013411936945424098,0.07495273241556029,0.0016646088343286734,-0.2850163384980108,2,4
188,0.18800000000000014,ramp,18.8,1.1054034709705616,0.00024574254186537914,1.0060698319367107,0.0060698319367107345,0.00025132079048505976,0.07520405320604535,0.0016740770120821722,0.005578248619680622,2,2
189,0.18900000000000014,ramp,18.9,1.107040984242978,0.0016375132724164576,1.0061269975482543,0.006126997548254298,0.0013533746914842469,0.0765574278975296,0.0016834680763491263,-0.2841385809322107,2,4
190,0.19000000000000014,ramp,19.0,1.1072918656748754,0.0002508814318973318,1.0061262741925023,0.0061262741925023345,0.00025619132679714876,0.07681361922432675,0.0016929282850449555,0.005309894899816955,2,2
191,0.19100000000000014,ramp,19.1,1.1089406493775413,0.001648783702665968,1.006183268906625,0.006183268906625017,0.001365518433155096,0.07817913765748184,0.0017023114605090738,-0.28326526951087194,2,4
192,0.19200000000000014,ramp,19.2,1.1091967069845379,0.00025605760699654034,1.0061826029667524,0.006182602966752437,0.0002610992611491139,0.07844023691863096,0.0017117636487096787,0.005041654152573534,2,2
193,0.19300000000000014,ramp,19.3,1.1108567284923143,0.0016600215077764435,1.0062394276589348,0.006239427658934815,0.001377625156459707,0.07981786207509067,0.0017211388855035723,-0.2823963513167366,2,4
194,0.19400000000000014,ramp,19.4,1.1111179992977216,0.00026127080540727654,1.0062388191047276,0.0062388191047275665,0.00026604435396445416,0.08008390642905512,0.0017305830061484266,0.004773548557177617,2,2
195,0.19500000000000015,ramp,19.5,1.1127892261728707,0.00167122687514909,1.0062954746408446,0.006295474640844567,0.0013896950966776702,0.0814736015257328,0.001739950260544187,-0.2815317784714197,2,4
196,0.19600000000000015,ramp,19.6,1.1130557469378723,0.00026652076500166544,1.0062949234372371,0.006294923437237143,0.0002710263672306971,0.0817446278929635,0.0017493862714491781,0.004505602229031643,2,2
197,0.19700000000000015,ramp,19.7,1.1147381469311675,0.001682399993295114,1.006351410674067,0.006351410674066971,0.0014017284876897387,0.08314635638065324,0.0017587455051911926,-0.2806715056053752,2,4
198,0.19800000000000015,ramp,19.8,1.1150099541561582,0.00027180722499076104,1.0063509167811358,0.006350916781135751,0.00027604506436336283,0.0834224014450166,0.0017681733690710754,0.0042378393726017856,2,2
199,0.19900000000000015,ramp,19.9,1.116703495207294,0.0016935410511358384,1.0064072365667356,0.006407236566735586,0.0014137255620613807,0.08483612700707797,0.0017775245489896182,-0.2798154890744577,2,4
200,0.20000000000000015,ramp,20.0,1.116980625133337,0.0002771299260428961,1.0064067999397173,0.006406799939717267,0.0002811002101473314,0.08511722721722531,0.0017869442333452554,0.003970284104435294,2,2
201,0.20100000000000015,ramp,20.1,1.1186852753708543,0.0017046502375173134,1.0064629531136289,0.006462953113628878,0.0014256865510809068,0.08654291376830622,0.0017962873310784643,-0.2789636864364065,2,4
202,0.20200000000000015,ramp,20.2,1.1189677639816475,0.0002824886107932745,1.0064625737030786,0.006462573703078567,0.000286191570705841,0.08682910533901206,0.0018056988080440701,0.0037029599125665475,2,2
203,0.20300000000000015,ramp,20.3,1.1206834917227197,0.0017157277410722038,1.00651856109656,0.006518561096559905,0.0014376116847800117,0.08826671702379207,0.0018150337998103464,-0.27811605629219216,2,4
204,0.20400000000000015,ramp,20.4,1.120971374746582,0.0002878830238621788,1.0065182388483866,0.006518238848386648,0.00029131891348185135,0.08855803593727392,0.0018244370459895346,0.003435889619672562,2,2
205,0.20500000000000015,ramp,20.5,1.122698148496798,0.0017267737502160152,1.0065740612846095,0.006574061284609467,0.0014495011919472146,0.09000753712922113,0.001833763912390153,-0.2772725582688006,2,4
206,0.20600000000000016,ramp,20.6,1.1229914614084513,0.00029331291165335394,1.0065737961403154,0.006573796140315391,0.0002964820072241891,0.09030401913644533,0.0018431589086927162,0.0031690955708351775,2,2
207,0.20700000000000016,ramp,20.7,1.124729249861412,0.0017377884529607979,1.0066294544345562,0.006629454434556203,0.001461355300136662,0.09176537443658199,0.0018524776345321256,-0.2764331528241359,2,4
208,0.20800000000000016,ramp,20.8,1.125028027883986,0.00029877802257383124,1.006629246331308,0.006629246331308014,0.0003016806219767626,0.09206705505855875,0.0018618643660157327,0.002902599402931363,2,2
209,0.20900000000000016,ramp,20.9,1.126776799920948,0.0017487720369619986,1.0066847412910402,0.0066847412910402415,0.0014731742356769025,0.09354022929423565,0.0018711749401360846,-0.27559780128509603,2,4
210,0.21000000000000016,ramp,21.0,1.1270810780281213,0.00030427810717337245,1.0066845901617896,0.006684590161789572,0.0003069145290691708,0.09384714382330482,0.001880553395853519,0.002636421895798333,2,2
211,0.21100000000000016,ramp,21.1,1.1288408027174286,0.001759724689307296,1.006739922586968,0.0067399225869679835,0.0014849582236773342,0.09533210204698216,0.0018898558109797373,-0.27476646562996176,2,4
212,0.21200000000000016,ramp,21.2,1.1291506156350815,0.000309812917652863,1.0067398283606293,0.006739828360629252,0.00031218350110761575,0.09564428554808978,0.0018992259838327265,0.002370583454752739,2,2
213,0.21300000000000016,ramp,21.3,1.1309212622319866,0.0017706465969051788,1.0067949990437284,0.006794999043728378,0.0014967074880346373,0.09714099303612442,0.0019085202364266555,-0.27393910887054146,2,4
214,0.21400000000000016,ramp,21.4,1.1312366444402537,0.00031538220826710095,1.006794961645277,0.006794961645276931,0.00031748731196768474,0.0974584803480921,0.0019178821230254705,0.002105103700583786,2,2
215,0.21500000000000016,ramp,21.5,1.1330181823860497,0.0017815379457959413,1.006849971371502,0.006849971371502006,0.001508422251438739,0.09896690259953084,0.0019271682131474102,-0.27311569435720234,2,4
216,0.21600000000000016,ramp,21.6,1.1333391681212355,0.000320985735185797,1.0068499907221327,0.0068499907221326595,0.0003228257367861854,0.09928972833631702,0.0019365218136774306,0.0018400016003884104,2,2
217,0.21700000000000016,ramp,21.7,1.1351315670430948,0.0017923989218593395,1.0069048402695329,0.006904840269532864,0.0015201027353787717,0.10080983107169579,0.0019457997448546153,-0.27229618648056775,2,4
218,0.21800000000000017,ramp,21.8,1.1354581902994751,0.00032662325638033174,1.0069049162867278,0.006904916286727847,0.000328198551953608,0.1011380296236494,0.0019551450629480315,0.001575295573276274,2,2
219,0.21900000000000017,ramp,21.9,1.1372614200097182,0.0018032297102430483,1.0069596064263104,0.0069596064263104385,0.0015317491601491218,0.10266977878379852,0.0019644148420491924,-0.2714805500939265,2,4
220,0.22000000000000017,ramp,22.0,1.137593714541355,0.0003322945316368564,1.0069597390240064,0.006959739024006373,0.0003336055351070246,0.10300338431890554,0.001973751884661902,0.0013110034701682054,2,2
221,0.22100000000000017,ramp,22.1,1.1394077450370181,0.0018140304956630882,1.007014270519961,0.007014270519960952,0.0015433617448547996,0.10454674606376034,0.001983013521777716,-0.2706687508082885,2,4
222,0.22200000000000017,ramp,22.2,1.1397457443596075,0.00033799932258937737,1.0070144596086565,0.0070144596086565425,0.0003390464651225147,0.10488579252888286,0.001992342299072291,0.0010471425331373165,2,2
223,0.22300000000000017,ramp,22.3,1.141570545821852,0.0018248014622443964,1.0070688332183602,0.00706883321836016,0.0015549407074174106,0.10644073323630027,0.0020015958074006256,-0.26986075482698585,2,4
224,0.22400000000000017,ramp,22.4,1.1419142832145122,0.0003437373926602483,1.0070690787051995,0.007069078705199461,0.0003445211221086616,0.10678525435840892,0.0020109163326331708,0.0007837294484133164,2,2
225,0.22500000000000017,ramp,22.5,1.143749826008028,0.001835542793515943,1.0071232951794378,0.007123295179437772,0.0015664862645802834,0.1083517406229892,0.0020201617283696414,-0.2690565289356595,2,4
226,0.22600000000000017,ramp,22.6,1.1440993345150205,0.0003495085069924464,1.0071235969683379,0.007123596968337864,0.00035002928739991823,0.10870176991038913,0.0020294740177819754,0.0005207804074718286,2,2
227,0.22700000000000017,ramp,22.7,1.1459455891875225,0.0018462546725019902,1.0071776570513613,0.007177657051361308,0.0015779986319136832,0.11027976854230281,0.0020387113200146818,-0.26825604058830693,2,4
228,0.22800000000000017,ramp,22.8,1.1463009016199572,0.0003553124324346957,1.0071780150431358,0.007178015043135755,0.000355570743548853,0.11063533928585166,0.002048015392730264,0.0002583111141573279,2,2
229,0.22900000000000018,ramp,22.9,1.1481578389015759,0.0018569372816186203,1.0072319194727903,0.007231919472790338,0.0015894780238220273,0.1122248173096737,0.002057244623338901,-0.2674592577965929,2,4
230,0.23000000000000018,ramp,23.0,1.1485189878392759,0.00036114893770000656,1.0072323335652162,0.007232333565216242,0.00036114527431926413,0.11258596258399296,0.002066540501263437,-3.6633807424212017e-06,2,2
231,0.23100000000000018,ramp,23.1,1.1503865786418352,0.0018675908025593824,1.007286083073118,0.007286083073118066,0.0016009246535481163,0.11418688723754108,0.002075761684822688,-0.266666149011266,2,4
232,0.23200000000000018,ramp,23.2,1.1507535964348303,0.0003670177929950835,1.0072865531610513,0.007286553161051312,0.00036675266468024094,0.11455363990222132,0.0020850493925481804,-0.000265128314842582,2,2
233,0.23300000000000018,ramp,23.3,1.1526318118513785,0.0018782154165482012,1.0073401484725826,0.007340148472582575,0.0016123387331784952,0.11616597863539982,0.002094262556234244,-0.26587668336970605,2,4
234,0.23400000000000018,ramp,23.4,1.1530047306216913,0.0003729187703127579,1.0073406744480156,0.007340674448015561,0.00037239270079923216,0.11653837133619906,0.002103542120946878,-0.0005260695135257286,2,2
235,0.23500000000000018,ramp,23.5,1.1548935419258792,0.0018888113041879429,1.0073941162825368,0.007394116282536833,0.001623720473649512,0.11816209180984857,0.0021127472944485765,-0.2650908305384309,2,4
236,0.23600000000000018,ramp,23.6,1.1552723935691627,0.0003788516432834399,1.00739469803479,0.007394698034790093,0.00037806517003554345,0.11854015697988411,0.002122018745840221,-0.0007864732478964531,2,2
237,0.23700000000000018,ramp,23.7,1.157171772214452,0.0018993786452894401,1.0074479871056816,0.007447987105681619,0.0016350700847526773,0.12017522706463679,0.002131215961272496,-0.2643085605367628,2,4
238,0.23800000000000018,ramp,23.8,1.1575565884014865,0.0003848161870343425,1.007448624521359,0.007448624521358971,0.0003837698609328741,0.12055899692556966,0.0021404793314553756,-0.0010463261014684094,2,2
239,0.23900000000000018,ramp,23.9,1.159466506020701,0.0019099176192145517,1.007501761536146,0.007501761536145901,0.0016463877751401205,0.12220538470070978,0.002149668623276507,-0.2635298440744312,2,4
240,0.24000000000000019,ramp,24.0,1.1598573181992282,0.0003908121785272112,1.0075024544993199,0.007502454499319855,0.000389506563213972,0.12259489126392376,0.002158923946700767,-0.0013056153132391646,2,2
241,0.2410000000000002,ramp,24.1,1.1617777466037846,0.001920428404556418,1.0075554401597342,0.007555440159734195,0.001657673752330172,0.12425256501625392,0.0021681053516329415,-0.2627546522262459,2,4
242,0.2420000000000002,ramp,24.2,1.1621745859998884,0.0003968393961037986,1.0075561885520101,0.0075561885520101235,0.0003952750677734135,0.12464784008402734,0.002177352665008202,-0.0015643283303850837,2,2
243,0.2430000000000002,ramp,24.3,1.1641054971791311,0.0019309111792427114,1.0076090235541433,0.007609023554143279,0.001668928222712159,0.1263167683067395,0.0021865262219600314,-0.2619829565305525,2,4
244,0.2440000000000002,ramp,24.4,1.1645083947988715,0.0004028976197403278,1.0076098272546856,0.007609827254685619,0.0004010751666717169,0.1267178434734112,0.0021957655641781366,-0.001822453068610905,2,2
245,0.2450000000000002,ramp,24.5,1.1664497609194904,0.0019413661206189037,1.0076625122890337,0.007662512289033696,0.0016801513915525989,0.12839799486496378,0.0022049313141710328,-0.2612147290663048,2,4
246,0.2460000000000002,ramp,24.6,1.1668587475504848,0.00040898663099442345,1.0076633711747067,0.0076633711747067235,0.0004069066531290832,0.12880490151809287,0.00221416272623334,-0.0020799778653402337,2,2
247,0.2470000000000002,ramp,24.7,1.1688105409557323,0.0019517934052475372,1.007715906926303,0.007715906926303084,0.0016913434629996773,0.13049624498109255,0.002223320712329604,-0.2604499422478599,2,4
248,0.2480000000000002,ramp,24.8,1.1692256471686233,0.00041510621289098104,1.0077168208717484,0.007716820871748409,0.0004127693215183355,0.1309090143026109,0.0022325442372754275,-0.002336891372645535,2,2
249,0.2490000000000002,ramp,24.9,1.1711878403777745,0.001962193209151142,1.0077692080201865,0.0077692080201865465,0.0017025046400900472,0.13261151894270096,0.0022416945045096027,-0.25968856906109455,2,4
250,0.25000000000000017,ramp,25.0,1.1716090965278003,0.0004212561500258616,1.0077701768978249,0.0077701768978248875,0.0004186629673590262,0.13303018191005997,0.0022509101873476106,-0.0025931826668353867,2,2
251,0.25100000000000017,ramp,25.1,1.17358166223528,0.001972565707479612,1.0078224161174048,0.007822416117404751,0.0017136351247527752,0.13474381703481275,0.0022600527826596006,-0.25893058272683694,2,4
252,0.25200000000000017,ramp,25.2,1.1740090984636928,0.00042743622841290296,1.0078234397975794,0.007823439797579379,0.00042458738731116847,0.1351684044221239,0.0022692606703021076,-0.002848841101734496,2,2
253,0.25300000000000017,ramp,25.3,1.1759920095385468,0.0019829110748539325,1.0078755317573675,0.007875531757367549,0.0017247351178158556,0.13689313953993976,0.0022783956424727784,-0.25817595703807683,2,4
254,0.25400000000000017,ramp,25.4,1.1764256557741624,0.00043364623561559235,1.0078766101083987,0.007876610108398685,0.00043054237916958447,0.13732368191910935,0.00228759578367098,-0.0031038564460078772,2,2
255,0.25500000000000017,ramp,25.5,1.1784188852592963,0.0019932294851339183,1.0079285554722865,0.007928555472286547,0.0017358048190100684,0.1390594867381194,0.0022967231832601203,-0.2574246661238499,2,4
256,0.25600000000000017,ramp,25.6,1.178858771219933,0.00043988596063671004,1.0079296883605064,0.007929688360506448,0.0004365277418575119,0.13949601447997692,0.002305915628542809,-0.0033582187791981175,2,2
257,0.2570000000000002,ramp,25.7,1.1808622923314078,0.0020035211114748375,1.0079814877873297,0.007981487787329655,0.001746844426975193,0.14124285890695212,0.0023150355078285986,-0.2566766844996444,2,4
258,0.2580000000000002,ramp,25.8,1.181308447525304,0.000446155193896125,1.0079826750771865,0.00798267507718653,0.00044254327542009206,0.14168540218237222,0.0023242203094421716,-0.003611918476032958,2,2
259,0.2590000000000002,ramp,25.9,1.1833222336515916,0.0020137861262876644,1.0080343292207887,0.008034329220788727,0.0017578541392660545,0.14344325632163826,0.002333332722363292,-0.25593198702160985,2,4
260,0.2600000000000002,ramp,26.0,1.1837746873787998,0.00045245372720814636,1.0080355707748854,0.00803557077488537,0.0004485887810181889,0.14389184510265646,0.002342509934213494,-0.0038649461899574553,2,2
261,0.2610000000000002,ramp,26.1,1.1857987120801867,0.0020240247013869617,1.008087080284157,0.008087080284157055,0.0017688341523567541,0.14566067925501322,0.0023516149363127644,-0.25519054903020755,2,4
262,0.2620000000000002,ramp,26.2,1.1862574934341166,0.0004587813539298491,1.0080883759633,0.00808837596329992,0.00045466406092292905,0.14611534331593615,0.0023607846139089062,-0.0041172930069200385,2,2
263,0.2630000000000002,ramp,26.3,1.188291730441837,0.0020342370077204297,1.008139741482308,0.008139741482307894,0.0017797846616458338,0.14789512797758197,0.002369882262278453,-0.2544523460745959,2,4
264,0.2640000000000002,ramp,26.4,1.1887568683105325,0.00046513786869550877,1.0081410911456332,0.008141091145633217,0.0004607689185105538,0.14835589689609252,0.002379044462679096,-0.0043689501849549514,2,2
265,0.2650000000000002,ramp,26.5,1.1908012915261597,0.0020444232156271447,1.0081923133136246,0.008192313313624577,0.0017907058614616245,0.15014660275755415,0.0023881348159078943,-0.2537173541655201,2,4
266,0.2660000000000002,ramp,26.6,1.191272814593707,0.0004715230675473858,1.0081937168185606,0.008193716818560626,0.0004669031582548086,0.15061350591580897,0.002397289597667926,-0.004619909292577246,2,2
267,0.2670000000000002,ramp,26.7,1.1933273980884267,0.002054583494719653,1.008244796270132,0.008244796270131971,0.0018015979450679135,0.15241510386087687,0.002406372715790102,-0.2529855496517393,2,4
268,0.2680000000000002,ramp,26.8,1.1938053348363145,0.00047793674788776386,1.008246253472515,0.008246253472514953,0.00047306658572183677,0.1528881704465987,0.002415520138910062,-0.004870162165927089,2,2
269,0.2690000000000002,ramp,26.9,1.1958700528501154,0.002064718013800926,1.0082971908375462,0.008297190837546209,0.0018124611046689575,0.15470063155126765,0.0024245960833554495,-0.25225690913196824,2,4
270,0.2700000000000002,ramp,27.0,1.1963544315586794,0.0004843787085639928,1.0082987015916915,0.008298701591691549,0.00047925900756458535,0.15517989055883225,0.0024337362092319175,-0.005119700999407437,2,2
271,0.2710000000000002,ramp,27.1,1.1984292584997032,0.0020748269410237885,1.0083494974955214,0.008349497495521385,0.0018232955314147355,0.157003186090247,0.002442805042777879,-0.25153140960905296,2,4
272,0.2720000000000002,ramp,27.2,1.1989201072493443,0.0004908487496411151,1.008351061654218,0.00835106165421795,0.00048548023151602363,0.157488666321763,0.002451937934155209,-0.005368518125091503,2,2
273,0.2730000000000002,ramp,27.3,1.201005017693074,0.002084910443729715,1.008401716717672,0.008401716717671981,0.001834101415405736,0.15932276773716875,0.002460999720879913,-0.25080902832397906,2,4
274,0.2740000000000002,ramp,27.4,1.2015023643656861,0.0004973466726121423,1.0084033341322443,0.008403334132244256,0.0004917300663851532,0.1598144978035539,0.0024701254418039087,-0.005616606226989027,2,2
275,0.2750000000000002,ramp,27.5,1.2035973330543217,0.002094968688635568,1.0084538489716859,0.008453848971685884,0.0018448789456977986,0.16165937674925168,0.0024791802470406337,-0.25008974293776925,2,4
276,0.2760000000000002,ramp,27.6,1.204101205334538,0.0005038722802161999,1.0084555194920863,0.008455519492086339,0.0004980083220498128,0.1621573850713015,0.0024882988628129547,-0.005863958166387102,2,2
277,0.2770000000000002,ramp,27.7,1.2062062071761852,0.0021050018416473026,1.0085058947194807,0.008505894719480711,0.0018556283103085564,0.16401301338161006,0.002497346753106477,-0.2493735313387462,2,4
278,0.2780000000000002,ramp,27.8,1.2067166325526528,0.0005104253764676159,1.0085076181943402,0.008507618194340205,0.0005043148094510481,0.1645173281910611,0.002506458330240918,-0.006110567016567739,2,2
279,0.2790000000000002,ramp,27.9,1.2088316426206516,0.002115010067998746,1.0085578544173193,0.008557854417319266,0.0018663496962213553,0.16638367788728245,0.002515499373304117,-0.2486603717773907,2,4
280,0.2800000000000002,ramp,28.0,1.2093486483874456,0.000517005766794032,1.0085596306939146,0.008559630693914633,0.000510649340587942,0.1668943272278704,0.00252460397948391,-0.006356426206089957,2,2
281,0.2810000000000002,ramp,28.1,1.2114736419194645,0.002124993532018893,1.00860972851584,0.008609728515839965,0.0018770432893905876,0.168771370517261,0.002533638244156522,-0.24795024262830528,2,4
282,0.2820000000000002,ramp,28.2,1.2119972551773137,0.0005236132578492203,1.0086115574402301,0.008611557440230122,0.000517011728512175,0.16928838224577317,0.0025427359481923566,-0.006601529337045293,2,2
283,0.2830000000000002,ramp,28.3,1.2141322075747607,0.0021349523974469875,1.0086615174602362,0.008661517460236245,0.0018877092747468722,0.17117609152052005,0.002551763504400129,-0.24724312270011534,2,4
284,0.2840000000000002,ramp,28.4,1.2146624552322123,0.0005302476574515769,1.0086633988772586,0.008663398877258643,0.000523401787322047,0.1716994933078421,0.0025608543761902166,-0.00684587012952985,2,4
285,0.2850000000000002,ramp,28.5,1.2168073420595258,0.002144886827313508,1.008713221690334,0.008713221690334061,0.0018983478362018602,0.17359784114404395,0.0025698752949057596,-0.24653899111164776,2,4
286,0.2860000000000002,ramp,28.6,1.2173442508343426,0.0005369087748168244,1.0087151554436542,0.008715155443654199,0.0005298193321570303,0.17412766047620098,0.002578959405395957,-0.007089442659794073,2,4
287,0.2870000000000002,ramp,28.7,1.2194990478180754,0.0021547969837327763,1.0087648416406576,0.008764841640657606,0.0019089591566535725,0.17603661963285455,0.002587973758600279,-0.2458378270792038,2,4
288,0.2880000000000002,ramp,28.8,1.2200426442383994,0.0005435964203239774,1.0087668275727995,0.008766827572799452,0.0005362641791919908,0.17657288381204655,0.0025970511797463393,-0.0073322411319865334,2,4
289,0.2890000000000002,ramp,28.9,1.2222073272666245,0.002164683028225145,1.0088163777405659,0.008816377740565873,0.0019195434179913517,0.17849242723003791,0.0026060590403913326,-0.2451396102337933,2,4
290,0.2900000000000002,ramp,29.0,1.2227576376722467,0.0005503104056221453,1.0088184156929927,0.008818415692992687,0.0005427361456320758,0.17903516337567,0.002615129845121109,-0.0075742599900695045,2,4
291,0.2910000000000002,ramp,29.1,1.2249321827937867,0.002174545121540028,1.008867830414322,0.008867830414321931,0.0019301008011007406,0.18096526417677072,0.0026241312870934667,-0.24444432043928743,2,4
292,0.2920000000000002,ramp,29.2,1.2254892333372789,0.0005570505434921991,1.0088699202274403,0.008869920227440264,0.0005492350497073825,0.1815144992264781,0.00263319554927096,-0.00781549378481652,2,4
293,0.2930000000000002,ramp,29.3,1.2276736167608178,0.0021843834235388826,1.0089192000811742,0.008919200081174194,0.0019406314858682798,0.1834551307123464,0.0026421906473566214,-0.2437519376706028,2,4
294,0.2940000000000002,ramp,29.4,1.2282374334089214,0.0005638166481036766,1.0089213415943772,0.008921341594377186,0.0005557607106668512,0.18401089142301325,0.002651248441746288,-0.008055937436825407,2,4
295,0.2950000000000002,ramp,29.5,1.2304316315024897,0.002194198093568245,1.0089704871554928,0.008970487155492757,0.0019511356511865204,0.18596202707419976,0.0026602372715958727,-0.2430624423817244,2,4
296,0.2960000000000002,ramp,29.6,1.2310022400371408,0.0005706085346510736,1.0089726802072216,0.00897268020722164,0.000562312948774021,0.18652434002297377,0.002669288673828062,-0.00829558587705267,2,4
297,0.2970000000000002,ramp,29.7,1.233206229327173,0.0022039892900322933,1.0090216920468038,0.009021692046803809,0.0019616134749590136,0.1884859534979328,0.002678271311923111,-0.24237581507327965,2,4
298,0.2980000000000002,ramp,29.8,1.2337836553467498,0.0005774260195767766,1.0090239364745501,0.009023936474550132,0.000568891585300362,0.18905484508323314,0.0026873163984608966,-0.008534434276414671,2,4
299,0.2990000000000002,ramp,29.9,1.2359974125174324,0.0022137571706826176,1.0090728151598845,0.00907281515988445,0.0019720651341053933,0.19102691021733853,0.002696292922080849,-0.24169203657722427,2,4
300,0.3000000000000002,ramp,30.0,1.2365816814379633,0.0005842689205308726,1.009075110800244,0.009075110800244035,0.0005754964425211733,0.1916024066598597,0.0027053317701867903,-0.008772478009699304,2,4
301,0.3010000000000002,ramp,30.1,1.2388051833304339,0.0022235018924705585,1.0091238568948628,0.009123856894862836,0.001982490804566009,0.1935848974644257,0.0027143022573774345,-0.2410110879045497,2,4
302,0.3020000000000002,ramp,30.2,1.2393963203867846,0.0005911370563507212,1.0091262035835598,0.009126203583559755,0.0005821273437089224,0.1941670248081346,0.002723334945081505,-0.009009712641798798,2,4
303,0.3030000000000002,ramp,30.3,1.2416295439984162,0.002233223611631585,1.009174817647295,0.009174817647294997,0.001992890661306437,0.19615991546944103,0.002732299474623394,-0.2403329503251482,2,4
304,0.3040000000000002,ramp,30.4,1.2422275742453626,0.0005980302469463794,1.0091772152192497,0.009177215219249746,0.000588784113129891,0.19674869958257094,0.002741326080691675,-0.009246133816488353,2,4
305,0.3050000000000002,ramp,30.5,1.2444704967290305,0.002242922483667975,1.0092256978082084,0.009225697808208366,0.0020032648783233765,0.1987519644608943,0.002750284732069617,-0.23965760534459854,2,4
306,0.3060000000000002,ramp,30.6,1.2450754450424555,0.0006049483134249467,1.0092281460975179,0.009228146097517875,0.0005954665760368604,0.19934743103693117,0.0027593053359740495,-0.009481737388086341,2,4
307,0.3070000000000002,ramp,30.7,1.2473280437057759,0.002252598663320393,1.0092764977642377,0.009276497764237668,0.002013613628648314,0.2013610446655795,0.0027682581893474327,-0.23898503467207916,2,4
308,0.3080000000000002,ramp,30.8,1.2479399347838322,0.0006118910780563702,1.0092789966042448,0.009278996604244805,0.0006021745586652243,0.20196321922424473,0.0027772728712357484,-0.009716519391145869,2,4
309,0.3090000000000002,ramp,30.9,1.2502021870883426,0.0022622523045103815,1.0093272178976438,0.009327217897643791,0.0020239370843528936,0.20398715630859762,0.0027862200074088997,-0.23831522015748796,2,4
310,0.3100000000000002,ramp,31.0,1.250821045452517,0.0006188583641744128,1.00932976712095,0.009329767120950017,0.000608907888227765,0.20459606419682538,0.002795228848075718,-0.009950475946647759,2,4
311,0.3110000000000002,ramp,31.1,1.2530929290131392,0.0022718835606221344,1.009377858586413,0.009377858586413046,0.0020342354165535028,0.2066302996133789,0.002804170348470121,-0.2376481440686316,2,4
312,0.3120000000000002,ramp,31.2,1.2537187790094286,0.0006258499962894515,1.0093804580249166,0.009380458024916605,0.0006156663929092966,0.2072459660062882,0.0028131734293281264,-0.010183603380154848,2,4
313,0.3130000000000002,ramp,31.3,1.2560002715933567,0.0022814925839280686,1.0094284202043269,0.009428420204326882,0.0020445087954159427,0.20929047480170415,0.0028221093759541183,-0.2369837885121259,2,4
314,0.3140000000000002,ramp,31.4,1.2566331373934725,0.0006328658001157894,1.0094310696892619,0.009431069689261884,0.0006224499018616419,0.2099129247035658,0.0028311067790065727,-0.01041589825414755,2,4
315,0.3150000000000002,ramp,31.5,1.2589242169198074,0.0022910795263348938,1.009478903121036,0.009478903121036053,0.002054757390160389,0.21196768209372618,0.0028400372544366277,-0.23632213617450457,2,4
316,0.3160000000000002,ramp,31.6,1.2595641225219822,0.0006399056021748617,1.0094816024829767,0.009481602482976692,0.0006292582451980678,0.21259694033892426,0.002849029062249911,-0.010647356976793849,2,4
317,0.3170000000000002,ramp,31.7,1.2618647670608085,0.0023006445388262797,1.009529307702111,0.009529307702111023,0.002064981369065835,0.2146619217079901,0.0028579541495915065,-0.23566316976044452,2,4
318,0.3180000000000002,ramp,31.8,1.2625117362912668,0.0006469692304582608,1.0095320567710142,0.009532056771014208,0.0006360912539891495,0.21529801296197923,0.002866940445268812,-0.010877976469111364,2,4
319,0.31900000000000023,ramp,31.9,1.2648219240628267,0.0023101877715598906,1.0095796343091126,0.009579634309112572,0.002075180899475947,0.21737319386145518,0.0028758602281386504,-0.23500687208394352,2,4
320,0.32000000000000023,ramp,32.0,1.2654759805766054,0.0006540565137787002,1.0095824329143623,0.009582432914362338,0.0006429487602559421,0.21801614262171112,0.0028848410952935738,-0.01110775352275808,2,4
321,0.32100000000000023,ramp,32.1,1.2677956899506948,0.0023197093740894292,1.0096298832996928,0.009629883299692832,0.002085356147801435,0.22010149876951257,0.0028937556577923827,-0.23435322628799407,2,4
322,0.32200000000000023,ramp,32.2,1.268456857232845,0.0006611672821501546,1.009632731270085,0.009632731270085015,0.0006498305969689248,0.2207513293664815,0.002902731180523805,-0.011336685181229815,2,4
323,0.32300000000000023,ramp,32.3,1.270786066728085,0.00232920949524007,1.0096800550275846,0.009680055027584622,0.0020955072795261383,0.22284683664600766,0.002911640607211111,-0.23370221571393165,2,4
324,0.32400000000000023,ramp,32.4,1.2714543680946657,0.0006683013665806925,1.009682952191398,0.00968295219139792,0.0006567365980379524,0.2235035732440456,0.0029206108700779616,-0.011564768542740122,2,4
325,0.32500000000000023,ramp,32.5,1.2737930563775728,0.0023386882829070643,1.0097301498427513,0.009730149842751334,0.0021056344592123737,0.22560920770325799,0.0029295152459480204,-0.23305382369469058,2,4
326,0.32600000000000023,ramp,32.6,1.274468514976778,0.0006754585992052586,1.009733096027719,0.009733096027719101,0.0006636665983110555,0.22627287430156903,0.0029384803339453946,-0.011792000894203167,2,4
327,0.32700000000000023,ramp,32.7,1.2768166608612648,0.00234814588448673,1.0097801680913747,0.009780168091374719,0.0021157378505042277,0.22838861215207326,0.0029473797444029702,-0.23240803398250207,2,4
328,0.32800000000000024,ramp,32.8,1.2774992996744086,0.0006826388131437877,1.0097831631247514,0.00978316312475136,0.0006706204335669554,0.2290592325856402,0.002956339742937699,-0.012018379576832347,2,4
329,0.32900000000000024,ramp,32.9,1.2798568821208847,0.002357582446476103,1.0098301101159552,0.009830110115955248,0.0021258176161334645,0.23118505020177366,0.0029652342737750787,-0.2317648303426386,2,4
330,0.33000000000000024,ramp,33.0,1.2805467239635242,0.0006898418426395381,1.0098331538245497,0.009833153824549745,0.0006775979405130632,0.23186264814228671,0.002974189268642731,-0.012243902126474865,2,4
331,0.33100000000000024,ramp,33.1,1.282913722078237,0.0023669981147127483,1.0098799762553456,0.009879976255345646,0.002135873917921444,0.23399852206020816,0.002983079006016762,-0.23112419679130425,2,4
332,0.33200000000000024,ramp,33.2,1.2836107896011502,0.0006970675229132084,1.0098830684655036,0.009883068465503575,0.0006845989567784247,0.23468312101698657,0.002992029083378625,-0.012468566134783655,2,4
333,0.33300000000000024,ramp,33.3,1.2859871826353784,0.002376393034228208,1.0099297668448317,0.009929766844831711,0.0021459069167866548,0.23682902793377322,0.0030009141137884087,-0.23048611744155323,2,4
334,0.33400000000000024,ramp,33.4,1.286691498325591,0.0007043156902126757,1.009932907382496,0.009932907382496081,0.0006916233209099526,0.23752065125468316,0.0030098593601489672,-0.01269236930272308,2,4
335,0.33500000000000024,ramp,33.5,1.28907726567498,0.002385767349389001,1.0099794822161687,0.009979482216168734,0.0021559167727476544,0.23967656802743081,0.0030187397704137765,-0.2298505766413464,2,4
336,0.33600000000000024,ramp,33.6,1.2897888518569078,0.0007115861819277924,1.009982670906856,0.009982670906856006,0.0006986708723667508,0.24037523889979756,0.0030276802725990545,-0.012915309561041683,2,4
337,0.33700000000000024,ramp,33.7,1.2921839730606015,0.002395121203693673,1.0100291226976623,0.010029122697662318,0.0021659036449287595,0.2425411425447263,0.0030365561498368835,-0.22921755876491354,2,4
338,0.33800000000000024,ramp,33.8,1.2929028518968746,0.0007188788362730847,1.0100323593665284,0.010032359366528354,0.0007057414515149056,0.24324688399624123,0.003045491994972935,-0.013137384758179072,2,4
339,0.33900000000000025,ramp,33.9,1.295307306636986,0.002404454740111417,1.0100786886141715,0.010078688614171494,0.002175867691563289,0.2454227516878045,0.0030543634265796865,-0.2285870485481279,2,4
340,0.34000000000000025,ramp,34.0,1.2960335001295462,0.0007261934925602009,1.0100819730860138,0.010081973086013774,0.0007128348996258897,0.2461355865874304,0.0030632947020710517,-0.013358592934311232,2,4
341,0.34100000000000025,ramp,34.1,1.2984472682303938,0.002413768100847591,1.0101281802872153,0.010128180287215294,0.0021858090699981795,0.24832139565742858,0.0030721617756995757,-0.22795903084941135,2,4
342,0.34200000000000025,ramp,34.2,1.2991807982215287,0.0007335299911348514,1.010131512386521,0.010131512386521102,0.0007199510588677183,0.2490413467162963,0.003081088569209282,-0.01357893226713305,2,4
343,0.34300000000000025,ramp,34.3,1.301603859648612,0.0024230614270832618,1.0101775980349943,0.010177598034994295,0.0021957279366985115,0.25123707465299483,0.0030899513727493944,-0.2273334903847503,2,4
344,0.34400000000000025,ramp,34.4,1.3023447478219887,0.000740888173376808,1.010180977585886,0.010180977585886097,0.0007270897723036283,0.25196416442529845,0.0030988737721782925,-0.013798401073179745,2,4
345,0.34500000000000025,ramp,34.5,1.304777082681636,0.0024323348596473338,1.0102269421724381,0.010226942172438136,0.002205624447253663,0.2541697888725521,0.0031077323937371833,-0.22671041239367062,2,4
346,0.34600000000000025,ramp,34.6,1.3055253505631246,0.000748267881488518,1.0102303689987815,0.010230368998781492,0.0007342508838841149,0.2549040397564362,0.0031166504872043184,-0.014016997604403107,2,4
347,0.34700000000000025,ramp,34.7,1.307966939101611,0.0024415885384865277,1.0102762130112686,0.010276213011268576,0.002215498756378668,0.2571195385128149,0.003125505015086671,-0.22608978210785988,2,4
348,0.34800000000000025,ramp,34.8,1.3087226080603491,0.0007556689587380205,1.0102796869366373,0.010279686936637278,0.0007414342384459759,0.25786097275126085,0.0031344188909096615,-0.014234720292044664,2,4
349,0.34900000000000025,ramp,34.9,1.311173430663169,0.0024508226028199243,1.0103254108600586,0.01032541086005856,0.0022253510179209117,0.2600863237691818,0.003143269413598993,-0.22547158489901256,2,4
350,0.35000000000000026,ramp,35.0,1.3119365219125778,0.0007630912494087649,1.0103289317077602,0.01032893170776017,0.0007486396817048575,0.26083496345088664,0.0031521791602754632,-0.01445156770390739,2,4
351,0.35100000000000026,ramp,35.1,1.3143965591037454,0.0024600371911676078,1.0103745360242413,0.010374536024241321,0.00223518138486377,0.2630701448357504,0.0031610257664155175,-0.22485580630383786,2,4
352,0.35200000000000026,ramp,35.2,1.3151670937024458,0.0007705345987003565,1.0103781036173531,0.01037810361735314,0.0007558670602514044,0.2638260118960018,0.0031699314726036285,-0.014667538448952092,2,4
353,0.35300000000000026,ramp,35.3,1.3176363261436537,0.0024692324412078914,1.0104235888061552,0.010423588806155237,0.0022449900093310603,0.26607100190533284,0.003178774250979788,-0.2242424318768311,2,4
354,0.35400000000000026,ramp,35.4,1.3184143249964693,0.0007779988528155979,1.0104272029675454,0.010427202967545401,0.0007631162215472427,0.26683411812688007,0.0031876760054809395,-0.014882631268355213,2,4
355,0.35500000000000026,ramp,35.5,1.3208927334866924,0.002478408490223183,1.0104725695051697,0.010472569505169727,0.0022547770425915496,0.2690888951694716,0.003196515045002612,-0.2236314476316333,2,4
356,0.35600000000000026,ramp,35.6,1.3216782173454285,0.0007854838587360025,1.0104762300574708,0.010476230057470781,0.0007703870139203983,0.269859282183392,0.003205412936742618,-0.015096844815604115,2,4
357,0.35700000000000026,ramp,35.7,1.3241657828198279,0.0024875654743994335,1.0105214784176375,0.010521478417637509,0.002264542635061557,0.27212382481845354,0.0032142483264257526,-0.22302283933787634,2,4
358,0.35800000000000026,ramp,35.8,1.324958772284557,0.0007929894647291658,1.0105251851832997,0.010525185183299701,0.0007776792865602669,0.2729015041050138,0.0032231424444376104,-0.015310178168898838,2,4
359,0.35900000000000026,ramp,35.9,1.3274554758139476,0.002496703529390576,1.0105703158369614,0.010570315836961441,0.0022742869363128206,0.2751757910413266,0.003231974273386995,-0.22241659307775533,2,4
360,0.36000000000000026,ramp,36.0,1.328255991333529,0.0008005155195813796,1.010574068638274,0.010574068638274037,0.0007849928895133901,0.27596078393084,0.0032408647067940087,-0.015522630067989445,2,4
361,0.36100000000000027,ramp,36.1,1.3307618141237523,0.0025058227902232666,1.010619082053668,0.010619082053668016,0.0022840100950725912,0.27824479402591257,0.003249693064186953,-0.22181269515067534,2,4
362,0.36200000000000027,ramp,36.2,1.3315698759971526,0.0008080618734003231,1.0106228807127495,0.010622880712749527,0.0007923276736789415,0.2790371216995915,0.0032585799021851336,-0.015734199721381573,2,4
363,0.36300000000000027,ramp,36.3,1.3340847993881502,0.00251492339099757,1.010667777355412,0.010667777355412023,0.00229371225923153,0.281330833958823,0.003267404877254454,-0.2212111317660397,2,4
364,0.36400000000000027,ramp,36.4,1.334900427765078,0.000815628376927835,1.0106716216942395,0.01067162169423952,0.0007996834908041919,0.2821305174496272,0.0032762882090966385,-0.015944886123643046,2,4
365,0.36500000000000027,ramp,36.5,1.3374244332303733,0.002524005465295298,1.0107164020270414,0.010716402027041383,0.002303393575845741,0.28443391102547294,0.0032851098911150646,-0.2206118894495573,2,4
366,0.36600000000000027,ramp,36.6,1.3382476481124406,0.0008232148820672691,1.0107202918674825,0.010720291867482468,0.0008070601934797945,0.28524097121895275,0.003293989806093953,-0.016154688587474576,2,4
367,0.36700000000000027,ramp,36.7,1.3407807172583484,0.0025330691459077848,1.01076495635061,0.010764956350610033,0.002313054191142037,0.2875540254100948,0.0033028082843574126,-0.22001495476574795,2,4
368,0.36800000000000027,ramp,36.8,1.3416115384996816,0.0008308212413332683,1.0107688915143966,0.010768891514396639,0.0008144576351360143,0.2883684830452308,0.0033116848717903587,-0.016363606197253994,2,4
369,0.36900000000000027,ramp,36.9,1.3441536530646547,0.002542114564973108,1.0108134406054756,0.010813440605475622,0.0023226942505211266,0.2906911772957519,0.0033205002356032813,-0.21942031445198149,2,4
370,0.3700000000000003,ramp,37.0,1.3449921003730994,0.0008384473084446231,1.0108174209142449,0.010817420914244869,0.0008218756700391402,0.29151305296579105,0.0033293735848162528,-0.01657163840548294,2,4
371,0.3710000000000003,ramp,37.1,1.3475432422269238,0.0025511418538244346,1.010861855068261,0.010861855068261095,0.0023323138985621365,0.2938453668643532,0.003338185923475273,-0.21882795526229806,2,4
372,0.3720000000000003,ramp,37.2,1.3483893351648089,0.0008460929378850679,1.0108658803435737,0.01086588034357372,0.0008293141532844178,0.2946746810176376,0.003347056123787469,-0.016778784600650135,2,4
373,0.3730000000000003,ramp,37.3,1.3509494863080218,0.002560151143212952,1.010910200012921,0.01091020001292109,0.0023419132790280833,0.2970165942966657,0.0033558655265676545,-0.21823786418486865,2,4
374,0.3740000000000003,ramp,37.4,1.3518032442930186,0.0008537579849967614,1.01091427007628,0.010914270076280097,0.0008367729407945594,0.29785336723746025,0.003364732667276867,-0.01698504420220197,2,4
375,0.3750000000000003,ramp,37.5,1.3543723868561324,0.002569142563113802,1.0109584757108314,0.010958475710831417,0.0023514925348683026,0.3002048597723286,0.0033735392234156563,-0.21765002824549948,2,4
376,0.3760000000000003,ramp,37.6,1.355233829162269,0.0008614423061366061,1.0109625903836665,0.010962590383666537,0.0008442518893133907,0.30104911166164194,0.0033824033937836576,-0.01719041682321542,2,4
377,0.3770000000000003,ramp,37.7,1.3578119454051107,0.002578116242841766,1.0110066824307469,0.011006682430746872,0.002361051808222937,0.3034101634698649,0.003391207192467542,-0.2170644346188291,2,4
378,0.3780000000000003,ramp,37.8,1.3586810911635194,0.0008691457584086848,1.0110108415344228,0.011010841534422777,0.0008517508564033534,0.30426191432626826,0.003400068481704815,-0.017394902005331433,2,4
379,0.3790000000000003,ramp,37.9,1.3612681634745862,0.002587072311066807,1.0110548204388825,0.011054820438882507,0.002370591240428673,0.3066325055666969,0.0034088696120550136,-0.21648107063813393,2,4
380,0.3800000000000003,ramp,38.0,1.3621450316744146,0.0008768681998283512,1.011059023794774,0.011059023794774081,0.0008592697004389872,0.3074917752671359,0.0034177281093076307,-0.017598499389364024,2,4
381,0.3810000000000003,ramp,38.1,1.364741042570098,0.0025960108956835093,1.01110288999892,0.011102889998920062,0.0023801109720199775,0.30987188623915585,0.0034265266603655505,-0.2158999236635318,2,4
382,0.3820000000000003,ramp,38.2,1.3656256520594363,0.0008846094893382173,1.0111071374283596,0.01110713742835956,0.0008668082806054178,0.31073869451976127,0.0034353824547008007,-0.017801208732799504,2,4
383,0.3830000000000003,ramp,38.3,1.3682305841833653,0.0026049321239289824,1.011150891372094,0.011150891372093907,0.0023896111427349604,0.3131283056624962,0.0034441785154158515,-0.21532098119402204,2,4
384,0.3840000000000003,ramp,38.4,1.3691229536701603,0.0008923694867950527,1.0111551826964063,0.011155182696406252,0.0008743664568922239,0.3140026721193884,0.003453031695808521,-0.018003029902828746,2,4
385,0.3850000000000003,ramp,38.5,1.3717367897925363,0.0026138361223759787,1.0111988248171573,0.011198824817157282,0.0023990918915203,0.31640176401090875,0.003461825355023339,-0.21474423085567854,2,4
386,0.3860000000000003,ramp,38.6,1.3726369378452048,0.0009001480526684702,1.011203159857674,0.011203159857674061,0.0008819440900891964,0.31728370810099793,0.0034706760103429928,-0.01820396257927383,2,4
387,0.3870000000000003,ramp,38.7,1.3752596608621332,0.002622723016928452,1.0112466905904423,0.011246690590442254,0.0024085533565320807,0.31969226145753,0.0034794673567812937,-0.21416966039637142,2,4
388,0.3880000000000003,ramp,38.8,1.3761676059107097,0.0009079450485764973,1.0112510691685217,0.011251069168521699,0.0008895410417837953,0.3205818024993138,0.0034883155757787125,-0.018404006792702002,2,4
389,0.3890000000000003,ramp,38.9,1.378799198843433,0.0026315929327231924,1.011294488945935,0.011294488945934988,0.002417995675144123,0.3229997981744579,0.0034971046980323563,-0.21359725757906944,2,4
390,0.3900000000000003,ramp,39.0,1.3797149591802529,0.0009157603368199485,1.0112989108829469,0.011298910882946878,0.0008971571743545809,0.32389695534881247,0.0035059505693270775,-0.018603162465367612,2,4
391,0.3910000000000003,ramp,39.1,1.3823554051745708,0.002640445994317897,1.0113422201352402,0.011342220135240222,0.002427418983948109,0.32632437433276057,0.0035147375558437647,-0.2130270103697881,2,4
392,0.3920000000000003,ramp,39.2,1.3832789989551226,0.0009235937805518457,1.0113466852526045,0.011346685252604516,0.0009047923509690398,0.3272291666837296,0.0035235811679113042,-0.01880142958280589,2,4
393,0.3930000000000003,ramp,39.3,1.3859282812806775,0.002649282325554836,1.0113898844076534,0.011389884407653428,0.0024368234187599996,0.3296659901024896,0.003532366106981783,-0.21245890679483626,2,4
394,0.3940000000000003,ramp,39.4,1.3868597265245501,0.000931445243872675,1.0113943925268245,0.011394392526824504,0.0009124464355795322,0.3305784365380691,0.003541207548141616,-0.018998808293142808,2,4
395,0.3950000000000003,ramp,39.5,1.3895178285742171,0.0026581020496669883,1.0114374820101577,0.011437482010157707,0.002446209114622215,0.33302464565269135,0.003549990527888248,-0.21189293504477336,2,4
396,0.3960000000000003,ramp,39.6,1.390457143165705,0.0009393145914877721,1.0114420329526836,0.011442032952683645,0.0009201192929174336,0.33394476494560876,0.0035588298862916736,-0.019195298570338436,2,4
397,0.3970000000000003,ramp,39.7,1.3931240484546996,0.0026669052889947142,1.0114850131875242,0.011485013187524151,0.002455576205809265,0.33640034115141804,0.0035676109946564836,-0.2113290831854491,2,4
398,0.3980000000000003,ramp,39.8,1.3940712501440005,0.0009472016893008472,1.0114896067749777,0.011489606774977679,0.0009278107884905101,0.33732815193990856,0.0035764483582751785,-0.01939090081033712,2,4
399,0.3990000000000003,ramp,39.9,1.3967469423095216,0.002675692165521104,1.0115324781822734,0.011532478182273431,0.002464924825830732,0.3397930767657393,0.0035852276830081794,-0.2107673396903719,2,4
400,0.4000000000000003,ramp,40.0,1.39770204871309,0.0009551064035684398,1.0115371142362974,0.011537114236297441,0.0009355207885787087,0.340728597554318,0.0035940631396221973,-0.019585614989731038,2,4
401,0.4010000000000003,ramp,40.1,1.4003865115135328,0.002684462800442766,1.0115798772346671,0.011579877234667135,0.002474255107435637,0.34320285266175365,0.003602840768270425,-0.21020769300712913,2,4
402,0.4020000000000003,ramp,40.2,1.4013495401152931,0.0009630286017603407,1.0115845555770706,0.01158455557707061,0.0009432491602287229,0.34414610182198235,0.003611674405457226,-0.019779441531617734,2,4
403,0.4030000000000003,ramp,40.3,1.4040427574293766,0.0026932173140834514,1.0116272105828794,0.01162721058287941,0.0024835671826158156,0.3466296690045982,0.003620450425353704,-0.20965013146763584,2,4
404,0.4040000000000003,ramp,40.4,1.4050137255813415,0.0009709681519649571,1.0116319310354993,0.01163193103549931,0.0009509957712530099,0.3475806647758512,0.003629282330476933,-0.019972380711947256,2,4
405,0.4050000000000003,ramp,40.5,1.4077156814078526,0.0027019558265111154,1.0116744784628984,0.011674478462898374,0.002492861182609656,0.35007352595846086,0.0036380568287295465,-0.20909464390145943,2,4
406,0.4060000000000003,ramp,40.6,1.4086946063309682,0.000978924923115576,1.0116792408477089,0.011679240847708883,0.0009587604902226408,0.3510322864486835,0.0036468870889287356,-0.020164432892935288,2,4
407,0.4070000000000003,ramp,40.7,1.4114052847877607,0.0027106784567925146,1.0117216811085983,0.01172168110859828,0.0025021372379064946,0.35353442368659,0.0036556601524102414,-0.20854121888602,2,4
408,0.4080000000000003,ramp,40.8,1.4123921835726885,0.0009868987849277477,1.0117264852476926,0.011726485247692597,0.0009665431864644599,0.35450096687305443,0.0036644888545893013,-0.020355598463287827,2,4
409,0.4090000000000003,ramp,40.9,1.4151115665344864,0.002719382961797967,1.0117688184010931,0.011768818401093117,0.0025113949599263282,0.35701236183298074,0.00367326033092381,-0.2079880018716388,2,4
410,0.4100000000000003,ramp,41.0,1.4161064575782847,0.0009948910437982406,1.0117736641306423,0.011773664130642292,0.0009743450954332533,0.357986706928414,0.0036820873250434268,-0.020545948364987302,2,4
411,0.4110000000000003,ramp,41.1,1.4188345302661238,0.002728072687839145,1.0118158909063166,0.011815890906316628,0.0025206341608826756,0.36050734108929666,0.0036908575075717096,-0.20743852695646922,2,4
412,0.4120000000000003,ramp,41.2,1.4198374304790742,0.0010029002129503528,1.0118207780668853,0.011820778066885307,0.0009821647093541483,0.3614895057986508,0.003699683124740605,-0.020735503596204474,2,4
413,0.4130000000000003,ramp,41.3,1.422574177357076,0.002736746878001739,1.0118628988692187,0.011862898869218652,0.0025298558015238648,0.3640193616001747,0.0037084521368525246,-0.20689107647787422,2,4
414,0.4140000000000003,ramp,41.4,1.4235851034562002,0.001010926099124232,1.0118678272853314,0.011867827285331423,0.0009900019151100608,0.36500936351528473,0.0037172764643384937,-0.02092418401417116,2,4
415,0.4150000000000003,ramp,41.5,1.4263305091077807,0.002745405651580546,1.0119098425172577,0.011909842517257685,0.002539060008597076,0.3675484235238818,0.003726044394918357,-0.20634564298347,2,4
416,0.4160000000000003,ramp,41.6,1.4273494776762408,0.0010189685684600658,1.011914812011979,0.01191481201197897,0.0009978565864090707,0.36854628011029084,0.003734867518293503,-0.021111982050995085,2,4
417,0.4170000000000003,ramp,41.7,1.430103526800936,0.002754049124695346,1.0119567220743657,0.011956722074365711,0.0025482469088153655,0.3710945270191062,0.003743634452885718,-0.20580221587998027,2,4
418,0.4180000000000003,ramp,41.8,1.431130554293969,0.0010270274930328505,1.0119617324705694,0.01196173247056942,0.0010057285965231714,0.37210025561562937,0.0037524564571300746,-0.0212988965096791,2,4
419,0.4190000000000003,ramp,41.9,1.4338932317069264,0.002762677412957437,1.0120035377621746,0.012003537762174554,0.002557416628251205,0.3746576722438806,0.003761222480485078,-0.20526078470623235,2,4
420,0.4200000000000003,ramp,42.0,1.4349283344537476,0.0010351027468211704,1.0120085888828043,0.012008588882804316,0.0010136178192509187,0.3756712900631315,0.0037700434502520455,-0.021484927570251725,2,4
421,0.4210000000000003,ramp,42.1,1.437699625084868,0.00277129063112036,1.0120502898003503,0.012050289800350278,0.002566569292265919,0.3782378593553974,0.0037788086467655012,-0.2047213388544412,2,4
422,0.4220000000000003,ramp,42.2,1.4387428192896328,0.0010431942047648413,1.0120553814684357,0.012055381468435655,0.0010215241290746874,0.3792593834844721,0.003787628666449018,-0.021670075690153907,2,4
423,0.4230000000000003,ramp,42.3,1.4415227081831465,0.002779888893513771,1.0120969784065774,0.012096978406577419,0.0025757050255059803,0.38183508850997805,0.0037963931202471303,-0.2041838680077908,2,4
424,0.4240000000000003,ramp,42.4,1.4425740099256896,0.001051301742543087,1.012102110445329,0.01210211044532894,0.0010294474011896218,0.38286453591116765,0.0038052122739917157,-0.02185434135346521,2,4
425,0.4250000000000003,ramp,42.5,1.4453624822393951,0.0027884723137054923,1.012143603796727,0.012143603796727076,0.002584823951907086,0.3854493598630747,0.0038139760689375546,-0.20364836179840617,2,4
426,0.4260000000000003,ramp,42.6,1.446421907476163,0.0010594252367679413,1.012148776029468,0.012148776029468067,0.0010373875115066633,0.3864867473745814,0.003822794440629028,-0.022037725261278042,2,4
427,0.4270000000000003,ramp,42.7,1.4492189484808753,0.0027970410047122307,1.0121901661847292,0.012190166184729234,0.002593926194699126,0.3890806735692805,0.003831557660310835,-0.20311481001310466,2,4
428,0.4280000000000003,ramp,42.8,1.450286513045656,0.001067564564780632,1.0121953784350246,0.012195378435024606,0.001045344336650142,0.39012601790593066,0.0038403753335627716,-0.02222022813049007,2,4
429,0.4290000000000003,ramp,42.9,1.453092108124469,0.0028055950788130612,1.0122366657827562,0.012236665782756173,0.0026030118764105393,0.3927290297823412,0.003849138061277145,-0.20258320240252192,2,4
430,0.4300000000000003,ramp,43.0,1.4541678277290984,0.001075719604629377,1.0122419178743125,0.012241917874312502,0.0010533177539558487,0.39378234753629704,0.0038579551194143436,-0.02240185067352838,2,4
431,0.4310000000000003,ramp,43.1,1.4569819623767666,0.0028141346476682205,1.0122831028011405,0.012283102801140533,0.0026120811188695406,0.39639442865516655,0.0038667174381523985,-0.20205352879867997,2,4
432,0.43200000000000033,ramp,43.2,1.458065852612045,0.0010838902352783286,1.0122883945578884,0.012288394557888438,0.00106130764146597,0.3974557362966325,0.0038755339641960867,-0.0225825938123586,2,4
433,0.43300000000000033,ramp,43.3,1.4608885124344708,0.0028226598224259103,1.012329477448422,0.012329477448421944,0.0026211340432103253,0.40007687033984285,0.0038842959566280665,-0.20152577921558498,2,4
434,0.43400000000000033,ramp,43.4,1.461980588770657,0.0010920763361861319,1.0123348086944743,0.012334808694474342,0.0010693138779262017,0.40114618421776904,0.0038931120332821134,-0.022762458259930174,2,4
435,0.43500000000000033,ramp,43.5,1.4648117594840029,0.002831170713345932,1.0123757899313863,0.012375789931386327,0.0026301707698742497,0.4037763549876433,0.003901873781745805,-0.20099994347168218,2,4
436,0.43600000000000033,ramp,43.6,1.465912037271933,0.001100277787930093,1.012381160491085,0.012381160491085064,0.001077336342782117,0.4048536913304254,0.003910689491383446,-0.022941445147975834,2,4
437,0.43700000000000033,ramp,43.7,1.4687517047021406,0.002839667430207582,1.0124220404550175,0.012422040455017491,0.0026391914186123444,0.4074928827490378,0.003919451077872107,-0.20047601159523756,2,4
438,0.43800000000000033,ramp,43.8,1.4698601991736004,0.0011084944714598866,1.0124274501529635,0.012427450152963537,0.0010853749161756387,0.40857825766521344,0.003928266502524305,-0.023119555284247882,2,4
439,0.43900000000000033,ramp,43.9,1.4727083492558424,0.0028481500822419292,1.0124682292226788,0.012468229222678762,0.0026481961084889372,0.41122645377370237,0.0039370280086760585,-0.19995397375299198,2,4
440,0.44000000000000034,ramp,44.0,1.4738250755244635,0.0011167262686211377,1.0124736778836252,0.01247367788362519,0.0010934294789448637,0.41231988325264723,0.003945843230020415,-0.02329678967627393,2,4
441,0.44100000000000034,ramp,44.1,1.4766816943023102,0.002856618777846709,1.0125143564359262,0.012514356435926244,0.0026571849578837857,0.41497706821053104,0.003954604737108671,-0.19943381996292323,2,4
442,0.44200000000000034,ramp,44.2,1.4778066673643142,0.0011249730620039866,1.012519843884942,0.012519843884942095,0.0011014999126152862,0.4160785681231463,0.003963419836459465,-0.023473149388700393,2,4
443,0.44300000000000034,ramp,44.3,1.480671740989343,0.0028650736250288578,1.0125604222946503,0.012560422294650264,0.002666158084495198,0.4187447262076415,0.0039721814253835305,-0.19891554053365995,2,4
444,0.44400000000000034,ramp,44.4,1.481804975724326,0.0011332347349828353,1.0125659483570153,0.0125659483570153,0.0011095860994014429,0.41985431230704295,0.003980996483682221,-0.02364863558139245,2,4
445,0.44500000000000034,ramp,44.5,1.4846784904552655,0.0028735147309395526,1.0126064269971116,0.012606426997111564,0.0026751156053467537,0.42252942791238973,0.00398975823495933,-0.19839912559279888,2,4
446,0.44600000000000034,ramp,44.6,1.485820001626674,0.0011415111714085935,1.0126119914983644,0.01261199149836445,0.0011176879221979222,0.42364711583458764,0.0039985733327656935,-0.02382324921067127,2,4
447,0.44700000000000034,ramp,44.7,1.4887019438290565,0.0028819422023824703,1.012652370739889,0.012652370739888896,0.002684057636784955,0.4263311734713726,0.004007335326521623,-0.19788456559751516,2,4
448,0.44800000000000034,ramp,44.8,1.4898517460850802,0.0011498022560236798,1.012657973505805,0.012657973505804998,0.0011258052645822215,0.42745697873595484,0.004016150544005561,-0.023996991441458313,2,4
449,0.44900000000000034,ramp,44.9,1.4927421022304912,0.0028903561454109994,1.01269825371791,0.012698253717909891,0.002692984294486004,0.43014996303044084,0.004024912859968321,-0.1973718509249954,2,4
450,0.45000000000000034,ramp,45.0,1.4939002101047612,0.0011581078742699535,1.0127038945745883,0.012703894574588315,0.0011339380108081865,0.43128390104124903,0.004033728276901741,-0.02416986346176703,2,4
451,0.45100000000000035,ramp,45.1,1.4967989667701649,0.0028987566654037344,1.0127440761245474,0.012744076124547421,0.0027018956934559348,0.43398579673470494,0.0040424909943932484,-0.19686097194779967,2,4
452,0.45200000000000035,ramp,45.2,1.4979653946824503,0.0011664279122853838,1.012749754898287,0.012749754898286891,0.0011420860458030116,0.43512788278050796,0.004051306690143151,-0.02434186648237217,2,4
453,0.45300000000000035,ramp,45.3,1.500872538549793,0.0029071438673426986,1.01278983815154,0.01278983815153989,0.0027107919480379877,0.43783867472854593,0.004060069888072501,-0.1963519193047109,2,4
454,0.45400000000000035,ramp,45.4,1.5020473008065993,0.0011747622568063498,1.0127955546689598,0.012795554668959763,0.001150249255162369,0.4389889239837083,0.004068885941593218,-0.024513001643980837,2,4
455,0.45500000000000035,ramp,45.5,1.504962818662065,0.0029155178554656214,1.0128355399890483,0.012835539989048295,0.0027196731719146684,0.441708597155623,0.0040776496984502985,-0.19584468355095294,2,4
456,0.45600000000000035,ramp,45.6,1.506145929457397,0.0011831107953319542,1.012841294077018,0.01284129407701795,0.0011584275251482496,0.44286702468077127,0.004086466188276965,-0.024683270183704573,2,4
457,0.45700000000000035,ramp,45.7,1.5090698081908487,0.00292387873345179,1.0128811818257129,0.01288118182571285,0.0027285394781080834,0.44559556415887935,0.004095230582125521,-0.19533925534370677,2,4
458,0.45800000000000035,ramp,45.8,1.5102612816070191,0.00119147341617043,1.0128869733113925,0.012886973311392547,0.0011666207426866391,0.446762184901566,0.004104047586367895,-0.024852673483790774,2,4
459,0.45900000000000035,ramp,45.9,1.5131935082113803,0.00293222660436121,1.0129267638485748,0.01292676384857483,0.0027373909789866666,0.44949957588055267,0.004112812694839381,-0.19483562537454335,2,4
460,0.46000000000000035,ramp,46.0,1.5143933582194529,0.001199850008072545,1.0129325925594346,0.012932592559434575,0.0011748287953634825,0.45067440467591613,0.0041216302911755215,-0.025021212709062456,2,4
461,0.46100000000000035,ramp,46.1,1.5173339197901925,0.0029405615707396304,1.012972286243207,0.012972286243206899,0.0027462277862658644,0.453420632462182,0.004130396191463153,-0.19433378447376598,2,4
462,0.46200000000000035,ramp,46.2,1.51854216025087,0.0012082404606774677,1.0129781520069747,0.01297815200697472,0.0011830515714193104,0.4546036840336013,0.00413921445713313,-0.025188889258157335,2,4
463,0.46300000000000036,ramp,46.3,1.5214910439854288,0.002948883734558816,1.013017749193653,0.01301774919365295,0.0027550500110137227,0.457358734044615,0.004147981225986624,-0.1938337235450932,2,4
464,0.46400000000000036,ramp,46.4,1.5227076886495339,0.0012166446641050932,1.0130236518383993,0.013023651838399264,0.0011912889597496122,0.45855002300436465,0.0041568002377868115,-0.025355704355480967,2,4
465,0.46500000000000036,ramp,46.5,1.5256648818465908,0.0029571931970568954,1.0130631528824776,0.013063152882477613,0.002763857763653022,0.46131388076801766,0.004165567951506268,-0.19333543340387332,2,4
466,0.46600000000000036,ramp,46.6,1.526889944355973,0.0012250625093821466,1.013069092236532,0.013069092236531965,0.0011995408498957471,0.4625134216179134,0.004174387785784534,-0.025521659486399437,2,4
467,0.46700000000000036,ramp,46.7,1.5298554344150415,0.002965490059068543,1.01310849749077,0.013108497490770032,0.0027726511539659764,0.4652860727718794,0.0041831565202153035,-0.19283890510256654,2,4
468,0.46800000000000036,ramp,46.8,1.5310889283029967,0.0012334938879552393,1.013114473382793,0.013114473382793035,0.0012078071320469716,0.4664938799039264,0.004191977252864662,-0.025686755908267644,2,4
469,0.46900000000000036,ramp,46.9,1.5340627027237514,0.002973774420754749,1.013153783198167,0.013153783198166957,0.002781430291093781,0.46927531019502017,0.004200747083392639,-0.19234412966096784,2,4
470,0.47000000000000036,ramp,47.0,1.5353046414159186,0.001241938692167155,1.0131597954571125,0.013159795457112544,0.0012160876970374486,0.47049139789205763,0.004209568789847129,-0.02585099512970629,2,4
471,0.47100000000000036,ramp,47.1,1.538286687797631,0.002982046381712289,1.0131990101828516,0.013199010182851634,0.002790195283543647,0.47328159317560126,0.00421833979139313,-0.19185109816864188,2,4
472,0.47200000000000036,ramp,47.2,1.5395370846125114,0.0012503968148804834,1.013205058638011,0.013205058638011025,0.001224382436335938,0.4745059756119372,0.0042271625466217076,-0.026014378544545302,2,4
473,0.47300000000000036,ramp,47.3,1.5425273906535772,0.002990306041065871,1.0132441786216213,0.013244178621621305,0.002798946239191419,0.4773049218511286,0.004235934793637098,-0.19135980187445215,2,4
474,0.47400000000000037,ramp,47.4,1.5437862588031452,0.0012588681495679932,1.0132502631025717,0.013250263102571713,0.0012326912420500922,0.4785376130931787,0.004244758672140722,-0.026176907517901037,2,4
475,0.47500000000000037,ramp,47.5,1.5467848123003176,0.0029985534971723737,1.0132892886898126,0.013289288689812606,0.0028076832652836805,0.4813452963584624,0.004253532238602918,-0.19087023188869323,2,4
476,0.47600000000000037,ramp,47.6,1.5480521648908405,0.0012673525905229077,1.013295409026494,0.013295409026494065,0.0012410140069194252,0.48258631036538185,0.004262357314408206,-0.026338583603482478,2,4
477,0.47700000000000037,ramp,47.7,1.5510589537388664,0.0030067888480258542,1.0133343405614184,0.013334340561418356,0.002816406468440813,0.4854027168338227,0.00427113227381595,-0.19038237958504114,2,4
478,0.47800000000000037,ramp,47.8,1.5523348037714435,0.0012758500325771305,1.0133404965840753,0.013340496584075323,0.0012493506243131146,0.48665206745813583,0.0042799586204716735,-0.026499408264015832,2,4
479,0.47900000000000037,ramp,47.9,1.5553498159623855,0.0030150121909420236,1.0133793344090445,0.013379334409044485,0.0028251159546609683,0.4894771834127968,0.0042887350458413786,-0.1898962362810552,2,4
480,0.48000000000000037,ramp,48.0,1.5566341763335625,0.0012843603711769624,1.0133855259482434,0.013385525948243382,0.0012577009882255023,0.4907348844010223,0.004297562736413844,-0.026659382951460097,2,4
481,0.48100000000000037,ramp,48.1,1.5596573999562366,0.003023223622674154,1.0134242704039174,0.01342427040391736,0.0028338118293248843,0.4935686962303472,0.0043063407002747215,-0.18941179334926952,2,4
482,0.4820000000000004,ramp,48.2,1.5609502834587328,0.0012928835024961227,1.0134304972905617,0.013430497290561672,0.0012660649932738773,0.4948347612236211,0.004315169807344448,-0.026818509222245383,2,4
483,0.4830000000000004,ramp,48.3,1.5639817066982733,0.0030314232395405316,1.0134691487159417,0.013469148715941737,0.0028424941971953313,0.4976772554208164,0.004323949381735249,-0.18892904234520028,2,4
484,0.4840000000000004,ramp,48.4,1.5652831260216267,0.00130141932335337,1.0134754107812802,0.013475410781280228,0.0012744425346955645,0.498951697955512,0.0043327799773917606,-0.026976788657805464,2,4
485,0.4850000000000004,ramp,48.5,1.5683227371587527,0.0030396111371260304,1.013513969513679,0.013513969513679003,0.002851163162423465,0.5018028611179355,0.004341561233856702,-0.1884479747025652,2,4
486,0.4860000000000004,ramp,48.6,1.5696327048898513,0.0013099677310985935,1.0135202665892944,0.013520266589294394,0.0012828335083426535,0.5030856946262782,0.004350393389696195,-0.02713422275594005,2,4
487,0.4870000000000004,ramp,48.7,1.5726804923003306,0.0030477874104792857,1.013558732964375,0.013558732964374931,0.0028598188285515157,0.5059455134548296,0.00435917639928143,-0.18796858192777002,2,4
488,0.4880000000000004,ramp,48.8,1.5739990209241475,0.0013185286238168725,1.0135650648821786,0.013565064882178568,0.0012912378106803288,0.5072367512655099,0.004368010186402094,-0.027290813136543683,2,4
489,0.4890000000000004,ramp,48.9,1.5770549730785004,0.0030559521543529478,1.0136034392339688,0.013603439233968784,0.002868461298514272,0.5101052125640242,0.0043767950196518055,-0.18749085583867575,2,4
490,0.4900000000000004,ramp,49.0,1.5783820749786095,0.0013271019001090956,1.0136098058262628,0.01360980582626281,0.0012996553387861006,0.5114048679028103,0.004385630508651299,-0.02744656132299501,2,4
491,0.4910000000000004,ramp,49.1,1.5814461804412843,0.003064105462674771,1.0136480884871288,0.01364808848712884,0.002877090674642336,0.5142819585774526,0.004394417235605284,-0.187014788032435,2,4
492,0.4920000000000004,ramp,49.2,1.5827818679005476,0.0013356874592633794,1.0136544895865105,0.013654489586510499,0.001308085990340552,0.5155900445677932,0.0044032544965762165,-0.02760146892282736,2,4
493,0.4930000000000004,ramp,49.3,1.5858541153294843,0.0030722474289366364,1.0136926808872364,0.013692680887236408,0.002885707058668272,0.5184757516264615,0.00441204318676562,-0.18654037026836437,2,4
494,0.4940000000000004,ramp,49.4,1.5871984005307505,0.001344285201266171,1.0136991163266809,0.01369911632668086,0.001316529663631072,0.5197922812900926,0.004420882289293191,-0.02775553763509895,2,4
495,0.4950000000000004,ramp,49.5,1.5902787786768195,0.003080378146069096,1.0137372165964122,0.01373721659641225,0.002894310551725873,0.5226865918418184,0.0044296730117382235,-0.1860675943432229,2,4
496,0.4960000000000004,ramp,49.6,1.5916316737033878,0.0013528950265682127,1.0137436862092435,0.013743686209243489,0.0013249862575404898,0.5240115780993589,0.004438514024897321,-0.027908769027722893,2,4
497,0.4970000000000004,ramp,49.7,1.594720171409782,0.0030884977063942998,1.0137816957755295,0.013781695775529457,0.0029029012543575748,0.5269144793537165,0.004447306848103996,-0.185596452036725,2,4
498,0.4980000000000004,ramp,49.8,1.596081688246108,0.0013615168363259045,1.0137881993954418,0.013788199395441847,0.0013334556715524437,0.5282479350252689,0.004456149840455449,-0.028061164773460733,2,4
499,0.4990000000000004,ramp,49.9,1.5991782944480468,0.0030966062019388563,1.0138261185842343,0.013826118584234326,0.002911479266512163,0.531159414291781,0.004464944832412819,-0.18512693542669342,2,4
500,0.5000000000000003,ramp,50.0,1.6005484449803604,0.0013701505323135965,1.0138326560452664,0.0138326560452664,0.0013419378057435006,0.5325013520975246,0.004473789872001584,-0.02821272657009587,2,4
501,0.5010000000000003,ramp,50.1,1.6036531487042245,0.0031047037238640662,1.0138704851809481,0.013870485180948133,0.00292004468755192,0.5354213967850765,0.004482587100178888,-0.1846590363121462,2,4
502,0.5020000000000003,ramp,50.2,1.6050319447210173,0.0013787960167928048,1.0138770563175208,0.013877056317520786,0.0013504325607807685,0.5367718293458573,0.00449143425453021,-0.02836345601203629,2,4
503,0.5030000000000003,ramp,50.3,1.6081447350840778,0.003112790363060558,1.0139147957228911,0.013914795722891116,0.002928597616253758,0.5397004269621111,0.004500233785874805,-0.18419274680680012,2,4
504,0.5040000000000003,ramp,50.4,1.609532188276881,0.0013874531928030898,1.0139214003697825,0.01392140036978251,0.0013589398379181435,0.5410593668000292,0.004509083121992931,-0.028513354884946274,2,4
505,0.5050000000000003,ramp,50.5,1.6126530544866382,0.003120866209757267,1.0139590503660874,0.013959050366087355,0.0029371381508159745,0.5439965049508452,0.004517885022927258,-0.18372805894129257,2,4
506,0.5060000000000003,ramp,50.6,1.6140491764504588,0.0013961219638205513,1.0139656883584298,0.013965688358429817,0.0013674595389946888,0.5453639644898398,0.004526736607292175,-0.028662424825862468,2,4
507,0.5070000000000003,ramp,50.7,1.617178107804167,0.0031289313537081753,1.0140032492653739,0.014003249265373885,0.0029456663888531,0.5483096308786929,0.004535540943711674,-0.18326496485507543,2,4
508,0.5080000000000003,ramp,50.8,1.6185829100382128,0.001404802234045821,1.0140099204386708,0.014009920438670775,0.001375991566430874,0.5496856224451238,0.004544394842277119,-0.02881066761494704,2,4
509,0.5090000000000003,ramp,50.9,1.6217198959222618,0.0031369858840490927,1.0140473925744018,0.014047392574401796,0.0029541824274094456,0.5526398048725332,0.0045532016795482525,-0.18280345663964714,2,4
510,0.5100000000000003,ramp,51.0,1.6231333898304483,0.0014134939081864584,1.014054096764575,0.01405409676457503,0.001384535823225339,0.5540243406957585,0.004562057957739511,-0.028958084961119453,2,4
511,0.5110000000000003,ramp,51.1,1.6262784197200275,0.0031450298895792095,1.014091480445736,0.014091480445735938,0.0029626863629525373,0.556987027058711,0.004570867360697432,-0.18234352662667214,2,4
512,0.5120000000000003,ramp,51.2,1.6277006166116044,0.0014221968915768546,1.014098217489014,0.014098217489014075,0.001393092212952688,0.5583801192716636,0.004579726083409126,-0.029104678624166474,2,4
513,0.5130000000000003,ramp,51.3,1.6308536800699744,0.0031530634583700756,1.014135513030686,0.014135513030685942,0.002971178291381506,0.5613512975630451,0.004588538116355784,-0.1818851669885698,2,4
514,0.5140000000000003,ramp,51.4,1.6322845911601376,0.001430911090163134,1.0141422827637223,0.014142282763722314,0.0014016606397593736,0.5627529582028045,0.004597399347949743,-0.029250450403760272,2,4
515,0.5150000000000003,ramp,51.5,1.6354456778381676,0.003161086678030056,1.0141794904795363,0.01417949047953626,0.0029796583080301886,0.5657326165108346,0.004606214074652266,-0.18142836999986753,2,4
516,0.5160000000000003,ramp,51.6,1.6368853142485575,0.0014396364103899106,1.0141862927393435,0.014186292739343465,0.0014102410083603651,0.567142857519195,0.004615077878956325,-0.02939540202954549,2,4
517,0.5170000000000003,ramp,51.7,1.64005441388447,0.003169099635912387,1.0142234129413596,0.014223412941359648,0.0029881265076680953,0.5701309840268631,0.004623895362644335,-0.18097312824429154,2,4
518,0.5180000000000003,ramp,51.8,1.6415027866437395,0.0014483727592695672,1.0142302475653666,0.014230247565366616,0.0014188332240362342,0.5715498172508994,0.004632761802950375,-0.029539535233332997,2,4
519,0.5190000000000003,ramp,51.9,1.6446798890621839,0.0031771024184443775,1.0142672805641892,0.014267280564189244,0.0029965829845040046,0.5745464002354034,0.004641582106315744,-0.18051943394037287,2,4
520,0.5200000000000004,ramp,52.0,1.646137009106714,0.0014571200445301358,1.014274147390169,0.014274147390169079,0.001427437192633072,0.5759738374280364,0.004650451245377439,-0.0296828518970638,2,4
521,0.5210000000000004,ramp,52.1,1.6493221042185509,0.0031850951118368442,1.0143110934949306,0.014311093494930649,0.0030050278321883043,0.5789788652602247,0.004659274430571708,-0.18006727964853989,2,4
522,0.5220000000000004,ramp,52.2,1.6507879823928198,0.0014658781742689087,1.0143179923610655,0.014317992361065457,0.0014360528205559907,0.5804149180807807,0.004668146330603521,-0.02982535371291793,2,4
523,0.5230000000000004,ramp,52.3,1.6539810601944995,0.0031930778016797667,1.0143548518794152,0.014354851879415209,0.0030134611438159343,0.5834283792245967,0.004676972459236988,-0.1796166578638325,2,4
524,0.5240000000000004,ramp,52.4,1.655455707251941,0.0014746470574413806,1.0143617826242453,0.014361782624245256,0.0014446800147681048,0.5848730592393647,0.004685847181912844,-0.02996704267327582,2,4
525,0.5250000000000004,ramp,52.5,1.6586567578249731,0.003201050573032216,1.0143985558623736,0.014398555862373597,0.0030218830119319523,0.5878949422512967,0.004694676315052875,-0.17916756110026352,2,4
526,0.5260000000000004,ramp,52.6,1.6601401844282222,0.0014834266032490717,1.0144055183248586,0.01440551832485859,0.0014533186827843081,0.589348260934081,0.004703553921504597,-0.030107920464763575,2,4
527,0.5270000000000004,ramp,52.7,1.6633491979387554,0.003209013510533154,1.014442205587476,0.014442205587475998,0.003030293528531506,0.5923785544626124,0.0047123861196746485,-0.17871998200164788,2,4
528,0.5280000000000004,ramp,52.8,1.6648414146604666,0.0014922167217112925,1.0144491996069822,0.01444919960698221,0.0014619687326734175,0.5938405231952859,0.004721266670490786,-0.03024798903787499,2,4
529,0.5290000000000004,ramp,52.9,1.6680583813587657,0.003216966698299073,1.0144858011973743,0.014485801197374304,0.0030386927850629317,0.5968792159803489,0.00473010199366951,-0.17827391323614128,2,4
530,0.5300000000000004,ramp,53.0,1.6695593986819148,0.001501017323149112,1.0144928266136115,0.01449282661361151,0.0014706300730517948,0.5983498460534007,0.0047389855488941925,-0.030387250097317197,2,4
531,0.5310000000000004,ramp,53.1,1.6727843089018313,0.0032249102199164437,1.0145293428336626,0.014529342833662584,0.0030470808724317776,0.6013969269258325,0.004747824056513349,-0.17782934748466606,2,4
532,0.5320000000000004,ramp,53.2,1.6742941372205558,0.001509828318724482,1.0145363994867778,0.014536399486777762,0.0014793026130826372,0.6028762295389151,0.004756710675645582,-0.030525705641844866,2,4
533,0.5330000000000004,ramp,53.3,1.6775269813790499,0.003232844158494119,1.0145728306368647,0.014572830636864653,0.0030554578810012426,0.6059316874199163,0.0047655524265906345,-0.17738627749287664,2,4
534,0.5340000000000004,ramp,53.4,1.6790456309989383,0.001518649619888457,1.0145799183673931,0.014579918367393141,0.0014879862624697657,0.6074196736823861,0.004774442168582689,-0.030663357418691216,2,4
535,0.5350000000000004,ramp,53.5,1.6822863995956072,0.003240768596668886,1.014616264746547,0.014616264746547092,0.0030638239006012874,0.6104834975829875,0.00478328722119049,-0.17694469606759858,2,4
536,0.5360000000000004,ramp,53.6,1.6838138807344898,0.0015274811388825693,1.014623383395416,0.014623383395415912,0.0014966809314576244,0.6119801785144451,0.004792180144447921,-0.03080020742494494,2,4
537,0.5370000000000004,ramp,53.7,1.6870625643510548,0.0032486836165650512,1.0146596453012051,0.014659645301205115,0.0030721790205215697,0.6150523575349667,0.004801028556506925,-0.17650459604348157,2,4
538,0.5380000000000004,ramp,53.8,1.6885988871392654,0.0015363227882105868,1.0146667947097447,0.014666794709744746,0.0015053865308285344,0.6165577440657952,0.004809924718886936,-0.030936257382052374,2,4
539,0.5390000000000004,ramp,53.9,1.6918554764390936,0.0032565892998281942,1.0147029724384002,0.014702972438400241,0.0030805233295244177,0.6196382673953197,0.004818776547636468,-0.17606597030377655,2,4
540,0.5400000000000004,ramp,54.0,1.6934006509203783,0.0015451744812846613,1.0147101524483149,0.014710152448314862,0.0015141029718979328,0.6211523703672176,0.004827676006447676,-0.031071509386728462,2,4
541,0.5410000000000004,ramp,54.1,1.6966651366479248,0.003264485727546562,1.014746246294618,0.01474624629461796,0.0030888569158383076,0.6242412272830559,0.004836531308576772,-0.1756288117082546,2,4
542,0.5420000000000004,ramp,54.2,1.698219172779658,0.0015540361317332163,1.014753456748063,0.014753456748062943,0.0015228301665128371,0.6257640574495688,0.004845434120578912,-0.03120596522037918,2,4
543,0.5430000000000004,ramp,54.3,1.7014915457601292,0.0032723729804711166,1.0147894670054314,0.014789467005431378,0.003097179867170052,0.6288612373167388,0.00485429295222612,-0.1751931133010644,2,4
544,0.5440000000000004,ramp,54.4,1.7030544534139767,0.0015629076538474784,1.0147967077449498,0.014796707744949789,0.0015315680270476756,0.6303928053437865,0.004863199173629046,-0.03133962679980284,2,4
545,0.5450000000000004,ramp,54.5,1.7063347045527593,0.0032802511387826083,1.01483263470543,0.014832634705429948,0.0031054922707009526,0.6334982976144875,0.0048720615903823025,-0.17475886808165572,2,4
546,0.5460000000000004,ramp,54.6,1.707906493515235,0.0015717889624757841,1.0148399055739519,0.014839905573951873,0.0015403164664029266,0.6350386140808905,0.004880971276846051,-0.03147249607285754,2,4
547,0.5470000000000004,ramp,54.7,1.7111946137974494,0.0032881202822143685,1.0148757495282148,0.014875749528214799,0.003113794213090005,0.6381524082939805,0.004889837333741885,-0.1743260691243636,2,4
548,0.5480000000000004,ramp,54.8,1.712775293770366,0.0015806799729165544,1.01488305036911,0.014883050369109974,0.0015490753980032196,0.6397014836919837,0.004898750540375861,-0.031604574913334786,2,4
549,0.5490000000000004,ramp,54.9,1.7160712742602628,0.003295980489896877,1.0149188116064722,0.014918811606472238,0.003122085780478839,0.6428235694724624,0.004907620291899199,-0.17389470941803817,2,4
550,0.5500000000000004,ramp,55.0,1.7176608548614363,0.0015895806011734237,1.0149261422634943,0.014926142263494313,0.0015578447357925277,0.644381414208255,0.0049165370732625075,-0.03173586538089603,2,4
551,0.5510000000000004,ramp,55.1,1.720964686702163,0.003303831840726801,1.0149618210719105,0.014961821071910464,0.0031303670584938883,0.6475117812667489,0.004925410573346981,-0.17346478223291245,2,4
552,0.5520000000000004,ramp,55.2,1.7225631774656192,0.001598490763456084,1.0149691813892294,0.014969181389229425,0.0015666243942308678,0.6490784056609797,0.004934330983447532,-0.031866369225216344,2,4
553,0.5530000000000004,ramp,55.3,1.7258748518785703,0.0033116744129511044,1.015004778055341,0.015004778055341061,0.003138638132249454,0.6522170437932292,0.004943208285475165,-0.1730362807016504,2,4
554,0.5540000000000004,ramp,55.4,1.7274822622554238,0.0016074103768535242,1.0150121678775381,0.015012167877538118,0.0015754142882936355,0.6537924580815229,0.004952132377770045,-0.031996088559888655,2,4
555,0.5550000000000004,ramp,55.5,1.7308017705398036,0.0033195082843797685,1.0150476826866228,0.01504768268662282,0.0031468990863497462,0.6569393571678727,0.004961013534570836,-0.17260919803002228,2,4
556,0.5560000000000004,ramp,55.6,1.7324181098985558,0.0016163393587522723,1.0150551018586904,0.015055101858690412,0.0015842143334677619,0.6585235715013404,0.0049699413619665594,-0.03212502528451042,2,4
557,0.5570000000000004,ramp,55.7,1.73574544343096,0.0033273335324042197,1.0150905350947272,0.015090535094727242,0.003155150004889182,0.6616787215062296,0.004978826425819063,-0.17218352751503752,2,4
558,0.5580000000000004,ramp,55.8,1.7373707210580425,0.001625277627082422,1.0150979834620684,0.015097983462068365,0.0015930244457511608,0.6632717459519808,0.004987758040670974,-0.0322531813312613,2,4
559,0.5590000000000004,ramp,55.9,1.7407058712919548,0.0033351502339122874,1.0151333354076921,0.015133335407692128,0.0031633909714604076,0.6664351369234413,0.004996647063302079,-0.17175926245187972,2,4
560,0.5600000000000004,ramp,56.0,1.7423400963922884,0.0016342251003336195,1.015140812816127,0.015140812816127003,0.0016018445416458489,0.668036981465087,0.00500558251741527,-0.032380558687770566,2,4
561,0.5610000000000004,ramp,56.1,1.7456830548576168,0.003342958465328394,1.0151760837526782,0.015176083752678204,0.0031716220691513164,0.6712086035342384,0.005014475550000652,-0.1713363961770775,2,4
562,0.5620000000000004,ramp,56.2,1.7473262365551268,0.0016431816975099878,1.0151835900484438,0.015183590048443829,0.0016106745381588756,0.6728192780723973,0.00502341489462936,-0.03250715935111215,2,4
563,0.5630000000000004,ramp,56.3,1.7506769948577259,0.0033507583025991217,1.0152187802559605,0.015218780255960462,0.0031798433805527325,0.67599912145295,0.005032311987793459,-0.1709149220463892,2,4
564,0.5640000000000004,ramp,56.4,1.7523291421957583,0.001652147338032428,1.0152263152857162,0.015226315285716163,0.0016195143527963352,0.6776186358057463,0.0050412552736422,-0.0326329852360929,2,4
565,0.5650000000000004,ramp,56.5,1.7556876920170876,0.0033585498213293263,1.0152614250429184,0.015261425042918386,0.003188054987758937,0.6808066907935053,0.005050156477459033,-0.17049483357038914,2,4
566,0.5660000000000004,ramp,56.6,1.7573488139590392,0.00166112194195156,1.0152689886537305,0.015268988653730498,0.001628363903564878,0.6824350546970702,0.00505910375468193,-0.03275803838668199,2,4
567,0.5670000000000004,ramp,56.7,1.7607151470555724,0.003366333096533225,1.0153040182380662,0.015304018238066153,0.0031962569723676584,0.6856313116694379,0.005068009118675472,-0.1700761241655666,2,4
568,0.5680000000000004,ramp,56.8,1.7623852524853492,0.001670105429776747,1.0153116102774264,0.015311610277426446,0.0016372231089652797,0.6872685347784032,0.005076960436877641,-0.03288232081146737,2,4
569,0.5690000000000004,ramp,56.9,1.7657593606881414,0.0033741082027922698,1.0153465599650922,0.015346559965092155,0.0032044494154873228,0.6904729841938906,0.005085870010021407,-0.16965878730494696,2,4
570,0.5700000000000004,ramp,57.0,1.7674384584105391,0.0016790977223977155,1.0153541802809032,0.015354180280903185,0.001646091887992907,0.6921190760818835,0.005094825418259011,-0.0330058344048085,2,4
571,0.5710000000000004,ramp,57.1,1.7708203336248713,0.0033818752143321973,1.0153890503468013,0.01538905034680127,0.0032126323977352137,0.6953317084796187,0.005103739248977779,-0.16924281659698362,2,4
572,0.5720000000000004,ramp,57.2,1.7725084323663172,0.0016880987414458204,1.0153966987873742,0.015396698787374152,0.0016549701601318919,0.6969866786397506,0.005112698795758687,-0.033128581313928526,2,4
573,0.5730000000000004,ramp,57.3,1.775898066571132,0.003389634204814751,1.0154314895051246,0.01543148950512463,0.0032208059992451794,0.7002074846389957,0.005121616931928639,-0.16882820556957154,2,4
574,0.5740000000000004,ramp,57.4,1.777595174979937,0.0016971084088051036,1.0154391659192201,0.015439165919220121,0.0016638578453553137,0.701871342484351,0.005130580665212662,-0.03325056344978994,2,4
575,0.5750000000000004,ramp,57.5,1.7809925602274421,0.0033973852475051025,1.0154738775612067,0.015473877561206661,0.003228970299664249,0.7051003127840153,0.005139503154161562,-0.1684149478408535,2,4
576,0.5760000000000004,ramp,57.6,1.7826986868744368,0.0017061266469946545,1.01548158179799,0.015481581797990085,0.0016727548641201982,0.7067730676481355,0.005148471121361942,-0.03337178287445637,2,4
577,0.5770000000000004,ramp,57.7,1.7861038152897035,0.003405128415266745,1.0155162146353456,0.015516214635345582,0.0032371253781615845,0.7100101930262971,0.005157398009871042,-0.16800303710516043,2,4
578,0.5780000000000004,ramp,57.8,1.7878189686685664,0.0017151533788628548,1.0155239465444013,0.015523946544401257,0.001681661137365625,0.7116918541636628,0.005166370257854162,-0.03349224149722975,2,4
579,0.5790000000000004,ramp,57.9,1.7912318324490577,0.0034128637804913264,1.0155585008470087,0.015558500847008716,0.003245271313425165,0.7149371254770879,0.00517530159215768,-0.1675924670661616,2,4
580,0.5800000000000004,ramp,58.0,1.7929560209770572,0.0017241885279994928,1.0155662602783586,0.015566260278358612,0.001690576586515719,0.7166277020636036,0.005184278167244902,-0.03361194148377377,2,4
581,0.5810000000000004,ramp,58.1,1.7963766123922125,0.003420591415155272,1.0156007363148816,0.01560073631488157,0.003253408183665051,0.7198811102472686,0.0051932139930318194,-0.16718323149022107,2,4
582,0.5820000000000004,ramp,58.2,1.7981098444103911,0.0017332320181786542,1.0156085231189502,0.015608523118950224,0.0016995011334648227,0.7215806113807335,0.005202194940999556,-0.03373088471383154,2,4
583,0.5830000000000004,ramp,58.3,1.8015381558009713,0.0034283113905801965,1.0156429211567986,0.01564292115679855,0.003261536066623962,0.7248421474473574,0.005211135303414057,-0.16677532395623432,2,4
584,0.5840000000000004,ramp,58.4,1.8032804395749447,0.001742283773973341,1.0156507351844568,0.01565073518445681,0.0017084347005859963,0.7265505821479434,0.005220120669495158,-0.03384907338734467,2,4
585,0.5850000000000004,ramp,58.5,1.8067164633530588,0.003436023778114139,1.0156850554898331,0.015685055489833122,0.0032696550395677508,0.7298202371875112,0.005229065613137929,-0.16636873854638817,2,4
586,0.5860000000000004,ramp,58.6,1.808467807073163,0.0017513437201042148,1.0156928965923606,0.015692896592360617,0.001717377210724511,0.7315376143982357,0.005238055442022198,-0.03396650937970386,2,4
587,0.5870000000000004,ramp,58.7,1.8119115357213198,0.0034437286481567853,1.0157271394302827,0.0157271394302827,0.0032777651792956024,0.7348153795775313,0.005247005010951323,-0.16596346886118282,2,4
588,0.5880000000000004,ramp,58.8,1.8136719475033578,0.0017604117820380072,1.0157350074593807,0.015735007459380723,0.0017263285871951795,0.7365417081647264,0.0052559993467870035,-0.03408319484282771,2,4
589,0.5890000000000004,ramp,58.9,1.817123373574486,0.0034514260711282496,1.0157691730936034,0.015769173093603372,0.003285866562140693,0.7398275747268671,0.0052649535845184815,-0.16555950898755656,2,4
590,0.5900000000000004,ramp,59.0,1.8188928614599837,0.0017694878854976892,1.0157770679014084,0.015777067901408426,0.0017352887537806056,0.7415628634806477,0.005273952470913436,-0.03419913171708359,2,4
591,0.5910000000000004,ramp,59.1,1.8223519775765826,0.0034591161165988815,1.0158111565945391,0.015811156594539133,0.003293959263972147,0.7448568227446198,0.0052829114204233345,-0.16515685262673446,2,4
592,0.5920000000000004,ramp,59.2,1.824130549533417,0.001778571956834396,1.0158190780336165,0.015819078033616485,0.0017442576347278746,0.7466010803793477,0.005291914900445281,-0.034314322106521494,2,4
593,0.5930000000000004,ramp,59.3,1.8275973483876002,0.0034667988541832173,1.015853090047037,0.015853090047037055,0.003302043360196607,0.7499031237395443,0.00530087860417026,-0.16475549398661024,2,4
594,0.5940000000000004,ramp,59.4,1.8293850123103828,0.001787663922782512,1.0158610379703794,0.01586103797037941,0.0017532351547459816,0.7516563588942903,0.0053098867203488454,-0.0344287680365304,2,4
595,0.5950000000000004,ramp,59.5,1.832859486662982,0.0034744743525991773,1.0158949735642813,0.015894973564281267,0.0033101189257658844,0.7549664778200562,0.005318855220187909,-0.16435542683329282,2,4
596,0.5960000000000004,ramp,59.6,1.8346562503735697,0.0017967637105877898,1.0159029478252912,0.015902947825291225,0.0017622212390032168,0.7567286990590595,0.005327868014515794,-0.034542471584573076,2,4
597,0.5970000000000004,ramp,59.7,1.8381383930540447,0.0034821426804749755,1.0159368072587251,0.01593680725872515,0.0033181860351710482,0.7600468850942306,0.00533684135183048,-0.1639566453039273,2,4
598,0.5980000000000004,ramp,59.8,1.839944264301953,0.0018058712479083194,1.0159448077112518,0.01594480771125184,0.001771215813126715,0.7618181009073572,0.005345858865764432,-0.034655434781604356,2,4
599,0.5990000000000004,ramp,59.9,1.8434340682078092,0.0034898039058561814,1.0159785912420616,0.01597859124206158,0.0033262447624535785,0.7651443456698108,0.005354837081381222,-0.1635591434026029,2,4
600,0.6000000000000004,ramp,60.0,1.845249054670655,0.0018149864628458356,1.0159866177403702,0.015986617740370246,0.0017802188031971094,0.7669245644730079,0.005363859355843487,-0.034767659648726267,2,4
601,0.6010000000000004,ramp,60.1,1.8487465127671003,0.003497458096445305,1.0160203256252514,0.016020325625251353,0.0033342951811984487,0.7702588596542064,0.005372842490054687,-0.16316291524685628,2,4
602,0.6020000000000004,ramp,60.2,1.8505706220512084,0.001824109284108033,1.016028378024024,0.016028378024024015,0.001789230135749862,0.7720480897899562,0.005381869565434516,-0.03487914835817105,2,4
603,0.6030000000000004,ramp,60.3,1.854075727370704,0.0035051053194956605,1.01606201051852,0.016062010518520076,0.0033423373645446904,0.7753904271545009,0.005390857658000025,-0.16276795495097016,2,4
604,0.6040000000000004,ramp,60.4,1.8559089670113234,0.0018332396406193219,1.0160700886729002,0.016070088672900162,0.0017982497377681,0.777188676892269,0.005399889574154768,-0.03498990285122198,2,4
605,0.6050000000000004,ramp,60.5,1.8594217126531811,0.003512745641857773,1.0161036460313697,0.01610364603136971,0.0033503713851844165,0.7805390482774535,0.005408882664303085,-0.16237425667335648,2,4
606,0.6060000000000004,ramp,60.6,1.86126409011514,0.0018423774619589217,1.0161117497969134,0.016111749796913433,0.001807277536683785,0.7823463258141372,0.005417919460560057,-0.035099925275136695,2,4
607,0.6070000000000004,ramp,60.7,1.8647844692451252,0.0035203791299851517,1.0161452322725877,0.016145232272587684,0.003358397315365923,0.7857047231295031,0.005426917586990294,-0.1619818146192287,2,4
608,0.6080000000000004,ramp,60.8,1.8666359919231743,0.0018515226780491112,1.016153361505262,0.01615336150526203,0.0018163134603720477,0.7875210365898752,0.005435959302147971,-0.03520921767706346,2,4
609,0.6090000000000004,ramp,60.9,1.8701639977730604,0.0035280058498861067,1.0161867693502518,0.016186769350251762,0.00336641522689401,0.7908874518167691,0.005444962503031044,-0.16159062299209678,2,4
610,0.6100000000000004,ramp,61.0,1.8720246729923113,0.001860675219250929,1.0161949239064811,0.01619492390648114,0.0018253574371546006,0.7927128092539237,0.005454009175360583,-0.035317782096328444,2,4
611,0.6110000000000004,ramp,61.1,1.8755602988595768,0.003535625867265413,1.016228257371741,0.01622825737174094,0.0033744251911347915,0.7960872344450586,0.005463017488340704,-0.16120067613062133,2,4
612,0.6120000000000004,ramp,61.2,1.8774301338758759,0.001869835016299115,1.0162364371083576,0.01623643710835765,0.0018344093957905535,0.7979216438408492,0.005472069155588031,-0.03542562050856159,2,4
613,0.6130000000000004,ramp,61.3,1.8809733731231353,0.003543239247259411,1.0162696964437188,0.016269696443718784,0.003382427279015863,0.801304071119865,0.005481082617784724,-0.16081196824354813,2,4
614,0.6140000000000004,ramp,61.4,1.8828523751238708,0.0018790020007355412,1.0162779012180074,0.01627790121800743,0.0018434692654792921,0.8031475403853443,0.005490139317171708,-0.03553273525624912,2,4
615,0.6150000000000004,ramp,61.5,1.8864032211785653,0.0035508460546944676,1.0163110866721858,0.016311086672185837,0.0033904215610327127,0.8065379619463771,0.005499157965181382,-0.16042449366175485,2,4
616,0.6160000000000004,ramp,61.6,1.888291397282617,0.0018881761040516754,1.0163193163418345,0.016319316341834478,0.0018525369758530534,0.8083904989222301,0.0055082197334073765,-0.035639128198621924,2,4
617,0.6170000000000004,ramp,61.7,1.891849843636661,0.0035584463540441202,1.0163524281624408,0.016352428162440757,0.00339840810724468,0.8117889070294748,0.005517243603304919,-0.1600382467994402,2,4
618,0.6180000000000004,ramp,61.8,1.893747200895103,0.0018973572584419784,1.0163606825855624,0.016360682585562447,0.0018616124569813396,0.8136505194864562,0.005526310476549065,-0.03574480146063884,2,4
619,0.6190000000000004,ramp,61.9,1.8973132411043558,0.0035660402092527743,1.0163937210190797,0.016393721019079655,0.003406386987283741,0.81705690647374,0.0055353396038894526,-0.15965322196903348,2,4
620,0.6200000000000004,ramp,62.0,1.8992197865008766,0.001906545396520798,1.0164020000542646,0.01640200005426462,0.001870695639361554,0.8189276021131016,0.005544411617812151,-0.03584975715924384,2,4
621,0.6210000000000004,ramp,62.1,1.9027934141848521,0.003573627683975511,1.0164349653461036,0.01643496534610356,0.003414358270350866,0.8223419603834524,0.005553446037632484,-0.15926941362464503,2,4
622,0.6220000000000004,ramp,62.2,1.9047091546361288,0.0019157404512766263,1.016443268852317,0.01644326885231706,0.001879786453922794,0.8242217468373753,0.005562523227376615,-0.03595399735383236,2,4
623,0.6230000000000004,ramp,62.3,1.908290363477643,0.0035812088415141385,1.0164761612467594,0.016476161246759435,0.003422322025222852,0.8276440688625981,0.005571562974198096,-0.15888681629128673,2,4
624,0.6240000000000004,ramp,62.4,1.910215305833705,0.0019249423560621093,1.0164844890834495,0.01648448908344946,0.001888884832017646,0.8295329536946158,0.005580645374391617,-0.03605752404446335,2,4
625,0.6250000000000004,ramp,62.5,1.9138040895783412,0.003588783744636226,1.0165173088236918,0.016517308823691845,0.0034302783202550986,0.8329632320148709,0.005589690482221126,-0.15850542438112722,2,4
626,0.6260000000000004,ramp,62.6,1.9157382406232566,0.0019341510449153443,1.016525660850691,0.01652566085069096,0.0018979907054240967,0.834861222720295,0.005598778126978823,-0.036160339491247535,2,4
627,0.6270000000000004,ramp,62.7,1.919334593079074,0.003596352455817353,1.0165584081788845,0.016558408178884543,0.0034382272233786752,0.8382994499436737,0.00560782862931069,-0.15812523243867796,2,4
628,0.6280000000000004,ramp,62.8,1.9212779595310312,0.0019433664519572513,1.0165667842564694,0.016566784256469402,0.0019071040063414874,0.8402065539500152,0.005616921552235744,-0.036262445615763916,2,4
629,0.6290000000000004,ramp,62.9,1.924881874568121,0.0036039150370899,1.0165994594136518,0.016599459413651818,0.0034461688021075066,0.8436527227521227,0.005625977482053562,-0.15774623498239318,2,4
630,0.6300000000000004,ramp,63.0,1.9268344630800764,0.0019525885119553443,1.0166078594025474,0.016607859402547387,0.0019162246673905207,0.8455689474195132,0.00563507571623981,-0.03636384456482365,2,4
631,0.6310000000000004,ramp,63.1,1.9304459346302763,0.0036114715501998074,1.0166404626286896,0.016640462628689567,0.003454103123536713,0.8490230505430498,0.005644137106019143,-0.15736842666309436,2,4
632,0.6320000000000005,ramp,63.2,1.9324077517902514,0.001961817159975121,1.0166488863900232,0.016648886390023154,0.0019253526216074144,0.8509484031646573,0.0056532406840526525,-0.03646453836770669,2,4
633,0.6330000000000005,ramp,63.3,1.9360267738466224,0.0036190220563709907,1.0166814179240502,0.0166814179240502,0.003462030254350401,0.8544104334190077,0.0056623075657625185,-0.15699180202058968,2,4
634,0.6340000000000005,ramp,63.4,1.9379978261783086,0.0019710523316862627,1.016689865319407,0.01668986531940697,0.001934487802443075,0.8563449212214508,0.005671416519723679,-0.036564529243187684,2,4
635,0.6350000000000005,ramp,63.5,1.9416243927948438,0.003626566616535154,1.016722325399168,0.01672232539916796,0.003469950260818375,0.8598148714822692,0.005680488924828225,-0.15661635571677898,2,4
636,0.6360000000000005,ramp,63.6,1.9436046867577788,0.001980293962934976,1.0167307962905336,0.016730796290533645,0.001943630143763251,0.8617585016260324,0.0056896032862940715,-0.03666381917172474,2,4
637,0.6370000000000005,ramp,63.7,1.9472387920490202,0.0036341052912414185,1.0167631851528418,0.01676318515284181,0.0034778632087982945,0.8652363648348307,0.005698681245755451,-0.15624208244312396,2,4
638,0.6380000000000005,ramp,63.8,1.9492283340391348,0.001989541990114585,1.0167716794026471,0.01677167940264712,0.0019527795798440052,0.8671891444146747,0.005707801045801471,-0.03676241027057974,2,4
639,0.6390000000000005,ramp,63.9,1.9528699721797356,0.0036416381406008114,1.0168039972832492,0.016803997283249217,0.003485769163742353,0.870674913578417,0.005716884590080941,-0.15586897685845824,2,4
640,0.6400000000000005,ramp,64.0,1.9548687685297996,0.001998796350064058,1.0168125147543634,0.016812514754363406,0.001961936045369154,0.8726368496237862,0.005726009859282977,-0.036860304694904394,2,4
641,0.6410000000000005,ramp,64.1,1.9585179337541807,0.003649165224381079,1.0168447618879537,0.016844761887953696,0.0034936681906974094,0.8761305178144836,0.005735099018343964,-0.15549703368366966,2,4
642,0.6420000000000005,ramp,64.2,1.9605259907340233,0.0020080569798426318,1.016853302443673,0.016853302443673,0.0019710994754287814,0.8781016172899123,0.005744229786780759,-0.03695750441385032,2,4
643,0.6430000000000005,ramp,64.3,1.9641826773360722,0.0036566866020488753,1.0168854790639386,0.016885479063938558,0.0035015603543048193,0.8816031776442171,0.005753324590090074,-0.15512624774405595,2,4
644,0.6440000000000005,ramp,64.4,1.9662000011531697,0.002017323817097516,1.0168940425679815,0.01689404256798155,0.001980269805517369,0.8835834474497345,0.005762460887344934,-0.0370540115801469,2,4
645,0.6450000000000005,ramp,64.5,1.969864203485808,0.003664202332638311,1.0169261489075834,0.01692614890758337,0.00350944571880673,0.8870928931685412,0.005771561363875586,-0.15475661383158087,2,4
646,0.6460000000000005,ramp,64.6,1.9718908002856113,0.0020265967998032153,1.0169347352240947,0.01693473522409472,0.0019894469715285956,0.8890823401400698,0.005780703219038673,-0.03714982827461967,2,4
647,0.6470000000000005,ramp,64.7,1.9755625127603702,0.003671712474758948,1.0169667715146251,0.016966771514625112,0.003517324348047638,0.8925996644881175,0.005789809397272049,-0.15438812671130994,2,4
648,0.6480000000000005,ramp,64.8,1.9775983886266921,0.0020358758663219234,1.0169753805082031,0.01697538050820313,0.001998630909758607,0.894598295397876,0.005798956838942599,-0.03724495656331648,2,4
649,0.6490000000000005,ramp,64.9,1.9812776057134536,0.0036792170867614438,1.0170073469802867,0.01700734698028672,0.003525196305469397,0.8981234917033455,0.005808068746870109,-0.15402078129204663,2,4
650,0.6500000000000005,ramp,65.0,1.983322766669004,0.002045160955550518,1.0170159785159094,0.017015978515909413,0.002007821556901739,0.9001313132602472,0.005817221803158828,-0.03733939864877887,2,4
651,0.6510000000000005,ramp,65.1,1.9870094828954807,0.0036867162264766495,1.0170478753991317,0.017047875399131662,0.0035330616541223493,0.9036643749143696,0.005826339468284739,-0.15365457235430027,2,4
652,0.6520000000000005,ramp,65.2,1.9890639349019144,0.002054452006433616,1.0170565293422444,0.017056529342244442,0.0020170188500470755,0.9056813937644167,0.0058354981668157085,-0.037433156386540344,2,4
653,0.6530000000000005,ramp,65.3,1.9927581448535698,0.0036942099516554805,1.0170883568651963,0.017088356865196275,0.0035409204566642797,0.909222314221081,0.005844621616159,-0.15328949499120084,2,4
654,0.6540000000000005,ramp,65.4,1.9948218938123596,0.0020637489587898017,1.017097033081689,0.017097033081689084,0.00202622272667369,0.9112485369477548,0.00585378598407198,-0.037526232116111884,2,4
655,0.6550000000000005,ramp,65.5,1.9985235921316167,0.0037016983192570407,1.0171287914719296,0.017128791471929583,0.0035487727753622895,0.914797309723117,0.005862915244168395,-0.15292554389475121,2,4
656,0.6560000000000005,ramp,65.6,2.000596643884081,0.0020730517524643055,1.0171374898280787,0.017137489828078722,0.0020354331246554415,0.9168327428477725,0.005872085308121502,-0.03761862780886403,2,4
657,0.6570000000000005,ramp,65.7,2.0043058252703143,0.003709181386233329,1.017169179312195,0.017169179312195082,0.003556618672095258,0.9203893615198677,0.005881220405026615,-0.1525627141380709,2,4
658,0.6580000000000005,ramp,65.8,2.0063881855981993,0.0020823603278850022,1.0171778996747387,0.017177899674738706,0.0020446499822536456,0.9224340115021213,0.005890396191197829,-0.037710345631356695,2,4
659,0.6590000000000005,ramp,65.9,2.010104844807339,0.00371665920913955,1.0172095204783196,0.017209520478319584,0.0035644582083523917,0.9259984697104737,0.005899537150488837,-0.15220100078715834,2,4
660,0.6600000000000005,ramp,66.0,2.0121965194330156,0.0020916746256767205,1.0172182627143942,0.017218262714394195,0.002053873238116746,0.9280523429485905,0.0059087186845789294,-0.03780138755997463,2,4
661,0.6610000000000005,ramp,66.1,2.0159206512770047,0.0037241318439891202,1.0172498150620484,0.017249815062048368,0.003572291445241599,0.9316246343938321,0.005917865531356731,-0.15184039874752142,2,4
662,0.6620000000000005,ramp,66.2,2.018021645864033,0.002100994587028282,1.0172585790392616,0.017258579039261646,0.002063102831280161,0.9336877372251123,0.005927052838591557,-0.03789175574812117,2,4
663,0.6630000000000005,ramp,66.3,2.021753245210627,0.003731599346593839,1.0172900631546007,0.017290063154600688,0.0035801184434859122,0.9372678556685983,0.005936205597483934,-0.15148090310792683,2,4
664,0.6640000000000005,ramp,66.4,2.023863565364036,0.002110320153409173,1.0172988487409425,0.017298848740942452,0.0020723387011581467,0.9393401943697565,0.005945398702616454,-0.03798145225102642,2,4
665,0.6650000000000005,ramp,66.5,2.0276026271364582,0.0037390617724222253,1.017330264846622,0.017330264846622034,0.003587939263431225,0.9429281336331877,0.005954557397779336,-0.15112250899100044,2,4
666,0.6660000000000005,ramp,66.6,2.0297222784032547,0.002119651266796474,1.0173390719105224,0.01733907191052242,0.002081580787547774,0.9450097144207354,0.005963756325091905,-0.038070479248700044,2,4
667,0.6670000000000005,ramp,66.7,2.0334687975797108,0.0037465191764560757,1.0173704202282292,0.01737042022822921,0.0035957539650443337,0.9486054683857797,0.005972920980213046,-0.15076521141174204,2,4
668,0.6680000000000005,ramp,66.8,2.0355977854489953,0.0021289878692845043,1.01737924863856,0.017379248638559996,0.0020908290306221183,0.9506962974164018,0.0059821257535205815,-0.03815883866238601,2,4
669,0.6690000000000005,ramp,66.9,2.0393517570624553,0.0037539716134600276,1.017410529389,0.017410529388999896,0.0036035626079130006,0.9542998600243148,0.005991296391820663,-0.15040900554702702,2,4
670,0.6700000000000005,ramp,67.0,2.0414900869661583,0.0021383299037029957,1.0174193790150472,0.0174193790150472,0.0021000833709353276,0.9563999433952501,0.006000507034471809,-0.038246532767668116,2,4
671,0.6710000000000005,ramp,67.1,2.04525150610394,0.0037614191377817185,1.0174505924179693,0.017450592417969313,0.0036113652512537718,0.9600113086465039,0.006009683678707772,-0.1500538865279468,2,4
672,0.6720000000000005,ramp,67.2,2.0473991834169025,0.0021476773129625037,1.017459463129457,0.017459463129456898,0.0021093437494131,0.9621206523959169,0.006018900213589074,-0.03833356354940396,2,4
673,0.6730000000000005,ramp,67.3,2.05116804522038,0.0037688618034774635,1.0174906094036467,0.017490609403646662,0.0036191619539102764,0.9657398143498273,0.006028082886055842,-0.1496998495671871,2,4
674,0.6740000000000005,ramp,67.4,2.0533250752607977,0.0021570300404176734,1.017499501070716,0.01749950107071596,0.0021186101073517455,0.967858424457179,0.006037305335591961,-0.03841993306592795,2,4
675,0.6750000000000005,ramp,67.5,2.057101374925028,0.0037762996642305424,1.0175305804340415,0.017530580434041543,0.00362695277435467,0.9714853772315336,0.006046494058125662,-0.1493468898758725,2,4
676,0.6760000000000005,ramp,67.6,2.0592677629548715,0.002166388029843258,1.017539492927247,0.01753949292724699,0.0021278823864217702,0.9736132596179554,0.006055722444283666,-0.03850564342148784,2,4
677,0.6770000000000005,ramp,67.7,2.0630514957282293,0.003783732773357862,1.0175705055966087,0.017570505596608665,0.003634737770694521,0.97724799738865,0.006064917238263822,-0.14899500266334076,2,4
678,0.6780000000000005,ramp,67.8,2.0652272469536874,0.0021757512254581,1.0175794387869543,0.017579438786954338,0.002137160528659562,0.9793851579173095,0.0060741515825546155,-0.038590696798538375,2,4
679,0.6790000000000005,ramp,67.9,2.069018408137488,0.0037911611838006287,1.0176103849783185,0.01761038497831846,0.003642517000666402,0.9830276749179759,0.006083352468906054,-0.14864418313422684,2,4
680,0.6800000000000005,ramp,68.0,2.071203527709115,0.0021851195716271476,1.0176193387372108,0.017619338737210777,0.0021464444764673967,0.9851741193944433,0.006092592792387428,-0.03867509515975091,2,4
681,0.6810000000000005,ramp,68.1,2.075002112657435,0.00379858494831975,1.0176502186655847,0.017650218665584694,0.003650290521646912,0.9888244099160902,0.006101799791583599,-0.14829442667283788,2,4
682,0.6820000000000005,ramp,68.2,2.0771966056707107,0.002194493013275789,1.0176591928648855,0.017659192864885487,0.0021557341726147834,0.990980144088705,0.006111046114862141,-0.038758840661005496,2,4
683,0.6830000000000005,ramp,68.3,2.0810026097899073,0.0038060041191965155,1.0176900067443961,0.017690006744396136,0.0036580583906470326,0.9946382024793521,0.006120259246927279,-0.1479457285494829,2,4
684,0.6840000000000005,ramp,68.4,2.0832064812854196,0.0022038714955123773,1.017699001256351,0.017699001256350932,0.002165029560228944,0.996803232039581,0.006129511590161546,-0.038841935283433125,2,4
685,0.6850000000000005,ramp,68.5,2.0870199000338547,0.0038134187484351045,1.0177297493001598,0.017729749300159803,0.0036658206643205397,1.0004690527039015,0.006138730874672393,-0.1475980841145648,2,4
686,0.6860000000000005,ramp,68.6,2.0892331549979253,0.0022132549640705435,1.0177387639974762,0.017738763997476203,0.0021743305828035068,1.002643383286705,0.006147989257575014,-0.03892438126703668,2,4
687,0.6870000000000005,ramp,68.7,2.0930539838855724,0.003820828887647121,1.0177694464178386,0.01776944641783862,0.0036735773989609428,1.006316960685666,0.006157214713664989,-0.14725148868617804,2,4
688,0.6880000000000005,ramp,68.8,2.095276627250267,0.0022226433646945765,1.0177784811736141,0.017778481173614136,0.002183637184184463,1.0085005978698505,0.006166479155504954,-0.03900618051011365,2,4
689,0.6890000000000005,ramp,68.9,2.099104861838514,0.0038282345882469926,1.0178090981818864,0.017809098181886363,0.0036813286505061518,1.0121819265203567,0.00617571080186536,-0.14690593774084082,2,4
690,0.6900000000000005,ramp,69.0,2.1013368984822973,0.0022320366437833528,1.0178181528696646,0.017818152869664594,0.0021929493085779132,1.0143748758289346,0.006184981321471104,-0.039087335205439507,2,4
691,0.6910000000000005,ramp,69.1,2.105172534383433,0.003835635901135781,1.0178487046762537,0.017848704676253657,0.0036890744745372854,1.0180639503034719,0.0061942191763544666,-0.14656142659849558,2,4
692,0.6920000000000005,ramp,69.2,2.1074139691313585,0.002241434747925375,1.017857779170003,0.017857779170002974,0.002202266900546578,1.0202662172040184,0.006203495792116274,-0.03916784737879701,2,4
693,0.6930000000000005,ramp,69.3,2.1112570020084225,0.003843032877064001,1.0178882659844506,0.01788826598445059,0.003696814926285328,1.0239630321303037,0.00621273987333787,-0.14621795077867294,2,4
694,0.6940000000000005,ramp,69.4,2.1135078396325575,0.002250837624135027,1.017897360158535,0.017897360158535047,0.0022115899050003207,1.026174622035304,0.006222022603209698,-0.039247719134706274,2,4
695,0.6950000000000005,ramp,69.5,2.1173582651988703,0.003850425566312765,1.0179277821894603,0.01792778218946034,0.003704550060630253,1.0298791720959344,0.006231272928151401,-0.1458755056825121,2,4
696,0.6960000000000005,ramp,69.6,2.119618510418624,0.0022602452197535428,1.017936895918693,0.017936895918692963,0.002220918267203613,1.032100090363138,0.006240561789654964,-0.03932695254992968,2,4
697,0.6970000000000005,ramp,69.7,2.123476324437509,0.003857814018885186,1.0179672533738273,0.01796725337382732,0.0037122799321057014,1.0358123702952438,0.006249818375267175,-0.14553408677948476,2,4
698,0.6980000000000005,ramp,69.8,2.1257459819199416,0.0022696574824325744,1.0179763865334326,0.017976386533432587,0.0022302519327633678,1.038042622228007,0.006259113385492707,-0.039405549669206584,2,4
699,0.6990000000000005,ramp,69.9,2.1296111802045004,0.0038651982845587796,1.0180066796196168,0.018006679619616772,0.0037200045948949357,1.0417626268229019,0.006268376248296571,-0.14519368966384388,2,4
700,0.7000000000000005,ramp,70.0,2.1318902545646683,0.002279074360167943,1.0180158320852162,0.018015832085216177,0.002239590847643756,1.0440022176705457,0.006277677423906726,-0.03948351252418703,2,4
701,0.7010000000000005,ramp,70.1,2.135762832977319,0.0038725784126505403,1.0180460610084026,0.01804606100840256,0.0037277241028352693,1.047729941773381,0.006286946579997174,-0.14485430981527092,2,4
702,0.7020000000000005,ramp,70.2,2.1380513287787632,0.0022884958014444123,1.018055232656073,0.018055232656073006,0.0022489349581479644,1.049978876731529,0.006296253937229207,-0.039560843296447976,2,4
703,0.7030000000000005,ramp,70.3,2.141931283231007,0.0038799544522438723,1.0180853976213482,0.018085397621348198,0.003735438509423946,1.053714315240953,0.006305529402278007,-0.1445159428199263,2,4
704,0.7040000000000005,ramp,70.4,2.1442292049858773,0.0022979217548702024,1.0180945883275758,0.018094588327575822,0.0022582842109204445,1.0559725994518734,0.006314842956945698,-0.039637543949757985,2,4
705,0.7050000000000005,ramp,70.5,2.1481165314378963,0.0038873264520189466,1.0181246895390927,0.018124689539092742,0.003743147867817587,1.059715747319691,0.0063241247462031795,-0.14417858420135962,2,4
706,0.7060000000000005,ramp,70.6,2.15042388360741,0.00230735216951361,1.0181338991807893,0.018133899180789337,0.002267638552948159,1.061983385872639,0.006333444513701216,-0.03971361656545128,2,4
707,0.7070000000000005,ramp,70.7,2.1543185780679543,0.0038946944605444678,1.0181639368419064,0.018163936841906425,0.0037508522308332226,1.0657342381034722,0.006342732641998829,-0.1438422297112452,2,4
708,0.7080000000000005,ramp,70.8,2.15663536506271,0.002316786994755571,1.0181731652963648,0.018173165296364813,0.0022769979315585306,1.0680112360350307,0.006352058637303321,-0.03978906319704019,2,4
709,0.7090000000000005,ramp,70.9,2.1605374235884627,0.0039020585257527607,1.0182031396095255,0.018203139609525465,0.00375855165094681,1.0717697876859775,0.006361353119057339,-0.14350687480595062,2,4
710,0.7100000000000005,ramp,71.0,2.1628636497688394,0.0023262261803767004,1.0182123867545023,0.01821238675450232,0.0022863622944190886,1.0740561499803967,0.006370685356729794,-0.03986388595761175,2,4
711,0.7110000000000005,ramp,71.1,2.166773068464441,0.003909418695601463,1.0182422979213006,0.01824229792130061,0.0037662461802981523,1.0778223961606948,0.006379986205942693,-0.14317251530331088,2,4
712,0.7120000000000005,ramp,71.2,2.169108738140819,0.002335669676378327,1.0182515636349416,0.018251563634941625,0.002295731589530021,1.0801181277502248,0.006389324700131897,-0.039938086848306104,2,4
713,0.7130000000000005,ramp,71.3,2.1730255131582705,0.003916775017451357,1.018281411856098,0.018281411856098106,0.0037739358706992006,1.083892063620924,0.006398631930396161,-0.1428391467521565,2,4
714,0.7140000000000005,ramp,71.4,2.17537063059145,0.0023451174331796665,1.0182906960169626,0.01829069601696265,0.0023051057652228113,1.0861971693861467,0.006407976694841244,-0.040011667956855144,2,4
715,0.7150000000000005,ramp,71.5,2.1792947581299824,0.003924127538532218,1.0183204814923903,0.018320481492390295,0.0037816207736270087,1.0899787901597737,0.0064172903193409365,-0.14250676490520964,2,4
716,0.7160000000000005,ramp,71.6,2.1816493275315043,0.0023545694015219,1.0183297839794776,0.0183297839794776,0.002314484770162758,1.0922932749299366,0.006426641367373696,-0.04008463135914174,2,4
717,0.7170000000000005,ramp,71.7,2.1855808038372073,0.003931476305703008,1.018359506908168,0.0183595069081679,0.003789300940229031,1.0960825758701656,0.0064359613988874435,-0.14217536547397663,2,4
718,0.7180000000000005,ramp,71.8,2.187944829369586,0.0023640255323784665,1.0183688276008773,0.018368827600877324,0.002323868553345023,1.0984064444235107,0.0064453187434355365,-0.04015697903344325,2,4
719,0.7190000000000005,ramp,71.9,2.1918836507351402,0.003938821365554457,1.0183984881810344,0.0183984881810344,0.0037969764213230278,1.1022034208448337,0.006454645194339529,-0.14184494423142907,2,4
720,0.7200000000000005,ramp,72.0,2.1942571365123262,0.0023734857771859907,1.0184078269591665,0.01840782695916654,0.0023332570640964834,1.1045366779089303,0.006464008847928231,-0.04022871308950737,2,4
721,0.7210000000000005,ramp,72.1,2.1982032992766882,0.003946162764361993,1.0184374253881459,0.018437425388145856,0.003804647267396797,1.108341325176327,0.006473341730198577,-0.14151549696519647,2,4
722,0.7220000000000005,ramp,72.2,2.2005862493642896,0.0023829500876013654,1.0184467821319554,0.018446782131955386,0.0023426502520704664,1.1106839754283975,0.006482711704954237,-0.040299835530898956,2,4
723,0.7230000000000005,ramp,72.3,2.204539749912338,0.003953500548048439,1.018476318606216,0.018476318606216013,0.0038123135286182138,1.1144962889570156,0.006492051030169121,-0.14118701943022488,2,4
724,0.7240000000000005,ramp,72.4,2.206932168327973,0.002392418415634978,1.0184856931963453,0.0184856931963453,0.0023520480672361483,1.1168483370242517,0.006501427337821073,-0.040370348398829824,2,4
725,0.7250000000000005,ramp,72.5,2.2108930030902583,0.003960834762285259,1.0185151679115985,0.018515167911598462,0.0038199752548337715,1.1206683122790855,0.006510773117164541,-0.14085950745148765,2,4
726,0.7260000000000005,ramp,72.6,2.213294893803962,0.0024018907137035583,1.0185245602290844,0.01852456022908444,0.002361450459894948,1.1230297627389805,0.006520155769048195,-0.04044025380861051,2,4
727,0.7270000000000005,ramp,72.7,2.2172630592563913,0.003968165452429506,1.0185539733801665,0.01855397338016651,0.003827632495565917,1.1268573952345464,0.006529508013312036,-0.1405329568635893,2,4
728,0.7280000000000005,ramp,72.8,2.2196744261908448,0.0024113669344534294,1.0185633833065015,0.018563383306501535,0.002370857380662967,1.1292282526152093,0.006538897020371432,-0.04050955379046248,2,4
729,0.7290000000000005,ramp,72.9,2.2236499188543464,0.003975492663501612,1.01859273508743,0.01859273508742998,0.003835285300016305,1.1330635379152256,0.006548255739957551,-0.1402073634853068,2,4
730,0.7300000000000005,ramp,73.0,2.226070765885132,0.002420847030785822,1.0186021625044812,0.018602162504481212,0.0023802687804829665,1.1354438066957087,0.006557651112748276,-0.04057825030285558,2,4
731,0.7310000000000005,ramp,73.1,2.2300535823255343,0.003982816440402104,1.0186314531084688,0.01863145310846881,0.003842933717067111,1.1392867404127758,0.006567016317671596,-0.13988272333499263,2,4
732,0.7320000000000005,ramp,73.2,2.2324839132815075,0.0024303309559732256,1.0186408978985284,0.018640897898528408,0.0023896846106113544,1.141676425023387,0.006576418066363042,-0.04064634536187113,2,4
733,0.7330000000000005,ramp,73.3,2.2364740501089933,0.003990136827485724,1.018670127517952,0.01867012751795194,0.003850577795288771,1.145527002818676,0.006585789766254764,-0.13955903219695304,2,4
734,0.7340000000000005,ramp,73.4,2.2389138687727854,0.0024398186637921704,1.0186795895637255,0.018679589563725507,0.0023991048226203846,1.1479261076412963,0.006595197900632459,-0.040713841171785815,2,4
735,0.7350000000000005,ramp,73.5,2.242911322641694,0.003997453868908707,1.0187087583901724,0.018708758390172386,0.0038582175829347783,1.151784325224231,0.00660457610474234,-0.13923628597392862,2,4
736,0.7360000000000005,ramp,73.6,2.2453606327496907,0.0024493101079965385,1.0187182375747723,0.018718237574772312,0.002408529368393583,1.1541928545926246,0.006613990634211271,-0.04078073960295551,2,4
737,0.7370000000000005,ramp,73.7,2.2493654003583368,0.004004767608646098,1.0187473457990055,0.0187473457990055,0.003865853127951389,1.158058707720576,0.006623375351409464,-0.13891448069470927,2,4
738,0.7380000000000005,ramp,73.8,2.2518242056011677,0.0024588052428309304,1.0187568420059527,0.018756842005952734,0.002417958200130335,1.1604766659207062,0.006632796284996494,-0.04084704270059533,2,4
739,0.7390000000000005,ramp,73.9,2.255836283691468,0.004012078090300353,1.0187858898179332,0.018785889817933166,0.0038734844779659424,1.1643501503986722,0.006642187523777639,-0.1385936123344104,2,4
740,0.7400000000000005,ramp,74.0,2.258304587714349,0.002468304022881007,1.0187954029311646,0.01879540293116455,0.002427391270341355,1.1667775416690136,0.006651614870133961,-0.04091275253965227,2,4
741,0.7410000000000005,ramp,74.1,2.262323973071491,0.004019385357141747,1.0188243905200567,0.01882439052005669,0.00388111168030105,1.1706586533493146,0.006661012638618255,-0.13827367684069716,2,4
742,0.7420000000000005,ramp,74.2,2.2648017794745043,0.0024778064030135383,1.0188339204239119,0.018833920423911854,0.002436828531844976,1.1730954818811596,0.006670446406022651,-0.0409778711685624,2,4
743,0.7430000000000005,ramp,74.3,2.2688284689266722,0.004026689452167886,1.0188628479781092,0.01886284797810922,0.003888734781969943,1.1769842166631297,0.0066798507119597665,-0.1379546701979436,2,4
744,0.7440000000000005,ramp,74.4,2.2713157812649523,0.0024873123382800344,1.0188723945572948,0.018872394557294836,0.0024462699377656104,1.1794304866008953,0.006689290908320325,-0.041042400514423955,2,4
745,0.7450000000000006,ramp,74.5,2.275349771683163,0.004033990418210731,1.0189012622643836,0.0189012622643836,0.003896353829682044,1.1833268404305775,0.006698701759091707,-0.13763658852868715,2,4
746,0.7460000000000006,ramp,74.6,2.2778465934673062,0.0024968217841432327,1.0189108254040917,0.018910825404091725,0.0024557154415349772,1.1857825558721125,0.0067081483919488255,-0.04110634260825552,2,4
747,0.7470000000000006,ramp,74.7,2.281887881764967,0.004041288297660817,1.0189396334508376,0.0189396334508376,0.003903968869843644,1.1896865247419561,0.0067175657945705135,-0.13731942781717263,2,4
748,0.7480000000000006,ramp,74.8,2.28439421646142,0.0025063346964531164,1.0189492130366231,0.018949213036623114,0.0024651649968872764,1.1921516897388433,0.0067270188710994725,-0.04116969956583991,2,4
749,0.7490000000000006,ramp,74.9,2.2884427995941063,0.00404858313268619,1.0189779616090622,0.018977961609062177,0.00391157994855403,1.1960632696873974,0.006736442832223795,-0.13700318413216017,2,4
750,0.7500000000000006,ramp,75.0,2.2909586506252415,0.0025158510311351634,1.0189875575268637,0.018987557526863652,0.0024746185578594427,1.1985378882452569,0.006745902359237936,-0.04123247327572068,2,4
751,0.7510000000000006,ramp,75.1,2.2950145255904353,0.004055874965193773,1.0190162468102388,0.019016246810238835,0.003919187111614535,1.2024570753568713,0.006755332885156887,-0.13668785357923846,2,4
752,0.7520000000000006,ramp,75.2,2.297539896335114,0.0025253707446788454,1.0190258589464412,0.019025858946441154,0.002484076078792124,1.2049411514356634,0.006764798869110131,-0.04129466588672151,2,4
753,0.7530000000000006,ramp,75.3,2.3016030601719635,0.004063163836849348,1.0190544891251891,0.019054489125189145,0.003926790404526457,1.2088679418401898,0.0067742359657583075,-0.13637343232289142,2,4
754,0.7540000000000006,ramp,75.4,2.304137953965511,0.0025348937935474325,1.0190641173665644,0.019064117366564437,0.0024935375143192995,1.211361479354509,0.006783708412747192,-0.04135627922813301,2,4
755,0.7550000000000006,ramp,75.5,2.308208403754445,0.004070449788934116,1.0190926886243914,0.019092688624391396,0.0039343898724957,1.2152958692270048,0.00679315208570356,-0.13605991643841647,2,4
756,0.7560000000000006,ramp,75.6,2.310752823889241,0.002544420134796166,1.0191023328580844,0.01910233285808438,0.002503002819374708,1.2177988720463795,0.006802631001469468,-0.0414173154214578,2,4
757,0.7570000000000006,ramp,75.7,2.3148305567517915,0.0040777328625503095,1.0191308453779173,0.019130845377917316,0.003941985560429881,1.2217408576068094,0.0068120812559613175,-0.1357473021204288,2,4
758,0.7580000000000006,ramp,75.8,2.3173845064774126,0.002553949725621063,1.0191405054915297,0.01914050549152968,0.0025124719491869643,1.2242533295559963,0.006821566645894874,-0.0414777764340987,2,4
759,0.7590000000000006,ramp,75.9,2.3214695195758672,0.0040850130984546595,1.019168959455533,0.019168959455533097,0.0039495775129447,1.228202907068941,0.0068310234867985774,-0.13543558550995968,2,4
760,0.7600000000000006,ramp,76.0,2.3240330020994273,0.00256348252356009,1.019178635337027,0.019178635337026906,0.002521944859281266,1.2307248519282223,0.006840515355940834,-0.04153766427882413,2,4
761,0.7610000000000006,ramp,76.1,2.328125292636615,0.004092290537187626,1.019207030926598,0.019207030926597923,0.0039571657743572245,1.2346820177025795,0.006849978787786386,-0.13512476283040162,2,4
762,0.7620000000000006,ramp,76.2,2.3306983111230366,0.002573018486421663,1.0192167224643383,0.019216722464338254,0.0025314215054729676,1.2372134392080525,0.0068594771408312894,-0.041596980948695614,2,4
763,0.7630000000000006,ramp,76.3,2.3347978763420434,0.004099565219006784,1.0192450598601233,0.01924505986012326,0.003964750388703234,1.2411781895967557,0.006868947167803475,-0.13481483030355032,2,4
764,0.7640000000000006,ramp,76.4,2.3373804339142783,0.0025825575722349114,1.0192547669429133,0.01925476694291328,0.0025409018438659415,1.2437190914406218,0.00687845200910194,-0.04165572836896999,2,4
765,0.7650000000000006,ramp,76.5,2.3414872710981935,0.004106837183915246,1.019283046324825,0.019283046324825026,0.0039723313997211684,1.2476914228403428,0.006887928635043831,-0.13450578419407777,2,4
766,0.7660000000000006,ramp,76.6,2.3440793708376715,0.0025920997394779377,1.019292768841819,0.019292768841818964,0.002550385830855913,1.2502418086711988,0.006897439968604412,-0.04171390862202449,2,4
767,0.7670000000000006,ramp,76.7,2.3481934773091644,0.0041141064714929065,1.019320990388979,0.019320990388979054,0.003979908850867152,1.254221717522066,0.006906923197019426,-0.13419762062575474,2,4
768,0.7680000000000006,ramp,76.8,2.3507951222559074,0.002601644946742976,1.0193307282297557,0.019330728229755678,0.0025598734231245253,1.2567815909451905,0.006916441026512992,-0.04177152361845059,2,4
769,0.7690000000000006,ramp,76.9,2.354916495377231,0.004121373121323657,1.0193588921205943,0.019358892120594273,0.0039874827853063075,1.2607690737304968,0.006925930860567582,-0.1338903360173496,2,4
770,0.7700000000000006,ramp,77.0,2.3575276885302614,0.002611193153030378,1.0193686451751238,0.019368645175123822,0.0025693645776413347,1.263338438308138,0.0069354551893277844,-0.041828575389043096,2,4
771,0.7710000000000006,ramp,77.1,2.3616563257027954,0.004128637172533978,1.0193967515872977,0.0193967515872977,0.003995053245920866,1.267333491554059,0.006944951631855259,-0.1335839266131114,2,4
772,0.7720000000000006,ramp,77.2,2.364277070020438,0.002620744317642476,1.0194065197459614,0.019406519745961415,0.0025788592516615668,1.2699123508057206,0.006954482462882615,-0.04188506598090929,2,4
773,0.7730000000000006,ramp,77.3,2.3684129686844324,0.004135898663994553,1.019434568856397,0.01943456885639705,0.004002620275308808,1.2739149710810294,0.0069639855163829605,-0.13327838868574474,2,4
774,0.7740000000000006,ramp,77.4,2.371043267084336,0.0026302983999038076,1.0194443520099477,0.019444352009947652,0.0025883574027160453,1.2765033284837455,0.006973522852347716,-0.04194099718776234,2,4
775,0.7750000000000006,ramp,77.5,2.37518642471876,0.004143157634423744,1.0194723439948403,0.019472343994840324,0.004010183915791816,1.2805135123995373,0.006983032518993082,-0.13297371863192803,2,4
776,0.7760000000000006,ramp,77.6,2.3778262800784686,0.002639855359708676,1.0194821420344364,0.019482142034436434,0.0025978589886222207,1.2831113713881594,0.006992576362235788,-0.04199637108645527,2,4
777,0.7770000000000006,ramp,77.7,2.3819766942007226,0.00415041412225392,1.0195100770692689,0.019510077069268883,0.004017744209408464,1.287129115597568,0.00700209264387173,-0.13266991284545654,2,4
778,0.7780000000000006,ramp,77.8,2.38462610935781,0.002649415157087276,1.0195198898864497,0.019519889886449704,0.002607363967474334,1.2897364795650423,0.007011642996407677,-0.04205118961294208,2,4
779,0.7790000000000006,ramp,77.9,2.3887837775232628,0.004157668165452932,1.0195477681459717,0.0195477681459717,0.004025301197916969,1.2937617807629593,0.00702116589455557,-0.13236696753596375,2,4
780,0.7800000000000006,ramp,78.0,2.3914427552757003,0.002658977752437508,1.019557595632709,0.01955759563270898,0.0026168722976468548,1.2963786530606063,0.007030722758077346,-0.04210545479065323,2,4
781,0.7810000000000006,ramp,78.1,2.3956076750777964,0.004164919802096101,1.0195854172909127,0.019585417290912677,0.004032854922798712,1.300411507983405,0.007040252273937437,-0.1320648792973887,2,4
782,0.7820000000000006,ramp,78.2,2.3982762181841366,0.0026685431063402376,1.019595259339541,0.019595259339540982,0.0026263839377939895,1.3030378919211991,0.007049815649815989,-0.042159168546248085,2,4
783,0.7830000000000006,ramp,78.3,2.402448387253708,0.0041721690695712965,1.0196230245697613,0.019623024569761283,0.004040405425259601,1.3070782973464588,0.007059351784269947,-0.13176364431169516,2,4
784,0.7840000000000006,ramp,78.4,2.4051264984334018,0.002678111179693854,1.019632881073008,0.01963288107300798,0.0026358988468404764,1.3097141961932992,0.0070689216735590745,-0.04221233285337748,2,4
785,0.7850000000000006,ramp,78.5,2.409305914438832,0.004179416005430259,1.0196605900478082,0.01966059004780818,0.004047952746235168,1.3137621489395344,0.007078464427171679,-0.1314632591950908,2,4
786,0.7860000000000006,ramp,78.6,2.4119935963724686,0.0026876819336365543,1.0196704608988025,0.019670460898802533,0.002645416983979969,1.3164075659235144,0.007088040830608723,-0.04226494965658533,2,4
787,0.7870000000000006,ramp,78.7,2.41618025701909,0.00418666064662121,1.0196981137900818,0.019698113790081795,0.004055496926389024,1.3204630628499034,0.00709759020363215,-0.13116372023218564,2,4
788,0.7880000000000006,ramp,78.8,2.4188775123487103,0.002697255329620507,1.019707998882322,0.01970799888232211,0.0026549383086862145,1.3231180011585897,0.007107173121641973,-0.04231702093429254,2,4
789,0.7890000000000006,ramp,78.9,2.423071415378863,0.004193903030152768,1.0197355958612555,0.019735595861255506,0.0040630380061072715,1.327181039164697,0.007116729114016632,-0.13086502404549646,2,4
790,0.7900000000000006,ramp,79.0,2.4257782467081226,0.002706831329259529,1.019745495088661,0.01974549508866108,0.002664462780699662,1.3298455019453967,0.007126318546713439,-0.042368548559867325,2,4
791,0.7910000000000006,ramp,79.1,2.429979389900727,0.004201143192604562,1.0197730363257103,0.019773036325710258,0.004070576025514092,1.333916077970911,0.007135881158071622,-0.13056716709046975,2,4
792,0.7920000000000006,ramp,79.2,2.4326957997952694,0.002716409894542249,1.0197829495825705,0.01978294958257054,0.0026739903600298586,1.3365900683309409,0.0071454771052614,-0.042419534512390215,2,4
793,0.7930000000000006,ramp,79.3,2.4369041809655423,0.00420838117027289,1.0198104352475055,0.019810435247505476,0.004078111024462032,1.340668179355403,0.007155046334929336,-0.13027014581085822,2,4
794,0.7940000000000006,ramp,79.4,2.4396301719532714,0.0027259909877290767,1.0198203624285003,0.01982036242850027,0.002683521006953628,1.3433517003623565,0.007164648796112916,-0.04246998077544854,2,4
795,0.7950000000000006,ramp,79.5,2.443845788952478,0.004215616999206695,1.019847792690382,0.01984779269038195,0.004085643042537663,1.347437343404894,0.007174224643112938,-0.12997395666903155,2,4
796,0.7960000000000006,ramp,79.6,2.4465813635237623,0.0027355745712842605,1.0198577336906003,0.019857733690600288,0.002693054682012953,1.350130398086907,0.007183833617488616,-0.04251988927130761,2,4
797,0.7970000000000006,ramp,79.7,2.450804214239187,0.00422285071542472,1.0198851087178142,0.019885108717814237,0.0040931721190642315,1.3542235702059713,0.007193416080542101,-0.12967859636048815,2,4
798,0.7980000000000006,ramp,79.8,2.453549374847089,0.0027451606079020863,1.0198950634326827,0.019895063432682658,0.0027025913460131602,1.3569261615519845,0.007203031567007053,-0.04256926188892602,2,4
799,0.7990000000000006,ramp,79.9,2.4577794572014873,0.004230082354398146,1.0199223833929303,0.019922383392930287,0.004100698293102418,1.361026859845087,0.007212620644537591,-0.1293840612957278,2,4
800,0.8000000000000006,ramp,80.0,2.460534206262147,0.0027547490606596448,1.0199323517182932,0.019932351718293218,0.0027121309600272947,1.3637389908051143,0.007222242641691483,-0.04261810063235002,2,4
801,0.8010000000000006,ramp,80.1,2.464771518213718,0.0042373119515710655,1.0199596167785796,0.019959616778579603,0.004108221603444879,1.3678472124085592,0.007231838331826219,-0.12909034812618683,2,4
802,0.8020000000000006,ramp,80.2,2.467535858106475,0.0027643398927570395,1.0199695986106667,0.019969598610666717,0.0027216734853864623,1.3705688858939458,0.007241466837973222,-0.04266640737057717,2,4
803,0.8030000000000006,ramp,80.3,2.4717803976485557,0.004244539542080705,1.0199968089372955,0.019996808937295496,0.004115742088630094,1.374684627982576,0.00725106913854568,-0.1287974534506112,2,4
804,0.8040000000000006,ramp,80.4,2.474554330716244,0.002773933067688361,1.0200068041727282,0.020006804172728154,0.002731218883679822,1.3774158468662558,0.007260704151696923,-0.04271418400853899,2,4
805,0.8050000000000006,ramp,80.5,2.4788060958769527,0.004251765160708576,1.020033959931338,0.02003395993133794,0.004123259786938461,1.3815391066531943,0.007270313060249938,-0.12850537377011478,2,4
806,0.8060000000000006,ramp,80.6,2.4815896244262783,0.00278352854932562,1.0200439684671128,0.02004396846711276,0.002740767116755082,1.3842798737699493,0.007279954578126361,-0.042761432570538084,2,4
807,0.8070000000000006,ramp,80.7,2.4858486132685504,0.00425898884227216,1.0200710698226751,0.020071069822675147,0.004130774736389757,1.388410648506339,0.007289570091914216,-0.12821410588240328,2,4
808,0.8080000000000006,ramp,80.8,2.4886417395701796,0.0027931263016292007,1.0200810915561496,0.020081091556149566,0.0027503181467207587,1.3911609666530598,0.007299218111948674,-0.04280815490844206,2,4
809,0.8090000000000006,ramp,80.9,2.492907950191161,0.0042662106209814254,1.0201081386729638,0.020108138672963793,0.004138286974746466,1.3952992536278062,0.007308840227939475,-0.12792364623495905,2,4
810,0.8100000000000006,ramp,81.0,2.4957106764800514,0.0028027262888903337,1.0201181735018994,0.020118173501899372,0.0027598719359390165,1.3980591255637451,0.007318494747278983,-0.0428543529513172,2,4
811,0.8110000000000006,ramp,81.1,2.499984107011183,0.004273430531131606,1.0201451665435803,0.02014516654358034,0.004145796539518007,1.402204922103263,0.0073281234621575715,-0.12763399161359879,2,4
812,0.8120000000000006,ramp,81.2,2.5027964354867045,0.002812328475521486,1.0201552143661106,0.020155214366110563,0.002769428447027934,1.404974350550291,0.00733778447766644,-0.04290002849355193,2,4
813,0.8130000000000006,ramp,81.3,2.507077084093364,0.004280648606659554,1.0201821534956228,0.0201821534956228,0.004153303467958641,1.4091276540182496,0.007347419787836031,-0.1273451387009128,2,4
814,0.8140000000000006,ramp,81.4,2.5098990169198316,0.002821932826467588,1.0201922142102848,0.02019221421028483,0.0027789876428566088,1.4119066416611061,0.007357087296097855,-0.042945183610979244,2,4
815,0.8150000000000006,ramp,81.5,2.514186881801061,0.004287864881229453,1.0202190995899063,0.02021909958990631,0.00416080779707284,1.4160674494581789,0.007366729197683392,-0.12705708415661296,2,4
816,0.8160000000000006,ramp,81.6,2.5170184211077355,0.0028315393066744576,1.0202291730955808,0.02022917309558081,0.0027885494865432857,1.4188559989447223,0.007376403195003773,-0.04298982013117196,2,4
817,0.8170000000000006,ramp,81.7,2.5213135004959977,0.004295079388262124,1.0202560048869604,0.020256004886960444,0.004168309563618816,1.4230243085083412,0.0073860516838539225,-0.12676982464330816,2,4
818,0.8180000000000006,ramp,81.8,2.52415464837744,0.0028411478814422964,1.0202660910829218,0.020266091082921767,0.0027981139414568652,1.425822422449798,0.007395732166261859,-0.04303393998543112,2,4
819,0.8190000000000006,ramp,81.9,2.5284569405384723,0.004302292161032284,1.020292869447026,0.020292869447025907,0.004175808804098864,1.4299982312538968,0.007405387237950787,-0.1264833569334196,2,4
820,0.8200000000000006,ramp,82.0,2.5313076990547496,0.002850758516277363,1.0203029682329339,0.02030296823293387,0.0028076809712185044,1.4328059122251153,0.007415074201203308,-0.04307754505885859,2,4
821,0.8210000000000006,ramp,82.1,2.535617202287245,0.004309503232495349,1.0203296933300838,0.02032969333008383,0.00418330555476889,1.4369892177798842,0.007424735851034751,-0.12619767772645893,2,4
822,0.8220000000000006,ramp,82.2,2.5384775734641627,0.002860371176917731,1.020339804605976,0.020339804605975953,0.002817250539693561,1.4398064683195777,0.00743442929061644,-0.04312063722416992,2,4
823,0.8230000000000006,ramp,82.3,2.54279428609974,0.004316712635577424,1.0203664765958544,0.020366476595854444,0.004190799851640699,1.4439972681712183,0.0074440975136243715,-0.12591278393672514,2,4
824,0.8240000000000006,ramp,82.4,2.5456642719290157,0.0028699858292755565,1.0203766002621095,0.020376600262109523,0.002826822610994715,1.446824090782213,0.007453797424752687,-0.04316321828084146,2,4
825,0.8250000000000006,ramp,82.5,2.549988192331605,0.00432392040258911,1.02040321930374,0.020403219303740006,0.004198291730477837,1.451022382512691,0.007463472215704478,-0.1256286721112729,2,4
826,0.8260000000000006,ramp,82.6,2.5528677947714105,0.002879602439805673,1.0204133552611643,0.02041335526116428,0.002836397149476556,1.4538587796621674,0.0074731785933295145,-0.043205290329116804,2,4
827,0.8270000000000006,ramp,82.7,2.557198921337436,0.004331126566025745,1.0204399215129358,0.020439921512935832,0.004205781226807041,1.4580645608889744,0.007482859946729034,-0.12534533921870414,2,4
828,0.8280000000000006,ramp,82.8,2.5600881423122557,0.002889220974819473,1.0204500696626604,0.020450069662660386,0.002845974119736527,1.4609105350087108,0.007492572785537769,-0.04324685508294611,2,4
829,0.8290000000000006,ramp,82.9,2.564426473470133,0.004338331157877295,1.0204765832823228,0.020476583282322824,0.004213268375908347,1.4651238033846192,0.007502260695626194,-0.12506278196894835,2,4
830,0.8300000000000006,ramp,83.0,2.567325314871198,0.002898841401064889,1.020486743525868,0.02048674352586799,0.002855553486614599,1.4679793568712338,0.007511979990043779,-0.04328791445028972,2,4
831,0.8310000000000006,ramp,83.1,2.5716708490812628,0.004345534210064894,1.020513204670521,0.02051320467052098,0.0042207532128187356,1.4722001100840525,0.007521674450803008,-0.1247809972461586,2,4
832,0.8320000000000006,ramp,83.2,2.5745793127668377,0.002908463685574958,1.020523376909807,0.02052337690980699,0.0028651352151942864,1.4750652452992468,0.007531400194996005,-0.04332847038067151,2,4
833,0.8330000000000006,ramp,83.3,2.5789320485210143,0.0043527357541766065,1.0205497857359092,0.020549785735909154,0.004228235772337989,1.4792934810715848,0.007541101200150334,-0.12449998183861749,2,4
834,0.8340000000000006,ramp,83.4,2.5818501363164117,0.0029180877953973727,1.020559969873201,0.02055996987320108,0.0028747192707937247,1.4821682003423784,0.007550833388028546,-0.043368524603648075,2,4
835,0.8350000000000006,ramp,83.5,2.586210072138119,0.004359935821707239,1.0205863265365995,0.02058632653659953,0.004235716089030252,1.4864039164314087,0.0075605409310487755,-0.12421973267698685,2,4
836,0.8360000000000006,ramp,83.6,2.589137785836149,0.002927713698030132,1.0205965224745364,0.02059652247453636,0.0028843056189691847,1.4892882220503778,0.007570279556266722,-0.043408079060947444,2,4
837,0.8370000000000006,ramp,83.7,2.593504920279986,0.00436713444383674,1.020622827130452,0.02062282713045205,0.004243194197219516,1.4935314162475972,0.007579993630369817,-0.1239402466172235,2,4
838,0.8380000000000006,ramp,83.8,2.5964422616411356,0.002937341361149759,1.0206330347720394,0.02063303477203937,0.002893894225514047,1.4964253104731113,0.007589738686331224,-0.04344713563571214,2,4
839,0.8390000000000006,ramp,83.9,2.6008165932925538,0.004374331651418206,1.0206592875750529,0.020659287575052865,0.0042506701309948615,1.5006759806041061,0.007599459284484225,-0.12366152042334477,2,4
840,0.8400000000000006,ramp,84.0,2.6037635640451784,0.0029469707526246225,1.0206695068236677,0.02066950682366775,0.002903485056457882,1.503579465660564,0.0076092107643426065,-0.04348569616674036,2,4
841,0.8410000000000006,ramp,84.1,2.608145091520581,0.004381527475402436,1.0206957079277574,0.020695707927757434,0.004258143924210762,1.507837609584775,0.007618937879265289,-0.12338355119167338,2,4
842,0.8420000000000006,ramp,84.2,2.6111016933611433,0.002956601840562456,1.0207059386871484,0.02070593868714843,0.002913078078062346,1.5107506876628374,0.007628695775926397,-0.0435237625001101,2,4
843,0.8430000000000006,ramp,84.3,2.6154904153073524,0.004388721946209095,1.0207320882456348,0.020732088245634772,0.004265615610492015,1.5150163032733295,0.007638429400092797,-0.12310633571708043,2,4
844,0.8440000000000006,ramp,84.4,2.6184566499006765,0.002966234593324124,1.0207423304199277,0.02074233041992768,0.0029226732568195172,1.517938976530149,0.007648193706217426,-0.04356133650460685,2,4
845,0.8450000000000006,ramp,84.5,2.6228525649948233,0.0043959150941468295,1.0207684285855525,0.0207684285855525,0.004273085223230281,1.5222120617533792,0.00765793383185821,-0.1228298709165486,2,4
846,0.8460000000000006,ramp,84.6,2.625828433974265,0.002975868979441465,1.020778682079211,0.020778682079211075,0.002932270559449075,1.5251443323128282,0.007667704539864069,-0.04359841999238998,2,4
847,0.8470000000000006,ramp,84.7,2.6302315409237265,0.004403106949461666,1.0208047290041002,0.020804729004100242,0.004280552795588597,1.529424885108417,0.007677451158968916,-0.12255415387306921,2,4
848,0.8480000000000006,ramp,84.8,2.6332170458914383,0.002985504967711883,1.0208149937219766,0.020814993721976593,0.0029418699529127237,1.5323667550613296,0.0076872282610339,-0.04363501479915906,2,4
849,0.8490000000000006,ramp,84.9,2.637627343433407,0.004410297541968866,1.0208409895576362,0.020840989557636247,0.00428801836049483,1.5366547734218243,0.007696981365353649,-0.12227918147403576,2,4
850,0.8500000000000006,ramp,85.0,2.640622485960577,0.002995142527169925,1.0208512654049264,0.020851265404926433,0.0029514714043898374,1.5396062448262142,0.007706764853416692,-0.04367112278008765,2,4
851,0.8510000000000006,ramp,85.1,2.6450399728618503,0.004417486901273193,1.0208772103022554,0.020877210302255422,0.004295481950654578,1.5439017267768689,0.007716524434465848,-0.12200495061861528,2,4
852,0.8520000000000006,ramp,85.2,2.6480447544889816,0.0030047816271312477,1.020887497184547,0.020887497184546966,0.0029610748812917975,1.5468628016581607,0.007726314300230144,-0.04370674583945022,2,4
853,0.8530000000000006,ramp,85.3,2.6524694295459774,0.0044246750569958415,1.0209133912938353,0.020913391293835293,0.004302943598545358,1.551165745256706,0.007736080349289655,-0.12173145845048322,2,4
854,0.8540000000000006,ramp,85.4,2.655483851782927,0.0030144222369496987,1.0209236891170577,0.020923689117057664,0.0029706803512535977,1.5541364256079597,0.00774587658422411,-0.04374188569610101,2,4
855,0.8550000000000006,ramp,85.5,2.659915713821258,0.004431862038330792,1.020949532588018,0.020949532588018016,0.004310403336420813,1.5584468289443805,0.007755649092341607,-0.12145870190997855,2,4
856,0.8560000000000006,ramp,85.6,2.6629397781476483,0.003024064326390352,1.0209598412584553,0.020959841258455292,0.0029802877821305386,1.561427116726511,0.007765451687684662,-0.043776544259813574,2,4
857,0.8570000000000007,ramp,85.7,2.6673788260219427,0.004439047874294388,1.0209856342401515,0.02098563424015154,0.004317861196314453,1.5657449779228254,0.00777523064567889,-0.12118667797993576,2,4
858,0.8580000000000007,ramp,85.8,2.6704125338872378,0.00303370786529511,1.0209959536644861,0.020995953664486144,0.002989897142007868,1.5687348750648333,0.007785039592438311,-0.04381072328724176,2,4
859,0.8590000000000007,ramp,85.9,2.674858766481042,0.004446232593804389,1.021021696305465,0.02102169630546502,0.004325317210029607,1.573060192274863,0.007794824990900969,-0.120915383774782,2,4
860,0.8600000000000007,ramp,86.0,2.677902119304815,0.0030433528237727714,1.0210320263906918,0.021032026390691794,0.0029995083991899625,1.576059700674053,0.007804640279858111,-0.043844424582808926,2,4
861,0.8610000000000007,ramp,86.1,2.682355535530311,0.00445341622549611,1.0210577188388192,0.02105771883881924,0.004332771409150117,1.5803924720832032,0.007814432109154694,-0.12064481634599301,2,4
862,0.8620000000000007,ramp,86.2,2.685408534702597,0.003052999172286075,1.0210680594923303,0.02106805949233026,0.0030091215222046446,1.5834015936054078,0.007824253730865758,-0.043877650081430415,2,4
863,0.8630000000000007,ramp,86.3,2.689869133500367,0.0044605987977699435,1.0210937018949502,0.02109370189495019,0.004340223825042639,1.5877418174304505,0.007834051981139362,-0.12037497272730444,2,4
864,0.8640000000000007,ramp,86.4,2.692931780381619,0.003062646881252018,1.0211040530244797,0.021104053024479708,0.0030187364797958217,1.5907605539102463,0.007843879925937646,-0.04391040145619628,2,4
865,0.8650000000000007,ramp,86.5,2.697399560720532,0.004467780338913041,1.0211296455283188,0.021129645528318752,0.00434767448885319,1.5951082283990994,0.007853684587109853,-0.1201058500598512,2,4
866,0.8660000000000007,ramp,86.6,2.7004718566420136,0.003072295921481505,1.0211400070419292,0.0211400070419292,0.00302835324092464,1.598136581640024,0.007863518845108185,-0.043942680556864705,2,4
867,0.8670000000000007,ramp,86.7,2.7049468175188847,0.004474960876871048,1.0211655497931544,0.021165549793154437,0.004355123431514052,1.602491705071538,0.00787332990688253,-0.11983744535699631,2,4
868,0.8680000000000007,ramp,86.8,2.708028763782908,0.003081946264023472,1.0211759215993128,0.021175921599312808,0.0030379717747692127,1.6055296768463072,0.00788317046797575,-0.04397448925425908,2,4
869,0.8690000000000007,ramp,86.9,2.7125109042224977,0.00448214043958961,1.0212014147434667,0.021201414743466707,0.004362570683736172,1.6098922475300435,0.007892987919838149,-0.11956975585343792,2,4
870,0.8700000000000007,ramp,87.0,2.7156025021024717,0.0030915978799739285,1.0212117967509848,0.021211796750984835,0.003047592050726854,1.6129398395807704,0.007902834773704404,-0.04400582924707439,2,4
871,0.8710000000000007,ramp,87.1,2.7200918211569767,0.004489319054505003,1.0212372404330652,0.021237240433065185,0.0043700162760176705,1.617309855856788,0.007912658604927389,-0.1193027784873327,2,4
872,0.8720000000000007,ramp,87.2,2.7231930718978035,0.0031012507408267886,1.0212476325510917,0.021247632551091744,0.003057214038409346,1.6203670698951973,0.007922511741030423,-0.04403670241744269,2,4
873,0.8730000000000007,ramp,87.3,2.7276895686470444,0.004496496749240908,1.0212730269154957,0.021273026915495707,0.004377460238640377,1.6247445301338377,0.007932341940673666,-0.11903651060053091,2,4
874,0.8740000000000007,ramp,87.4,2.7308004734651625,0.0031109048181181542,1.0212834290535513,0.021283429053551295,0.003066837707636405,1.627811367841474,0.007942201348265895,-0.044067110481749244,2,4
875,0.8750000000000007,ramp,87.5,2.735304147016101,0.004503673550938281,1.0213087742441427,0.02130877424414268,0.004384902601677486,1.6321962704431516,0.00795203790517913,-0.11877094926079478,2,4
876,0.8760000000000007,ramp,87.6,2.738424707099818,0.0031205600837171943,1.0213191863120783,0.021319186312078298,0.0030764630284440347,1.6352727334715957,0.007961903573302813,-0.04409705527315963,2,4
877,0.8770000000000007,ramp,87.7,2.742935556586475,0.004510849486656809,1.0213444824721332,0.021344482472133164,0.004392343394990964,1.6396650768665868,0.007971746476127308,-0.11850609166584504,2,4
878,0.8780000000000007,ramp,87.8,2.7460657730960856,0.0031302165096107615,1.0213549043801613,0.0213549043801613,0.0030860899710765683,1.6427511668376633,0.007981618393616855,-0.04412653853419317,2,4
879,0.8790000000000007,ramp,87.9,2.7505837976792518,0.004518024583166191,1.0213801516523666,0.02138015165236662,0.004399782648226593,1.6471509494858898,0.007991467630788448,-0.11824193493959866,2,4
880,0.8800000000000007,ramp,88.0,2.753723671747303,0.0031398740680512738,1.021390583311055,0.021390583311055034,0.0030957185059913538,1.6502466679918812,0.008001345786272734,-0.04415556205992002,2,4
881,0.8810000000000007,ramp,88.1,2.7582488706144974,0.00452519886719438,1.0214157818375464,0.021415781837546444,0.0044072203908273825,1.6546538883827087,0.008011201346023317,-0.11797847636699742,2,4
882,0.8820000000000007,ramp,88.2,2.761398403345977,0.003149532731479443,1.0214262231578186,0.021426223157818614,0.0031053486038530426,1.6577592369865617,0.008021085727927528,-0.044184127626400393,2,4
883,0.8830000000000007,ramp,88.3,2.765930775711168,0.004532372365191328,1.0214513730801977,0.021451373080197733,0.004414656652021644,1.6621738936385833,0.0080309475982869,-0.11771571316968477,2,4
884,0.8840000000000007,ramp,88.4,2.7690899690212083,0.0031591933100401093,1.0214618239808642,0.02146182398086416,0.0031149810372533403,1.6652888746758365,0.008040838210773003,-0.04421227278676894,2,4
885,0.8850000000000007,ramp,88.5,2.773629512459184,0.0045395434379758015,1.0214869254281655,0.02148692542816555,0.004422089855271659,1.6697109645311081,0.008050706365280623,-0.11745358270414274,2,4
886,0.8860000000000007,ramp,88.6,2.7767983682296715,0.003168855770487422,1.0214973858251066,0.02149738582510663,0.003124615783658461,1.6728355803147665,0.008060603177412324,-0.044239986828961166,2,4
887,0.8870000000000007,ramp,88.7,2.7813450820147185,0.004546713785047007,1.0215224389414375,0.02152243894143746,0.004429521624846977,1.6772651019396134,0.008070477622562622,-0.11719216020003066,2,4
888,0.8880000000000007,ramp,88.8,2.784523601252814,0.003178519238095312,1.0215329087408893,0.02153290874088931,0.0031342520184809374,1.6803993539580944,0.008080380619930246,-0.0442672196143746,2,4
889,0.8890000000000007,ramp,88.9,2.78907748468456,0.004553883431746009,1.0215579136694808,0.021557913669480788,0.0044369519904104,1.6848363059485048,0.008090261339750873,-0.11693144133560848,2,4
890,0.8900000000000007,ramp,89.0,2.792265668379537,0.003188183694977198,1.021568392780634,0.02156839278063405,0.0031438897091577846,1.6879801956576626,0.008100170510971064,-0.04429398581941345,2,4
891,0.8910000000000007,ramp,89.1,2.7968267207804614,0.004561052400924304,1.0215933496632252,0.021593349663225236,0.004444380982039937,1.6924245766397026,0.008110057491854875,-0.11667141888436691,2,4
892,0.8920000000000007,ramp,89.2,2.8000245698989117,0.0031978491184503355,1.0216038379967007,0.021603837996700737,0.003153528825676584,1.6955781054653791,0.00811997282537622,-0.044320292773751456,2,4
893,0.8930000000000007,ramp,89.3,2.80459279061463,0.004568220715718496,1.0216287469738412,0.021628746973841206,0.004451808629165199,1.7000299140945443,0.008129866054047852,-0.11641208655329728,2,4
894,0.8940000000000007,ramp,89.4,2.807800306098958,0.0032075154843278497,1.0216392444412659,0.02163924444126586,0.003163169338914618,1.703193083433459,0.008139787537893087,-0.0443461454132316,2,4
895,0.8950000000000007,ramp,89.5,2.812375694498891,0.0045753883999331,1.021664105652417,0.021664105652416943,0.004459234960641126,1.7076523183941001,0.00814968700106389,-0.11615343929197423,2,4
896,0.8960000000000007,ramp,89.6,2.8155928772667735,0.0032171827678824094,1.0216746121661626,0.02167461216616262,0.00317281122030216,1.7108251296144024,0.008159614622864037,-0.04437154758024945,2,4
897,0.8970000000000007,ramp,89.7,2.8201754327444126,0.004582555477639083,1.0216994257499423,0.021699425749942325,0.004466660004866347,1.7152917896192688,0.008169520307135808,-0.11589547277273629,2,4
898,0.8980000000000007,ramp,89.8,2.823402283688403,0.0032268509439905557,1.0217099412230033,0.021709941223003293,0.0031824544416787933,1.7184742440609475,0.008179454054184396,-0.044396502311762426,2,4
899,0.8990000000000007,ramp,89.9,2.8279920056611125,0.0045897219727093486,1.0217347073172198,0.021734707317219826,0.004474083789855348,1.7229483278508029,0.008189365946015442,-0.11563818285400054,2,4
900,0.9000000000000007,ramp,90.0,2.831228525648937,0.003236519987824593,1.021745231663142,0.021745231663141906,0.0031920989752192187,1.726140426826022,0.008199305805313873,-0.04442101260537443,2,4
901,0.9010000000000007,ramp,90.1,2.8358254135583447,0.004596887909407599,1.0217699504049136,0.021769950404913585,0.004481506343323218,1.7306219331693453,0.008209223891001637,-0.11538156608438109,2,4
902,0.9020000000000007,ramp,90.2,2.839071603432365,0.0032461898740203665,1.0217804835377156,0.021780483537715556,0.003201744793380037,1.7338236779627254,0.008219169849290385,-0.04444508064032964,2,4
903,0.9030000000000007,ramp,90.3,2.843675656744413,0.004604053312047718,1.0218051550634848,0.021805155063484793,0.004488927692693903,1.7383126056554192,0.00822909411496534,-0.11512561935381453,2,4
904,0.9040000000000007,ramp,90.4,2.846931517322016,0.003255860577603187,1.0218156968976222,0.021815696897622194,0.0032113918688827132,1.741523997524302,0.008239046158747983,-0.044468708720473565,2,4
905,0.9050000000000007,ramp,90.5,2.851542735526566,0.004611218204550127,1.0218403213431917,0.021840321343191693,0.004496347865146088,1.746020345389448,0.00824897659036867,-0.11487033940403915,2,4
906,0.9060000000000007,ramp,90.6,2.8548082676001654,0.0032655320735992532,1.0218508717935497,0.02185087179354972,0.003221040174677006,1.7492413855641251,0.008258934705927975,-0.044491898922247204,2,4
907,0.9070000000000007,ramp,90.7,2.859426650211047,0.004618382610881433,1.0218754492941398,0.02187544929413976,0.0045037668876276755,1.7537451524517529,0.008268871289279963,-0.11461572325375743,2,4
908,0.9080000000000007,ramp,90.8,2.86270185454828,0.003275204337233273,1.021886008275974,0.021886008275973978,0.0032306896839436644,1.7569758421356965,0.0082788354626905,-0.04451465328960844,2,4
909,0.9090000000000007,ramp,90.9,2.867327401103362,0.004625546555081961,1.0219105389662333,0.021910538966233295,0.004511184786856292,1.7614870269225527,0.008288778183386046,-0.11436176822566917,2,4
910,0.9100000000000007,ramp,91.0,2.8706122784469756,0.0032848773436136014,1.0219211063951779,0.02192110639517786,0.003240340370076747,1.7647273672926294,0.0082987484005245,-0.044536973536854395,2,4
911,0.9110000000000007,ramp,91.1,2.8752449885076654,0.004632710060689771,1.0219455904091865,0.021945590409186533,0.004518601589340633,1.76924596888197,0.008308697244002494,-0.11410847134913758,2,4
912,0.9120000000000007,ramp,91.2,2.8785395395760776,0.0032945510684121437,1.0219561662012386,0.021956166201238636,0.0032499922066794007,1.7724959610886493,0.008318673490553619,-0.04455886173274298,2,4
913,0.9130000000000007,ramp,91.3,2.8831794127274484,0.004639873151370821,1.0219806036725378,0.021980603672537846,0.004526017321383645,1.777021978410033,0.008328628442080974,-0.11385582998717658,2,4
914,0.9140000000000007,ramp,91.4,2.886483638214499,0.0033042254870507826,1.0219911877440517,0.021991187744051732,0.003259645167547741,1.7802816235775807,0.008338610703544958,-0.044580319503041435,2,4
915,0.9150000000000007,ramp,91.5,2.8911306740651175,0.00464703585061832,1.0220155788056182,0.02201557880561822,0.0045334320090930375,1.7848150555866737,0.008348571748217517,-0.11360384152528206,2,4
916,0.9160000000000007,ramp,91.6,2.894444574640556,0.0033139005754385664,1.022026171073301,0.02202617107330096,0.003269299226677823,1.7880843548133516,0.008358560009914353,-0.04460134876074339,2,4
917,0.9170000000000007,ramp,91.7,2.8990987728221174,0.00465419818156132,1.0220505158575985,0.02205051585759854,0.004540845678382236,1.7926252004917338,0.008368527132658907,-0.11335250317908406,2,4
918,0.9180000000000007,ramp,91.8,2.902422349131483,0.003323576309365528,1.022061116238473,0.022061116238472955,0.003278954358256812,1.7959041548499906,0.008378521379732513,-0.04462195110871599,2,4
919,0.9190000000000007,ramp,91.9,2.9070837092989223,0.0046613601674394545,1.0220854148774516,0.022085414877451637,0.004548258354962761,1.8004524132049533,0.008388494565308331,-0.11310181247669356,2,4
920,0.9200000000000007,ramp,92.0,2.9104169619640397,0.0033332526651173033,1.0220960232889158,0.0220960232889158,0.0032886105366675407,1.803741023741621,0.008398494782729535,-0.04464212844976266,2,4
921,0.9210000000000007,ramp,92.1,2.9150854837951625,0.004668521831122874,1.0221202759139767,0.022120275913976695,0.004555670064361093,1.8082966938059821,0.008408474015729776,-0.11285176676178055,2,4
922,0.9220000000000007,ramp,92.2,2.918428413414028,0.003342929618865398,1.0221308922737624,0.022130892273762415,0.0032982677364802896,1.8115949615424625,0.008418480188301172,-0.044661882385108216,2,4
923,0.9230000000000007,ramp,92.3,2.9231040966094874,0.0046756831954595235,1.0221550990157746,0.022155099015774615,0.004563080831916659,1.816158042374379,0.008428465453154742,-0.11260236354286406,2,4
924,0.9240000000000007,ramp,92.4,2.9264567037565374,0.0033526071470499907,1.0221657232419332,0.022165723241933222,0.003307925932443809,1.8194659683068228,0.008438477565511186,-0.044681214606181754,2,4
925,0.9250000000000007,ramp,92.5,2.93113954803957,0.004682844283032672,1.0221898842313248,0.02218988423132484,0.004570490682787116,1.8240364589896099,0.008448468846486104,-0.11235360024555631,2,4
926,0.9260000000000007,ramp,92.6,2.9345018332659247,0.003362285226354622,1.0222005162422352,0.02220051624223518,0.0033175850994940134,1.8273540440891038,0.008458486883099406,-0.04470012686060877,2,4
927,0.9270000000000007,ramp,92.7,2.939191838382249,0.004690005116324336,1.0222246316088273,0.02222463160882726,0.004577899641941844,1.8319319437310457,0.008468484164302124,-0.11210547438249198,2,4
928,0.9280000000000007,ramp,92.8,2.942563802215785,0.003371963833536107,1.0222352713232332,0.02223527132323322,0.0033272452127542838,1.8352591889438,0.008478508109482393,-0.04471862078182309,2,4
929,0.9290000000000007,ramp,92.9,2.9472609679333397,0.004697165717554519,1.0222593411964074,0.02225934119640738,0.004585307734165468,1.8398444966779655,0.008488511374861509,-0.11185798338905067,2,4
930,0.9300000000000007,ramp,93.0,2.9506426108790387,0.0033816429456989816,1.0222699885333497,0.022269988533349716,0.0033369062475276873,1.8431814029254932,0.008498541212759555,-0.0447366981712943,2,4
931,0.9310000000000007,ramp,93.1,2.9553469369879246,0.004704326108885937,1.0222940130419726,0.02229401304197265,0.004592714984061577,1.8477741179095548,0.008508550446107807,-0.11161112482435935,2,4
932,0.9320000000000007,ramp,93.2,2.958738259527779,0.0033913225398545244,1.0223046679208236,0.02230466792082364,0.003346568179297865,1.8511206860888527,0.00851858616071751,-0.04475436055665933,2,4
933,0.9330000000000007,ramp,93.3,2.963449745840041,0.0047114863122619255,1.0223286471932358,0.022328647193235795,0.004600121416057764,1.8557208075049105,0.008528601345672375,-0.1113648962041613,2,4
934,0.9340000000000007,ramp,93.4,2.9668507484334774,0.003401002593436342,1.0223393095337123,0.022339309533712326,0.003356230983726566,1.859077038488637,0.008538642920832234,-0.04477160970977603,2,4
935,0.9350000000000007,ramp,93.5,2.9715693947829096,0.004718646349432198,1.0223632436977803,0.02236324369778031,0.004607527054398955,1.863684565543036,0.008548664040879176,-0.11111929503324329,2,4
936,0.9360000000000007,ramp,93.6,2.974980077866824,0.0034106830839144564,1.0223739134199148,0.022373913419914793,0.003365894636651047,1.8670504601796871,0.00855871146027613,-0.0447884472634095,2,4
937,0.9370000000000007,ramp,93.7,2.979705884108933,0.004725806242108721,1.022397802603005,0.022397802603004946,0.004614931923155753,1.8716653921028428,0.008568738498748731,-0.11087431895296772,2,4
938,0.9380000000000007,ramp,93.8,2.9831262480978618,0.003420363988928976,1.0224084796271515,0.022408479627151534,0.0033755591140920515,1.8750409512169348,0.008578791745916747,-0.04480487483692454,2,4
939,0.9390000000000007,ramp,93.9,2.987859214109494,0.0047329660116322,1.0224323239561344,0.02243232395613437,0.004622336046215362,1.8796632872631502,0.008588824686001166,-0.11062996541683859,2,4
940,0.9400000000000007,ramp,94.0,2.9912892593958955,0.003430045286401562,1.0224430082029714,0.022443008202971404,0.0033852243922428814,1.8830485116553932,0.00859888374432692,-0.04482089415868036,2,4
941,0.9410000000000007,ramp,94.1,2.9960293850753206,0.004740125679425056,1.0224668078042176,0.022466807804217614,0.004629739447296483,1.8876782511026897,0.0086089225690612,-0.11038623212857294,2,4
942,0.9420000000000007,ramp,94.2,2.9994691120295602,0.0034397269542396636,1.022477499194755,0.022477499194754946,0.003394890447470748,1.8910731415501605,0.00861898742178316,-0.04483650676891538,2,4
943,0.9430000000000007,ramp,94.3,3.0042163972960783,0.00474728526651802,1.0225012541941525,0.022501254194152498,0.004637142149935853,1.8957102837000963,0.008629032114060069,-0.1101431165821667,2,4
944,0.9440000000000007,ramp,94.4,3.007665806266771,0.00344940897069268,1.0225119526497246,0.02251195264972461,0.0034045572563206586,1.899114840956417,0.008639102744271827,-0.044851714372021435,2,4
945,0.9450000000000007,ramp,94.5,3.012420251060715,0.004754444793944046,1.0225356631726885,0.022535663172688514,0.004644544177504786,1.9037593851339216,0.008649153286841477,-0.10990061643926033,2,4
946,0.9460000000000007,ramp,94.6,3.0158793423748698,0.003459091314154783,1.0225463686149352,0.022546368614935197,0.0034142247955042363,1.9071736099294259,0.008659229677492416,-0.04486651865054673,2,4
947,0.9470000000000007,ramp,94.7,3.020640946657327,0.004761604282457199,1.0225700347863709,0.022570034786370874,0.004651945553195322,1.9118255554826211,0.008669286052961921,-0.1096587292618769,2,4
948,0.9480000000000007,ramp,94.8,3.024109720620443,0.0034687739631160674,1.0225807471372537,0.022580747137253665,0.0034238930419104177,1.9152494485245315,0.00867936818686143,-0.0448809212056497,2,4
949,0.9490000000000007,ramp,94.9,3.028878484373144,0.004768763752700966,1.0226043690816173,0.022604369081617337,0.004659346300031046,1.9199087948245626,0.008689430377698176,-0.10941745266992031,2,4
950,0.9500000000000007,ramp,95.0,3.0323569412694287,0.0034784568962846762,1.0226150882634402,0.022615088263440164,0.0034335619725974686,1.92334235679716,0.008699518237513627,-0.044894923687207634,2,4
951,0.9510000000000007,ramp,95.1,3.037132864494623,0.004775923225194489,1.0226386661046742,0.022638666104674243,0.004666746440861772,1.9280091032380218,0.008709586226047443,-0.10917678433271759,2,4
952,0.9520000000000007,ramp,95.2,3.040621004587098,0.0034881400924748895,1.0226493920400292,0.022649392040029248,0.0034432315647960027,1.9314523348028179,0.008719679794309,-0.04490852767888688,2,4
953,0.9530000000000007,ramp,95.3,3.045404087307417,0.004783082720318799,1.0226729259016156,0.022672925901615626,0.004674145998367601,1.9361264808011855,0.008729753562732622,-0.10893672195119805,2,4
954,0.9540000000000007,ramp,95.4,3.0489019108380986,0.003497823530681732,1.0226836585134333,0.022683658513433347,0.003452901795904718,1.9395793825970902,0.008739852821833455,-0.04492173477701382,2,4
955,0.9550000000000007,ramp,95.5,3.053692153096341,0.0047902422582422055,1.022707148518393,0.02270714851839295,0.004681544995063499,1.9442609275921536,0.008749932352204887,-0.10869726317870673,2,4
956,0.9560000000000007,ramp,95.6,3.057199660286464,0.0035075071901231603,1.0227178877299032,0.02271788772990324,0.00346257264348564,1.9477235002356392,0.008760037284404111,-0.04493454663752035,2,4
957,0.9570000000000007,ramp,95.7,3.0619970621453176,0.004797401858853689,1.0227413340007525,0.02274133400075251,0.004688943453293624,1.9524124436889327,0.008770122558648157,-0.10845840556006521,2,4
958,0.9580000000000007,ramp,95.8,3.0655142531955475,0.003517191050229851,1.0227520797355159,0.02275207973551585,0.003472244085272387,1.955884687774205,0.008780233146071464,-0.04494696495746389,2,4
959,0.9590000000000007,ramp,95.9,3.0703188147377336,0.004804561542186114,1.0227754823943407,0.022775482394340685,0.004696341395240909,1.960581029169446,0.008790324145981245,-0.10822014694520515,2,4
960,0.9600000000000007,ramp,96.0,3.073845689828064,0.003526875090330339,1.0227862345762284,0.022786234576228415,0.0034819160991597896,1.9640629452686058,0.008800440370622298,-0.044958991170549606,2,4
961,0.9610000000000007,ramp,96.1,3.078657411155861,0.004811721327797169,1.0228095937446176,0.02280959374461755,0.004703738842916079,1.968766684111522,0.008810537077861077,-0.10798248488109052,2,4
962,0.9620000000000007,ramp,96.2,3.082193970446146,0.0035365592902847354,1.0228203522977959,0.022820352297795887,0.003491588663218059,1.97225827277474,0.008820658921584987,-0.04497062706667644,2,4
963,0.9630000000000007,ramp,96.3,3.087012851681477,0.0048188812353311405,1.0228436680968687,0.022843668096868663,0.0047111358181604595,1.9769694085929004,0.008830761317688212,-0.10774541717068105,2,4
964,0.9640000000000007,ramp,96.4,3.090559095311268,0.003546243629791057,1.0228544329458564,0.02285443294585643,0.0035012617556745723,1.980470670348575,0.008840888762230662,-0.04498187411648485,2,4
965,0.9650000000000007,ramp,96.5,3.095385136595444,0.004826041284176075,1.022877705496297,0.022877705496296974,0.004718532342662768,1.9851892026912379,0.008850996828607039,-0.10750894151330663,2,4
966,0.9660000000000007,ramp,96.6,3.0989410646842965,0.0035559280888524114,1.022888476565888,0.022888476565888105,0.0035109353549175226,1.9887001380461553,0.00886112985557755,-0.044992733934888764,2,4
967,0.9670000000000007,ramp,96.7,3.103774266177912,0.0048332014936156575,1.0229117059878754,0.022911705987875397,0.004725928437947264,1.9934260664841026,0.008871243573511182,-0.10727305566839325,2,4
968,0.9680000000000007,ramp,96.8,3.107339878825563,0.003565612647650873,1.0229224832031858,0.022922483203185795,0.0035206094394977044,1.9969466759236003,0.008881382164394854,-0.0450032081531688,2,4
969,0.9690000000000007,ramp,96.9,3.1121802407082457,0.004840361882682664,1.0229456696164936,0.02294566961649358,0.004733324125365338,2.0016800000489656,0.008891501515045362,-0.10703775731732683,2,4
970,0.9700000000000008,ramp,97.0,3.1157555379947532,0.003575297286507517,1.0229564529029693,0.022956452902969327,0.003530283988140312,2.0052102840371058,0.008901645651204123,-0.04501329836720507,2,4
971,0.9710000000000008,ramp,97.1,3.120603060465033,0.004847522470279753,1.0229795964268718,0.02297959642687175,0.004740719426113964,2.0099510034632195,0.008911770615610317,-0.10680304416578901,2,4
972,0.9720000000000008,ramp,97.2,3.124188042450854,0.003584981985821134,1.0229903857102125,0.022990385710212502,0.0035399589797163174,2.013490962442936,0.008921920278283674,-0.045023006104816674,2,4
973,0.9730000000000008,ramp,97.3,3.1290427257262525,0.004854683275398397,1.0230134864635463,0.023013486463546284,0.004748114361230839,2.018239076804167,0.008932050837364442,-0.10656891416755808,2,4
974,0.9740000000000008,ramp,97.4,3.1326373924525006,0.003594666726248086,1.023024281669839,0.023024281669838942,0.0035496343932618925,2.021788711197429,0.008942206007671712,-0.045032332986193274,2,4
975,0.9750000000000008,ramp,97.5,3.1374992367689103,0.00486184431640968,1.0230473397709683,0.02304733977096829,0.004755508951594214,2.026544220149023,0.008952342142226937,-0.10633536481546596,2,4
976,0.9760000000000008,ramp,97.6,3.1411035882574847,0.003604351488574409,1.0230581408265484,0.023058140826548446,0.003559310207968347,2.030103530356991,0.008962502801169638,-0.04504128060606183,2,4
977,0.9770000000000008,ramp,97.7,3.145972593869553,0.004869005612068378,1.0230811563934157,0.02308115639341568,0.004762903217923548,2.0348664335749147,0.008972644491881813,-0.1061023941448299,2,4
978,0.9780000000000008,ramp,97.8,3.1495866301232,0.0036140362536469794,1.0230919632249373,0.02309196322493734,0.0035689864031886224,2.038435419978103,0.008982810620343715,-0.04504985045835708,2,4
979,0.9790000000000008,ramp,97.9,3.1544627973038386,0.0048761671806385465,1.0231149363750203,0.023114936375020267,0.004770297180781626,2.0432057171588847,0.008992957847780383,-0.1058699998569201,2,4
980,0.9800000000000008,ramp,98.0,3.1580865183064386,0.0036237210026,1.0231257489094618,0.02312574890946184,0.003578662958431495,2.046784380117316,0.009003129426530497,-0.04505804416850495,2,4
981,0.9810000000000008,ramp,98.1,3.1629698473467336,0.004883329040294981,1.0231486797597924,0.0231486797597924,0.004777690860567581,2.0515620709778837,0.009013282171145432,-0.1056381797274004,2,4
982,0.9820000000000008,ramp,98.2,3.1666032530633403,0.0036334057166067524,1.0231594979244074,0.023159497924407413,0.00358833985336577,2.0551504108312493,0.00902345918083748,-0.04506586324098255,2,4
983,0.9830000000000008,ramp,98.3,3.171493744272505,0.004890491209164516,1.023182386591575,0.02318238659157501,0.00478508427753342,2.0599354951087827,0.009033617422971506,-0.10540693163109578,2,4
984,0.9840000000000008,ramp,98.4,3.1751368346495994,0.0036430903770945378,1.0231932103139465,0.0231932103139465,0.003598017067802764,2.0635335121765856,0.00904379984414861,-0.04507330929177369,2,4
985,0.9850000000000008,ramp,98.5,3.1800344883546976,0.004897653705098204,1.0232160569140758,0.0232160569140758,0.00479247745177667,2.068325989628362,0.009053963564031237,-0.10517625332153412,2,4
986,0.9860000000000008,ramp,98.6,3.1836872633203384,0.0036527749656407593,1.023226886122086,0.0232268861220859,0.003607694581719666,2.071933684210082,0.009064151377124552,-0.04508038392109313,2,4
987,0.9870000000000008,ramp,98.7,3.1885920798662095,0.00490481654587116,1.023249690770905,0.023249690770904996,0.004799870403236661,2.0767335546133188,0.009074320554876853,-0.10494614263449868,2,4
988,0.9880000000000008,ramp,98.8,3.192254539330025,0.0036624594638152708,1.0232605253927096,0.02326052539270962,0.003617372375242285,2.080350926988561,0.00908451374020798,-0.04508708857298583,2,4
989,0.9890000000000008,ramp,98.9,3.1971665190792375,0.004911979749212758,1.0232832882054854,0.02328328820548542,0.004807263151698064,2.0851581901402594,0.009094688355842335,-0.10471659751469432,2,4
990,0.9900000000000008,ramp,99.0,3.200838662932654,0.0036721438534166317,1.0232941281695818,0.023294128169581763,0.0036270504286529974,2.0887852405689125,0.009104886893625331,-0.04509342476363438,2,4
991,0.9910000000000008,ramp,99.1,3.2057578062651757,0.004919143332521525,1.0233168492611195,0.023316849261119543,0.004814655716793432,2.093599896285706,0.009115066927048202,-0.10448761572809297,2,4
992,0.9920000000000008,ramp,99.2,3.2094396343817904,0.0036818281166146605,1.0233276944962644,0.023327694496264373,0.0036367287223793916,2.0972366250080854,0.009125270797390065,-0.045099394235268826,2,4
993,0.9930000000000008,ramp,99.3,3.214365941694939,0.00492630731314847,1.023350373980983,0.023350373980983052,0.004822048118014519,2.1020586731260997,0.009135456228402594,-0.10425919513395131,2,4
994,0.9940000000000008,ramp,99.4,3.2180574539302707,0.0036915122353318175,1.0233612244162755,0.023361224416275528,0.0036464072370034975,2.105705080363103,0.009145665411305738,-0.04510499832831999,2,4
995,0.9950000000000008,ramp,99.5,3.222990925638552,0.0049334717082811785,1.0233838624081162,0.023383862408116185,0.004829440374688779,2.110534520737792,0.009155856219605608,-0.10403133359239945,2,4
996,0.9960000000000008,ramp,99.6,3.2266921218305034,0.003701196191951528,1.0233947179729348,0.023394717972934798,0.00365608595325071,2.1141906066910425,0.00916607069496885,-0.04511023870081791,2,4
997,0.9970000000000008,ramp,99.7,3.2316327583656705,0.004940636535167187,1.0234173145854246,0.02341731458542462,0.004836832506010039,2.1190274391970525,0.00917626686015098,-0.10380402915714793,2,4
998,0.9980000000000008,ramp,99.8,3.2353436383343426,0.0037108799686720317,1.023428175209429,0.02342817520942897,0.0036657648520014136,2.122693204049054,0.00918648660777142,-0.04511511667061813,2,4
999,0.9990000000000008,ramp,99.9,3.2402914401449117,0.004947801810569086,1.023450730555679,0.023450730555679034,0.004844224531004746,2.127537428580059,0.009196688109330652,-0.10357727956434008,2,4
1000,1.0000000000000007,ramp,100.0,3.244012003693232,0.003720563548320399,1.0234615961688378,0.023461596168837806,0.0036754439142880385,2.1312128724943467,0.009206913108903534,-0.04511963403236061,2,4
1001,1.0010000000000006,hold,100.0,3.240105986783486,-0.003906016909746235,1.0234013552852232,0.023401355285223246,-0.0035956627042751776,2.1276172097900714,0.00914823818090437,0.31035420547105735,2,4
1002,1.0020000000000004,hold,100.0,3.243815244900526,0.0037092581170403705,1.0234135791269865,0.023413579126986495,0.0036572342920936913,2.131274444082165,0.009093856216020036,-0.052023824946679106,2,4
1003,1.0030000000000003,hold,100.0,3.2399263586058593,-0.0038888862946668823,1.0233542392342103,0.023354239234210317,-0.0035831430607316172,2.1276913010214336,0.009042232290728612,0.3057432339352651,2,4
1004,1.0040000000000002,hold,100.0,3.243622547463251,0.003696188857391647,1.0233670433583133,0.0233670433583133,0.003641162324149854,2.1313324633455832,0.00899256740970039,-0.05502653324179285,2,4
1005,1.0050000000000001,hold,100.0,3.2397502205765876,-0.003872326886663391,1.0233083987477674,0.023308398747767356,-0.0035701575979878775,2.1277623057475954,0.008944709580503366,0.3021692886755133,2,4
1006,1.006,hold,100.0,3.2434329289428403,0.0036827083662527293,1.0233215895611854,0.023321589561185352,0.003625654048109575,2.131387959795705,0.008898241196301945,-0.05705431814315414,2,4
1007,1.007,hold,100.0,3.2395768406635694,-0.003856088279270864,1.0232635370931675,0.02326353709316753,-0.003556971245249049,2.1278309885504556,0.00885318106079167,0.2991170340218151,2,4
1008,1.0079999999999998,hold,100.0,3.2432458884700264,0.0036690478064569376,1.0232770183401672,0.023277018340167155,0.0036104522841320387,2.1314414408345876,0.008809218256171364,-0.05859552232489887,2,4
1009,1.0089999999999997,hold,100.0,3.2394058136660213,-0.003840074804005056,1.0232194933644405,0.023219493364440513,-0.0035436819919981363,2.1278977588425896,0.008766430318404095,0.2963928120069195,2,4
1010,1.0099999999999996,hold,100.0,3.2430611077354605,0.0036552940694392078,1.0232332051949504,0.023233205194950424,0.003595460953492194,2.1314932197960816,0.008724555489636698,-0.05983311594701373,2,4
1011,1.0109999999999995,hold,100.0,3.239236870210357,-0.0038242375251034133,1.0231761623326565,0.023176162332656514,-0.0035303380231550244,2.127962881772927,0.008683698021346366,0.29389950194838893,2,4
1012,1.0119999999999993,hold,100.0,3.242878360922836,0.0036414907124791007,1.0231900630644597,0.0231900630644597,0.003580632153077492,2.131543513926004,0.008643624530569218,-0.06085855940160881,2,4
1013,1.0129999999999992,hold,100.0,3.2390698134664886,-0.003808547456347622,1.0231334681818105,0.0231334681818105,-0.003516967108960277,2.128026546817044,0.008604453070694794,0.2915803473873446,2,4
1014,1.0139999999999991,hold,100.0,3.242697476940024,0.003627663473535492,1.0231475267156775,0.023147526715677547,0.00356593823703032,2.131592485054074,0.008565968954392067,-0.06172523650517167,2,4
1015,1.014999999999999,hold,100.0,3.2389044900716755,-0.0037929868683486134,1.0230913529049057,0.023091352904905715,-0.0035035880547326912,2.1280888969993415,0.00852829782047375,0.2893988136159222,2,2
1016,1.015999999999999,hold,100.0,3.242518320990908,0.003613830919232619,1.0231055449525495,0.02310554495254946,0.003551363372201827,2.1316402603715434,0.008491238477867927,-0.06246754703079183,2,4
1017,1.0169999999999988,hold,100.0,3.238740778013391,-0.00377754297751709,1.0230497702704069,0.02304977027040689,-0.00349021319468395,2.1281500471768595,0.008454920728862773,0.2873297828331397,2,2
1018,1.0179999999999987,hold,100.0,3.242340780814349,0.0036000028009581797,1.0230640761905199,0.023064076190519867,0.003536893795691541,2.131686940972551,0.008419153740769913,-0.06310900526663868,2,4
1019,1.0189999999999986,hold,100.0,3.2385785754298624,-0.003762205384486794,1.0230086822998743,0.023008682299874295,-0.0034768504208060077,2.1282100905517454,0.008384069525577784,0.28535496368078644,2,2
1020,1.0199999999999985,hold,100.0,3.2421647628229584,0.0035861873930960186,1.0230230858165381,0.023023085816538114,0.003522520725875852,2.1317326112776214,0.008349485565195798,-0.06366666722016669,2,4
1021,1.0209999999999984,hold,100.0,3.238417795968215,-0.0037469668547434054,1.0229680570775663,0.02296805707756633,-0.003463506194609682,2.1282691050830116,0.008315534851634115,0.2834606601337234,2,2
1022,1.0219999999999982,hold,100.0,3.2419901868556424,0.0035723908874274457,1.022982544436878,0.022982544436878083,0.003508237552191858,2.1317773426352034,0.008282041788818728,-0.0641533352355875,2,4
1023,1.0229999999999981,hold,100.0,3.2382583651393206,-0.0037318217163218037,1.0229278672938182,0.022927867293818238,-0.003450185441358974,2.1283271571938442,0.008249139554449577,0.2816362749628299,2,2
1024,1.023999999999998,hold,100.0,3.241816983189353,0.003558618050032436,1.0229424266899554,0.022942426689955386,0.0034940391363768915,2.131821196330221,0.008216658474177277,-0.06457891365554448,2,4
1025,1.024999999999998,hold,100.0,3.2381002177803824,-0.0037167654089707014,1.022888089236707,0.022888089236706932,-0.0034368920016401064,2.1283843043285806,0.008184731382783821,0.27987340733059496,2,2
1026,1.0259999999999978,hold,100.0,3.2416450904129217,0.003544872632539331,1.0229027104057309,0.022902710405730886,0.0034799213789894227,2.13186422570757,0.008153193781666868,-0.06495125354990822,2,4
1027,1.0269999999999977,hold,100.0,3.237943296223749,-0.0037017941891726025,1.0228487020684651,0.02284870206846512,-0.0034236289256737258,2.1284405967818962,0.008122177803432622,0.2781652634988767,2,2
1028,1.0279999999999976,hold,100.0,3.2414744538660263,0.003531157642277183,1.0228633759915893,0.022863375991589274,0.003465880937153722,2.13190647771905,0.008091523551318291,-0.06527670512346088,2,2
1029,1.0289999999999975,hold,100.0,3.237787548936958,-0.003686904929068202,1.022809687290559,0.02280968729055899,-0.003410398672535639,2.1284960790465144,0.008061362208255473,0.2765062565325631,2,2
1030,1.0299999999999974,hold,100.0,3.241305024462729,0.0035174755257707524,1.0228244059718063,0.02282440597180635,0.0034519150337477766,2.1319479940802624,0.008031538026068373,-0.06556049202297584,2,2
1031,1.0309999999999973,hold,100.0,3.2376329294884503,-0.0036720949742785614,1.022771028338826,0.02277102833882605,-0.00339720324937367,2.1285507908308885,0.008002181066396637,0.2748917249048915,2,2
1032,1.0319999999999971,hold,100.0,3.2411367577865047,0.003503828298054401,1.0227857846345616,0.0227857846345616,0.0034380213242948465,2.1319888121551833,0.007973139363602695,-0.0658069737595546,2,2
1033,1.032999999999997,hold,100.0,3.23747939574368,-0.00365736204282463,1.022732710270328,0.022732710270328083,-0.003384044311225004,2.1286047678439584,0.007944541739170662,0.27331773159962586,2,2
1034,1.033999999999997,hold,100.0,3.2409696133793813,0.0034902176357012316,1.0227474977560824,0.022747497756082424,0.0034241978016064183,2.132028965645565,0.00791623970863813,-0.06601983409481324,2,2
1035,1.0349999999999968,hold,100.0,3.2373269092304566,-0.003642704148924647,1.0226947195170168,0.022694719517016848,-0.003370923234338759,2.1286580424112262,0.007888360771864118,0.27178091458588804,2,2
1036,1.0359999999999967,hold,100.0,3.2408035541759723,0.0034766449455156945,1.0227095323817907,0.022709532381790742,0.0034104427258823595,2.1320684851371086,0.007860759673280445,-0.06620221963333497,2,2
1037,1.0369999999999966,hold,100.0,3.2371754346289556,-0.003628119547016695,1.0226570436887705,0.02265704368877053,-0.003357841171038503,2.12871064396607,0.007833562536589416,0.2702783759781918,2,2
1038,1.0379999999999965,hold,100.0,3.2406385460453304,0.0034631114163747867,1.0226718766498117,0.02267187664981174,0.003396754572417042,2.132107398538487,0.007806627120825775,-0.06635684395774488,2,2
1039,1.0389999999999964,hold,100.0,3.237024939357517,-0.0036136066878134088,1.0226196714138291,0.022619671413829145,-0.003344799091524983,2.128762599446962,0.0077800781386677354,0.26880759628842554,2,2
1040,1.0399999999999963,hold,100.0,3.2404745574160345,0.003449618058517512,1.0226345196471691,0.022634519647169116,0.0033831319918067836,2.1321457314387686,0.0077537761793882425,-0.06648606671072824,2,2
1041,1.0409999999999962,hold,100.0,3.236875393231055,-0.0035991641849792977,1.022582592207973,0.022582592207972985,-0.0033317978162387793,2.12881393362253,0.007727844524281689,0.2673663687405184,2,2
1042,1.041999999999996,hold,100.0,3.2403115589658222,0.003436165734767016,1.0225974512910605,0.0225974512910605,0.003369573779177551,2.1321835074017077,0.007702146432438438,-0.06659195558946515,2,2
1043,1.042999999999996,hold,100.0,3.2367267681775385,-0.003584790788283776,1.0225457963660485,0.022545796366048476,-0.00331883804123267,2.128864669360475,0.007676803744203336,0.26595274705110616,2,2
1044,1.0439999999999958,hold,100.0,3.240149523361705,0.0034227551841663484,1.0225606622299774,0.022560662229977435,0.003356078850055408,2.1322207482105306,0.007651682247493525,-0.06667633411094019,2,2
1045,1.0449999999999957,hold,100.0,3.2365790379992,-0.003570485362504705,1.022509274871258,0.02250927487125809,-0.0033059203583042,2.1289148278522263,0.007626902340217924,0.264565004200505,2,2
1046,1.0459999999999956,hold,100.0,3.2399884250411994,0.0034093870419993344,1.0225241437604875,0.022524143760487503,0.003342646221197231,2.1322574740734237,0.0076023322140984576,-0.06674082080210339,2,2
1047,1.0469999999999955,hold,100.0,3.2364321781708547,-0.003556246870344726,1.0224730193184874,0.02247301931848744,-0.003293045271196635,2.128964428802227,0.007578090829188693,0.26320159914809077,2,2
1048,1.0479999999999954,hold,100.0,3.239828240025889,0.0033960618550343824,1.022487887756813,0.022487887756813096,0.0033292749952345984,2.1322937037974614,0.007554048669268064,-0.06678685979978399,2,2
1049,1.0489999999999953,hold,100.0,3.236286165667398,-0.0035420743584912984,1.022437021849201,0.022437021849200933,-0.0032802132087196285,2.1290134905887417,0.007530323265680767,0.26186114977166985,2,2
1050,1.0499999999999952,hold,100.0,3.2396689457617507,0.0033827800943528885,1.0224518866105128,0.022451886610512783,0.003315964348177235,2.1323294549369187,0.007506787293666074,-0.0668157461756534,2,2
1051,1.050999999999995,hold,100.0,3.2361409788155573,-0.003527966946193395,1.0224012750954854,0.022401275095485396,-0.003267424535483507,2.1290620304014354,0.007483556868435032,0.2605424107098879,2,2
1052,1.051999999999995,hold,100.0,3.2395105209813138,0.0033695421657564673,1.0224161331787824,0.022416133178782438,0.0033027135191950434,2.1323647439206304,0.007460506765541364,-0.06682864656142387,2,2
1053,1.0529999999999948,hold,100.0,3.2359965971656615,-0.003513923815652298,1.0223657721319181,0.02236577213191815,-0.0032546795607703593,2.12911006435986,0.007437751699204,0.25924425488193853,2,2
1054,1.0539999999999947,hold,100.0,3.2393529455841574,0.003356348418495969,1.022380620739566,0.022380620739566037,0.0032895218021819555,2.132399586162042,0.007415168462234369,-0.06682661631401357,2,2
1055,1.0549999999999946,hold,100.0,3.235853001379932,-0.0034999442042256135,1.0223305064337973,0.022330506433797304,-0.0032419785459167094,2.129157607616125,0.007392870384899484,0.2579656583089041,2,2
1056,1.0559999999999945,hold,100.0,3.2391962005326143,0.003343199152682441,1.022345342952557,0.02234534295255708,0.0032763885387333915,2.1324339961548584,0.007370736201183811,-0.06681061394904964,2,2
1057,1.0569999999999944,hold,100.0,3.2357101731349154,-0.0034860273976988765,1.0222954718405897,0.022295471840589665,-0.0032293217104907446,2.1292046744443676,0.007348877875829496,0.25670568720813186,2,2
1058,1.0579999999999943,hold,100.0,3.2390402677599326,0.0033300946250172103,1.0223102938251396,0.022310293825139604,0.0032633131122506978,2.1324679875566184,0.007327176013968348,-0.06678151276651254,2,2
1059,1.0589999999999942,hold,100.0,3.2355680950353296,-0.0034721727246029843,1.0222606625239299,0.022260662523929886,-0.0032167092374980433,2.12925127831912,0.007305741234233707,0.25546348710494104,2,2
1060,1.059999999999994,hold,100.0,3.238885130089699,0.0033170350543691995,1.022275467682279,0.02227546768227895,0.0032502949429675317,2.1325015732620876,0.007284455948173986,-0.06674011140166787,2,2
1061,1.060999999999994,hold,100.0,3.235426750538219,-0.003458379551479762,1.022226072959503,0.022226072959502963,-0.0032041412778161063,2.1292974319842712,0.0072634294484090105,0.2542382736636559,2,2
1062,1.0619999999999938,hold,100.0,3.238730771164178,0.0033040206259591365,1.022240859140064,0.022240859140064018,0.0032373334837326605,2.132534765468004,0.007242545892835297,-0.066687142226476,2,2
1063,1.0629999999999937,hold,100.0,3.235286123885456,-0.0034446472787221794,1.0221916979019519,0.022191697901951857,-0.003191617953954963,2.129343147514049,0.007221913268591224,0.25302932476721623,2,2
1064,1.0639999999999936,hold,100.0,3.238577175380629,0.0032910514951729475,1.0222064630822327,0.02220646308223273,0.0032244282163933395,2.1325675757304423,0.007201417423978286,-0.06662327877960793,2,2
1065,1.0649999999999935,hold,100.0,3.235146199332305,-0.003430976048323764,1.0221575320624021,0.02215753206240212,-0.003179138423834217,2.129388437306608,0.007181164863242576,0.25183762448954683,2,2
1066,1.0659999999999934,hold,100.0,3.238424325811847,0.003278126479541843,1.022172274312592,0.022172274312592055,0.0032115774676470623,2.1326000147742548,0.007161043263785177,-0.06654901189478069,2,2
1067,1.0669999999999933,hold,100.0,3.2350069631916787,-0.0034173626201683405,1.0221235709724572,0.022123570972457207,-0.003166703412420258,2.1294333113618347,0.007141158086326923,0.2506592077480825,2,2
1068,1.0679999999999932,hold,100.0,3.2382722102240105,0.003265247032331775,1.022138288515942,0.022138288515942017,0.003198781899905857,2.1326320932617406,0.007121398384594197,-0.06646513242591824,2,2
1069,1.068999999999993,hold,100.0,3.2348684017718696,-0.003403808452140833,1.0220898101182667,0.022089810118266717,-0.0031543132577007233,2.12947778000404,0.007101868375747324,0.2494951944401096,2,2
1070,1.069999999999993,hold,100.0,3.238120814966698,0.003252413194828385,1.022104501263627,0.022104501263626952,0.0031860411040370573,2.132663821108077,0.00708245865699679,-0.06637209079132789,2,2
1071,1.0709999999999928,hold,100.0,3.2347305019173307,-0.0033903130493673217,1.0220562451732176,0.02205624517321758,-0.0031419679985491365,2.129521853109528,0.007063272222920259,0.24834505081818523,2,2
1072,1.0719999999999927,hold,100.0,3.237970126946901,0.0032396250295700924,1.0220709083220283,0.022070908322028293,0.0031733546548130833,2.132695207764341,0.007044201170817366,-0.06627037475700906,2,2
1073,1.0729999999999926,hold,100.0,3.234593251008645,-0.0033768759382559743,1.0220228719982658,0.022022871998265803,-0.003129667656701802,2.129565540107639,0.007025347293271273,0.2472082815541724,2,2
1074,1.0739999999999925,hold,100.0,3.2378201335931043,0.0032268825844594673,1.0220375056394924,0.02203750563949236,0.003160722141394843,2.132726262249034,0.007006604146706455,-0.06616044306462449,2,2
1075,1.0749999999999924,hold,100.0,3.2344566369293535,-0.003363496663750798,1.0219896866300064,0.021989686630006444,-0.003117412239487123,2.129608850009547,0.006988072342052129,0.2460844242636751,2,2
1076,1.0759999999999923,hold,100.0,3.2376708228217344,0.003214185892380872,1.022004289334234,0.02200428933423404,0.003148143168011026,2.132756993177558,0.006969646856087179,-0.06604272436984589,2,2
1077,1.0769999999999922,hold,100.0,3.234320648034439,-0.00335017478729549,1.0219566852691726,0.021956685269172604,-0.003105201741338367,2.1296517914362196,0.006951427138150717,0.24497304595712296,2,2
1078,1.077999999999992,hold,100.0,3.237522183006668,0.00320153497222897,1.0219712556831295,0.02197125568312952,0.00313561735294259,2.132787408789162,0.00693330954860807,-0.06591761928637996,2,2
1079,1.078999999999992,hold,100.0,3.234185273121039,-0.003336909885628625,1.0219238642700388,0.021923864270038784,-0.0030930361450238787,2.129694372644138,0.006915392394964826,0.2438737406047463,2,2
1080,1.0799999999999919,hold,100.0,3.23737420295096,0.0031889298299208058,1.0219384011116202,0.021938401111620154,0.0031231443274048914,2.1328175169715426,0.006897573386235786,-0.06578550251591436,2,2
1081,1.0809999999999917,hold,100.0,3.234050501401519,-0.0033237015494411715,1.0218912201306454,0.021891220130645372,-0.003080915422740376,2.129736601548802,0.006879949707520447,0.2427861267007953,2,2
1082,1.0819999999999916,hold,100.0,3.2372268718611386,0.003176370459619715,1.0219057221843693,0.02190572218436926,0.0031107237344985047,2.1328473252833007,0.006862420383231557,-0.0656467251212104,2,2
1083,1.0829999999999915,hold,100.0,3.2339163224789225,-0.003310549382216088,1.0218587494839333,0.021858749483933293,-0.003068839537085452,2.129778485746215,0.0068450814951404,0.24170984513063615,2,2
1084,1.0839999999999914,hold,100.0,3.237080179323634,0.0031638568447114324,1.0218732155967503,0.02187321559675026,0.003098355228251118,2.1328768409744665,0.006827833351357353,-0.06550161646031415,2,2
1085,1.0849999999999913,hold,100.0,3.2337827263241223,-0.003297452999511563,1.0218264490896247,0.021826449089624722,-0.0030568084419092235,2.129820032532557,0.006810770949044472,0.24064455760233966,2,2
1086,1.0859999999999912,hold,100.0,3.2369341152829465,0.003151388958824164,1.0218408781671302,0.021840878167130207,0.0030860384727607747,2.132906071005318,0.006793795849744258,-0.06535048606338924,2,2
1087,1.086999999999991,hold,100.0,3.2336497032551454,-0.0032844120278010536,1.0217943158266805,0.021794315826680455,-0.003044822083102226,2.1298612489222157,0.006777001984359917,0.23958994469882752,2,2
1088,1.087999999999991,hold,100.0,3.2367886700218627,0.0031389667667172105,1.02180870682956,0.021808706829560043,0.003073773141435121,2.1329350220636507,0.006760292138929001,-0.06519362528208941,2,2
1089,1.0889999999999909,hold,100.0,3.233517243917902,-0.003271426103960806,1.0217623466864874,0.021762346686487355,-0.0030328803992930435,2.1299021416643575,0.006743759196074928,0.23854570466776268,2,2
1090,1.0899999999999908,hold,100.0,3.2366438341427974,0.003126590224895587,1.0217766986273122,0.02177669862731224,0.003061558916304137,2.1329637005806616,0.006727307138626085,-0.06503130859144982,2,2
1091,1.0909999999999906,hold,100.0,3.233385339268382,-0.0032584948744154296,1.0217305387664763,0.02173053876647635,-0.0030209833224711046,2.1299427172581904,0.006711027818533251,0.23751155194432502,2,2
1092,1.0919999999999905,hold,100.0,3.2364995985507594,0.0031142592823774073,1.021744850706718,0.021744850706717944,0.0030493954873928005,2.1329921127455833,0.006694826388860241,-0.06486379498460686,2,2
1093,1.0929999999999904,hold,100.0,3.233253980556507,-0.003245617994252381,1.0216988892642573,0.021698889264257337,-0.0030091307785510123,2.129982981967032,0.006678793688117987,0.2364872157013687,2,2
1094,1.0939999999999903,hold,100.0,3.2363559544377503,0.003101973881243225,1.0217131603115508,0.021713160311550794,0.0030372825521710104,2.133020264519203,0.006662836014121493,-0.06469132907221475,2,2
1095,1.0949999999999902,hold,100.0,3.2331231593105576,-0.003232795127192656,1.021667395472278,0.021667395472277917,-0.0029973226879009447,2.130022941831302,0.006647043208805396,0.2354724392917111,2,2
1096,1.09599999999999,hold,100.0,3.23621289326779,0.0030897339572324434,1.0216816247778449,0.021681624777844855,0.003025219815051488,2.1330481616463537,0.006631322690252957,-0.06451414218095526,2,2
1097,1.09699999999999,hold,100.0,3.232992867323462,-0.003220025944328242,1.0216360547727519,0.021636054772751878,-0.0029855589657871193,2.1300626026805665,0.0066157633203207805,0.2344669785411227,2,2
1098,1.0979999999999899,hold,100.0,3.2360704067636643,0.0030775394402025036,1.0216502415290594,0.021650241529059366,0.003013206986921404,2.133075809667488,0.0066002736138147155,-0.06433245328109956,2,2
1099,1.0989999999999898,hold,100.0,3.2328630966393135,-0.003207310124350826,1.0216048646330034,0.021604864633003373,-0.0029738395228051926,2.1301019701446826,0.00658494146864761,0.23347060154563357,2,2
1100,1.0999999999999897,hold,100.0,3.2359284868941054,0.003065390254791911,1.02161900807157,0.021619008071569912,0.0030012437847401086,2.133103213929423,0.006569676473684169,-0.06414647005180234,2,2
1101,1.1009999999999895,hold,100.0,3.232733839541327,-0.0031946473527781905,1.021573822601185,0.02157382260118501,-0.0029621642652623427,2.1301410496641604,0.006554565578673664,0.23248308751584776,2,2
1102,1.1019999999999894,hold,100.0,3.2357871258617084,0.0030532863203811544,1.0215879219905508,0.021587921990550818,0.002989329931151723,2.133130379595312,0.006539519424701435,-0.06395638922943123,2,2
1103,1.1029999999999893,hold,100.0,3.2326050885403506,-0.0031820373213578,1.021542926302242,0.02154292630224197,-0.00295053309552332,2.1301798464997885,0.0065246240287833174,0.23150422583448002,2,2
1104,1.1039999999999892,hold,100.0,3.235646316092419,0.0030412275520683707,1.021556980946046,0.021556980946046078,0.0029774651541509775,2.1331573116539393,0.0065097910631669595,-0.06376239791739324,2,2
1105,1.104999999999989,hold,100.0,3.23247683636448,-0.0031694797279389064,1.021512173434174,0.02151217343417411,-0.0029389459123278687,2.1302183657416114,0.006495105627222771,0.2305338156110377,2,2
1106,1.105999999999989,hold,100.0,3.235506049557352,0.003029213192871971,1.021526182446922,0.02152618244692195,0.0029656496741604548,2.1331840154157717,0.006480480313661434,-0.06356351871151643,2,2
1107,1.1069999999999889,hold,100.0,3.2323490750866446,-0.0031569744707073966,1.0214815615386597,0.021481561538659655,-0.0029274027889036242,2.130256612626868,0.006465999409294882,0.22957168180377233,2,2
1108,1.1079999999999888,hold,100.0,3.235366319783049,0.0030172446964042976,1.0214955245210575,0.02149552452105752,0.00295388241740768,2.133210495044276,0.006451576592713334,-0.06336227899661744,2,2
1109,1.1089999999999887,hold,100.0,3.2322218016028077,-0.003144518180241196,1.0214510887454702,0.021451088745470193,-0.002915900882148199,2.1302945941621276,0.006437295183661884,0.22861729809299686,2,4
1110,1.1099999999999886,hold,100.0,3.235227117208666,0.003005315605858261,1.0214650050433467,0.021465005043346697,0.0029421582344612996,2.1332367523965887,0.00642306979292439,-0.06315737139696125,2,2
1111,1.1109999999999884,hold,100.0,3.232095006318331,-0.003132110890335049,1.0214207528901142,0.021420752890114247,-0.0029044400256098735,2.130332312370979,0.0064089828970318695,0.2276708647251757,2,4
1112,1.1119999999999883,hold,100.0,3.2350884377028377,0.002993431384506806,1.0214346219317756,0.021434621931775588,0.0029304821662620903,2.133262794537241,0.006394950053972773,-0.06294921824471578,2,2
1113,1.1129999999999882,hold,100.0,3.231968682726505,-0.003119754976332878,1.0213905519270114,0.021390551927011447,-0.002893022793183197,2.130369771744058,0.006381052878531864,0.22673218314968108,2,4
1114,1.113999999999988,hold,100.0,3.2349502746576206,0.0029815919311158012,1.021404373168885,0.021404373168885105,0.002918853961488548,2.1332886257055463,0.006367207865980703,-0.06273796962725327,2,2
1115,1.114999999999988,hold,100.0,3.2318428245012862,-0.0031074501563344015,1.0213604838704229,0.021360483870422886,-0.0028816490708272365,2.130406976634719,0.006353495782890403,0.22580108550716502,2,4
1116,1.115999999999988,hold,100.0,3.23481262163916,0.0029697971378737087,1.0213742567947715,0.02137425679477145,0.002907273373951101,2.13331425000867,0.006339834044555529,-0.06252376392260756,2,2
1117,1.1169999999999878,hold,100.0,3.231717425483885,-0.0030951961552747598,1.0213305467900575,0.021330546790057525,-0.002870318740836517,2.1304439312678336,0.0063263025825626385,0.22487741443824288,2,4
1118,1.1179999999999877,hold,100.0,3.2346754723780577,0.0029580468941725613,1.021344270903777,0.021344270903776996,0.002895740161029386,2.133339671428863,0.006312819715515288,-0.06230673314317533,2,2
1119,1.1189999999999876,hold,100.0,3.2315924796744735,-0.003082992703584253,1.021300738808494,0.021300738808494035,-0.0028590316831244187,2.1304806397457385,0.006299464552952675,0.2239610204598343,2,4
1120,1.1199999999999875,hold,100.0,3.2345388207616774,0.0029463410872039297,1.0213144136420522,0.02131441364205222,0.0028842540834143,2.1333648938291527,0.006286156300581607,-0.0620870037896298,2,2
1121,1.1209999999999873,hold,100.0,3.2314679812264484,-0.0030708395352290196,1.0212710580988746,0.02127105809887464,-0.00284778777553018,2.1305171060536225,0.006272973258545615,0.22305175969883959,2,4
1122,1.1219999999999872,hold,100.0,3.2344026608280956,0.002934679601647172,1.0212846832052838,0.02128468320528376,0.0028728149049613784,2.133389920958584,0.0062598355039344,-0.0618646966857937,2,2
1123,1.1229999999999871,hold,100.0,3.231343924439347,-0.0030587363887484287,1.0212415028828108,0.021241502882810792,-0.00283658689405428,2.1305533340645297,0.006246820539871149,0.22214949469414852,2,4
1124,1.123999999999987,hold,100.0,3.2342669867598817,0.0029230623205345196,1.0212550778366667,0.02125507783666669,0.0028614223925874115,2.133414756457117,0.006233849299569261,-0.06163992794710809,2,2
1125,1.124999999999987,hold,100.0,3.2312203037537706,-0.003046683006111106,1.0212120714283406,0.021212071428340584,-0.002825428913023156,2.130589327544094,0.0062209985012369835,0.22125409308795027,2,4
1126,1.1259999999999868,hold,100.0,3.234131792878612,0.0029114891248416264,1.0212255958249206,0.021225595824920562,0.0028500763161439365,2.1334394038602382,0.006208189919391943,-0.061412808697689815,2,2
1127,1.1269999999999867,hold,100.0,3.2310971137457445,-0.0030346791328677014,1.021182762048156,0.021182762048155945,-0.0028143137052546122,2.1306250901549837,0.006195499499171834,0.22036542761308917,2,4
1128,1.1279999999999866,hold,100.0,3.233997074497685,0.0028999607519404336,1.021196235702912,0.02119623570291207,0.0028387762613883622,2.133463866416372,0.006182849915016543,-0.061184490552071334,2,2
1129,1.1289999999999865,hold,100.0,3.2309743496757797,-0.0030227248219052427,1.0211535732972274,0.021153573297227446,-0.002803241441435246,2.1306606249749365,0.006170316276480431,0.21948338046999658,2,4
1130,1.1299999999999863,hold,100.0,3.2338628253207133,0.0028884756449336635,1.0211669956396674,0.021166995639667396,0.002827522680787919,2.1334881476557244,0.006157821997086851,-0.06095296414574455,2,2
1131,1.1309999999999862,hold,100.0,3.2308520058008403,-0.0030108195198730314,1.02112450336263,0.021124503362629943,-0.002792211665932881,2.1306959359897917,0.006145441511225351,0.21860785394015037,2,4
1132,1.1319999999999861,hold,100.0,3.2337290400436762,0.0028770342428359186,1.0211378740456054,0.02113787404560541,0.002816314845761237,2.133512250835553,0.006133099031681358,-0.0607193970746816,2,2
1133,1.132999999999986,hold,100.0,3.230730077077455,-0.0029989629662212636,1.0210955506822808,0.02109555068228075,-0.002781224262444808,2.130731026573108,0.006120868253906882,0.21773870377645538,2,4
1134,1.133999999999986,hold,100.0,3.233595713496169,0.002865636418714068,1.0211088693754358,0.021108869375435768,0.002805152538729524,2.1335361791118377,0.006108674176631586,-0.06048387998454406,2,2
1135,1.1349999999999858,hold,100.0,3.2306085585771296,-0.0029871549190394475,1.0210667137315235,0.021066713731523468,-0.0027702790992235765,2.130765900012614,0.0060965897672353685,0.21687581981587106,2,4
1136,1.1359999999999857,hold,100.0,3.233462840622968,0.0028542820458383744,1.02107998012115,0.021079980121150088,0.0027940355430709912,2.133559935555685,0.006084540797507078,-0.06024650276738319,2,2
1137,1.1369999999999856,hold,100.0,3.2304874454826034,-0.0029753951403646006,1.0210379910219893,0.021037991021989333,-0.0027593760429357366,2.1308005595127493,0.00607259951738462,0.21601909742886405,2,4
1138,1.1379999999999855,hold,100.0,3.233330416479076,0.0028429709964727934,1.0210512048104063,0.021051204810406343,0.0027829636442381787,2.1335835231569873,0.00606069245917234,-0.06000735223461468,2,2
1139,1.1389999999999854,hold,100.0,3.2303667330845327,-0.002963683394543448,1.0210093811004195,0.0210093811004195,-0.0027485149594696084,2.1308350081975176,0.006048891165775302,0.21516843507383976,2,4
1140,1.1399999999999852,hold,100.0,3.2331984362261452,0.0028317031416125182,1.0210225420054346,0.02102254200543463,0.00277193662989378,2.1336069448274113,0.006037122917792726,-0.059766511718738285,2,2
1141,1.1409999999999851,hold,100.0,3.2302464167775553,-0.0029520194485899154,1.0209808825474058,0.02098088254740582,-0.0027376957140617395,2.1308692491133496,0.006025458561292065,0.2143237345281759,2,4
1142,1.141999999999985,hold,100.0,3.2330668953347392,0.0028204785571839253,1.020993990122289,0.020993990122289086,0.00276095542802384,2.1336302045413733,0.006013826057550872,-0.0595231291600851,2,4
1143,1.142999999999985,hold,100.0,3.230126490524977,-0.0029404048097623203,1.0209524937742591,0.020952493774259118,-0.002726919796223086,2.13090328474515,0.006002295617570401,0.21348501353923421,2,4
1144,1.1439999999999848,hold,100.0,3.232935788952714,0.00280929842773725,1.0209655479699544,0.020965547969954423,0.002750019157348836,2.133653303902499,0.005990795993159597,-0.0592792703884141,2,4
1145,1.1449999999999847,hold,100.0,3.2300069514891554,-0.0029288374635587644,1.0209242136368655,0.020924213636865474,-0.0027161854317087402,2.1309371184707904,0.005979396656509422,0.21265203185002415,2,4
1146,1.1459999999999846,hold,100.0,3.2328051125637245,0.0027981610745690944,1.0209372142144364,0.020937214214436395,0.00273912711873525,2.1336762455895255,0.005968027072666101,-0.05903395583384437,2,4
1147,1.1469999999999845,hold,100.0,3.2298877953568406,-0.0029173172068839293,1.020896040809893,0.020896040809893046,-0.0027054924663056116,2.13097075312322,0.0059567560464606276,0.21182474057831763,2,4
1148,1.1479999999999844,hold,100.0,3.2326748617204757,0.0027870663636351267,1.0209089875433752,0.020908987543375224,0.002728279107845438,2.1336990322310654,0.005945513745220504,-0.05878725578968872,2,4
1149,1.1489999999999843,hold,100.0,3.229769017903841,-0.0029058438166345013,1.0208679739971092,0.020867973997109157,-0.002694840763038763,2.1310041914680267,0.005934368315811131,0.21100305359573848,2,4
1150,1.1499999999999841,hold,100.0,3.232545032064631,0.0027760141607897637,1.0208808666730034,0.020880866673003373,0.0027174749228114155,2.133721666390838,0.005923250617058524,-0.05853923797834821,2,4
1151,1.150999999999984,hold,100.0,3.22965061499412,-0.0028944170705109684,1.0208400119308492,0.020840011930849167,-0.002684230185503045,2.131037436205335,0.005912228147075425,0.2101868850079235,2,4
1152,1.151999999999984,hold,100.0,3.2324156193256455,0.002765004331525489,1.0208528503476804,0.020852850347680363,0.002706714363745982,2.133744150569081,0.0059012324456565474,-0.05828996777950714,2,4
1153,1.1529999999999838,hold,100.0,3.2295325825772876,-0.002883036748357881,1.0208121533711152,0.020812153371115194,-0.0026736605968289647,2.131070489972252,0.005890330371189466,0.20937615152891642,2,4
1154,1.1539999999999837,hold,100.0,3.23228661931803,0.0027540367407423716,1.0208249373390057,0.0208249373390057,0.0026959972325337955,2.133766487204786,0.005879454134157517,-0.0580395082085761,2,4
1155,1.1549999999999836,hold,100.0,3.229414916685559,-0.0028717026324711625,1.0207843971045687,0.020784397104568697,-0.0026631318596405376,2.1311033553451453,0.005868669962071131,0.20857077283062495,2,4
1156,1.1559999999999835,hold,100.0,3.2321580279386497,0.002743111253090902,1.020797126444831,0.020797126444831004,0.0026853233327511013,2.1337886786778966,0.0058579107260636155,-0.057787920339800576,2,4
1157,1.1569999999999834,hold,100.0,3.229297613431735,-0.0028604145069146547,1.0207567419436676,0.02075674194366761,-0.002652643836107164,2.1311360348417896,0.005847242031440135,0.20777067080749062,2,4
1158,1.1579999999999833,hold,100.0,3.2320298411643154,0.0027322277325803057,1.0207694164884533,0.02076941648845332,0.002674692469592177,2.1338107273113818,0.0058365974001788066,-0.05753526298812872,2,4
1159,1.1589999999999832,hold,100.0,3.2291806690059808,-0.0028491721583345786,1.020729186725848,0.020729186725847892,-0.002642196388028092,2.131168530923354,0.0058260418238800455,0.20697577030648642,2,4
1160,1.159999999999983,hold,100.0,3.2319020550490145,0.0027213860430337355,1.020741806317703,0.02074180631770295,0.002664104449857287,2.1338326353732113,0.005815509465787755,-0.05728159317644867,2,4
1161,1.160999999999983,hold,100.0,3.2290640796740604,-0.002837975374954116,1.0207017303126453,0.020701730312645328,-0.0026317893769030516,2.1312008459963083,0.005805064712132712,0.20618599805106433,2,4
1162,1.1619999999999828,hold,100.0,3.2317746657216695,0.002710586047609098,1.0207142948042491,0.020714294804249134,0.0026535590819012906,2.1338544050782096,0.00579464235805937,-0.057026965707807506,2,4
1163,1.1629999999999827,hold,100.0,3.2289478417745645,-0.002826823947104984,1.0206743715889914,0.020674371588991436,-0.002621422663979497,2.13123298241423,0.0057843061926045585,0.20540128312548706,2,4
1164,1.1639999999999826,hold,100.0,3.2316476693839142,0.0026998276093497253,1.0206868808427294,0.020686880842729405,0.0026430561755912646,2.1338760385898214,0.005773991633658283,-0.056771433758460735,2,4
1165,1.1649999999999825,hold,100.0,3.2288319517170727,-0.002815717666841522,1.0206471094624407,0.02064710946244075,-0.002611096110304081,2.1312649424795174,0.005763761881080447,0.20462155653744102,2,4
1166,1.1659999999999824,hold,100.0,3.231521062308034,0.002689110590961441,1.0206595633501265,0.02065956335012653,0.0026325955422828997,2.1338975380218,0.005753552966554516,-0.05651504867854127,2,4
1167,1.1669999999999823,hold,100.0,3.228716405979844,-0.0028046563281902692,1.0206199428625315,0.02061994286253155,-0.0026008095767649135,2.1312967284450353,0.005743427508627987,0.2038467514253557,2,4
1168,1.1679999999999822,hold,100.0,3.2313948408347155,0.0026784348548716252,1.0206323412650133,0.020632341265013343,0.0026221769947757374,2.133918905439811,0.005733322144021593,-0.05625786009588783,2,4
1169,1.168999999999982,hold,100.0,3.228601201108056,-0.0027936397266596913,1.020592870740031,0.02059287074003091,-0.002590562924129634,2.1313283425156815,0.005723298917685532,0.2030768025300571,2,4
1170,1.169999999999982,hold,100.0,3.2312690013710594,0.002667800263003617,1.020605213546929,0.020605213546929013,0.0026118003472837994,2.1339401428629654,0.005713295062810069,-0.0559999157198174,2,4
1171,1.1709999999999818,hold,100.0,3.2284863337116154,-0.002782667659444016,1.0205658920663625,0.0205658920663625,-0.002580356013083142,2.1313597868498824,0.0057033720583190475,0.20231164636087384,2,4
1172,1.1719999999999817,hold,100.0,3.2311435403890068,0.0026572066773913328,1.0205781791757653,0.02057817917576532,0.002601465415404233,2.1339612522652867,0.005693467725487932,-0.055741261987099756,2,4
1173,1.1729999999999816,hold,100.0,3.2283718004633584,-0.0027717399256483866,1.020539005832966,0.020539005832965973,-0.0025701887042505543,2.1313910635610362,0.005683642984644152,0.20155122139783224,2,4
1174,1.1739999999999815,hold,100.0,3.2310184544232015,0.0026466539598430927,1.0205512371511203,0.020551237151120283,0.0025911720160779325,2.1339822355771143,0.005673836236941356,-0.055481943765160226,2,4
1175,1.1749999999999814,hold,100.0,3.2282575980975885,-0.0027608563256129592,1.0205122110507012,0.020512211050701223,-0.0025600608582272842,2.131422174718887,0.005664107851400207,0.200795467385675,2,4
1176,1.1759999999999813,hold,100.0,3.2308937400691713,0.002636141971582795,1.0205243864917595,0.020524386491759472,0.0025809199675643026,2.1340030946864514,0.005654396801020386,-0.0552220040184923,2,4
1177,1.1769999999999812,hold,100.0,3.228143723407948,-0.00275001666122332,1.0204855067492908,0.020485506749290838,-0.0025499723356078477,2.1314531223508437,0.00564476291067173,0.20004432561547242,2,4
1178,1.177999999999981,hold,100.0,3.2307693939821425,0.002625670574194494,1.0204976262350407,0.0204976262350407,0.0025707090894063088,2.13402383144025,0.005635145717330564,-0.05496148478818536,2,4
1179,1.178999999999981,hold,100.0,3.2280301732459646,-0.0027392207361778276,1.0204588919767914,0.020458891976791405,-0.0025399229970068018,2.131483908443243,0.005625604508743763,0.19929773917102578,2,4
1180,1.1799999999999808,hold,100.0,3.2306454128750013,0.0026152396290366475,1.020470955436368,0.02047095543636801,0.002560539202410158,2.1340444476456533,0.00561607937815845,-0.054700426626489315,2,4
1181,1.1809999999999807,hold,100.0,3.227916944519695,-0.0027284683553063793,1.0204323657990566,0.020432365799056607,-0.0025299127030832614,2.13151453494257,0.005606629083094082,0.19855565222311797,2,4
1182,1.1819999999999806,hold,100.0,3.230521793516833,0.0026048489971381983,1.0204443731687658,0.020444373168765795,0.0025504101286104174,2.1340649450711804,0.005597194265520407,-0.05443886852778091,2,4
1183,1.1829999999999805,hold,100.0,3.227804034191773,-0.0027177593250602428,1.0204059272992496,0.020405927299249615,-0.00251994131456271,2.1315450037566177,0.005587833159503029,0.19781801049753273,2,4
1184,1.1839999999999804,hold,100.0,3.23039853273152,0.0025944985397470255,1.0204178785222466,0.020417878522246635,0.002540321691250023,2.1340853254478676,0.00557848694833754,-0.054176848497002654,2,4
1185,1.1849999999999803,hold,100.0,3.227691439278325,-0.0027070934531949753,1.0203795755773124,0.020379575577312403,-0.0025100086922564264,2.1315753167556113,0.005569213349285952,0.19708476093854885,2,4
1186,1.1859999999999802,hold,100.0,3.2302756273961895,0.0025841881178645387,1.02039147060346,0.020391470603460027,0.002530273714751734,2.134105590470363,0.0055599540797207445,-0.053914403112804814,2,4
1187,1.18699999999998,hold,100.0,3.227579156847259,-0.0026964705489302965,1.0203533097496236,0.02035330974962357,-0.002500114697080259,2.131605475773283,0.005550766346633386,0.1963558518500376,2,4
1188,1.18799999999998,hold,100.0,3.2301530744400413,0.002573917592782138,1.0203651485351732,0.02036514853517324,0.00252026602469706,2.13412574179798,0.005541592394368363,-0.05365156808507772,2,4
1189,1.1889999999999799,hold,100.0,3.2274671840173963,-0.0026858904226449987,1.0203271289483706,0.020327128948370632,-0.002490259190067426,2.1316354826079125,0.005532488926060995,0.1956312325775726,2,4
1190,1.1899999999999797,hold,100.0,3.2300308708427323,0.002563686825336031,1.0203389114558958,0.020338911455895836,0.0025102984477994856,2.134145781055712,0.005523398706063321,-0.05338837753654556,2,4
1191,1.1909999999999796,hold,100.0,3.227355517956494,-0.0026753528862384357,1.0203010323213246,0.02030103232132463,-0.002480442032394723,2.1316653390233173,0.005514377939957678,0.1949108538437127,2,4
1192,1.1919999999999795,hold,100.0,3.229909013633299,0.002553495676805184,1.020312758519364,0.020312758519364094,0.002500370811884961,2.1341657098352025,0.0055053699052726056,-0.053124864920222996,2,4
1193,1.1929999999999794,hold,100.0,3.2272441558806486,-0.0026648577526504624,1.02027501903128,0.02027501903127993,-0.0024706630853865204,2.131695046749816,0.005496430316229804,0.19419466726394197,2,4
1194,1.1939999999999793,hold,100.0,3.22978749988887,0.0025433440082212044,1.020286688894234,0.020286688894233906,0.002490482945874258,2.1341855296956904,0.00548750295683725,-0.05286106234694658,2,4
1195,1.1949999999999792,hold,100.0,3.227133095052447,-0.0026544048364227635,1.0202490882556796,0.020249088255679615,-0.002460922210542207,2.131724607485148,0.005478643056039549,0.19348262588055662,2,4
1196,1.195999999999979,hold,100.0,3.229666326733487,0.002533231681039805,1.0202607017636205,0.020260701763620492,0.0024806346797566926,2.1342052421649047,0.005469794897752983,-0.05259700128311222,2,4
1197,1.196999999999979,hold,100.0,3.2270223327805265,-0.002643993952960333,1.0202232391862993,0.020223239186299313,-0.0024512192695397444,2.131754022895365,0.005461013231624707,0.1927746834205885,2,4
1198,1.1979999999999789,hold,100.0,3.229545491336829,0.002523158556302363,1.020234796324765,0.020234796324765103,0.00247082584457403,2.134224848739939,0.005452242835035462,-0.05233271172833294,2,4
1199,1.1989999999999787,hold,100.0,3.2269118664177037,-0.0026336249191252215,1.0201974710288197,0.020197471028819747,-0.002441554124251207,2.131783294615688,0.00544353798420826,0.1920707948740146,2,4
1200,1.1999999999999786,hold,100.0,3.2294249909133472,0.0025131244956435594,1.0202089717886431,0.020208971788643115,0.0024610562724037624,2.1342443508880917,0.005434843943664589,-0.05206822323979704,2,4
1201,1.2009999999999785,hold,100.0,3.226801693360353,-0.002623297552994064,1.0201717830024872,0.02017178300248723,-0.0024319266367597557,2.131812424251332,0.005426214521979202,0.1913709162343082,2,4
1202,1.2019999999999784,hold,100.0,3.2293048227208594,0.002503129360506229,1.0201832273796416,0.02018322737964162,0.0024513257963382534,2.13426375004767,0.005417595464608586,-0.05180356416797536,2,4
1203,1.2029999999999783,hold,100.0,3.226691811047274,-0.002613011673585408,1.0201461743397684,0.020146174339768397,-0.002422336669367654,2.1318414133783024,0.005409040118155115,0.19067500421775413,2,4
1204,1.2039999999999782,hold,100.0,3.2291849840597786,0.0024931730125046236,1.0201575623351948,0.020157562335194834,0.0024416342504679734,2.13428304762877,0.005400494702919337,-0.051538762036650206,2,4
1205,1.204999999999978,hold,100.0,3.226582216958676,-0.002602767101102632,1.0201206442860076,0.020120644286007572,-0.002412784084608227,2.1318702635441618,0.005392012109111313,0.18998301649440513,2,4
1206,1.205999999999978,hold,100.0,3.229065472272042,0.0024832553133662394,1.0201319759054666,0.02013197590546656,0.002431981469870713,2.1343022450140325,0.005383539025897673,-0.05127384349552658,2,4
1207,1.2069999999999779,hold,100.0,3.22647290861486,-0.0025925636571821897,1.0200951920991141,0.020095192099114145,-0.002403268745254563,2.131898976268778,0.005375127892581775,0.18929491192762674,2,4
1208,1.2079999999999778,hold,100.0,3.2289462847401227,0.0024733761252626607,1.0201064673530515,0.02010646735305155,0.002422367290584187,2.134321343559362,0.005366725861326709,-0.05100883467847386,2,4
1209,1.2089999999999776,hold,100.0,3.226363883575852,-0.0025824011642705536,1.0200698170492877,0.020069817049287675,-0.002393790514334563,2.1319275530450277,0.0053583849259234255,0.18861064993599053,2,4
1210,1.2099999999999775,hold,100.0,3.2288274188859507,0.0024635353100985746,1.020081035952636,0.020081035952635995,0.0024127915496089322,2.1343403445946367,0.005350052695768207,-0.05074376048964241,2,4
1211,1.2109999999999774,hold,100.0,3.226255139439968,-0.002572279445982595,1.020044518418656,0.020044518418655954,-0.002384349255139237,2.1319559953394975,0.00534178072444369,0.18793019084335782,2,4
1212,1.2119999999999773,hold,100.0,3.2287088721702975,0.002453732730329339,1.0200556809907553,0.020055680990755276,0.002403254084874196,2.1343592494243717,0.005333517072919554,-0.05047864545514296,2,4
1213,1.2129999999999772,hold,100.0,3.2261466738433198,-0.0025621983269776827,1.0200192955010075,0.02001929550100745,-0.002374944831224359,2.1319843045931473,0.005325312859786426,0.18725349575332387,2,4
1214,1.213999999999977,hold,100.0,3.228590642091612,0.002443968248292183,1.0200304017654505,0.020030401765450456,0.0023937547352351233,2.1343780593283825,0.0053171165920291264,-0.05021351305705985,2,4
1215,1.214999999999977,hold,100.0,3.226038484458578,-0.002552157633033847,1.0199941476015448,0.01999414760154483,-0.002365577106427845,2.132012482221955,0.005308978958375934,0.18658052660600186,2,4
1216,1.2159999999999769,hold,100.0,3.228472726185455,0.0024342417268767846,1.020005197586027,0.020005197586026924,0.0023842933404588378,2.1343967755624136,0.005300848906366922,-0.04994838641794686,2,4
1217,1.2169999999999768,hold,100.0,3.2259305689943956,-0.0025421571910593244,1.0199690740365914,0.019969074036591428,-0.002356245944872956,2.1320405296175404,0.005292776699914846,0.18591124618636856,2,4
1218,1.2179999999999767,hold,100.0,3.228355122023208,0.002424553028812504,1.019980067772782,0.01998006777278194,0.0023748697412059733,2.1344153993587462,0.005284711721749866,-0.049683287606530624,2,4
1219,1.2189999999999765,hold,100.0,3.2258229251945685,-0.002532196828639588,1.0199440741332861,0.019944074133286138,-0.002346951210977091,2.132068448147769,0.005276703815932923,0.18524561766249678,2,4
1220,1.2199999999999764,hold,100.0,3.228237827211855,0.0024149020172865576,1.01995501165677,0.01995501165676994,0.0023654837790205853,2.1344339319267895,0.005268702795114913,-0.049418238265972345,2,4
1221,1.2209999999999763,hold,100.0,3.2257155508370587,-0.002522276374796295,1.019919147229428,0.019919147229428003,-0.0023376927694577793,2.132096239157332,0.005260758088388288,0.18458360533851573,2,4
1222,1.2219999999999762,hold,100.0,3.2281208393928282,0.0024052885557694914,1.0199300285795083,0.01993002857950832,0.002356135296322904,2.1344523744536548,0.005252819933144562,-0.049153259446587605,2,4
1223,1.222999999999976,hold,100.0,3.225608443733525,-0.0025123956593033903,1.0198942926731485,0.01989429267314846,-0.0023284704853461075,2.1321239039683086,0.0052449373483130675,0.18392517395728275,2,4
1224,1.223999999999976,hold,100.0,3.2280041562413158,0.0023957125077909147,1.0199051178927645,0.0199051178927645,0.0023468241363925756,2.1344707281047013,0.005237060990935619,-0.04888837139833913,2,4
1225,1.2249999999999759,hold,100.0,3.225501601728306,-0.002502554513009958,1.0198695098226715,0.01986950982267155,-0.0023192842239815794,2.1321514438807196,0.005229239474506576,0.1832702890283786,2,4
1226,1.2259999999999758,hold,100.0,3.2278877754655966,0.0023861737372907754,1.019880278958324,0.019880278958323894,0.002337550143356906,2.1344889940240765,0.005221423870714943,-0.04862359393386934,2,4
1227,1.2269999999999757,hold,100.0,3.2253950226979553,-0.002492752767641271,1.0198447980461796,0.019844798046179557,-0.0023101338510341327,2.1321788601730423,0.0052136623922717385,0.1826189166071381,2,4
1228,1.2279999999999756,hold,100.0,3.2277716948062896,0.0023766721083342546,1.0198555111477503,0.019855511147750304,0.002328313162181535,2.1345071733352237,0.005205906520596024,-0.04835894615271962,2,4
1229,1.2289999999999754,hold,100.0,3.225288704550379,-0.0024829902559106998,1.019820156721456,0.019820156721455984,-0.0023010192324871928,2.1322061541027364,0.005198204072193788,0.18197102342350702,2,4
1230,1.2299999999999753,hold,100.0,3.2276559120356407,0.0023672074852618685,1.0198308138421754,0.019830813842175443,0.0023191130386557455,2.134525267141392,0.0051905069333781535,-0.048094446606123005,2,4
1231,1.2309999999999752,hold,100.0,3.225182645224164,-0.0024732668114766376,1.0197955852357734,0.019795585235773405,-0.002291940234663536,2.1322333269067286,0.005182862528957118,0.1813265768131015,2,4
1232,1.2319999999999751,hold,100.0,3.227540424956988,0.002357779732824028,1.0198061864320718,0.01980618643207177,0.002309949619391513,2.13454327652612,0.005175223145384533,-0.04783011343251512,2,4
1233,1.232999999999975,hold,100.0,3.225076842688026,-0.002463582268962039,1.0197710829856448,0.019771082985644783,-0.002282896724224669,2.1322603798018953,0.0051676358202042616,0.18068554473737009,2,4
1234,1.233999999999975,hold,100.0,3.227425231403946,0.0023483887159199135,1.0197816283170915,0.019781628317091515,0.00230082275180406,2.1345612025536993,0.005160053235336407,-0.047565964115853406,2,4
1235,1.2349999999999748,hold,100.0,3.2249712949400835,-0.002453936463862494,1.019746649376609,0.01974664937660897,-0.002273888568173043,2.1322873139855263,0.005152522045427635,0.180047895689451,2,4
1236,1.2359999999999747,hold,100.0,3.2273103292399754,0.0023390342998919067,1.019757138905791,0.019757138905790894,0.002291732284108661,2.134579046269635,0.005144995323265458,-0.047302015783245735,2,4
1237,1.2369999999999746,hold,100.0,3.2248660000072986,-0.0024443292326767896,1.0197222838230646,0.019722283823064624,-0.002264915633857529,2.1323141306357773,0.005137519344898692,0.17941359881926047,2,4
1238,1.2379999999999745,hold,100.0,3.227195716357407,0.0023297163501085905,1.0197327176154947,0.019732717615494666,0.002282678065306767,2.134596808701084,0.0051300475694604705,-0.047038284801823295,2,4
1239,1.2389999999999743,hold,100.0,3.224760955944836,-0.0024347604125711797,1.0196979857480462,0.019697985748046154,-0.002255977788978212,2.132340830912106,0.005122625898632608,0.1787826235929678,2,4
1240,1.2399999999999742,hold,100.0,3.227081390677337,0.0023204347325007646,1.0197083638721205,0.019708363872120493,0.0022736599451794698,2.1346144908572855,0.005115208173445628,-0.04677478732129482,2,4
1241,1.2409999999999741,hold,100.0,3.2246561608354734,-0.002425229841863441,1.0196737545830674,0.019673754583067415,-0.002247074901588314,2.1323674159556973,0.005107839925381977,0.1781549402751271,2,4
1242,1.241999999999974,hold,100.0,3.226967350148746,0.002311189313272788,1.019684077109921,0.019684077109920928,0.0022646777742717666,2.134632093729969,0.0051004753729935815,-0.04651153900102128,2,4
1243,1.242999999999974,hold,100.0,3.224551612789168,-0.0024157373595783405,1.0196495897679199,0.01964958976791986,-0.0022382068401022564,2.132393886889867,0.005093159681665311,0.17753051947608406,2,4
1244,1.2439999999999738,hold,100.0,3.2268535927479234,0.0023019799587555845,1.0196598567713793,0.01965985677137927,0.0022557314038985396,2.1346496182937655,0.005085847443165641,-0.04624855485704489,2,4
1245,1.2449999999999737,hold,100.0,3.2244473099422333,-0.0024062828056901076,1.0196254907505038,0.019625490750503793,-0.002229373473297245,2.132420244820468,0.005078583460823003,0.17690933239286263,2,4
1246,1.2459999999999736,hold,100.0,3.22674011647801,0.0022928065357765703,1.0196357023070086,0.019635702307008618,0.002246820686123888,2.134667065506592,0.005071322695385584,-0.045985849652682535,2,4
1247,1.2469999999999735,hold,100.0,3.2243432504572205,-0.0023968660207893677,1.019601456986692,0.019601456986692023,-0.002220574670319157,2.132446490836273,0.005064109592104313,0.17629135047021086,2,4
1248,1.2479999999999734,hold,100.0,3.2266269193685795,0.0022836689113590047,1.0196116131751758,0.01961161317517579,0.002237945473759576,2.1346844363100326,0.005056899476538635,-0.045723437599428596,2,4
1249,1.2489999999999732,hold,100.0,3.224239432521826,-0.002387486846753273,1.019577487940092,0.019577487940092064,-0.002211810300679904,2.1324726260093527,0.005049736439781005,0.17567654607336886,2,4
1250,1.2499999999999731,hold,100.0,3.22651399947487,0.002274566953043955,1.0195875888419774,0.01958758884197742,0.002229105620348038,2.1347017316297006,0.00504257616809904,-0.045461332695916935,2,4
1251,1.250999999999973,hold,100.0,3.2241358543490186,-0.0023781451258515496,1.0195535830819389,0.019553583081938886,-0.002203080234265968,2.1324986513954345,0.00503546240228743,0.17506489158558178,2,4
1252,1.251999999999973,hold,100.0,3.2264013548774977,0.0022655005284790697,1.0195636287810073,0.01956362878100726,0.0022203009801704176,2.134718952375605,0.005028351185284221,-0.04519954830865206,2,4
1253,1.2529999999999728,hold,100.0,3.224032514176096,-0.002368840701401531,1.0195297418909477,0.019529741890947694,-0.0021943843413354137,2.1325245680342695,0.005021285911388327,0.17445636006611745,2,4
1254,1.2539999999999727,hold,100.0,3.2262889836818696,0.0022564695057734063,1.0195397324732929,0.01953973247329288,0.0022115314082154407,2.134736099442485,0.0050142229762332674,-0.04493809755796562,2,4
1255,1.2549999999999726,hold,100.0,3.223929410264245,-0.0023595734176247163,1.0195059638531425,0.019505963853142516,-0.002185722492529407,2.132550376949956,0.005007205431368845,0.17385092509530908,2,4
1256,1.2559999999999725,hold,100.0,3.2261768840176472,0.002247473753402396,1.01951589940708,0.019515899407080095,0.0022027967602006988,2.1347531737101564,0.005000190021210405,-0.0446769932016971,2,4
1257,1.2569999999999724,hold,100.0,3.223826540898418,-0.0023503431192293256,1.0194822484616752,0.019482248461675233,-0.0021770945588671796,2.1325760791512893,0.004993219458249844,0.17324856036214598,2,4
1258,1.2579999999999723,hold,100.0,3.2260650540385223,0.00223851314010437,1.0194921290777195,0.019492129077719467,0.0021940968925497732,2.134770176043839,0.004986250831832067,-0.04441624755459686,2,4
1259,1.2589999999999721,hold,100.0,3.2237239043865316,-0.002341149651990726,1.0194585952167439,0.019458595216743868,-0.002168500411757754,2.1326016756320816,0.004979326519026927,0.17264924023297196,2,4
1260,1.259999999999972,hold,100.0,3.225953491921451,0.0022295875349196415,1.0194684209875091,0.019468420987509116,0.0021854316623783916,2.13478710729446,0.004972403950315819,-0.044155872541249905,2,4
1261,1.260999999999972,hold,100.0,3.2236214990590053,-0.0023319928624458974,1.0194350036254507,0.019435003625450697,-0.0021599399229816373,2.1326271673714787,0.004965525170929966,0.1720529394642601,2,4
1262,1.2619999999999718,hold,100.0,3.2258421958664605,0.0022206968074551803,1.0194447746455593,0.01944477464555927,0.0021768009275011054,2.13480396829898,0.004958647948751763,-0.04389587995407484,2,4
1263,1.2629999999999717,hold,100.0,3.2235193232687442,-0.002322872597716241,1.0194114732015915,0.019411473201591534,-0.0021514129647170806,2.132652555334263,0.004951814000704482,0.17145963299916056,2,4
1264,1.2639999999999716,hold,100.0,3.225731164096098,0.002211840827353928,1.0194211895676915,0.019421189567691455,0.0021682045464207224,2.1348207598806836,0.00494498142839398,-0.04363628093320562,2,4
1265,1.2649999999999715,hold,100.0,3.2234173753901496,-0.0023137887059485607,1.0193880034655902,0.01938800346559022,-0.0021429194095332277,2.1326778404711506,0.004938191623914877,0.17086929641533297,2,4
1266,1.2659999999999714,hold,100.0,3.225620394855116,0.0022030194649662604,1.0193976652762442,0.019397665276244203,0.0021596423783255218,2.134837482849476,0.004931403018973558,-0.04337708664073868,2,4
1267,1.2669999999999713,hold,100.0,3.2233156538191965,-0.0023047410359193776,1.0193645939443834,0.01936459394438339,-0.0021344591303858046,2.13270302371909,0.004924656684265663,0.17028190553357303,2,4
1268,1.2679999999999712,hold,100.0,3.225509886409898,0.002194232590701617,1.019374201300033,0.01937420130003309,0.0021511142830653376,2.1348541380021553,0.004917911378030131,-0.043118307636279274,2,4
1269,1.268999999999971,hold,100.0,3.22321415697278,-0.002295729437117977,1.0193412441712353,0.019341244171235283,-0.002126032000615647,2.1327281060015397,0.004911207852942964,0.16969743650232985,2,4
1270,1.269999999999971,hold,100.0,3.225399637048283,0.002185480075502788,1.019350797174111,0.019350797174110923,0.002142620121166541,2.1348707261227062,0.004904505190261468,-0.042859954336247306,2,4
1271,1.2709999999999708,hold,100.0,3.223112883288322,-0.0022867537599609022,1.0193179536856811,0.019317953685681122,-0.002117637893972035,2.132753088228734,0.004897843827974118,0.16911586598886705,2,4
1272,1.2719999999999707,hold,100.0,3.225289645078911,0.002176761790588788,1.0193274524397529,0.019327452439752868,0.002134159753821867,2.1348872479825562,0.004891183166893956,-0.042602036766921196,2,4
1273,1.2729999999999706,hold,100.0,3.2230118312235705,-0.002277813855340316,1.0192947220333308,0.019294722033330824,-0.0021092766845923604,2.1327779712979638,0.004884563333605645,0.16853717074795554,2,4
1274,1.2739999999999705,hold,100.0,3.2251799088312554,0.002168077607684893,1.0193041666443117,0.01930416664431167,0.002125733042874898,2.1349037043408385,0.004877944045067106,-0.042344564809994927,2,4
1275,1.2749999999999704,hold,100.0,3.2229109992559994,-0.0022689095752559396,1.0192715487658233,0.019271548765823265,-0.0021009482470164056,2.132802756093822,0.004871365119696739,0.16796132823953397,2,4
1276,1.2759999999999703,hold,100.0,3.2250704266546664,0.0021594273986669243,1.0192809393410531,0.019280939341053127,0.002117339850829311,2.1349200959446515,0.004864786587237379,-0.042087547837613495,2,4
1277,1.2769999999999702,hold,100.0,3.2228103858826556,-0.0022600407720108073,1.0192484334406906,0.019248433440690604,-0.0020926524561785524,2.132827443488473,0.004858247961132297,0.16738831583225497,2,4
1278,1.27799999999997,hold,100.0,3.2249611969185707,0.00215081103591519,1.0192577700891408,0.019257770089140758,0.0021089800408237943,2.1349364235292967,0.004851709580597519,-0.041830995091395644,2,4
1279,1.27899999999997,hold,100.0,3.2227099896196703,-0.0022512072989004928,1.0192253756212613,0.019225375621261254,-0.002084389187411008,2.1328520343418855,0.004845210657248951,0.16681811148948475,2,4
1280,1.2799999999999698,hold,100.0,3.224852218012039,0.0021422283923686614,1.019234658453412,0.01923465845341199,0.0021006534766429877,2.1349526878185285,0.004838711836512271,-0.04157491572567362,2,4
1281,1.2809999999999697,hold,100.0,3.2226098090019493,-0.002242409010089652,1.0192023748764933,0.019202374876493344,-0.002076158316450227,2.132876529502078,0.004832252031278294,0.16625069363942513,2,4
1282,1.2819999999999696,hold,100.0,3.2247434883428854,0.002133679340936112,1.019211604004371,0.019211604004371052,0.0020923600227056314,2.134968889524784,0.004825792189967741,-0.04131931823048076,2,4
1283,1.2829999999999695,hold,100.0,3.222509842583001,-0.002233645759884162,1.0191794307809618,0.019179430780961848,-0.0020679597194333712,2.1329009298053503,0.004819370929805593,0.1656860404507907,2,4
1284,1.2839999999999694,hold,100.0,3.2246350063380937,0.0021251637550925295,1.0191886063180344,0.01918860631803443,0.002084099544065599,2.1349850293494157,0.004812949499037699,-0.04106421102693068,2,4
1285,1.2849999999999693,hold,100.0,3.2224100889342613,-0.0022249174038324604,1.019156542914701,0.019156542914700925,-0.0020597932728997873,2.132925236076516,0.004806566222240531,0.1651241309326731,2,4
1286,1.2859999999999692,hold,100.0,3.2245267704430756,0.0021166815088142776,1.019165664975843,0.019165664975842933,0.0020758719063887245,2.1350011079829048,0.004800182644362223,-0.040809602425553176,2,4
1287,1.286999999999969,hold,100.0,3.2223105466450512,-0.0022162237980243304,1.019133710863077,0.019133710863076914,-0.00205165885378676,2.132949449129118,0.004793836800305416,0.16456494423757037,2,4
1288,1.287999999999969,hold,100.0,3.224418779121387,0.0021082324763357363,1.019142779564562,0.019142779564562007,0.002067676975971612,2.1350171261050894,0.004787490528641515,-0.04055550036412411,2,4
1289,1.2889999999999688,hold,100.0,3.2222112143222965,-0.0022075647990904557,1.0191109342167917,0.019110934216791664,-0.0020435563394426348,2.132973569765647,0.004781181577533805,0.16400845964782088,2,4
1290,1.2899999999999687,hold,100.0,3.2243110308545164,0.0020998165322199114,1.0191199496762011,0.01911994967620112,0.0020595146197213217,2.1350330843853684,0.004774872076142096,-0.04030191249858967,2,4
1291,1.2909999999999686,hold,100.0,3.222112090589933,-0.002198940264583449,1.0190882125716754,0.019088212571675367,-0.002035485607617627,2.132997598777751,0.004768599488783844,0.16345465696582195,2,4
1292,1.2919999999999685,hold,100.0,3.2242035241415143,0.0020914335515813676,1.0190971749078979,0.019097174907897863,0.00205138470515838,2.135048983482909,0.004762326232215895,-0.04004884642298768,2,4
1293,1.2929999999999684,hold,100.0,3.222013174088933,-0.0021903500525812802,1.0190655455286806,0.01906554552868056,-0.0020274465364664832,2.1330215369464427,0.004756089489764787,0.162903516114797,2,4
1294,1.2939999999999683,hold,100.0,3.224096257498739,0.002083083409806008,1.019074454861836,0.01907445486183601,0.0020432871004065433,2.1350648240468493,0.00474985196283324,-0.03979630939946474,2,4
1295,1.2949999999999682,hold,100.0,3.2219144634768853,-0.002181794021853811,1.019042932693738,0.019042932693738024,-0.002019439004549801,2.1330453850422995,0.00474365055657368,0.16235501730401009,2,4
1296,1.295999999999968,hold,100.0,3.2239892294595416,0.0020747659826563236,1.0190517891451458,0.019051789145145825,0.002035221674190457,2.13508060671649,0.00473744825412613,-0.03954430846586643,2,4
1297,1.296999999999968,hold,100.0,3.2218159574276557,-0.0021732720318858867,1.0190203736776857,0.01902037367768572,-0.0020114628908332976,2.1330691438256566,0.004731281685246087,0.16180914105258906,2,4
1298,1.2979999999999678,hold,100.0,3.2238824385738765,0.0020664811462207666,1.019029177369875,0.019029177369874972,0.0020271882958291707,2.1350963321214858,0.004725114111944247,-0.03929285039159591,2,4
1299,1.2989999999999677,hold,100.0,3.2217176546311306,-0.002164783942745885,1.0189978680962277,0.01899786809622772,-0.00200351807468785,2.133092814046798,0.004718981891318282,0.16126586805803503,2,4
1300,1.2999999999999676,hold,100.0,3.223775883408319,0.002058228777188642,1.0190066191528426,0.01900661915284263,0.002019186835240534,2.1351120008820383,0.00471284856142133,-0.03904194194810813,2,4
1301,1.3009999999999675,hold,100.0,3.2216195537930914,-0.0021563296152278255,1.0189754155697324,0.018975415569732368,-0.001995604435896014,2.1331163964461424,0.004706750209398072,0.16072517933181157,2,4
1302,1.3019999999999674,hold,100.0,3.223669562545602,0.0020500087525108235,1.0189841141155065,0.01898411411550649,0.0020112171629249466,2.1351276136090673,0.004700650646554488,-0.038791589585876904,2,4
1303,1.3029999999999673,hold,100.0,3.2215216536347295,-0.0021479089108726868,1.0189530157233078,0.018953015723307765,-0.001987721854640192,2.133139891754427,0.0046945856927492115,0.1601870562324948,2,4
1304,1.3039999999999672,hold,100.0,3.2235634745842434,0.002041820949513884,1.0189616618840383,0.01896166188403825,0.0020032791499631744,2.1351431709043904,0.004688519429791718,-0.0385417995507095,2,4
1305,1.304999999999967,hold,100.0,3.2214239528925934,-0.0021395216916499926,1.0189306681865897,0.018930668186589727,-0.001979870211509603,2.133163300692881,0.004682487412885846,0.1596514801403895,2,4
1306,1.305999999999967,hold,100.0,3.2234576181383803,0.002033665245786853,1.0189392620891238,0.018939262089123776,0.00199537266802125,2.1351586733609023,0.004676453991631622,-0.038292577765603256,2,4
1307,1.3069999999999669,hold,100.0,3.221326450318174,-0.002131167820206059,1.0189083725937407,0.018908372593740674,-0.001972049387505449,2.1331866239733968,0.00467045445917531,0.1591184327006099,2,4
1308,1.3079999999999667,hold,100.0,3.2233519918378386,0.0020255415196643867,1.0189169143659131,0.01891691436591314,0.0019874975893380328,2.1351741215627347,0.004664453430232195,-0.038043930326353906,2,4
1309,1.3089999999999666,hold,100.0,3.221229144677719,-0.0021228471601197896,1.0188861285833404,0.018886128583340378,-0.001964259264036253,2.1332098622986986,0.0046584859384533215,0.15858789608353677,2,4
1310,1.3099999999999665,hold,100.0,3.223246594327208,0.0020174496494891336,1.0188946183539365,0.018894618353936465,0.0019796537867278713,2.1351895160854264,0.0046525168610292355,-0.03779586276126236,2,4
1311,1.3109999999999664,hold,100.0,3.221132034752003,-0.0021145595752050106,1.0188639357983347,0.018863935798334674,-0.001956499722912974,2.1332330163625133,0.004646580974645881,0.15805985229203676,2,4
1312,1.3119999999999663,hold,100.0,3.2231414242663456,0.0020093895143427076,1.0188723736970817,0.018872373697081724,0.0019718411335636074,2.1352048574960767,0.004640643416365295,-0.037548380779100186,2,4
1313,1.3129999999999662,hold,100.0,3.2210351193361824,-0.002106304930163283,1.0188417938859298,0.01884179388592977,-0.0019487706463525833,2.133256086849724,0.00463473870840331,0.15753428381069973,2,4
1314,1.313999999999966,hold,100.0,3.223036480329532,0.002001360993349799,1.0188501800434642,0.01885018004346417,0.001964059503788441,2.1352201463535128,0.004628832245125909,-0.03730148956135803,2,4
1315,1.314999999999966,hold,100.0,3.2209383972393164,-0.002098083090215752,1.0188197024975625,0.018819702497562485,-0.0019410719169826603,2.13327907443653,0.004622958296741846,0.1570111732330918,2,4
1316,1.3159999999999659,hold,100.0,3.2229317612055945,0.001993363966278139,1.018828037045375,0.018828037045375057,0.001956308771901416,2.1352353832084314,0.004617082512386707,-0.03705519437672286,2,4
1317,1.3169999999999658,hold,100.0,3.220841867284416,-0.0020898939211786427,1.0187976612887977,0.018797661288797674,-0.0019334034178339315,2.1333019797905974,0.004611238912693371,0.15649050334471118,2,4
1318,1.3179999999999656,hold,100.0,3.2228272655976262,0.001985398313210318,1.0188059443592152,0.018805944359215232,0.0019485888129555662,2.1352505686035532,0.004605393399067035,-0.036809500254751965,2,4
1319,1.3189999999999655,hold,100.0,3.220745528308062,-0.0020817372895640673,1.018775669919251,0.018775669919250948,-0.0019257650323441923,2.133324803571209,0.004599579744964729,0.15597225721987507,2,4
1320,1.3199999999999654,hold,100.0,3.222722992222659,0.0019774639145966333,1.0187839016454519,0.01878390164545185,0.0019408995025635284,2.1352657030737725,0.004593764101594283,-0.0365644120331049,2,4
1321,1.3209999999999653,hold,100.0,3.2206493791601996,-0.002073613062459234,1.0187537280525836,0.018753728052583574,-0.0019181566443623279,2.1333475464294103,0.0045879799976049195,0.15545641809690627,2,4
1322,1.3219999999999652,hold,100.0,3.222618939811578,0.0019695606513785435,1.0187619085685073,0.018761908568507346,0.0019332407168801624,2.13528078714629,0.004582193831573304,-0.036319934498381175,2,4
1323,1.322999999999965,hold,100.0,3.2205534187039366,-0.002065521107641466,1.0187318353563795,0.018731835356379456,-0.0019105781381349547,2.1333702090081554,0.004576438889680185,0.15494296950651124,2,4
1324,1.323999999999965,hold,100.0,3.2225151071086797,0.0019616884047430894,1.0187399647967064,0.018739964796706365,0.001925612332607589,2.135295821340763,0.004570681815468114,-0.03607607213550038,2,4
1325,1.3249999999999649,hold,100.0,3.2204576458154266,-0.0020574612932531267,1.018709991502082,0.01870999150208208,-0.0019030293983194613,2.133392791942444,0.00456495565495698,0.15443189493366538,2,4
1326,1.3259999999999648,hold,100.0,3.2224114928718497,0.001953847056423097,1.0187180700022744,0.018718070002274434,0.0019180142269848075,2.1353108061694286,0.004559227294285161,-0.0358328294382895,2,4
1327,1.3269999999999647,hold,100.0,3.220362059383561,-0.0020494334882887877,1.0186881961649965,0.018688196164996507,-0.0018955103099738014,2.133415295859455,0.004553529541591638,0.15392317831498628,2,4
1328,1.3279999999999645,hold,100.0,3.222308095871994,0.001946036488432945,1.0186962238611628,0.018696223861162764,0.0019104462777933349,2.1353257421372485,0.004547829523270606,-0.035590210639610195,2,4
1329,1.3289999999999644,hold,100.0,3.220266658309774,-0.002041437562219972,1.0186664490241266,0.01866644902412662,-0.001888020758566868,2.1334377213786815,0.004542159811829406,0.1534168036531041,2,4
1330,1.3299999999999643,hold,100.0,3.222204914893092,0.001938256583318143,1.018674426053099,0.018674426053099102,0.001902908363350486,2.135340629742032,0.004536487771609429,-0.03534821996765709,2,4
1331,1.3309999999999642,hold,100.0,3.220171441507903,-0.0020334733851892217,1.018644749762224,0.018644749762223967,-0.0018805606299681643,2.133460069112064,0.004530845741708084,0.1529127552210574,2,4
1332,1.331999999999964,hold,100.0,3.2221019487316815,0.0019305072237787435,1.018652676261471,0.018652676261470935,0.0018954003625006016,2.1353554694745647,0.004525201322134947,-0.03510686127814193,2,4
1333,1.332999999999964,hold,100.0,3.2200764079040627,-0.0020255408276188547,1.0186230980656363,0.018623098065636334,-0.001873129810451285,2.1334823396641136,0.004519586620771039,0.15241101716756975,2,4
1334,1.3339999999999639,hold,100.0,3.2219991961971153,0.0019227882930525908,1.0186309741732755,0.018630974173275527,0.0018879221546160337,2.13537026181873,0.004513969471043642,-0.03486613843655707,2,4
1335,1.3349999999999638,hold,100.0,3.2199815564362106,-0.0020176397609046326,1.0186014936243197,0.01860149362431973,-0.001865728186690908,2.133504533632039,0.004508381751784103,0.15191157421372453,2,4
1336,1.3359999999999637,hold,100.0,3.221896656111089,0.0019150996748784621,1.0186093194790513,0.01860931947905131,0.0018804736195943542,2.1353850072516334,0.004502791527617196,-0.03462605528410786,2,4
1337,1.3369999999999636,hold,100.0,3.219886886054134,-0.00200977005695524,1.0185799361317276,0.018579936131727592,-0.001858355645769948,2.1335266516058633,0.004497230450462202,0.15141441118529209,2,4
1338,1.3379999999999634,hold,100.0,3.221794327307379,0.0019074412532451568,1.0185877118728692,0.018587711872869228,0.0018730546378581264,2.1353997062437213,0.004491666813949659,-0.03438661538703036,2,4
1339,1.3389999999999633,hold,100.0,3.219792395719383,-0.0020019315879959976,1.0185584252848239,0.018558425284823876,-0.0018510120751709174,2.1335486941685504,0.004486132045199986,0.15091951282508015,2,4
1340,1.3399999999999632,hold,100.0,3.22169220863199,0.0018998129126068797,1.0185661510522317,0.018566151052231694,0.001865665090342025,2.1354143592588923,0.004480594664683889,-0.03414782226485472,2,4
1341,1.340999999999963,hold,100.0,3.219698084404879,-0.0019941242271110937,1.0185369607839416,0.018536960783941625,-0.001843697362774812,2.1335706618961177,0.0044750858768092434,0.15042686433628175,2,4
1342,1.341999999999963,hold,100.0,3.221590298942608,0.0018922145377291422,1.0185446367180304,0.018544636718030416,0.0018583048584999646,2.135428966754618,0.0044695744267505425,-0.03390967922917761,2,4
1343,1.342999999999963,hold,100.0,3.219603951094883,-0.0019863478477248897,1.0185155423328156,0.018515542332815604,-0.001836411396871901,2.1335925553577457,0.004464091298262791,0.14993645085298865,2,4
1344,1.3439999999999628,hold,100.0,3.2214885971087712,0.0018846460138881582,1.0185231685745033,0.018523168574503313,0.0018509738242944392,2.13544352918204,0.004458605459115283,-0.033672189593718975,2,4
1345,1.3449999999999627,hold,100.0,3.21950999478481,-0.001978602323961187,1.018494169638478,0.018494169638477942,-0.0018291540661386995,2.133614375115901,0.004453147674444712,0.1494482578224877,2,4
1346,1.3459999999999626,hold,100.0,3.2213871020113047,0.0018771072264947009,1.0185017463292283,0.018501746329228297,0.0018436718701944374,2.1354580469860958,0.004447687132531382,-0.033435356300263445,2,4
1347,1.3469999999999624,hold,100.0,3.219416214480767,-0.001970887530537535,1.0184728424112375,0.018472842411237478,-0.0018219252596656428,2.13363612172643,0.004442254381903751,0.1489622708718923,2,4
1348,1.3479999999999623,hold,100.0,3.2212858125426367,0.0018695980618694819,1.0184803696929283,0.018480369692928322,0.0018363988791839758,2.1354725206056138,0.00443681882929667,-0.033199182685506076,2,4
1349,1.3489999999999622,hold,100.0,3.219322609200061,-0.0019632033425756035,1.0184515603645865,0.018451560364586506,-0.0018147248669374972,2.133657795738676,0.00443141080861598,0.14847847563810623,2,4
1350,1.3499999999999621,hold,100.0,3.2211847276062318,0.0018621184061706764,1.0184590383796024,0.018459038379602388,0.0018291547347419209,2.135486950473418,0.004425999943018723,-0.032963671428755476,2,4
1351,1.350999999999962,hold,100.0,3.2192291779703615,-0.0019555496358703017,1.0184303232152085,0.018430323215208544,-0.0018075527778355501,2.1336793976955826,0.0044206163537495085,0.1479968580347516,2,4
1352,1.351999999999962,hold,100.0,3.221083846116641,0.0018546681462794368,1.0184377521063757,0.01843775210637566,0.001821939320852404,2.135501337016435,0.0044152298783823405,-0.03272882542703281,2,4
1353,1.3529999999999618,hold,100.0,3.2191359198299585,-0.0019479262866823888,1.0184091306829275,0.018409130682927488,-0.0018004088826418972,2.133700928133793,0.0044098704274368175,0.1475174040404916,2,4
1354,1.3539999999999617,hold,100.0,3.2209831669992433,0.0018472471692847492,1.0184165105934677,0.018416510593467716,0.0018147525219900202,2.135515680655783,0.004404508050923355,-0.032494647294728986,2,4
1355,1.3549999999999616,hold,100.0,3.21904283382732,-0.0019403331719232142,1.0183879824905826,0.0183879824905826,-0.0017932930720306274,2.1337223875837523,0.004399172450550718,0.1470400998925868,2,4
1356,1.3559999999999615,hold,100.0,3.220882689190163,0.0018398553628431458,1.0183953135641428,0.018395313564142812,0.0018075942231272298,2.1355299818068794,0.0043938338868089845,-0.032261139715915925,2,4
1357,1.3569999999999613,hold,100.0,3.218949919021238,-0.0019327701689251242,1.0183668783640885,0.018366878364088457,-0.0017862052370781457,2.1337437765698013,0.004388521854486487,0.14656493184697855,2,4
1358,1.3579999999999612,hold,100.0,3.22078241163611,0.001832492614871839,1.0183741607446943,0.018374160744694334,0.0018004643097308181,2.135544240879532,0.004383206822620585,-0.032028305141020876,2,4
1359,1.3589999999999611,hold,100.0,3.2188571744804664,-0.0019252371556435222,1.0183458180323113,0.01834581803231128,-0.0017791452692533694,2.1337650956102787,0.004377918080947173,0.14609188639015278,2,4
1360,1.359999999999961,hold,100.0,3.2206823332942465,0.0018251588137800923,1.0183530518643593,0.018353051864359315,0.0017933626677513307,2.1355584582780303,0.004372626305143012,-0.03179614602876152,2,4
1361,1.360999999999961,hold,100.0,3.2187645992836655,-0.0019177340105809293,1.018324801227094,0.018324801227094012,-0.0017721130604201308,2.1337863452176102,0.004367360581736649,0.1456209501607985,2,4
1362,1.3619999999999608,hold,100.0,3.220582453131848,0.001817853848182338,1.0183319866553202,0.01833198665532021,0.0017862891836271334,2.1355726344012376,0.004362091791158217,-0.03156466455520469,2,4
1363,1.3629999999999607,hold,100.0,3.2186721925192368,-0.0019102606126111255,1.018303827683108,0.01830382768310801,-0.0017651085028321804,2.1338075258984053,0.00435684881855325,0.145152109778945,2,4
1364,1.3639999999999606,hold,100.0,3.220482770126507,0.001810577607270325,1.018310964852637,0.018310964852636946,0.0017792437442757558,2.135586769642681,0.004351602747242674,-0.031333862994569174,2,4
1365,1.3649999999999605,hold,100.0,3.2185799532851913,-0.0019028168413157687,1.0182828971379845,0.018282897137984477,-0.0017581314891463788,2.1338286381535347,0.004346382262791128,0.14468535216938988,2,4
1366,1.3659999999999604,hold,100.0,3.2203832832658135,0.0018033299806221592,1.0182899861941823,0.018289986194182317,0.0017722262371099307,2.1356008643906446,0.004341158649570541,-0.031103743512228554,2,4
1367,1.3669999999999602,hold,100.0,3.2184878806889365,-0.0018954025768769256,1.0182620093320611,0.018262009332061124,-0.001751181912407235,2.133849682478237,0.0043359603953447776,0.14422066446969067,2,4
1368,1.3679999999999601,hold,100.0,3.2202839915470713,0.0017961108581348029,1.0182690504206557,0.01826905042065574,0.0017652365500009839,2.1356149190282383,0.004330758983720354,-0.030874308133818987,2,4
1369,1.36899999999996,hold,100.0,3.218395973847369,-0.0018880176997022602,1.0182411640085294,0.018241164008529376,-0.0017442596660393473,2.133870659362199,0.0043255827064183116,0.14375803366291284,2,4
1370,1.36999999999996,hold,100.0,3.2201848939774513,0.00178892013008225,1.0182481572754942,0.018248157275494226,0.001758274571302763,2.1356289339335017,0.0043204032444849666,-0.030645558779487023,2,4
1371,1.3709999999999598,hold,100.0,3.2183042318864814,-0.0018806620909699312,1.018220360913267,0.018220360913266953,-0.0017373646438746057,2.133891569289627,0.0043152486953383345,0.14329744709532552,2,4
1372,1.3719999999999597,hold,100.0,3.220085989573626,0.0017817576871443919,1.0182273065048841,0.018227306504884133,0.0017513401898447806,2.135642909479472,0.004310090935688943,-0.030417497299611244,2,4
1373,1.3729999999999596,hold,100.0,3.2182126539413627,-0.0018733356322631067,1.0181995997948488,0.018199599794848753,-0.0017304967401250814,2.1339124127393467,0.004304957870370161,0.14283889213802528,2,4
1374,1.3739999999999595,hold,100.0,3.219987277361786,0.001774623420423449,1.0182064978576528,0.018206497857652826,0.0017444332949250107,2.1356568460342715,0.004299821570005372,-0.030190125498438282,2,4
1375,1.3749999999999594,hold,100.0,3.2181212391561314,-0.0018660382056547853,1.0181788804045453,0.018178880404545295,-0.0017236558493926696,2.133933190184879,0.004294709748540823,0.14238235626211565,2,4
1376,1.3759999999999593,hold,100.0,3.2198887563773564,0.0017675172212250345,1.0181857310852769,0.01818573108527688,0.0017375537763060559,2.135670743961185,0.004289594668780725,-0.02996344491897865,2,4
1377,1.3769999999999591,hold,100.0,3.21802998668354,-0.0018587696938165976,1.018158202496214,0.018158202496213915,-0.001716841866668092,2.133953902094517,0.004284503855462811,0.14192782714850552,2,4
1378,1.377999999999959,hold,100.0,3.219790425665228,0.001760438981688317,1.0181650059418843,0.018165005941884305,0.0017307015242181058,2.135684603618735,0.004279409761860644,-0.029737457470211184,2,4
1379,1.378999999999959,hold,100.0,3.217938895685308,-0.001851529979920219,1.0181375658262795,0.018137565826279456,-0.0017100546873300554,2.133974548931405,0.0042743397251626776,0.14147529259016353,2,4
1380,1.3799999999999588,hold,100.0,3.2196922842791027,0.0017533885937948135,1.0181443221841018,0.01814432218410178,0.0017238764293550871,2.13569842536076,0.004269266387421377,-0.02951216443972636,2,4
1381,1.3809999999999587,hold,100.0,3.2178479653315177,-0.0018443189475849664,1.0181169701537882,0.018116970153788214,-0.0017032942071411113,2.1339951311536187,0.004264216899914581,0.1410247404438551,2,4
1382,1.3819999999999586,hold,100.0,3.219594331281712,0.0017463659501943951,1.018123679571152,0.018123679571151907,0.0017170783828688034,2.1357122095364875,0.004259164091803216,-0.02928756732559169,2,4
1383,1.3829999999999585,hold,100.0,3.2177571948007904,-0.0018371364809217638,1.018096415240202,0.01809641524020189,-0.0016965603222511346,2.1340156492142364,0.004254134930075659,0.14057615867062925,2,4
1384,1.3839999999999584,hold,100.0,3.219496565744859,0.001739370944068508,1.018103077864736,0.018103077864735972,0.0017103072763706936,2.135725956490607,0.004249102429349583,-0.029063667697814318,2,4
1385,1.3849999999999583,hold,100.0,3.2176665832802067,-0.0018299824646521579,1.0180759008495215,0.018075900849521487,-0.0016898529291909966,2.134036103561416,0.0042440933739257836,0.14012953546116122,2,4
1386,1.3859999999999582,hold,100.0,3.2193989867487574,0.0017324034685506362,1.0180825168289918,0.018082516828991757,0.0017035630019207196,2.1357396665633366,0.004239080962247002,-0.028840466629916593,2,4
1387,1.386999999999958,hold,100.0,3.2175761299649457,-0.001822856783811666,1.018055426748183,0.018055426748182946,-0.001683171924869861,2.134056494638467,0.004234091797510631,0.139684858941805,2,4
1388,1.387999999999958,hold,100.0,3.2193015933825,0.0017254634175545291,1.0180619962305382,0.01806199623053817,0.0016968454520377965,2.1357533400905044,0.00422909926037109,-0.02861796551673263,2,4
1389,1.3889999999999578,hold,100.0,3.2174858340583734,-0.0018157593241268088,1.01803499270502,0.01803499270502007,-0.0016765172065909349,2.1340768228839133,0.004224129774487734,0.13924211753587395,2,4
1390,1.3899999999999577,hold,100.0,3.219204384743551,0.0017185506851777888,1.0180415158383433,0.018041515838343347,0.001690154519691759,2.135766977403605,0.004219156901133327,-0.028396165486029804,2,4
1391,1.3909999999999576,hold,100.0,3.2173956947718856,-0.0018086899716656113,1.01801459849124,0.018014598491240097,-0.001669888672029284,2.1340970887315756,0.0042142068859763555,0.13880129963632729,2,4
1392,1.3919999999999575,hold,100.0,3.2191073599378033,0.0017116651659176974,1.018021075423769,0.018021075423769073,0.0016834900982994699,2.135780578829875,0.0042092534693331995,-0.0281750676182275,2,4
1393,1.3929999999999574,hold,100.0,3.217305711324694,-0.0018016486131093856,1.0179942438804206,0.01799424388042059,-0.001663286219245589,2.1341172926106298,0.004204322720410949,0.13836239386379656,2,4
1394,1.3939999999999573,hold,100.0,3.2190105180794615,0.001704806754767585,1.0180006747604995,0.01800067476049949,0.0016768520817235207,2.1357941446923534,0.004199388557011769,-0.02795467304406423,2,4
1395,1.3949999999999572,hold,100.0,3.217215882944017,-0.0017946351354445333,1.0179739286484317,0.017973928648431725,-0.0016567097466758792,2.1341374349456776,0.0041944768733956726,0.1379253887686541,2,4
1396,1.395999999999957,hold,100.0,3.2189138582908807,0.0016979753468637782,1.017980313624533,0.017980313624532895,0.0016702403642691011,2.135807675309947,0.004189561763310632,-0.027734982594677025,2,4
1397,1.396999999999957,hold,100.0,3.217126208864557,-0.0017876494263235898,1.0179536525734283,0.01795365257342829,-0.0016501591531324316,2.1341575161568143,0.004184668947564618,0.13749027319115817,2,4
1398,1.3979999999999568,hold,100.0,3.218817379702638,0.00169117083808068,1.0179599917941289,0.017959991794128882,0.0016636548406808308,2.1358211709974952,0.00417977269433042,-0.027515997399849217,2,4
1399,1.3989999999999567,hold,100.0,3.2170366883287516,-0.0017806913738862562,1.0179334154358026,0.017933415435802624,-0.001643634337808023,2.134177536659687,0.004174898552442827,0.13705703607823316,2,4
1400,1.3999999999999566,hold,100.0,3.2187210814530496,0.0016843931242980226,1.0179397090498028,0.0179397090498028,0.0016570954061494866,2.1358346320658366,0.0041700209629953605,-0.02729771814853599,2,4
1401,1.4009999999999565,hold,100.0,3.2169473205864954,-0.0017737608665542304,1.0179132170182397,0.01791321701823967,-0.001637135200272285,2.134197496865564,0.004165165304311955,0.13662566628194545,2,4
1402,1.4019999999999564,hold,100.0,3.2186249626884393,0.001677642101943988,1.017919465174241,0.017919465174240923,0.001650561956294589,2.1358480588218587,0.0041603061889199785,-0.02708014564939908,2,4
1403,1.4029999999999563,hold,100.0,3.2168581048950844,-0.0017668577933549479,1.0178930571055116,0.01789305710551159,-0.001630661640465819,2.1342173971813927,0.004155468826077545,0.13619615288912876,2,4
1404,1.4039999999999562,hold,100.0,3.2185290225629477,0.0016709176678633142,1.0178992599523615,0.017899259952361524,0.001644054387175377,2.135861451568568,0.0041506279982762295,-0.026863280687937103,2,4
1405,1.404999999999956,hold,100.0,3.2167690405191838,-0.0017599820437639302,1.0178729354846263,0.017872935484626318,-0.0016242135587037458,2.1342372380098644,0.00414580874713907,0.13576848506018438,2,4
1406,1.405999999999956,hold,100.0,3.2184332602383305,0.0016642197191467645,1.0178790931712198,0.01787909317121983,0.0016375725952777393,2.135874810605142,0.004140986023667628,-0.02664712386902515,2,4
1407,1.4069999999999558,hold,100.0,3.2166801267304823,-0.0017531335078482257,1.0178528519447123,0.01785285194471231,-0.0016177908556737404,2.134257019749468,0.004136184703263732,0.1353426521744853,2,4
1408,1.4079999999999557,hold,100.0,3.218337674883958,0.0016575481534757408,1.0178589646199616,0.017858964619961615,0.0016311164775264825,2.1358881362269946,0.00413137990400225,-0.02643167594925831,2,4
1409,1.4089999999999556,hold,100.0,3.216591362808071,-0.0017463120758871575,1.0178328062769926,0.017832806276992574,-0.0016113934324385032,2.134276742794556,0.004126596336462001,0.1349186434486543,2,4
1410,1.4099999999999555,hold,100.0,3.218242265676662,0.001650902868591153,1.0178388740899018,0.017838874089901813,0.0016246859312662148,2.135901428725822,0.004121809284370415,-0.02621693732493828,2,4
1411,1.4109999999999554,hold,100.0,3.2165027480377892,-0.0017395176388728117,1.0178127982747893,0.01781279827478932,-0.0016050211904297912,2.134296407535392,0.0041170432948658625,0.13449644844302058,2,4
1412,1.4119999999999553,hold,100.0,3.2181470318006666,0.0016442837628773965,1.0178188213743449,0.017818821374344873,0.0016182808542791385,2.135914688389671,0.004112273815923669,-0.02600290859825806,2,4
1413,1.4129999999999552,hold,100.0,3.2164142817125363,-0.0017327500881303415,1.017792827733455,0.01779282773345492,-0.0015986740314526571,2.1343160143582183,0.004107525232609563,0.13407605667768435,2,4
1414,1.413999999999955,hold,100.0,3.218051972447487,0.0016376907349506808,1.0177988062687033,0.017798806268703338,0.001611901144759033,2.135927915502977,0.004102773155757715,-0.025789590191647744,2,4
1415,1.414999999999955,hold,100.0,3.2163259631320837,-0.0017260093154032319,1.0177728944503803,0.017772894450380328,-0.0015923518576678591,2.134335563645309,0.004098041809713472,0.13365745773537274,2,4
1416,1.4159999999999549,hold,100.0,3.217957086816005,0.001631123683921043,1.0177788285703677,0.017778828570367722,0.0016055467013249623,2.1359411103466344,0.004093306966796542,-0.0255769825960807,2,4
1417,1.4169999999999547,hold,100.0,3.2162377916029157,-0.0017192952130891115,1.0177529982249556,0.017752998224955574,-0.0015860545716186547,2.1343550557750155,0.004088592691969614,0.1332406414704568,2,4
1418,1.4179999999999546,hold,100.0,3.2178623741119874,0.0016245825090717148,1.017758888078742,0.01775888807874204,0.0015992174230191189,2.1359542731980348,0.0040838749176791665,-0.025365086052595888,2,4
1419,1.4189999999999545,hold,100.0,3.2161497664381926,-0.0017126076737947749,1.0177331388585662,0.0177331388585662,-0.00157978207620394,2.134374491121831,0.004079177550829102,0.13282559759083493,2,4
1420,1.4199999999999544,hold,100.0,3.217767833548442,0.001618067110249477,1.0177389845951772,0.0177389845951772,0.0015929132093028037,2.135967404331134,0.0040744766826494834,-0.025153900946673365,2,4
1421,1.4209999999999543,hold,100.0,3.2160618869576947,-0.0017059465907474092,1.017713316154504,0.017713316154504,-0.0015735342746996813,2.134393870056434,0.004069796063293605,0.13241231604772785,2,4
1422,1.4219999999999542,hold,100.0,3.2176734643451392,0.0016115773874445516,1.0177191179229976,0.01771911792299763,0.0015866339600456609,2.13598050401648,0.0040651119414472124,-0.024943427398890727,2,4
1423,1.422999999999954,hold,100.0,3.2159741524875503,-0.001699311857588981,1.0176935299180148,0.01769352991801476,-0.0015673110707288091,2.1344131929457513,0.004060447911807449,0.1320007868601718,2,4
1424,1.423999999999954,hold,100.0,3.2175792657290234,0.0016051132414731661,1.0176992878673925,0.0176992878673925,0.0015803795755371653,2.1359935725212886,0.004055780379202154,-0.024733665936000876,2,4
1425,1.4249999999999539,hold,100.0,3.2158865623606347,-0.0016927033683886705,1.0176737799562448,0.01767377995624475,-0.001561112368293354,2.134432460152995,0.004051132784152852,0.13159100009531646,2,4
1426,1.4259999999999537,hold,100.0,3.2174852369334,0.0015986745727651908,1.0176794942354923,0.01767949423549231,0.001574149956476127,2.1360066101094715,0.004046481686329767,-0.02452461628906378,2,4
1427,1.4269999999999536,hold,100.0,3.2157991159157713,-0.0016861210176286612,1.0176540660782094,0.017654066078209407,-0.0015549380717468314,2.1344516720377245,0.0040418503733460065,0.13118294588182977,2,4
1428,1.4279999999999535,hold,100.0,3.2173913771986995,0.0015922612829282201,1.017659736836282,0.01765973683628208,0.001567945003968808,2.1360196170416934,0.004037215558429276,-0.02431627895941213,2,4
1429,1.4289999999999534,hold,100.0,3.2157118124983874,-0.0016795647003120528,1.017634388094772,0.017634388094772024,-0.0015487880858055436,2.134470828955888,0.004032600377537538,0.13077661450650924,2,4
1430,1.4299999999999533,hold,100.0,3.2172976857716833,0.0015858732732958458,1.0176400154805734,0.017640015480573368,0.00156176461953323,2.136032593575421,0.004027981696184351,-0.024108653762615773,2,4
1431,1.4309999999999532,hold,100.0,3.2156246514598323,-0.0016730343118509516,1.0176147458186344,0.017614745818634425,-0.0015426623155494674,2.1344899312598713,0.00402338249991238,0.13037199630148424,2,4
1432,1.431999999999953,hold,100.0,3.217204161905805,0.0015795104459725984,1.0176203299810014,0.01762032998100138,0.0015556087050920824,2.1360455399649636,0.004018779805264649,-0.02390174088051601,2,4
1433,1.432999999999953,hold,100.0,3.2155376321576905,-0.0016665297481144314,1.0175951390643034,0.017595139064303433,-0.0015365606664162774,2.1345089792985474,0.0040141964485943095,0.12996908169815405,2,4
1434,1.4339999999999529,hold,100.0,3.2171108048608823,0.0015731727031917941,1.0176006801520372,0.017600680152037196,0.001549477162974189,2.1360584564615217,0.004009609596230053,-0.023695540217605032,2,4
1435,1.4349999999999528,hold,100.0,3.2154507539556043,-0.0016600509052779877,1.0175755676480684,0.017575567648068446,-0.001530483044200358,2.1345279734173213,0.004005041936549597,0.1295678610776297,2,4
1436,1.4359999999999526,hold,100.0,3.21701761390328,0.0015668599476756917,1.017581065809889,0.01758106580988894,0.0015433698959074719,2.136071343313229,0.004000470784437258,-0.023490051768219843,2,4
1437,1.4369999999999525,hold,100.0,3.2153640162230825,-0.0016535976801974606,1.0175560313879748,0.01755603138797479,-0.0015244293550510696,2.134546913958178,0.003995918681495514,0.12916832514639096,2,4
1438,1.4379999999999524,hold,100.0,3.216924588305523,0.0015605720824405367,1.017561486772532,0.017561486772531998,0.0015372868070201618,2.136084200765198,0.003991363089947511,-0.023285275420374934,2,4
1439,1.4389999999999523,hold,100.0,3.215277418335572,-0.0016471699699511788,1.0175365301038253,0.017536530103825276,-0.0015183995054749847,2.1345658012597233,0.003986826405808507,0.1287704644761941,2,4
1440,1.4399999999999522,hold,100.0,3.216831727346502,0.0015543090109302327,1.017541942859697,0.017541942859697013,0.0015312277998408403,2.136097029059564,0.003982286237436616,-0.023081211089392376,2,4
1441,1.440999999999952,hold,100.0,3.2151909596743447,-0.0016407676721574838,1.0175170636171258,0.017517063617125794,-0.0015123934023307862,2.1345846356572333,0.00397776483643491,0.12837426982669756,2,4
1442,1.441999999999952,hold,100.0,3.2167390303110937,0.0015480706367489994,1.0175224338927726,0.017522433892772638,0.0015251927782897684,2.136109828435523,0.003973239956106109,-0.022877858459230925,2,4
1443,1.4429999999999519,hold,100.0,3.2151046396263183,-0.0016343906847753331,1.0174976317510844,0.01749763175108443,-0.0015064109528300771,2.134603417482693,0.003968733704804223,0.127979731945256,2,4
1444,1.4439999999999518,hold,100.0,3.216646496490534,0.001541856864215596,1.0175029596948926,0.017502959694892573,0.0015191816466861758,2.1361225991293793,0.003964223979597996,-0.02267521752942025,2,4
1445,1.4449999999999517,hold,100.0,3.215018457584208,-0.0016280389063259015,1.0174782343305955,0.017478234330595477,-0.0015004520645412484,2.134622147064838,0.003959732746742862,0.1275868417846531,2,4
1446,1.4459999999999515,hold,100.0,3.2165541251818404,0.0015356675976323508,1.0174835200908503,0.017483520090850302,0.0015131943097417646,2.1361353413745796,0.0039552380459084244,-0.02247328789058622,2,4
1447,1.4469999999999514,hold,100.0,3.214932412946289,-0.0016217122355515201,1.0174588711821893,0.01745887118218925,-0.001494516645375047,2.1346408247292046,0.003950761702390409,0.12719559017647308,2,4
1448,1.4479999999999513,hold,100.0,3.2164619156881256,0.001529502741836719,1.0174641149070682,0.01746411490706823,0.0015072306725540689,2.1361480554017587,0.003946281897306194,-0.022272069282650193,2,4
1449,1.4489999999999512,hold,100.0,3.214846505116255,-0.0016154105718704237,1.0174395421340496,0.017439542134049635,-0.0014886046035974885,2.134659450798161,0.003941820316117892,0.12680596827293517,2,4
1450,1.449999999999951,hold,100.0,3.216369867318326,0.0015233622020707216,1.017444743971605,0.017444743971605003,0.0015012906406158665,2.136160741438777,0.003937355280249856,-0.022071561454855074,2,4
1451,1.450999999999951,hold,100.0,3.2147607335033586,-0.0016091338149673007,1.017420247015978,0.017420247015978108,-0.0014827158478253214,2.1346780255909517,0.003932908336446259,0.12641796714197934,2,4
1452,1.4519999999999509,hold,100.0,3.216277979387274,0.0015172458839156633,1.0174254071141513,0.017425407114151303,0.0014953741198085984,2.1361733997107604,0.003928457945309291,-0.02187176410706486,2,4
1453,1.4529999999999508,hold,100.0,3.2146750975224325,-0.0016028818648416987,1.0174009856593569,0.017400985659356882,-0.0014768502870192643,2.134696549423741,0.003924025515968727,0.1260315778224344,2,4
1454,1.4539999999999507,hold,100.0,3.216186251215461,0.0015111536930283442,1.0174061041659752,0.01740610416597521,0.0014894810163912932,2.1361860304401326,0.003919589647087182,-0.021672676637051,2,4
1455,1.4549999999999506,hold,100.0,3.2145895965932523,-0.0015966546222085931,1.017381757897188,0.017381757897187988,-0.0014710078304878626,2.1347150226096447,0.003915171611271763,0.1256467917207305,2,4
1456,1.4559999999999504,hold,100.0,3.216094682129116,0.0015050855358635928,1.017386834959902,0.01738683495990201,0.0014836112370138824,2.1361986338466585,0.003910750144141523,-0.021474298849710444,2,4
1457,1.4569999999999503,hold,100.0,3.2145042301412445,-0.001590451987871333,1.0173625635639636,0.017362563563963596,-0.001465188387879036,2.1347334454587794,0.003906346382861531,0.12526359999229697,2,4
1458,1.4579999999999502,hold,100.0,3.216003271460084,0.001499041318839378,1.017367599330328,0.017367599330327943,0.001477764688700593,2.13621121014748,0.0039019391989123546,-0.021276630138785096,2,4
1459,1.4589999999999501,hold,100.0,3.2144189975968147,-0.0015842738632692033,1.0173434024957824,0.017343402495782367,-0.0014593918691922702,2.134751818278288,0.0038975495950869903,0.12488199407693304,2,4
1460,1.45999999999995,hold,100.0,3.2159120185457777,0.0014930209489629753,1.017348397113196,0.017348397113196024,0.0014719412788614802,2.1362237595571494,0.003893156577646136,-0.021079670101495144,2,4
1461,1.46099999999995,hold,100.0,3.2143338983955227,-0.0015781201502549358,1.017324274530233,0.017324274530233108,-0.001453618184765126,2.134770141372384,0.0038887810160691777,0.1245019654898098,2,4
1462,1.4619999999999498,hold,100.0,3.2158209227289998,0.0014870243334770272,1.01732922814594,0.017329228145940068,0.0014661409152864754,2.1362362822876704,0.0038844020503256012,-0.020883418190551818,2,4
1463,1.4629999999999497,hold,100.0,3.2142489322272136,-0.0015719905017861358,1.0173051793838759,0.01730517938387588,-0.001447866341444251,2.1347884159462263,0.0038800403898142243,0.12412416034188471,1,4
1464,1.4639999999999496,hold,100.0,3.2157299819475016,0.0014810497202879525,1.0173100921000464,0.017310092100046415,0.0014603620710935588,2.1362487780173196,0.0038756753325220354,-0.02068764919439369,2,4
1465,1.4649999999999495,hold,100.0,3.214164098258388,-0.0015658836891137007,1.0172861170102205,0.017286117010220536,-0.00144213660541263,2.134806641411907,0.0038713274897755603,0.1237470837010706,1,4
1466,1.4659999999999493,hold,100.0,3.215639196991713,0.0014750987333251864,1.0172909889894108,0.017290988989410838,0.001454606067900141,2.136261247479807,0.0038669762605572236,-0.020492665425045353,2,4
1467,1.4669999999999492,hold,100.0,3.2140793959626697,-0.0015598010290434061,1.017267087260852,0.01726708726085202,-0.001436429439536707,2.1348248180402702,0.0038626421258077855,0.12337158950669903,1,4
1468,1.4679999999999491,hold,100.0,3.2155485672118154,0.0014691712491456954,1.0172719186528223,0.017271918652822293,0.0014488728461208753,2.1362736908863913,0.003858304615202238,-0.020298403024820087,2,4
1469,1.468999999999949,hold,100.0,3.2139948247982577,-0.0015537424135576572,1.0172480899805467,0.01724808998054672,-0.0014307447659503445,2.134842946120441,0.0038539840803861443,0.12299764760731273,1,4
1470,1.469999999999949,hold,100.0,3.215458091970805,0.0014632671725474111,1.017252880933064,0.017252880933064096,0.0014431623202761953,2.1362861084407174,0.003849660180671586,-0.020104852271215796,2,4
1471,1.4709999999999488,hold,100.0,3.2139103842263936,-0.0015477077444114862,1.0172291250146337,0.017229125014633695,-0.0014250824994165856,2.134861025941301,0.003845353139425753,0.12262524499490057,1,4
1472,1.4719999999999487,hold,100.0,3.215367770638183,0.0014573864117894963,1.0172338756748107,0.017233875674810717,0.001437474401887736,2.1362985003431887,0.003841042744575066,-0.01991200990176037,2,4
1473,1.4729999999999486,hold,100.0,3.213826073712454,-0.0015416969257291413,1.0172101922096166,0.017210192209616615,-0.0014194425534667123,2.134879057789722,0.0038367490922076317,0.12225437226242902,1,4
1474,1.4739999999999485,hold,100.0,3.2152776025886545,0.0014515288762004808,1.0172149027241317,0.01721490272413173,0.0014318090018860161,2.136310866791608,0.0038324520978548758,-0.01971987431446465,2,4
1475,1.4749999999999484,hold,100.0,3.2137418927265964,-0.0015357098620580878,1.017191291413313,0.017191291413312992,-0.0014138248414116681,2.1348970419501967,0.003828171731313244,0.12188502064641965,1,4
1476,1.4759999999999482,hold,100.0,3.2151875872048308,0.001445694478234394,1.0171959618094906,0.017195961809490568,0.0014261666515284108,2.136323208601725,0.003823888019966028,-0.01952782670598305,1,4
1477,1.4769999999999481,hold,100.0,3.2136578397891755,-0.0015297474156552582,1.0171724223331697,0.017172422333169735,-0.0014082301208878038,2.1349149784808374,0.0038196208212520413,0.12151729476745439,1,4
1478,1.477999999999948,hold,100.0,3.2150977238459673,0.0014398840567917404,1.0171770528916995,0.017177052891699462,0.001420546878364954,2.1363355253592022,0.003815350306767922,-0.01933717842678628,1,4
1479,1.478999999999948,hold,100.0,3.213573915360363,-0.0015238084856044054,1.017153584970821,0.01715358497082109,-0.0014026574949571832,2.134932867864245,0.003811096192900884,0.12115099064722223,1,4
1480,1.4799999999999478,hold,100.0,3.2150080119335556,0.0014340965731927113,1.0171581758318533,0.017158175831853306,0.00141494936860176,2.136347817232847,0.0038068387757652,-0.01914720459095134,1,4
1481,1.4809999999999477,hold,100.0,3.2134901189211114,-0.0015178930124442047,1.0171347791767267,0.017134779176726678,-0.001397106851539698,2.1349507103813075,0.003802597648416882,0.12078616090450663,1,4
1482,1.4819999999999476,hold,100.0,3.214918450865773,0.0014283319446617426,1.0171393304824292,0.017139330482429216,0.0014093740290590238,2.1363600844103665,0.0037983532306014338,-0.01895791560271886,1,4
1483,1.4829999999999475,hold,100.0,3.213406449955503,-0.0015120009102700394,1.0171160048025618,0.017116004802561813,-0.0013915781006206638,2.134968506309746,0.00379412499296429,0.12042280964937556,1,4
1484,1.4839999999999474,hold,100.0,3.21482904004237,0.0014225900868667374,1.0171205166963238,0.01712051669632375,0.0014038207691272479,2.136372327078873,0.0037898934779465564,-0.018769317739489526,1,4
1485,1.4849999999999473,hold,100.0,3.2133229079531755,-0.0015061320891942565,1.0170972617017264,0.01709726170172643,-0.0013860711552427707,2.1349862559236303,0.003785678034707542,0.12006093395148576,1,4
1486,1.4859999999999471,hold,100.0,3.2147397788672247,0.0014168709140491842,1.017101734327549,0.017101734327549023,0.0013982894997987792,2.136384545423429,0.0037814593274465885,-0.018581414250404965,1,4
1487,1.486999999999947,hold,100.0,3.2132394924091736,-0.0015002864580511144,1.017078549729294,0.017078549729294012,-0.0013805859295755844,2.1350039594938535,0.003777256584758704,0.11970052847552998,1,4
1488,1.487999999999947,hold,100.0,3.214650666748735,0.001411174339561505,1.0170829832314223,0.017082983231422322,0.001392780132973354,2.136396739626827,0.0037730505916681637,-0.018394206588151017,1,4
1489,1.4889999999999468,hold,100.0,3.2131562028234253,-0.0014944639253098302,1.0170598687417898,0.017059868741789774,-0.0013751223383859192,2.135021617288441,0.0037688604571224104,0.11934158692391096,1,4
1490,1.4899999999999467,hold,100.0,3.2145617030998705,0.0014055002764452595,1.0170642632645468,0.017064263264546797,0.0013872925811489363,2.1364089098695898,0.003764667086044371,-0.01820769529632324,1,4
1491,1.4909999999999466,hold,100.0,3.2130730387005872,-0.0014886643992833015,1.0170412185971647,0.017041218597164676,-0.0013696802968640586,2.1350392295727256,0.0037604894686422146,0.11898410241924294,1,4
1492,1.4919999999999465,hold,100.0,3.214472887338358,0.001399848637770873,1.0170455742848559,0.01704557428485587,0.001381826757290562,2.136421056330016,0.0037563086288197054,-0.018021880480311066,1,4
1493,1.4929999999999464,hold,100.0,3.212989999549972,-0.0014828877883861225,1.0170225991547368,0.017022599154736806,-0.0013642597205429368,2.135056796609473,0.0037521434389472036,0.11862806784318568,1,4
1494,1.4939999999999463,hold,100.0,3.2143842188864316,0.0013942193364595568,1.0170269161515517,0.01702691615155172,0.0013763825747459052,2.136433179184219,0.0037479750409994583,-0.017836761713651596,1,4
1495,1.4949999999999461,hold,100.0,3.2129070848851375,-0.0014771340012940115,1.017004010275097,0.017004010275097015,-0.001358860525259341,2.1350743186589596,0.0037438221904005893,0.11827347603467056,1,4
1496,1.495999999999946,hold,100.0,3.214295697171017,0.001388612285879276,1.017008288725129,0.01700828872512905,0.0013709599472222043,2.136445278606182,0.003739666146296289,-0.01765233865707173,1,4
1497,1.496999999999946,hold,100.0,3.212824294224202,-0.0014714029468150258,1.0169854518201866,0.016985451820186626,-0.001353482627156789,2.135091795979025,0.0037355255480483462,0.11792031965823682,1,4
1498,1.4979999999999458,hold,100.0,3.214207321623491,0.001383027399289194,1.0169896918672916,0.0169896918672916,0.0013655587887850859,2.1364573547678103,0.003731381771080746,-0.01746861050410807,1,4
1499,1.4989999999999457,hold,100.0,3.212741627089428,-0.0014656945340632,1.0169669236531116,0.016966923653111587,-0.0013481259426840757,2.1351092288251263,0.003727253339569847,0.11756859137912425,1,4
1500,1.4999999999999456,hold,100.0,3.214119091679705,0.0013774645902770999,1.016971125441028,0.01697112544102808,0.0013601790138314698,2.1364694078389577,0.003723121744332444,-0.017285576445630075,1,4
1501,1.5009999999999455,hold,100.0,3.212659083007172,-0.0014600086725327088,1.016948425638308,0.016948425638307896,-0.001342790388589151,2.1351266174503687,0.0037190053952273197,0.11721828394355778,1,4
1502,1.5019999999999454,hold,100.0,3.21403100678004,0.001371923772867767,1.016952589310518,0.016952589310518018,0.0013548205371126647,2.1364814379874812,0.003714885897590419,-0.017103235755102156,1,4
1503,1.5029999999999453,hold,100.0,3.212576661507997,-0.0014543452720428007,1.0169299576413622,0.01692995764136218,-0.0013374758819273177,2.135143962105554,0.003710781547820532,0.11686939011548302,1,4
1504,1.5039999999999452,hold,100.0,3.21394306636921,0.0013664048612129776,1.0169340833411595,0.016934083341159534,0.0013494832737086916,2.136493445379263,0.0037066740649058746,-0.016921587504285924,1,4
1505,1.504999999999945,hold,100.0,3.212494362126498,-0.00144870424271204,1.0169115195290908,0.016911519529090757,-0.001332182340058,2.135161263039205,0.003702581632637457,0.1165219026540399,1,4
1506,1.505999999999945,hold,100.0,3.213855269896153,0.0013609077696550287,1.0169156073995416,0.016915607399541566,0.0013441671390391912,2.1365054301782442,0.003698486082796505,-0.01674063061583744,1,4
1507,1.5069999999999448,hold,100.0,3.2124121844012716,-0.0014430854948814797,1.0168931111695005,0.01689311116950054,-0.0013269096806483624,2.135178520497596,0.003694405487409304,0.11617581423311739,1,4
1508,1.5079999999999447,hold,100.0,3.2137676168143092,0.0013554324130375939,1.0168971613534126,0.01689716135341257,0.0013388720488713675,2.1365173925464673,0.0036903217902001513,-0.016560364166226353,1,4
1509,1.5089999999999446,hold,100.0,3.2123301278748855,-0.0014374889394237478,1.0168747324317233,0.016874732431723327,-0.0013216578216790579,2.135195734724788,0.003686252952265203,0.11583111774468992,1,4
1510,1.5099999999999445,hold,100.0,3.213680106581243,0.0013499787063575575,1.0168787450717034,0.016878745071703394,0.0013335979192999837,2.136529332644088,0.003682181028430279,-0.01638078705757371,1,4
1511,1.5109999999999444,hold,100.0,3.2122481920936172,-0.0014319144876258072,1.0168563831861037,0.01685638318610372,-0.0013164266814329226,2.1352129059626552,0.003678123869687795,0.11548780619288464,1,4
1512,1.5119999999999443,hold,100.0,3.2135927386587064,0.0013445465650891997,1.016860358424464,0.016860358424463984,0.0013283446667622103,2.1365412506294175,0.003674063641131446,-0.016201898326989376,1,4
1513,1.5129999999999442,hold,100.0,3.2121663766079216,-0.0014263620507848351,1.0168380633040717,0.01683806330407167,-0.001311216178515661,2.1352300344509016,0.0036700180844696424,0.11514587226917408,1,4
1514,1.513999999999944,hold,100.0,3.2135055125126515,0.0013391359047298934,1.0168420012829071,0.016842001282907137,0.001323112208045996,2.136553146658948,0.0036659694742375436,-0.01602369668389741,1,4
1515,1.514999999999944,hold,100.0,3.212084680971679,-0.0014208315409725003,1.0168197726582042,0.016819772658204224,-0.0013060262318447143,2.135247120427103,0.0036619354436710017,0.11480530912778603,1,4
1516,1.5159999999999438,hold,100.0,3.213418427613117,0.0013337466414378163,1.016823673519344,0.016823673519344107,0.0013179004602642257,2.1365650208873674,0.0036578983759290237,-0.015846181173590584,1,4
1517,1.5169999999999437,hold,100.0,3.2120031047428115,-0.0014153228703053244,1.016801511122191,0.016801511122191082,-0.0013008567606436947,2.1352641641267236,0.0036538757965778124,0.11446610966162973,1,4
1518,1.5179999999999436,hold,100.0,3.2133314834342612,0.0013283786914497497,1.0168053750072243,0.016805375007224344,0.0013127093408725756,2.1365768734675963,0.003649850196591003,-0.015669350577174116,1,4
1519,1.5189999999999435,hold,100.0,3.211921647482745,-0.001409835951516225,1.0167832785708277,0.01678327857082773,-0.0012957076844550518,2.1352811657831414,0.003645838994660909,0.11412826706117332,1,4
1520,1.5199999999999434,hold,100.0,3.2132446794541547,0.001323031971409705,1.0167871056210316,0.016787105621031584,0.0013075387676663407,2.1365887045508076,0.0036418247887733315,-0.015493203743364298,1,4
1521,1.5209999999999433,hold,100.0,3.21184030875677,-0.0014043706973847492,1.0167650748799784,0.01676507487997836,-0.0012905789231285854,2.135298125627679,0.0036378248915355303,0.11379177425616376,1,4
1522,1.5219999999999432,hold,100.0,3.2131580151549843,0.00131770639821438,1.016768865236407,0.016768865236407082,0.0013023886587696558,2.1366005142864486,0.0036338220071510437,-0.015317739444724136,1,4
1523,1.522999999999943,hold,100.0,3.211759088133576,-0.0013989270214085359,1.0167468999265838,0.016746899926583847,-0.0012854703968300915,2.1353150438896185,0.0036298333429224706,0.11345662457844435,1,4
1524,1.523999999999943,hold,100.0,3.2130714900227693,0.0013124018891934597,1.0167506537300177,0.016750653730017717,0.0012972589326505535,2.136612302822269,0.0036258417084848887,-0.015142956542906188,1,4
1525,1.5249999999999428,hold,100.0,3.2116779851856077,-0.0013935048371616077,1.016728753588656,0.016728753588655998,-0.001280382026034132,2.1353319207962347,0.003621864206609322,0.11312281112747574,1,4
1526,1.5259999999999427,hold,100.0,3.2129851035475214,0.0013071183619137727,1.016732470979598,0.016732470979597958,0.0012921495080984518,2.1366240703043333,0.003617883751582812,-0.014968853815320931,1,4
1527,1.5269999999999426,hold,100.0,3.2115969994887497,-0.0013881040587717663,1.0167106357452547,0.016710635745254665,-0.0012753137315205012,2.135348756572813,0.0036139173424119893,0.11279032725126513,1,4
1528,1.5279999999999425,hold,100.0,3.2128988552229485,0.0013018557341988313,1.0167143168639199,0.016714316863919887,0.0012870603042422785,2.136635816877055,0.003609947997263967,-0.014795429956552739,1,4
1529,1.5289999999999424,hold,100.0,3.2115161306224316,-0.0013827246005169158,1.0166925462764664,0.016692546276466436,-0.0012702654343814074,2.1353655514426735,0.0036059926121385856,0.11245916613550842,1,4
1530,1.5299999999999423,hold,100.0,3.2128127445467514,0.0012966139243197894,1.0166961912628005,0.01669619126280053,0.0012819912405363579,2.13664754268321,0.003602034308319598,-0.014622683783431512,1,4
1531,1.5309999999999422,hold,100.0,3.2114353781696137,-0.001377366377137701,1.0166744850634284,0.01667448506342839,-0.0012652370560185925,2.1353823056271914,0.0035980898795524435,0.1121293211191084,1,4
1532,1.531999999999942,hold,100.0,3.2127267710203693,0.001291392850755635,1.0166780940571054,0.016678094057105408,0.0012769422367753757,2.136659247863967,0.0035941425494793603,-0.014450613980259265,1,4
1533,1.532999999999942,hold,100.0,3.2113547417166117,-0.0013720293037575715,1.016656451988259,0.016656451988259047,-0.001260228518144538,2.1353990193458223,0.00359020901033648,0.1118007856130334,1,4
1534,1.5339999999999419,hold,100.0,3.2126409341489417,0.001286192432329969,1.0166600251286617,0.016660025128661715,0.0012719132130667,2.136670932558889,0.0035862725873744066,-0.014279219263268854,1,4
1535,1.5349999999999417,hold,100.0,3.2112742208530074,-0.0013667132959342965,1.0166384469341128,0.01663844693411276,-0.0012552397427618549,2.135415692816127,0.0035823498720579656,0.11147355317244162,1,4
1536,1.5359999999999416,hold,100.0,3.2125552334412726,0.0012810125882651846,1.016641984360344,0.01664198436034403,0.001266904089850438,2.1366825969059775,0.0035784242905034414,-0.01410849841474663,1,4
1537,1.5369999999999415,hold,100.0,3.2111938151719723,-0.001361418269300252,1.0166204697851173,0.01662046978511733,-0.0012502706521952056,2.1354323262537824,0.0035745123341348263,0.11114761710504634,1,4
1538,1.5379999999999414,hold,100.0,3.212469668409935,0.001275853237962643,1.0166239716359804,0.016623971635980395,0.0012619147878914477,2.136694241041674,0.0035705975291979507,-0.013938450071195388,1,4
1539,1.5389999999999413,hold,100.0,3.2111135242698188,-0.0013561441401162,1.0166025204263807,0.016602520426380662,-0.0012453211690603987,2.1354489198726134,0.0035666962678010342,0.11082297105580131,1,4
1540,1.5399999999999412,hold,100.0,3.212384238570923,0.0012707143011043698,1.016605986840414,0.016605986840414033,0.0012569452282809028,2.136705865100894,0.0035627921755903387,-0.013769072823466939,1,4
1541,1.540999999999941,hold,100.0,3.2110333477462,-0.0013508908247232831,1.016584598744001,0.016584598744000978,-0.0012403912162853507,2.135465473884609,0.00355890154607471,0.11049960843793243,1,4
1542,1.541999999999941,hold,100.0,3.2122989434442304,0.0012655956980305305,1.0165880298594263,0.016588029859426312,0.0012519953324220095,2.136717469217031,0.0035550081035792586,-0.013600365608521002,1,4
1543,1.5429999999999409,hold,100.0,3.2109532852040914,-0.0013456582401389916,1.0165667046250442,0.01656670462504417,-0.001235480717088965,2.135481988499942,0.0035511280437249067,0.11017752305002661,1,4
1544,1.5439999999999408,hold,100.0,3.2122137825528707,0.0012604973487793103,1.0165701005797858,0.016570100579785807,0.001247065022046485,2.1367290535219885,0.003547245188799494,-0.013432326732825328,1,4
1545,1.5449999999999406,hold,100.0,3.2108733362494197,-0.0013404463034509817,1.016548837957494,0.016548837957494067,-0.0012305895949957506,2.135498463926993,0.003543375637240056,0.10985670845523109,1,4
1546,1.5459999999999405,hold,100.0,3.212128755423775,0.0012554191743552323,1.0165521988891852,0.016552198889185243,0.0012421542191990407,2.136740618146192,0.0035395033085888323,-0.01326495515619158,1,4
1547,1.5469999999999404,hold,100.0,3.210793500491632,-0.0013352549321430374,1.0165309986302746,0.01653099863027463,-0.001225717773822455,2.1355149003723697,0.0035356442047970254,0.10953715832058238,1,4
1548,1.5479999999999403,hold,100.0,3.2120438615871003,0.0012503610954683886,1.016534324676288,0.016534324676287904,0.001237262846239805,2.1367521632186093,0.00353178234195843,-0.013098249228583533,1,4
1549,1.5489999999999402,hold,100.0,3.2107137775430536,-0.0013300840440466644,1.016513186533277,0.016513186533277047,-0.001220865177693656,2.135531298040916,0.0035279336262301203,0.10921886635300833,1,4
1550,1.54999999999994,hold,100.0,3.2119591005766184,0.001245323033564727,1.0165164778306433,0.01651647783064325,0.001232390825853604,2.1367636888667696,0.0035240821695618914,-0.012932207711123045,1,4
1551,1.55099999999994,hold,100.0,3.210634167019239,-0.001324933557379282,1.0164954015573044,0.016495401557304445,-0.0012160317310176145,2.135547657135752,0.0035202437830015487,0.10890182636166747,1,4
1552,1.5519999999999399,hold,100.0,3.2118744719294714,0.0012403049102323038,1.016498658242735,0.01649865824273511,0.001227538081026839,2.136775195216779,0.0035164026736656975,-0.012766829205464918,1,4
1553,1.5529999999999398,hold,100.0,3.2105546685387503,-0.0013198033907211304,1.0164776435940392,0.01647764359403925,-0.0012112173585069829,2.135563977858272,0.003512574558171864,0.1085860322141475,1,4
1554,1.5539999999999397,hold,100.0,3.21178997518613,0.001235306647379808,1.0164808658040059,0.016480865804005873,0.001222704535066795,2.136786682393339,0.0035087437381205277,-0.012602112313013069,1,4
1555,1.5549999999999395,hold,100.0,3.2104752817232214,-0.0013146934629086893,1.0164599125360896,0.016459912536089583,-0.0012064219851614614,2.1355802604081777,0.003504925836371163,0.10827147774722791,1,4
1556,1.5559999999999394,hold,100.0,3.21170560989046,0.0012303281672387811,1.0164631004067066,0.01646310040670662,0.0012178901115875388,2.1367981505197653,0.0035011052483319605,-0.012438055651242327,1,4
1557,1.5569999999999393,hold,100.0,3.2103960061973322,-0.0013096036931279365,1.0164422082769695,0.016442208276969517,-0.0012016455362774154,2.135596504983488,0.0034972975037710365,0.10795815685052108,1,4
1558,1.5579999999999392,hold,100.0,3.211621375589564,0.0012253693922317233,1.0164453619440523,0.016445361944052328,0.0012130947345139911,2.136809599718002,0.003493487091233253,-0.01227465771773211,1,4
1559,1.558999999999939,hold,100.0,3.210316841588666,-0.0013045340008979167,1.0164245307110418,0.016424530711041774,-0.0011968879374384123,2.1356127117805634,0.0034896894480562998,0.10764606345950445,1,4
1560,1.559999999999939,hold,100.0,3.2115372718338744,0.0012204302452083482,1.0164276503100993,0.016427650310099295,0.001208318328077953,2.136821030108641,0.0034858891552570687,-0.012111917130395262,1,4
1561,1.5609999999999389,hold,100.0,3.2102377875278387,-0.0012994843060356587,1.0164068797335637,0.016406879733563695,-0.0011921491145207548,2.1356288809941204,0.003482101558397821,0.10733519151490382,1,4
1562,1.5619999999999388,hold,100.0,3.211453298176976,0.0012155106491373857,1.0164099653998042,0.016409965399804216,0.0012035608168167121,2.1368324418109372,0.0034783113303094764,-0.011949832320673568,1,4
1563,1.5629999999999387,hold,100.0,3.210158843648225,-0.00129445452875121,1.016389255240655,0.016389255240655043,-0.0011874289936895383,2.1356450128172475,0.003474533725426962,0.10702553506167158,1,4
1564,1.5639999999999386,hold,100.0,3.211369454175908,0.0012106105276830093,1.0163923071089762,0.016392307108976212,0.0011988221255829778,2.1368438349428307,0.0034707535077428183,-0.01178840210003143,1,4
1565,1.5649999999999384,hold,100.0,3.2100800095862994,-0.0012894445896085571,1.0163716571292734,0.016371657129273354,-0.001182727501401312,2.1356611074414293,0.003466985841207734,0.10671708820724521,1,4
1566,1.5659999999999383,hold,100.0,3.2112857393906173,0.0012057298043179898,1.016374675334251,0.016374675334251076,0.0011941021795147796,2.1368552096209443,0.003463215580330003,-0.011627624803210203,1,4
1567,1.5669999999999382,hold,100.0,3.2100012849812316,-0.001284454409385738,1.0163540852972526,0.016354085297252574,-0.001178044564389199,2.135677165056555,0.003459457799212768,0.1064098449965389,1,4
1568,1.567999999999938,hold,100.0,3.2112021533843036,0.0012008684030719863,1.0163570699731461,0.01635706997314612,0.0011894009040757142,2.1368665659606307,0.0034556974422391296,-0.011467498996272068,1,4
1569,1.568999999999938,hold,100.0,3.2099226694750658,-0.0012794839092378218,1.0163365396432547,0.016336539643254655,-0.0011733801096855101,2.135693185850945,0.0034519494942964433,0.1061037995523117,1,4
1570,1.569999999999938,hold,100.0,3.2111186957232256,0.0011960262481598427,1.0163394909239811,0.016339490923981126,0.0011847182250045313,2.13687790407595,0.003448198989008333,-0.011308023155311457,1,4
1571,1.5709999999999378,hold,100.0,3.2098441627126153,-0.0012745330106103125,1.016319020066741,0.016319020066740908,-0.0011687340645875949,2.135709170011362,0.003444460822671903,0.10579894602271767,1,4
1572,1.5719999999999377,hold,100.0,3.2110353659769038,0.001191203264288454,1.0163219380859543,0.01632193808595428,0.0011800540683564603,2.136889224079719,0.003440720117521719,-0.011149195931993731,1,4
1573,1.5729999999999376,hold,100.0,3.209765764341522,-0.0012696016353817008,1.0163015264680217,0.016301526468021743,-0.0011641063566900382,2.135725117723029,0.00343699168188541,0.10549527869166256,1,4
1574,1.5739999999999374,hold,100.0,3.2109521637177423,0.0011863993762202263,1.0163044113590192,0.016304411359019166,0.0011754083604816148,2.1369005260835108,0.003433260725985234,-0.010991015738611495,1,4
1575,1.5749999999999373,hold,100.0,3.209687474012129,-0.001264689705613442,1.0162840587482123,0.01628405874821226,-0.00115949691387454,2.1357410291696364,0.00342954197079359,0.10519279173890213,1,4
1576,1.5759999999999372,hold,100.0,3.2108690885211746,0.0011816145090457475,1.0162869106439796,0.01628691064397958,0.001170781028028947,2.1369118101976654,0.003425820713902772,-0.010833481016800416,1,4
1577,1.5769999999999371,hold,100.0,3.2096092913774186,-0.001259797143756014,1.0162666168092327,0.016266616809232692,-0.0011549056642857752,2.1357569045333795,0.0034221115895394063,0.10489147947023887,1,4
1578,1.577999999999937,hold,100.0,3.210786139965743,0.0011768485883245638,1.0162694358424509,0.016269435842450886,0.0011661719979356876,2.1369230765313154,0.0034183999820535434,-0.010676590388876287,1,4
1579,1.578999999999937,hold,100.0,3.2095312160931213,-0.001254923872621827,1.0162492005538055,0.01624920055380552,-0.0011503325363609181,2.1357727439949543,0.0034147004395299035,0.10459133626090888,1,4
1580,1.5799999999999368,hold,100.0,3.210703317632837,0.0011721015397156975,1.0162519868567872,0.016251986856787193,0.0011615811974417401,2.1369343251923962,0.003410998432469385,-0.010520342273957414,1,4
1581,1.5809999999999367,hold,100.0,3.2094532478176685,-0.0012500698151685086,1.0162318098854037,0.016231809885403736,-0.001145777458817298,2.1357885477335787,0.0034073084234133148,0.10429235635121066,1,4
1582,1.5819999999999366,hold,100.0,3.2106206211068686,0.0011673732892001354,1.0162345635901877,0.01623456359018771,0.001157008554078521,2.136945556287657,0.003403615968412321,-0.010364735121614309,1,4
1583,1.5829999999999365,hold,100.0,3.209375386211967,-0.0012452348949016923,1.0162144447083261,0.016214444708326115,-0.001141240360644646,2.1358043159270124,0.0033999354450572907,0.1039945342570462,1,4
1584,1.5839999999999363,hold,100.0,3.210538049975062,0.0011626637630950398,1.0162171659465984,0.01621716594659839,0.0011524539956718031,2.1369567699226844,0.0033962524943526697,-0.010209767423236676,1,4
1585,1.5849999999999362,hold,100.0,3.2092976309397736,-0.001240419035288376,1.0161971049276208,0.01619710492762083,-0.0011367211711129622,2.1358200487515715,0.0033925814095272034,0.10369786417541377,1,4
1586,1.5859999999999361,hold,100.0,3.210455603827696,0.0011579728879222984,1.0161997938307261,0.016199793830726117,0.001147917450327223,2.1369679662018988,0.0033889079159481507,-0.010055437595075326,1,4
1587,1.586999999999936,hold,100.0,3.2092199816671143,-0.0012356221605815954,1.0161797904490921,0.016179790449092124,-0.0011322198197578704,2.1358357463821407,0.003385246223064916,0.10340234082372497,1,4
1588,1.587999999999936,hold,100.0,3.2103732822577045,0.001153300590590156,1.016182447148078,0.01618244714807804,0.001143398846449403,2.1369791452285902,0.003381582140022353,-0.009901744140753017,1,4
1589,1.5889999999999358,hold,100.0,3.20914243806278,-0.0012308441949242521,1.0161625011792947,0.01616250117929474,-0.0011277362364033908,2.135851408992187,0.003377929793068615,0.10310795852086127,1,4
1590,1.5899999999999357,hold,100.0,3.2102910848609696,0.0011486467981893789,1.0161651258048614,0.016165125804861402,0.0011388981127269124,2.136990307104914,0.0033742750745447848,-0.00974868546246648,1,4
1591,1.5909999999999356,hold,100.0,3.209064999797935,-0.0012260850630347875,1.016145237025563,0.01614523702556303,-0.0011232703511364708,2.1358670367537775,0.003370632028071142,0.10281471189831667,1,4
1592,1.5919999999999355,hold,100.0,3.210209011236145,0.0011440114382104127,1.0161478297081015,0.01614782970810147,0.0011344151781358164,2.1370014519319134,0.003366986628610182,-0.009596260074596361,1,4
1593,1.5929999999999354,hold,100.0,3.2089876665463204,-0.0012213446898248215,1.0161279978959428,0.01612799789594277,-0.0011188220943216746,2.135882629837592,0.0033633528377213064,0.10252259550314687,1,4
1594,1.5939999999999352,hold,100.0,3.2101270609846235,0.0011393944383031318,1.016130558765471,0.01613055876547098,0.001129949971942982,2.137012579809535,0.003359716712418846,-0.009444466360149879,1,4
1595,1.5949999999999351,hold,100.0,3.208910437984186,-0.0012166230004373446,1.0161107836992018,0.016110783699201825,-0.0011143913965968773,2.135898188412938,0.0033560921327640395,0.10223160384046737,1,4
1596,1.595999999999935,hold,100.0,3.2100452337106637,0.0011347957264775665,1.0161133128854614,0.01611331288546136,0.0011255024236926081,2.1370236908366307,0.0033524652372572505,-0.009293302784958409,1,4
1597,1.596999999999935,hold,100.0,3.2088333137901,-0.0012119199205637976,1.0160935943448777,0.01609359434487767,-0.0011099781888633715,2.1359137126477674,0.0033488498250201677,0.10194173170042609,1,4
1598,1.5979999999999348,hold,100.0,3.2099635290210866,0.0011302152309866642,1.0160960919772297,0.01609609197722972,0.0011210724632177353,2.137034785110985,0.0033452321154790734,-0.009142767768928906,1,4
1599,1.5989999999999347,hold,100.0,3.208756293645174,-0.0012072353759124965,1.0160764297431748,0.016076429743174803,-0.0011055824023017769,2.135929202708683,0.0033416258273688856,0.10165297361071964,1,4
1600,1.5999999999999346,hold,100.0,3.209881946525405,0.0011256528802308097,1.0160788959506732,0.016078895950673244,0.0011166600206278367,2.137045862729311,0.003338017260486312,-0.008992859602972988,1,4
1601,1.6009999999999345,hold,100.0,3.2086793772328317,-0.00120256929257323,1.0160592898050373,0.016059289805037347,-0.0011012039683459996,2.135944658760965,0.003334420053728105,0.10136532422723053,1,4
1602,1.6019999999999344,hold,100.0,3.209800485835995,0.0011211086031632789,1.016061724716393,0.016061724716393,0.00111226502631565,2.1370569237872807,0.0033308205867109164,-0.008843576847628824,1,4
1603,1.6029999999999343,hold,100.0,3.208602564238829,-0.0011979215971660295,1.016042174442103,0.016042174442103097,-0.001096842818713437,2.1359600809685673,0.003327232419037297,0.10107877845259242,1,4
1604,1.6039999999999341,hold,100.0,3.209719146567654,0.0011165823288248333,1.016044578185686,0.016044578185685943,0.0011078874109586075,2.137067968379526,0.003323642009597318,-0.008694917866225796,1,4
1605,1.604999999999934,hold,100.0,3.208525854351385,-0.0011932922162687376,1.0160250835667122,0.016025083566712173,-0.0010924988853778755,2.135975469494148,0.0033200628392386906,0.10079333089086208,1,4
1606,1.605999999999934,hold,100.0,3.209637928337955,0.0011120739865697615,1.0160274562705542,0.01602745627055424,0.0011035271055024245,2.1370789965996506,0.0033164814455841963,-0.008546881067337045,1,4
1607,1.6069999999999338,hold,100.0,3.2084492472609893,-0.0011886810769654588,1.0160080170918793,0.016008017091879267,-0.00108817210057965,2.135990824499071,0.0033129112312606083,0.10050897638580882,1,4
1608,1.6079999999999337,hold,100.0,3.2095568307669353,0.0011075835059459749,1.0160103588836935,0.01601035888369351,0.0010991840411804699,2.1370900085402513,0.0033093388120871993,-0.008399464765505025,1,4
1609,1.6089999999999336,hold,100.0,3.208372742660325,-0.0011840881066103037,1.01599097493131,0.015990974931310076,-0.001083862396825554,2.136006146143426,0.0033057775129998637,0.10022570978474965,1,4
1610,1.6099999999999335,hold,100.0,3.2094758534773344,0.0011031108170094228,1.0159932859384664,0.015993285938466384,0.0010948581494931839,2.1371010042929193,0.003302214027482198,-0.00825266751623894,1,4
1611,1.6109999999999334,hold,100.0,3.2082963402445372,-0.0011795132327971913,1.0159739569994033,0.015973956999403294,-0.0010795697068839711,2.136021434586035,0.00329866160330501,0.09994352591322021,1,4
1612,1.6119999999999333,hold,100.0,3.2093949960943107,0.0010986558497734222,1.015976237348906,0.015976237348906075,0.0010905493622244055,2.1371119839482593,0.0032951070110887417,-0.008106487549016696,1,4
1613,1.6129999999999332,hold,100.0,3.2082200397108727,-0.0011749563834380083,1.0159569632111805,0.015956963211180453,-0.001075293963789307,2.13603668998447,0.003291563421959901,0.09966241964870134,1,4
1614,1.613999999999933,hold,100.0,3.2093142582456897,0.0010942185348170597,1.0159592130297488,0.015959213029748787,0.001086257611426895,2.1371229475958966,0.0032880176831530136,-0.007960923390164677,1,4
1615,1.614999999999933,hold,100.0,3.20814384075889,-0.0011704174867999129,1.0159399934823712,0.015939993482371184,-0.0010710351008300079,2.1360519124950668,0.0032844828896671585,0.09938238596990498,1,4
1616,1.6159999999999328,hold,100.0,3.209233639561603,0.0010897988027132044,1.0159422128963134,0.015942212896313368,0.001081982829427281,2.137133895324494,0.003280945964832773,-0.007815973285923419,1,4
1617,1.6169999999999327,hold,100.0,3.2080677430902647,-0.0011658964713383568,1.015923047729334,0.01592304772933395,-0.001066793051562463,2.1360671022729316,0.0032774199280330013,0.09910341977589386,1,4
1618,1.6179999999999326,hold,100.0,3.2091531396748185,0.001085396584553866,1.0159252368646765,0.015925236864676506,0.0010777249488219806,2.1371448272217535,0.003273891778180676,-0.00767163573188543,1,4
1619,1.6189999999999325,hold,100.0,3.207991746408959,-0.0011613932658596227,1.015906125869086,0.01590612586908602,-0.0010625677497967023,2.136082259471957,0.0032703744595511063,0.09882551606292034,1,4
1620,1.6199999999999324,hold,100.0,3.209072758220448,0.0010810118114892298,1.0159082848514955,0.015908284851495536,0.0010734839024816832,2.1371557433744384,0.0032668550461295116,-0.007527909007546546,1,4
1621,1.6209999999999323,hold,100.0,3.2079158504210765,-0.0011569077993716093,1.0158892278192655,0.015889227819265495,-0.0010583591296036213,2.1360973842448345,0.0032633464075871414,0.09854866976798798,1,4
1622,1.6219999999999322,hold,100.0,3.2089924948360915,0.0010766444150149823,1.015891356774078,0.015891356774077936,0.0010692596235447678,2.137166643868379,0.0032598356924766823,-0.0073847914702144905,1,4
1623,1.622999999999932,hold,100.0,3.207840054834813,-0.0011524400012783431,1.0158723534981973,0.015872353498197267,-0.0010541671253122252,2.136112476743067,0.0032563356963644617,0.09827287596611795,1,4
1624,1.623999999999932,hold,100.0,3.208912349161775,0.0010722943269616536,1.015874452550377,0.015874452550376894,0.001065052045411487,2.1371775287884787,0.0032528336418693907,-0.007242281550166613,1,4
1625,1.6249999999999318,hold,100.0,3.207764359360474,-0.0011479898013009304,1.0158555028247773,0.015855502824777323,-0.0010499916714977978,2.136127537116981,0.003249342250948424,0.09799812980313262,1,4
1626,1.6259999999999317,hold,100.0,3.2088323208398473,0.0010679614793733805,1.0158575720989664,0.015857572098966433,0.001060861101755861,2.1371883982187367,0.003245848819789997,-0.007100377617519403,1,4
1627,1.6269999999999316,hold,100.0,3.207688763710518,-0.0011435571293292313,1.0158386757185653,0.015838675718565343,-0.0010458327030097422,2.136142565515727,0.003242365997232593,0.09772442631948902,1,4
1628,1.6279999999999315,hold,100.0,3.208752409515033,0.0010636458045150121,1.015840715339054,0.015840715339054068,0.0010566867265234124,2.1371992522422505,0.0032388811525419234,-0.006959077991599682,1,4
1629,1.6289999999999314,hold,100.0,3.2076132675995033,-0.0011391419155297733,1.0158218720997079,0.015821872099707868,-0.0010416901549397117,2.136157562087311,0.003235406861924725,0.09745176059006155,1,4
1630,1.6299999999999313,hold,100.0,3.2086726148343727,0.0010593472348694455,1.0158238821904526,0.01582388219045261,0.0010525288539127483,2.1372100909412235,0.0032319305672355823,-0.006818380956697193,1,4
1631,1.6309999999999312,hold,100.0,3.2075378707439146,-0.0011347440904581063,1.0158050918889807,0.015805091888980716,-0.001037563962628845,2.1361725269785947,0.0032284647725324667,0.09718012782926137,1,4
1632,1.631999999999931,hold,100.0,3.2085929364473023,0.0010550657033876476,1.0158070725735862,0.015807072573586156,0.0010483874183866287,2.1372209143969814,0.0032249969917743336,-0.006678285001018858,1,4
1633,1.632999999999931,hold,100.0,3.2074625728623736,-0.0011303635849286842,1.0157883350077557,0.01578833500775567,-0.00103345406167851,2.136187460335303,0.003221539657349395,0.09690952325017414,1,4
1634,1.6339999999999308,hold,100.0,3.2085133740054945,0.0010508011431209496,1.015790286409499,0.015790286409498977,0.0010442623546803233,2.1372317226899833,0.003218080354840851,-0.006538788440626315,1,4
1635,1.6349999999999307,hold,100.0,3.207387373675597,-0.001126000329897625,1.015771601378037,0.015771601378036904,-0.001029360387941665,2.1362023623020416,0.003214631445442161,0.0966399419559602,1,4
1636,1.6359999999999306,hold,100.0,3.2084339271629245,0.0010465534873276283,1.0157735236198069,0.015773523619806884,0.0010401535977854225,2.137242515899827,0.003211180585884593,-0.006399889542205769,1,4
1637,1.6369999999999305,hold,100.0,3.2073122729061114,-0.0011216542568130983,1.0157548909223535,0.015754890922353493,-0.0010252828775230653,2.136217233022304,0.0032077400666374193,0.09637137929003302,1,4
1638,1.6379999999999304,hold,100.0,3.208354595575778,0.0010423226696665289,1.0157567841267368,0.015756784126736756,0.0010360610829584975,2.137253294105262,0.003204297615107965,-0.0062615867080313605,1,4
1639,1.6389999999999303,hold,100.0,3.2072372702785343,-0.001117325297243621,1.0157382035638853,0.015738203563885333,-0.0010212214667701125,2.1362320726384922,0.003200865451508515,0.09610383047350848,1,4
1640,1.6399999999999302,hold,100.0,3.2082753789025027,0.001038108623968359,1.0157400678530968,0.015740067853096784,0.0010319847457037328,2.137264057384196,0.0031974313734537585,-0.006123878264626195,1,4
1641,1.64099999999993,hold,100.0,3.2071623655194514,-0.0011130133830512534,1.0157215392263543,0.01572153922635433,-0.0010171760922806055,2.1362468812919153,0.003194007531362995,0.09583729077064788,1,4
1642,1.64199999999993,hold,100.0,3.2081962768037773,0.0010339112843258391,1.0157233747222965,0.015723374722296457,0.0010279245217934636,2.1372748058137088,0.003190581792593358,-0.005986762532375492,1,4
1643,1.6429999999999298,hold,100.0,3.207087558357297,-0.0011087184464804167,1.01570489783408,0.01570489783407991,-0.001013146690909435,2.136261659122799,0.0031871662382300923,0.09557175557098167,1,4
1644,1.6439999999999297,hold,100.0,3.208117288942419,0.001029730585122124,1.0157067046582846,0.01570670465828461,0.0010238803472592856,2.1372855394700583,0.003183748804912955,-0.005850237862838319,1,4
1645,1.6449999999999296,hold,100.0,3.2070128485224725,-0.0011044404199465063,1.0156882793119513,0.01568827931195127,-0.0010091331997438275,2.1362764062703143,0.003180341504848918,0.09530722020267877,1,4
1646,1.6459999999999295,hold,100.0,3.2080384149834664,0.001025566460993943,1.0156900575855947,0.01569005758559472,0.0010198521583777854,2.1372962584286923,0.0031769323435030905,-0.0057143026161575895,1,4
1647,1.6469999999999294,hold,100.0,3.2069382357472813,-0.001100179236185106,1.015671683585408,0.015671683585408047,-0.001005135556124335,2.136291122872568,0.0031735332646560094,0.09504368006077088,1,4
1648,1.6479999999999293,hold,100.0,3.2079596545941036,0.0010214188468222751,1.0156734334293334,0.01567343342933336,0.0010158398916900319,2.1373069627642582,0.003170132342145175,-0.0055789551322432684,1,4
1649,1.6489999999999292,hold,100.0,3.206863719765974,-0.001095934828129419,1.0156551105804519,0.01565511058045188,-0.001001153697637337,2.136305809066621,0.0031667414517736066,0.09478113049208192,1,4
1650,1.649999999999929,hold,100.0,3.2078810074436968,0.0010172876777225781,1.0156568321151531,0.01565683211515312,0.0010118434839881797,2.137317652550609,0.0031633487353015977,-0.005444193734398381,1,4
1651,1.650999999999929,hold,100.0,3.2067893003145187,-0.0010917071291780545,1.0156385602236468,0.015638560223646847,-0.0009971875621125092,2.1363204649884966,0.0031599660009987937,0.09451956706554528,1,4
1652,1.6519999999999289,hold,100.0,3.2078024732034844,0.001013172888965741,1.0156402535692672,0.015640253569267237,0.0010078628723200408,2.137328327860817,0.00315658145810296,-0.005310016645700133,1,4
1653,1.6529999999999287,hold,100.0,3.2067149771308507,-0.001087496072633698,1.0156220324421168,0.015622032442116796,-0.0009932370876188118,2.136335090773198,0.0031532068477913666,0.09425898501488612,1,4
1654,1.6539999999999286,hold,100.0,3.2077240515471566,0.0010090744163058218,1.0156236977184512,0.01562369771845118,0.0010038979939793566,2.1373389887671776,0.0031498304463372182,-0.005176422326465214,1,4
1655,1.6549999999999285,hold,100.0,3.206640749954675,-0.0010833015924816003,1.015605527163472,0.015605527163472077,-0.000989302212473473,2.1363496865547043,0.003146463928263386,0.09399938000812738,1,4
1656,1.6559999999999284,hold,100.0,3.2076457421502265,0.0010049921955515018,1.015607164489981,0.015607164489980896,0.0009999487865188946,2.137349635341223,0.0031430956364394873,-0.005043409032607195,1,4
1657,1.6569999999999283,hold,100.0,3.2065666185275266,-0.0010791236226999068,1.0155890443159428,0.015589044315942768,-0.0009853828752312734,2.136364252465992,0.0031397371791676548,0.09374074746863335,1,4
1658,1.6579999999999282,hold,100.0,3.207567544690339,0.0010009261628125543,1.0155906538117223,0.01559065381172231,0.0009960151877375343,2.1373602676537296,0.003136376965479799,-0.004910975075019973,1,4
1659,1.658999999999928,hold,100.0,3.2064925825927686,-0.0010749620975705199,1.0155725838282148,0.015572583828214803,-0.0009814790146877156,2.1363787886390417,0.003133026537887594,0.09348308288280424,1,4
1660,1.659999999999928,hold,100.0,3.2074894588472533,0.0009968762544847465,1.0155741656120305,0.01557416561203051,0.000992097135678099,2.13737088577472,0.0031296743711538527,-0.004779118806647574,1,4
1661,1.6609999999999279,hold,100.0,3.2064186418953673,-0.0010708169518860444,1.0155561456295767,0.015556145629576745,-0.0009775905698740726,2.136393295204846,0.003126331942426836,0.09322638201197182,1,4
1662,1.6619999999999278,hold,100.0,3.207411484302596,0.0009928424072285225,1.0155576998198008,0.015557699819800819,0.0009881945686398342,2.1373814897734857,0.003122987791771953,-0.004647838588688275,1,4
1663,1.6629999999999276,hold,100.0,3.20634479618226,-0.0010666881203356127,1.0155397296497561,0.01553972964975614,-0.0009737174800687621,2.136407772293417,0.0031196533313981307,0.09297064026685055,1,4
1664,1.6639999999999275,hold,100.0,3.2073336207400995,0.0009888245578393295,1.015541256364465,0.015541256364465017,0.000984307425165398,2.137392079718582,0.0031163171662491117,-0.004517132673931626,1,4
1665,1.6649999999999274,hold,100.0,3.206271045202044,-0.0010625755380555546,1.0155233358190687,0.015523335819068729,-0.0009698596847797047,2.1364222200338023,0.003112990644014145,0.09271585327584987,1,4
1666,1.6659999999999273,hold,100.0,3.2072558678454612,0.0009848226434172602,1.0155248351759851,0.01552483517598513,0.000980435644043267,2.1374026556778456,0.003109662434094718,-0.004386999373993169,1,4
1667,1.6669999999999272,hold,100.0,3.2061973887049176,-0.0010584791405436889,1.0155069640682843,0.015506964068284335,-0.0009660171237559922,2.1364366385540894,0.0031063438200770546,0.09246201678769664,1,4
1668,1.667999999999927,hold,100.0,3.2071782253063246,0.0009808366014070202,1.0155084361847637,0.015508436184763719,0.0009765791643021292,2.1374132177183913,0.003103023535402873,-0.004257437104891043,1,4
1669,1.668999999999927,hold,100.0,3.206123823964349,-0.0010544013419755416,1.0154906143618332,0.015490614361833188,-0.000962192400733724,2.1364510253176574,0.003099712805788864,0.09220894124181754,2,4
1670,1.6699999999999269,hold,100.0,3.2071006958658588,0.000976871901509746,1.0154920594198795,0.015492059419879523,0.0009727431324400782,2.1374237684500974,0.003096400431772588,-0.0041287690696678115,1,4
1671,1.6709999999999268,hold,100.0,3.206050353233728,-0.001050342632130885,1.0154742866026154,0.015474286602615406,-0.0009583853354233251,2.136465383114674,0.0030930975513000325,0.09195729670755992,2,4
1672,1.6719999999999267,hold,100.0,3.2070232761349633,0.0009729229012354068,1.0154757047093188,0.015475704709318805,0.0009689222806086244,2.1374343053952827,0.0030897930432379965,-0.004000620626782377,1,4
1673,1.6729999999999265,hold,100.0,3.205976976250798,-0.0010462998841651583,1.0154579807168664,0.015457980716866437,-0.0009545933119354395,2.1364797120833474,0.0030864979828195923,0.09170657222971879,2,4
1674,1.6739999999999264,hold,100.0,3.2069459658128694,0.0009689895620712541,1.0154593719871725,0.01545937198717251,0.0009651165307199216,2.1374448286140675,0.003083201311584702,-0.003873031351332495,1,4
1675,1.6749999999999263,hold,100.0,3.205903692773193,-0.0010422730396761892,1.0154416966374575,0.015441696637457536,-0.0009508162660354355,2.1364940123480323,0.0030799140424247282,0.09145677364075373,2,4
1676,1.6759999999999262,hold,100.0,3.20686876459719,0.0009650718239968548,1.0154430611867005,0.015443061186700469,0.0009613258207988847,2.1374553381688313,0.003076625179158531,-0.0037460031979701016,1,4
1677,1.676999999999926,hold,100.0,3.205830502560546,-0.0010382620366442552,1.0154254342979512,0.01542543429795118,-0.0009470541369904101,2.136508284031841,0.0030733456727305825,0.09120789965384507,2,4
1678,1.677999999999926,hold,100.0,3.2067916721863208,0.0009611696257749713,1.0154267722413517,0.015426772241351694,0.0009575500903284657,2.1374658341221693,0.0030700645888419634,-0.0036195354465056633,1,4
1679,1.6789999999999259,hold,100.0,3.2057574053737863,-0.00103426681253449,1.015409193632298,0.01540919363229798,-0.0009433068651132813,2.136522527257056,0.003066792816885101,0.09095994742120869,2,4
1680,1.6799999999999258,hold,100.0,3.2067146882801913,0.0009572829064050659,1.0154105050847821,0.015410505084782145,0.0009537892793597644,2.1374763165364157,0.0030635194840467404,-0.0034936270453014536,1,4
1681,1.6809999999999257,hold,100.0,3.2056844009753815,-0.0010302873048098071,1.0153929745748704,0.015392974574870433,-0.0009395743912882889,2.1365367421451276,0.003060255418560176,0.09071291352151825,2,4
1682,1.6819999999999256,hold,100.0,3.206637807685592,0.0009534067102103805,1.0153942595925052,0.015394259592505177,0.0009500387377030381,2.1374867808828304,0.0030569897978933148,-0.0033679725073423395,2,4
1683,1.6829999999999254,hold,100.0,3.205611493832868,-0.0010263138527237814,1.0153767770996636,0.015376777099663563,-0.0009358475474379071,2.1365509333353927,0.003053733412735952,0.09046630528587425,2,4
1684,1.6839999999999253,hold,100.0,3.2065610350397167,0.0009495412068485365,1.0153780357626532,0.015378035762653175,0.0009462984922943769,2.137497231827687,0.003050475487291576,-0.0032427145541596373,2,4
1685,1.6849999999999252,hold,100.0,3.205538678984303,-0.0010223560554138977,1.015360601102899,0.015360601102899052,-0.0009321354230625501,2.1365650964046243,0.0030472267533164224,0.09022063235134763,2,4
1686,1.6859999999999251,hold,100.0,3.2064843700405428,0.0009456910562399834,1.0153618335271481,0.01536183352714815,0.0009425730354607894,2.137507669440085,0.003043976495522505,-0.0031180207791939914,2,4
1687,1.686999999999925,hold,100.0,3.2054659561948253,-0.0010184138457174363,1.0153444465197246,0.015344446519724553,-0.0009284379673303028,2.1365792314727545,0.0030407353854849397,0.08997587838713349,2,4
1688,1.687999999999925,hold,100.0,3.2064078123910233,0.000941856196198021,1.0153456528201363,0.015345652820136335,0.0009388623099958755,2.1375180937827505,0.0030374927680247503,-0.002993886202145484,2,4
1689,1.6889999999999248,hold,100.0,3.2053933252321456,-0.0010144871588777526,1.01532831328616,0.015328313286159911,-0.00092475512462715,2.1365933386581233,0.003034259254925527,0.0897320342506026,2,4
1690,1.6899999999999247,hold,100.0,3.2063313617978073,0.0009380365656617151,1.0153294935769526,0.015329493576952569,0.0009351662580036609,2.137528504916127,0.0030310242507286386,-0.0028703076580541753,2,4
1691,1.6909999999999246,hold,100.0,3.205320785866113,-0.0010105759316942908,1.0153122013387497,0.015312201338749665,-0.000921086838051928,2.136607418078075,0.003027798307809139,0.08948909364236285,2,4
1692,1.6919999999999245,hold,100.0,3.2062550179700784,0.0009342321039653712,1.0153133557336722,0.015313355733672207,0.0009314848214282507,2.1375389028995033,0.0030245708900464583,-0.002747282537120428,2,4
1693,1.6929999999999243,hold,100.0,3.2052483374762573,-0.0010066804938211327,1.0152961106022929,0.015296110602292856,-0.0009174333886866079,2.1366214695108168,0.0030213524894414563,0.08924710513452476,1,4
1694,1.6939999999999242,hold,100.0,3.2061787811328086,0.0009304436565513718,1.0152972392432735,0.01529723924327353,0.000927818704668683,2.1375492882154856,0.0030181326379275734,-0.0026249518826888894,2,4
1695,1.6949999999999241,hold,100.0,3.2051759802193316,-0.0010028009134770421,1.0152800410250753,0.015280041025075297,-0.0009137948058716418,2.136635493409614,0.0030149217547634413,0.08900610760540037,1,4
1696,1.695999999999924,hold,100.0,3.2061026504947217,0.0009266702753900624,1.0152811440262786,0.01528114402627856,0.0009241670982333641,2.1375596605078475,0.003011709436780791,-0.0025031771566983276,2,4
1697,1.696999999999924,hold,100.0,3.205103713853667,-0.0009989366410545486,1.0152639925425382,0.015263992542538185,-0.0009101706222108597,2.1366494898856367,0.003008506044984707,0.08876601884368887,1,4
1698,1.6979999999999238,hold,100.0,3.2060266257694616,0.000922911915794522,1.015265070019257,0.015265070019256921,0.0009205299519864186,2.1375700198376233,0.003005301234397992,-0.0023819638081033984,2,4
1699,1.6989999999999237,hold,100.0,3.2050315381582033,-0.0009950876112583273,1.0152479650949437,0.01524796509494375,-0.0009065607911952909,2.136663459046428,0.0030021053081372524,0.08852682006303647,1,4
1700,1.6999999999999236,hold,100.0,3.205950706676242,0.0009191685180387488,1.0152490171605306,0.01524901716053062,0.0009169072157536157,2.1375803662621817,0.002998907979040365,-0.0022613022851330523,2,4
1701,1.7009999999999235,hold,100.0,3.2049594529117282,-0.0009912537645138109,1.015231958622079,0.015231958622079045,-0.0009029652604682443,2.1366774010017133,0.0029957194927014955,0.08828850404556651,1,4
1702,1.7019999999999234,hold,100.0,3.205874892935734,0.0009154400240056759,1.015232985388926,0.015232985388925924,0.0009132988361980553,2.1375906998379115,0.0029925296194093657,-0.0021411878076205756,2,4
1703,1.7029999999999232,hold,100.0,3.2048874578936104,-0.0009874350421235079,1.0152159730637416,0.015215973063741561,-0.0008993839761380596,2.1366913158617735,0.002989348547596469,0.08805106598544823,1,4
1704,1.7039999999999231,hold,100.0,3.205799184269858,0.0009117263762474792,1.0152169746436468,0.015216974643646797,0.000909704758764386,2.137601020620538,0.00298616610464134,-0.0020216174830932484,2,4
1705,1.704999999999923,hold,100.0,3.2048155528844235,-0.000983631385434336,1.0152000083599184,0.015200008359918415,-0.0008958168837432524,2.1367052037367946,0.002982992422172843,0.0878145016910835,1,4
1706,1.705999999999923,hold,100.0,3.20572358040169,0.0009080275172665964,1.0152009848642085,0.015200984864208511,0.0009061249283687651,2.1376113286651632,0.0029798173843010693,-0.0019025888978312392,2,4
1707,1.7069999999999228,hold,100.0,3.2047437376659995,-0.000979842735690628,1.0151840644509391,0.015184064450939116,-0.0008922639285498632,2.136719064736613,0.0029766510662064317,0.08757880714076487,1,4
1708,1.7079999999999227,hold,100.0,3.2056480810556858,0.0009043433896862574,1.0151850159904872,0.01518501599048716,0.0009025592896432069,2.137621624026256,0.0029734834083749995,-0.0017841000430504584,2,4
1709,1.7089999999999226,hold,100.0,3.20467201202145,-0.0009760690342357492,1.0151681412774665,0.015168141277466463,-0.0008887250556917015,2.1367328989705645,0.0029703244298921573,0.08734397854404768,1,4
1710,1.7099999999999225,hold,100.0,3.205572685957513,0.0009006739360630789,1.015169067962769,0.015169067962768956,0.0008990077871071647,2.137631906757672,0.0029671641272655605,-0.0016661489559142203,2,4
1711,1.7109999999999224,hold,100.0,3.2046003757353496,-0.0009723102221634861,1.0151522387805094,0.01515223878050942,-0.0008852002102618713,2.13674670654741,0.002964012463836959,0.08711001190161473,1,4
1712,1.7119999999999223,hold,100.0,3.2054973892681535,0.0008970135328039142,1.0151531406549859,0.015153140654985853,0.000895465142589022,2.137642171689999,0.002960859483582321,-0.0015483902148921702,1,4
1713,1.7129999999999221,hold,100.0,3.204528833801048,-0.000968555467105503,1.0151363568993224,0.015136356899322356,-0.0008816788863701203,2.1367604928036292,0.002957715110167279,0.08687658073538268,1,4
1714,1.713999999999922,hold,100.0,3.20542219628357,0.0008933624825218089,1.0151372340678153,0.015137234067815308,0.0008919313312096396,2.137652424134839,0.002954569436102743,-0.0014311513121693714,1,4
1715,1.714999999999922,hold,100.0,3.2044573807837136,-0.0009648154998562752,1.0151204955817132,0.015120495581713245,-0.0008781715505091844,2.13677425258433,0.0029514323292678607,0.08664394934709081,1,4
1716,1.7159999999999218,hold,100.0,3.205347106775606,0.0008897259918922984,1.015121348153776,0.01512134815377597,0.0008884115463730796,2.137662664130703,0.0029482939372045803,-0.0013144455192188285,1,4
1717,1.7169999999999217,hold,100.0,3.2043860164687876,-0.0009610903068182353,1.0151046547698612,0.015104654769861225,-0.0008746781374439347,2.136787985993259,0.002945164072982028,0.0864121693743005,1,4
1718,1.7179999999999216,hold,100.0,3.2052721204779893,0.0008861040092016381,1.0151054828540358,0.01510548285403579,0.0008849057411494943,2.1376728917344083,0.0029420329388827886,-0.0011982680521438471,1,4
1719,1.7189999999999215,hold,100.0,3.2043147406410597,-0.0009573798369295616,1.0150888344054747,0.015088834405474705,-0.0008711985990038966,2.1368016931354044,0.002938910293497011,0.08618123792566501,1,4
1720,1.7199999999999214,hold,100.0,3.205197237124577,0.0008824964835172366,1.0150896381101757,0.015089638110175718,0.0008814138655012704,2.1376831070009055,0.002935786393515876,-0.0010826180159662167,1,4
1721,1.7209999999999213,hold,100.0,3.204243553087247,-0.0009536840373298716,1.0150730344308512,0.015073034430851173,-0.0008677328857300253,2.1368153741151756,0.0029326709433812746,0.0859511515998463,1,4
1722,1.7219999999999211,hold,100.0,3.205122456450874,0.0008789033636267263,1.015073813864394,0.015073813864393992,0.0008779358683527652,2.1376933099835282,0.0029295542538623036,-0.0009674952739611043,1,4
1723,1.722999999999921,hold,100.0,3.2041724535966476,-0.0009500028542261951,1.0150572547888292,0.015057254788829244,-0.0008642809471968798,2.136829029036331,0.0029264459755811993,0.08572190702931534,1,4
1724,1.723999999999921,hold,100.0,3.2050477781936895,0.000875324597041871,1.015058010059383,0.015058010059382898,0.0008744716980296147,2.1377035007343608,0.002923336473054531,-0.0008528990122563199,1,4
1725,1.7249999999999208,hold,100.0,3.204101441960611,-0.000946336233078604,1.0150414954228042,0.015041495422804196,-0.0008608427323472434,2.1368426580020135,0.0029202353434139602,0.08549350073136064,1,4
1726,1.7259999999999207,hold,100.0,3.204973202091179,0.0008717601305683331,1.0150422266383188,0.015042226638318779,0.0008710213024501703,2.1377136793044635,0.0029171330045932075,-0.0007388281181628211,1,4
1727,1.7269999999999206,hold,100.0,3.2040305179721926,-0.0009426841189865698,1.0150257562765843,0.015025756276584312,-0.000857418189684432,2.136856261114779,0.0029140390005610215,0.08526592930213779,1,4
1728,1.7279999999999205,hold,100.0,3.2048987278829353,0.0008682099107426566,1.015026463544762,0.015026463544761892,0.0008675846292200359,2.137723845743999,0.002910943802341063,-0.000625281522620728,1,4
1729,1.7289999999999204,hold,100.0,3.2039596814263476,-0.000939046456587711,1.015010037294485,0.015010037294485024,-0.0008540072673946632,2.1368698384766045,0.002907856901063813,0.0850391891930478,1,4
1730,1.7299999999999203,hold,100.0,3.204824355309884,0.0008646738835365042,1.0150107207227494,0.015010720722749449,0.0008641616257299072,2.1377340001023346,0.002904768820516543,-0.000512257806596964,1,4
1731,1.7309999999999202,hold,100.0,3.2038889321195296,-0.0009354231903544452,1.0149943384211983,0.01499433842119835,-0.000850609913444609,2.13688339018889,0.0029016889993166047,0.0848132769098362,1,4
1732,1.73199999999992,hold,100.0,3.2047500841142442,0.0008611519947145929,1.0149949981166866,0.014994998116686586,0.0008607522392062054,2.1377441424280965,0.002898608013689733,-0.00039975550838750734,1,4
1733,1.73299999999992,hold,100.0,3.203818269849731,-0.0009318142645131644,1.0149786596018329,0.014978659601832867,-0.0008472260756390007,2.1368969163524576,0.0028955352500621523,0.08458818887416372,1,4
1734,1.7339999999999198,hold,100.0,3.2046759140397416,0.0008576441900105536,1.014979295671355,0.01497929567135503,0.0008573564167743161,2.137754272769232,0.0028924613367754507,-0.00028777323623748255,1,4
1735,1.7349999999999197,hold,100.0,3.2037476944164704,-0.0009282196232711648,1.0149630007818842,0.014963000781884173,-0.0008438557017057985,2.136910417067526,0.0028893956083856868,0.08436392156536629,1,4
1736,1.7359999999999196,hold,100.0,3.2046018448313864,0.0008541504149159884,1.014963613331949,0.014963613331949066,0.0008539741055258126,2.137764391173052,0.002886328745029048,-0.00017630939017586594,1,4
1737,1.7369999999999195,hold,100.0,3.203677205620516,-0.0009246392108703816,1.0149473619072442,0.014947361907244217,-0.0008404987393270405,2.136923892433725,0.002883270029710043,0.08414047154334106,1,4
1738,1.7379999999999194,hold,100.0,3.2045278762355105,0.0008506706149944421,1.014947951044037,0.0149479510440369,0.0008506052525276679,2.1377744976862525,0.0028802101940408006,-6.536246677419939e-05,1,4
1739,1.7389999999999193,hold,100.0,3.2036068032643232,-0.0009210729711872645,1.0149317429241698,0.014931742924169766,-0.0008371551361741254,2.136937342550078,0.00287715846979042,0.08391783501313912,1,4
1740,1.7399999999999192,hold,100.0,3.2044540079999426,0.000847204735619389,1.014932308753529,0.014932308753528911,0.0008472498048753645,2.1377845923549534,0.0028741056397306544,4.506925597547e-05,1,4
1741,1.740999999999919,hold,100.0,3.203536487151331,-0.0009175208486116304,1.0149161437792844,0.014916143779284408,-0.0008338248399575307,2.136950767514996,0.002871060884709486,0.08369600865409975,1,4
1742,1.741999999999919,hold,100.0,3.2043802398737515,0.0008437527224205432,1.014916686406746,0.014916686406746038,0.000843907709720122,2.137794675224716,0.002868015038343799,0.00015498729957882842,1,4
1743,1.7429999999999188,hold,100.0,3.203466257086438,-0.000913982787313472,1.0149005644195832,0.014900564419583207,-0.0008305077984386918,2.1369641674262776,0.002864977230872542,0.08347498887478029,1,4
1744,1.7439999999999187,hold,100.0,3.2043065716074146,0.0008403145209765484,1.0149010839503567,0.01490108395035672,0.0008405789142838119,2.1378047463405614,0.002861938346445105,0.0002643933072635305,1,4
1745,1.7449999999999186,hold,100.0,3.2033961128757924,-0.0009104587316222101,1.0148850047924416,0.014885004792441592,-0.0008272039594617595,2.1369775423810995,0.0028589074650022805,0.08325477216045064,1,4
1746,1.7459999999999185,hold,100.0,3.2042330029528197,0.0008368900770272525,1.0148855013313665,0.014885501331366457,0.0008372633658996455,2.137814805746999,0.0028558755209152215,0.0003732888723930383,1,4
1747,1.7469999999999184,hold,100.0,3.203326054326848,-0.0009069486259716264,1.0148694648455618,0.014869464845561842,-0.000823913270974126,2.136990892476025,0.0028528515441346735,0.08303535499750044,1,4
1748,1.7479999999999183,hold,100.0,3.204159533663117,0.000833479336268983,1.0148699384971447,0.014869938497144686,0.0008339610119984215,2.1378248534880235,0.002849826518945298,0.00048167572943853387,1,4
1749,1.7489999999999182,hold,100.0,3.203256081248173,-0.0009034524149438283,1.0148539445269986,0.01485394452699862,-0.0008206356810246821,2.137004217806999,0.0028468094256136577,0.08281673391914625,1,4
1750,1.749999999999918,hold,100.0,3.2040861634928293,0.0008300822446560829,1.0148543953954225,0.014854395395422548,0.0008306718001407814,2.1378348896071397,0.002843791298031985,0.0005895554846984449,1,4
1751,1.750999999999918,hold,100.0,3.203186193449608,-0.0008999700432212876,1.0148384437851663,0.0148384437851663,-0.0008173711377965516,2.137017518469343,0.002840781067086995,0.08259890542473597,1,4
1752,1.7519999999999178,hold,100.0,3.2040128921978352,0.0008266987482272725,1.0148388719742742,0.014838871974274248,0.0008273956780359798,2.137844914147379,0.002837769815974293,0.0006969298087072502,1,4
1753,1.7529999999999177,hold,100.0,3.203116390742224,-0.0008965014556112649,1.0148229625688319,0.014822962568831866,-0.0008141195896193908,2.13703079455776,0.002834766426501753,0.0823818659918741,1,4
1754,1.7539999999999176,hold,100.0,3.203939719535298,0.0008233287930741184,1.0148233681821133,0.014823368182113272,0.0008241325935375789,2.1378549271512974,0.0028317620308674755,0.0008038004634604475,1,4
1755,1.7549999999999175,hold,100.0,3.2030466729381493,-0.0008930465971488388,1.0148075008270867,0.014807500827086706,-0.0008108809849573965,2.13704404616634,0.0028287654621001863,0.08216561219144232,1,4
1756,1.7559999999999174,hold,100.0,3.2038666452638638,0.0008199723257145131,1.0148078839676815,0.014807883967681512,0.0008208824946533727,2.1378649286609934,0.002825767901100022,0.000910168938859663,1,4
1757,1.7569999999999173,hold,100.0,3.2029770398506923,-0.0008896054131715125,1.0147920585093748,0.014792058509374817,-0.0008076552724368539,2.1370572733885567,0.002822778132414546,0.08195014073465864,1,4
1758,1.7579999999999172,hold,100.0,3.203793669143238,0.0008166292925455565,1.0147924192800868,0.014792419280086788,0.0008176453295589054,2.1378749187181154,0.002819787385348543,0.001016037013348934,1,4
1759,1.758999999999917,hold,100.0,3.2029074912944697,-0.0008861778487680994,1.014776635565461,0.01477663556546105,-0.0008044424008451424,2.13707047631727,0.002816804396263801,0.08173544792295696,1,4
1760,1.759999999999917,hold,100.0,3.203720790934588,0.0008132996401184478,1.0147769740687314,0.014776974068731352,0.0008144210465995295,2.1378848973638696,0.002813820442574386,0.0011214064810817362,1,4
1761,1.7609999999999169,hold,100.0,3.2028380270848826,-0.0008827638497055368,1.0147612319454102,0.014761231945410236,-0.0008012423191405169,2.137083655044729,0.0028108442127489706,0.08152153056501985,1,4
1762,1.7619999999999167,hold,100.0,3.203648010400433,0.0008099833155501557,1.0147615482833992,0.01476154828339915,0.0008112095943009615,2.1378948646390303,0.002807867032018381,0.0012262787508058627,1,4
1763,1.7629999999999166,hold,100.0,3.2027686470388703,-0.0008793633615624685,1.0147458475996989,0.01474584759969888,-0.0007980549764449098,2.1370968096625855,0.0028048975412492483,0.08130838511755871,1,4
1764,1.7639999999999165,hold,100.0,3.203575327304465,0.000806680265594828,1.0147461418741275,0.014746141874127483,0.0008080109213516279,2.137904820583937,0.002801927113197774,0.001330655756799897,1,4
1765,1.7649999999999164,hold,100.0,3.202699350974058,-0.0008759763304073687,1.0147304824790335,0.014730482479033524,-0.0007948803220584364,2.1371099402618787,0.0027989643414180567,0.08109600834893223,1,4
1766,1.7659999999999163,hold,100.0,3.2035027414116866,0.0008033904376287815,1.014730754791379,0.014730754791379086,0.000804824976640384,2.137914765238519,0.0027960006459020804,0.001434539011602523,1,4
1767,1.7669999999999162,hold,100.0,3.2026301387094476,-0.0008726027022389893,1.0147151365345073,0.01471513653450729,-0.0007917183054691164,2.1371230469330498,0.0027930445731785903,0.08088439676987284,1,4
1768,1.767999999999916,hold,100.0,3.2034302524883236,0.0008001137788760104,1.0147153869858208,0.014715386985820755,0.000801651709238855,2.137924698642289,0.0027900875901887487,0.0015379303628446214,1,4
1769,1.768999999999916,hold,100.0,3.2025610100649065,-0.000869242423417127,1.0146998097174984,0.014699809717498402,-0.000788568876336903,2.137136129765952,0.0027871381967205498,0.08067354708022396,1,4
1770,1.7699999999999159,hold,100.0,3.203357860302023,0.0007968502371165087,1.0147000384085283,0.014700038408528293,0.0007984910683903852,2.1379346208343426,0.0027841879063795483,0.0016408312738764664,1,4
1771,1.7709999999999158,hold,100.0,3.2024919648615437,-0.0008658954404792141,1.0146845019796964,0.014684501979696396,-0.0007854319845007473,2.137149188849842,0.002781245172496157,0.08046345597846681,1,4
1772,1.7719999999999156,hold,100.0,3.203285564621531,0.0007935997599872735,1.0146847090108546,0.014684709010854613,0.0007953430035441369,2.1379445318533863,0.0027783015550572943,0.0017432435568633846,1,4
1773,1.7729999999999155,hold,100.0,3.2024230029214036,-0.0008625617001274399,1.014669213273137,0.014669213273136972,-0.0007823075799959725,2.1371622242733905,0.002775365461216328,0.08025412013146747,1,4
1774,1.7739999999999154,hold,100.0,3.2032133652168806,0.0007903622954770206,1.0146693987444704,0.014669398744470374,0.000792207464328135,2.1379544317377186,0.002772428497061168,0.001845168851114399,1,4
1775,1.7749999999999153,hold,100.0,3.202354124067618,-0.0008592411492625018,1.0146539435501154,0.0146539435501154,-0.0007791956130294093,2.137175236124689,0.0027694990238474036,0.08004553623309249,1,4
1776,1.7759999999999152,hold,100.0,3.203141261859274,0.0007871377916557343,1.0146541075613473,0.01465410756134733,0.0007890844005643816,2.1379643205252536,0.0027665686934843104,0.0019466089086473109,1,4
1777,1.776999999999915,hold,100.0,3.202285328124339,-0.0008559337349347551,1.0146386927632818,0.01463869276328178,-0.0007760960340057371,2.137188224491248,0.002763645821606814,0.07983770092901799,1,4
1778,1.777999999999915,hold,100.0,3.203069254321369,0.0007839261970299383,1.0146388354137676,0.014638835413767648,0.0007859737622689356,2.137974198253517,0.002760722105669143,0.0020475652389973474,1,4
1779,1.7789999999999149,hold,100.0,3.202216614916664,-0.0008526394047048136,1.0146234608655513,0.01462346086555133,-0.0007730087935136242,2.1372011894600034,0.002757805815960132,0.07963061119118937,1,4
1780,1.7799999999999148,hold,100.0,3.202997342376703,0.0007807274600386549,1.0146235822543397,0.014623582254339684,0.0007828754996513868,2.137984064959655,0.0027548886952043572,0.002148039612731925,1,4
1781,1.7809999999999147,hold,100.0,3.2021479842708356,-0.0008493581058672817,1.0146082478101528,0.014608247810152797,-0.0007699338423340094,2.1372141311173207,0.0027519789686175655,0.07942426353327227,1,4
1782,1.7819999999999145,hold,100.0,3.202925525800235,0.0007775415293993504,1.014608348035931,0.014608348035930918,0.0007797895631145089,2.1379939206804353,0.0027490684239216264,0.0022480337151585365,1,4
1783,1.7829999999999144,hold,100.0,3.202079436013954,-0.000846089786280757,1.0145930535506207,0.014593053550620683,-0.0007668711314313898,2.1372270495490038,0.0027461652415303236,0.07921865484936726,1,4
1784,1.7839999999999143,hold,100.0,3.20285380436811,0.0007743683541558966,1.0145931327117363,0.014593132711736345,0.0007767159032506295,2.1380037654522543,0.002743261253892029,0.0023475490947329897,1,4
1785,1.7849999999999142,hold,100.0,3.2020109699742623,-0.0008428343938478022,1.0145778780407761,0.014577878040776149,-0.0007638206119572324,2.1372399448402972,0.002740364596887476,0.07901378189056982,1,4
1786,1.785999999999914,hold,100.0,3.2027821778575474,0.0007712078832851077,1.0145779362352463,0.01457793623524628,0.0007736544708443336,2.1380135993111415,0.002737467147422642,0.002446587559225906,1,4
1787,1.786999999999914,hold,100.0,3.2019425859808175,-0.0008395918767298838,1.014562721234738,0.014562721234737896,-0.0007607822352559548,2.1372528170758858,0.0027345769971125907,0.07880964147392898,1,4
1788,1.7879999999999139,hold,100.0,3.2027106460470023,0.0007680600661847947,1.0145627585602217,0.014562758560221711,0.0007706052168760338,2.1380234222927617,0.00273168606705374,0.0025451506912390655,1,4
1789,1.7889999999999138,hold,100.0,3.201874283863805,-0.0008363621831972701,1.0145475830868977,0.014547583086897742,-0.0007577559528519931,2.1372656663399097,0.0027288024048605104,0.07860623034527697,1,4
1790,1.7899999999999137,hold,100.0,3.2026392087161395,0.0007649248523344809,1.014547599640726,0.01454759964072605,0.0007675680925125395,2.138033234432422,0.0027259179755548934,0.002643240178058521,1,4
1791,1.7909999999999136,hold,100.0,3.201806063454173,-0.0008331452619665392,1.0145324635519406,0.0145324635519406,-0.0007547417164693958,2.1372784927159527,0.0027230407830141283,0.07840354549714333,1,4
1792,1.7919999999999134,hold,100.0,3.202567865645742,0.000761802191568961,1.0145324594311222,0.014532459431122247,0.0007645430491281186,2.138043035765081,0.002720162835922388,0.0027408575591575737,1,4
1793,1.7929999999999133,hold,100.0,3.2017379245840507,-0.0008299410616912084,1.014517362584866,0.014517362584866023,-0.0007517394780145837,2.1372912962870663,0.0027172920946813704,0.07820158367662468,1,4
1794,1.7939999999999132,hold,100.0,3.2024966166176974,0.0007586920336466463,1.0145173378860437,0.014517337886043702,0.0007615300382706981,2.138052826325337,0.002714420611375959,0.0028380046240518084,1,4
1795,1.794999999999913,hold,100.0,3.20166986708642,-0.000826749531277482,1.0145022801409036,0.0145022801409036,-0.0007487491895807989,2.1373040771357563,0.0027115563031920656,0.07800034169668305,1,4
1796,1.795999999999913,hold,100.0,3.2024254614150824,0.0007555943286625677,1.0145022349604134,0.014502234960413363,0.0007585290116926015,2.138062606147449,0.0027086912653557452,0.0029346830300338005,1,4
1797,1.796999999999913,hold,100.0,3.201601890794966,-0.0008235706201165094,1.0144872161755916,0.014487216175591566,-0.0007457708034513944,2.1373168353439973,0.002705833372095044,0.07779981666511501,1,4
1798,1.7979999999999128,hold,100.0,3.2023543998220876,0.0007525090271216506,1.014487150609407,0.014487150609407085,0.0007555399213360176,2.1380723752653332,0.002702974761519397,0.003030894214367053,1,4
1799,1.7989999999999127,hold,100.0,3.2015339955447617,-0.0008204042773258813,1.0144721706447464,0.014472170644746374,-0.0007428042720908495,2.1373295709932423,0.0027001232651550737,0.07760000523503174,1,4
1800,1.7999999999999126,hold,100.0,3.2022834316239948,0.0007494360792330568,1.0144720847885222,0.014472084788522244,0.0007525627193226894,2.138082133712565,0.0026972710637392424,0.0031266400896326615,1,4
1801,1.8009999999999124,hold,100.0,3.2014661811714635,-0.0008172504525312263,1.0144571435044516,0.014457143504451597,-0.0007398495481567335,2.1373422841644083,0.0026944259463501535,0.07740090437449276,1,4
1802,1.8019999999999123,hold,100.0,3.2022125566073143,0.0007463754358507657,1.0144570374534942,0.014457037453494248,0.0007495973579793148,2.1380918815223877,0.0026915801360987185,0.003221922128549058,1,4
1803,1.8029999999999122,hold,100.0,3.201398447511594,-0.0008141090957201058,1.0144421347110504,0.01444213471105038,-0.0007369065844833351,2.1373549749379044,0.002688741379868184,0.07720251123677076,1,4
1804,1.8039999999999121,hold,100.0,3.2021417745593945,0.0007433270478003351,1.0144420085603516,0.014442008560351605,0.0007466437898081709,2.1381016187277124,0.002685901942890845,0.0033167420078357695,1,4
1805,1.804999999999912,hold,100.0,3.201330794402889,-0.000810980156505714,1.0144271442211776,0.014427144221177635,-0.0007339753340960366,2.1373676433936164,0.002683069530105072,0.07700482240967735,1,4
1806,1.805999999999912,hold,100.0,3.2020710852690284,0.0007402908661395813,1.0144269980653742,0.014426998065374175,0.0007437019675081574,2.1381113453611245,0.0026802364486141752,0.0034111013685761155,1,4
1807,1.8069999999999118,hold,100.0,3.2012632216836634,-0.0008078635853649985,1.0144121719917267,0.01441217199172673,-0.0007310557502058818,2.1373802896109186,0.002677410361661093,0.0768078351591167,1,4
1808,1.8079999999999117,hold,100.0,3.2020004885258375,0.0007372668421741224,1.014412005925139,0.014412005925138915,0.0007407718439712194,2.13812106145489,0.002674583617970757,0.0035050017970969776,1,4
1809,1.8089999999999116,hold,100.0,3.201195729193274,-0.0008047593325635205,1.014397217979844,0.014397217979843946,-0.0007281477862098543,2.13739291366868,0.002671763839338211,0.07661154635366617,1,4
1810,1.8099999999999115,hold,100.0,3.201929984120511,0.0007342549272371102,1.0143970320964455,0.014397032096445495,0.0007378533722733352,2.1381307670409533,0.002668943415863614,0.0035984450362250503,1,4
1811,1.8109999999999113,hold,100.0,3.2011283167719187,-0.0008016673485924386,1.0143822821429467,0.014382282142946679,-0.000725251395688261,2.137405515645265,0.002666129928138605,0.07641595290417758,1,4
1812,1.8119999999999112,hold,100.0,3.2018595718450222,0.000731255073103565,1.0143820765363967,0.01438207653639667,0.0007349465056752027,2.13814046215094,0.002663315807393303,0.0036914325716376917,1,4
1813,1.8129999999999111,hold,100.0,3.2010609842606605,-0.0007985875843616874,1.0143673644387083,0.014367364438708341,-0.0007223665323934561,2.1374180956185467,0.002660508593260434,0.07622105196823127,1,4
1814,1.813999999999911,hold,100.0,3.2017892514921673,0.0007282672315067629,1.0143671392023141,0.014367139202314139,0.0007320511976209073,2.1381501468161677,0.002657700757856202,0.0037839661141444558,1,4
1815,1.814999999999911,hold,100.0,3.2009937315013772,-0.0007955199907900834,1.014352464825074,0.014352464825073907,-0.0007194931502738344,2.137430653665894,0.00265489980009636,0.07602684051624903,1,4
1816,1.8159999999999108,hold,100.0,3.201719022855958,0.0007252913545809925,1.0143522200518262,0.014352220051826237,0.0007291674017476995,2.138159821067642,0.0026520982327414774,0.0038760471667070515,1,4
1817,1.8169999999999107,hold,100.0,3.20092655833693,-0.0007924645190282575,1.0143375832602162,0.014337583260216169,-0.0007166312034464423,2.1374431898641952,0.0026493035142308627,0.07583331558181522,1,4
1818,1.8179999999999106,hold,100.0,3.201648885731336,0.0007223273944059194,1.0143373190427696,0.01433731904276958,0.0007262950718697245,2.138169484936065,0.002646508197728981,0.003967677463805118,1,4
1819,1.8189999999999105,hold,100.0,3.2008594646109274,-0.0007894211204084733,1.0143227197025702,0.014322719702570152,-0.0007137806462184311,2.1374557042898465,0.0026437197014375136,0.07564047419004225,1,4
1820,1.8199999999999104,hold,100.0,3.2015788399142777,0.0007193753033503114,1.0143224361332677,0.014322436133267669,0.0007234341619914347,2.138179138451838,0.002640930618686386,0.004058858641123298,1,4
1821,1.8209999999999102,hold,100.0,3.2007924501676746,-0.0007863897466031666,1.01430787411084,0.014307874110840002,-0.0007109414330762948,2.137468197018762,0.002638148327676694,0.07544831352687188,1,4
1822,1.8219999999999101,hold,100.0,3.201508885201874,0.0007164350341994918,1.014307571281677,0.014307571281676923,0.000720584626301021,2.138188781645063,0.002635365461666867,0.004149592101529214,1,4
1823,1.82299999999991,hold,100.0,3.2007255148526923,-0.0007833703491817445,1.0142930464439563,0.014293046443956348,-0.0007081135186857645,2.137480668126377,0.0026325893590930433,0.07525683049598003,1,4
1824,1.82399999999991,hold,100.0,3.2014390213921153,0.0007135065394230367,1.0142927244465985,0.01429272444659846,0.0007177464191712286,2.138198414545548,0.002629812692907133,0.004239879748191896,1,4
1825,1.8249999999999098,hold,100.0,3.200658658511939,-0.0007803628801763551,1.0142782366611056,0.014278236661105614,-0.0007052968578858993,2.1374931176876624,0.0026270427620136054,0.07506602229045588,1,4
1826,1.8259999999999097,hold,100.0,3.201369248284159,0.0007105897722201604,1.0142778955869016,0.014277895586901623,0.0007149194951423445,2.1382080371828045,0.0026242722788245186,0.004329722922184103,1,4
1827,1.8269999999999096,hold,100.0,3.2005918809923717,-0.0007773672917874563,1.0142634447216965,0.014263444721696494,-0.0007024914056968707,2.1375055457771075,0.002621508502945205,0.07487588609058564,1,4
1828,1.8279999999999095,hold,100.0,3.20129956567797,0.0007076846855982311,1.0142630846616791,0.014263084661679137,0.0007121038089608575,2.1382176495860685,0.002618744186015193,0.004419123362626402,1,4
1829,1.8289999999999094,hold,100.0,3.2005251821417193,-0.0007743835362505891,1.0142486705854175,0.014248670585417456,-0.000699697117328706,2.1375179524687398,0.0026159865485715626,0.0746864189218831,1,4
1830,1.8299999999999093,hold,100.0,3.20122997337471,0.0007047912329904982,1.0142482916302646,0.014248291630264642,0.0007092993155353061,2.138227251784275,0.0026132283812514722,0.004508082544807976,1,4
1831,1.8309999999999091,hold,100.0,3.200458561808536,-0.0007714115661738852,1.0142339142121715,0.014233914212171461,-0.0006969139481484421,2.1375303378361266,0.0026104768657527217,0.07449761802544308,1,4
1832,1.831999999999909,hold,100.0,3.2011604711763213,0.0007019093677853583,1.014233516452261,0.014233516452260897,0.0007065059699611536,2.1382368438060877,0.002607724831480316,0.004596602175795279,1,4
1833,1.832999999999909,hold,100.0,3.200392019842126,-0.0007684513341952304,1.014219175562096,0.014219175562095954,-0.0006941418537142962,2.1375427019523734,0.0026049794215208264,0.07430948048093416,1,4
1834,1.8339999999999088,hold,100.0,3.201091058885801,0.0006990390436749649,1.0142187590874772,0.014218759087477162,0.0007037237275138164,2.1382464256798874,0.0026022335038203485,0.0046846838388514556,1,4
1835,1.8349999999999087,hold,100.0,3.2003255560925776,-0.0007655027932234049,1.0142044545955768,0.014204454595576843,-0.0006913807897496189,2.1375550448901377,0.0025994941830796573,0.07412200347378596,1,4
1836,1.8359999999999086,hold,100.0,3.2010217363071884,0.0006961802146108198,1.0142040194959652,0.01420401949596517,0.0007009525436402602,2.138255997433778,0.0025967543655603343,0.004772329029440413,1,4
1837,1.8369999999999085,hold,100.0,3.200259170410842,-0.0007625658963466009,1.0141897512732214,0.014189751273221418,-0.0006886307121613893,2.1375673667216164,0.002594021117801535,0.07393518418521158,1,4
1838,1.8379999999999084,hold,100.0,3.200952503245373,0.0006933328345311018,1.0141892976380154,0.014189297638015352,0.0006981923739790462,2.1382655590955952,0.0025912873841565497,0.004859539447944392,1,4
1839,1.8389999999999083,hold,100.0,3.2001928626485174,-0.0007596405968555153,1.014175065555856,0.014175065555855904,-0.0006858915770262578,2.137579667518569,0.0025885601932259202,0.0737490198292575,1,4
1840,1.8399999999999082,hold,100.0,3.2008833595063138,0.0006904968577963189,1.014174593474155,0.014174593474155062,0.000695443174333913,2.138275110692903,0.0025858325272313737,0.004946316537594126,1,4
1841,1.840999999999908,hold,100.0,3.200126632658054,-0.0007567268482597811,1.014160397404591,0.014160397404590963,-0.0006831633405973484,2.1375919473523055,0.002583111377056732,0.07356350766243272,1,4
1842,1.841999999999908,hold,100.0,3.2008143048967828,0.000687672238728787,1.0141599069651301,0.014159906965130142,0.0006927049006902341,2.1382846522529957,0.002580389762570871,0.005032661961447112,1,4
1843,1.8429999999999078,hold,100.0,3.2000604802926356,-0.0007538246041471908,1.0141457467806716,0.014145746780671598,-0.0006804459592920341,2.1376042062937035,0.0025776746371606383,0.07337864485515672,1,4
1844,1.8439999999999077,hold,100.0,3.2007453392245657,0.0006848589319301546,1.0141452380719058,0.014145238071905819,0.0006899775092049016,2.1382941838029086,0.0025749590581227288,0.005118577274747021,1,4
1845,1.8449999999999076,hold,100.0,3.1999944054061915,-0.0007509338183742109,1.014131113645671,0.01413111364567099,-0.0006777393897119402,2.1376164444131964,0.002572249941565173,0.07319442866227066,1,4
1846,1.8459999999999075,hold,100.0,3.200676462298382,0.0006820568921903636,1.0141305867557027,0.014130586755702668,0.0006872609562161958,2.1383037053694127,0.002569540381994585,0.005204064025832243,1,4
1847,1.8469999999999074,hold,100.0,3.19992840785338,-0.0007480544450020332,1.014116497961296,0.014116497961295993,-0.0006750435886204621,2.1376286617807922,0.0025668372584569544,0.07301085638157111,1,4
1848,1.8479999999999073,hold,100.0,3.2006076739278972,0.000679266074517404,1.0141159529779424,0.014115952977942436,0.0006845551982323384,2.1383132169790247,0.002564133702451806,0.0052891237149344655,1,4
1849,1.8489999999999072,hold,100.0,3.1998624874896526,-0.0007451864382446161,1.0141018996895426,0.014101899689542563,-0.0006723585129597278,2.137640858466065,0.002561436556179135,0.07282792528488823,1,4
1850,1.849999999999907,hold,100.0,3.200538973923564,0.0006764864339112719,1.0141013367002643,0.014101336700264255,0.0006818601919417438,2.138322718658007,0.0025587389879161916,0.005373758030471866,1,4
1851,1.850999999999907,hold,100.0,3.1997966441712204,-0.0007423297523434513,1.0140873187925663,0.014087318792566306,-0.0006696841198436275,2.1376530345381632,0.0025560478032305945,0.07264563249982386,1,4
1852,1.8519999999999068,hold,100.0,3.200470362096948,0.0006737179257276793,1.014086737884541,0.014086737884541067,0.0006791758942035859,2.1383322104323668,0.0025533562069633216,0.00545796847590662,1,4
1853,1.8529999999999067,hold,100.0,3.1997308777548277,-0.0007394843421204556,1.014072755232789,0.014072755232789058,-0.0006670203665462151,2.1376651900658206,0.002550670968262633,0.07246397557424046,1,4
1854,1.8539999999999066,hold,100.0,3.200401838260258,0.0006709605054302514,1.0140721564928663,0.014072156492866306,0.0006765022620414876,2.138341692327862,0.002547985328321224,0.005541756611236195,1,4
1855,1.8549999999999065,hold,100.0,3.19966518809815,-0.000736650162107999,1.0140582089728143,0.01405820897281429,-0.0006643672105154339,2.137677325117347,0.002545306020078823,0.07228295159256518,1,4
1856,1.8559999999999064,hold,100.0,3.200333402226935,0.0006682141287850385,1.0140575924875035,0.01405759248750349,0.0006738392526613385,2.1383511643700084,0.0025426263208687726,0.005625123876300047,1,4
1857,1.8569999999999063,hold,100.0,3.199599575059483,-0.0007338271674521835,1.0140436799754913,0.014043679975491274,-0.0006617246093680046,2.1376894397606403,0.002539952927631908,0.07210255808417891,1,4
1858,1.8579999999999062,hold,100.0,3.200265053810905,0.0006654787514221994,1.0140430458310243,0.014043045831024337,0.0006711868234333994,2.1383606265840736,0.0025372791536332866,0.005708072011200056,1,4
1859,1.858999999999906,hold,100.0,3.1995340384978697,-0.0007310153130353214,1.0140291682038431,0.014029168203843145,-0.0006590925208911061,2.1377015340631824,0.0025346116600230475,0.07192279214421533,1,4
1860,1.859999999999906,hold,100.0,3.200196792827331,0.0006627543294612792,1.0140285164861114,0.014028516486111364,0.000668544931905763,2.1383700789950884,0.002531943795789537,0.005790602444483823,1,4
1861,1.8609999999999058,hold,100.0,3.199468578272987,-0.000728214554344131,1.0140146736211195,0.014014673621119522,-0.0006564709030353701,2.137713608092053,0.0025292821864991233,0.07174365130876081,1,4
1862,1.8619999999999057,hold,100.0,3.200128619092066,0.0006600408190791107,1.0140140044157082,0.014014004415708214,0.0006659135357897816,2.1383795216278427,0.00252662021665725,0.005872716710670928,1,4
1863,1.8629999999999056,hold,100.0,3.199403194245234,-0.0007254248468320235,1.0140001961907723,0.014000196190772307,-0.0006538597139189676,2.1377256619139238,0.0025239644764521426,0.07156513291305588,1,4
1864,1.8639999999999055,hold,100.0,3.2000605324219036,0.0006573381766696862,1.0139995095829775,0.013999509582977465,0.0006632925929669249,2.138388954506891,0.0025213083857002078,0.005954416297238724,1,4
1865,1.8649999999999054,hold,100.0,3.1993378862757593,-0.0007226461461442568,1.0139857358764925,0.013985735876492544,-0.000651258911822824,2.137737695595068,0.002518658499416387,0.07138723432143282,1,4
1866,1.8659999999999053,hold,100.0,3.199992532634309,0.0006546463585497264,1.0139850319512622,0.013985031951262217,0.000660682061486129,2.1383983776565545,0.002516008272524386,0.0060357029364026,1,4
1867,1.8669999999999052,hold,100.0,3.1992726542262844,-0.0007198784080246767,1.0139712926421265,0.013971292642126487,-0.0006486684551967592,2.1377497092013575,0.002513364225068163,0.0712099528279175,1,4
1868,1.867999999999905,hold,100.0,3.1999246195479363,0.0006519653216519039,1.0139705714840985,0.013970571484098526,0.0006580818995690903,2.1384077911009265,0.002510719846875944,0.006116577917186349,1,4
1869,1.868999999999905,hold,100.0,3.1992074979593337,-0.0007171215886025983,1.0139568664517447,0.013956866451744654,-0.0006460883026561764,2.1377617027982705,0.0025080816232225804,0.07103328594642189,1,4
1870,1.8699999999999048,hold,100.0,3.199856792982037,0.0006492950227032779,1.0139561281452714,0.013956128145271363,0.0006554920656030186,2.1384171948638735,0.0025054430786401755,0.006197042899740721,1,4
1871,1.8709999999999047,hold,100.0,3.1991424173379412,-0.0007143756440957105,1.013942457269608,0.013942457269608077,-0.0006435184129784067,2.137773676450895,0.002502810663833863,0.0708572311173038,1,4
1872,1.8719999999999046,hold,100.0,3.199789052756774,0.0006466354188328083,1.0139417018987238,0.01394170189872379,0.0006529125181364908,2.1384265889690317,0.0025001779378395314,0.006277099303682527,1,4
1873,1.8729999999999045,hold,100.0,3.1990774122259307,-0.0007116405308433826,1.0139280650602054,0.013928065060205386,-0.000640958745104986,2.137785630223927,0.0024975513169921775,0.0706817857383966,1,4
1874,1.8739999999999044,hold,100.0,3.1997213986931703,0.0006439864672396212,1.013927292708624,0.013927292708624028,0.0006503432158953241,2.1384359734398224,0.002494924394632327,0.006356748655702974,1,4
1875,1.8749999999999043,hold,100.0,3.199012482487818,-0.0007089162053524056,1.013913689788193,0.013913689788193073,-0.0006384092581407118,2.1377975641816818,0.002492303552922632,0.07050694721169386,1,4
1876,1.8759999999999042,hold,100.0,3.199653830612956,0.0006413481251379416,1.0139129005393164,0.013912900539316375,0.0006477841177563768,2.138445348299438,0.0024896824193114723,0.006435992618435203,1,4
1877,1.876999999999904,hold,100.0,3.19894762798865,-0.0007062026243058739,1.0138993314184221,0.013899331418422145,-0.000635869911348444,2.13780947838809,0.0024870673419843357,0.07033271295742985,1,4
1878,1.877999999999904,hold,100.0,3.1995863483388334,0.0006387203501834193,1.0138985253553678,0.013898525355367841,0.000645235182769852,2.1384547135708596,0.002484451982302029,0.006514832586432631,1,4
1879,1.8789999999999039,hold,100.0,3.19888284859419,-0.0007034997446435654,1.0138849899159563,0.013884989915956325,-0.0006333406641567327,2.137821372906703,0.00248184265466831,0.07015908048683267,1,4
1880,1.8799999999999037,hold,100.0,3.1995189516942792,0.0006361031000894357,1.013884167121513,0.01388416712151308,0.000642696370148856,2.1384640692768517,0.002479233054161186,0.006593270059420298,1,4
1881,1.8809999999999036,hold,100.0,3.1988181441708607,-0.0007008075234185007,1.0138706652460294,0.013870665246029423,-0.000630821476151949,2.1378332478006996,0.002476629461596286,0.06998604726655175,1,4
1882,1.8819999999999035,hold,100.0,3.1994516405035753,0.0006334963327145893,1.01386982580271,0.0138698258027099,0.000640167639265074,2.1384734154399645,0.0024740256055755462,0.006671306550484735,1,4
1883,1.8829999999999034,hold,100.0,3.1987535145856274,-0.0006981259179479338,1.0138563573740884,0.013856357374088413,-0.0006283123070857115,2.1378451031328787,0.0024714277335190385,0.0698136108622223,1,4
1884,1.8839999999999033,hold,100.0,3.199384414591665,0.0006309000060373826,1.0138555013640704,0.013855501364070433,0.0006376489496613296,2.13848275208254,0.002468829607360504,0.00674894362394699,1,4
1885,1.8849999999999032,hold,100.0,3.1986889597061516,-0.000695454885513147,1.0138420662657528,0.013842066265752795,-0.0006258131168627173,2.1378569389656774,0.0024662374413154603,0.06964176865042972,1,4
1886,1.885999999999903,hold,100.0,3.1993172737845628,0.0006283140784111296,1.013841193770921,0.013841193770921079,0.0006351402610339328,2.1384920792267113,0.002463645030458583,0.006826182622803197,1,4
1887,1.886999999999903,hold,100.0,3.1986244794007916,-0.0006927943837711226,1.0138277918868408,0.013827791886840801,-0.0006233238655531535,2.137868755361158,0.0024610585559906493,0.06947051821796905,1,4
1888,1.8879999999999029,hold,100.0,3.1992502179088618,0.0006257385080701283,1.0138269029887599,0.013826902988759882,0.000632641533247838,2.138501396894406,0.002458471845937859,0.006903025177709687,1,4
1889,1.8889999999999028,hold,100.0,3.1985600735383684,-0.0006901443704934174,1.0138135342033343,0.01381353420333431,-0.0006208445133780286,2.137880552381028,0.002455891048675065,0.06929985711538875,1,4
1890,1.8899999999999026,hold,100.0,3.1991832467919985,0.0006231732536301493,1.0138126289832832,0.01381262898328317,0.0006301527263196821,2.1385107051073478,0.0024533100249913373,0.006979472689532754,1,4
1891,1.8909999999999025,hold,100.0,3.198495741988406,-0.0006875048035923648,1.0137992931814164,0.013799293181416372,-0.0006183750207238568,2.1378923300866237,0.0024507348906226984,0.069129782868508,1,4
1892,1.8919999999999024,hold,100.0,3.1991163602621535,0.0006206182737473753,1.0137983717203845,0.01379837172038445,0.0006276738004358915,2.1385200038870598,0.0024481595389346106,0.007055526688516211,1,4
1893,1.8929999999999023,hold,100.0,3.1984314846211337,-0.000684875641019822,1.0137850687874543,0.013785068787454335,-0.0006159153481290193,2.1379040885389307,0.002445590053210459,0.06896029289080272,1,4
1894,1.8939999999999022,hold,100.0,3.199049558148457,0.0006180735273231264,1.0137841311661044,0.01378413116610444,0.0006252047159349514,2.1385292932548654,0.00244302035920566,0.0071311886118250074,1,4
1895,1.894999999999902,hold,100.0,3.198367301307166,-0.0006822568412907515,1.0137708609879879,0.013770860987987854,-0.000613465456291973,2.1379158277985733,0.002440456507936028,0.06879138499877853,1,4
1896,1.895999999999902,hold,100.0,3.1989828402805163,0.0006155389733502048,1.0137699072866833,0.013769907286683258,0.0006227454333252402,2.1385385732318984,0.0024378924573624423,0.007206459975035435,1,4
1897,1.8969999999999019,hold,100.0,3.1983031919178995,-0.0006796483626168026,1.0137566697497353,0.013756669749735329,-0.0006110253060702885,2.137927547925828,0.0024353342264171497,0.06862305654651407,1,4
1898,1.8979999999999018,hold,100.0,3.1989162064888728,0.0006130145709732915,1.0137557000485606,0.013755700048560637,0.0006202959132576993,2.1385478438390857,0.0024327758050827065,0.007281342284407781,1,4
1899,1.8989999999999017,hold,100.0,3.1982391563252266,-0.0006770501636461645,1.0137424950395961,0.013742495039596125,-0.0006085948584657473,2.13793924898062,0.0024302231803903993,0.06845530518041722,1,4
1900,1.8999999999999015,hold,100.0,3.19884965660488,0.0006105002796532588,1.0137415094183166,0.013741509418316644,0.0006178561165541463,2.138557105097174,0.00242767037416226,0.0073558369008874715,1,4
1901,1.9009999999999014,hold,100.0,3.1981751944016326,-0.0006744622032472947,1.0137283368246464,0.013728336824646359,-0.0006061740746434181,2.1379509310225306,0.002425123341709823,0.06828812860387658,1,4
1902,1.9019999999999013,hold,100.0,3.198783190460494,0.0006079960588616373,1.0137273353627403,0.01372733536274029,0.0006154260041814379,2.138566357026712,0.002422576136513711,0.007429945319800614,1,4
1903,1.9029999999999012,hold,100.0,3.198111306020327,-0.000671884440167414,1.0137141950721318,0.013714195072131785,-0.000603762915923851,2.1379625941107885,0.0024200346823456415,0.06812152424356303,1,4
1904,1.903999999999901,hold,100.0,3.1987168078885637,0.0006055018682369351,1.0137131778487858,0.013713177848785785,0.0006130055372762528,2.138575599648065,0.0024174930641649908,0.00750366903931772,1,4
1905,1.904999999999901,hold,100.0,3.198047491054841,-0.0006693168337226219,1.0137000697494731,0.013700069749473132,-0.0006013613437769996,2.1379742383042877,0.0024149571743832016,0.06795548994562224,1,4
1906,1.9059999999999009,hold,100.0,3.198650508722479,0.0006030176676379284,1.0136990368435594,0.013699036843559442,0.0006105946771252645,2.138584832981413,0.002412421129259311,0.007577009487336086,1,4
1907,1.9069999999999008,hold,100.0,3.1979837493794996,-0.0006667593429794394,1.0136859608242563,0.013685960824256327,-0.0005989693198292711,2.1379858636615836,0.002409890790021924,0.06779002315016827,1,4
1908,1.9079999999999007,hold,100.0,3.198584292796594,0.000600543417094368,1.01368491231438,0.013684912314380071,0.0006081933851656556,2.1385940570467494,0.002407360304052487,0.0076499680712876095,1,4
1909,1.9089999999999006,hold,100.0,3.1979200808690775,-0.0006642119275164227,1.0136718682642665,0.013671868264266474,-0.0005965868058566114,2.137997470240893,0.002404835501574012,0.06762512165981122,1,4
1910,1.9099999999999004,hold,100.0,3.198518159945749,0.0005980790766715316,1.0136708042286882,0.01367080422868816,0.0006058016229923211,2.138603271863885,0.0024023105609133006,0.007722546320789543,1,4
1911,1.9109999999999003,hold,100.0,3.1978564853991256,-0.0006616745466234697,1.0136577920374128,0.013657792037412797,-0.0005942137637829419,2.138009058100102,0.002399791281463141,0.06746078284052784,1,4
1912,1.9119999999999002,hold,100.0,3.198452110005709,0.0005956246065834669,1.013656712554135,0.01365671255413492,0.0006034193523539434,2.138612477452456,0.002397271872321054,0.007794745770476502,1,4
1913,1.9129999999999001,hold,100.0,3.197792962845285,-0.000659147160424034,1.013643732111789,0.013643732111789042,-0.0005918501556954793,2.1380206272967603,0.0023947581022238074,0.0672970047285547,1,4
1914,1.9139999999999,hold,100.0,3.198386142812851,0.0005931799675660265,1.0136426372585323,0.01364263725853232,0.0006010465351603575,2.1386216738319206,0.0023922442108654752,0.007866567594330947,1,4
1915,1.9149999999999,hold,100.0,3.197729513084341,-0.0006566297285099942,1.0136296884556915,0.013629688455691458,-0.0005894959438211232,2.1380321778880993,0.002389735936500003,0.06713378468887099,1,4
1916,1.9159999999998998,hold,100.0,3.1983202582043324,0.0005907451199913538,1.0136285783098362,0.013628578309836215,0.0005986831334570917,2.1386308610215563,0.002387227549244745,0.007938013465737833,1,4
1917,1.9169999999998997,hold,100.0,3.1976661359931096,-0.0006541222112228517,1.0136156610375142,0.013615661037514215,-0.0005871510905411741,2.138043709931015,0.0023847247570439743,0.06697112068167763,1,4
1918,1.9179999999998996,hold,100.0,3.1982544560179376,0.000588320024828004,1.0136145356761983,0.013614535676198303,0.0005963291094594666,2.1386400390404745,0.002382221860265695,0.008009084631462547,1,4
1919,1.9189999999998995,hold,100.0,3.197602831449309,-0.0006516245686287725,1.0136016498258607,0.013601649825860651,-0.0005848155583902106,2.1380552234820844,0.002379724536715324,0.06680901023856187,1,4
1920,1.9199999999998993,hold,100.0,3.1981887360922063,0.000585904642897539,1.0136005093258897,0.013600509325889742,0.0005939844255256496,2.1386492079076103,0.002377227116841426,0.008079782628110675,1,4
1921,1.9209999999998992,hold,100.0,3.197539599331056,-0.0006491367611505261,1.0135876547894629,0.013587654789462889,-0.0005824893100450226,2.1380667185975653,0.0023747352484802947,0.0666474511055035,1,4
1922,1.9219999999998991,hold,100.0,3.198123098266336,0.0005834989352799802,1.0135864992274108,0.013586499227410842,0.0005916490441641364,2.1386583676417295,0.002372243291991022,0.008150108884156203,1,4
1923,1.922999999999899,hold,100.0,3.1974764395169393,-0.0006466587493965115,1.0135736758972638,0.01357367589726377,-0.0005801723083339966,2.1380781953333954,0.002369756865410127,0.06648644106251489,1,4
1924,1.923999999999899,hold,100.0,3.1980575423802073,0.0005811028632680681,1.0135725053493494,0.013572505349349395,0.0005893229280372026,2.1386675182614328,0.0023672703588384857,0.008220064769134472,1,4
1925,1.9249999999998988,hold,100.0,3.197413351886344,-0.000644190493863217,1.0135597131183072,0.01355971311830717,-0.0005778645162365241,2.138089653745196,0.002364789360680434,0.06632597762669293,1,4
1926,1.9259999999998987,hold,100.0,3.197992068274461,0.0005787163881167956,1.0135585276605124,0.013558527660512354,0.0005870060399574249,2.1386766597851534,0.002362308290611585,0.008289651840629299,1,4
1927,1.9269999999998986,hold,100.0,3.197350336318757,-0.0006417319557039391,1.0135457664218346,0.013545766421834582,-0.0005755658968709906,2.1381010938882823,0.002359832707570388,0.0661660588329486,1,4
1928,1.9279999999998985,hold,100.0,3.197926675790352,0.0005763394715949666,1.013544566129822,0.013544566129821911,0.0005846983428784812,2.138685792231161,0.002357357060640712,0.008358871283514605,1,4
1929,1.9289999999998984,hold,100.0,3.1972873926945606,-0.0006392830957913098,1.01353183577724,0.013531835777240042,-0.0005732764135127503,2.138112515817648,0.0023548868794612873,0.06600668227855956,1,4
1930,1.9299999999998982,hold,100.0,3.197861364769846,0.0005739720752853117,1.0135306207263703,0.013530620726370346,0.000582399799915141,2.138694915617563,0.0023524166423582737,0.008427724629829318,1,4
1931,1.9309999999998981,hold,100.0,3.1972245208945225,-0.0006368438753234784,1.0135179211540344,0.013517921154034385,-0.0005709960295762299,2.138123919587987,0.002349951849835904,0.06584784574724856,1,4
1932,1.931999999999898,hold,100.0,3.1977961350555493,0.0005716141610268011,1.0135166914194413,0.01351669141944134,0.0005801103743224545,2.1387040299623092,0.0023474870092978603,0.008496213295653473,1,4
1933,1.932999999999898,hold,100.0,3.19716172079983,-0.0006344142557193067,1.0135040225219198,0.013504022521919845,-0.0005687247086261104,2.1381353052536833,0.0023450275922774692,0.06568954709319623,1,4
1934,1.9339999999998978,hold,100.0,3.1977309864906704,0.0005692656908404814,1.013502778178395,0.013502778178394959,0.0005778300295073933,2.1387131352831905,0.0023425681350929192,0.008564338666911864,1,4
1935,1.9349999999998977,hold,100.0,3.197098992292367,-0.0006319941983035093,1.01349013985075,0.013490139850750094,-0.0005664624143718632,2.1381466728688188,0.002340114080468803,0.06553178393164613,1,4
1936,1.9359999999998976,hold,100.0,3.197665918919273,0.0005669266269059392,1.0134888809728149,0.013488880972814865,0.0005755587290185732,2.1387222315978374,0.0023376599934757285,0.008632102112633948,1,4
1937,1.9369999999998975,hold,100.0,3.1970363352543663,-0.0006295836649066189,1.0134762731105011,0.013476273110501147,-0.0005642091106623932,2.138158022487175,0.002335211288191345,0.0653745542442257,1,4
1938,1.9379999999998974,hold,100.0,3.1976009321859182,0.000564596931551975,1.0134749997724153,0.013474999772415286,0.0005732964365570104,2.138731318923732,0.0023327625582770157,0.008699505005035435,1,4
1939,1.9389999999998973,hold,100.0,3.196973749568655,-0.0006271826172632444,1.0134624222713333,0.013462422271333319,-0.0005619647614988534,2.138169354162233,0.0023303191893242043,0.065217855764391,1,4
1940,1.9399999999998971,hold,100.0,3.1975360261357917,0.0005622765671366992,1.0134611345470539,0.013461134547053888,0.000571043115963652,2.1387403972781964,0.0023278758034247743,0.008766548826952854,1,4
1941,1.940999999999897,hold,100.0,3.1969112351185087,-0.0006247910172829663,1.0134485873035217,0.01344858730352172,-0.0005597293310144663,2.1381806679471818,0.002325437757843558,0.06506168626849997,1,4
1942,1.941999999999897,hold,100.0,3.1974712006148023,0.0005599654962935574,1.013447285266742,0.013447285266741993,0.000568798731225569,2.1387494666784073,0.002322999702943466,0.008833234932011644,1,4
1943,1.9429999999998968,hold,100.0,3.1968487917877573,-0.0006224088270450068,1.0134347681775169,0.013434768177516876,-0.0005575027834966467,2.1381919638949105,0.002320566967821345,0.06490604354836012,1,4
1944,1.9439999999998967,hold,100.0,3.197406455469613,0.0005576636818558356,1.0134334519016128,0.013433451901612825,0.0005665632464801276,2.1387585271413907,0.0023181342309529546,0.00889956462429202,1,4
1945,1.9449999999998966,hold,100.0,3.196786419460577,-0.0006200360090362622,1.0134209648638888,0.013420964863888774,-0.00055528508337154,2.1382032420580193,0.0023157067934246184,0.0647509256647222,1,4
1946,1.9459999999998965,hold,100.0,3.197341790547201,0.000555371086623957,1.0134196344220043,0.013419634422004334,0.0005643366260055318,2.138767578684025,0.0023132793616679787,0.008965539381574879,1,4
1947,1.9469999999998964,hold,100.0,3.1967241180217902,-0.0006176725254105619,1.0134071773333977,0.01340717733339769,-0.0005530761952078028,2.138214502488817,0.0023108572089149525,0.06459633020275911,1,4
1948,1.9479999999998963,hold,100.0,3.1972772056954772,0.0005530876736870027,1.013405832798344,0.013405832798343953,0.0005621188342228786,2.1387766213230397,0.002308435069397005,0.009031160535875882,1,4
1949,1.9489999999998961,hold,100.0,3.1966618873565755,-0.0006153183389017158,1.0133934055568843,0.013393405556884286,-0.000550876083709792,2.13822574523933,0.0023060181886472675,0.06444225519192386,1,4
1950,1.949999999999896,hold,100.0,3.197212700762892,0.0005508134063165748,1.01339204700123,0.01339204700123009,0.0005599098356927881,2.138785655075023,0.0023036013285415804,0.009096429376213291,1,4
1951,1.950999999999896,hold,100.0,3.196599727350777,-0.000612973412115192,1.0133796495053697,0.01337964950536974,-0.000548684713730772,2.1382369703612922,0.0023011897070693028,0.06428869838441997,1,4
1952,1.9519999999998958,hold,100.0,3.197148275598506,0.0005485482477292081,1.013378277001396,0.013378277001395933,0.0005577095951308427,2.138794679956423,0.0022987781135957045,0.009161347401634629,1,4
1953,1.9529999999998957,hold,100.0,3.1965376378903843,-0.0006106377081218639,1.0133659091500182,0.01336590915001823,-0.0005465020502646223,2.1382481779061586,0.0022963717387203585,0.06413565785724165,1,4
1954,1.9539999999998956,hold,100.0,3.1970839300519325,0.000546292161548223,1.0133645227697279,0.013364522769727882,0.0005555180773792907,2.1388036959835377,0.002293965399144693,0.009225915831067633,1,4
1955,1.9549999999998955,hold,100.0,3.1964756188622223,-0.0006083111897101645,1.0133521844621094,0.013352184462109395,-0.0005443280584311643,2.1382593679251065,0.002291564258230997,0.06398313127900024,1,4
1956,1.9559999999998954,hold,100.0,3.1970196639734514,0.0005440451112290745,1.0133507842772316,0.013350784277231575,0.0005533352474269404,2.1388127031725332,0.0022891631598645143,0.009290136197865933,1,4
1957,1.9569999999998953,hold,100.0,3.1964136701533024,-0.0006059938201490311,1.0133384754130839,0.013338475413083861,-0.0005421627035054472,2.1382705404690276,0.0022867672403220495,0.06383111664358398,1,4
1958,1.9579999999998952,hold,100.0,3.1969554772139697,0.0005418070606673098,1.013337061495073,0.013337061495072966,0.0005511610704108665,2.1388217015394386,0.002284371370521221,0.009354009743556702,1,4
1959,1.958999999999895,hold,100.0,3.1963517916512645,-0.0006036855627051807,1.0133247819745264,0.013324781974526356,-0.0005400059508950541,2.1382816955885438,0.002281980659803807,0.06367961181012662,1,4
1960,1.959999999999895,hold,100.0,3.196891369624986,0.0005395779737216166,1.0133233543945466,0.013323354394546572,0.0005489955115967467,2.1388306911001407,0.0022795900059697735,0.009417537875130022,1,4
1961,1.9609999999998948,hold,100.0,3.1962899832441547,-0.0006013863808314035,1.013311104118124,0.013311104118123973,-0.0005378577661454552,2.1382928333339954,0.0022772044915755968,0.06352861468594828,1,4
1962,1.9619999999998947,hold,100.0,3.196827341058746,0.0005373578145912994,1.013309662947088,0.013309662947087908,0.0005468385364031866,2.138839671870399,0.0022748190411535914,0.00948072181188725,1,4
1963,1.9629999999998946,hold,100.0,3.1962282448203307,-0.0005990962384152532,1.013297441815722,0.0132974418157219,-0.0005357181149414727,2.1383039537554573,0.0022724387106243913,0.06337812347378047,1,4
1964,1.9639999999998945,hold,100.0,3.1967633913677,0.0005351465473690808,1.0132959871242568,0.013295987124256836,0.0005446901103723465,2.13884864386583,0.0022700584511039334,0.00954356300326563,1,4
1965,1.9649999999998944,hold,100.0,3.1961665762688964,-0.0005968150988033827,1.0132837950393117,0.013283795039311652,-0.000533586963099162,2.1383150569027305,0.002267683292024703,0.06322813570422067,1,4
1966,1.9659999999998943,hold,100.0,3.196699520405287,0.0005329441363906007,1.013282326897767,0.013282326897767094,0.0005425501991993401,2.13885760710193,0.0022653082109389037,0.00960606280873944,1,4
1967,1.9669999999998942,hold,100.0,3.1961049774791075,-0.0005945429261795532,1.0132701637609702,0.013270163760970233,-0.0005314642765821887,2.1383261428253477,0.002262938210937694,0.06307864959736445,1,4
1968,1.967999999999894,hold,100.0,3.1966357280254245,0.0005307505463170159,1.0132686822394519,0.013268682239451879,0.0005404187687104037,2.138866561594058,0.002260568295862678,0.00966822239338778,1,4
1969,1.968999999999894,hold,100.0,3.1960434483408617,-0.0005922796845627687,1.013256547952968,0.013256547952968045,-0.000529350021484137,2.138337211572574,0.0022582034426103063,0.0629296630786317,1,4
1970,1.9699999999998938,hold,100.0,3.1965720140824754,0.0005285657416136402,1.0132550531212658,0.013255053121265847,0.0005382957848719106,2.138875507357446,0.0022558386811651946,0.009730043258270342,1,4
1971,1.9709999999998937,hold,100.0,3.195981988744473,-0.0005900253380022313,1.0132429475876708,0.01324294758767075,-0.0005272441640300523,2.1383482631934156,0.002253478962374445,0.06278117397217904,1,4
1972,1.9719999999998936,hold,100.0,3.1965083784315222,0.0005263896870491003,1.0132414395153433,0.01324143951534329,0.000536181213782747,2.1388844444071986,0.002251119342221187,0.009791526733646704,1,4
1973,1.9729999999998935,hold,100.0,3.1959205985806163,-0.0005877798509059673,1.0132293626375612,0.013229362637561248,-0.0005251466705860077,2.1383592977366126,0.002248764745646986,0.06263318031995957,1,4
1974,1.9739999999998934,hold,100.0,3.1964448209281673,0.0005242223475510066,1.0132278413938856,0.013227841393885553,0.0005340750216825239,2.1388933727582953,0.002246410254489428,0.00985267413151729,1,4
1975,1.9749999999998933,hold,100.0,3.1958592777403005,-0.0005855431878667439,1.0132157930752843,0.01321579307528431,-0.0005230575076490128,2.138370315250646,0.002244060767928355,0.06248568021773103,1,4
1976,1.9759999999998932,hold,100.0,3.196381341428636,0.0005220636883356278,1.0132142587292674,0.013214258729267403,0.0005319771749425631,2.1389022924255885,0.0022417113935121868,0.009913486606935367,1,4
1977,1.976999999999893,hold,100.0,3.1957980261152006,-0.000583315313435584,1.013202238873607,0.013202238873607053,-0.0005209766418507857,2.1383813157837377,0.0022393670048020007,0.0623386715847983,1,4
1978,1.977999999999893,hold,100.0,3.196317939789636,0.0005199136744353794,1.013200691493972,0.013200691493971961,0.0005298876400794133,2.138911203423817,0.0022370227349148525,0.009973965644033952,1,4
1979,1.9789999999998928,hold,100.0,3.1957368435972917,-0.0005810961923442548,1.013188700005393,0.013188700005392962,-0.0005189040399643023,2.138392299383853,0.0022346834319342465,0.06219215237995249,1,4
1980,1.9799999999998927,hold,100.0,3.19625461586853,0.0005177722712383925,1.013187139660617,0.013187139660616909,0.0005278063837356158,2.1389201057675886,0.0022323442544045628,0.010034112497223253,1,4
1981,1.9809999999998926,hold,100.0,3.1956757300789507,-0.0005788857895794308,1.0131751764436476,0.01317517644364763,-0.0005168396688838375,2.1384032660987047,0.0022300100250729144,0.062046120695593336,1,4
1982,1.9819999999998925,hold,100.0,3.196191369523145,0.0005156394441945267,1.0131736032019523,0.013173603201952266,0.0005257333726902246,2.138928999471395,0.0022276759277701516,0.010093928495697943,1,4
1983,1.9829999999998924,hold,100.0,3.195614685453047,-0.0005766840700980325,1.013161668161521,0.013161668161520979,-0.0005147834956439734,2.138414215975751,0.002225346760047109,0.06190057445405901,1,4
1984,1.9839999999998923,hold,100.0,3.1961282006120015,0.0005135151589543696,1.0131600820908455,0.013160082090845515,0.0005236685738570166,2.138937884549608,0.002223017730881676,0.01015341490264701,1,4
1985,1.9849999999998922,hold,100.0,3.195553709612744,-0.0005744909992575487,1.0131481751322569,0.013148175132256856,-0.0005127354874088305,2.1384251490621993,0.0022206936127666835,0.06175551184871817,1,4
1986,1.985999999999892,hold,100.0,3.196065108993988,0.0005113993812440043,1.0131465763002798,0.013146576300279822,0.0005216119542846302,2.138946761016484,0.0022183696396887707,0.010212573040625913,1,4
1987,1.986999999999892,hold,100.0,3.1954928024517786,-0.0005723065422094109,1.0131346973292497,0.013134697329249656,-0.0005106956114728903,2.1384360654050107,0.002216050559221518,0.06161093073652065,1,4
1988,1.9879999999998919,hold,100.0,3.1960020945287386,0.000509292076960044,1.0131330858033656,0.013133085803365585,0.0005195634811538008,2.1389556288861646,0.002213731630221478,0.010271404193756871,1,4
1989,1.9889999999998917,hold,100.0,3.195431963864077,-0.0005701306646614945,1.0131212347259777,0.013121234725977704,-0.0005086638352643827,2.1384469650509,0.0022114175754805146,0.06146682939711179,1,4
1990,1.9899999999998916,hold,100.0,3.1959391570762277,0.0005071932121505363,1.0131196105733506,0.013119610573350649,0.0005175231217696651,2.13896448817267,0.002209103678588404,0.010329909619128828,1,4
1991,1.9909999999998915,hold,100.0,3.1953711937442204,-0.0005679633320072597,1.0131077872960752,0.013107787296075202,-0.0005066401263366045,2.1384578480463334,0.0022067946376917217,0.061323205670655155,1,4
1992,1.9919999999998914,hold,100.0,3.1958762964972083,0.0005051027529878738,1.0131061505835948,0.013106150583594767,0.0005154908435848721,2.1389733388899184,0.0022044857609769385,0.010388090596998283,1,4
1993,1.9929999999998913,hold,100.0,3.1953104919870654,-0.0005658045101428755,1.0130943550132714,0.013094355013271386,-0.0005046244523818124,2.1384687144375367,0.0022021817220811233,0.061180057761063056,1,4
1994,1.9939999999998912,hold,100.0,3.1958135126526512,0.0005030206655858294,1.0130927058075645,0.013092705807564498,0.0005134666141694694,2.138982181051706,0.0021998778536521327,0.010445948583640008,1,4
1995,1.994999999999891,hold,100.0,3.1952498584877516,-0.000563654164899674,1.0130809378514445,0.013080937851444485,-0.0005026167812141078,2.138479564270492,0.002197578804952373,0.06103738368556618,1,4
1996,1.995999999999891,hold,100.0,3.195750805404437,0.0005009469166852298,1.0130792762188718,0.013079276218871838,0.0005114504012340148,2.138991014671726,0.002195279932956432,0.010503484548784916,1,4
1997,1.9969999999998909,hold,100.0,3.1951892931420556,-0.0005615122623812141,1.0130675357845382,0.013067535784538231,-0.0005006170807828434,2.1384903975909433,0.0021929858626862585,0.06089518159837072,1,4
1998,1.9979999999998908,hold,100.0,3.1956881746145953,0.0004988814725397361,1.0130658617912245,0.013065861791224487,0.0005094421726135777,2.138999839763557,0.0021906919753091002,0.010560700073841515,1,4
1999,1.9989999999998906,hold,100.0,3.1951287958459895,-0.0005593787686057894,1.013054148786667,0.013054148786667108,-0.0004986253191599729,2.138501214444397,0.0021884028717397853,0.06075344944581648,1,4
2000,1.9999999999998905,hold,100.0,3.1956256201460826,0.0004968243000931238,1.0130524624984587,0.013052462498458706,0.0005074418962742347,2.139008656340671,0.002186113957205353,0.010617596181110864,1,4
