step,time,phase,load,energy,delta_energy,mass,mass_error,W_ext_step,W_ext_cumul,D_pred,D_inferred,snes_it,converged_reason
0,0.0,init,0.0,0.9999999999966603,0.0,1.0,0.0,0.0,0.0,0.0,0.0,0,0
1,0.001,ramp,0.1,1.000919518915288,0.0009195189186276265,1.0001802881079345,0.0001802881079344676,1.821737864003241e-05,1.821737864003241e-05,0.00012165040777060873,-0.9013015399875941,2,2
2,0.002,ramp,0.2,1.000924653148549,5.134233260983834e-06,1.0001812350816264,0.00018123508162637414,5.555239320473035e-07,1.8772902572079713e-05,0.00015609441485803203,-0.00457870932893653,2,2
3,0.003,ramp,0.3,1.0018741419614388,0.0009494888128898094,1.000360269414606,0.00036026941460609585,5.4565887734649785e-05,7.33387903067295e-05,0.00023138452038409688,-0.8949229251551595,2,2
4,0.004,ramp,0.4,1.0018799980875164,5.856126077619095e-06,1.0003612013593066,0.0003612013593066177,1.4732421946117408e-06,7.481203250134125e-05,0.0002767249866755821,-0.004382883883007354,1,2
5,0.005,ramp,0.5,1.0028605758206195,0.0009805777331031162,1.0005392271202538,0.0005392271202537824,9.07995163207666e-05,0.00016561154882210785,0.00033327436695780154,-0.8897782167823496,2,2
6,0.006,ramp,0.6,1.0028669893481903,6.413527570803268e-06,1.00054007077371,0.0005400707737099886,2.5721072650407756e-06,0.0001681836560871486,0.00037672214025215377,-0.0038414203057624916,2,2
7,0.007,ramp,0.7,1.0038791316142524,0.001012142266062055,1.000717204762037,0.0007172047620369604,0.00012691430001163888,0.0002950979560987875,0.0004247121974904296,-0.885227966050416,2,2
8,0.008,ramp,0.8,1.0038862936362314,7.162021979034705e-06,1.000717965312601,0.0007179653126010432,3.8251801963374655e-06,0.00029892313629512496,0.00046577252432083137,-0.0033368417826972396,2,2
9,0.009000000000000001,ramp,0.9,1.00493024407867,0.001043950442438657,1.000894279129628,0.0008942791296280284,0.00016290742590028653,0.0004618305621954115,0.0005088592249252085,-0.8810430165383705,2,2
10,0.010000000000000002,ramp,1.0,1.0049384003086164,8.156229946321147e-06,1.000894975343416,0.0008949753434159824,5.2232212357031435e-06,0.0004670537834311147,0.0005479118913738516,-0.0029330087106180036,2,2
11,0.011000000000000003,ramp,1.1,1.0060142874706743,0.0010758871620579757,1.0010705184010604,0.0010705184010604274,0.00019877686224028596,0.0006658306456714006,0.0005878350992726722,-0.8771102998176897,2,2
12,0.012000000000000004,ramp,1.2,1.0060236843830601,9.396912385772893e-06,1.0010711704828124,0.0010711704828123558,6.761943054157051e-06,0.0006725925887255577,0.0006252835634526449,-0.002634969331615842,2,2
13,0.013000000000000005,ramp,1.3,1.007131571477597,0.001107887094536908,1.0012459796623092,0.0012459796623092156,0.00023452130292278743,0.0009071138916483452,0.0006630098403441903,-0.8733657916141204,2,2
14,0.014000000000000005,ramp,1.4,1.0071424445926165,1.0873115019460755e-05,1.0012466063831853,0.0012466063831853003,8.438853117166276e-06,0.0009155527447655114,0.0006991804308563436,-0.002434261902294479,2,2
15,0.015000000000000006,ramp,1.5,1.008282353706015,0.0011399091133985628,1.0014207106853537,0.0014207106853536544,0.0002701399455127186,0.00118569269027823,0.0007353050193390919,-0.8697691678858441,2,2
16,0.016000000000000007,ramp,1.6,1.0082949258912175,1.2572185202452957e-05,1.0014213287969274,0.001421328796927357,1.0252245733134219e-05,0.0011959449360113643,0.0007704511998863878,-0.002319939469318738,2,2
17,0.017000000000000008,ramp,1.7,1.0094668513906389,0.0011719254994213557,1.0015947518966957,0.0015947518966956675,0.0003056323481442464,0.0015015772841556107,0.000805368014292449,-0.8662931512771093,2,2
18,0.01800000000000001,ramp,1.8,1.0094813337239856,1.4482333346776954e-05,1.0015953761754148,0.001595376175414831,1.2200798238167726e-05,0.0015137780823937786,0.0008396867898443353,-0.0022815351086092283,2,2
19,0.01900000000000001,ramp,1.9,1.0106852503483397,0.00120391662435404,1.001768137952143,0.001768137952143034,0.00034099833206451566,0.0018547764144582943,0.0008736707492855914,-0.8629182922895243,2,2
20,0.02000000000000001,ramp,2.0,1.0107018435373343,1.6593188994606933e-05,1.0017687814106975,0.001768781410697473,1.4283389103273694e-05,0.001869059803561568,0.0009073169539749462,-0.00230979989133324,2,2
21,0.02100000000000001,ramp,2.1,1.0119377115992432,0.0012358680619088958,1.0019408989262393,0.0019408989262392762,0.000376237913739723,0.002245297717301291,0.000940567946630902,-0.8596301481691728,2,2
22,0.022000000000000013,ramp,2.2,1.0119566073796094,1.8895780366179338e-05,1.0019415730494108,0.001941573049410783,1.649900911729941e-05,0.0022617967264185906,0.0009736649203636177,-0.0023967712488799277,2,2
23,0.023000000000000013,ramp,2.3,1.0132243762795299,0.0012677688999205294,1.0021130612052076,0.0021130612052076003,0.0004113512565167538,0.0026731479829353445,0.0010063330803617564,-0.8564176434037756,2,2
24,0.024000000000000014,ramp,2.4,1.0132457586402264,2.1382360696486913e-05,1.0021137761669912,0.0021137761669911548,1.8846715432017894e-05,0.0026919946983673623,0.0010389803909137143,-0.0025356452644690187,2,2
25,0.025000000000000015,ramp,2.5,1.014545369334605,0.0012996106943785612,1.002284648163722,0.0022846481637219807,0.0004463386355353507,0.003138333333902713,0.0010711814994944862,-0.8532720588432106,2,2
26,0.026000000000000016,ramp,2.6,1.0145694155492189,2.4046214613937522e-05,1.0022854130147463,0.0022854130147462737,2.1325606734910885e-05,0.003159658940637624,0.001103460523873173,-0.0027206078790266365,2,2
27,0.027000000000000017,ramp,2.7,1.0159008023408624,0.001331386791643574,1.002455680684727,0.002455680684726902,0.00048120041183042023,0.003640859352468044,0.0011352858434820025,-0.8501863798131537,2,2
28,0.028000000000000018,ramp,2.8,1.0159276838245492,2.688148368679144e-05,1.0024565035103425,0.0024565035103425448,2.393480937752551e-05,0.00366479416184557,0.0011672638419999192,-0.002946674309265931,2,2
29,0.02900000000000002,ramp,2.9,1.017290775696171,0.0013630918716218687,1.0026261775644456,0.0026261775644456087,0.0005159370129429949,0.004180731174788565,0.0011987866432404373,-0.8471548586788737,2,2
30,0.03000000000000002,ramp,3.0,1.0173206587152652,2.9883019094123497e-05,1.0026270656169682,0.0026270656169682383,2.6673469406917792e-05,0.004207404644195482,0.0012305197732893009,-0.003209549687205705,2,2
31,0.03100000000000002,ramp,3.1,1.018715380345599,0.0013947216303338283,1.0027961558326126,0.0027961558326126124,0.0005505489182248629,0.004757953562420345,0.0012617998099762348,-0.8441727121089655,2,2
32,0.03200000000000002,ramp,3.2,1.0187484266071751,3.304626157607515e-05,1.00279711564168,0.002797115641679948,2.954074787149215e-05,0.004787494310291837,0.001293335387105579,-0.0035055137045830027,2,2
33,0.03300000000000002,ramp,3.3,1.0201746991604974,0.001426272553322283,1.0029656310087312,0.002965631008731151,0.0005850366475822713,0.0053725309578741085,0.0013244220506998016,-0.8412359057400118,2,2
34,0.03400000000000002,ramp,3.4,1.020211066304385,3.636714388766116e-05,1.0029666684738452,0.002966668473845191,3.2535817984356864e-05,0.005405066775858465,0.0013558002684975663,-0.003831325903304294,2,2
35,0.035000000000000024,ramp,3.5,1.0216688080538372,0.0014577417494521239,1.0031346173099303,0.0031346173099302543,0.0006194007527728207,0.006024467528631286,0.0013867348654757364,-0.8383409966793031,2,2
36,0.036000000000000025,ramp,3.6,1.0217086500656272,3.9842011789970044e-05,1.0031357377781247,0.003135737778124703,3.565786335817115e-05,0.006060125391989457,0.0014179901208743585,-0.004184148431798895,2,2
37,0.037000000000000026,ramp,3.7,1.0231977768931324,0.0014891268275052383,1.0033031278210967,0.003303127821096652,0.0006536418106209781,0.006713767202610435,0.0014488075515639237,-0.8354850168842602,2,2
38,0.03800000000000003,ramp,3.8,1.0232412444530037,4.3467559871279704e-05,1.0033043361527076,0.003304336152707643,3.890607686642197e-05,0.006752673279476857,0.0014799694784603276,-0.004561483004857735,2,2
39,0.03900000000000003,ramp,3.9,1.0247616702550841,0.0015204258020804495,1.0034711746359244,0.00347117463592439,0.0006877604176896847,0.007440433697166542,0.0015106994975572217,-0.8326653843907648,2,2
40,0.04000000000000003,ramp,4.0,1.0248089110344367,4.7240779352586415e-05,1.0034724752602855,0.0034724752602854903,4.2279659874788105e-05,0.00748271335704133,0.0015417937819113174,-0.0049611194777983095,2,2
41,0.04100000000000003,ramp,4.1,1.0263605480556395,0.0015516370212027564,1.0036387689745419,0.0036387689745418506,0.0007217571860673005,0.008204470543108631,0.001572461960406605,-0.8298798351354558,2,2
42,0.04200000000000003,ramp,4.2,1.0264117069706347,5.115891499518632e-05,1.0036401659377256,0.003640165937725648,4.57778216934419e-05,0.008250248364802072,0.0016035109895547902,-0.005381093301744425,2,2
43,0.04300000000000003,ramp,4.3,1.0279944660800477,0.0015827591094130788,1.0038059212827792,0.0038059212827792344,0.0007556327400155596,0.009005881104817632,0.0016341394594777173,-0.8271263693975193,2,2
44,0.04400000000000003,ramp,4.4,1.0280496855099195,5.521942987174455e-05,1.0038074182884333,0.0038074182884333396,4.939977916257941e-05,0.009055280883980213,0.0016651628441767018,-0.005819650709165139,2,2
45,0.04500000000000003,ramp,4.5,1.0296634764329726,0.0016137909230531378,1.0039726413163177,0.003972641316317693,0.0007893877132872442,0.009844668597267457,0.001695770882683284,-0.8244032097658935,2,2
46,0.046000000000000034,ramp,4.6,1.0297228964087854,5.941997581282443e-05,1.0039742417609583,0.003974241760958286,5.3144756320016995e-05,0.009897813353587474,0.0017267858803831117,-0.006275219492807437,2,2
47,0.047000000000000035,ramp,4.7,1.0313676279228163,0.0016447315140308838,1.0041389382127426,0.004138938212742582,0.000823022746967859,0.010720836100555332,0.001757390373171626,-0.8217087670630249,2,2
48,0.048000000000000036,ramp,4.8,1.0314313862917888,6.375836897243303e-05,1.0041406452163568,0.00414064521635682,5.701198412007083e-05,0.010777848084675403,0.0017884122338511137,-0.006746384852362204,2,2
49,0.04900000000000004,ramp,4.9,1.033106966392435,0.001675580100646279,1.0043048205534375,0.004304820553437505,0.0008565384877302893,0.011634386572405692,0.0018190280466985026,-0.8190416129159896,2,2
50,0.05000000000000004,ramp,5.0,1.033175198961654,6.823256921895116e-05,1.0043066369861329,0.004306636986132872,6.100070018648918e-05,0.011695387272592181,0.0018500702974344242,-0.007231869032461978,2,2
51,0.05100000000000004,ramp,5.1,1.034881535005545,0.0017063360438909214,1.0044702964172687,0.004470296417268704,0.0008899355864159458,0.012585322859008126,0.0018807105768871137,-0.8164004574749757,2,2
52,0.05200000000000004,ramp,5.2,1.03495437566819,7.28406626451239e-05,1.0044722249225908,0.004472224922590806,6.511014858851273e-05,0.01265043300759664,0.0019117852575366724,-0.007730514056611171,2,2
53,0.05300000000000004,ramp,5.3,1.0366913744957693,0.0017369988275792725,1.0046353734272782,0.0046353734272781555,0.0009232146968764362,0.013573647704473075,0.0019424616763773891,-0.8137841307028363,2,2
54,0.05400000000000004,ramp,5.4,1.0367689553425348,7.758084676545707e-05,1.004637416442734,0.004637416442734077,6.93395796345499e-05,0.013642987284107625,0.0019735795359615243,-0.008241267130907162,2,2
55,0.05500000000000004,ramp,5.5,1.038536523384557,0.0017675680420221607,1.004800058791593,0.004800058791593065,0.000956376475023023,0.014599363759130648,0.0020043024951837923,-0.8111915669991376,2,2
56,0.05600000000000004,ramp,5.6,1.0386189748026065,8.245141804952283e-05,1.0048022185666483,0.004802218566648309,7.368824967954889e-05,0.014673052008810196,0.0020354731564595626,-0.008763168369973939,2,2
57,0.057000000000000044,ramp,5.7,1.0404170181729617,0.0017980433703552734,1.004964359339274,0.004964359339274083,0.000989421578043689,0.015662473586853885,0.0020662519526872484,-0.8086217923115844,2,2
58,0.058000000000000045,ramp,5.8,1.0405044689339247,8.745076096294824e-05,1.0049666379515019,0.004966637951501873,7.815542094451618e-05,0.0157406290077984,0.0020974840508179438,-0.009295340018432055,2,2
59,0.059000000000000045,ramp,5.9,1.0423328935108533,0.0018284245769286667,1.0051282815521545,0.005128281552154501,0.0010223506637547556,0.016762979671553154,0.002128327016043141,-0.8060739131739111,2,2
60,0.060000000000000046,ramp,6.0,1.0424254708495133,9.257733865997153e-05,1.0051306809213851,0.005130680921385133,8.274036134668587e-05,0.01684572003289984,0.0021596283160587736,-0.009836977313285656,2,2
61,0.06100000000000005,ramp,6.1,1.0442841823470228,0.001858711497509491,1.0052918315929655,0.005291831592965535,0.0010551643900624187,0.017900884422962258,0.002190542935047278,-0.8035471074470723,2,2
62,0.06200000000000005,ramp,6.2,1.0443820120320686,9.782968504579159e-05,1.0052943534939762,0.005294353493976223,8.744234433952293e-05,0.01798832676730178,0.0022219204318535616,-0.010387340706268665,2,2
63,0.06300000000000004,ramp,6.3,1.0462709160628314,0.0018889040307628058,1.0054550153304,0.005455015330400048,0.0010878634145131615,0.01907619018181494,0.0022529134414152685,-0.8010406162496442,2,2
64,0.06400000000000004,ramp,6.4,1.0463741224604495,0.00010320639761807193,1.005457661404322,0.005457661404322023,9.226064876242777e-05,0.01916845083057737,0.0022843734453812875,-0.01094574885564416,2,2
65,0.06500000000000004,ramp,6.5,1.0482931245918128,0.001919002131363312,1.0056178383615033,0.005617838361503313,0.00112044839391732,0.02028889922449469,0.0023154509188231228,-0.7985537374459921,2,2
66,0.06600000000000004,ramp,6.6,1.0484018307232332,0.00010870613142044405,1.005620610126036,0.005620610126036096,9.71945586990159e-05,0.020386093783193705,0.00234699912939832,-0.01151157272142815,2,2
67,0.06700000000000005,ramp,6.7,1.0503508365267056,0.0019490058034723479,1.0057803060317871,0.005780306031787141,0.0011529199840323216,0.02153901376722603,0.0023781665488080755,-0.7960858194400262,2,2
68,0.06800000000000005,ramp,6.8,1.0504651641203493,0.00011432759364371492,1.0057832048903668,0.0057832048903667665,0.00010224336334437115,0.0216412571305704,0.0024098081181672263,-0.012084230299343765,2,2
69,0.06900000000000005,ramp,6.9,1.0524440792158092,0.0019789150954598878,1.0059424234533727,0.005942423453372703,0.0011852788392954243,0.02282653596986582,0.0024410704366514867,-0.7936362561644634,2,2
70,0.07000000000000005,ramp,7.0,1.0525641487549529,0.00012006953914367458,1.0059454507034362,0.005945450703436217,0.00010740635688033292,0.022933942326746153,0.002472810025002208,-0.01266318226334165,2,2
71,0.07100000000000005,ramp,7.1,1.0545728788503037,0.0020087300953508525,1.0061041955211913,0.006104195521191347,0.001217525612597009,0.02415146793934316,0.002504171720584241,-0.7912044827538434,2,2
72,0.07200000000000005,ramp,7.2,1.0546988096162386,0.00012593076593492292,1.0061073523617594,0.0061073523617594105,0.0001126828383585934,0.024264150777701755,0.0025360135444718107,-0.013247927576329512,2,2
73,0.07300000000000005,ramp,7.3,1.0567372605425658,0.002038450926327151,1.0062656269278385,0.006265626927838497,0.0012496609550883074,0.025513811732790062,0.0025674786670462405,-0.7887899712388436,2,2
74,0.07400000000000005,ramp,7.4,1.056869170654456,0.00013191011189017665,1.0062689144663033,0.006268914466303288,0.00011807211159093817,0.025631883844381,0.002599426541762232,-0.013838000299238483,2,2
75,0.07500000000000005,ramp,7.5,1.0589372483980621,0.002068077743606178,1.0064267221769623,0.006426722176962274,0.0012816855160169716,0.026913569360397974,0.0026309987542249905,-0.7863922275892065,2,2
76,0.07600000000000005,ramp,7.6,1.059075254849314,0.00013800645125194855,1.0064301414352714,0.00643014143527143,0.0001235734850466473,0.02703714284544462,0.0026630561312246284,-0.014432966205301247,2,2
77,0.07700000000000005,ramp,7.7,1.0611728655802821,0.002097610730968036,1.0065874855954362,0.006587485595436204,0.0013135999425868512,0.02835074278803147,0.002694738745711405,-0.7840107883811847,2,2
78,0.07800000000000006,ramp,7.8,1.0613170842719852,0.00014421869170311297,1.0065910375157836,0.006591037515783604,0.00012918627175641134,0.028479929059787884,0.0027269087457961073,-0.015032419946701627,2,2
79,0.07900000000000006,ramp,7.9,1.0634441343698944,0.0021270500979091445,1.0067479213444905,0.006747921344490537,0.0013454048798370176,0.0298253339396249,0.002758704755772673,-0.7816452180721268,2,2
80,0.08000000000000006,ramp,8.0,1.0635946801420633,0.00015054577216888632,1.006751606794502,0.00675160679450193,0.00013490978922201243,0.029960243728846914,0.0027909901986546584,-0.015635982946873888,2,2
81,0.08100000000000006,ramp,8.1,1.065751076219469,0.002156396077405809,1.0069080334299256,0.006908033429925631,0.0013771009705386714,0.03133734469938559,0.0028229023074958738,-0.7792951068671374,2,2
82,0.08200000000000006,ramp,8.2,1.0659080628793767,0.00015698665990759864,1.0069118532073782,0.0069118532073781935,0.00014074335933191,0.0314780880587175,0.0028553057382695733,-0.016243300575688648,2,2
83,0.08300000000000006,ramp,8.3,1.0680937118026823,0.0021856489233056386,1.0070678257113999,0.0070678257113998555,0.0014086888551051544,0.03288677691382265,0.0028873363848240796,-0.7769600682004842,2,2
84,0.08400000000000006,ramp,8.4,1.0682572521517082,0.00016354034902588133,1.0070717805485385,0.00707178054853852,0.00014668630828200023,0.033033463222104646,0.002919860097766816,-0.0168540407438811,2,2
85,0.08500000000000006,ramp,8.5,1.0704720610604792,0.0022148089087710154,1.0072273019109603,0.0072273019109603265,0.0014401691715151706,0.034473632393619814,0.0029520114793474424,-0.7746397372558448,2,2
86,0.08600000000000006,ramp,8.6,1.0706422669186402,0.00017020585816096556,1.0072313924785965,0.007231392478596499,0.00015273796650120468,0.03462637036012102,0.002984657539418415,-0.017467891659760877,2,2
87,0.08700000000000006,ramp,8.7,1.072886143242726,0.0022438763240857362,1.0073864656209894,0.007386465620989435,0.0014715425552456445,0.03609791291536667,0.00301693163255204,-0.7723337688400916,2,2
88,0.08800000000000006,ramp,8.8,1.0730631254718392,0.0001769822291133316,1.00739069253209,0.007390692532089904,0.0001588976685816342,0.0362568105839483,0.003049701894880465,-0.018084560531697418,2,2
89,0.08900000000000007,ramp,8.9,1.0753359769472084,0.002272851475369153,1.0075453203113875,0.007545320311387549,0.0015028096392138053,0.03775962022316211,0.003082100474130395,-0.7700418361553478,2,2
90,0.09000000000000007,ramp,9.0,1.0755198454723733,0.000183868525164943,1.0075496841245466,0.007549684124546596,0.00016516475321249948,0.03792478497637461,0.0031149966017474644,-0.018703771952443524,2,2
91,0.09100000000000007,ramp,9.1,1.077821580155322,0.0023017346829485863,1.0077038693363491,0.007703869336349145,0.0015339710537273,0.03945875603010191,0.0031475212568395166,-0.7677636292212863,2,2
92,0.09200000000000007,ramp,9.2,1.0780124439849565,0.00019086382963462434,1.0077083705589,0.007708370558900057,0.00017153856311874754,0.03963029459322066,0.00318054473687179,-0.0193252665158768,2,2
93,0.09300000000000007,ramp,9.3,1.0803429702650864,0.002330526280129863,1.0078621159405015,0.007862115940501457,0.0015650274264398078,0.04119532201966047,0.0032131968883275675,-0.7654988536900553,2,2
94,0.09400000000000007,ramp,9.4,1.0805409375100767,0.00019796724499032692,1.0078667550314473,0.007866755031447292,0.00017801844500239477,0.041373340464662865,0.0032463490468222517,-0.019948799987932146,2,2
95,0.09500000000000007,ramp,9.5,1.0829001641220257,0.0023592266119489835,1.0080200632647045,0.008020063264704502,0.001595979382313732,0.0429693198469766,0.0032791299602840268,-0.7632472296352515,2,2
96,0.09600000000000007,ramp,9.6,1.0831053420130907,0.0002051778910650004,1.0080248406374333,0.00802484063743325,0.0001846037494872498,0.04315392359646385,0.003312411975819019,-0.02057414157775059,2,2
97,0.09700000000000007,ramp,9.7,1.0854931780474575,0.0023878360343667637,1.0081777143513706,0.008177714351370602,0.0016268275435875985,0.04478075114005144,0.0033453227752010674,-0.7610084907791652,2,2
98,0.09800000000000007,ramp,9.8,1.0857056729522045,0.00021249490474706256,1.0081826303761467,0.008182630376146749,0.00019129383106684301,0.044972044971118286,0.0033787356914130027,-0.021201073680219548,2,2
99,0.09900000000000007,ramp,9.9,1.0881220278650132,0.0024163549128086714,1.0083350721494106,0.00833507214941065,0.0016575725297471272,0.04662961750086541,0.0034117773710069417,-0.7587823830615442,2,2
100,0.10000000000000007,ramp,10.0,1.0883419453035261,0.00021991743851290657,1.0083401271557046,0.008340127155704646,0.00019808804805527088,0.046827705548920684,0.0034453221081418477,-0.02182939045763569,2,2
101,0.10100000000000008,ramp,10.1,1.0907867289253246,0.002444783621798452,1.008492139518864,0.008492139518863961,0.0016882149575009847,0.048515920506421666,0.003478495543779138,-0.7565686642974673,2,2
102,0.10200000000000008,ramp,10.2,1.0910141732489338,0.00022744432360921607,1.0084973337469614,0.008497333746961377,0.0002049856822631439,0.04872090618868481,0.0035121741070117674,-0.022458641346072162,2,2
103,0.10300000000000008,ramp,10.3,1.0934872961189164,0.0024731228699825802,1.008648919205367,0.008648919205366923,0.0017187556624649726,0.050439661851149786,0.0035454783517221136,-0.7543672075176077,2,2
104,0.10400000000000008,ramp,10.4,1.0937223710875432,0.00023507496862684718,1.0086542529319567,0.008654252931956652,0.0002119859564003932,0.05065164780755018,0.0035792909513284407,-0.02308901222645399,2,2
105,0.10500000000000008,ramp,10.5,1.0962237439751366,0.002501372887593334,1.0088054139373563,0.008805413937356343,0.0017491951455646754,0.052400842953114854,0.0036127282097770546,-0.7521777420286585,2,2
106,0.10600000000000008,ramp,10.6,1.0964665525789294,0.00024280860379288782,1.0088108873777057,0.008810887377705745,0.00021908841143223397,0.05261993136454709,0.0036466748582370243,-0.02372019236065385,2,2
107,0.10700000000000008,ramp,10.7,1.0989960865378947,0.0025295339589652688,1.008961626331277,0.008961626331277062,0.0017795339445202912,0.05439946530906738,0.003680245822980119,-0.7500000144449775,2,2
108,0.10800000000000008,ramp,10.8,1.099246731004286,0.0002506444663912255,1.0089672396700569,0.008967239670056859,0.00022629243883265105,0.05462575774790003,0.00371432697030586,-0.024352027558574452,2,2
109,0.10900000000000008,ramp,10.9,1.1018043374738886,0.00255760646960268,1.0091175589313632,0.009117558931363234,0.0018097726539215502,0.05643553040182158,0.0037480321757355486,-0.7478338156811298,2,2
110,0.11000000000000008,ramp,11.0,1.1020629192590672,0.0002585817851785688,1.0091233123227226,0.009123312322722565,0.0002335974209023675,0.05666912782272395,0.0037822482476872034,-0.024984364276201276,2,2
111,0.11100000000000008,ramp,11.1,1.104648510080975,0.0025855908219079016,1.0092732142121819,0.009273214212181857,0.001839911872769117,0.058509039695493065,0.003816088133859157,-0.7456789491387845,2,2
112,0.11200000000000009,ramp,11.2,1.104915129876164,0.00026661979518882717,1.0092791077809304,0.00927910778093044,0.00024100274022140206,0.05875004243571447,0.0038504394993930336,-0.02561705496742511,2,2
113,0.11300000000000009,ramp,11.3,1.107528617302461,0.0026134874262970786,1.0094285945815427,0.00942859458154266,0.0018699521992486421,0.060619994634963106,0.003884414431773599,-0.7435352270484364,2,2
114,0.11400000000000009,ramp,11.4,1.107803375042934,0.00027475774047291956,1.0094346284244302,0.009434628424430214,0.000248507781714192,0.0608685024166773,0.003918901401205903,-0.026249958758727574,2,2
115,0.11500000000000009,ramp,11.5,1.1104446717418965,0.002641296698962625,1.009583702383368,0.009583702383368031,0.0018998942294608833,0.06276839664613819,0.00395301168136435,-0.7414024695017419,2,2
116,0.11600000000000009,ramp,11.6,1.1107276666166501,0.00028299487475358376,1.0095898765704245,0.009589876570424538,0.0002561119332892496,0.06302450857942744,0.003987634509964924,-0.026882941464334162,2,2
117,0.11700000000000009,ramp,11.7,1.1133966856772302,0.0026690190605800357,1.0097385399003427,0.00973853990034268,0.0019297385569857983,0.06495424713641325,0.004021880383323266,-0.7392805035942374,2,2
118,0.11800000000000009,ramp,11.8,1.1136880161385285,0.00029133046129836693,1.0097448544761303,0.009744854476130271,0.0002638145860737531,0.065218061722487,0.004056639276106522,-0.027515875224613847,2,2
119,0.11900000000000009,ramp,11.9,1.1163846710742564,0.0026966549357279046,1.009893109356533,0.009893109356533092,0.001959485772698909,0.06717754749518591,0.004091020938348623,-0.7371691630289954,2,2
120,0.12000000000000009,ramp,12.0,1.11668443484725,0.0002997637729935665,1.0098995643413502,0.009899564341350198,0.00027161513450473494,0.06744916262969064,0.004125916055019885,-0.028148638488831552,2,2
121,0.1210000000000001,ramp,12.1,1.1194086395996035,0.002724204752353465,1.0100474129197508,0.010047412919750753,0.0019891364646843213,0.06943829909437496,0.004160433657712815,-0.7350682876691439,2,2
122,0.1220000000000001,ramp,12.2,1.1197169336911323,0.0003082940915288823,1.0100540083107763,0.010054008310776297,0.00027951297636080974,0.06971781207073577,0.004195465117457521,-0.028781115168072583,2,2
123,0.1230000000000001,ramp,12.3,1.122468602632547,0.0027516689414146533,1.0102014527038832,0.010201452703883174,0.0020186912181895905,0.07173650328892536,0.00423011877311095,-0.7329777232250628,2,2
124,0.1240000000000001,ramp,12.4,1.1227855233402353,0.00031692070768829517,1.0102081884762233,0.01020818847622329,0.00028750751276614535,0.0720240108016915,0.0042652866591223115,-0.029413194922149815,2,2
125,0.12500000000000008,ramp,12.5,1.1255645712765696,0.0027790479363343223,1.0103552307710142,0.01035523077101419,0.002048150615602123,0.07407216141729363,0.004300076445799857,-0.7308973207321994,2,2
126,0.12600000000000008,ramp,12.6,1.1258902141971436,0.0003256429205740208,1.010362106878739,0.010362106878738953,0.00029559814818185486,0.07436775956547548,0.004335380809516429,-0.03004477239216592,2,2
127,0.12700000000000009,ramp,12.7,1.1286965563702138,0.0028063421730701865,1.0105087491334401,0.010508749133440132,0.002077515236435591,0.07644527480191107,0.004370306775064051,-0.7288269366345955,2,2
128,0.12800000000000009,ramp,12.8,1.129031016407704,0.0003344600374901585,1.0105157655105408,0.010515765510540787,0.00030378429039044176,0.07674905909230151,0.004405747640111775,-0.030675747099716752,2,2
129,0.1290000000000001,ramp,12.9,1.1318645684970652,0.002833552089361202,1.010662009755684,0.010662009755683988,0.002106785657324252,0.07885584474962576,0.004440809806044543,-0.7267664320369502,2,2
130,0.1300000000000001,ramp,13.0,1.1322079398707119,0.0003433713736467059,1.010669166316993,0.010669166316993106,0.00031206535047640076,0.07916791010010216,0.004476387171894976,-0.031306023170305126,2,2
131,0.1310000000000001,ramp,13.1,1.1350686179955034,0.002860678124791516,1.010815014556204,0.010815014556204039,0.002135962452020016,0.08130387255212217,0.0045115855369747505,-0.7247156727714998,2,2
132,0.1320000000000001,ramp,13.2,1.1354209942475118,0.0003523762520083462,1.010822311198264,0.010822311198263934,0.00032044074280658915,0.08162431329492875,0.004547299382327624,-0.03193550920175706,2,2
133,0.1330000000000001,ramp,13.3,1.1383087149679418,0.002887720720430087,1.0109677654092355,0.010967765409235497,0.0021650461913926256,0.08378935948632138,0.004582633925856304,-0.7226745290374613,2,2
134,0.1340000000000001,ramp,13.4,1.138670188970738,0.00036147400279618047,1.0109752020110743,0.01097520201107427,0.00032890988500825733,0.08411826937132964,0.004618484211765779,-0.03256411778792314,2,2
135,0.1350000000000001,ramp,13.5,1.1415848692892663,0.002914680318528262,1.0111202641463441,0.01112026414634415,0.0021940374434323453,0.08631230681476199,0.004653954896614946,-0.7206428750959168,2,2
136,0.1360000000000001,ramp,13.6,1.1419555332525868,0.00037066396332052776,1.0111278405702964,0.011127840570296366,0.00033747219794707107,0.08664977901270905,0.004689941569367888,-0.03319176537345669,2,2
137,0.1370000000000001,ramp,13.7,1.144897090615172,0.0029415573625852787,1.0112725125580246,0.011272512558024639,0.002222936773254004,0.08887271578596305,0.004725548344763787,-0.7186205893312748,2,2
138,0.1380000000000001,ramp,13.8,1.1452770360932152,0.00037994547804309775,1.0112802286504352,0.011280228650435209,0.00034612710570526816,0.08921884289166832,0.004761671338531364,-0.03381837233782959,2,2
139,0.1390000000000001,ramp,13.9,1.1482453883900132,0.002968352296798038,1.0114245123951768,0.011424512395176833,0.002251744743102066,0.09147058763477038,0.004797414142612381,-0.7166075536959721,2,2
140,0.1400000000000001,ramp,14.0,1.148634706287863,0.00038931789784979465,1.0114323679871375,0.011432367987137537,0.00035487403556003086,0.09182546167033041,0.004833673381882726,-0.03444386228976378,2,2
141,0.1410000000000001,ramp,14.1,1.1516297718539383,0.0029950655660753167,1.0115762653705245,0.011576265370524474,0.0022804619123558125,0.09410592358268623,0.004869552144042913,-0.7146036537195042,2,2
142,0.1420000000000001,ramp,14.2,1.1520285524343148,0.0003987805803764566,1.01158426027847,0.011584260278469927,0.00036371241796326375,0.09446963600064949,0.0049059475458524664,-0.035068162413192834,2,2
143,0.1430000000000001,ramp,14.3,1.1550502500502398,0.0030216976159249676,1.0117277731598775,0.011727773159877497,0.002309088837536341,0.09677872483818584,0.004941962188886364,-0.7126087783886266,2,2
144,0.1440000000000001,ramp,14.4,1.1554585829396906,0.00040833288945085755,1.0117359071863063,0.011735907186306349,0.0003726416865197855,0.09715136652470563,0.00497849366486047,-0.03569120293107203,2,2
145,0.1450000000000001,ramp,14.5,1.1585068318319187,0.0030482488922281004,1.0118790374035183,0.011879037403518256,0.0023376260723138335,0.09948899259701946,0.005014644106923111,-0.7106228199142668,2,2
146,0.1460000000000001,ramp,14.6,1.1589248060268817,0.00041797419496303334,1.0118873103375063,0.01188731033750634,0.00038166127796692453,0.09987065387498638,0.005051311565138387,-0.03631291699610881,2,2
147,0.1470000000000001,ramp,14.7,1.161999525867889,0.0030747198410072674,1.0120300597073337,0.012030059707333729,0.002366074167515631,0.10223672804250201,0.0050875977215305125,-0.7086456734916365,2,2
148,0.1480000000000001,ramp,14.8,1.162427229740864,0.0004277038729749716,1.0120384713251651,0.012038471325165112,0.0003907706321551168,0.10262749867465713,0.005124401068211445,-0.03693324081985479,2,2
149,0.1490000000000001,ramp,14.9,1.1655283406492414,0.0031011109083773913,1.0121808416440021,0.012180841644002127,0.0023944336711336956,0.10502193234579082,0.0051608228530023075,-0.7066772372436958,2,2
150,0.1500000000000001,ramp,15.0,1.1659658619544693,0.0004375213052278948,1.0121893917096707,0.012189391709670705,0.0003999691920275473,0.10542190153781837,0.005197761994059655,-0.03755211320034747,2,2
151,0.1510000000000001,ramp,15.1,1.169093284495,0.0031274225405306666,1.0123313847540505,0.01233138475405049,0.002422705128334568,0.10784460666615293,0.00523431932156012,-0.7047174121960985,2,2
152,0.1520000000000001,ramp,15.2,1.1695407103741002,0.00044742587910029386,1.0123400730198038,0.012340073019803777,0.0004092564036010725,0.108253863069754,0.005271394163986609,-0.03816947549922133,2,2
153,0.1530000000000001,ramp,15.3,1.1726943655575228,0.003153655183422588,1.0124816905469654,0.012481690546965352,0.0024508890814676967,0.11070475215122169,0.005308086950078553,-0.7027661019548912,2,2
154,0.1540000000000001,ramp,15.4,1.1731517825451523,0.0004574169876294665,1.012490516753805,0.01249051675380497,0.0004186317159475624,0.11112338386716926,0.0053452974032067585,-0.03878527168190408,2,2
155,0.1550000000000001,ramp,15.5,1.1763315918278163,0.0031798092826640367,1.0126317605022026,0.012631760502202605,0.002478986070074746,0.113602369937244,0.0053821255665427985,-0.7008232125892905,2,2
156,0.1560000000000001,ramp,15.6,1.1767990858568893,0.000467494029072979,1.0126407243803097,0.01264072438030972,0.00042809458117548964,0.11403046451841949,0.005419471543175959,-0.03939944789748935,2,2
157,0.1570000000000001,ramp,15.7,1.1800049711406067,0.003205885283717347,1.0127815960700446,0.012781596070044587,0.0025069966308996364,0.11653746114931912,0.005456435006254402,-0.6988886528177104,2,2
158,0.1580000000000001,ramp,15.8,1.1804826275476983,0.00047765640709163115,1.0127906973393195,0.012790697339319479,0.00043764445441124106,0.11697510560373037,0.0054939164236803015,-0.040011952680390095,2,2
159,0.1590000000000001,ramp,15.9,1.1837145111790723,0.003231883631374055,1.0129311986726497,0.01293119867264969,0.0025349212978988574,0.11951002690162922,0.005531015113807067,-0.6969623334751978,2,2
160,0.16000000000000011,ramp,16.0,1.1842024147094499,0.0004879035303775314,1.0129404370430102,0.012940437043010178,0.0004472807937810795,0.1199573076954103,0.005568631894700524,-0.04062273659645194,2,2
161,0.16100000000000012,ramp,16.1,1.1874602194794066,0.0032578047699567403,1.01308056970483,0.013080569704829959,0.002562760602251701,0.122520068297662,0.005605865744844429,-0.6950441677050392,2,2
162,0.16200000000000012,ramp,16.2,1.1879584542922061,0.0004982348127995362,1.0130899448767678,0.013089944876767845,0.0004570030603943852,0.12297707135805638,0.0056436178180682755,-0.04123175240515101,2,2
163,0.16300000000000012,ramp,16.3,1.1912421034353347,0.0032836491431285086,1.0132297105349466,0.013229710534946593,0.002590515072370457,0.12556758643042684,0.00568098676761647,-0.6931340707580516,2,2
164,0.16400000000000012,ramp,16.4,1.1917507531082077,0.0005086496728730072,1.0132392221998097,0.013239222199809664,0.00046681071832544986,0.12603439714875228,0.005718874068927529,-0.04183895454755736,2,2
165,0.16500000000000012,ramp,16.5,1.1950601703021804,0.003309417193972708,1.0133786225057158,0.013378622505715754,0.0026181852339112774,0.12865258238266356,0.005756378064349532,-0.6912319600614306,2,2
166,0.16600000000000012,ramp,16.6,1.19557931783636,0.0005191475341796981,1.01338827034611,0.013388270346109898,0.00047670323459750227,0.12912928561726106,0.005794400537014586,-0.04244429958219579,2,2
167,0.16700000000000012,ramp,16.7,1.1989144272009902,0.0033351093646301067,1.0135273069349013,0.01352730693490134,0.0026457716097841675,0.13177505722704522,0.005832039532442247,-0.6893377548459392,2,2
168,0.16800000000000012,ramp,16.8,1.19944415502588,0.000529727824889914,1.0135370906251013,0.013537090625101333,0.0004866800791656691,0.13226173730621088,0.005870197127774439,-0.043047745724244885,2,2
169,0.16900000000000012,ramp,16.9,1.2028048811222465,0.0033607260963663954,1.0136757651161639,0.013675765116163863,0.002673274720165903,0.13493501202637678,0.005907971085500503,-0.6874513762004926,2,2
170,0.17000000000000012,ramp,17.0,1.2033452711001034,0.000540389977856881,1.0136856843224054,0.013685684322405356,0.0004967407248990364,0.1354317527512758,0.005946263763318897,-0.04364925295784465,2,2
171,0.17100000000000012,ramp,17.1,1.2067315389298041,0.003386267829700751,1.0138239983196928,0.013823998319692832,0.0027006950825104493,0.13813244783378625,0.005984172654225618,-0.6855727471903016,2,2
172,0.17200000000000013,ramp,17.2,1.2072826723602343,0.0005511334304302284,1.0138340527005176,0.01383405270051763,0.0005068846475658414,0.1386393324813521,0.006022600383244205,-0.04424878286438702,2,2
173,0.17300000000000013,ramp,17.3,1.2106944073641663,0.0034117350039319927,1.0139720077929346,0.013972007792934615,0.002728033211559273,0.14136736569291136,0.006060644187160993,-0.6837017923727196,2,2
174,0.17400000000000013,ramp,17.4,1.2112563649885433,0.0005619576243769409,1.0139821969994922,0.013982196999492214,0.0005171113258177298,0.14188447701872908,0.006099206945313383,-0.044846298559211066,2,2
175,0.17500000000000013,ramp,17.5,1.2146934930461672,0.0034371280576239727,1.0141197947611922,0.014119794761192184,0.0027552896193535343,0.14463976663808262,0.006137385651314945,-0.6818384382704383,2,2
176,0.17600000000000013,ramp,17.6,1.2152663550520613,0.0005728620058940148,1.0141301184375453,0.014130118437545303,0.0005274202411724719,0.1451671868792551,0.006176083426020088,-0.04544176472154294,2,2
177,0.17700000000000013,ramp,17.7,1.2187288024800005,0.0034624474279392192,1.0142673604282864,0.014267360428286358,0.0027824648152461693,0.14794965169450125,0.006214397032666533,-0.6799826126930499,2,2
178,0.17800000000000013,ramp,17.8,1.2193126485054129,0.0005838460254123934,1.014277818211751,0.014277818211750892,0.0005378108779988394,0.1484874625725001,0.006253229821037928,-0.04603514741355395,2,2
179,0.17900000000000013,ramp,17.9,1.2228003420565763,0.0034876935511634066,1.0144147059771587,0.01441470597715866,0.002809559305912247,0.15129702187841235,0.0062916783365611195,-0.6781342452511596,2,2
180,0.18000000000000013,ramp,18.0,1.2233952511940926,0.000594909137516364,1.0144252974985133,0.01442529749851329,0.0005482827235023268,0.15184530460191467,0.00633064614556677,-0.04662641401403716,2,2
181,0.18100000000000013,ramp,18.1,1.2269081180563275,0.0035128668622348425,1.0145618325704502,0.014561832570450184,0.0028365735953614656,0.15468187819727613,0.0063692295880088045,-0.6762932668733768,2,2
182,0.18200000000000013,ramp,18.2,1.227514168857432,0.0006060508011045407,1.0145725574542557,0.014572557454255675,0.0005588352677071546,0.15524071346498328,0.006408332434584961,-0.04721553339738613,2,2
183,0.18300000000000013,ramp,18.3,1.2310521366523375,0.00353796779490545,1.014708741351033,0.01470874135103295,0.0028635081849496522,0.15810422164993293,0.006447050831892237,-0.6744596099557978,2,2
184,0.18400000000000014,ramp,18.4,1.2316694071312941,0.0006172704789566552,1.0147195992158464,0.014719599215846424,0.0005694680034445031,0.15867368965337744,0.006486288743013287,-0.047802475512152116,2,2
185,0.18500000000000014,ramp,18.5,1.2352324039129854,0.0035629967816912522,1.0148554334426019,0.014855433442601873,0.002890363573390223,0.16156405322676767,0.006525142133089996,-0.6726332083010294,2,2
186,0.18600000000000014,ramp,18.6,1.23586097155102,0.0006285676380346494,1.014866423901235,0.014866423901235049,0.0005801804263337758,0.16214423365310146,0.006564515145801096,-0.04838721170087362,2,2
187,0.18700000000000014,ramp,18.7,1.2394489258047667,0.0035879542537466946,1.0150019099500924,0.015001909950092429,0.002917140256766724,0.1650613739098682,0.00660350357652526,-0.6708139969799705,2,2
188,0.18800000000000014,ramp,18.8,1.2400888675537907,0.0006399417490239312,1.0150130326098887,0.015013032609888732,0.0005909720347709752,0.16565234594463918,0.006643011737939091,-0.04896971425295599,2,2
189,0.18900000000000014,ramp,18.9,1.2437017081947919,0.0036128406410012026,1.0151481719602986,0.015148171960298606,0.002943838728543911,0.1685961846731831,0.0066821352671449855,-0.6690019124572918,2,2
190,0.19000000000000014,ramp,19.0,1.2443531004814452,0.0006513922866533406,1.015159426423317,0.015159426423317024,0.0006018423299112992,0.16919802700309441,0.006721778634405607,-0.04954995674204135,2,2
191,0.19100000000000014,ramp,19.1,1.2479907568533282,0.003637656371882958,1.0152942205422706,0.015294220542270587,0.0029704594795802275,0.17216848648267463,0.006761037329835947,-0.6671968923027305,2,2
192,0.19200000000000014,ramp,19.2,1.2486536755827744,0.000662918729446238,1.015305606405503,0.015305606405503047,0.0006127908156568853,0.1727812772983315,0.00680081597005436,-0.050127913789352635,2,2
193,0.19300000000000014,ramp,19.3,1.2523160774562871,0.003662401873512744,1.0154400567477826,0.015440056747782593,0.00299700299813892,0.17577828029647044,0.006840209909282825,-0.6653988753738239,2,2
194,0.19400000000000014,ramp,19.4,1.2529905980159457,0.0006745205596585535,1.0154515736033913,0.015451573603391333,0.0006238169986401539,0.17640209729511058,0.006880123899445789,-0.05070356101839963,2,2
195,0.19500000000000015,ramp,19.5,1.2566776755873685,0.0036870775714228365,1.0155856816118078,0.015585681611807845,0.003023469769900582,0.17942556706501117,0.00691965316977685,-0.6636078015222544,2,2
196,0.19600000000000015,ramp,19.6,1.2573638728506433,0.0006861972632747904,1.0155973290473197,0.015597329047319697,0.0006349203882113847,0.18006048745322256,0.006959702596631872,-0.05127687506340569,2,2
197,0.19700000000000015,ramp,19.7,1.2610755567405203,0.003711683889876971,1.0157310961529311,0.015731096152931112,0.0030498602779744817,0.18311034773119705,0.006999367294976822,-0.6618236119024894,2,2
198,0.19800000000000015,ramp,19.8,1.2617735050705101,0.000697948329989817,1.0157428737514311,0.01574287375143113,0.000646100496422638,0.1837564482276197,0.007039552254896093,-0.051847833567179084,2,2
199,0.19900000000000015,ramp,19.9,1.2655097263219752,0.0037362212514651105,1.015876301373733,0.01587630137373308,0.0030761750029114393,0.18683262323053113,0.0070793524876273635,-0.6600462485536712,2,2
200,0.20000000000000015,ramp,20.0,1.2662194995750207,0.0007097732530454426,1.0158882087140573,0.015888208714057273,0.0006573568380148485,0.18748998006854597,0.00711967308645185,-0.0524164150305941,2,2
201,0.20100000000000015,ramp,20.1,1.2699801896525345,0.003760690077513784,1.0160212982612824,0.016021298261282402,0.0031024144227138404,0.1905923944912598,0.007159608969242118,-0.6582756547999437,2,2
202,0.20200000000000015,ramp,20.2,1.2707018611816796,0.0007216715291451514,1.0160333349181803,0.016033334918180264,0.0006686889304029984,0.19126108342166281,0.007200065322108561,-0.052982598742153,2,2
203,0.20300000000000015,ramp,20.3,1.2744869519692656,0.003785090787586043,1.0161660877874061,0.016166087787406136,0.0031285790128502706,0.19438966243451308,0.007240136979751162,-0.6565117747357723,2,2
204,0.20400000000000015,ramp,20.4,1.275220594628022,0.0007336426587563061,1.0161782533317143,0.0161782533317143,0.000680096293662483,0.19506975872817556,0.007280729210905812,-0.05354636509382303,2,2
205,0.20500000000000015,ramp,20.5,1.2790300184278438,0.003809423799821854,1.0163106709091116,0.016310670909111646,0.003154669246264015,0.19822442797443957,0.007320936777121927,-0.6547545535578388,2,2
206,0.20600000000000016,ramp,20.6,1.2797757045734044,0.0007456861455605868,1.0163229649079681,0.01632296490796814,0.000691578450516137,0.19891600642495572,0.007361665019717092,-0.054107695044449795,2,2
207,0.20700000000000016,ramp,20.7,1.2836093941041358,0.0038336895307313767,1.016455048568978,0.01645504856897806,0.003180685593387036,0.20209669201834274,0.00740200863695076,-0.6530039373443407,2,2
208,0.20800000000000016,ramp,20.8,1.2843671956010267,0.0007578014968909752,1.0164674705859242,0.016467470585924238,0.0007031349263180048,0.20279982694466075,0.007442873032834661,-0.05466657057297036,2,2
209,0.20900000000000016,ramp,20.9,1.288225083996211,0.0038578883951843057,1.0165992216954731,0.01659922169547312,0.003206628522152428,0.20600645546681318,0.007483352852036222,-0.6512598730318776,2,2
210,0.21000000000000016,ramp,21.0,1.2889950722194998,0.0007699882232887756,1.0166117712906364,0.0166117712906364,0.0007147652490417558,0.20672122071585494,0.007524353551528342,-0.055222974247019815,2,2
211,0.21100000000000016,ramp,21.1,1.292877093026115,0.0038820208066152606,1.0167431912032543,0.016743191203254293,0.003232498498003812,0.20995371921385875,0.007564969731928393,-0.6495223086114484,2,2
212,0.21200000000000016,ramp,21.2,1.293659338864818,0.0007822458387030107,1.016755867933535,0.016755867933534896,0.000726468949265941,0.2106801881631247,0.007606106893588024,-0.055776889437069675,2,2
213,0.21300000000000016,ramp,21.3,1.2975654260415388,0.003906087176720696,1.0168869579935607,0.01688695799356066,0.003258295983909155,0.21393848414703384,0.007646859602463377,-0.6477911928115411,2,2
214,0.21400000000000016,ramp,21.4,1.2983599999019306,0.000794573860391834,1.0168997614127007,0.016899761412700665,0.0007382455601621695,0.214676729707196,0.007688133392852112,-0.0563283002296645,2,2
215,0.21500000000000016,ramp,21.5,1.3022900878174388,0.003930087915508196,1.0170305229544925,0.017030522954492477,0.0032840214403705706,0.21796075114756658,0.007729022805285821,-0.6460664751376253,2,2
216,0.21600000000000016,ramp,21.6,1.3030970596263252,0.0008069718088863365,1.0170434526132823,0.01704345261328233,0.0007500946174790251,0.2187108457650456,0.007770433398720496,-0.056877191407311324,2,2
217,0.21700000000000016,ramp,21.7,1.3070510830578028,0.00395402343147766,1.01717388696132,0.01717388696132005,0.003309675325438141,0.22202052109048373,0.007811459697354695,-0.6443481060395191,2,2
218,0.21800000000000017,ramp,21.8,1.3078705222656817,0.0008194392078788582,1.0171869424076951,0.017186942407695138,0.0007620156595303428,0.22278253675001408,0.007853007275658097,-0.05742354834851538,2,2
219,0.21900000000000017,ramp,21.9,1.3118484163970614,0.003977894131379722,1.01731705087677,0.017317050876769935,0.003335258094720207,0.2261177948447343,0.007894170650443556,-0.6426360366595151,2,2
220,0.22000000000000017,ramp,22.0,1.3126803919814944,0.0008319755844330423,1.0173302316559627,0.017330231655962702,0.0007740082271817609,0.22689180307191606,0.007935855402690475,-0.05796735725128142,2,2
221,0.22100000000000017,ramp,22.1,1.3166820924017464,0.004001700420251941,1.0174600155513378,0.017460015551337804,0.003360770201395011,0.23025257327331106,0.007977156050632607,-0.6409302188569305,2,2
222,0.22200000000000017,ramp,22.2,1.3175266728701944,0.0008445804684480418,1.017473321205983,0.017473321205982995,0.0007860718638371835,0.23103864513714825,0.008018978172891844,-0.058508604610858314,2,2
223,0.22300000000000017,ramp,22.3,1.321552115571805,0.004025442701610649,1.0176027818235236,0.017602781823523594,0.0033862120962222177,0.23442485723337048,0.008060416297792179,-0.6392306053884309,2,2
224,0.22400000000000017,ramp,22.4,1.322409368965071,0.0008572533932660331,1.0176162118937935,0.017616211893793476,0.0007982061154259626,0.23522306334879645,0.008102375992867256,-0.05904727784007051,2,2
225,0.22500000000000017,ramp,22.5,1.3264584903421408,0.004049121377069698,1.0177453505201095,0.017745350520109504,0.0034115842275552538,0.2386346475763517,0.008143951805065108,-0.6375371495144438,2,2
226,0.22600000000000017,ramp,22.6,1.3273284842372712,0.0008699938951304276,1.017758904543856,0.01775890454385598,0.0008104105303886099,0.2394450581067403,0.008186049282233869,-0.05958336474181768,2,2
227,0.22700000000000017,ramp,22.7,1.3314012210840414,0.00407273684677012,1.01788772245647,0.017887722456469968,0.0034368870413518096,0.2428819451480921,0.008227762998346369,-0.6358498054183102,2,2
228,0.22800000000000017,ramp,22.8,1.3322840225973955,0.0008828015133541811,1.0179013999692896,0.017901399969289633,0.0008226846596652141,0.2437046298077573,0.008269998473097442,-0.060116853688966986,2,2
229,0.22900000000000018,ramp,22.9,1.336380312106382,0.004096289508986439,1.0180298984367593,0.018029898436759284,0.003462120981186375,0.24716675078894368,0.008311850315759518,-0.6341685278000642,2,2
230,0.23000000000000018,ramp,23.0,1.3372759878967801,0.000895675790398176,1.018043698972131,0.018043698972131095,0.000835028056681846,0.24800177884562552,0.008354224009533178,-0.06064773371633003,2,2
231,0.23100000000000018,ramp,23.1,1.3413957676570107,0.004119779760230591,1.0181718792541823,0.018171879254182288,0.0034872864882599334,0.25148906533388543,0.008396214207135167,-0.6324932719706574,2,2
232,0.23200000000000018,ramp,23.2,1.3423043839285587,0.000908616271547924,1.0181858023435653,0.01818580234356526,0.0008474402773374037,0.25233650561122284,0.008438726347059741,-0.06117599421052034,2,2
233,0.23300000000000018,ramp,23.3,1.346447591924039,0.004143207995480402,1.018313665691206,0.01831366569120596,0.003512384001413149,0.25584888961263597,0.00848085513348922,-0.6308239940672534,2,2
234,0.23400000000000018,ramp,23.4,1.3473692144292526,0.0009216225052135485,1.0183277108641726,0.01832771086417262,0.0008599208799910635,0.256708810492627,0.008523505952122343,-0.06170162522248494,2,2
235,0.23500000000000018,ramp,23.5,1.351535789037119,0.004166574607866291,1.0184552585198683,0.01845525851986829,0.0035374139571364553,0.2602462244497635,0.008565773566505919,-0.6291606507298361,2,2
236,0.23600000000000018,ramp,23.6,1.3524704830796817,0.0009346940425627448,1.0184694253041382,0.0184694253041382,0.0008724694254495781,0.261118693875213,0.008608563301574947,-0.06222461711316671,2,2
237,0.23700000000000018,ramp,23.7,1.3566603630684864,0.004189879988804712,1.0185966585018882,0.018596658501888186,0.003562376789581304,0.26468107066479435,0.0086509699880215,-0.6275031992234084,2,2
238,0.23800000000000018,ramp,23.8,1.3576081935063333,0.0009478304378469637,1.0186109464234887,0.018610946423488706,0.0008850854769555176,0.2655661561417499,0.008693898882167688,-0.06274496089144616,2,2
239,0.23900000000000018,ramp,23.9,1.361821318034265,0.004213124527931766,1.0187378663889506,0.018737866388950586,0.0035872729305712232,0.2691534290723211,0.00873644488951356,-0.6258515973605432,2,2
240,0.24000000000000019,ramp,24.0,1.362782349282333,0.0009610312480679006,1.0187522749722817,0.018752274972281713,0.0008977686001712877,0.27005119767249236,0.00877951319003704,-0.0632626478966129,2,2
241,0.2410000000000002,ramp,24.1,1.367018657895625,0.004236308613291939,1.0188788829229185,0.018878882922918505,0.003612102809615869,0.27366330048210824,0.008822198771594632,-0.6242058036760701,2,2
242,0.2420000000000002,ramp,24.2,1.3679929539286872,0.0009742960330623163,1.0188934116908308,0.018893411690830808,0.0009105183631697599,0.274573818845278,0.008865406730203487,-0.06377766989255636,2,2
243,0.2430000000000002,ramp,24.3,1.3722523865596423,0.004259432630955073,1.0190197088360013,0.019019708836001348,0.003636866853917674,0.27821068569919566,0.008908232143511574,-0.6225657770373996,2,2
244,0.2440000000000002,ramp,24.4,1.373240010915337,0.0009876243556947717,1.019034357309904,0.019034357309904104,0.0009233343364209321,0.2791340200356166,0.008951580016073593,-0.06429001927383962,2,2
245,0.2450000000000002,ramp,24.5,1.3775225078807862,0.004282496965449134,1.0191603448509747,0.01916034485097473,0.0036615654883852267,0.28279558552400186,0.008994545522653176,-0.6209314770639074,2,2
246,0.2460000000000002,ramp,24.6,1.3785235236621032,0.0010010157813169496,1.0191751125509159,0.019175112550915863,0.0009362160927799094,0.28373180161678174,0.009038033568949375,-0.06479968853704014,2,2
247,0.2470000000000002,ramp,24.7,1.382829025661572,0.004305501999468886,1.0193007916813717,0.019300791681371665,0.0036861991356437,0.28741800075242546,0.009081139434059571,-0.6193028638251858,2,2
248,0.2480000000000002,ramp,24.8,1.3838434955398866,0.00101446987831455,1.01931567812613,0.01931567812613011,0.0009491632074723174,0.28836716395989775,0.009124767917544643,-0.06530667084223267,2,2
249,0.2490000000000002,ramp,24.9,1.3881719436538134,0.004328448113926742,1.0194410500316653,0.019441050031665297,0.0037107682160474964,0.29207793217594524,0.009168014409944223,-0.6176798978792453,2,2
250,0.25000000000000017,ramp,25.0,1.389199929871484,0.001027986217670751,1.0194560547388016,0.01945605473880163,0.0009621752580850661,0.2930401074340303,0.009211783597507376,-0.06581095958568492,2,2
251,0.25100000000000017,ramp,25.1,1.3935512655595035,0.004351335688019375,1.0195811205974668,0.01958112059746675,0.003735273147688536,0.2967753805817188,0.009255170989221193,-0.6160625403308392,2,2
252,0.25200000000000017,ramp,25.2,1.3945928299327015,0.0010415643731980229,1.0195962430833914,0.019596243083391363,0.0009752518245499361,0.29775063240626876,0.009299081150953176,-0.06631254864808672,2,2
253,0.25300000000000017,ramp,25.3,1.3989669950318524,0.004374165099150895,1.0197210040656555,0.019721004065655467,0.0037597143464096292,0.3015103467526784,0.009342609717040677,-0.6144507527412659,2,2
254,0.25400000000000017,ramp,25.4,1.4000221989531743,0.0010552039213218567,1.0197362438457778,0.019736243845777768,0.0009883924891374797,0.30249873924181586,0.009386661126003153,-0.066811432184377,2,2
255,0.25500000000000017,ramp,25.5,1.4044191356761817,0.00439693672300745,1.019860701114614,0.01986070111461391,0.003784092225811417,0.3062828314676273,0.009430331144331127,-0.6128444971960326,2,2
256,0.25600000000000017,ramp,25.6,1.4054880401173027,0.0010689044411209547,1.0198760577033064,0.01987605770330636,0.00100159683643864,0.30728442830406594,0.009474524076332643,-0.06730760468231481,2,2
257,0.2570000000000002,ramp,25.7,1.4099076910508532,0.004419650933550567,1.0200002124143304,0.020000212414330365,0.0038084071972687506,0.3110928355013347,0.009518335827354254,-0.6112437362818168,2,2
258,0.2580000000000002,ramp,25.8,1.4109903565653037,0.0010826655144504649,1.0200156853250992,0.02001568532509923,0.0010148644533559347,0.3121076999546906,0.009562670560729427,-0.06780106109453019,2,2
259,0.2590000000000002,ramp,25.9,1.4154326646682427,0.004442308102938997,1.0201395386266197,0.020139538626619657,0.003832659669937203,0.3159403596246278,0.009606624327265572,-0.6096484330017936,2,2
260,0.2600000000000002,ramp,26.0,1.4165291513938676,0.0010964867256249011,1.0201551273721012,0.020155127372101234,0.001028194929090529,0.3169685545537183,0.00965110114265668,-0.06829179653437215,2,2
261,0.2610000000000002,ramp,26.1,1.4209940599953543,0.004464908601486739,1.0202786804052304,0.020278680405230398,0.0038568500507648886,0.3208254046044832,0.009695197209682873,-0.6080585507218503,2,2
262,0.2620000000000002,ramp,26.2,1.4221044276571724,0.0011103676618180458,1.0202943844973063,0.02029438449730625,0.0010415878551295367,0.32186699245961276,0.009739816389830167,-0.06877980668850911,2,2
263,0.2630000000000002,ramp,26.3,1.4265918804550313,0.004487452797858893,1.0204176383960508,0.02041763839605082,0.0038809787445047757,0.3257479712041175,0.009784055044268233,-0.6064740533541172,2,2
264,0.2640000000000002,ramp,26.4,1.4277161883675724,0.0011243079125411448,1.0204334573458458,0.020433457345845785,0.001055042825236536,0.3268030140293541,0.009828816873801646,-0.06926508730460885,2,2
265,0.2650000000000002,ramp,26.5,1.4322261294265477,0.004509941058975286,1.0205564132372178,0.020556413237217797,0.0039050461537205043,0.3307080601830746,0.009873198404314804,-0.6048949052547821,2,2
266,0.2660000000000002,ramp,26.6,1.4333644364965092,0.0011383070699615416,1.020572346555213,0.020572346555213006,0.0010685594354380703,0.3317766196185126,0.009918103169552023,-0.0697476345234713,2,2
267,0.2670000000000002,ramp,26.7,1.4378968102464764,0.004532373749967178,1.020695005559267,0.020695005559266955,0.003929052678802133,0.33570567229731474,0.009962627866346819,-0.6033210711650447,2,2
268,0.2680000000000002,ramp,26.8,1.4390491749752665,0.0011523647287901007,1.0207110527553562,0.02071105275535623,0.001082137284010286,0.33678780958132504,0.010007675855095358,-0.07022744477981473,2,2
269,0.2690000000000002,ramp,26.9,1.4436039262094917,0.004554751234225218,1.0208334159852905,0.020833415985290538,0.003952998717975155,0.3407408082993002,0.010052344009724693,-0.6017525162500632,2,2
270,0.2700000000000002,ramp,27.0,1.4447704066957603,0.0011664804862685507,1.0208495765688301,0.02084957656883013,0.001095775971469783,0.34183658427076996,0.010097535511088296,-0.07070451479876763,2,2
271,0.2710000000000002,ramp,27.1,1.449347480569057,0.004577073873296644,1.0209716451310376,0.020971645131037553,0.003976884667309462,0.3458134689380794,0.010142347416263745,-0.6001892059871823,2,2
272,0.2720000000000002,ramp,27.2,1.450528134511214,0.0011806539421570506,1.0209879186109014,0.020987918610901435,0.0011094751005596628,0.34692294403863905,0.010187682720454228,-0.07117884159738778,2,2
273,0.2730000000000002,ramp,27.3,1.4551274765383553,0.0045993420271412955,1.0211096936051438,0.02110969360514381,0.0040007109207316005,0.35092365495937067,0.010232638669860815,-0.598631106409695,2,2
274,0.2740000000000002,ramp,27.4,1.4563223612370346,0.0011948846986793438,1.0211260794897652,0.021126079489765193,0.0011232342762405108,0.35204688923561117,0.010278118068014335,-0.07165042243883298,2,2
275,0.2750000000000002,ramp,27.5,1.4609439172907852,0.004621556053750586,1.0212475620091426,0.021247562009142573,0.004024477870032974,0.35607136710564413,0.01032321835612811,-0.5970781837176123,2,2
276,0.2760000000000002,ramp,27.6,1.462153089651318,0.001209172360532751,1.0212640598065785,0.021264059806578528,0.0011370531056755214,0.35720842021131965,0.010368842140126604,-0.07211925485722954,2,2
277,0.2770000000000002,ramp,27.7,1.4667968059609167,0.0046437163095987,1.02138525093768,0.021385250937679956,0.0040481859048827566,0.3612566061162024,0.010414087062038915,-0.5955304047159434,2,2
278,0.2780000000000002,ramp,27.8,1.4680203224957593,0.0012235165348426502,1.0214018601556543,0.021401860155654262,0.0011509311982234253,0.3624075373144258,0.010459855524335685,-0.07258533661922491,2,2
279,0.2790000000000002,ramp,27.9,1.4726861456450808,0.004665823149321513,1.0215227609785495,0.02152276097854955,0.004071835412834239,0.36647937272726006,0.010505245375584357,-0.5939877364872738,2,2
280,0.2800000000000002,ramp,28.0,1.4739240624762304,0.0012379168311495992,1.0215394811245444,0.021539481124544402,0.0011648681654215826,0.36764424089268166,0.010551158809034402,-0.07304866572801659,2,2
281,0.2810000000000002,ramp,28.1,1.4786119394019768,0.004687876925746348,1.0216600927129484,0.021660092712948442,0.004095426779342773,0.37173966767202443,0.010596693885433694,-0.5924501464035754,2,2
282,0.2820000000000002,ramp,28.2,1.4798643122634407,0.0012523728614639573,1.0216769232941822,0.02167692329418225,0.0011788636209765012,0.37291853129300095,0.010642752583128245,-0.07350924048745615,2,2
283,0.2830000000000002,ramp,28.3,1.4845741902534604,0.004709877990019651,1.0217972467154748,0.021797246715474783,0.004118960387766219,0.37703749168076717,0.010688433180610319,-0.5909176022534318,2,2
284,0.2840000000000002,ramp,28.4,1.485841074493604,0.0012668842401435398,1.0218141872389885,0.021814187238988536,0.0011929171807573,0.3782304088615245,0.010734637435717337,-0.07396705938623993,2,2
285,0.2850000000000002,ramp,28.5,1.4905729011850863,0.004731826691482421,1.0219342235542948,0.02193422355429475,0.004142436619379302,0.3823728454809038,0.010780463850170736,-0.589390072103119,2,2
286,0.2860000000000002,ramp,28.6,1.4918543517690008,0.0012814505839144896,1.0219512735269733,0.021951273526973347,0.0012070284627791709,0.3835798739436829,0.010826813955777599,-0.07442212113531878,2,2
287,0.2870000000000002,ramp,28.7,1.4966080751470043,0.004753723378003505,1.022071023791219,0.022071023791218947,0.0041658558533858095,0.38774572979706873,0.01087278648289807,-0.5878675246176953,2,2
288,0.2880000000000002,ramp,28.8,1.4979041466587888,0.001296071511784458,1.0220881827199069,0.022088182719906868,0.001221197087191207,0.38896692688425993,0.01091928273186239,-0.07487442459325092,2,2
289,0.2890000000000002,ramp,28.9,1.502679715054154,0.004775568395365193,1.0222076479819042,0.02220764798190422,0.004189218466927336,0.39315614535118726,0.010965401667001648,-0.5863499284378568,2,2
290,0.2900000000000002,ramp,29.0,1.5039904616994473,0.0013107466452932925,1.0222249153733407,0.022224915373340703,0.0012354226762677646,0.394391568027455,0.011012044351800643,-0.07532396902552797,2,2
291,0.2910000000000002,ramp,29.1,1.5087878237872947,0.004797362087847423,1.022344096675844,0.022344096675843916,0.0042125248350927185,0.3986040928625477,0.011058309989823776,-0.5848372527547047,2,2
292,0.2920000000000002,ramp,29.2,1.5101132993954134,0.001325475608118687,1.0223614720367578,0.022361472036757757,0.001249704854397439,0.3998537977169452,0.011105099402415577,-0.07577075372124792,2,2
293,0.2930000000000002,ramp,29.3,1.5149324041933292,0.0048191047979158075,1.022480370416538,0.022480370416537943,0.004235775330926989,0.4040895730478722,0.011151512037558787,-0.5833294669888187,2,2
294,0.2940000000000002,ramp,29.4,1.5162726622196916,0.0013402580263623953,1.0224978532537192,0.022497853253719224,0.0012640432480713114,0.4053536162959435,0.01119844846924062,-0.07621477829108393,2,2
295,0.2950000000000002,ramp,29.5,1.5211134590859468,0.004840796866255159,1.0226164697416016,0.022616469741601586,0.004258970325443672,0.40961258662138716,0.01124500839497866,-0.5818265408114873,2,2
296,0.2960000000000002,ramp,29.6,1.5224685526142323,0.0013550935282855558,1.0226340595618801,0.022634059561880138,0.0012784374858722455,0.4108910241072594,0.011292092136254747,-0.07665604241331031,2,2
297,0.2970000000000002,ramp,29.7,1.5273309912463247,0.004862438632092347,1.0227523951828161,0.022752395182816132,0.004282110187631547,0.41517313429489094,0.011338799645165437,-0.5803284444608003,2,2
298,0.2980000000000002,ramp,29.8,1.5287009729908552,0.001369981744530513,1.022770091493136,0.022770091493135913,0.0012928871984628641,0.4164660214933538,0.011386030985616096,-0.07709454606764878,2,2
299,0.2990000000000002,ramp,29.9,1.5335850034235223,0.0048840304326671635,1.0228881472662743,0.022888147266274306,0.00430519528446799,0.4207712167778218,0.011432886369255909,-0.5788351481991731,2,2
300,0.3000000000000002,ramp,30.0,1.5349699257314762,0.0013849223079538397,1.0229059495737303,0.022905949573730267,0.001307392018577406,0.4220786087963992,0.011480265597411258,-0.07753028937643376,2,2
301,0.3010000000000002,ramp,30.1,1.539875498335173,0.0049055726036968395,1.023023726512481,0.02302372651248108,0.004328225980925057,0.4264068347773243,0.01152726914619082,-0.5773466227717823,2,2
302,0.3020000000000002,ramp,30.2,1.541275413188751,0.0013999148535779327,1.0230416343242996,0.02304163432429962,0.0013219515810062542,0.4277287863583305,0.011574796549408352,-0.07796327257167845,2,2
303,0.3030000000000002,ramp,30.3,1.5462024786677748,0.004927065479023884,1.023159133436349,0.02315913343634901,0.0043512026399842915,0.4320799889983148,0.011621948552471697,-0.5758628390395929,2,2
304,0.3040000000000002,ramp,30.4,1.5476174376866063,0.0014149590188314853,1.0231771462600325,0.023177146260032533,0.0013365655225889574,0.4334165545209038,0.011669624416819142,-0.07839349624252792,2,2
305,0.3050000000000002,ramp,30.5,1.5525659470774802,0.004948509390873879,1.023294368547457,0.023294368547456923,0.00437412562264021,0.437790680143544,0.011716925161930397,-0.5743837682336689,2,2
306,0.3060000000000002,ramp,30.6,1.5539960015206673,0.001430054443187112,1.0233124858907052,0.023312485890705226,0.0013512334822025926,0.4391419136257466,0.01176474977207014,-0.07882096098451945,2,2
307,0.3070000000000002,ramp,30.7,1.558965906190595,0.004969904669927638,1.0234294323499857,0.023429432349985735,0.004396995287915648,0.44353890891366227,0.01181219954549835,-0.5729093820119905,2,2
308,0.3080000000000002,ramp,30.8,1.5604111069588587,0.0014452007682637102,1.023447653720787,0.023447653720787054,0.0013659551007506104,0.44490486401441287,0.011860173184578191,-0.07924566751309983,2,2
309,0.3090000000000002,ramp,30.9,1.5654023586037191,0.004991251644860473,1.0235643253428672,0.02356432534286723,0.004419811992865897,0.44932467600727877,0.011907772270991903,-0.5714396519945755,2,2
310,0.3100000000000002,ramp,31.0,1.5668627562418325,0.0014603976381133421,1.0235826502495036,0.023582650249503567,0.0013807300211516494,0.4507054060284304,0.011955895220535815,-0.07966761696169274,2,2
311,0.3110000000000002,ramp,31.1,1.5718753068848434,0.005012550643010982,1.023699048019894,0.023699048019893976,0.004442576092594467,0.45514798212102486,0.012003643902895942,-0.5699745504165153,2,2
312,0.3120000000000002,ramp,31.2,1.5733509515835327,0.0014756446986892158,1.0237174759710026,0.0237174759710026,0.001395557888329599,0.4565435400093545,0.012051916442703743,-0.08008681035961669,2,2
313,0.3130000000000002,ramp,31.3,1.5783847535732674,0.0050338019897346875,1.0238336008697542,0.023833600869754168,0.004465287940257699,0.4610088279496122,0.01209981500216453,-0.5685140494769885,2,2
314,0.3140000000000002,ramp,31.4,1.5798756951713824,0.0014909415981150254,1.0238521313743167,0.023852131374316743,0.0014104383492042666,0.46241926629881647,0.012148237410209062,-0.08050324891075876,2,2
315,0.3150000000000002,ramp,31.5,1.5849307011803324,0.005055006008950036,1.023967984376128,0.023967984376128015,0.00448794788707534,0.4669072141858918,0.012196286126019036,-0.5670581218746957,2,2
316,0.3160000000000002,ramp,31.6,1.586436989167182,0.001506287986849486,1.0239866169435483,0.02398661694354831,0.0014253710526795354,0.46833258523857135,0.012244858678351496,-0.0809169341699507,2,2
317,0.3170000000000002,ramp,31.7,1.5915131521898485,0.005076163022666558,1.0241021990177548,0.02410219901775479,0.004510556282339339,0.47284314152091067,0.012293057827758386,-0.5656067403272186,2,2
318,0.3180000000000002,ramp,31.8,1.5930348357071138,0.0015216835172653376,1.0241209331578585,0.02412093315785846,0.0014403556496330008,0.4742834971705437,0.012341780798414598,-0.08132786763233682,2,2
319,0.31900000000000023,ramp,31.9,1.598132109058678,0.00509727335156418,1.0242362452685914,0.02423624526859136,0.004533113473429111,0.4788166106439728,0.0123901306565776,-0.5641598781350688,2,2
320,0.32000000000000023,ramp,32.0,1.59966923690255,0.0015371278438720548,1.0242550804916235,0.024255080491623504,0.001455391792904259,0.48027200243687707,0.012439004317488012,-0.08173605096779574,2,2
321,0.32100000000000023,ramp,32.1,1.6047875742167854,0.005118337314235388,1.0243701235977611,0.02437012359776114,0.004555619805812304,0.4848276222426894,0.012487505157385793,-0.5627175084230839,2,2
322,0.32200000000000023,ramp,32.2,1.6063401948401825,0.0015526206233971163,1.0243890594144691,0.024389059414469116,0.0014704791372871448,0.48629810137997653,0.012536529778287854,-0.08214148610997149,2,2
323,0.32300000000000023,ramp,32.3,1.6114795500681705,0.0051393552279879184,1.0245038344697133,0.02450383446971327,0.004578075623058653,0.4908761770030352,0.012585181870637018,-0.5612796049292651,2,2
324,0.32400000000000023,ramp,32.4,1.6130477115826278,0.001568161514457378,1.02452287039133,0.024522870391330054,0.001485617339519766,0.49236179434255495,0.012634357718994044,-0.08254417493761186,2,2
325,0.32500000000000023,ramp,32.5,1.6182080389908933,0.0051603274082654416,1.0246373783442646,0.024637378344264604,0.004600481266850979,0.4969622756094059,0.012683161332165451,-0.5598461414144628,2,2
326,0.32600000000000023,ramp,32.6,1.6197917891687612,0.0015837501778679375,1.0246565138825554,0.02465651388255541,0.0015008060582690154,0.49846308166767495,0.0127324886730847,-0.08294411959892208,2,2
327,0.32700000000000023,ramp,32.7,1.6249730433377951,0.005181254169033922,1.0247707556766836,0.02477075567668363,0.00462283707698956,0.5030859187446645,0.012781444073026118,-0.558417092044362,2,2
328,0.32800000000000024,ramp,32.8,1.6265724296141972,0.0015993862764021038,1.0247899903439783,0.02478999034397833,0.0015160449541282766,0.5046019636987927,0.012830923169179227,-0.0833413222738272,2,2
329,0.32900000000000024,ramp,32.9,1.6317745654365625,0.005202135822365284,1.024903966917748,0.02490396691774799,0.004645143391405905,0.5092471070901986,0.012880030619339046,-0.5569924309593784,2,2
330,0.33000000000000024,ramp,33.0,1.633389634911525,0.0016150694749623717,1.0249233002269302,0.024923300226930234,0.0015313336896013408,0.5107784407798,0.012929661730892153,-0.0837357853610309,2,2
331,0.33100000000000024,ramp,33.1,1.6386126075905416,0.005222972679016724,1.0250370125138317,0.025037012513831725,0.004667400546167848,0.5154458413259678,0.012978921492145594,-0.5555721328488759,2,2
332,0.33200000000000024,ramp,33.2,1.6402434070309617,0.0016307994404201054,1.0250564439783845,0.02505644397838447,0.0015466719290956885,0.5169925132550635,0.013028704876682217,-0.08412751132441686,2,2
333,0.33300000000000024,ramp,33.3,1.6454871720788131,0.005243765047851401,1.0251698929069513,0.025169892906951263,0.004689608875491748,0.5216821221305552,0.013078117207263252,-0.5541561723596526,2,2
334,0.33400000000000024,ramp,33.4,1.6471337479203256,0.0016465758415125098,1.0251894220409885,0.025189422040988507,0.0015620593389111539,0.5232441814694664,0.013128053119719105,-0.0845165026013559,2,2
335,0.33500000000000024,ramp,33.5,1.6523982611566668,0.0052645132363411395,1.0253026085348325,0.02530260853483246,0.004711768711750569,0.527955950181217,0.01317761827515204,-0.5527445245905706,2,2
336,0.33600000000000024,ramp,33.6,1.6540606595059208,0.0016623983492540795,1.025322234853069,0.02532223485306906,0.0015774955872272396,0.5295334457684442,0.013227706967745303,-0.08490276202683983,2,2
337,0.33700000000000024,ramp,33.7,1.6593458770559923,0.005285217550071497,1.0254351598309595,0.025435159830959453,0.004733880385485381,0.5342673261539296,0.013277425200778629,-0.5513371645861163,2,2
338,0.33800000000000024,ramp,33.8,1.661024143692496,0.0016782666365036114,1.0254548828488301,0.02545488284883013,0.0015929803440977476,0.5358603064980273,0.01332766692294817,-0.0852862924058638,2,2
339,0.33900000000000025,ramp,33.9,1.6663300219857065,0.0053058782932104975,1.0255675472247032,0.025567547224703224,0.004755944225408991,0.5406162507234363,0.013377538483494992,-0.5499340678015068,2,2
340,0.34000000000000025,ramp,34.0,1.6680242023636873,0.0016941803779808584,1.0255873664582875,0.02558736645828752,0.0016085132814407908,0.5422247640048771,0.01342793348183879,-0.0856670965400676,2,2
341,0.34100000000000025,ramp,34.1,1.673350698131991,0.005326495768303685,1.0256997711413234,0.02569977114132338,0.0047779605584193224,0.5470027245632963,0.01347795861691359,-0.5485352098843627,2,2
342,0.34200000000000025,ramp,34.2,1.675060837382502,0.0017101392505110002,1.0257196861073876,0.025719686107387618,0.0016240940730239098,0.5486268186363202,0.013528507135128796,-0.08604517748709044,2,2
343,0.34300000000000025,ramp,34.3,1.680407907658795,0.005347070276292998,1.025831832002017,0.025831832002016997,0.004799929709604668,0.5534267483459249,0.013578686088793741,-0.5471405666883297,2,2
344,0.34400000000000025,ramp,34.4,1.6821340505916031,0.0017261429328081501,1.0258518422180534,0.025851842218053367,0.0016397223944624752,0.5550664707403874,0.013629388367621566,-0.08642053834567492,2,2
345,0.34500000000000025,ramp,34.5,1.687501652708045,0.0053676021164419385,1.0259637302240199,0.025963730224019876,0.004821852002258307,0.5598883227426457,0.013679721380929091,-0.5457501141836315,2,2
346,0.34600000000000025,ramp,34.6,1.689243843813572,0.001742191105526869,1.0259838352082702,0.02598383520827019,0.001655397923201479,0.5615437206658471,0.0137305776580982,-0.08679318232538996,2,2
347,0.34700000000000025,ramp,34.7,1.6946319354000532,0.005388091586481236,1.0260954662206303,0.026095466220630303,0.004843727757880866,0.566387448423728,0.013781064969038302,-0.5443638286003706,2,2
348,0.34800000000000025,ramp,34.8,1.6963902188513145,0.0017582834512612777,1.026115665492092,0.02611566549209199,0.0016711203385111947,0.5680585687622393,0.013832075479216343,-0.08716311275008305,2,2
349,0.34900000000000025,ramp,34.9,1.701798757833933,0.005408538982618616,1.0262270404013096,0.02622704040130963,0.004865557296195271,0.5729241260584346,0.013882717322666717,-0.5429816864233449,2,2
350,0.35000000000000026,ramp,35.0,1.7035731774883158,0.0017744196543827417,1.0262473334797366,0.026247333479736623,0.0016868893214753325,0.5746110153799099,0.013933882297407383,-0.08753033290740926,2,2
351,0.35100000000000026,ramp,35.1,1.709002122087683,0.005428944599367158,1.026358453171683,0.02635845317168295,0.004887340935149092,0.579498356315059,0.013984678905085637,-0.5416036642180658,2,2
352,0.35200000000000026,ramp,35.2,1.71079272148912,0.0017905994014371096,1.0263788395776396,0.026378839577639646,0.001702704554983945,0.5812010608700429,0.014035998572781472,-0.08789484645316453,2,2
353,0.35300000000000026,ramp,35.3,1.7162420302188877,0.005449308729767566,1.0264897049336283,0.026489704933628344,0.004909078990929359,0.5861101398609723,0.01408695017319821,-0.5402297388382065,2,2
354,0.35400000000000026,ramp,35.4,1.7180488525994113,0.0018068223805236538,1.0265101841884454,0.026510184188445418,0.0017185657237200642,0.5878287055846924,0.014138424759037658,-0.0882566568035897,2,2
355,0.35500000000000026,ramp,35.5,1.7235184842647464,0.005469631665335095,1.0266207960853224,0.026620796085322418,0.004930771777968525,0.5927594773626609,0.014189531577451063,-0.53885988736657,2,2
356,0.35600000000000026,ramp,35.6,1.7253415725464951,0.0018230882817487082,1.0266413677111783,0.02664136771117831,0.0017344725141537022,0.5944939498768146,0.01424116130337146,-0.088615767595006,2,2
357,0.35700000000000026,ramp,35.7,1.730831486242363,0.005489913695867932,1.0267517270212738,0.02675172702127382,0.004952419608950821,0.5994463694857655,0.014292423561748042,-0.537494086917111,2,2
358,0.35800000000000026,ramp,35.8,1.7326708830395754,0.0018393967972123448,1.0267723905411943,0.02677239054119429,0.0017504246145321298,0.6011967941002976,0.01434420864639609,-0.08897218268021502,2,2
359,0.35900000000000026,ramp,35.9,1.7381810370812683,0.005510154041692861,1.026882498061219,0.026882498061219007,0.004974022138715752,0.6061708162390134,0.014395624487022689,-0.5361319029771084,2,2
360,0.36000000000000026,ramp,36.0,1.7400367856820993,0.001855748600831042,1.0269032530175297,0.026903253017529716,0.0017664226041030039,0.6079372388431163,0.014447568777974686,-0.08932599672803812,2,2
361,0.36100000000000027,ramp,36.1,1.745567140099241,0.00553035441714167,1.0270131096632547,0.027013109663254653,0.004995580376067962,0.6129328192191843,0.014499139729693746,-0.5347740410737079,2,2
362,0.36200000000000027,ramp,36.2,1.7474392821800473,0.0018721420808063272,1.0270339555762873,0.027033955576287294,0.0017824649794018093,0.6147152841985861,0.014551239878478167,-0.08967710140451784,2,2
363,0.36300000000000027,ramp,36.3,1.7529897970631065,0.005550514883059243,1.0271435622109808,0.0271435622109808,0.005017094699337734,0.6197323788979239,0.014602966689670408,-0.5334201837215091,2,2
364,0.36400000000000027,ramp,36.4,1.7548783742199292,0.0018885771568226684,1.0271644986040933,0.027164498604093312,0.0017985516457285282,0.6215309305436524,0.01465522284832064,-0.09002551109414018,2,2
365,0.36500000000000027,ramp,36.5,1.760449009871087,0.005570635651157785,1.0272738560846846,0.027273856084684578,0.005038565352611934,0.6265694958962643,0.014707105844086205,-0.5320702985458512,2,2
366,0.36600000000000027,ramp,36.6,1.7623540634528467,0.0019050535817597414,1.0272948824831338,0.02729488248313383,0.0018146823471682691,0.6283841782434326,0.014759518197447155,-0.09037123459147223,2,2
367,0.36700000000000027,ramp,36.7,1.7679447804277904,0.005590716974943621,1.0274039916613418,0.027403991661341776,0.005059992615506387,0.633444170858939,0.014811557631143652,-0.5307243594372341,2,2
368,0.36800000000000027,ramp,36.8,1.7698663515074953,0.0019215710797049201,1.0274251075917902,0.027425107591790177,0.0018308568011842555,0.6352750276601232,0.014864126371833188,-0.09071427852066463,2,2
369,0.36900000000000027,ramp,36.9,1.7754771106279617,0.00561075912046638,1.0275339693146606,0.027533969314660567,0.0050813767782562965,0.6403564044383795,0.014916322469979183,-0.5293823422100833,2,2
370,0.3700000000000003,ramp,37.0,1.7774152399934637,0.0019381293655020837,1.0275551743049383,0.027555174304938257,0.0018470747170046588,0.6422034791553841,0.014969047791718036,-0.09105464849742495,2,2
371,0.3710000000000003,ramp,37.1,1.783046002352426,0.005630762358962205,1.0276637894150016,0.027663789415001583,0.005102718134766877,0.647306197290151,0.015021400766872882,-0.5280442241953273,2,2
372,0.3720000000000003,ramp,37.2,1.7850007305029036,0.0019547281504777025,1.0276850829940456,0.027685082994045596,0.0018633358010690714,0.6491695330912202,0.01507428286203613,-0.09139234940863118,2,2
373,0.3730000000000003,ramp,37.3,1.7906514574660128,0.005650726963109198,1.0277934523295276,0.027793452329527568,0.005124016979968615,0.6542935500711888,0.01512679291779266,-0.526709983140583,2,2
374,0.3740000000000003,ramp,37.4,1.792622824611357,0.0019713671453440718,1.0278148340272812,0.027814834027281243,0.001879639759197524,0.6561731898303863,0.015179831976324056,-0.09172738614654767,2,2
375,0.3750000000000003,ramp,37.5,1.7982934778173356,0.005670653205978704,1.0279229584220866,0.027922958422086586,0.005145273608626504,0.6613184634390128,0.015232499309606186,-0.5253795973522001,2,2
376,0.3760000000000003,ramp,37.6,1.8002815238783945,0.0019880460610588457,1.0279444277695828,0.027944427769582836,0.0018959862975773403,0.6632144497365902,0.015285695518480585,-0.09205976348150546,2,2
377,0.3770000000000003,ramp,37.7,1.8059720652384121,0.005690541360017676,1.0280523080534087,0.028052308053408748,0.005166488314735774,0.6683809380513259,0.015338520320713481,-0.5240530452819016,2,2
378,0.3780000000000003,ramp,37.8,1.8079768298477594,0.002004764609347287,1.0280738645826515,0.028073864582651487,0.0019123751232918208,0.6702933131746177,0.015391873863640316,-0.09238948605546629,2,2
379,0.3790000000000003,ramp,37.9,1.81368722154496,0.005710391697200556,1.0281815015810511,0.02818150158105115,0.0051876613911926535,0.6754809745658104,0.015444856321401804,-0.5227303060079029,2,2
380,0.3800000000000003,ramp,38.0,1.8157087440480828,0.002021522503122819,1.0282031448250528,0.028203144825052817,0.0019288059445979233,0.6774097805104082,0.015498367378652476,-0.09271655852489567,2,2
381,0.3810000000000003,ramp,38.1,1.821438948536088,0.005730204488005208,1.028310539359496,0.028310539359496012,0.005208793129606648,0.6826185736400149,0.01555150767404881,-0.5214113583985602,2,2
382,0.3820000000000003,ramp,38.2,1.8234772679927107,0.0020383194566226948,1.0283322688522745,0.028332268852274467,0.0019452784710935543,0.6845638521111085,0.015605176422346389,-0.09304098552914046,2,2
383,0.3830000000000003,ramp,38.3,1.829227247994858,0.005749980002147215,1.028439421740118,0.028439421740118043,0.005229883820189675,0.6897937359312981,0.01565847473324046,-0.5200961819575396,2,2
384,0.3840000000000003,ramp,38.4,1.8312824031805766,0.002055155185718638,1.0284612370167114,0.028461237016711438,0.0019617924138108176,0.6917555283451089,0.01571230134569216,-0.09336277190782026,2,2
385,0.3850000000000003,ramp,38.5,1.837052121688216,0.005769718507639521,1.028568149071313,0.028568149071312998,0.005250933751692644,0.6970064620968015,0.01576575784584653,-0.5187847559468767,2,2
386,0.3860000000000003,ramp,38.6,1.8391241510958383,0.002072029407622189,1.0285900496677545,0.02859004966775447,0.0019783474852836398,0.6989848095820852,0.01581974249189002,-0.09368192233854926,2,2
387,0.3870000000000003,ramp,38.7,1.844913571367436,0.005789420271597789,1.02869672169847,0.02869672169846993,0.005271943211353777,0.704256752793439,0.015873357351055873,-0.5174770602440126,2,2
388,0.3880000000000003,ramp,38.8,1.8470025132084247,0.002088941840988623,1.0287187071518413,0.028718707151841327,0.001994943399579354,0.7062516961930184,0.015927500196424953,-0.09399844140926902,2,2
389,0.3890000000000003,ramp,38.9,1.8528115987679343,0.0058090855595096524,1.028825139964042,0.028825139964042013,0.005292912484882343,0.7115446086779008,0.01598127358039787,-0.5161730746273095,2,2
390,0.3900000000000003,ramp,39.0,1.854917490974462,0.002105892206527571,1.028847209812438,0.028847209812437935,0.0020115798723235336,0.7135561885502244,0.01603557478709428,-0.09431233420403731,2,2
391,0.3910000000000003,ramp,39.1,1.8607462056099213,0.00582871463545942,1.0289534042075568,0.028953404207556765,0.005313841856439887,0.7188700304066643,0.01608950685775165,-0.5148727790195333,2,2
392,0.3920000000000003,ramp,39.2,1.8628690858361612,0.002122880226239854,1.028975557990137,0.028975557990136958,0.002028256620707356,0.7208982870273717,0.016143966584023162,-0.09462360553249768,2,2
393,0.3930000000000003,ramp,39.3,1.868717393598371,0.005848307762209792,1.0290815147657166,0.029081514765716632,0.005334731608634015,0.7262330186360058,0.016198057499347652,-0.513576153575777,2,2
394,0.3940000000000003,ramp,39.4,1.8708572992220995,0.0021399056237285663,1.0291037520226562,0.02910375202265625,0.0020449733635032534,0.728277991999509,0.016252675899668122,-0.09493226022531291,2,2
395,0.3950000000000003,ramp,39.5,1.8767251644233243,0.005867865201224731,1.0292094719723588,0.02920947197235879,0.0053555820225126005,0.7336335740220217,0.016306925813757832,-0.5122831787121307,2,2
396,0.3960000000000003,ramp,39.6,1.8788821325476954,0.0021569681243711614,1.0292317922448861,0.029231792244886146,0.0020617298210565743,0.7356953038430782,0.016361703038814242,-0.09523830331458707,2,2
397,0.3970000000000003,ramp,39.7,1.8847695197600713,0.005887387212375916,1.0293372761585324,0.029337276158532433,0.0053763933775696085,0.7410716972206478,0.01641611210189559,-0.5109938348063078,2,2
398,0.3980000000000003,ramp,39.8,1.8869435872151066,0.0021740674550352335,1.0293596789889607,0.029359678988960747,0.0020785257152889885,0.7431502229359368,0.016471048298573487,-0.09554173974624493,2,2
399,0.3990000000000003,ramp,39.9,1.8928504612693202,0.00590687405421364,1.0294649276525176,0.029464927652517625,0.005397165951740556,0.7485473888876774,0.016525616656997807,-0.5097081024730841,2,2
400,0.4000000000000003,ramp,40.0,1.8950416646136632,0.0021912033443429735,1.0294874125842126,0.029487412584212613,0.002095360769700905,0.7506427496573783,0.01658071196837034,-0.09584257464206837,2,2
401,0.4010000000000003,ramp,40.1,1.900967990597525,0.00592632598386178,1.029592426779899,0.02959242677989904,0.005417900021407378,0.7560606496787857,0.01663543976462259,-0.5084259624544016,2,2
402,0.4020000000000003,ramp,40.2,1.9031763661199586,0.002208375522433581,1.0296149933572945,0.02961499335729445,0.0021122347093586228,0.7581728843881443,0.016690694329942003,-0.09614081307495825,2,2
403,0.4030000000000003,ramp,40.3,1.9091221093770268,0.005945743257068203,1.0297197738635262,0.0297197738635262,0.0054385958614068175,0.7636114802495512,0.016745581702633343,-0.5071473956613859,2,2
404,0.4040000000000003,ramp,40.4,1.9113476930980182,0.002225583720991464,1.0297424216321565,0.029742421632156457,0.002129147260893559,0.7657406275104447,0.016800995657319084,-0.09643646009790517,2,2
405,0.4050000000000003,ramp,40.5,1.9173128192261517,0.005965126128133491,1.0298469692236374,0.029846969223637387,0.005459253745035977,0.7711998812554807,0.016856042741190142,-0.5058723830975138,2,2
406,0.4060000000000003,ramp,40.6,1.9195556468997044,0.002242827673552661,1.0298696977301036,0.029869697730103617,0.002146098152491144,0.7733459794079718,0.016911616216824386,-0.09672952106151668,2,2
407,0.4070000000000003,ramp,40.7,1.9255401217497154,0.005984474850011079,1.0299740131778117,0.029974013177811676,0.005479873944055832,0.7788258533520276,0.016966823142739767,-0.5046009059552465,2,2
408,0.4080000000000003,ramp,40.8,1.9278002288646992,0.0022601071149837004,1.0299968219698288,0.02999682196982878,0.002163087113894178,0.7809889404659217,0.017022556267058928,-0.09702000108952231,2,2
409,0.4090000000000003,ramp,40.9,1.9338040185389254,0.006003789674226212,1.030100906041063,0.03010090604106308,0.005500456728693358,0.7864893971946151,0.01707792316200758,-0.5033329455328538,2,2
410,0.4100000000000003,ramp,41.0,1.9360814403206579,0.0022774217817325138,1.0301237946674415,0.030123794667441528,0.0021801138763873555,0.7886695110710025,0.017133816058897664,-0.09730790534515825,2,2
411,0.4110000000000003,ramp,41.1,1.9421045111716246,0.006023070850966761,1.0302276481258055,0.030227648125805473,0.005521002367660091,0.7941905134386625,0.017189343045987356,-0.5020684833066694,2,2
412,0.4120000000000003,ramp,41.2,1.9443992825837506,0.0022947714121259732,1.0302506161364797,0.030250616136479724,0.0021971781727942626,0.7963876916114568,0.017245395835480334,-0.09759323933171068,2,2
413,0.4130000000000003,ramp,41.3,1.9504416012125887,0.006042318628838084,1.0303542397419676,0.030354239741967604,0.005541511128143247,0.8019292027396001,0.017301083033937462,-0.5008075006948369,2,2
414,0.4140000000000003,ramp,41.4,1.9527537569583358,0.0023121557457470576,1.0303772866879752,0.030377286687975236,0.002214279737467458,0.8041434824770676,0.017357295832203506,-0.09787600827959944,2,2
415,0.4150000000000003,ramp,41.5,1.9588152902137943,0.006061533255458551,1.0304806811969605,0.030480681196960457,0.005561983275831364,0.8097054657528989,0.017413143357370993,-0.49954997962718684,2,2
416,0.4160000000000003,ramp,41.6,1.961144864737625,0.0023295745238307575,1.0305038066304486,0.030503806630448604,0.002231418306281367,0.8119368840591803,0.017469516276718448,-0.09815621754939068,2,2
417,0.4170000000000003,ramp,41.7,1.9672255797143459,0.006080714976720802,1.0306069727957228,0.030606972795722776,0.005582419074905727,0.817519303134086,0.017525524240056267,-0.49829590181507505,2,2
418,0.4180000000000003,ramp,41.8,1.9695726072036037,0.002347027489257858,1.0306301762700023,0.030630176270002307,0.0022485936166245454,0.8197678967507106,0.01758205738892667,-0.0984338726333126,2,2
419,0.4190000000000003,ramp,41.9,1.9756724712408782,0.006099864037274472,1.0307331148407803,0.03073311484078034,0.005602818788056896,0.8253707155387675,0.017638225898005795,-0.49704524921757604,2,2
420,0.4200000000000003,ramp,42.0,1.9780369856271443,0.002364514386266059,1.0307563959102455,0.030756395910245482,0.0022658054073969873,0.8276365209461645,0.017694919380975314,-0.09870897886907161,2,2
421,0.4210000000000003,ramp,42.1,1.9841559663075827,0.006118980680438479,1.0308591076322167,0.030859107632216665,0.005623182676487063,0.8332597036226516,0.017751248539482196,-0.495798003951416,2,2
422,0.4220000000000003,ramp,42.2,1.9865380012684777,0.002382034960894952,1.0308824658524378,0.030882465852437813,0.0022830534189916024,0.8355427570416432,0.017808102457257367,-0.09898154190334961,2,2
423,0.4230000000000003,ramp,42.3,1.9926760664165308,0.006138065148053151,1.0309849514677767,0.03098495146777669,0.00564351099992093,0.841186268041564,0.017864592364990953,-0.49455414813222126,2,2
424,0.4240000000000003,ramp,42.4,1.9950756553769122,0.0023995889603813936,1.0310083863954276,0.03100838639542758,0.0023003373932994186,0.8434866054348634,0.017921606814410625,-0.09925156708197498,2,2
425,0.4250000000000003,ramp,42.5,2.001232773057871,0.006157117680958724,1.031110646642787,0.031110646642787065,0.005663804016606371,0.8491504094514698,0.01797825756728428,-0.4933136643523522,2,2
426,0.4260000000000003,ramp,42.6,2.003649949191637,0.00241717613376613,1.0311341578357476,0.031134157835747578,0.002317657073695579,0.8514680665251654,0.018035432641317652,-0.09951906007055113,2,2
427,0.4270000000000003,ramp,42.7,2.0098260877097176,0.006176138518080521,1.0312361934503331,0.031236193450333127,0.0056840619833307135,0.8571521285084961,0.018092244331358896,-0.49207653474980706,2,2
428,0.4280000000000003,ramp,42.8,2.0122608839411527,0.0024347962314350546,1.031259780467591,0.031259780467590925,0.0023350122050279287,0.8594871407135241,0.018149580119109502,-0.09978402640712594,2,2
429,0.4290000000000003,ramp,42.9,2.018456011838725,0.006195127897572483,1.031361592181167,0.031361592181166964,0.005704285155425143,0.8651914258689491,0.018206552834463777,-0.49084274214734014,2,2
430,0.4300000000000003,ramp,43.0,2.0209084608441126,0.002452449005387436,1.0313852545828652,0.03138525458286523,0.0023524025336153654,0.8675438284025645,0.018264049421166165,-0.10004647177207053,2,2
431,0.4310000000000003,ramp,43.1,2.027122546900017,0.006214086055904566,1.0314868431237547,0.031486843123754715,0.0057244737867655415,0.87326830218933,0.01832118324609808,-0.4896122691390248,2,2
432,0.43200000000000033,ramp,43.2,2.029592681108952,0.0024701342089348266,1.031510580471231,0.03151058047123101,0.0023698278072379645,0.875638129996568,0.018378840713125188,-0.10030640169686206,2,2
433,0.43300000000000033,ramp,43.3,2.035825694337329,0.0062330132283769935,1.031611946564336,0.03161194656433608,0.005744628129789749,0.8813827581263577,0.01843613572802014,-0.48838509858724427,2,2
434,0.43400000000000033,ramp,43.4,2.038313545934377,0.0024878515970478965,1.031635758420085,0.031635758420085036,0.00238728777513081,0.8837700459014886,0.01849395415288232,-0.1005638219170866,2,2
435,0.43500000000000033,ramp,43.5,2.0445654555832573,0.006251909648880449,1.0317369027869452,0.03173690278694519,0.005764748435497414,0.889534794336986,0.01855141043425129,-0.48716121338303503,2,2
436,0.43600000000000033,ramp,43.6,2.0470710565093526,0.0025056009260953083,1.0317607887146207,0.031760788714620736,0.0024047821879708293,0.8919395765249568,0.018609389890601607,-0.10081873812447899,2,2
437,0.43700000000000033,ramp,43.7,2.0533418320594885,0.0062707755501358875,1.0318617120734381,0.03186171207343813,0.005784834953462259,0.8977244114784191,0.018667007511085312,-0.4859405966736287,2,2
438,0.43800000000000033,ramp,43.8,2.0558652140134366,0.0025233819539480784,1.0318856716378564,0.03188567163785638,0.0024223107978781095,0.9001467222762972,0.01872514806872185,-0.1010711560699689,2,2
439,0.43900000000000033,ramp,43.9,2.062154825176793,0.006289611163356579,1.0319863747034748,0.03198637470347476,0.0058048879318334246,0.9059516102081306,0.018782927097091645,-0.4847232315231542,2,2
440,0.44000000000000034,ramp,44.0,2.06469601961669,0.0025411944398969766,1.032010407470639,0.0320104074706391,0.002439873358401185,0.9083914835665319,0.018841228821965015,-0.10132108149579158,2,2
441,0.44100000000000034,ramp,44.1,2.0710044363352997,0.0063084167186096,1.0321108909545813,0.032110890954581306,0.005824907617349158,0.914216391183881,0.018899169323132865,-0.4835091012604419,2,2
442,0.44200000000000034,ramp,44.2,2.073563474480018,0.002559038144718251,1.0321349964916915,0.03213499649169149,0.0024574696245140046,0.916673860808395,0.018957632277346807,-0.10156852020424623,2,2
443,0.44300000000000034,ramp,44.3,2.0798906669246326,0.00632719244461466,1.0322352611021886,0.03223526110218855,0.005844894255336964,0.9225187550637319,0.019015734312366278,-0.48229818927769585,2,2
444,0.44400000000000034,ramp,44.4,2.0824675797552157,0.0025769128305830336,1.032259438977616,0.03225943897761607,0.0024750993526069533,0.9249938544163389,0.01907435855418615,-0.10181347797608023,2,2
445,0.44500000000000034,ramp,44.5,2.0888135183241006,0.006345938568884879,1.0323594854196199,0.03235948541961986,0.005864848089726444,0.9308587025060653,0.019132622180262154,-0.4810904791584351,2,2
446,0.44600000000000034,ramp,44.6,2.0914083365851215,0.002594818261020926,1.0323837352029348,0.032383735202934805,0.002492762300476931,0.9333514648065422,0.019191407764118543,-0.10205596054399481,2,2
447,0.44700000000000034,ramp,44.7,2.0977729919026533,0.006364655317531831,1.0324835641781553,0.032483564178155344,0.005884769363056316,0.9392362341695984,0.019249833034610916,-0.4798859544755153,2,2
448,0.44800000000000034,ramp,44.8,2.1003857461038744,0.0026127542012210903,1.032507885440114,0.03250788544011396,0.0025104582273208415,0.9417466923969193,0.019308780011109316,-0.10229597390024872,2,2
449,0.44900000000000034,ramp,44.9,2.1067690890193136,0.006383342915439183,1.0326074976469957,0.032607497646995665,0.005904658316480206,0.9476513507133996,0.019367366975540395,-0.4786845989589771,2,2
450,0.45000000000000034,ramp,45.0,2.109399809436955,0.0026307204176414523,1.0326318899595424,0.03263188995954236,0.0025281868937311884,0.9501795376071308,0.019426475391465404,-0.10253352391026384,2,2
451,0.45100000000000035,ramp,45.1,2.115801811023119,0.006402001586164108,1.032731286093377,0.032731286093377054,0.005924515189771005,0.9561040527969018,0.01948522409552727,-0.4774863963931024,2,2
452,0.45200000000000035,ramp,45.2,2.11845052770118,0.0026487166780606586,1.0327557490296546,0.03275574902965461,0.0025459480616854707,0.9586500008585873,0.019544493993849922,-0.10276861637518792,2,2
453,0.45300000000000035,ramp,45.3,2.1248711592533427,0.006420631552162881,1.032854929782494,0.03285492978249405,0.005944340221329726,0.964594341079917,0.019603404479412386,-0.47629133083315534,2,2
454,0.45400000000000035,ramp,45.4,2.127537902005175,0.0026667427518320963,1.032879462916838,0.032879462916838076,0.002563741494544944,0.967158082574462,0.019662835899300183,-0.10300125728715222,2,2
455,0.45500000000000035,ramp,45.5,2.133977135039622,0.006439233034447156,1.032978428977559,0.03297842897755898,0.005964133648194397,0.9731222162226564,0.019721908204418548,-0.4750993862527586,2,2
456,0.45600000000000035,ramp,45.6,2.136661933449273,0.00268479840965119,1.033003031885541,0.03300303188554099,0.0025815669570387182,0.9757037831796951,0.019781501181242025,-0.10323145261247188,2,2
457,0.45700000000000035,ramp,45.7,2.1431197397021493,0.006457806252876175,1.0331017839398715,0.03310178393987151,0.005983895706040437,0.9816876788857355,0.019840735340166997,-0.4739105468357374,2,2
458,0.45800000000000035,ramp,45.8,2.1458226231256345,0.002702883423485236,1.0331264561982272,0.03312645619822718,0.002599424215262603,0.9842871031009981,0.019900489905508297,-0.10345920822263334,2,2
459,0.45900000000000035,ramp,45.9,2.1522989745517407,0.006476351426106142,1.0332249949288006,0.0332249949288006,0.006003626629201007,0.990290729730199,0.019959885948692746,-0.47272479690513464,2,2
460,0.46000000000000035,ramp,46.0,2.155019972118599,0.0027209975668585074,1.0332497361154893,0.033249736115489315,0.002617313036668077,0.9929080427668672,0.020019802130355736,-0.10368453019043034,2,2
461,0.46100000000000035,ramp,46.1,2.1615148408899696,0.006494868771370399,1.0333480622017648,0.03334806220176478,0.00602332665065685,0.998931369417524,0.02007936008446501,-0.4715421207135487,2,2
462,0.46200000000000035,ramp,46.2,2.1642539815044657,0.002739140614496094,1.0333728718959725,0.03337287189597249,0.0026352331900581444,1.0015666026075822,0.020139437906482694,-0.1039074244379495,2,2
463,0.46300000000000036,ramp,46.3,2.170767340009305,0.00651335850483914,1.0334709860143565,0.033470986014356496,0.006042996002058238,1.0076095986096405,0.020199157794406994,-0.4703625027809013,2,2
464,0.46400000000000036,ramp,46.4,2.173524652351971,0.002757312342666296,1.0334958637964347,0.033495863796434655,0.002653184445579309,1.0102627830552198,0.02025939727705372,-0.10412789708698703,2,2
465,0.46500000000000036,ramp,46.5,2.180056473193449,0.006531820841477742,1.0335937666202264,0.033593766620226395,0.006062634913722665,1.0163254179689425,0.020319279117913067,-0.46918592775507717,2,2
466,0.46600000000000036,ramp,46.6,2.182831985722155,0.0027755125287063365,1.033618712071794,0.0336187120717939,0.00267116657471075,1.0189965845436533,0.02037968027771368,-0.10434595399558656,2,2
467,0.46700000000000036,ramp,46.7,2.189382241717102,0.006550255994946852,1.0337164042712483,0.033716404271248335,0.006082243614645169,1.0250788281582985,0.020439724086873178,-0.4680123803016828,2,2
468,0.46800000000000036,ramp,46.8,2.1921759826686547,0.0027937409515526035,1.0337414169751284,0.033741416975128447,0.002689179350266329,1.027768007508565,0.02050028693661383,-0.10456160128627465,2,2
469,0.46900000000000036,ramp,46.9,2.198744646846226,0.006568664177571293,1.033838899217451,0.03383889921745098,0.006101822332498423,1.0338698298410633,0.020560492725691507,-0.46684184507287013,2,2
470,0.47000000000000036,ramp,47.0,2.2015566442377876,0.0028119973915616825,1.0338639787576631,0.033863978757663116,0.0027072225463817415,1.0365770523874451,0.02062121727442999,-0.10477484517994097,2,2
471,0.47100000000000036,ramp,47.1,2.2081436898384914,0.006587045600703778,1.0339612517070462,0.033961251707046225,0.006121371293653601,1.0426984236810988,0.020681585051309796,-0.46567430705017704,2,2
472,0.47200000000000036,ramp,47.2,2.210973971468533,0.002830281630041398,1.0339863976688308,0.033986397668830826,0.002725295938500706,1.0454237196195995,0.020742471304388152,-0.10498569154069204,2,2
473,0.47300000000000036,ramp,47.3,2.2175793719428576,0.006605400474324785,1.0340834619864825,0.03408346198648249,0.006140890723171634,1.0515646103427712,0.020803001073230167,-0.4645097511531511,2,2
474,0.47400000000000037,ramp,47.4,2.2204279653928554,0.0028485934499977716,1.0341086739562837,0.0341086739562837,0.002743399303387719,1.0543080096461588,0.020864049032282325,-0.10519414661005251,2,2
475,0.47500000000000037,ramp,47.5,2.227051694400221,0.006623729007365853,1.0342055303004067,0.03420553030040674,0.006160380844818125,1.0604683904909769,0.020924740793536463,-0.4633481625477276,2,2
476,0.47600000000000037,ramp,47.6,2.229918627035695,0.0028669326354737734,1.0342308078659554,0.03423080786595545,0.0027615324190957877,1.0632299229100726,0.020985950456506464,-0.10540021637798569,2,2
477,0.47700000000000037,ramp,47.7,2.236560658443042,0.006642031407347204,1.0343274568917578,0.03432745689175776,0.006179841881074159,1.0694097647911467,0.02104680420692195,-0.4621895262730451,2,2
478,0.47800000000000037,ramp,47.8,2.2394459574151746,0.0028852989721324107,1.0343527996419586,0.03435279964195859,0.002779695064978532,1.0721894598561252,0.021108175568072228,-0.10560390715387862,2,2
479,0.47900000000000037,ramp,47.9,2.24610626529599,0.006660307880815175,1.0344492420017375,0.03444924200173749,0.00619927405313013,1.0783887339092553,0.021169191300712046,-0.4610338276850451,2,2
480,0.48000000000000037,ramp,48.0,2.2490099575424884,0.002903692246498668,1.0344746495267256,0.03447464952672563,0.002797887021678457,1.0811866209309338,0.021230724350635225,-0.10580522482021111,2,2
481,0.48100000000000037,ramp,48.1,2.255688516175483,0.006678558632994491,1.0345708858698346,0.03457088586983459,0.006218677580901304,1.087405298511835,0.021291902054887162,-0.459881052093187,2,2
482,0.4820000000000004,ramp,48.2,2.258610628422346,0.002922112246863229,1.0345963577609698,0.03459635776096981,0.002816108071118208,1.0902214065829532,0.021353596780521338,-0.10600417574502079,2,2
483,0.4830000000000004,ramp,48.3,2.2653074127054174,0.006696784283071189,1.0346923887335973,0.03469238873359726,0.006238053111538867,1.096459459694492,0.021414937314638234,-0.45873117153232174,2,2
484,0.4840000000000004,ramp,48.4,2.2682479707829706,0.0029405580775532236,1.0347179245699871,0.034717924569987124,0.0028343573785763426,1.0992938170730684,0.021476792372239976,-0.10620069897688102,2,2
485,0.4850000000000004,ramp,48.5,2.2749629554936126,0.006714984710642025,1.0348137508254716,0.03481375082547156,0.006257400464347332,1.1055512175374158,0.021538295182673813,-0.4575842462946926,2,2
486,0.4860000000000004,ramp,48.6,2.2779219859164628,0.002959030422850173,1.0348393502053408,0.03483935020534079,0.0028526355332196057,1.1084038530706355,0.02160031181571513,-0.10639488963056723,2,2
487,0.4870000000000004,ramp,48.7,2.284655145866559,0.006733159950096379,1.034934972382765,0.034934972382764995,0.006276719757354771,1.1146805728279903,0.021661976632110187,-0.4564401927416081,2,2
488,0.4880000000000004,ramp,48.8,2.2876326747900144,0.0029775289234552638,1.0349606349024634,0.03496063490246337,0.002870942185078891,1.1175515150130693,0.02172415485166458,-0.10658673837637272,2,2
489,0.4890000000000004,ramp,48.9,2.2943839850345875,0.006751310244573094,1.0350560536388544,0.035056053638854445,0.006296011243717313,1.1238475262567866,0.021785981603277403,-0.45529900085578173,2,2
490,0.4900000000000004,ramp,49.0,2.297380038376126,0.002996053341538296,1.0350817788952962,0.03508177889529618,0.002889277093386315,1.126736803350173,0.021848321394626426,-0.106776248151981,2,2
491,0.4910000000000004,ramp,49.1,2.30414947418561,0.006769435809484303,1.0351769948252014,0.035176994825201424,0.00631527515140301,1.133052078501576,0.021910310035174095,-0.4541606580812929,2,2
492,0.4920000000000004,ramp,49.2,2.3071640776446776,0.0030146034590674553,1.0352027824162537,0.03520278241625374,0.002907640035233204,1.1359597185368093,0.0219728113732353,-0.10696342383425139,2,2
493,0.4930000000000004,ramp,49.3,2.3139516144955334,0.006787536850855869,1.0352977961715317,0.035297796171531726,0.006334511699718905,1.1422942302365282,0.022034961861691803,-0.4530251511369633,2,2
494,0.4940000000000004,ramp,49.4,2.3169847935611916,0.0030331790656581425,1.0353236456961667,0.03532364569616675,0.0029260307944929346,1.1452202610310211,0.022097624715014662,-0.10714827116520796,2,2
495,0.4950000000000004,ramp,49.5,2.323790407131209,0.00680561357001741,1.035418457905958,0.03541845790595799,0.006353721103628913,1.15157398213465,0.02215993701053906,-0.451892466388497,2,2
496,0.4960000000000004,ramp,49.6,2.3268421870856817,0.0030517799544727,1.035444368964303,0.03544436896430292,0.0029444491586997266,1.1545184312933496,0.022222761342754426,-0.10733079577297322,2,2
497,0.4970000000000004,ramp,49.7,2.3336658532514,0.0068236661657183895,1.0355389802549877,0.035538980254987695,0.006372903575340172,1.1608913348686898,0.022285235402824375,-0.4507625903782172,2,2
498,0.4980000000000004,ramp,49.8,2.3367362591729233,0.0030704059215231894,1.035564952448364,0.03556495244836411,0.002962894917849086,1.1638542297865389,0.02234822117329041,-0.10751100367410336,2,2
499,0.4990000000000004,ramp,49.9,2.343577954007323,0.006841694834399892,1.0356593634436155,0.03565936344361553,0.006392059325002729,1.1702462891115415,0.02241085695288008,-0.4496355093971628,2,2
500,0.5000000000000003,ramp,50.0,2.3466670107722036,0.003089056764880471,1.035685396374488,0.03568539637448809,0.00298136786385953,1.173227656975401,0.02247400411700354,-0.10768890102094134,2,2
501,0.5010000000000003,ramp,50.1,2.3535267105430293,0.006859699770825678,1.0357796076951955,0.0357796076951955,0.00641118856105169,1.1796388455364526,0.022536801568176945,-0.4485112097739876,2,2
502,0.5020000000000003,ramp,50.2,2.3566344428272936,0.0031077322842643085,1.035805700967319,0.03580570096731894,0.0029998677902760514,1.1826387133267287,0.02260011007759661,-0.10786449398825704,2,2
503,0.5030000000000003,ramp,50.3,2.36351212399558,0.006877681168286465,1.035899713231656,0.03589971323165608,0.0064302914904173815,1.189069004817146,0.02266306914929099,-0.4473896778690832,2,2
504,0.5040000000000003,ramp,50.4,2.3666385562765146,0.0031264322809345657,1.0359258664499713,0.03592586644997131,0.0030183944921127197,1.1920873993092587,0.022726538951986647,-0.10803778882184602,2,2
505,0.5050000000000003,ramp,50.5,2.3735341954954747,0.006895639218960081,1.0360196802733859,0.03601968027338587,0.006449368318633553,1.1985367676278922,0.022789659589895383,-0.44627090032652805,2,2
506,0.5060000000000003,ramp,50.6,2.3766793520527854,0.0031451565573106244,1.0360458930440297,0.03604589304402972,0.0030369477657530663,1.2015737153936452,0.02285329063026049,-0.10820879155755804,2,2
507,0.5070000000000003,ramp,50.7,2.3835929261663766,0.006913574113591281,1.036139509039257,0.03613950903925689,0.0064684192499039235,1.208042134643549,0.02291657277676389,-0.4451548636873574,2,2
508,0.5080000000000003,ramp,50.8,2.3867568310838454,0.003163904917468763,1.036165780969636,0.036165780969636074,0.0030555274088952655,1.2110976620524443,0.022980364995655582,-0.10837750857349733,2,2
509,0.5090000000000003,ramp,50.9,2.3936883171254992,0.006931486041653834,1.0362591997467152,0.03625919974671521,0.006487444487158924,1.2175851065396033,0.023043808589782964,-0.4440415544949101,2,2
510,0.5100000000000003,ramp,51.0,2.3968709942921036,0.003182677166604364,1.0362855304454417,0.036285530445441694,0.003074133220498762,1.220659239760102,0.023107761924563777,-0.10854394610560185,2,2
511,0.5110000000000003,ramp,51.1,2.4038203694837303,0.00694937519162675,1.0363787526117365,0.03637875261173651,0.006506444232085341,1.2271656839921872,0.02317136690197967,-0.4429309595414092,2,2
512,0.5120000000000003,ramp,51.2,2.4070218425949257,0.003201473111195341,1.0364051416886455,0.036405141688645504,0.0030927650007695575,1.2302584489929567,0.02323548128654272,-0.10870811042578343,2,2
513,0.5130000000000003,ramp,51.3,2.4139890843455825,0.006967241750656772,1.0364981678488323,0.03649816784883231,0.006525418685141701,1.2367838676780984,0.023299247579534554,-0.44182306551507083,2,2
514,0.5140000000000003,ramp,51.4,2.417209376904637,0.0032202925590545384,1.036524614914992,0.03652461491499204,0.0031114225511243623,1.2398952902292228,0.023363522944334178,-0.10887000793017611,2,2
515,0.5150000000000003,ramp,51.5,2.4241944628096537,0.006985085905016675,1.0366174456711283,0.036617445671128346,0.00654436804559769,1.2464396582748205,0.02342745048181335,-0.44071785941898495,2,2
516,0.5160000000000003,ramp,51.6,2.4274335981285216,0.0032391353188678806,1.0366439503388631,0.03664395033886314,0.003130105674179468,1.249569763949,0.02349188675388806,-0.10902964468841253,2,2
517,0.5170000000000003,ramp,51.7,2.4344365059681055,0.007002907839583905,1.0367365862903093,0.03673658629030929,0.006563292511529278,1.2561330564605293,0.023555975461396206,-0.43961532805462683,2,2
518,0.5180000000000003,ramp,51.8,2.437694507169069,0.003258001200963534,1.0367631481731319,0.036763148173131865,0.0031488141737282126,1.2592818706342574,0.023620572564385652,-0.10918702723532138,2,2
519,0.5190000000000003,ramp,51.9,2.444715214907495,0.007020707738425891,1.0368555899166763,0.03685558991667626,0.006582192279845167,1.2658640629141027,0.023684822364104734,-0.43851545858072416,2,2
520,0.5200000000000004,ramp,52.0,2.4479921049239337,0.003276890016438827,1.0368822086293707,0.03688220862937075,0.003167547854750485,1.269031610768853,0.023749580218272722,-0.10934216168834208,2,2
521,0.5210000000000004,ramp,52.1,2.455030590708327,0.007038485784393256,1.0369744567591634,0.03697445675916344,0.006601067546276526,1.2756326783151295,0.023813991029030604,-0.43741823811672964,2,2
522,0.5220000000000004,ramp,52.2,2.4583263922861818,0.0032958015778548067,1.0370011319177164,0.03700113191771637,0.003186306523383768,1.2788189848385132,0.02387890955128599,-0.1094950544710386,2,2
523,0.5230000000000004,ramp,52.3,2.465382634445204,0.007056242159022119,1.0370931870253026,0.03709318702530262,0.006619918505406757,1.28543890334392,0.023943481288574604,-0.4363236536153621,2,2
524,0.5240000000000004,ramp,52.4,2.4686973701441604,0.0033147356989564614,1.037119918246949,0.037119918246949046,0.003205089986923004,1.288643993330843,0.024008560392485688,-0.10964571203345716,2,2
525,0.5250000000000004,ramp,52.5,2.475771347187302,0.0070739770431416105,1.0372117809213224,0.03721178092132238,0.006638745350674364,1.2952827386815173,0.024073292968470182,-0.4352316924672462,2,2
526,0.5260000000000004,ramp,52.6,2.4791050393816003,0.0033336921942983544,1.0372385678245295,0.0372385678245295,0.003223898053800843,1.2985066367353182,0.0241385325642853,-0.10979414049751149,2,2
527,0.5270000000000004,ramp,52.7,2.4861967299981984,0.00709169061659809,1.037330238652089,0.037330238652089065,0.006657548274374198,1.3051641850096924,0.02420342588782231,-0.4341423422238918,2,2
528,0.5280000000000004,ramp,52.8,2.489549400878042,0.0033526708798437,1.0373570808565242,0.03735708085652423,0.0032427305336001073,1.3084069155432925,0.024268825882486543,-0.1099403462435926,2,2
529,0.5290000000000004,ramp,52.9,2.4966587839356666,0.007109383057624541,1.0374485604211243,0.03744856042112432,0.006676327467670851,1.3150832430109634,0.024333879859137826,-0.43305558995369,2,2
530,0.5300000000000004,ramp,53.0,2.500030455508419,0.0033716715727525326,1.0374754575477236,0.037475457547723634,0.003261587237028682,1.318344830247992,0.02439944015631204,-0.1100843357238505,2,2
531,0.5310000000000004,ramp,53.1,2.507157510052404,0.00712705454398499,1.0375667464306635,0.03756674643066349,0.006695083120598842,1.3250399133685908,0.024464654688362484,-0.4319714233861479,2,2
532,0.5320000000000004,ramp,53.2,2.5105482041434852,0.003390694091081059,1.0375936981015788,0.037593698101578754,0.0032804679759208706,1.3283203813445117,0.024530375188438244,-0.1102261151601884,2,2
533,0.5330000000000004,ramp,53.3,2.517692909395543,0.0071447052520579035,1.0376847968816647,0.037684796881664706,0.006713815422081053,1.3350341967665929,0.024595750174907952,-0.43088982997685055,2,2
534,0.5340000000000004,ramp,53.4,2.5211026476497396,0.003409738254196437,1.0377118027202692,0.037711802720269194,0.0032993725632259664,1.3383335693298188,0.024661630775031508,-0.1103656909704708,2,2
535,0.5350000000000004,ramp,53.5,2.528264983007177,0.007162335357437488,1.037802711973756,0.037802711973756065,0.00673252455992829,1.3450660938897472,0.024727166111697087,-0.42981079750919854,2,2
536,0.5360000000000004,ramp,53.6,2.5316937868895537,0.003428803882376652,1.037829771604647,0.037829771604646956,0.003318300813007132,1.3483843947027543,0.024793206705781255,-0.11050306936952019,2,2
537,0.5370000000000004,ramp,53.7,2.5388737319239256,0.007179945034371915,1.037920491905339,0.03792049190533908,0.006751210720831983,1.3551356054235864,0.024858902285189194,-0.4287343135399319,2,2
538,0.5380000000000004,ramp,53.8,2.542321622721273,0.0034478907973474193,1.0379476049543617,0.03794760495436167,0.0033372525404358274,1.3584728579640222,0.024925102763933896,-0.11063825691159197,2,2
539,0.5390000000000004,ramp,53.9,2.549519157177656,0.007197534456382826,1.0380381368735272,0.038038136873527195,0.006769874090398812,1.365242732054421,0.02499095847542266,-0.42766036598401375,2,2
540,0.5400000000000004,ramp,54.0,2.552986155999333,0.003466998821677336,1.0380653029677418,0.0380653029677418,0.0033562275617806097,1.3685989596162016,0.025057318726330567,-0.1107712598967265,2,2
541,0.5410000000000004,ramp,54.1,2.5602012597950665,0.007215103795733313,1.0381556470742164,0.03815564707421637,0.0067885148531278685,1.3753874744693295,0.02512333445604438,-0.4265889426054445,2,2
542,0.5420000000000004,ramp,54.2,2.56368738757409,0.0034861277790234624,1.0381828658419057,0.03818286584190567,0.0033752256943993045,1.3787627001637288,0.025189854363440775,-0.1109020846241579,2,2
543,0.5430000000000004,ramp,54.3,2.5709200407979367,0.007232653223846697,1.038273022702024,0.03827302270202404,0.0068071331924394515,1.3855698333561683,0.025256029994348533,-0.42552003140724526,2,2
544,0.5440000000000004,ramp,54.4,2.5744253182922305,0.003505277494293857,1.0383002937727173,0.038300293772717264,0.0033942467567438937,1.3889640801129122,0.025322709439400976,-0.11103073754996319,2,2
545,0.5450000000000004,ramp,54.5,2.5816755012033425,0.007250182911112013,1.0383902639504197,0.03839026395041967,0.006825729290664381,1.3957898094035766,0.025389044851312756,-0.42445362044763246,2,2
546,0.5460000000000004,ramp,54.6,2.585199948996597,0.0035244477932545593,1.0384175869548329,0.03841758695483288,0.0034132905683456143,1.3992030999719223,0.025455883712044682,-0.11115722490894495,2,2
547,0.5470000000000004,ramp,54.7,2.5924676420234256,0.007267693026828503,1.038507371011614,0.038507371011613944,0.0068443033290539156,1.4060474033009762,0.025522378781631144,-0.4233896977745878,2,2
548,0.5480000000000004,ramp,54.8,2.5960112805263726,0.003543638502947033,1.0385347455816925,0.03853474558169245,0.0034323569498105385,1.4094797602507867,0.025589376932944254,-0.11128155313649447,2,2
549,0.5490000000000004,ramp,54.9,2.603296464265795,0.0072851837394223296,1.0386243440766356,0.03862434407663562,0.006862855487797609,1.4163426157385843,0.025656031533757284,-0.42232825162472065,2,2
550,0.5500000000000004,ramp,55.0,2.606859313717102,0.0035628494513071374,1.0386517698455802,0.038651769845580164,0.0034514457228108516,1.419794061461395,0.02572318884744578,-0.1114037284962858,2,2
551,0.5510000000000004,ramp,55.1,2.61416196893329,0.00730265521618767,1.0387411833353226,0.038741183335322615,0.006881385946009959,1.426675447407405,0.02579000284992747,-0.4212692701777111,2,2
552,0.5520000000000004,ramp,55.2,2.6177440494009176,0.0035820804676278684,1.0387686599375352,0.0387686599375352,0.0034705567100917806,1.430146004117497,0.025857319194703972,-0.11152375753608777,2,2
553,0.5530000000000004,ramp,55.3,2.6250641570244224,0.007320107623504768,1.0388578889763807,0.03885788897638065,0.006899894881745417,1.4370458989992423,0.025924292466217132,-0.42021274175935064,2,2
554,0.5540000000000004,ramp,55.4,2.628665488406317,0.003601331381894557,1.0388854160474759,0.03888541604747586,0.0034896897354483414,1.4405355887346907,0.025991767707720086,-0.11164164644621556,2,2
555,0.5550000000000004,ramp,55.5,2.6360030295330668,0.00733754112674978,1.0389744611873182,0.03897446118731818,0.0069183824720144855,1.4474539712067052,0.02605890011255763,-0.41915865473529484,2,2
556,0.5560000000000004,ramp,55.6,2.639623631558562,0.003620602025495412,1.0390020383641172,0.0390020383641172,0.0035088446237250648,1.4509628158304302,0.026126534113379195,-0.11175740177034711,2,2
557,0.5570000000000004,ramp,55.7,2.6469785874488245,0.00735495589026236,1.0390909001544903,0.03909090015449035,0.006936848892767561,1.4578996647231977,0.02619382551278635,-0.4181069974947991,2,2
558,0.5580000000000004,ramp,55.8,2.6506184796793786,0.0036398922305540538,1.0391185270750718,0.039118527075071796,0.0035280212008260235,1.4614276859240236,0.02626161813248481,-0.1118710297280303,2,2
559,0.5590000000000004,ramp,55.9,2.6579908317569862,0.007372352077607669,1.039207206063166,0.03920720606316608,0.0069552943189082304,1.4683829802429318,0.026329068384678415,-0.4170577586994385,2,2
560,0.5600000000000004,ramp,56.0,2.661650033587395,0.003659201830408687,1.039234882366803,0.03923488236680295,0.0035472192936918364,1.4719301995366236,0.026397019479798275,-0.1119825367168507,2,2
561,0.5610000000000004,ramp,56.1,2.669039763438643,0.007389729851248195,1.0393233790974439,0.03932337909744388,0.006973718924310777,1.4789039184609345,0.026464628439981455,-0.4160109269374179,2,2
562,0.5620000000000004,ramp,56.2,2.672718294098068,0.0036785306594246947,1.039351104424622,0.039351104424621974,0.0035664387302939884,1.4824703571912285,0.026532737864076096,-0.11209192913070633,2,2
563,0.5630000000000004,ramp,56.3,2.6801253834705876,0.007407089372519771,1.0394394194403431,0.039439419440343126,0.006992122881810201,1.4894624800730387,0.026600505384461747,-0.4149664907095694,2,2
564,0.5640000000000004,ramp,56.4,2.683823262023622,0.003697878553034606,1.0394671934327504,0.0394671934327504,0.003585679339638255,1.493048159412677,0.026668772988104803,-0.11219921339635083,2,2
565,0.5650000000000004,ramp,56.5,2.6912476928256543,0.007424430802032145,1.039555327273764,0.039555327273764096,0.007010506363222356,1.5000586657758994,0.02673669891793184,-0.4139244388097884,2,2
566,0.5660000000000004,ramp,56.6,2.694964938173152,0.003717245347497844,1.0395831495743182,0.03958314957431819,0.0036049409517510947,1.5036636067276505,0.026805124548741042,-0.1123043957467493,2,2
567,0.5670000000000004,ramp,56.7,2.702406692472576,0.007441754299423842,1.0396711027785064,0.039671102778506384,0.007028869539331579,1.5106924762669822,0.026873208734292376,-0.41288476009226305,2,2
568,0.5680000000000004,ramp,56.8,2.706143323352884,0.003736630880307956,1.0396989730313424,0.0396989730313424,0.003624223397683749,1.514316699664666,0.026941792236947287,-0.11240748262420722,2,2
569,0.5690000000000004,ramp,56.9,2.7136023833762835,0.007459060023399466,1.0397867461343422,0.03978674613434219,0.0070472125799081655,1.5213639122445741,0.027010034521569085,-0.41184744349130087,2,2
570,0.5700000000000004,ramp,57.0,2.7173584183661403,0.0037560349898568823,1.0398146639847885,0.0398146639847885,0.0036435265094999615,1.5250074387540742,0.02707877573783076,-0.11250848035692078,2,2
571,0.5710000000000004,ramp,57.1,2.7248347664975956,0.007476348131455257,1.03990225751989,0.03990225751988996,0.007065535653713547,1.5320729744077877,0.02714717596195102,-0.41081247774170987,2,2
572,0.5720000000000004,ramp,57.2,2.728610224013154,0.0037754575155584114,1.0399302226144878,0.039930222614487754,0.0036628501202690318,1.5357358245280568,0.027216074730677303,-0.1126073952893796,2,2
573,0.5730000000000004,ramp,57.3,2.736103842793697,0.007493618780542999,1.0400176371128063,0.04001763711280626,0.007083838928496481,1.5428196634565532,0.027284632731829236,-0.4097798520465174,2,2
574,0.5740000000000004,ramp,57.4,2.739898741091622,0.003794898297925009,1.0400456490993053,0.0400456490993053,0.003682194064070002,1.5465018575206233,0.027353688888995083,-0.1127042338550069,2,2
575,0.5750000000000004,ramp,57.5,2.7474096132179824,0.007510872126360368,1.0401328850896412,0.04013288508964119,0.007102122571010147,1.5536039800916335,0.027422404501829332,-0.40874955535022145,2,2
576,0.5760000000000004,ramp,57.6,2.7512239703963095,0.0038143571783271213,1.0401609436169852,0.04016094361698519,0.0037015581759679683,1.5573055382676015,0.027491617880547704,-0.11279900235915304,2,2
577,0.5770000000000004,ramp,57.7,2.758752078720056,0.007528108323746618,1.0402480016259288,0.040248001625928786,0.007120386747014998,1.5644259250146166,0.02756049093685383,-0.40772157673162057,2,2
578,0.5780000000000004,ramp,57.8,2.762585912719298,0.0038338339992418646,1.040276106344298,0.04027610634429801,0.0037209422920311164,1.5681468673066477,0.02762986136739428,-0.11289170721074825,2,2
579,0.5790000000000004,ramp,57.9,2.770131240246008,0.0075453275267101105,1.040362986896169,0.04036298689616902,0.00713863162126804,1.5752854989279157,0.02769889169612262,-0.40669590544207057,2,2
580,0.5800000000000004,ramp,58.0,2.7739845688500293,0.003853328604021211,1.0403911374569006,0.040391137456900594,0.003740346249313708,1.5790258451772294,0.027768419005925627,-0.11298235470750313,2,2
581,0.5810000000000004,ramp,58.1,2.781547098738482,0.00756252988845274,1.0404778410738498,0.040477841073849774,0.007156857357555189,1.5861827025347845,0.02783760643320138,-0.4056725308975509,2,2
582,0.5820000000000004,ramp,58.2,2.785419939575493,0.0038728408370110046,1.0405060371295125,0.04050603712951251,0.003759769885842678,1.5899424724206273,0.027907290446903953,-0.11307095116832666,2,2
583,0.5830000000000004,ramp,58.3,2.7929996551364162,0.007579715560923184,1.0405925643314609,0.040592564331460856,0.007175064118675579,1.5971175365393029,0.027976634796048526,-0.40465144224760463,2,2
584,0.5840000000000004,ramp,58.4,2.79689202568005,0.003892370543633561,1.0406208055358226,0.04062080553582259,0.0037792130406281432,1.600896749579931,0.028046475335498845,-0.11315750300541771,2,2
585,0.5850000000000004,ramp,58.5,2.804488910375396,0.007596884695346251,1.0407071568405075,0.04070715684050752,0.007193252066455339,1.6080900016463864,0.02811597642705084,-0.40363262889091167,2,2
586,0.5860000000000004,ramp,58.6,2.8084008279456043,0.0039119175702082565,1.0407354428485107,0.04073544284851072,0.003798675553654403,1.6118886772000407,0.0281859733113262,-0.11324201655385328,2,2
587,0.5870000000000004,ramp,58.7,2.81601486538767,0.00761403744206568,1.0408216187714774,0.040821618771477386,0.007211421361744613,1.6191000985617854,0.02825563096305781,-0.4026160803210664,2,2
588,0.5880000000000004,ramp,58.8,2.8199463471517214,0.003931481764051448,1.040849949239269,0.0408499492392691,0.003818157265865298,1.6229182558276507,0.02832578400848838,-0.1133244981861496,2,2
589,0.5890000000000004,ramp,58.9,2.8275775211022456,0.0076311739505241505,1.0409359502939048,0.040935950293904844,0.007229572164435832,1.6301478279920865,0.0283955980354224,-0.40160178608831826,2,2
590,0.5900000000000004,ramp,59.0,2.831528584075625,0.003951062973379216,1.0409643248788343,0.04096432487883428,0.0038376580191699775,1.6339854860112564,0.028465907055606685,-0.11340495420923821,2,2
591,0.5910000000000004,ramp,59.1,2.8391768784448086,0.007648294369183795,1.0410501515763546,0.04105015157635461,0.0072477046334584495,1.6412331906447148,0.028535877270040828,-0.400589735725345,2,2
592,0.5920000000000004,ramp,59.2,2.8431475394920707,0.00397066104726207,1.0410785699369722,0.04107856993697223,0.003857177656431863,1.6450903683011466,0.028606342075864905,-0.11348339083020646,2,2
593,0.5930000000000004,ramp,59.3,2.8508129383377674,0.007665398845696725,1.0411642227864444,0.04116422278644438,0.007265818926783755,1.6523561872279304,0.0286764682873878,-0.39957991891296973,2,2
594,0.5940000000000004,ramp,59.4,2.8548032141739226,0.003990275836155188,1.0411926845824737,0.041192684582473715,0.0038767160214667152,1.6562329032493972,0.02874708868704423,-0.11355981468847298,2,2
595,0.5950000000000004,ramp,59.5,2.862485701700588,0.007682487526665227,1.041278164090837,0.041278164090837066,0.007283915201439749,1.6635168184508369,0.028817370702556164,-0.3985723252254783,2,2
596,0.5960000000000004,ramp,59.6,2.8664956088915425,0.004009907190954731,1.0413066689831836,0.04130666898318358,0.0038962729590345797,1.6674130914098715,0.02888814650156459,-0.11363423192015153,2,2
597,0.5970000000000004,ramp,59.7,2.8741951694496564,0.007699560558113827,1.0413919756552719,0.04139197565527186,0.007301993613503275,1.6747150850233747,0.02895858412529322,-0.3975669446105523,2,2
598,0.5980000000000004,ramp,59.8,2.8782247244132635,0.004029554963607129,1.0414205233060432,0.04142052330604318,0.003915848314833317,1.6786309333382081,0.029029515126515908,-0.11370664877381233,2,2
599,0.5990000000000004,ramp,59.9,2.8859413424982003,0.007716618084936844,1.041505657644546,0.04150565764454606,0.007320054318119055,1.6859509876563272,0.029100108160040012,-0.3965637668177889,2,2
600,0.6000000000000004,ramp,60.0,2.8899905615054227,0.004049219007222327,1.0415342477170244,0.04153424771702441,0.003935441935497408,1.6898864295918246,0.029171194163703836,-0.11377707172491834,2,2
601,0.6010000000000004,ramp,60.1,2.897724221756677,0.007733660251254548,1.0416192102225277,0.04161921022252768,0.007338097469490534,1.697224527061315,0.029241942405967444,-0.3955627817640141,2,2
602,0.6020000000000004,ramp,60.2,2.9017931209323313,0.004068899175654117,1.0416478423812068,0.04164784238120678,0.003955053668595461,1.7011795807299106,0.029313183209685185,-0.11384550705865591,2,2
603,0.6030000000000004,ramp,60.3,2.909543808132515,0.00775068720018357,1.041732633552224,0.0417326335522239,0.007356123220890201,1.708535703950801,0.029384086457018954,-0.39456397929336917,2,2
604,0.6040000000000004,ramp,60.4,2.9136324034562184,0.004088595323703537,1.041761307462739,0.041761307462738984,0.003974683362618847,1.7125103873134198,0.02945548185580284,-0.11391196108468965,2,2
605,0.6050000000000004,ramp,60.5,2.9214001025304004,0.007767699074181955,1.0418459277956804,0.041845927795680415,0.0073741317246691475,1.719884519038089,0.02952653990194466,-0.39356734951280764,2,2
606,0.6060000000000004,ramp,60.6,2.9255084098374535,0.004108307307053138,1.0418746431248644,0.04187464312486444,0.0039943308669793415,1.7238788499050683,0.02959808968822504,-0.11397644007379686,2,2
607,0.6070000000000004,ramp,60.7,2.9332931058521883,0.007784696014734749,1.0419590931141043,0.041959093114104284,0.007392123132258576,1.731270973037327,0.02966930232433832,-0.3925728824761727,2,2
608,0.6080000000000004,ramp,60.8,2.937421140834581,0.00412803498239267,1.0419878495299721,0.04198784952997214,0.004013996032002921,1.73528496906933,0.029741006287988935,-0.114038950389749,2,2
609,0.6090000000000004,ramp,60.9,2.945222818997025,0.007801678162444148,1.042072129667793,0.04207212966779306,0.00741009759417107,1.742695066663501,0.02981237330267957,-0.39158056827307774,2,2
610,0.6100000000000004,ramp,61.0,2.9493705972042874,0.004147778207262309,1.0421009268395223,0.04210092683952227,0.004033678708925767,1.7467287453724267,0.029884231231030744,-0.11409949833654248,2,2
611,0.6110000000000004,ramp,61.1,2.9571892428613937,0.007818645657106327,1.0421850376161697,0.04218503761616965,0.007428055260013929,1.7541568006324406,0.029955752410366056,-0.3905903970923977,2,2
612,0.6120000000000004,ramp,61.2,2.9613567797013642,0.004167536839970509,1.0422138752141386,0.04221387521413855,0.004053378749895038,1.7582101793823357,0.03002776408822753,-0.11415809007547101,2,2
613,0.6130000000000004,ramp,61.3,2.969192378339137,0.007835598637772723,1.0422978171178374,0.04229781711783742,0.007445996278479563,1.7656561756608153,0.030099439215758937,-0.3896023592931596,2,2
614,0.6140000000000004,ramp,61.4,2.9733796890791857,0.004187310740048744,1.042326694813564,0.0423266948135641,0.004073096007950748,1.769729271668766,0.0301716044254362,-0.11421473209799644,2,2
615,0.6150000000000004,ramp,61.5,2.9812322263215503,0.007852537242364566,1.042410468330472,0.04241046833047202,0.007463920797371756,1.7771931924661377,0.030243433282214256,-0.38861644499280956,2,2
616,0.6160000000000004,ramp,61.6,2.9854393260891428,0.0042070997675924815,1.04243938579666,0.04243938579666007,0.004092830337035223,1.7812860228031728,0.030315751803526244,-0.11426943055725843,2,2
617,0.6170000000000004,ramp,61.7,2.9933087876974733,0.007869461608330575,1.0425229914109675,0.04252299141096749,0.007481828963585419,1.7887678517667582,0.030387734168122443,-0.3876326447451554,2,2
618,0.6180000000000004,ramp,61.8,2.9975356914812674,0.004226903783794089,1.0425519483214714,0.042551948321471356,0.00411258159197871,1.792880433358737,0.030460205778423316,-0.11432219181537959,2,2
619,0.6190000000000004,ramp,61.9,3.0054220633532482,0.007886371871980824,1.0426353865153344,0.042635386515334384,0.007499720923130659,1.8003801542818676,0.030532341426947034,-0.38665094885016477,2,2
620,0.6200000000000004,ramp,62.0,3.009668786003724,0.004246722650475654,1.0426643825452047,0.04266438254520466,0.004132349628501419,1.804512503910369,0.030604965901144705,-0.114373021974235,2,2
621,0.6210000000000004,ramp,62.1,3.0175720541726676,0.007903268168943711,1.0427476537987808,0.04274765379878076,0.007517596821129924,1.812030100731499,0.03067725460726389,-0.3856713478137871,2,2
622,0.6220000000000004,ramp,62.2,3.021838610403416,0.004266556230748453,1.0427766886242198,0.042776688624219794,0.004152134303202023,1.816182235034701,0.030750031717836593,-0.11442192754642938,2,2
623,0.6230000000000004,ramp,62.3,3.0297587610373156,0.007920150633899503,1.0428597934156856,0.042859793415685576,0.007535456801821429,1.8237176918365223,0.030822473252794087,-0.38469383207807417,2,2
624,0.6240000000000004,ramp,62.4,3.034045165425634,0.004286404388318399,1.0428888667140417,0.042888866714041685,0.00417193547355342,1.8278896273100758,0.030895402769811557,-0.11446891476497856,2,2
625,0.6250000000000004,ramp,62.5,3.0419821848264856,0.007937019400851675,1.042971805519591,0.0429718055195909,0.007553301008572687,1.8354429283186484,0.03096799690244626,-0.38371839227898785,2,2
626,0.6260000000000004,ramp,62.6,3.046288451814215,0.004306266987729401,1.0430009169694,0.043000916969399894,0.004191752997906688,1.8396346813165552,0.03104107859358698,-0.11451398982271349,2,2
627,0.6270000000000004,ramp,62.7,3.0542423264172305,0.007953874603015443,1.0430836902632983,0.04308369026329828,0.0075711295838658856,1.847205810900421,0.031113825090351353,-0.3827450191495572,2,2
628,0.6280000000000004,ramp,62.8,3.0585684703115676,0.004326143894337164,1.0431128395442109,0.04311283954421086,0.004211586735475942,1.851417397635897,0.031187058720924053,-0.1145571588612223,2,2
629,0.6290000000000004,ramp,62.9,3.066539186684251,0.007970716372683206,1.0431954477987426,0.043195447798742626,0.007588942669328063,1.859006340305225,0.031259957345903734,-0.3817737033551434,2,2
630,0.6300000000000004,ramp,63.0,3.070885221658852,0.004346034974600954,1.0432246345915972,0.0432246345915972,0.004231436546342759,1.8632377768515678,0.03133334267886039,-0.11459842825819501,2,2
631,0.6310000000000004,ramp,63.1,3.0788727665001767,0.007987544841324912,1.043307078277089,0.04330707827708902,0.007606740405708056,1.8708445172572759,0.031406393193792854,-0.3808044356168553,2,2
632,0.6320000000000005,ramp,63.2,3.0832387065959446,0.004365940095767851,1.0433363022638886,0.043336302263888626,0.00425130229144503,1.8750958195487208,0.031479929989752416,-0.11463780432282092,2,2
633,0.6330000000000005,ramp,63.3,3.091243066735501,0.008004360139556521,1.04341858184876,0.04341858184876002,0.007624522932910191,1.882720342481631,0.03155313215404439,-0.3798372066463303,2,2
634,0.6340000000000005,ramp,63.4,3.095628925861237,0.004385859125735969,1.0434478427126155,0.04344784271261548,0.004271183832566317,1.8869915263141974,0.03162682017131057,-0.11467529316965246,2,2
635,0.6350000000000005,ramp,63.5,3.103650088258647,0.00802116239741002,1.043529958663345,0.04352995866334508,0.007642290389980308,1.8946338167041776,0.03170017374205996,-0.37887200742971194,2,2
636,0.6360000000000005,ramp,63.6,3.1080558801921763,0.004405791933529191,1.0435592560885663,0.043559256088566256,0.004291081032345241,1.898924897736523,0.031774012736637956,-0.11471090118395001,2,2
637,0.6370000000000005,ramp,63.7,3.1160938319361833,0.00803795174400701,1.0436412088697096,0.04364120886970957,0.007660042915114403,1.9065849406516373,0.03184751746865013,-0.377908828892607,2,2
638,0.6380000000000005,ramp,63.8,3.120519570324829,0.004425738388645684,1.0436705425417163,0.04367054254171632,0.004310993754264426,1.9108959344059018,0.031921507194264884,-0.11474463438125755,2,2
639,0.6390000000000005,ramp,63.9,3.1285742986324463,0.008054728307617331,1.0437523326159501,0.04375233261595013,0.007677780645654556,1.9185737150515563,0.031995162840068724,-0.37694766196277524,2,2
640,0.6400000000000005,ramp,64.0,3.1330199969941246,0.004445698361678296,1.0437817022213234,0.04378170222132338,0.004330921862649847,1.9229046369142062,0.03206930304818789,-0.11477649902844923,2,2
641,0.6410000000000005,ramp,64.1,3.141091489209903,0.00807149221577852,1.0438633300494173,0.04386333004941734,0.007695503718107566,1.9306001406323139,0.0321431093580605,-0.37598849767095377,2,2
642,0.6420000000000005,ramp,64.2,3.145557160934124,0.004465671724220854,1.0438927352758747,0.04389273527587467,0.004350865222663506,1.9349510058549775,0.032217399797910704,-0.11480650155734802,2,2
643,0.6430000000000005,ramp,64.3,3.153645404529338,0.008088243595214095,1.0439742013166862,0.04397420131668617,0.0077132122681437005,1.9426642181231213,0.03229135651988802,-0.3750313270703947,2,2
644,0.6440000000000005,ramp,64.4,3.158131062877511,0.0044856583481731604,1.0440036418530898,0.0440036418530898,0.004370823700285674,1.947035041823407,0.032365796938468576,-0.11483464788748614,2,2
645,0.6450000000000005,ramp,64.5,3.1662360454494825,0.008104982571971231,1.0440849465636546,0.04408494656365458,0.007730906430607366,1.9547659482540145,0.03243990381837536,-0.37407614136386513,2,2
646,0.6460000000000005,ramp,64.6,3.1707417035561765,0.0045056581066940105,1.0441144221000163,0.04411442210001626,0.0043907971623304,1.959156745416345,0.032514493960482505,-0.11486094436361036,2,2
647,0.6470000000000005,ramp,64.7,3.1788634128272335,0.008121709271057043,1.0441955659354472,0.044195565935447156,0.007748586339507992,1.966905331755853,0.032588750741938184,-0.3731229315490506,2,2
648,0.6480000000000005,ramp,64.8,3.183389083700959,0.0045256708737255735,1.0442250761628917,0.04422507616289173,0.004410785476435411,1.9713161172322884,0.032663490350181394,-0.11488539729016291,2,2
649,0.6490000000000005,ramp,64.9,3.1915275075180816,0.008138423817122487,1.0443060595764957,0.04430605957649569,0.007766252128032741,1.9790823693603212,0.03273789677462657,-0.37217168908974546,2,2
650,0.6500000000000005,ramp,65.0,3.1960732040417046,0.004545696523623022,1.0443356041872842,0.04433560418728422,0.004430788511050382,1.9835131578713716,0.03281278558944708,-0.11490801257263948,2,2
651,0.6510000000000005,ramp,65.1,3.2042283303754253,0.00815512633372073,1.0444164276304961,0.044416427630496136,0.00778390392854993,1.9912970617999215,0.03288734139615855,-0.3712224051708006,2,2
652,0.6520000000000005,ramp,65.2,3.2087940653074734,0.004565734932048038,1.0444460063180365,0.044446006318036524,0.0044508061354497684,1.9957478679353713,0.032962379155849306,-0.11492879659826936,2,2
653,0.6530000000000005,ramp,65.3,3.2169658822512894,0.00817181694381608,1.0445266702404299,0.04452667024042989,0.007801541872609686,2.003549409807981,0.03303708408196218,-0.37027507120639297,2,2
654,0.6540000000000005,ramp,65.4,3.2215516682264473,0.004585785975157908,1.0445562826992496,0.044556282699249605,0.004470838219701931,2.008020248027683,0.03311227052267881,-0.11494775545597707,2,2
655,0.6550000000000005,ramp,65.5,3.229740163995812,0.008188495769364756,1.044636787548625,0.0446367875486251,0.007819166090956781,2.0158394141186395,0.03318712430319709,-0.3693296784079755,2,2
656,0.6560000000000005,ramp,65.6,3.2343460135258564,0.0046058495300442814,1.0446664334743885,0.04466643347438848,0.0044908846346878965,2.0203302987533274,0.03326245915898931,-0.1149648953563849,2,2
657,0.6570000000000005,ramp,65.7,3.2425511764576953,0.008205162931838927,1.0447467796966834,0.04474677969668339,0.007836776713534378,2.028167075466862,0.03333746152681256,-0.3683862183045498,2,2
658,0.6580000000000005,ramp,65.8,3.2471771019322815,0.004625925474586179,1.0447764587861559,0.04477645878615588,0.004510945252078855,2.032678020718941,0.03341294452963025,-0.11498022250732397,2,2
659,0.6590000000000005,ramp,65.9,3.25539892048415,0.00822181855186832,1.0448566468255136,0.0448566468255136,0.007854373869480518,2.0405323945884217,0.03348809521556659,-0.36744468238780226,2,2
660,0.6600000000000005,ramp,66.0,3.2600449341714124,0.004646013687262585,1.0448863587766084,0.044886358776608404,0.0045310199443484266,2.04506341453277,0.03356372609528196,-0.11499374291415801,2,2
661,0.6610000000000005,ramp,66.1,3.2682833969208467,0.008238462749434294,1.0449663890753773,0.04496638907537731,0.007871957687127184,2.0529353722198973,0.03363902482806881,-0.36650506230711044,2,2
662,0.6620000000000005,ramp,66.2,3.2729495109684663,0.0046661140476196294,1.0449961335871167,0.04499613358711674,0.004551108584769466,2.0574864808046667,0.033714803312496266,-0.11500546285016319,2,2
663,0.6630000000000005,ramp,66.3,3.2812046066119156,0.008255095643449284,1.0450760065858513,0.045076006585851314,0.00788952829402095,2.0653760090986877,0.03379024981881724,-0.36556734942833413,2,2
664,0.6640000000000005,ramp,66.4,3.285890833047711,0.004686226435795415,1.0451057833583675,0.04510578335836746,0.004571211047387292,2.069947220146075,0.033866175633727916,-0.11501538840812293,2,2
665,0.6650000000000005,ramp,66.5,3.294162550400187,0.008271717352475783,1.0451854994958214,0.0451854994958214,0.00790708581691504,2.0778543059629904,0.03394176963823149,-0.36463153556074224,2,2
666,0.6660000000000005,ramp,66.6,3.2988689011329178,0.004706350732730957,1.0452153082303821,0.04521530823038211,0.004591327207037899,2.0824456331700283,0.034017842507373296,-0.11502352569305821,2,2
667,0.6670000000000005,ramp,66.7,3.3071572291270757,0.008288327994157907,1.045294867943571,0.04529486794357096,0.00792463038178951,2.0903702635518178,0.03409358373268881,-0.3636976123683969,2,2
668,0.6680000000000005,ramp,66.8,3.311883715947232,0.004726486820156417,1.0453247083425414,0.04532470834254143,0.004611456939328145,2.094981720491146,0.03416980337780833,-0.1150298808282723,2,2
669,0.6690000000000005,ramp,66.9,3.320188643632572,0.008304927685339969,1.0454041120666724,0.045404112066672386,0.007942162113833733,2.10292388260498,0.03424569154456555,-0.3627655715062357,2,2
670,0.6700000000000005,ramp,67.0,3.3249352782132053,0.004746634580633291,1.045433983833534,0.04543398383353403,0.004631600120641549,2.1075554827256213,0.03432205768541451,-0.11503445999174171,2,2
671,0.6710000000000005,ramp,67.1,3.3332567947555845,0.008321516542379115,1.04551323200209,0.0455132320020899,0.007959681137460033,2.115515163863081,0.0343980925122637,-0.3618354049190822,2,2
672,0.6720000000000005,ramp,67.2,3.338023588652921,0.004766793897336363,1.045543134841442,0.0455431348414419,0.00465175662814437,2.1201669204912257,0.034474604866631176,-0.11503726919199347,2,2
673,0.6730000000000005,ramp,67.3,3.346361683333451,0.008338094680530261,1.0456222278861584,0.04562222788615844,0.00797718757630601,2.1281441080675316,0.03455078607025272,-0.3609071042242513,2,2
674,0.6740000000000005,ramp,67.4,3.3511486479877703,0.00478696465431927,1.045652161503674,0.045652161503674016,0.004671926339751431,2.132816034407283,0.034627444353971436,-0.11503831456783925,2,2
675,0.6750000000000005,ramp,67.5,3.359503310202525,0.008354662214754782,1.0457310998545424,0.04573109985454238,0.007994681553258703,2.1408107159605416,0.034703771649108206,-0.35998066149607943,2,2
676,0.6760000000000005,ramp,67.6,3.364310456938963,0.004807146736437673,1.0457610639570372,0.04576106395703716,0.004692109134136885,2.1455028250946784,0.034780575576074904,-0.11503760230078836,2,2
677,0.6770000000000005,ramp,67.7,3.37268167619791,0.008371219258947349,1.045839848042328,0.0458398480423281,0.008012163190421393,2.1535149882851,0.034857048675533825,-0.3590560685259557,2,2
678,0.6780000000000005,ramp,67.8,3.3775090162270214,0.004827340029111227,1.0458698423376698,0.045869842337669775,0.004712304890749152,2.158227293175849,0.0349339979577302,-0.11503513836207471,2,2
679,0.6790000000000005,ramp,67.9,3.3858967821535724,0.008387765926550994,1.0459484725839179,0.045948472583917876,0.008029632609146919,2.166256925784996,0.035010616572409184,-0.3581333174040753,2,2
680,0.6800000000000005,ramp,68.0,3.3907443265721358,0.004847544418563388,1.0459784967811583,0.045978496781158285,0.004732513489777796,2.170989439274774,0.035087710919919725,-0.1150309287855913,2,2
681,0.6810000000000005,ramp,68.1,3.399148628902257,0.00840430233012146,1.0460569736131906,0.04605697361319061,0.008047089930029196,2.179036529204803,0.035164474758823894,-0.35721240009226396,2,2
682,0.6820000000000005,ramp,68.2,3.4040163886941253,0.004867759791868043,1.0460870274223828,0.0460870274223828,0.004752734812162419,2.1837892640169656,0.035241713879847196,-0.11502497970562395,2,2
683,0.6830000000000005,ramp,68.3,3.412437217275731,0.008420828581605644,1.0461653512633502,0.046165351263350196,0.008064535272916359,2.191853799289882,0.035318622650108544,-0.35629330868928477,2,2
684,0.6840000000000005,ramp,68.4,3.4173252033126085,0.004887986036877567,1.0461954343956992,0.046195434395699175,0.004772968739589915,2.1966267680294718,0.03539600625097761,-0.1150172972876522,2,2
685,0.6850000000000005,ramp,68.5,3.425762548104728,0.00843734479211955,1.0462736056670083,0.04627360566700833,0.00808196875689674,2.2047087367863685,0.03547305965786457,-0.35537603522281,2,2
686,0.6860000000000005,ramp,68.6,3.4306707711465876,0.004908223041859561,1.0463037178347998,0.04630371783479981,0.004793215154488085,2.2095019519408567,0.03555058744307095,-0.11500788737147608,2,2
687,0.6870000000000005,ramp,68.7,3.4391246222189737,0.008453851072386165,1.0463817369562156,0.04638173695621561,0.008099390500328268,2.217601342441185,0.035627785190010273,-0.3544605720578967,2,2
688,0.6880000000000005,ramp,68.8,3.4440530929151643,0.004928470696190512,1.046411877872817,0.04641187787281709,0.00481347394001906,2.222414816381204,0.03570545686221414,-0.11499675617145186,2,2
689,0.6890000000000005,ramp,68.9,3.4525234404470666,0.008470347531902345,1.0464897452624,0.04648974526240002,0.008116800620823967,2.230531617002028,0.03578279865081441,-0.3535469110783774,2,2
690,0.6900000000000005,ramp,69.0,3.4574721693367176,0.004948728889651033,1.0465199146422623,0.04651991464226235,0.004833744980077746,2.235365361982106,0.03586061391085734,-0.11498390957328727,2,2
691,0.6910000000000005,ramp,69.1,3.46595900361692,0.008486834280202249,1.0465976307164346,0.046597630716434635,0.008134199235255248,2.243499561217361,0.03593809944091578,-0.35263504494700143,2,2
692,0.6920000000000005,ramp,69.2,3.4709280011299946,0.004968997513074669,1.04662782827512,0.04662782827512002,0.004854028159291981,2.248353589376653,0.036016057987850014,-0.11496935378268752,2,2
693,0.6930000000000005,ramp,69.3,3.4794313125553185,0.0085033114253239,1.0467053934486015,0.04670539344860147,0.008151586459770117,2.2565051758364234,0.03609368695737955,-0.3517249655537839,2,2
694,0.6940000000000005,ramp,69.4,3.4844205890130078,0.004989276457689318,1.0467356189027197,0.04673561890271971,0.004874323363015997,2.2613794991994394,0.03617178848847563,-0.1149530946733205,2,2
695,0.6950000000000005,ramp,69.5,3.49294036808839,0.00851977907538215,1.0468130335886083,0.04681303358860833,0.008168962409778241,2.2695484616092174,0.03624956059371015,-0.3508166656039091,2,2
696,0.6960000000000005,ramp,69.6,3.497949933703949,0.005009565615559097,1.0468432866558601,0.04684328665586013,0.004894630477315851,2.2744430920865333,0.03632780480448102,-0.11493513824324587,2,2
697,0.6970000000000005,ramp,69.7,3.506486171041148,0.008536237337199104,1.0469205512656183,0.04692055126561834,0.008186327199982408,2.2826294192865157,0.036405719739904176,-0.3499101372166965,2,2
698,0.6980000000000005,ramp,69.8,3.5115160359207245,0.005029864879576351,1.0469508316647889,0.04695083166478886,0.004914949388980806,2.2875443686754964,0.03648410632411557,-0.11491549059554525,2,2
699,0.6990000000000005,ramp,69.9,3.5200687222380793,0.00855268631735484,1.0470279466082142,0.04702794660821419,0.008203680944346646,2.295748049619843,0.03656216378246991,-0.34900537300819495,2,2
700,0.7000000000000005,ramp,70.0,3.525118896381131,0.0050501741430517555,1.0470582540591549,0.04705825405915487,0.004935279985512708,2.3006833296053557,0.03664069243215972,-0.1148941575390477,2,2
701,0.7010000000000005,ramp,70.1,3.5336880225027407,0.00856912612160965,1.0471352197444321,0.04713521974443213,0.008221023756129476,2.308904353361485,0.03671889210447089,-0.3481023654801733,2,2
702,0.7020000000000005,ramp,70.2,3.53875851580313,0.005070493300389334,1.047165553968097,0.047165553968097074,0.004955622155122644,2.313859975516608,0.03679756250996487,-0.11487114526669007,2,2
703,0.7030000000000005,ramp,70.3,3.547344072657932,0.00858555685480189,1.0472423708017848,0.04724237080178484,0.008238355747876893,2.3220983312644847,0.036875904085551414,-0.3472011069249967,2,2
704,0.7040000000000005,ramp,70.4,3.552434894904292,0.005090822246359927,1.0472727315201542,0.04727273152015421,0.00497597578672257,2.327074307051207,0.03695471593548857,-0.11484645963735773,2,2
705,0.7050000000000005,ramp,70.5,3.561036873525876,0.008601978621584294,1.0473493999072196,0.04734939990721965,0.008255677031419772,2.335329984082627,0.03703319910197956,-0.34630159016452167,2,2
706,0.7060000000000005,ramp,70.6,3.56614803440249,0.005111160876613674,1.0473797868433512,0.0473797868433512,0.00499634076993149,2.3403263248525588,0.0371121520833144,-0.11482010668218377,2,2
707,0.7070000000000005,ramp,70.7,3.5747664259279146,0.008618391525424762,1.0474563071871281,0.04745630718712812,0.008272987717893468,2.3485993125704523,0.0371907765266722,-0.3454038075312946,2,2
708,0.7080000000000005,ramp,70.8,3.579897935015238,0.005131509087323405,1.0474867200651803,0.04748672006518029,0.00501671699506148,2.3536160295655137,0.037269870324701096,-0.11479209226192451,2,2
709,0.7090000000000005,ramp,70.9,3.5885327306849977,0.008634795669759665,1.047563092767432,0.04756309276743198,0.008290287917725854,2.3619063174832395,0.03734863572923121,-0.34450775203381107,2,2
710,0.7100000000000005,ramp,71.0,3.5936845974604967,0.005151866775499059,1.0475935313125635,0.0475935313125635,0.005037104353124921,2.3669434218363645,0.03742787002761127,-0.11476242237413742,2,2
711,0.7110000000000005,ramp,71.1,3.6023357886172116,0.008651191156714866,1.0476697567734745,0.047669756773474514,0.00830757774064265,2.3752509995770072,0.03750677607598089,-0.3436134160722162,2,2
712,0.7120000000000005,ramp,71.2,3.607508022455966,0.005172233838754536,1.047700220711962,0.047700220711961894,0.005057502735826448,2.380308502312834,0.03758615055673547,-0.11473110292808865,2,2
713,0.7130000000000005,ramp,71.3,3.6161756005441816,0.0086675780882155,1.0477762993300956,0.04777629933009564,0.008324857295678983,2.3886333596085128,0.03766519692999376,-0.34272079253651677,2,2
714,0.7140000000000005,ramp,71.4,3.6213682107196283,0.005192610175446699,1.0478067883892477,0.04780678838924768,0.005077912035541842,2.3937112716440545,0.03774471127353678,-0.11469813990485754,2,2
715,0.7150000000000005,ramp,71.5,3.6300521672850676,0.0086839565654393,1.0478827205616328,0.047882720561632786,0.008342126691197018,2.4020533983352514,0.03782389765112731,-0.34182987424228106,2,2
716,0.7160000000000005,ramp,71.6,3.6352651629695067,0.0052129956844391145,1.047913234469822,0.0479132344698221,0.005098332145332298,2.407151730480584,0.03790355153628181,-0.11466353910681656,2,2
717,0.7170000000000005,ramp,71.7,3.6439654896582736,0.008700326688766857,1.047989020591904,0.04798902059190402,0.008359386034852324,2.4155111165154364,0.03798287759605978,-0.34094065391453326,2,2
718,0.7180000000000005,ramp,71.8,3.649198879923773,0.005233390265499516,1.048019559078527,0.04801955907852706,0.005118762958956729,2.4206298794743932,0.03806267070006434,-0.11462730654278677,2,2
719,0.7190000000000005,ramp,71.9,3.6579155684818563,0.008716688558083163,1.0480951995442238,0.04809519954422381,0.008376635433623238,2.4290065149080164,0.03814213611831146,-0.34005312445992486,2,2
720,0.7200000000000005,ramp,72.0,3.663169362300864,0.005253793819007591,1.0481257623397657,0.04812576233976573,0.005139204370826075,2.4341457192788427,0.03822206811685076,-0.11458944818151534,2,2
721,0.7210000000000005,ramp,72.1,3.6719024045733226,0.008733042272458746,1.0482012575414053,0.04820125754140525,0.008393874993815966,2.4425395942726587,0.038301672568295635,-0.3391672786427803,2,2
722,0.7220000000000005,ramp,72.2,3.6771766108191795,0.005274206245856838,1.0482318443773833,0.04823184437738326,0.00515965627603485,2.4476992505486934,0.038381743135504694,-0.11454996982198859,2,2
723,0.7230000000000005,ramp,72.3,3.6859259987498882,0.008749387930708785,1.0483071947058,0.04830719470580003,0.00841110482105713,2.4561103553697508,0.0384614862933361,-0.3382831096516558,2,2
724,0.7240000000000005,ramp,72.4,3.691220626197374,0.005294627447485656,1.0483378053147607,0.04833780531476073,0.005180118570337963,2.461290473940089,0.0385416951018166,-0.11450887714769316,2,2
725,0.7250000000000005,ramp,72.5,3.6999863518282075,0.008765725630833554,1.048413011159216,0.048413011159216035,0.008428325020298876,2.469718798960388,0.03862157663770026,-0.33740061053467824,2,2
726,0.7260000000000005,ramp,72.6,3.7053014091547443,0.0053150573265368095,1.048443645274774,0.04844364527477407,0.005200591150161703,2.4749193901105495,0.03870192335854684,-0.11446617637510692,2,2
727,0.7270000000000005,ramp,72.7,3.714083464624529,0.008782055469784833,1.0485187070230284,0.04851870702302841,0.00844553569583761,2.483364925806387,0.03878194294263814,-0.33651977394722266,2,2
728,0.7280000000000005,ramp,72.8,3.7194189604103545,0.005335495785825373,1.0485493643798294,0.048549364379829374,0.00522107391258659,2.4885859997189734,0.03886242724544484,-0.11442187323878246,2,2
729,0.7290000000000005,ramp,72.9,3.728217337954958,0.008798377544603664,1.048624282418088,0.04862428241808803,0.008462736951285606,2.497048736670259,0.03894258454641245,-0.3356405933180578,2,2
730,0.7300000000000005,ramp,73.0,3.7335732806837516,0.0053559427287934724,1.0486549627518345,0.04865496275183445,0.0052415667553584264,2.5022903034256174,0.03902320609928858,-0.114375973435046,2,2
731,0.7310000000000005,ramp,73.1,3.742387972634945,0.008814691951193332,1.0487297374648534,0.04872973746485343,0.008479928889609412,2.510770232315227,0.03910350078432595,-0.33476306158392033,2,2
732,0.7320000000000005,ramp,73.2,3.7477643706948998,0.005376398059954823,1.0487604405122302,0.04876044051223016,0.005262069576867681,2.5160323018920945,0.03918425925391975,-0.11432848308714268,2,2
733,0.7330000000000005,ramp,73.3,3.7565953694799044,0.008830998785004596,1.0488350722832107,0.04883507228321071,0.00849711161311347,2.524529413505208,0.03926469098875696,-0.33388717189112604,2,2
734,0.7340000000000005,ramp,73.4,3.761992231163774,0.005396861683869769,1.048865797781984,0.048865797781983966,0.005282582276160441,2.5298119957813685,0.03934558604026592,-0.11427940770932822,2,2
735,0.7350000000000005,ramp,73.5,3.7708395293048564,0.008847298141082316,1.0489402869926525,0.048940286992652515,0.008514285223445953,2.5383262810048146,0.039426154489187425,-0.3330129176363633,2,2
736,0.7360000000000005,ramp,73.6,3.7762568628112403,0.005417333506383848,1.0489710346816057,0.048971034681605685,0.005303104752922029,2.5436293857577366,0.03950718578637417,-0.11422875346181904,2,2
737,0.7370000000000005,ramp,73.7,3.785120452924553,0.008863590113312725,1.049045381712217,0.04904538171221695,0.008531449821620598,2.552160835579357,0.03958789061224251,-0.3321402916921269,2,2
738,0.7380000000000005,ramp,73.8,3.7905582663578903,0.0054378134333372685,1.0490761513311444,0.0490761513311444,0.005323636907477645,2.5574844724868346,0.03966905781745054,-0.11417652585962376,2,2
739,0.7390000000000005,ramp,73.9,3.799438141153615,0.008879874795724607,1.0491503565604516,0.049150356560451636,0.008548605507989068,2.5660330779948235,0.039749898681711644,-0.3312692877355389,2,2
740,0.7400000000000005,ramp,74.0,3.80489644252539,0.005458301371775054,1.0491811478501842,0.04918114785018424,0.005344178640801946,2.5713772566356257,0.03983120145587829,-0.11412273097310792,2,2
741,0.7410000000000005,ramp,74.1,3.813792594806423,0.008896152281033132,1.0492552116554794,0.049255211655479414,0.008565752382262957,2.5799430090178888,0.03991217801858845,-0.3303998987701749,2,2
742,0.7420000000000005,ramp,74.2,3.8192713920352075,0.0054787972287844156,1.0492860243578719,0.04928602435787188,0.00536472985450274,2.5853077388723915,0.03999361602126706,-0.11406737428167578,2,2
743,0.7430000000000005,ramp,74.3,3.828183814697077,0.008912422661869535,1.049359947114951,0.049359947114951064,0.008582890543515301,2.593890629415907,0.04007472794108831,-0.3295321183542331,2,2
744,0.7440000000000005,ramp,74.4,3.8336831156096696,0.005499300912592542,1.0493907809728884,0.049390780972888404,0.005385290450805958,2.599275919866713,0.04015630083045929,-0.11401046178658412,2,2
745,0.7450000000000006,ramp,74.5,3.842611801639671,0.008928686030001298,1.0494645630561288,0.049464563056128785,0.008600020090191297,2.6078759399569043,0.040237547764697366,-0.3286659398100012,2,2
746,0.7460000000000006,ramp,74.6,3.8481316139714834,0.005519812331812535,1.0494954178134983,0.04949541781349831,0.005405860332583805,2.613281800289488,0.040319255197579326,-0.11395199922872942,2,2
747,0.7470000000000006,ramp,74.7,3.857076556447998,0.008944942476514672,1.0495690595958027,0.04956905959580271,0.008617141120090367,2.6218989414095786,0.04040063680218881,-0.3278013564243058,2,2
748,0.7480000000000006,ramp,74.8,3.8626168878436706,0.00554033139567256,1.0495999349975105,0.049599934997510475,0.0054264394033239766,2.6273253808129025,0.040482478434065314,-0.11389199234858316,2,2
749,0.7490000000000006,ramp,74.9,3.8715780799359996,0.008961192092328929,1.0496734368503409,0.04967343685034087,0.008634253730389282,2.635959634543292,0.04056399436365997,-0.3269383619396472,2,2
750,0.7500000000000006,ramp,75.0,3.8771389379500176,0.005560858014018066,1.0497043326423152,0.04970433264231522,0.0054470275671396244,2.6414066621104313,0.04064596984868452,-0.11383044687844189,2,2
751,0.7510000000000006,ramp,75.1,3.8861163729173347,0.008977434967317066,1.0497776949356932,0.04977769493569317,0.008651358017640356,2.6500580201280717,0.040727619756559634,-0.3260769496767103,2,2
752,0.7520000000000006,ramp,75.2,3.891697765014679,0.005581392097344207,1.0498086108648599,0.04980861086485988,0.0054676247287538905,2.6555256448568256,0.04080972874757646,-0.11376736859031611,2,2
753,0.7530000000000006,ramp,75.3,3.900691436205684,0.008993671191005248,1.0498818339673999,0.04988183396739987,0.008668454077773124,2.664194098934599,0.040891512285723575,-0.3252171132321242,2,2
754,0.7540000000000006,ramp,75.4,3.906293369762416,0.005601933556731886,1.0499127697816815,0.049912769781681465,0.005488230793514369,2.669682329728113,0.040973754434277226,-0.11370276321751721,2,2
755,0.7550000000000006,ramp,75.5,3.9153032706146766,0.00900990085226061,1.049985854060541,0.0499858540605409,0.008685542006099231,2.6783678717342125,0.04105567125339852,-0.3243588461613791,2,2
756,0.7560000000000006,ramp,75.6,3.920925752918563,0.0056224823038864,1.0500168095088833,0.05001680950888332,0.005508845667369663,2.6838767174015823,0.04113804620975007,-0.11363663651673718,2,2
757,0.7570000000000006,ramp,75.7,3.929951876957878,0.009026124039314798,1.0500897553298374,0.05008975532983739,0.00870262189731342,2.692579339298896,0.04122009595926851,-0.3235021420013775,2,2
758,0.7580000000000006,ramp,75.8,3.935594915208895,0.005643038251017085,1.0501207301622002,0.0501207301622002,0.005529469256887941,2.698108808555784,0.041302603372419665,-0.1135689941291441,2,2
759,0.7590000000000006,ramp,75.9,3.944637256049047,0.009042340840152097,1.050193537889571,0.05019353788957104,0.00871969384549048,2.7068285024012746,0.04138478570050089,-0.3226469946616163,2,2
760,0.7600000000000006,ramp,76.0,3.9503008573600367,0.005663601310989641,1.050224531856883,0.050224531856883026,0.0055501014692346095,2.7123786038705093,0.041467425218193896,-0.11349984175503154,2,2
761,0.7610000000000006,ramp,76.1,3.9593594087017934,0.009058551341756704,1.0502972018536365,0.05029720185363651,0.008736757944111684,2.721115361814621,0.04154973977175771,-0.32179339764502013,2,2
762,0.7620000000000006,ramp,76.2,3.965043580099156,0.005684171397362547,1.0503282147078288,0.05032821470782878,0.005570742212174847,2.726686104026796,0.04163251104050279,-0.1134291851877002,2,2
763,0.7630000000000006,ramp,76.3,3.974118335729917,0.0090747556307611,1.0504007473355148,0.050400747335514806,0.00875381428604338,2.7354399183128395,0.041714957465233564,-0.32094134471771957,2,2
764,0.7640000000000006,ramp,76.4,3.9798230841538764,0.005704748423959405,1.0504317788295359,0.05043177882953587,0.005591391394076431,2.741031309706916,0.041797860130315334,-0.11335702988297426,2,2
765,0.7650000000000006,ramp,76.5,3.988914037947053,0.009090953793176482,1.0505041744482937,0.05050417444829369,0.008770862963542824,2.749802172670459,0.041880438070688725,-0.3200908296336572,2,2
766,0.7660000000000006,ramp,76.6,3.994639370252804,0.0057253323057508965,1.0505352243360848,0.050535224336084816,0.005612048923905008,2.755414221594364,0.04196347177618514,-0.11328338184588872,2,2
767,0.7670000000000006,ramp,76.7,4.003746516167252,0.009107145914447834,1.0506074833047245,0.05060748330472453,0.008787904068287111,2.7642021256626514,0.042046180875468936,-0.3192418461607227,2,2
768,0.7680000000000006,ramp,76.8,4.0094924391250455,0.005745922957793859,1.0506385513411556,0.05063855134115558,0.0056327147111949315,2.7698348403738464,0.04212934526426269,-0.1132082465989271,2,2
769,0.7690000000000006,ramp,76.9,4.018615771204576,0.009123332079530755,1.0507106740170733,0.0507106740170733,0.00880493769134943,2.778639778065196,0.04221218516454058,-0.31839438818132526,2,2
770,0.7700000000000006,ramp,77.0,4.024382291246249,0.0057665200416723295,1.0507417599166122,0.05074175991661223,0.00565338867511505,2.784293166740311,0.04229548093903098,-0.11313136655727914,2,2
771,0.7710000000000006,ramp,77.1,4.03352180431173,0.009139513065480998,1.0508137466644556,0.050813746664455595,0.008821964571980097,2.793115131312291,0.042378449472311217,-0.3175484935009007,2,2
772,0.7720000000000006,ramp,77.2,4.039308927244508,0.005787122932778388,1.050844850212781,0.050844850212780957,0.005674069722198068,2.7987892010344892,0.04246187564905871,-0.11305321058031978,2,2
773,0.7730000000000006,ramp,77.3,4.048464615918912,0.009155688674404416,1.050916701392191,0.050916701392190955,0.008838984537921353,2.8076281855724106,0.04254497420393245,-0.31670413648306367,2,2
774,0.7740000000000006,ramp,77.4,4.054272348115547,0.005807732196634774,1.050947822345412,0.050947822345412064,0.00569475862115591,2.8133229441935663,0.042628530097150875,-0.11297357547886393,2,2
775,0.7750000000000006,ramp,77.5,4.063444206808299,0.009171858692751833,1.0510195383110077,0.051019538311007695,0.008855997399646279,2.822178941593213,0.0427117583513532,-0.31586129310555433,2,2
776,0.7760000000000006,ramp,77.6,4.069272554639661,0.005828347831362102,1.0510506764272514,0.05105067642725136,0.005715455359361911,2.827894396952575,0.04279544353976743,-0.11289247200019052,2,2
777,0.7770000000000006,ramp,77.7,4.078460577783179,0.009188023143518187,1.0511222575315755,0.05112225753157551,0.00887300318985748,2.8367674001424326,0.0428788011444553,-0.3150199536607074,2,2
778,0.7780000000000006,ramp,77.8,4.084309547568217,0.005848969785037461,1.0511534125702835,0.051153412570283496,0.005736159877484377,2.842503560019917,0.04296261524203645,-0.11280990755308407,2,2
779,0.7790000000000006,ramp,77.9,4.093513729653434,0.00920418208521756,1.051224859164242,0.05122485916424191,0.008890001974205653,2.8513935619941226,0.043046101839770104,-0.31418011101190696,2,2
780,0.7800000000000006,ramp,78.0,4.099383327644256,0.005869597990821873,1.0512560308860386,0.051256030886038584,0.005756872102225846,2.8571504340963485,0.0431300444709383,-0.11272588859602677,2,2
781,0.7810000000000006,ramp,78.1,4.1086036632312855,0.009220335587029282,1.0513273433190686,0.05132734331906863,0.008906993828874521,2.866057427925223,0.043213659700163984,-0.3133417581547612,2,2
782,0.7820000000000006,ramp,78.2,4.114493895607525,0.005890232376239979,1.0513585314856293,0.0513585314856293,0.005777591954768757,2.871835019879992,0.043297730493204095,-0.11264042147122229,2,2
783,0.7830000000000006,ramp,78.3,4.123730379330841,0.009236483723315203,1.0514297101057348,0.05142971010573483,0.008923978834382054,2.880758998714374,0.04338147398985312,-0.3125048889331492,2,2
784,0.7840000000000006,ramp,78.4,4.129641252196358,0.0059108728655177245,1.051460914479805,0.05146091447980505,0.005798319353828107,2.8865573180682023,0.04346567257448048,-0.11255351168961737,2,2
785,0.7850000000000006,ramp,78.5,4.138893878766798,0.009252626570440015,1.0515319596336439,0.051531959633643876,0.00894095707316489,2.8954982751413674,0.043549543972652746,-0.3116694972751244,2,2
786,0.7860000000000006,ramp,78.6,4.144825398149091,0.005931519382292194,1.0515631799789205,0.05156317997892046,0.005819054217036336,2.901317329358404,0.04363386997892705,-0.11246516525585844,2,2
787,0.7870000000000006,ramp,78.7,4.154094162354845,0.009268764205754287,1.0516340920117888,0.05163409201178881,0.008957928628503784,2.910275257986908,0.043717868911241436,-0.3108355772505032,2,2
788,0.7880000000000006,ramp,78.8,4.1600463342042815,0.005952171849436638,1.0516653280929782,0.05166532809297819,0.005839796461611947,2.91611505444852,0.04380232196901568,-0.11237538782469125,2,2
789,0.7890000000000006,ramp,78.9,4.16933123091078,0.009284896706498458,1.0517361073488527,0.0517361073488527,0.00897489358392945,2.9250899480324493,0.043886448066788736,-0.3100031225690084,2,2
790,0.7900000000000006,ramp,79.0,4.175304061100567,0.005972830189787004,1.0517673589316507,0.05176735893165074,0.005860546004741572,2.930950494037191,0.04397102780542104,-0.11228418504543192,2,2
791,0.7910000000000006,ramp,79.1,4.184605085251324,0.009301024150756732,1.0518380057531829,0.05183800575318287,0.008991852022957979,2.939942346060149,0.04405528069879537,-0.3091721277987524,2,2
792,0.7920000000000006,ramp,79.2,4.190598579577353,0.005993494326029136,1.051869272604228,0.05186927260422802,0.005881302763752648,2.9458236488239016,0.044139986746968556,-0.11219156227648859,2,2
793,0.7930000000000006,ramp,79.3,4.1999157261933036,0.009317146615950733,1.0519397873327738,0.051939787332773824,0.009008804028894679,2.9548324528527963,0.04422436606496824,-0.30834258705605444,2,2
794,0.7940000000000006,ramp,79.4,4.205929890374955,0.006014164181651793,1.051971069219686,0.05197106921968597,0.005902066656280144,2.9607345195090766,0.044309198050602225,-0.1120975253716492,2,2
795,0.7950000000000006,ramp,79.5,4.215263154553987,0.009333264179031353,1.0520414521952857,0.052041452195285665,0.009025749684709454,2.969760269193786,0.044393703421189847,-0.3075144943218994,2,2
796,0.7960000000000006,ramp,79.6,4.22129799423412,0.006034839680133075,1.0520727488866657,0.05207274888666569,0.005922837600308268,2.975683106794094,0.04447866097137947,-0.11200207982480728,2,2
797,0.7970000000000006,ramp,79.7,4.230647371151425,0.00934937691730564,1.0521430004480807,0.052143000448080734,0.009042689073006534,2.9847257958671007,0.044563292021487115,-0.3066878442991062,2,2
798,0.7980000000000006,ramp,79.8,4.236702891896734,0.006055520745309018,1.0521743117134423,0.052174311713442334,0.005943615514261137,2.990669411381362,0.044648374762461376,-0.11190523104788029,2,2
799,0.7990000000000006,ramp,79.9,4.246068376803695,0.009365484906960653,1.0522444321981592,0.05224443219815922,0.00905962227592118,2.999729033657283,0.044733131118017445,-0.3058626310394729,2,2
800,0.8000000000000006,ramp,80.0,4.252144584105164,0.006076207301468628,1.052275757808001,0.05227575780800109,0.005964400317014147,3.0056934339742973,0.04481833867513467,-0.11180698445448135,2,2
801,0.8010000000000006,ramp,80.1,4.2615261723294955,0.009381588224331772,1.0523457475522189,0.05234574755221888,0.00907654937514126,3.0147699833494386,0.04490321996109308,-0.30503884919051183,2,2
802,0.8020000000000006,ramp,80.2,4.2676230716032455,0.006096899273750012,1.0523770872779579,0.05237708727795787,0.005985191927913192,3.0207551752773516,0.04498855195881214,-0.1117073458368192,2,2
803,0.8030000000000006,ramp,80.3,4.27702075854797,0.009397686944724093,1.052446946616599,0.0524469466165991,0.00909347045187102,3.0298486457292224,0.04507355779916581,-0.3042164928530721,2,2
804,0.8040000000000006,ramp,80.4,4.283138355135236,0.006117596587266405,1.052478300230634,0.052478300230633934,0.006005990266788427,3.035854635996011,0.0451590138610534,-0.1116063204779777,2,2
805,0.8050000000000006,ramp,80.5,4.29255213627865,0.00941378114341429,1.0525480294974034,0.05254802949740345,0.009110385586811374,3.0449650215828226,0.04524414387885132,-0.3033955566029162,2,2
806,0.8060000000000006,ramp,80.6,4.298690435446545,0.006138299167894878,1.0525793967730466,0.05257939677304657,0.006026795253976322,3.050991816836799,0.04532972362758569,-0.11150391391855606,2,2
807,0.8070000000000006,ramp,80.7,4.308120306341637,0.009429870895091952,1.0526489963003458,0.05264899630034581,0.009127294860167235,3.060119111696966,0.04541497744494859,-0.30257603492471646,2,2
808,0.8080000000000006,ramp,80.8,4.3142793132834605,0.006159006941823364,1.0526803770118638,0.05268037701186379,0.006047606810312974,3.066166718507279,0.045500680502320805,-0.11140013151038959,2,2
809,0.8090000000000006,ramp,80.9,4.323725269557496,0.009445956274035439,1.0527498471308716,0.05274984713087161,0.009144198351622864,3.0753109168589017,0.045586057740456466,-0.3017579224125749,2,2
810,0.8100000000000006,ramp,81.0,4.329904989393434,0.006179719835937902,1.0527812410534516,0.05278124105345161,0.006068424857144244,3.0813793417160458,0.04567188372737127,-0.1112949787936586,2,2
811,0.8110000000000006,ramp,81.1,4.3393670267474125,0.009462037353978658,1.0528505820941045,0.05285058209410454,0.009161096140352676,3.0905404378563985,0.0457573840065923,-0.30094121362598225,2,2
812,0.8120000000000006,ramp,81.2,4.3455674645248195,0.006200437777406975,1.052881989003888,0.052881989003888075,0.006089249316328798,3.0966296871727272,0.04584333254308368,-0.11118846107817729,2,2
813,0.8130000000000006,ramp,81.3,4.355045578732736,0.009478114207916555,1.052951201294868,0.05295120129486808,0.009177988305013193,3.1058076754777404,0.04592895548280819,-0.3001259029033615,2,2
814,0.8140000000000006,ramp,81.4,4.361266739426946,0.006221160694209971,1.0529826209689144,0.05298262096891437,0.006110080110225801,3.111917755587966,0.04601502618804943,-0.11108058398416956,2,2
815,0.8150000000000006,ramp,81.5,4.370760926335806,0.009494186908860058,1.0530517048377037,0.05305170483770372,0.009194874923761424,3.1211126305117274,0.04610077140683422,-0.2993119850986346,2,2
816,0.8160000000000006,ramp,81.6,4.377002814850249,0.006241888514442628,1.053083137053991,0.053083137053991036,0.006130917161702486,3.1272435476734297,0.046186963899135645,-0.11097135274014229,2,2
817,0.8170000000000006,ramp,81.7,4.3865130703792445,0.00951025552899587,1.053152092826815,0.05315209282681499,0.00921175607422932,3.1364553037476592,0.046272831014669114,-0.29849945476654977,2,2
818,0.8180000000000006,ramp,81.8,4.39277569154627,0.006262621167025806,1.0531835373642877,0.053183537364287714,0.0061517603941392595,3.1426070641417985,0.0463591449115055,-0.11086077288654637,2,2
819,0.8190000000000006,ramp,81.9,4.402302011686372,0.009526320140101241,1.0532523653661683,0.053252365366168286,0.009228631833534586,3.151835695975333,0.04644513354063146,-0.2976883065666548,2,2
820,0.8200000000000006,ramp,82.0,4.408585370267398,0.006283358581026022,1.0532838220046516,0.05328382200465165,0.0061726097314270915,3.15800830570676,0.04653156845863743,-0.1107488495989302,2,2
821,0.8210000000000006,ramp,82.1,4.418127751081003,0.009542380813605256,1.0533525225594205,0.05335252255942047,0.009245502278279662,3.16725380798504,0.04661767821736966,-0.2968785353255933,2,2
822,0.8220000000000006,ramp,82.2,4.424431851767386,0.006304100686382874,1.0533839910796683,0.05338399107966829,0.006193465097958416,3.1734472730829983,0.04670423377236236,-0.11063558842445802,2,2
823,0.8230000000000006,ramp,82.3,4.433990289387669,0.0095584376202833,1.053452564509927,0.05345256450992708,0.00926236748456591,3.1827096405675643,0.04679046427588642,-0.29607013571738944,2,2
824,0.8240000000000006,ramp,82.4,4.440315136800882,0.006324847413212709,1.0534840446936133,0.05348404469361334,0.0062143264186220945,3.1889239669861866,0.046877140082866135,-0.1105209945906141,2,2
825,0.8250000000000006,ramp,82.5,4.449889627431304,0.009574490630422261,1.0535524913207517,0.05355249132075168,0.009279227527988867,3.1982031945141753,0.04696349094556145,-0.2952631024333938,2,2
826,0.8260000000000006,ramp,82.6,4.456235226123634,0.006345598692329979,1.053583982950497,0.05358398295049693,0.006235193618810748,3.204438388132986,0.04705028661873602,-0.11040507351923068,2,2
827,0.8270000000000006,ramp,82.7,4.465825766037684,0.009590539914049678,1.0536523030947282,0.05365230309472824,0.009296082483636246,3.213734470616622,0.0471367574541827,-0.29445743041343203,2,2
828,0.8280000000000006,ramp,82.8,4.47219212049267,0.006366354454986123,1.0536838059540314,0.05368380595403144,0.006256066624415455,3.2199905372410376,0.047223672606961295,-0.1102878305706675,2,2
829,0.8290000000000006,ramp,82.9,4.481798706032992,0.009606585540321788,1.0537519999343932,0.05375199993439317,0.009312932426082646,3.22930346966712,0.047310263027958044,-0.2936531142391421,2,2
830,0.8300000000000006,ramp,83.0,4.488185820666014,0.006387114633022328,1.05378351380765,0.053783513807649896,0.006276945361830769,3.235580415028951,0.04739729727298292,-0.11016927119155903,2,2
831,0.8310000000000006,ramp,83.1,4.497808448244479,0.009622627578464993,1.0538515819419711,0.05385158194197115,0.009329777429408983,3.24491019245836,0.047484006891550606,-0.2928501490560096,2,2
832,0.8320000000000006,ramp,83.2,4.504216327402834,0.0064078791583552785,1.0538831066145233,0.053883106614523335,0.006297829757936694,3.2512080222162965,0.04757115984069272,-0.11004940041858466,2,2
833,0.8330000000000006,ramp,83.3,4.513854993499654,0.009638666096820181,1.0539510492194888,0.05395104921948879,0.009346617567198508,3.260554639783495,0.0476579882680906,-0.2920485296216725,2,2
834,0.8340000000000006,ramp,83.4,4.520283641463433,0.006428647963778289,1.0539825844775528,0.053982584477552775,0.006318719740105147,3.2668733595236,0.04774525953247245,-0.10992822367314209,2,2
835,0.8350000000000006,ramp,83.5,4.52993834262684,0.009654701163407609,1.054050401868625,0.054050401868624975,0.00936345291254045,3.2762368124361405,0.04783220637921338,-0.2912482508671578,2,2
836,0.8360000000000006,ramp,83.6,4.5363877636093415,0.0064494209825012305,1.0540819474993484,0.05408194749934836,0.00633961523619381,3.282576427672334,0.047919595569209356,-0.10980574630742052,2,2
837,0.8370000000000006,ramp,83.7,4.546058496455154,0.009670732845812324,1.0541496399908603,0.05414963999086031,0.009380283538032302,3.2919567112103665,0.048006660445066254,-0.29044930778002187,2,2
838,0.8380000000000006,ramp,83.8,4.552528694603252,0.006470198148098127,1.0541811957822906,0.054181195782290636,0.00636051617455095,3.2983172273849175,0.04809416717033113,-0.10968197354717726,2,2
839,0.8390000000000006,ramp,83.9,4.562215455814311,0.009686761211058936,1.0542487636873865,0.054248763687386514,0.009397109515766923,3.3077143369006845,0.04818134968434765,-0.28965169529201334,2,2
840,0.8400000000000006,ramp,84.0,4.568706435208996,0.006490979394684793,1.0542803294284506,0.054280329428450624,0.006381422484001322,3.314095759384686,0.0482689735538048,-0.1095569106834707,2,2
841,0.8410000000000006,ramp,84.1,4.578409221534798,0.00970278632580257,1.0543477730591586,0.05434777305915861,0.009413930917371622,3.3235096903020573,0.04835627331431892,-0.2888554084309481,2,2
842,0.8420000000000006,ramp,84.2,4.584920986191674,0.0065117646568761955,1.0543793485396569,0.05437934853965687,0.006402334093853483,3.329912024395911,0.04844401393619204,-0.10943056302271242,2,2
843,0.8430000000000006,ramp,84.3,4.5946397944477715,0.009718808256097056,1.0544466682068345,0.054446668206834525,0.009430747813973434,3.3393427722098843,0.04853143055083344,-0.28806044212362214,2,2
844,0.8440000000000006,ramp,84.4,4.601172348317484,0.006532553869712743,1.0544782532175117,0.05447825321751165,0.0064232509339048555,3.3457660231437893,0.0486192875326479,-0.10930293580788726,2,2
845,0.8450000000000006,ramp,84.5,4.6109071753852735,0.009734827067789276,1.0545454492308812,0.05454544923088123,0.009447560276203767,3.355213583419993,0.04870682060835434,-0.2872667915855085,2,2
846,0.8460000000000006,ramp,84.6,4.617460522353776,0.006553346968502183,1.054577043563338,0.054577043563337924,0.006444172934406255,3.3616577563543997,0.04879479355695255,-0.10917403409592755,2,2
847,0.8470000000000006,ramp,84.7,4.627211365179933,0.00975084282615768,1.0546441162314755,0.05464411623147547,0.009464368374254505,3.3711221247286542,0.04888244269998691,-0.2864744519031747,2,2
848,0.8480000000000006,ramp,84.8,4.633785509069343,0.006574143889409356,1.0546757196782113,0.054675719678211276,0.006465100026088484,3.377587224754743,0.04897053122154067,-0.10904386332087189,2,2
849,0.8490000000000006,ramp,84.9,4.643552364665323,0.009766855595980672,1.0547426693085413,0.054742669308541325,0.009481172177800768,3.387068396932544,0.04905829603749298,-0.285683418179904,2,2
850,0.8500000000000006,ramp,85.0,4.650147309234045,0.006594944568721672,1.0547742816629297,0.05477428166292975,0.006486032140159926,3.393554429072704,0.049146499737506365,-0.10891242856174606,2,2
851,0.8510000000000006,ramp,85.1,4.659930174675704,0.009782865441659183,1.054841108561787,0.05484110856178703,0.009497971756067617,3.4030524008287717,0.049234379831314644,-0.28489368559156575,2,2
852,0.8520000000000006,ramp,85.2,4.6665459236191005,0.006615748943396227,1.0548727296180953,0.054872729618095306,0.00650696920828881,3.4095593700370603,0.049322698314646515,-0.10877973510741659,2,2
853,0.8530000000000006,ramp,85.3,4.676344796046086,0.009798872426985739,1.054939434090684,0.054939434090683914,0.009514767177780716,3.419074137214841,0.049410693290600875,-0.2841052492050227,2,2
854,0.8540000000000006,ramp,85.4,4.682981352996899,0.0066365569508128885,1.054971063644071,0.054971063644071005,0.0065279111626165235,3.4256020483774576,0.04949912616147048,-0.10864578819636504,2,2
855,0.8550000000000006,ramp,85.5,4.692796229612348,0.009814876615449108,1.0550376459944346,0.055037645994434614,0.009531558511226631,3.435133606888684,0.04958723562322562,-0.2833181042224773,2,2
856,0.8560000000000006,ramp,85.6,4.699453598140973,0.006657368528625085,1.0550692838409061,0.05506928384090615,0.00654885793573513,3.4416824648244195,0.04967578248522448,-0.10851059288995504,2,2
857,0.8570000000000007,ramp,85.7,4.709284476211272,0.009830878070299143,1.0551357443720435,0.055135744372043494,0.009548345824204411,3.451230810648624,0.049764006035813706,-0.28253224609473165,2,2
858,0.8580000000000007,ramp,85.8,4.715962659826355,0.006678183615082212,1.0551673903084908,0.05516739030849083,0.006569809460700612,3.4578006201093245,0.049852666491917594,-0.1083741543816,2,2
859,0.8590000000000007,ramp,85.9,4.725809536680355,0.009846876854000541,1.0552337293222536,0.055233729322253566,0.009565129184058722,3.4673657492933834,0.04994100373376173,-0.2817476699418196,2,2
860,0.8600000000000007,ramp,86.0,4.732508538829222,0.006699002148867095,1.055265383146467,0.055265383146466895,0.006590765671025379,3.4739565149644087,0.05002977738634146,-0.10823647784171611,2,2
861,0.8610000000000007,ramp,86.1,4.7423714118578,0.009862873028577468,1.0553316009435927,0.055331600943592685,0.009581908657660823,3.4835384236220697,0.05011822792125861,-0.2809643709166445,2,2
862,0.8620000000000007,ramp,86.2,4.7490912359270165,0.006719824069216784,1.0553632624542049,0.055363262454204865,0.006611726500688977,3.4901501501227585,0.05020711437208759,-0.108097568527807,2,2
863,0.8630000000000007,ramp,86.3,4.758970102583071,0.009878866656054086,1.0554293593343704,0.05542935933437043,0.009598684311432334,3.499748834434191,0.05029567780131633,-0.2801823446217516,2,2
864,0.8640000000000007,ramp,86.4,4.7657107518985615,0.006740649315490899,1.0554610283308914,0.05546102833089139,0.006632691884093109,3.5063815263182843,0.05038467665158026,-0.10795743139778956,2,2
865,0.8650000000000007,ramp,86.5,4.775605609696127,0.009894857797565493,1.055527004592683,0.055527004592683005,0.009615456211340676,3.515996982529625,0.05047335257576928,-0.27940158622481726,2,2
866,0.8660000000000007,ramp,86.6,4.782367087523795,0.0067614778276681164,1.0555586808754587,0.05555868087545868,0.006653661756111884,3.522650644285737,0.05056246342609395,-0.10781607155623245,2,2
867,0.8670000000000007,ramp,86.7,4.792277934037835,0.00991084651403984,1.0556245368163415,0.0556245368163415,0.009632224422897368,3.5322828687086343,0.05065125144532586,-0.2786220911424712,2,2
868,0.8680000000000007,ramp,86.8,4.799060243584148,0.006782309546313314,1.0556562201866566,0.05565622018665661,0.006674636052063053,3.538957504760697,0.05074047389576771,-0.10767349425026135,2,2
869,0.8690000000000007,ramp,86.9,4.808987076450063,0.009926832865915003,1.055721956103034,0.05572195610303399,0.009648989011143888,3.548606493771841,0.0508293736095709,-0.27784385477111484,2,2
870,0.8700000000000007,ramp,87.0,4.81579022086248,0.006803144412416806,1.0557536463629427,0.055753646362942666,0.006695614707706974,3.555302108479548,0.05091870725963109,-0.10752970470983246,2,2
871,0.8710000000000007,ramp,87.1,4.825733037775649,0.009942816913168784,1.0558192625501597,0.055819262550159676,0.009665750040689291,3.5649678585202373,0.05100771826698704,-0.2770668724794926,2,2
872,0.8720000000000007,ramp,87.2,4.832557020142619,0.006823982366969794,1.0558509595026309,0.05585095950263086,0.0067165976592460565,3.5716844561794834,0.05109716271563498,-0.10738470772373755,2,2
873,0.8730000000000007,ramp,87.3,4.842515818858066,0.009958798715447692,1.0559164562549417,0.05591645625494168,0.009682507575694985,3.5813669637551784,0.0511862846149871,-0.27629113975270736,2,2
874,0.8740000000000007,ramp,87.4,4.8493606422099695,0.006844823351903173,1.0559481597037714,0.05594815970377143,0.006737584843324446,3.588104548598503,0.051275839460659785,-0.10723850857872683,2,2
875,0.8750000000000007,ramp,87.5,4.859335420541888,0.009974778331918621,1.0560135373143689,0.056013537314368866,0.009699261679877353,3.5978038102783803,0.05136507184992451,-0.27551665204126813,2,2
876,0.8760000000000007,ramp,87.6,4.8662010878511115,0.006865667309223333,1.0560452470642183,0.05604524706421832,0.006758576197000044,3.60456238647538,0.05145473669053515,-0.10709111222328895,2,2
877,0.8770000000000007,ramp,87.7,4.876191843672746,0.009990755821634778,1.0561105058252462,0.05611050582524624,0.009716012416520358,3.6142783988919005,0.05154407916712406,-0.27474340511442036,2,2
878,0.8780000000000007,ramp,87.8,4.8830783578541395,0.0068865141813931885,1.056142221681639,0.05614222168163896,0.006779571657782532,3.621057970549683,0.051633853600083456,-0.10694252361065619,2,2
879,0.8790000000000007,ramp,87.9,4.893085089096736,0.010006731242596878,1.0562073618841683,0.056207361884168305,0.009732759848455433,3.630790730398138,0.051723305760891666,-0.2739713941414448,2,2
880,0.8800000000000007,ramp,88.0,4.899992453008387,0.006907363911651032,1.0562390836534619,0.05623908365346186,0.0068005711636195815,3.637591301561758,0.05181318938310676,-0.10679274803145067,2,2
881,0.8810000000000007,ramp,88.1,4.910015157661371,0.010022704652983272,1.0563041055875286,0.05630410558752863,0.009749504038081083,3.647340805599839,0.051902750824544326,-0.2732006149021894,2,2
882,0.8820000000000007,ramp,88.2,4.9169433741047275,0.006928216443356838,1.0563358330768942,0.05633583307689416,0.006821574652883767,3.654162380252723,0.0519927432324347,-0.10664179047307087,2,2
883,0.8830000000000007,ramp,88.3,4.9269820502148445,0.010038676110116995,1.056400737031478,0.056400737031478076,0.009766245047346196,3.6639286253000694,0.052082413550425255,-0.27243106277079904,2,2
884,0.8840000000000007,ramp,88.4,4.93393112193501,0.006949071720165456,1.0564324700489953,0.05643247004899532,0.00684258206437364,3.670771207364443,0.05217251433993915,-0.10648965579181623,2,2
885,0.8850000000000007,ramp,88.5,4.943985767606343,0.01005464567133263,1.056497256312043,0.05649725631204294,0.009782982937801228,3.6805541903022445,0.05226229312993421,-0.2716627335314012,2,2
886,0.8860000000000007,ramp,88.6,4.950955697292834,0.0069699296864911275,1.0565289946665775,0.05652899466657746,0.006863593337292507,3.687417783639537,0.05235250189654427,-0.10633634919862081,2,2
887,0.8870000000000007,ramp,88.7,4.961026310686188,0.010070613393354577,1.0565936635250108,0.05659366352501083,0.009799717770544876,3.697217501410082,0.052442388753526685,-0.27089562280970153,2,2
888,0.8880000000000007,ramp,88.8,4.968017100973039,0.006990790286851123,1.056625407026284,0.056625407026283936,0.006884608411302873,3.704102109821385,0.05253270509225174,-0.10618187554824968,2,2
889,0.8890000000000007,ramp,88.9,4.97810368030548,0.010086579332440948,1.0566899587659693,0.05668995876596927,0.009816449606242388,3.7139185594276274,0.052622699610762984,-0.2701297261985605,2,2
890,0.8900000000000007,ramp,89.0,4.98511533377182,0.007011653466340029,1.0567217072245476,0.05672170722454761,0.006905627226458474,3.720824186654086,0.05271312311617508,-0.1060262398815551,2,2
891,0.8910000000000007,ramp,89.1,4.995217877316345,0.010102543544524778,1.0567861421303528,0.056786142130352824,0.009833178505145661,3.7306573651592316,0.05280322489030161,-0.2693650393791169,2,2
892,0.8920000000000007,ramp,89.2,5.002250396486857,0.00703251917051162,1.0568178953576166,0.05681789535761661,0.0069266497232491255,3.7375840148824806,0.052893755156535265,-0.10586944726249416,2,2
893,0.8930000000000007,ramp,89.3,5.012368902571964,0.010118506085107448,1.0568822137133589,0.05688221371335889,0.009849904527075617,3.747433919409556,0.05298396377993956,-0.26860155803183106,2,2
894,0.8940000000000007,ramp,89.4,5.019422289916941,0.007053387344976514,1.0569139715215432,0.056913971521543205,0.0069476758425660486,3.7543815952521222,0.053074600400699425,-0.10571150241046531,2,2
895,0.8950000000000007,ramp,89.5,5.029556756926519,0.01013446700957843,1.0569781736100357,0.056978173610035654,0.009866627731447692,3.76424822298357,0.05316491546661679,-0.2678392781307378,2,2
896,0.8960000000000007,ramp,89.6,5.036631014862669,0.007074257936150019,1.057009935812184,0.057009935812184054,0.006968705525708072,3.7712169285092783,0.0532556580351947,-0.10555241044194699,2,2
897,0.8970000000000007,ramp,89.7,5.04678144123505,0.010150426372380394,1.0570740219152366,0.057074021915236584,0.009883348177253982,3.7811002766865323,0.053346079136446296,-0.267078195126412,2,2
898,0.8980000000000007,ramp,89.8,5.0538765721257635,0.007095130890713897,1.0571057883252262,0.05710578832522617,0.006989738714395168,3.7880900154009276,0.05343692724572638,-0.10539217631872887,2,2
899,0.8990000000000007,ramp,89.9,5.064042956353729,0.010166384227965786,1.0571697587236442,0.05716975872364416,0.009900065923059687,3.797990081323987,0.05352745397473535,-0.26631830490609837,2,2
900,0.9000000000000007,ramp,90.0,5.07115896250941,0.00711600615568031,1.057201529156156,0.05720152915615606,0.007010775350753128,3.80500085667474,0.053618407217198946,-0.10523080492718176,2,2
901,0.9010000000000007,ramp,90.1,5.081341303139744,0.010182340630334075,1.0572653841297548,0.05726538412975479,0.009916781027033007,3.814917637701773,0.053709039165987536,-0.26555960330106737,2,2
902,0.9020000000000007,ramp,90.2,5.088478186818312,0.007136883678568573,1.057297158400305,0.057297158400305026,0.007031815377309872,3.8219494530790827,0.05380009713373384,-0.10506830125870097,2,2
903,0.9030000000000007,ramp,90.3,5.098676482451399,0.010198295633086829,1.0573608982278513,0.05736089822785129,0.009933493546922603,3.8318829466260054,0.05389083389394886,-0.2648020861642265,2,2
904,0.9040000000000007,ramp,90.4,5.105834245858475,0.007157763407075635,1.0573926761527865,0.05739267615278654,0.0070528587369928005,3.8389358053629983,0.05398199617869099,-0.10490467008283412,2,2
905,0.9050000000000007,ramp,90.5,5.116048495147872,0.010214249289397515,1.0574563011121185,0.057456301112118524,0.00995020354007419,3.8488860089030723,0.05407283734160077,-0.2640457493233248,2,2
906,0.9060000000000007,ramp,90.6,5.123227140437306,0.007178645289434016,1.0574880825085788,0.05748808250857884,0.007073905373136809,3.8559599142762093,0.054164103534693024,-0.1047399162972069,2,2
907,0.9070000000000007,ramp,90.7,5.133457342089454,0.010230201652147386,1.0575515928764914,0.057551592876491364,0.0099669110634243,3.8659268253396335,0.054255048691202436,-0.26329058872308525,2,2
908,0.9080000000000007,ramp,90.8,5.140656871363778,0.007199529274324767,1.0575833775624566,0.05758337756245657,0.007094955229479997,3.8730217805691134,0.05434641838363042,-0.10457404484477076,2,2
909,0.9090000000000007,ramp,90.9,5.150903024137411,0.010246152773632389,1.0576467736148005,0.05764677361480053,0.009983616173489291,3.8830053967426026,0.05443746712428511,-0.2625366001430974,2,2
910,0.9100000000000007,ramp,91.0,5.158123439448234,0.007220415310823292,1.0576785614090463,0.05767856140904626,0.0071160082501472936,3.8901214049927497,0.054528939906692504,-0.10440706067599802,2,2
911,0.9110000000000007,ramp,91.1,5.1683855421542955,0.010262102706061427,1.0577418434206833,0.057741843420683336,0.01000031892641972,3.9001217239191694,0.05462009182169706,-0.2617837796417069,2,2
912,0.9120000000000007,ramp,91.2,5.175626845502639,0.007241303348343386,1.057773634142758,0.057773634142757935,0.007137064379658999,3.9072587882988286,0.054711667284382974,-0.10423896868438746,2,2
913,0.9130000000000007,ramp,91.3,5.185904897003342,0.010278051500702823,1.0578368023875642,0.05783680238756417,0.010017019377929783,3.9172758076767584,0.054802921963603805,-0.26103212277303955,2,2
914,0.9140000000000007,ramp,91.4,5.193167090339786,0.007262193336444511,1.057868595857873,0.05786859585787307,0.007158123562930833,3.9244339312396894,0.054894599696537205,-0.10406977351367849,2,2
915,0.9150000000000007,ramp,91.5,5.2034610895493305,0.010293999209544324,1.0579316506087777,0.057931650608777696,0.01003371758337089,3.9344676488230603,0.054985956729512196,-0.26028162617343364,2,2
916,0.9160000000000007,ramp,91.6,5.210744174774572,0.007283085225241237,1.0579634466485168,0.057963446648516825,0.0071791857452497936,3.94164683456831,0.055077736322339685,-0.10389947999144347,2,2
917,0.9170000000000007,ramp,91.7,5.2210541206577705,0.010309945883198779,1.0580263881774667,0.05802638817746675,0.010050413597679707,3.9516972481659898,0.055169195298298,-0.25953228551907176,2,2
918,0.9180000000000007,ramp,91.8,5.228358099623208,0.007303978965437885,1.0580581866086287,0.058058186608628715,0.007200250872324607,3.9588974990383146,0.05526107634034862,-0.10372809311327835,2,2
919,0.9190000000000007,ramp,91.9,5.238683991195201,0.010325891571992152,1.058121015186614,0.058121015186614056,0.010067107475388285,3.968964606513703,0.055352636848200264,-0.25878409660386703,2,2
920,0.9200000000000007,ramp,92.0,5.246008865703106,0.007324874507905754,1.0581528158319669,0.05815281583196685,0.007221318890221418,3.9761859254039242,0.055444618928508785,-0.10355561768433594,2,2
921,0.9210000000000007,ramp,92.1,5.256350702029627,0.010341836326520415,1.0582155317290267,0.058215531729026715,0.010083799270670928,3.986269724674595,0.0555362805568688,-0.2580370558494874,2,2
922,0.9220000000000007,ramp,92.2,5.263696473833442,0.00734577180381546,1.0582473344121708,0.05824733441217078,0.007242389745398894,3.993512114419994,0.05562836326416847,-0.10338205841656581,2,2
923,0.9230000000000007,ramp,92.3,5.274054254029717,0.010357780196274646,1.058309937897386,0.05830993789738592,0.010100489037286074,4.00361260345728,0.055720125601360394,-0.2572911589885721,2,2
924,0.9240000000000007,ramp,92.4,5.281420924834545,0.007366670804827891,1.0583417424427057,0.058341742442705735,0.007263463384694956,4.010876066841975,0.05581230852410238,-0.10320742013293464,2,2
925,0.9250000000000007,ramp,92.5,5.2917946480655935,0.010373723231048793,1.0584042337842146,0.058404233784214554,0.010117176828617699,4.020993243670593,0.055904171158166836,-0.2565464024310935,2,2
926,0.9260000000000007,ramp,92.6,5.299182219528604,0.0073875714630107225,1.058436040016865,0.05843604001686509,0.00728453975532244,4.028277783425915,0.05599645388452704,-0.10303170768828293,2,2
927,0.9270000000000007,ramp,92.7,5.309571885008326,0.010389665479721977,1.0584984194818503,0.058498419481850306,0.010133862697673834,4.038411646123589,0.05608841640323698,-0.25580278204814266,2,2
928,0.9280000000000007,ramp,92.8,5.316980358738901,0.007408473730574627,1.0585302272278099,0.05853022722780987,0.007305618804879041,4.045717264928468,0.05618079852111801,-0.10285492569558646,2,2
929,0.9290000000000007,ramp,92.9,5.3273859657299365,0.010405606991035654,1.0585924950825467,0.058592495082546714,0.010150546697053293,4.055867811625522,0.0562728605119764,-0.2550602939823607,2,2
930,0.9300000000000007,ramp,93.0,5.334815343290245,0.007429377560308481,1.0586243041685381,0.058624304168538144,0.007326700481332112,4.063194512106854,0.05636534160902705,-0.10267707897636864,2,2
931,0.9310000000000007,ramp,93.1,5.34523689110393,0.010421547813685095,1.0586864606783302,0.058686460678330166,0.010167228879008453,4.073361740985862,0.056457502659289595,-0.2543189346766415,2,2
932,0.9320000000000007,ramp,93.2,5.352687174009279,0.007450282905349326,1.058718270931898,0.058718270931898076,0.007347784733015454,4.080709525718878,0.05655008232290698,-0.10249817233387147,2,2
933,0.9330000000000007,ramp,93.3,5.363124662004541,0.010437487995261563,1.0587803163611493,0.05878031636114933,0.010183909295391994,4.09089343501427,0.056642342019576054,-0.2535786998695694,2,2
934,0.9340000000000007,ramp,93.4,5.370595851723682,0.007471189719140625,1.0588121276106062,0.05881212761060617,0.007368871508644627,4.098262306522915,0.056735019836917526,-0.10231821049599792,2,2
935,0.9350000000000007,ramp,93.5,5.381049279307547,0.010453427583865249,1.0588740622227824,0.05887406222278235,0.010200587997696364,4.108462894520611,0.05682737776675967,-0.25283958616888547,2,2
936,0.9360000000000007,ramp,93.6,5.388541377262936,0.0074920979553887435,1.0589058742972164,0.05890587429721639,0.007389960757277116,4.115852855277888,0.056920153324747494,-0.10213719811162733,2,2
937,0.9370000000000007,ramp,93.7,5.399010743889444,0.010469366626508325,1.0589676983548502,0.05896769835485016,0.010217265037034797,4.126070120314923,0.0570126090743054,-0.2521015894735284,2,2
938,0.9380000000000007,ramp,93.8,5.406523751457718,0.0075130075682743325,1.0589995110841341,0.05899951108413415,0.007411052428371091,4.133481172743294,0.05710548195963908,-0.10195513990324169,2,2
939,0.9390000000000007,ramp,93.9,5.4170090566281255,0.010485305170407244,1.059061224848876,0.05906122484887599,0.010233940464144109,4.143715113207438,0.057198035115226954,-0.25136470626313523,2,2
940,0.9400000000000007,ramp,94.0,5.424542975140415,0.0075339185122897945,1.059093038063625,0.05909303806362498,0.007432146471717223,4.151147259679155,0.057291004914394976,-0.10177204057257132,2,2
941,0.9410000000000007,ramp,94.1,5.435044218402542,0.010501243262126536,1.0591546417961866,0.05915464179618657,0.010250614329408452,4.161397874008564,0.0573836550621213,-0.25062893271808434,2,2
942,0.9420000000000007,ramp,94.2,5.442599049144958,0.00755483074241603,1.059186455327833,0.059186455327832954,0.007453242837491293,4.168851116846056,0.05747672136139676,-0.1015879049247369,2,2
943,0.9430000000000007,ramp,94.3,5.453116230092774,0.010517180947815952,1.0592479492880318,0.05924794928803179,0.010267286682814401,4.17911840352887,0.05756946808716537,-0.2498942650015507,2,2
944,0.9440000000000007,ramp,94.4,5.46069197430657,0.007575744213796476,1.0592797629687445,0.05927976296874449,0.007474341476222995,4.186592745005092,0.05766263047262442,-0.10140273757348102,2,2
945,0.9450000000000007,ramp,94.5,5.471225092580159,0.010533118273588826,1.0593411474154688,0.05934114741546881,0.01028395757401193,4.196876702579105,0.05775547336214791,-0.2491606995768964,2,2
946,0.9460000000000007,ramp,94.6,5.478821751461927,0.007596658881768192,1.0593729610782185,0.059372961078218545,0.007495442338786939,4.204372144917891,0.05784873141967935,-0.10121654298125317,2,2
947,0.9470000000000007,ramp,94.7,5.489370806747041,0.010549055285113518,1.0594342362694629,0.05943423626946287,0.010300627052284442,4.214672771970176,0.057941670058476946,-0.24842823282907564,2,2
948,0.9480000000000007,ramp,94.8,5.496988381449617,0.007617574702575958,1.0594660497479662,0.05946604974796621,0.007516545376410353,4.2221893173465865,0.05803502337378667,-0.10102932616560481,2,2
949,0.9490000000000007,ramp,94.9,5.507553373477067,0.010564992027449982,1.0595272159408602,0.05952721594086019,0.010317295166564931,4.232506612513151,0.05812805734720572,-0.2476968608850511,2,2
950,0.9500000000000007,ramp,95.0,5.515191865109129,0.007638491632062205,1.0595590290695551,0.059559029069555125,0.0075376505406824935,4.240044263053834,0.05822150550582617,-0.10084109137971191,2,2
951,0.9510000000000007,ramp,95.1,5.525772793654946,0.010580928545817159,1.0596200865203353,0.05962008652033535,0.010333961965397731,4.250378225019232,0.05831463439903633,-0.2469665804194273,2,2
952,0.9520000000000007,ramp,95.2,5.533432203282023,0.007659409627076563,1.0596518991344839,0.05965189913448388,0.007558757783561649,4.257936982802794,0.058408176986336664,-0.10065184351491438,2,2
953,0.9530000000000007,ramp,95.3,5.544029068166529,0.01059686488450673,1.059712848098453,0.05971284809845301,0.010350627496980049,4.268287610299774,0.058501400384352,-0.24623738752668073,2,2
954,0.9540000000000007,ramp,95.4,5.55170939681094,0.0076803286444109276,1.0597446600340579,0.05974466003405787,0.0075798670573380455,4.275867477357112,0.058595036985537405,-0.1004615870728821,2,2
955,0.9550000000000007,ramp,95.5,5.562322197898895,0.01061280108795426,1.0598055007656653,0.059805500765665265,0.010367291809165338,4.286234769166278,0.05868835447321818,-0.24550927878892215,2,2
956,0.9560000000000007,ramp,95.6,5.5700234465403575,0.007701248641462932,1.059837311859471,0.059837311859471054,0.007600978314638481,4.293835747480916,0.058782084673351574,-0.10027032682445157,2,2
957,0.9570000000000007,ramp,95.7,5.580652183740371,0.01062873720001356,1.0598980446122952,0.0598980446122952,0.010383954949457295,4.304219702430373,0.0588754958354091,-0.24478225055626565,2,2
958,0.9580000000000007,ramp,95.8,5.588374353315923,0.007722169575552051,1.0599298547017937,0.05992985470179368,0.007622091508445141,4.311841793938818,0.058969319219404036,-0.10007806710691028,2,2
959,0.9590000000000007,ramp,95.9,5.599019026580321,0.010644673264398108,1.0599904797285213,0.05999047972852134,0.010400616965004997,4.322242410903823,0.059062823640414326,-0.24405629939311044,2,2
960,0.9600000000000007,ramp,96.0,5.606762117985125,0.007743091404803337,1.06002228865197,0.0600222886519699,0.007643206592080053,4.329885617495903,0.059156739793059986,-0.09988481272328424,2,2
961,0.9610000000000007,ramp,96.1,5.617422727309341,0.01066060932421653,1.060082806204423,0.06008280620442297,0.010417277902604159,4.340302895398508,0.05925033705746672,-0.24333142161237115,2,2
962,0.9620000000000007,ramp,96.2,5.625186741396765,0.007764014087423554,1.0601146138008215,0.060114613800821504,0.007664323519214792,4.347967218917723,0.05934434556342147,-0.09969056820876253,2,2
963,0.9630000000000007,ramp,96.3,5.635863286819276,0.01067654542251173,1.0601750241299714,0.060175024129971444,0.010433937808710925,4.358401156726433,0.05943803525554838,-0.24260761380080417,2,2
964,0.9640000000000007,ramp,96.4,5.643648224401186,0.007784937581909901,1.0602068302390728,0.060206830239072806,0.007685442243844512,4.366086598970278,0.059532135699351674,-0.09949533806538884,2,2
965,0.9650000000000007,ramp,96.5,5.654340706003134,0.010692481601947357,1.0602671335949974,0.06026713359499736,0.010450596729436407,4.376537195699714,0.0596259174034058,-0.24188487251095014,2,2
966,0.9660000000000007,ramp,96.6,5.6621465678502725,0.007805861847138829,1.0602989380572718,0.06029893805727182,0.007706562720311789,4.384243758420026,0.05972010936949151,-0.09929912682703992,2,2
967,0.9670000000000007,ramp,96.7,5.672854985755057,0.010708417904784717,1.0603591346891985,0.06035913468919851,0.010467254710543803,4.3947110131305696,0.05981398266958169,-0.24116319424091412,2,2
968,0.9680000000000007,ramp,96.8,5.680681772597379,0.007826786842321631,1.0603909373459082,0.06039093734590817,0.0077276849033039744,4.402438698033873,0.0599082657422757,-0.0991019390176569,2,2
969,0.9690000000000007,ramp,96.9,5.6914061269703184,0.010724354372939615,1.0604510275022156,0.06045102750221565,0.010483911797449815,4.412922609831323,0.06000223022239994,-0.24044257548980033,2,2
970,0.9700000000000008,ramp,97.0,5.699253839497462,0.00784771252714389,1.0604828281953114,0.06048282819531137,0.007748808747825152,4.420671418579149,0.06009660398594494,-0.0989037793187389,2,2
971,0.9710000000000008,ramp,97.1,5.709994130545841,0.01074029104837848,1.060542812123541,0.06054281212354096,0.010500568035248221,4.431171986614397,0.060190659230014494,-0.23972301313025973,2,2
972,0.9720000000000008,ramp,97.2,5.717862769407035,0.007868638861194377,1.0605746106957412,0.060574610695741216,0.007769934209223447,4.438941920823621,0.0602851232685538,-0.09870465197093017,2,2
973,0.9730000000000008,ramp,97.3,5.728618997378954,0.010756227971918442,1.060634488642547,0.060634488642546946,0.010517223468682096,4.449459144292303,0.060379268860402444,-0.23900450323634595,2,2
974,0.9740000000000008,ramp,97.4,5.7365085631837225,0.00788956580476885,1.060666284937299,0.060666284937298975,0.0077910612431640715,4.457250205535467,0.060473822758003414,-0.09850456160477843,2,2
975,0.9750000000000008,ramp,97.5,5.747280728368836,0.010772165185113813,1.0607260571485184,0.06072605714851842,0.010533878142175221,4.467784083677643,0.06056805828138395,-0.23828704293859213,2,2
976,0.9760000000000008,ramp,97.6,5.755191221687444,0.007910493318608047,1.060757851009977,0.060757851009977104,0.007812189805640923,4.4755962734832835,0.06066270162204633,-0.09830351296712461,2,2
977,0.9770000000000008,ramp,97.7,5.765979324415653,0.010788102728208848,1.0608175177306187,0.06081751773061872,0.01055053209981417,4.486146805583098,0.060757026660641464,-0.23757062839467774,2,2
978,0.9780000000000008,ramp,97.8,5.773910745778738,0.007931421363085,1.0608493090037006,0.06084930900370056,0.007833319852970524,4.493980125436068,0.060851759028295614,-0.09810151011447645,2,2
979,0.9790000000000008,ramp,97.9,5.78471478642072,0.010804040641981594,1.0609088704779182,0.06090887047791815,0.01056718538536954,4.5045473108214376,0.060946173165732954,-0.23685525661205387,2,2
980,0.9800000000000008,ramp,98.0,5.792667136320407,0.007952349899687405,1.0609406590082444,0.06094065900824441,0.007854451341793434,4.512401762163231,0.06104099414425733,-0.09789855789397138,2,2
981,0.9810000000000008,ramp,98.1,5.8034871152868295,0.010819978966422283,1.0610001154793511,0.061000115479351136,0.010583838042229723,4.522985600205461,0.06113549696410245,-0.23614092419256028,2,2
982,0.9820000000000008,ramp,98.2,5.811460394176506,0.007973278889676472,1.0610319011132872,0.06103190111328716,0.0078755842291115,4.530861184434572,0.06123040613732364,-0.09769466056497138,2,2
983,0.9830000000000008,ramp,98.3,5.8222963119177065,0.010835917741200518,1.0610912528238083,0.06109125282380834,0.010600490113511286,4.541461674548084,0.06132499722310123,-0.23542762768923203,2,2
984,0.9840000000000008,ramp,98.4,5.830290520212409,0.007994208294702432,1.061123035408406,0.06112303540840602,0.007896718472177577,4.5493583930202615,0.06141999417480063,-0.09748982252485473,2,2
985,0.9850000000000008,ramp,98.5,5.841142377218272,0.01085185700586333,1.0611822826000057,0.06118228260000569,0.010617141641983123,4.559975534662245,0.061514673110001215,-0.23471536388020714,2,2
986,0.9860000000000008,ramp,98.6,5.849157515295223,0.00801513807695109,1.0612140619830976,0.061214061983097645,0.007917854028609573,4.567893388690854,0.06160975742392474,-0.09728404834151612,2,2
987,0.9870000000000008,ramp,98.7,5.860025312094865,0.01086779679964156,1.0612732048966171,0.06127320489661714,0.010633792670108203,4.578527181360963,0.06170452379200268,-0.23400412953335745,2,2
988,0.9880000000000008,ramp,98.8,5.868061380293535,0.00803606819867042,1.0613049809266912,0.06130498092669123,0.007938990856317508,4.58646617221728,0.061799695051871814,-0.09707734235291261,2,2
989,0.9890000000000008,ramp,98.9,5.878945117454869,0.010883737161333507,1.061364019802174,0.0613640198021741,0.01065044324000102,4.597116615457281,0.06189454843624722,-0.23329392133248672,2,2
990,0.9900000000000008,ramp,99.0,5.887002116077511,0.008056998622642197,1.0613957923284782,0.06139579232847825,0.007960128913558386,4.60507674437084,0.06198980622576843,-0.09686970908381193,2,2
991,0.9910000000000008,ramp,99.1,5.897901794207223,0.01089967812971171,1.061454727405146,0.061454727405146015,0.01066709339346059,4.615743837764301,0.06208474620985621,-0.23258473625112006,2,2
992,0.9920000000000008,ramp,99.2,5.905979723518724,0.008077929311501642,1.0614864962776245,0.06148649627762448,0.007981268158875267,4.623725105923176,0.06218009011271077,-0.0966611526263747,2,2
993,0.9930000000000008,ramp,99.3,5.916895343261525,0.010915619742800864,1.0615453277938902,0.061545327793890214,0.010683743171985163,4.634408849095162,0.062275116279914576,-0.2318765708157009,2,2
994,0.9940000000000008,ramp,99.4,5.924994203490411,0.00809886022888584,1.0615770928631891,0.06157709286318913,0.008002408551116951,4.642411257646279,0.062370545879780304,-0.09645167776888876,2,2
995,0.9950000000000008,ramp,99.5,5.93592576552926,0.010931562038848597,1.0616358210566632,0.06163582105666321,0.010700392616757941,4.653111650263036,0.06246565781349569,-0.23116942209065564,2,2
996,0.9960000000000008,ramp,99.6,5.9440455568671355,0.008119791337875881,1.0616675821741541,0.061667582174154134,0.008023550049459328,4.661135200312495,0.062561172694056,-0.09624128841655318,2,2
997,0.9970000000000008,ramp,99.7,5.954993061922308,0.010947505055172613,1.0617262072816378,0.0617262072816378,0.010717041768632033,4.671852242081127,0.06265636997768415,-0.23046328654057965,2,2
998,0.9980000000000008,ramp,99.8,5.963133784525175,0.008140722602866468,1.06175796429939,0.061757964299389956,0.008044692613370914,4.679896934694498,0.06275196972262567,-0.09602998949555415,2,2
999,0.9990000000000008,ramp,99.9,5.974097233354765,0.01096344882959066,1.0618164865568964,0.06181648655689642,0.010733690668152569,4.690630625362651,0.06284725193957394,-0.2297581614380921,2,2
1000,1.0000000000000007,ramp,100.0,5.982258887342363,0.008161653987597717,1.0618482393276898,0.06184823932768979,0.008065836202632891,4.698696461565284,0.0629429361325988,-0.09581778496482556,2,2
1001,1.0010000000000006,hold,100.0,5.974254882566559,-0.008004004775804319,1.061727367432908,0.061727367432907965,-0.007337184208357026,4.691359277356927,0.06245791073521347,0.6668205674472926,2,2
1002,1.0020000000000004,hold,100.0,5.982134735192243,0.007879852625684691,1.0617577621351657,0.061757762135165706,0.007790020745920137,4.6991492981028475,0.06213863568711762,-0.08983187976455402,2,2
1003,1.0030000000000003,hold,100.0,5.974150858590031,-0.007983876602212447,1.0616377884669086,0.061637788466908594,-0.007322133595654902,4.691827164507193,0.06187161253153006,0.6617430065575455,2,2
1004,1.0040000000000002,hold,100.0,5.981942348211346,0.007791489621315151,1.0616680137065138,0.06166801370651376,0.007701999571548504,4.699529164078741,0.06163317358459897,-0.08949004976664676,2,2
1005,1.0050000000000001,hold,100.0,5.973982786520324,-0.007959561691022188,1.0615488002556017,0.06154880025560172,-0.007302077198109652,4.6922270868806315,0.06141423888765471,0.6574844929125362,2,2
1006,1.006,hold,100.0,5.981717219442942,0.007734432922617884,1.0615789882691475,0.06157898826914754,0.00764470489354117,4.699871791774172,0.061209108580276915,-0.08972802907671398,2,2
1007,1.007,hold,100.0,5.973783769860093,-0.007933449582848695,1.0614604627262418,0.06146046272624184,-0.007279803724474158,4.692591988049698,0.06101519710549881,0.6536458583745368,2,2
1008,1.0079999999999998,hold,100.0,5.981472527540722,0.007688757680629266,1.0614906383372595,0.06149063833725954,0.007598712385612511,4.700190700435311,0.060829854130096755,-0.09004529501675448,2,4
1009,1.0089999999999997,hold,100.0,5.973566181804383,-0.007906345736339304,1.0613727539697657,0.061372753969765714,-0.007256268712698543,4.6929344317226125,0.06065215866519074,0.650077023640761,2,4
1010,1.0099999999999996,hold,100.0,5.981214787125112,0.007648605320729196,1.0614029172320503,0.06140291723205027,0.007558272357395249,4.700492704080007,0.06048046159801434,-0.09033296333394672,2,4
1011,1.0109999999999995,hold,100.0,5.973336160359831,-0.007878626765281282,1.0612856405375497,0.0612856405375497,-0.007231925843410236,4.693260778236597,0.060314484187809256,0.6467009218710466,2,4
1012,1.0119999999999993,hold,100.0,5.980947752730905,0.007611592371073783,1.0613157844014316,0.061315784401431594,0.0075210289331983805,4.700781807169796,0.06015301528113022,-0.0905634378754027,2,4
1013,1.0129999999999992,hold,100.0,5.9730972514038045,-0.00785050132710019,1.061199089600033,0.06119908960003295,-0.00720702831698184,4.693574778852814,0.059996081640977784,0.64347301011835,2,2
1014,1.0139999999999991,hold,100.0,5.980673807364422,0.007576555960617348,1.0612292050437615,0.0612292050437615,0.007485824287427181,4.701060603140242,0.05984269947199263,-0.09073167319016695,2,4
1015,1.014999999999999,hold,100.0,5.972851707976695,-0.007822099387726489,1.0611130714192474,0.06111307141924738,-0.007181735317516388,4.6938788678227255,0.059693061127440744,0.6403640702101008,2,2
1016,1.015999999999999,hold,100.0,5.980394567418847,0.007542859442151162,1.0611431492272805,0.06114314922728048,0.007452019543347995,4.7013308873660735,0.059546314919671245,-0.09083989880316698,2,2
1017,1.0169999999999988,hold,100.0,5.9726010595517725,-0.007793507867074112,1.061027559574835,0.06102755957483508,-0.007156153997928067,4.694174733368145,0.05940275115316162,0.6373538691460453,2,2
1018,1.0179999999999987,hold,100.0,5.980111184075723,0.007510124523950168,1.0610575909746687,0.061057590974668674,0.007419231933486047,4.701593965301631,0.05926160153554181,-0.09089259046412071,2,2
1019,1.0189999999999986,hold,100.0,5.9723463959415515,-0.007764788134171141,1.0609425306438252,0.060942530643825155,-0.00713036043432052,4.694463604867311,0.05912321800519873,0.634427699850621,2,2
1020,1.0199999999999985,hold,100.0,5.979824508293799,0.007478112352247379,1.0609725075165712,0.06097250751657124,0.007387217664966913,4.701850822532277,0.05898688840352264,-0.09089468728046626,2,2
1021,1.0209999999999984,hold,100.0,5.972088522998082,-0.007735985295717285,1.0608579637850255,0.060857963785025504,-0.007104410832127225,4.69474641170015,0.05885300521721518,0.6315744635900598,2,2
1022,1.0219999999999982,hold,100.0,5.979535187837799,0.007446664839717343,1.060887878706908,0.06088787870690804,0.007355813895280954,4.702102225595431,0.058720896083091105,-0.09085094443638929,2,2
1023,1.0229999999999981,hold,100.0,5.971828054311099,-0.0077071335266998275,1.0607738403512637,0.06077384035126365,-0.007078347993098459,4.695023877602333,0.05859098103095512,0.6287855336013686,2,2
1024,1.023999999999998,hold,100.0,5.979243727627639,0.00741567331654025,1.0608036865674744,0.06080368656747437,0.0073249076025181025,4.702348785204851,0.05846261715818324,-0.09076571402214742,2,2
1025,1.024999999999998,hold,100.0,5.971565468292942,-0.007678259334697124,1.0606901435578244,0.06069014355782443,-0.007052205294356057,4.695296579910495,0.05833624362070927,0.6260540403410673,2,2
1026,1.0259999999999978,hold,100.0,5.978950529004719,0.007385060711777136,1.0607199149314253,0.060719914931425256,0.007294417814723569,4.702590997725218,0.058211240146402804,-0.090642897053567,2,2
1027,1.0269999999999977,hold,100.0,5.971301145337474,-0.007649383667245324,1.0606068582074992,0.060606858207499226,-0.007026009264979554,4.695564988460238,0.058088059352379595,0.6233744022657705,2,2
1028,1.0279999999999976,hold,100.0,5.978655916243299,0.0073547709058248145,1.0606365491614764,0.06063654916147643,0.007264284946769151,4.702829273407008,0.05796609891563552,-0.0904859590556634,2,2
1029,1.0289999999999975,hold,100.0,5.971035392913157,-0.0076205233301420705,1.0605239704641436,0.060523970464143595,-0.006999781324107647,4.6958294920829,0.057845820976225315,0.6207420060344234,2,2
1030,1.0299999999999974,hold,100.0,5.978360155014991,0.0073247621018346365,1.0605535759244977,0.06055357592449773,0.007234464131137236,4.703063956214037,0.05772663785103128,-0.09029797069740053,2,2
1031,1.0309999999999973,hold,100.0,5.970768463039478,-0.007591691975513015,1.060441467666364,0.060441467666364046,-0.0069735389924911765,4.696090417221546,0.057609018389628515,0.6181529830218386,2,2
1032,1.0319999999999971,hold,100.0,5.978063465589859,0.007295002550380403,1.060470983009309,0.06047098300930909,0.00720492089753662,4.703295338119083,0.057492387146518754,-0.09008165284378304,2,2
1033,1.032999999999997,hold,100.0,5.970500565329578,-0.007562900260280614,1.0603593380520908,0.060359338052090816,-0.006947295308631636,4.696348042810451,0.05737721743950503,0.615604951648978,2,2
1034,1.033999999999997,hold,100.0,5.977766030894954,0.007265465565375884,1.0603887590469951,0.060388759046995144,0.0071756261916282454,4.703523669002079,0.057262944506644195,-0.08983937374763828,2,2
1035,1.0349999999999968,hold,100.0,5.970231874546349,-0.007534156348604881,1.0602775709988037,0.06027757099880371,-0.006921063142247361,4.696602605859832,0.0571500448847518,0.61309320635752,2,2
1036,1.0359999999999967,hold,100.0,5.977468008415512,0.007236133869162664,1.0603068937745974,0.060306893774597414,0.007146560590877952,4.70374916645071,0.05703796275305409,-0.08957327828471202,2,2
1037,1.0369999999999966,hold,100.0,5.969962538898025,-0.007505469517487207,1.0601961565378315,0.0601961565378315,-0.006894853263005703,4.696854313187704,0.05692717662390816,0.6106162544815031,2,2
1038,1.0379999999999965,hold,100.0,5.977169531097924,0.007206992199899176,1.0602253775548418,0.06022537755484181,0.007117706873272298,4.703972020060976,0.05681713871192162,-0.08928532662687803,2,2
1039,1.0389999999999964,hold,100.0,5.969692684790389,-0.007476846307534757,1.0601150853995294,0.06011508539952937,-0.006868674334110506,4.697103345726866,0.05670832860478267,0.6081719734242511,2,2
1040,1.0399999999999963,hold,100.0,5.976870712995405,0.007178028205015785,1.0601442014103808,0.06014420141038079,0.0070890509580983,4.704192396684964,0.05660020573453018,-0.08897724691748522,2,2
1041,1.0409999999999962,hold,100.0,5.9694224207859765,-0.007448292209428331,1.060034348932291,0.06003434893229098,-0.006842533725354387,4.6973498629596095,0.056493250062414166,0.6057584840739437,2,2
1042,1.041999999999996,hold,100.0,5.976571652576836,0.007149231790859467,1.0600633569522513,0.06006335695225129,0.007060581202236906,4.704410444161846,0.056386927585629354,-0.0886505886225613,2,2
1043,1.042999999999996,hold,100.0,5.969151840712901,-0.007419811863934811,1.059953939036615,0.059953939036615056,-0.006816437748195173,4.697594006413651,0.05628171808539769,0.6033741157396377,2,2
1044,1.0439999999999958,hold,100.0,5.976272427349988,0.007120586637086923,1.0599828349842197,0.059982834984219746,0.007032287560491278,4.704626293974143,0.05617709265463285,-0.08829907659564477,1,2
1045,1.0449999999999957,hold,100.0,5.968881025316506,-0.007391402033482208,1.0598738466967963,0.059873846696796296,-0.006790384268943783,4.6978359097052,0.056073531438798375,0.6010177645384253,2,2
1046,1.0459999999999956,hold,100.0,5.975973119440971,0.007092094124464765,1.0599026294409142,0.05990262944091418,0.00700415446713303,4.704840064172332,0.055970512019914244,-0.08793965733173546,1,2
1047,1.0469999999999955,hold,100.0,5.9686100468389025,-0.007363072602068144,1.0597940662867622,0.059794066286762204,-0.006764385545702011,4.698075678626631,0.055868512650612885,0.5986870563661327,2,2
1048,1.0479999999999954,hold,100.0,5.975673794811826,0.0070637479729231956,1.0598227334303676,0.05982273343036759,0.00697618280436751,4.705051861430998,0.05576701614621539,-0.08756516855568541,1,2
1049,1.0489999999999953,hold,100.0,5.968338967741489,-0.007334827070336836,1.0597145910165635,0.05971459101656351,-0.006738445751131996,4.698313415679865,0.05566649950517691,0.5963813192048396,2,2
1050,1.0499999999999952,hold,100.0,5.975374511057416,0.007035543315927484,1.0597431403750341,0.05974314037503414,0.0069483664888305464,4.705261782168696,0.05556645048842555,-0.08717682709693739,1,2
1051,1.050999999999995,hold,100.0,5.968067843086021,-0.007306667971395342,1.0596354144835372,0.05963541448353715,-0.00671256844065541,4.6985492137280405,0.05546734460268611,0.5940995307399318,2,2
1052,1.051999999999995,hold,100.0,5.97507531900527,0.007007475919248662,1.0596638440467454,0.05966384404674541,0.006920700273560031,4.7054699140016005,0.05536867430397988,-0.08677564568863178,1,2
1053,1.0529999999999948,hold,100.0,5.967796721581214,-0.007278597424055455,1.0595565306279364,0.05955653062793642,-0.006686756709488376,4.698783157292112,0.05527091341508115,0.5918407145670789,2,2
1054,1.0539999999999947,hold,100.0,5.974776263688056,0.006979542106841485,1.0595848385402096,0.05958483854020957,0.006893179581154052,4.705676336873267,0.055173558872323204,-0.08636252568743323,1,2
1055,1.0549999999999946,hold,100.0,5.967525646459161,-0.00725061722889464,1.0594779337007219,0.05947793370072185,-0.006661013262954595,4.699015323610312,0.055077082657436445,0.5896039659400452,2,2
1056,1.0559999999999945,hold,100.0,5.974477385127529,0.006951738668368179,1.0595061182460577,0.05950611824605767,0.0068658003850449135,4.705881123995357,0.05498098600182235,-0.0859382833232657,1,2
1057,1.0569999999999944,hold,100.0,5.9672546562063635,-0.007222728921165711,1.0593996182367946,0.05939961823679463,-0.006635340470953439,4.699245783524403,0.054885738917279006,0.5873884502122714,2,2
1058,1.0579999999999943,hold,100.0,5.974178718989419,0.0069240627830557955,1.0594276778267795,0.05942767782677949,0.006838559117356833,4.70608434264176,0.05479084676938698,-0.08550366569896276,1,2
1059,1.0589999999999942,hold,100.0,5.966983785179941,-0.007194933809477888,1.0593215790318635,0.059321579031863525,-0.00660974041295051,4.699474602228809,0.05469677749405335,0.5851933965273781,2,2
1060,1.059999999999994,hold,100.0,5.973880297134402,0.006896511954460394,1.059349512195228,0.059349512195228105,0.006811452595531646,4.706286054824341,0.05460304045027863,-0.08505935892874801,1,2
1061,1.060999999999994,hold,100.0,5.966713064126473,-0.007167233007928431,1.0592438111219082,0.05924381112190824,-0.0065842149157486,4.699701839908593,0.05451010141098046,0.5830180921798308,2,2
1062,1.0619999999999938,hold,100.0,5.973582148086154,0.006869083959680999,1.0592716164953853,0.05927161649538526,0.006784477963069646,4.706486317871662,0.05441747360453626,-0.08460599661135308,1,2
1063,1.0629999999999937,hold,100.0,5.966442520624257,-0.007139627461897113,1.0591663097650514,0.05916630976505144,-0.006558765585545324,4.699927552286117,0.05432562056937011,0.5808618763517891,2,2
1064,1.0639999999999936,hold,100.0,5.973284297430176,0.006841776805918798,1.0591939860851773,0.05919398608517734,0.006757632641252821,4.70668518492737,0.05423405929321692,-0.08414416466597657,1,2
1065,1.0649999999999935,hold,100.0,5.96617217946038,-0.007112117969795939,1.0590890704253197,0.059089070425319745,-0.006533393835200485,4.7001517910921695,0.05414325102147014,0.5787241345954538,2,2
1066,1.0659999999999934,hold,100.0,5.972986768156304,0.00681458869592344,1.0591166165211263,0.05911661652112632,0.00673091428936103,4.70688270538153,0.05405271640295806,-0.0836744065624102,1,2
1067,1.0669999999999933,hold,100.0,5.965902062953972,-0.0070847052023319534,1.0590120887579706,0.05901208875797059,-0.006508100907532397,4.700374604473998,0.05396291434239033,0.5766042947995568,2,2
1068,1.0679999999999932,hold,100.0,5.97268958095354,0.006787517999568671,1.059039503544357,0.05903950354435694,0.006704320771842807,4.707078925245841,0.05387336906139664,-0.08319722772586347,1,2
1069,1.068999999999993,hold,100.0,5.965632191235626,-0.007057389717914475,1.058935360596355,0.05893536059635496,-0.006482887895416241,4.700596037350425,0.053784537085443465,0.5745018224982342,2,2
1070,1.069999999999993,hold,100.0,5.972392754465281,0.006760563229654792,1.0589626430681498,0.0589626430681498,0.0066778501309096745,4.7072738874813345,0.05369594612915358,-0.08271309874511787,1,2
1071,1.0709999999999928,hold,100.0,5.965362582488659,-0.007030171976621702,1.0588588819399667,0.05885888193996669,-0.006457755759043764,4.7008161317222905,0.05360805030788464,0.5724162175779375,2,2
1072,1.0719999999999927,hold,100.0,5.972096305511046,0.0067337230223873945,1.0588860311664845,0.0588860311664845,0.006651500563542651,4.707467632285833,0.05352038075669107,-0.0822224588447433,1,2
1073,1.0729999999999926,hold,100.0,5.965093253159655,-0.0070030523513908705,1.0587826489436416,0.0587826489436416,-0.0064327053408911395,4.701034926944942,0.05343338915645161,0.570347010499731,2,2
1074,1.0739999999999925,hold,100.0,5.971800249280244,0.006706996120589004,1.0588096640637248,0.05880966406372479,0.006625270402149958,4.707660197347092,0.05334660999631165,-0.08172571843904561,1,2
1075,1.0749999999999924,hold,100.0,5.964824218140512,-0.0069760311397324415,1.058706657907667,0.05870665790766694,-0.006407737378719639,4.701252459968373,0.05326049250381635,0.5682937610128024,2,2
1076,1.0759999999999923,hold,100.0,5.971504599501197,0.006680381360684606,1.0587335381252028,0.05873353812520277,0.006599158098153347,4.707851618066527,0.053174574461219995,-0.08122326253125894,1,2
1077,1.0769999999999922,hold,100.0,5.964555490930118,-0.006949108571078888,1.0586309052688199,0.058630905268819866,-0.006382852516872193,4.701468765549654,0.05308930262857168,0.5662560542066949,2,2
1078,1.077999999999992,hold,100.0,5.971209368589622,0.006653877659504204,1.0586576498485665,0.05865764984856647,0.006573162208011041,4.708041927757665,0.05300421802490008,-0.0807154514931626,1,2
1079,1.078999999999992,hold,100.0,5.964287083774973,-0.006922284814648627,1.05855538759211,0.0585553875921101,-0.006358051316243216,4.701683876441422,0.052919764932584976,0.5642334984054115,2,2
1080,1.0799999999999919,hold,100.0,5.9709145677801345,0.006627484005161222,1.05858199585595,0.05858199585594992,0.006547281381274736,4.708231157822697,0.05283548755512713,-0.08020262388648558,1,2
1081,1.0809999999999917,hold,100.0,5.964019007793351,-0.006895559986783262,1.0584801015632646,0.05848010156326455,-0.006333334262853249,4.701897823559843,0.05275182769048902,0.5622257239300127,2,2
1082,1.0819999999999916,hold,100.0,5.970620207241586,0.006601199448234674,1.0585065728866825,0.058506572886682484,0.0065215143502669725,4.70841933791011,0.05266833267784487,-0.07968509796770114,1,2
1083,1.0829999999999915,hold,100.0,5.963751273085151,-0.006868934156434747,1.0584050439817732,0.05840504398177315,-0.0063087017755502324,4.7021106361345595,0.05258544182690695,0.5602323808845148,2,2
1084,1.0839999999999914,hold,100.0,5.970326296180499,0.006575023095347632,1.0584313777906602,0.05843137779066021,0.0064958599212423624,4.708606496055802,0.05250270556682346,-0.07916317410526941,1,2
1085,1.0849999999999913,hold,100.0,5.963483888829774,-0.0068424073507245,1.0583302117545053,0.05833021175450526,-0.006284154212719889,4.702322341843082,0.05242056071771882,0.5582531380046111,2,2
1086,1.0859999999999912,hold,100.0,5.97003284293096,0.006548954101186055,1.0583564075222336,0.05835640752223359,0.006470316966682734,4.708792658809765,0.05233856075571329,-0.07863713450332113,1,2
1087,1.086999999999991,hold,100.0,5.963216863372335,-0.006815979558625784,1.0582556018898535,0.05825560188985346,-0.006259691878222698,4.7025329669315425,0.05225714001215933,0.5562876804030862,2,2
1088,1.087999999999991,hold,100.0,5.969739855037278,0.006522991664943412,1.05828165913447,0.05828165913446992,0.006444884418589484,4.708977851350132,0.05217585496953215,-0.07810724635392771,1,2
1089,1.0889999999999909,hold,100.0,5.962950204301354,-0.006789650735924191,1.0581812114922617,0.05818121149226174,-0.006235315026655213,4.702742536323476,0.05209513747306381,0.5543357092689781,2,2
1090,1.0899999999999908,hold,100.0,5.969447339325638,0.006497135024284617,1.0582071297739866,0.058207129773986566,0.006419561262616596,4.709162097586093,0.05201454697309437,-0.07757376166802124,1,2
1091,1.0909999999999906,hold,100.0,5.962683918517428,-0.006763420808210796,1.0581070377571569,0.058107037757156865,-0.006211023868043762,4.702951073718049,0.05193451283296972,0.5523969401670338,2,2
1092,1.0919999999999905,hold,100.0,5.969155301969257,0.0064713834518297375,1.0581328166760955,0.05813281667609549,0.006394346532972184,4.709345420251021,0.051854597434268464,-0.07703691885755336,1,2
1093,1.0929999999999904,hold,100.0,5.962418012295345,-0.0067372896739126276,1.0580330779663927,0.05803307796639268,-0.006186818572007764,4.7031586016790135,0.05177522766405529,0.5504711019048633,2,2
1094,1.0939999999999903,hold,100.0,5.968863748546772,0.006445736251427192,1.0580587171602474,0.05805871716024735,0.006369239307855606,4.709527840986869,0.05169596880018615,-0.076496943571586,1,2
1095,1.0949999999999902,hold,100.0,5.962152491339428,-0.006711257207343557,1.0579593294837615,0.05795932948376148,-0.006162699271465023,4.703365141715404,0.05161724526023739,0.5485579358785343,2,2
1096,1.09599999999999,hold,100.0,5.968572684094975,0.00642019275554695,1.0579848286258635,0.057984828625863516,0.0063442387055063255,4.70970938042091,0.051538625184888456,-0.07595405004062403,1,2
1097,1.09699999999999,hold,100.0,5.9618873608333836,-0.006685323261591769,1.0578857897510452,0.05788578975104519,-0.006138666065981482,4.703570714354928,0.051460530530006675,0.5466571956102874,2,2
1098,1.0979999999999899,hold,100.0,5.9682821131552055,0.0063947523218219615,1.057911148548476,0.05791114854847601,0.006319343880627631,4.709890058235556,0.05138253226699355,-0.0754084411943301,1,2
1099,1.0989999999999898,hold,100.0,5.961622625485555,-0.00665948766965041,1.0578124562842601,0.05781245628426013,-0.006114719024720754,4.703775339210835,0.0513050498986534,0.5447686449296558,2,2
1100,1.0999999999999897,hold,100.0,5.967992039816565,0.006369414331009793,1.057837674476043,0.05783767447604293,0.006294554021282498,4.710069893232117,0.05122765719623406,-0.07486030972729453,1,2
1101,1.1009999999999895,hold,100.0,5.961358289569569,-0.006633750246995973,1.0577393266700958,0.05773932667009585,-0.0060908581891583515,4.703979035042959,0.0511507712188826,0.5428920578376215,2,2
1102,1.1019999999999894,hold,100.0,5.967702467753916,0.006344178184346738,1.0577644040255811,0.05776440402558114,0.006269868346074377,4.710248903389034,0.0510739685078903,-0.07430983827236108,1,2
1103,1.1029999999999893,hold,100.0,5.961094356960239,-0.006608110793676403,1.0576663985626542,0.05766639856265421,-0.006067083575463625,4.70418181981357,0.050997663688806934,0.541027218212778,2,2
1104,1.1039999999999892,hold,100.0,5.967413400263222,0.006319043302982941,1.0576913348799701,0.057691334879970135,0.006245286101651066,4.710427105915221,0.05092143604417837,-0.07375720133187459,1,2
1105,1.104999999999989,hold,100.0,5.960830831167845,-0.006582569095376911,1.057593669680406,0.05759366968040602,-0.006043395176710226,4.704383710738511,0.05084569777655862,0.5391739186666848,2,2
1106,1.105999999999989,hold,100.0,5.967124840292814,0.006294009124968802,1.0576184647850246,0.05761846478502464,0.006220806560489813,4.710604517299,0.050770030881868204,-0.07320256447898923,1,2
1107,1.1069999999999889,hold,100.0,5.960567715367743,-0.0065571249250711006,1.0575211378032925,0.05752113780329249,-0.006019792964797979,4.704584724334202,0.05069484515075328,0.5373319602731217,2,2
1108,1.1079999999999888,hold,100.0,5.966836790471895,0.006269075104151867,1.0575457915466755,0.057545791546675495,0.006196429018808491,4.71078115335301,0.050619725265470566,-0.07264608534337559,1,2
1109,1.1089999999999887,hold,100.0,5.9603050124278845,-0.0065317780440103945,1.0574488007700211,0.057448800770021125,-0.005996276892230553,4.70478487646078,0.05054507861624033,0.5355011517798411,2,2
1110,1.1099999999999886,hold,100.0,5.966549259017295,0.006244246589410807,1.0574733140851194,0.057473314085119354,0.006172152520328552,4.710957028981108,0.050470493313700855,-0.07209406908225464,2,2
1111,1.1109999999999884,hold,100.0,5.960042726129244,-0.00650653288805092,1.0573766576325718,0.057376657632571826,-0.00597285207839778,4.70498417690271,0.050396373570421774,0.5336808096531396,2,2
1112,1.1119999999999883,hold,100.0,5.966262242573953,0.006219516444708972,1.0574010293138785,0.05740102931387847,0.006147982345317564,4.711132159248027,0.05032230939264456,-0.07153409939140813,2,2
1113,1.1129999999999882,hold,100.0,5.9597808575231355,-0.006481385050817856,1.0573047051139057,0.05730470511390573,-0.005949513190401889,4.705182646057626,0.050248703369590454,0.5318718604159673,2,2
1114,1.113999999999988,hold,100.0,5.965975742457289,0.006194884934153322,1.0573289351246606,0.05732893512466064,0.0061239120109308175,4.711306558068556,0.05017514812582201,-0.0709729232225044,2,2
1115,1.114999999999988,hold,100.0,5.959519408708249,-0.0064563337490399775,1.0572329412335928,0.05723294123359279,-0.005926260108848457,4.7053802979597075,0.05010204388407838,0.5300736401915203,2,2
1116,1.115999999999988,hold,100.0,5.965689760200019,0.006170351491769921,1.057257029534272,0.05725702953427203,0.006099940941607164,4.711480238901315,0.05002898585510118,-0.07041055016275728,2,2
1117,1.1169999999999878,hold,100.0,5.959258381560242,-0.006431378639776497,1.0571613640510182,0.05716136405101824,-0.0059030927267676395,4.705577146174547,0.049956371910180326,0.5282859130088576,2,2
1118,1.1179999999999877,hold,100.0,5.965404297171602,0.006145915611360131,1.057185310614222,0.05718531061422194,0.006076068547384378,4.711653214721931,0.049883799821117854,-0.06984706397575313,2,2
1119,1.1189999999999876,hold,100.0,5.958997777749758,-0.006406519421844337,1.0570899716695104,0.05708997166951035,-0.005880010924276001,4.705773203797655,0.04981166512132525,0.5265084975683356,2,2
1120,1.1199999999999875,hold,100.0,5.965119354558835,0.006121576809077212,1.0571137764836198,0.057113776483619816,0.006052294244101183,4.711825498041756,0.049739568119982196,-0.069282564976029,2,2
1121,1.1209999999999873,hold,100.0,5.958737598758676,-0.006381755800159539,1.05701876223635,0.05701876223635005,-0.005857014568859665,4.705968483472897,0.049667902025890956,0.5247412312998738,2,2
1122,1.1219999999999872,hold,100.0,5.964834933373681,0.006097334615005501,1.0570424253062431,0.05704242530624315,0.006028617457830256,4.711997100930727,0.04959626966270997,-0.06871715717524443,2,2
1123,1.1229999999999871,hold,100.0,5.958477845894738,-0.0063570874789435905,1.0569477339415911,0.05694773394159114,-0.005834103516711873,4.706162997414015,0.049525061927854934,0.5229839622317174,2,2
1124,1.123999999999987,hold,100.0,5.964551034464506,0.006073188569768462,1.0569712552887307,0.056971255288730704,0.006005037626030841,4.7121680350400466,0.04945388413713758,-0.0681509437376205,2,2
1125,1.124999999999987,hold,100.0,5.958218520305174,-0.0063325141593324474,1.0568768850168835,0.05687688501688348,-0.005811277613806566,4.70635675742624,0.04938312488984393,0.5212365455258818,2,2
1126,1.1259999999999868,hold,100.0,5.964267658527593,0.006049138222419259,1.056900264678892,0.05690026467889209,0.00598155419755142,4.712338311623792,0.04931239197210519,-0.06758402486783943,2,2
1127,1.1269999999999867,hold,100.0,5.957959622988592,-0.006308035539000834,1.056806213733954,0.056806213733954,-0.005788536696843637,4.706549774926948,0.049242071698375134,0.5194988421571965,2,2
1128,1.1279999999999866,hold,100.0,5.9639848061189955,0.006025183130403455,1.0568294517641639,0.056829451764163874,0.00595816663228752,4.7125079415592355,0.049171774303729106,-0.06701649811593526,2,2
1129,1.1289999999999865,hold,100.0,5.957701154806678,-0.006283651312317673,1.0567357184033523,0.05673571840335234,-0.005765880594023539,4.706742060965212,0.0491018838311311,0.5177707182941341,2,2
1130,1.1299999999999863,hold,100.0,5.963702477664751,0.006001322858073088,1.0567588148702343,0.056758814870234264,0.005934874400703545,4.7126769353659155,0.04903201294362432,-0.06644845736954348,2,2
1131,1.1309999999999862,hold,100.0,5.957443116494286,-0.006259361170465105,1.0566653973729634,0.05666539737296339,-0.005743309125750259,4.706933626240165,0.048962543426056,0.5160520447148459,2,2
1132,1.1319999999999861,hold,100.0,5.963420673470343,0.0059775569760569525,1.0566883523595212,0.05668835235952119,0.005911676983329365,4.712845303223494,0.04889309034887498,-0.06587999272758722,2,2
1133,1.132999999999986,hold,100.0,5.957185508668667,-0.00623516480167563,1.0565952490268304,0.05659524902683044,-0.00572082210528076,4.707124481118213,0.04882403325220948,0.5143426963948698,2,2
1134,1.133999999999986,hold,100.0,5.963139393729928,0.0059538850612606,1.0566180626300499,0.05661806263004987,0.0058885738701994405,4.713013054988412,0.0487549895936972,-0.06531119106115926,2,2
1135,1.1349999999999858,hold,100.0,5.9569283318384745,-0.006211061891453262,1.056525271783859,0.05652527178385891,-0.005698419339240207,4.707314635649172,0.048686336682181024,0.5126425522130554,2,2
1136,1.1359999999999857,hold,100.0,5.962858638534632,0.005930306696157572,1.056547944114134,0.05654794411413411,0.005865564560358735,4.71318020020953,0.048617694342616605,-0.06474213579883703,2,2
1137,1.1369999999999856,hold,100.0,5.956671586411362,-0.006187052123269865,1.0564554640965644,0.056455464096564434,-0.005676100628190793,4.70750409958134,0.048549437665994934,0.5109514950790723,2,2
1138,1.1379999999999855,hold,100.0,5.962578407880004,0.005906821468641965,1.0564779952771775,0.05647799527717745,0.005842648561426582,4.713346748142766,0.04848118882505535,-0.06417290721538303,2,2
1139,1.1389999999999854,hold,100.0,5.956415272701892,-0.006163135178112178,1.056385824450021,0.05638582445002105,-0.005653865767089012,4.707692882375677,0.04841332070637634,0.5092694110231657,2,2
1140,1.1399999999999852,hold,100.0,5.962298701672809,0.005883428970917315,1.056408214616587,0.05640821461658696,0.005819825389097852,4.713512707764775,0.04834545781126915,-0.06360358181946302,2,2
1141,1.1409999999999851,hold,100.0,5.956159392057279,-0.006139309615530664,1.0563163504344555,0.05631635043445549,-0.005631706148880656,4.7078810016158945,0.048277969325726026,0.5076034666500074,1,2
1142,1.141999999999985,hold,100.0,5.962019508264768,0.005860116207489163,1.0563385993694043,0.05633859936940433,0.00579708379547615,4.71367808541137,0.048210483554024734,-0.06303241201301331,2,2
1143,1.142999999999985,hold,100.0,5.955903942927834,-0.006115565336934026,1.0562470413112561,0.05624704131125613,-0.0056096271307529335,4.708068458280617,0.048143369047721624,0.5059382061810922,1,2
1144,1.1439999999999848,hold,100.0,5.961740838821716,0.005836895893882144,1.0562691493468164,0.05626914934681637,0.005774433736427539,4.713842892017045,0.04807625488683321,-0.06246215745460415,2,2
1145,1.1449999999999847,hold,100.0,5.95564892579721,-0.00609191302450629,1.0561778958090635,0.056177895809063516,-0.005587631321849796,4.708255260695195,0.04800950744542649,0.5042817026564943,1,2
1146,1.1459999999999846,hold,100.0,5.961462693058126,0.005813767260915981,1.0561998631517582,0.05619986315175818,0.0057518750572772195,4.714007135752472,0.04794275808085611,-0.06189220363876126,2,2
1147,1.1469999999999845,hold,100.0,5.955394340743108,-0.006068352315018011,1.0561089125612193,0.056108912561219304,-0.00556571852438254,4.708441417228089,0.04787637101253043,0.5026337906354709,1,2
1148,1.1479999999999844,hold,100.0,5.96118507060844,0.0057907298653328,1.0561307394071882,0.05613073940718816,0.005729407353363356,4.714170824581452,0.047809979854932155,-0.06132251196944421,2,2
1149,1.1489999999999843,hold,100.0,5.955140187735249,-0.006044882873191604,1.0560400902119698,0.05604009021196976,-0.005543888522599376,4.708626936058852,0.047743946687765965,0.5009943505922274,1,2
1150,1.1499999999999841,hold,100.0,5.960907971038347,0.0057677833030984615,1.0560617767602452,0.05606177676024515,0.005707030193631888,4.714333966252484,0.04767790736409257,-0.060753109466573155,2,2
1151,1.150999999999984,hold,100.0,5.954886466668749,-0.006021504369598141,1.0559714274268441,0.055971427426844134,-0.005522141091647088,4.708811825160837,0.04761222183779873,0.49936327795105284,1,2
1152,1.151999999999984,hold,100.0,5.960631393852714,0.005744927183965132,1.0559929738828182,0.05599297388281821,0.00568474314330143,4.714496568304138,0.04754652818262674,-0.060184040663702025,2,2
1153,1.1529999999999838,hold,100.0,5.9546331773767065,-0.005998216476007734,1.0559029228947932,0.05590292289479315,-0.005500476001000593,4.7089960923031375,0.04748118424019688,0.49774047500714125,1,2
1154,1.1539999999999837,hold,100.0,5.960355338500913,0.00572216112420687,1.055924329471377,0.05592432947137693,0.005662545769385711,4.714658638072523,0.04741583028742886,-0.059615354821159275,2,2
1155,1.1549999999999836,hold,100.0,5.9543803196360265,-0.005975018864886827,1.0558345753285168,0.05583457532851677,-0.0054788930159863575,4.709179745056536,0.047350822067064625,0.4961258489004699,1,2
1156,1.1559999999999835,hold,100.0,5.960079804381721,0.00569948474569415,1.0558558422464663,0.055855842246466336,0.005640437642472971,4.714820182699009,0.04728580204199407,-0.05904710322117857,2,2
1157,1.1569999999999834,hold,100.0,5.954127893173029,-0.0059519112086920956,1.05576638346422,0.055766383464219915,-0.005457391898587117,4.709362790800422,0.04722112386935653,0.4945193101049787,1,2
1158,1.1579999999999833,hold,100.0,5.9598047908466905,0.005676897673661863,1.0557875109521557,0.05578751095215573,0.00561841833736683,4.714981209137789,0.04715643218109046,-0.05847933629503279,2,2
1159,1.1589999999999832,hold,100.0,5.95387589766695,-0.0059288931797407685,1.0556983460610718,0.055698346061071824,-0.005435972407973706,4.709545236729815,0.04709207856192395,0.49292077176706256,1,2
1160,1.159999999999983,hold,100.0,5.959530297203919,0.0056543995369695566,1.0557193343554088,0.05571933435540877,0.005596487433263171,4.715141724163078,0.04702770979615488,-0.057912103706385734,2,2
1161,1.160999999999983,hold,100.0,5.953624332753888,-0.00590596445003122,1.055630461900807,0.055630461900807004,-0.0054146343007856704,4.709727089862293,0.046963675409215005,0.49133014924554985,1,2
1162,1.1619999999999828,hold,100.0,5.959256322721622,0.00563198996773373,1.0556513112454848,0.055651311245484836,0.005574644513721172,4.7153017343760135,0.04689962432130941,-0.057345454012558764,2,2
1163,1.1629999999999827,hold,100.0,5.953373198029684,-0.005883124691937525,1.0555627297870183,0.05556272978701826,-0.005393377331446614,4.709908357044567,0.046835904011627544,0.489747360490911,1,2
1164,1.1639999999999826,hold,100.0,5.9589828666300475,0.005609668600363271,1.0555834404333233,0.055583440433323306,0.0055528891666654255,4.715461246211232,0.046772165520037094,-0.05677943369784572,2,2
1165,1.1649999999999825,hold,100.0,5.953122493052024,-0.005860373578023825,1.0554951485446387,0.05549514854463866,-0.005372201252388225,4.710089044958844,0.046708754292471615,0.4881723256356003,1,2
1166,1.1659999999999824,hold,100.0,5.958709928124865,0.005587435072841096,1.055515720750955,0.0555157207509549,0.005531220984227158,4.715620265943071,0.046645323472425795,-0.05621408861393798,2,2
1167,1.1669999999999823,hold,100.0,5.952872217344139,-0.00583771078072548,1.055427717019352,0.05542771701935201,-0.0053511058142330925,4.710269160128838,0.04658221648550188,0.4866049664923877,1,2
1168,1.1679999999999822,hold,100.0,5.958437506369259,0.0055652890251201015,1.055448151050881,0.05544815105088108,0.005509639562649734,4.7157787996914875,0.04651908856299797,-0.055649462470367186,2,2
1169,1.168999999999982,hold,100.0,5.952622370396429,-0.005815135972830454,1.0553604340770506,0.0553604340770506,-0.005330090765969783,4.710448708925518,0.046456281123024114,0.4850452068606709,1,2
1170,1.169999999999982,hold,100.0,5.958165600495885,0.005543230099456231,1.0553807302056155,0.055380730205615514,0.005488144502135565,4.715936853427653,0.04639345146905663,-0.055085597320665876,2,2
1171,1.1709999999999818,hold,100.0,5.952372951668556,-0.0057926488273292165,1.0552932986032217,0.05529329860322174,-0.005309155855089243,4.710627697572564,0.046330939024496184,0.48349297223997373,1,2
1172,1.1719999999999817,hold,100.0,5.957894200458407,0.00552124878985083,1.0553134562116624,0.05531345621166239,0.005466731408313051,4.716094428980877,0.046268402587116564,-0.054517381537779255,1,2
1173,1.1729999999999816,hold,100.0,5.952123964023895,-0.005770236434512022,1.0552263086183458,0.055226308618345765,-0.005288288301359951,4.710806140679517,0.04620618019445087,0.48194813315207036,1,2
1174,1.1739999999999815,hold,100.0,5.957623314208771,0.005499350184876128,1.055246328838705,0.05524632883870506,0.005445395256153393,4.71625153593567,0.046143933188831025,-0.053954928722735156,1,2
1175,1.1749999999999814,hold,100.0,5.951875403440298,-0.005747910768472586,1.0551594639833999,0.05515946398339988,-0.005267500543213548,4.710984035392456,0.046081997105535025,0.48041022525903765,1,2
1176,1.1759999999999813,hold,100.0,5.957352941129645,0.0054775376893463346,1.0551793470729582,0.05517934707295824,0.005424144498765993,4.716408179891222,0.0460200353084798,-0.053393190580341976,1,2
1177,1.1769999999999812,hold,100.0,5.951627269314034,-0.005725671815610234,1.055092763624066,0.0550927636240659,-0.005246792272398111,4.711161387618824,0.04595838137694635,0.4788795432121226,1,2
1178,1.177999999999981,hold,100.0,5.957083080298595,0.005455810984560827,1.0551125098654999,0.05511250986549987,0.005402978681786663,4.71656436630061,0.04589670068670778,-0.0528323027741643,1,2
1179,1.178999999999981,hold,100.0,5.951379560999536,-0.005703519299059323,1.05502620649204,0.05502620649203993,-0.005226163223399151,4.7113382030772115,0.04583532487181675,0.47735607566017163,1,2
1180,1.1799999999999808,hold,100.0,5.956813730736349,0.00543416973681321,1.0550458161801661,0.05504581618016613,0.00538189740340628,4.716720100480618,0.04577392130614916,-0.052272333406930445,1,2
1181,1.1809999999999807,hold,100.0,5.951132277826444,-0.0056814529099051825,1.0549597915590958,0.054959791559095805,-0.005205613134960368,4.711514487345657,0.045712819690419,0.4758397749448145,1,2
1182,1.1819999999999806,hold,100.0,5.956544891434545,0.005412613608100969,1.0549792649969107,0.05497926499691075,0.005360900276568246,4.716875387622226,0.04565168938238262,-0.051713331532723256,1,2
1183,1.1829999999999805,hold,100.0,5.950885419104088,-0.005659472330457049,1.054893517815073,0.0548935178150729,-0.0051851417465745755,4.711690245875651,0.04559085816155299,0.47433058388247384,1,2
1184,1.1839999999999804,hold,100.0,5.95627656136291,0.005391142258821979,1.0549128553121327,0.05491285531213275,0.005339986921428499,4.71703023279708,0.04552999735530357,-0.05115533739348012,1,2
1185,1.1849999999999803,hold,100.0,5.950638984122611,-0.00563757724029923,1.0548273842668687,0.05482738426686873,-0.005164748797687567,4.711865483999392,0.045469432834151696,0.4728284426116624,1,2
1186,1.1859999999999802,hold,100.0,5.956008739472695,0.0053697553500846595,1.0548465861384517,0.054846586138451725,0.005319156962993004,4.717184640962385,0.045408837880904884,-0.05059838709165539,1,2
1187,1.18699999999998,hold,100.0,5.950392972154231,-0.005615767318464471,1.0547613899377317,0.05476138993773172,-0.005144434027444183,4.712040206934941,0.04534853646925241,0.4713332910202877,1,2
1188,1.18799999999998,hold,100.0,5.955741424698022,0.00534845254379146,1.0547804565043029,0.054780456504302855,0.005298410030158294,4.717338616965099,0.04528820382338251,-0.050042513633165656,1,2
1189,1.1889999999999799,hold,100.0,5.950147382454891,-0.005594042243131092,1.0546955338666923,0.05469553386669235,-0.005124197174664966,4.712214419790434,0.045228162032283005,0.46984506846612595,1,2
1190,1.1899999999999797,hold,100.0,5.955474615957826,0.005327233502934625,1.0547144654535416,0.05471446545354164,0.005277745755258063,4.717492165545692,0.0451680882475965,-0.049487747676562124,1,2
1191,1.1909999999999796,hold,100.0,5.949902214264074,-0.005572401693751949,1.054629815108138,0.054629815108137914,-0.005104037977799798,4.712388127567892,0.04510830268568128,0.46836371595215115,1,2
1192,1.1919999999999795,hold,100.0,5.9552083121568575,0.00530609789278369,1.054648612045043,0.0546486120450429,0.005257163773726684,4.7176452913416185,0.04504848441183974,-0.04893411905700605,1,2
1193,1.1929999999999794,hold,100.0,5.949657466806963,-0.005550845349894473,1.0545642327313038,0.05456423273130384,-0.00508395617496012,4.712561335166658,0.04498895178181265,0.4668891749343533,1,2
1194,1.1939999999999793,hold,100.0,5.9549425121863315,0.005285045379368469,1.0545828953523328,0.05458289535233285,0.0052366637239439325,4.717797998890602,0.044929385760906264,-0.04838165542453681,1,2
1195,1.1949999999999792,hold,100.0,5.9494131392945055,-0.005529372891825979,1.0544987858199433,0.054498785819943274,-0.005063951503963644,4.712734047386639,0.04487010285617229,0.46542138786233483,1,2
1196,1.195999999999979,hold,100.0,5.95467721492516,0.005264075630654119,1.0545173144632287,0.05451731446322872,0.005216245247084139,4.717950292633723,0.044810785919430246,-0.04783038356998004,1,2
1197,1.196999999999979,hold,100.0,5.949169230924546,-0.00550798400061403,1.0544334734718812,0.05443347347188121,-0.005044023702375584,4.712906268931347,0.044751749620895426,0.4639602982384463,1,2
1198,1.1979999999999789,hold,100.0,5.954412419240509,0.005243188315962932,1.054451868479417,0.054451868479417076,0.005195907987004807,4.718102176918352,0.04469267868552326,-0.04728032895812487,1,2
1199,1.1989999999999787,hold,100.0,5.948925740882575,-0.005486678357933705,1.05436829479871,0.05436829479871008,-0.005024172507572826,4.713078004410779,0.044633885958485976,0.46250585036087916,1,2
1200,1.1999999999999786,hold,100.0,5.954148123988855,0.005222383106279871,1.0543865565162145,0.05438655651621449,0.005175651590184393,4.718253656000963,0.04457505802464905,-0.046731516095477495,1,2
1201,1.2009999999999785,hold,100.0,5.948682668342221,-0.005465455646633366,1.054303248925464,0.05430324892546401,-0.005004397656739319,4.713249258344224,0.04451650591583818,0.4610579898940469,1,2
1202,1.2019999999999784,hold,100.0,5.953884328016599,0.005201659674377801,1.0543213777021883,0.054321377702188256,0.005155475705602371,4.718404734049826,0.04445791806374353,-0.04618396877542966,1,2
1203,1.2029999999999783,hold,100.0,5.948440012466288,-0.005444315550310996,1.0542383349902231,0.054238334990223125,-0.004984698887007656,4.713420035162819,0.04439960369847891,0.45961666330334056,1,2
1204,1.2039999999999782,hold,100.0,5.9536210301605585,0.005181017694270373,1.0542563311787838,0.05425633117878381,0.005135379984721491,4.71855541514754,0.044341253085596104,-0.045637709548882605,1,2
1205,1.204999999999978,hold,100.0,5.948197772407005,-0.0054232577535531235,1.0541735521438638,0.05417355214386377,-0.004965075935415069,4.713590339212125,0.044283173665042565,0.45818181813805403,1,2
1206,1.205999999999978,hold,100.0,5.953358229248429,0.005160456841423411,1.0541914161001271,0.05419141610012712,0.005115364081381239,4.718705703293506,0.04422505752341544,-0.04509276004217161,1,2
1207,1.2069999999999779,hold,100.0,5.9479559473071735,-0.00540228194125536,1.054108899549713,0.054108899549712985,-0.004945528538981656,4.713760174754524,0.04416721032197425,0.45675340227370376,1,2
1208,1.2079999999999778,hold,100.0,5.9530959240999834,0.005139976792809975,1.0541266316326499,0.05412663163264986,0.0050954276517416325,4.718855602406266,0.0441093259556562,-0.0445491410683424,1,2
1209,1.2089999999999776,hold,100.0,5.947714536299889,-0.005381387800094117,1.054044376383315,0.05404437638331494,-0.004926056434760734,4.713929545971505,0.04405170831843084,0.45533136533338314,1,2
1210,1.2099999999999775,hold,100.0,5.952834113527488,0.005119577227598704,1.0540619769548651,0.05406197695486514,0.005075570354305233,4.7190051163258095,0.043994053101011836,-0.044006873293470604,1,2
1211,1.2109999999999774,hold,100.0,5.947473538510073,-0.005360575017414604,1.0539799818320743,0.05397998183207431,-0.004906659359896525,4.714098456965913,0.04393666244139421,0.4539156575180791,1,2
1212,1.2119999999999773,hold,100.0,5.952572796335413,0.005099257825339265,1.0539974512570296,0.053997451257029594,0.005055791849772632,4.719154248815686,0.04387923381362784,-0.04346597556663303,1,2
1213,1.2129999999999772,hold,100.0,5.94723295305416,-0.005339843281253032,1.0539157150950327,0.05391571509503268,-0.004887337051604783,4.714266911764081,0.04382206761097379,0.45250622964824844,1,2
1214,1.213999999999977,hold,100.0,5.952311971321958,0.005079018267798219,1.0539330537408997,0.05393305374089974,0.005036091801037352,4.719303003565119,0.04376486307849397,-0.04292646676086649,1,2
1215,1.214999999999977,hold,100.0,5.9469927790412065,-0.005319192280751395,1.0538515753826376,0.05385157538263763,-0.004868089247249867,4.714434914317869,0.043707918875885696,0.45110303350152753,1,2
1216,1.2159999999999769,hold,100.0,5.952051637279146,0.00505885823793939,1.0538687836195038,0.05386878361950376,0.005016469873160427,4.7194513841910295,0.04365093600702324,-0.042388364778963086,1,2
1217,1.2169999999999768,hold,100.0,5.946753015573033,-0.00529862170611306,1.0537875619163906,0.05378756191639056,-0.004848915684383724,4.714602468506646,0.04359421140911905,0.44970602172933644,1,2
1218,1.2179999999999767,hold,100.0,5.951791792992949,0.005038777419915874,1.053804640116872,0.053804640116871916,0.004996925733302076,4.719599394239948,0.043537447832785264,-0.0418516866137978,1,2
1219,1.2189999999999765,hold,100.0,5.946513661744304,-0.005278131248644513,1.053723673928715,0.05372367392871502,-0.004829816100755772,4.714769578139192,0.043480940503761036,0.4483151478887415,1,2
1220,1.2199999999999764,hold,100.0,5.95153243724425,0.005018775499945782,1.0537406224677943,0.05374062246779432,0.004977459050694381,4.719747037189887,0.043424393907431816,-0.04131644925140128,1,2
1221,1.2209999999999763,hold,100.0,5.946274716643892,-0.00525772060035834,1.053659910662637,0.05365991066263698,-0.004810790234363004,4.714936246955523,0.04336810156899192,0.4469303659953355,1,2
1222,1.2219999999999762,hold,100.0,5.951273568808734,0.0049988521648423045,1.0536767299175906,0.05367672991759065,0.004958069496607378,4.719894316452131,0.04331176969675372,-0.04078266823492622,1,2
1223,1.222999999999976,hold,100.0,5.946036179354418,-0.005237389454316066,1.053596271371602,0.053596271371602056,-0.004791837823459709,4.715102478628672,0.04325569012622494,0.44555163085635735,1,2
1224,1.223999999999976,hold,100.0,5.951015186457845,0.004979007103426802,1.0536129617218577,0.0536129617218577,0.00493875674430647,4.720041235372978,0.04319957077690663,-0.040250359120332785,1,2
1225,1.2249999999999759,hold,100.0,5.945798048952841,-0.005217137505003855,1.0535327553192344,0.053532755319234404,-0.004772958606600302,4.715268276766378,0.043143701805397554,0.44417889840355285,1,2
1226,1.2259999999999758,hold,100.0,5.950757288958382,0.0049592400055411545,1.0535493171463184,0.05354931714631839,0.004919520469015612,4.720187797235393,0.04308779283077171,-0.039719536525542436,1,2
1227,1.2269999999999757,hold,100.0,5.945560324510998,-0.005196964447383934,1.0534693617791044,0.05346936177910444,-0.004754152322646337,4.715433644912747,0.043032132341413495,0.44281212473759685,1,2
1228,1.2279999999999756,hold,100.0,5.950499875073469,0.004939550562470529,1.053485795466524,0.05348579546652399,0.004900360347891127,4.720334005260638,0.04297643164445036,-0.03919021457940257,1,2
1229,1.2289999999999754,hold,100.0,5.945323005095897,-0.0051768699775713856,1.053406090034555,0.05340609003455499,-0.004735418710809668,4.715598586549829,0.04292097757069516,0.4414512667617176,1,2
1230,1.2299999999999753,hold,100.0,5.95024294356281,0.004919938466913187,1.0534223959677218,0.0534223959677218,0.004881276059994967,4.720479862609824,0.042865483103917815,-0.038662406918220545,1,2
1231,1.2309999999999752,hold,100.0,5.945086089769866,-0.005156853792944283,1.0533429393784648,0.05334293937846479,-0.004716757510676347,4.715763105099147,0.042810233427899406,0.4400962822679356,1,2
1232,1.2319999999999751,hold,100.0,5.949986493182802,0.004900403412936072,1.0533591179446071,0.053359117944607126,0.004862267286253678,4.720625372385401,0.04275494319176172,-0.03813612668239399,1,2
1233,1.232999999999975,hold,100.0,5.944849577590935,-0.005136915591867464,1.053279909113096,0.05327990911309599,-0.0046981684621924405,4.715927203923209,0.04269989594272995,0.43874712967502305,1,2
1234,1.233999999999975,hold,100.0,5.949730522686646,0.00488094509571102,1.0532959607011405,0.05329596070114051,0.004843333709430712,4.72077053763264,0.042644807984075286,-0.03761138628030798,1,2
1235,1.2349999999999748,hold,100.0,5.944613467613297,-0.0051170550733488085,1.0532169985498434,0.05321699854984341,-0.004679651305737062,4.716090886326903,0.04258996123687959,0.43740376761174615,1,2
1236,1.2359999999999747,hold,100.0,5.949475030825095,0.004861563211798092,1.0532329235503717,0.05323292355037168,0.004824475014126875,4.72091536134103,0.042535073647461126,-0.03708819767121729,1,2
1237,1.2369999999999746,hold,100.0,5.944377758887284,-0.005097271937811065,1.053154207009106,0.053154207009106,-0.004661205782121924,4.716254155558908,0.04248042552108594,0.436066155689141,1,2
1238,1.2379999999999745,hold,100.0,5.949220016346679,0.0048422574593951495,1.0531700058142621,0.05317000581426212,0.004805690886712375,4.721059846445621,0.042425736436136216,-0.036566572682774495,1,2
1239,1.2389999999999743,hold,100.0,5.944142450460015,-0.0050775658866637485,1.0530915338200624,0.053091533820062375,-0.0046428316325682496,4.716417014813052,0.04237128509230169,0.434734254095499,1,2
1240,1.2399999999999742,hold,100.0,5.948965477997429,0.00482302753741326,1.0531072068234437,0.05310720682344372,0.004786981015306024,4.721203995828358,0.042316792689142735,-0.03604652210723643,1,2
1241,1.2409999999999741,hold,100.0,5.943907541375163,-0.005057936622265835,1.0530289783205118,0.05302897832051179,-0.004624528598777759,4.71657946722958,0.04226253633095625,0.4334080234880758,1,2
1242,1.241999999999974,hold,100.0,5.94871141452149,0.004803873146327575,1.0530445259171624,0.053044525917162355,0.004768345089788671,4.721347812319369,0.0422082388276811,-0.03552805653890458,1,2
1243,1.242999999999974,hold,100.0,5.943673030673477,-0.005038383848013694,1.052966539856712,0.05296653985671207,-0.004606296422931625,4.716741515896437,0.042154175698332616,0.43208742508206965,1,2
1244,1.2439999999999738,hold,100.0,5.948457824661837,0.004784793988360292,1.0529819624429975,0.052981962442997466,0.004749782801751248,4.721491298698188,0.04210007135252689,-0.03501118660904391,1,2
1245,1.2449999999999737,hold,100.0,5.94343891739348,-0.005018907268357076,1.0529042177832115,0.05290421778321153,-0.004588134847715879,4.716903163850472,0.042046199734030634,0.43077242064119664,1,2
1246,1.2459999999999736,hold,100.0,5.948204707159475,0.004765789765994732,1.0529195157567577,0.052919515756757685,0.004731293844466243,4.721634457694939,0.04199228684153965,-0.03449592152848964,1,2
1247,1.2469999999999735,hold,100.0,5.9432052005706115,-0.004999506588863056,1.052842011462679,0.052842011462679084,-0.004570043616296414,4.717064414078642,0.04193860505352869,0.42946297256664206,1,2
1248,1.2479999999999734,hold,100.0,5.947952060754413,0.004746860183801438,1.0528571852223094,0.05285718522230942,0.004712877912883721,4.7217772919915255,0.04188488194726364,-0.03398227091771719,1,2
1249,1.2489999999999732,hold,100.0,5.942971879238298,-0.00498018151611479,1.0527799202657324,0.052779920265732416,-0.004552022472388515,4.717225269519137,0.04183138834582569,0.4281590437262752,1,2
1250,1.2499999999999731,hold,100.0,5.947699884185776,0.004728004947478048,1.0527949702114268,0.05279497021142676,0.004694534703614436,4.721919804222751,0.041777853394632546,-0.03347024386361232,1,2
1251,1.250999999999973,hold,100.0,5.9427389524280505,-0.004960931757725717,1.0527179435708482,0.05271794357084825,-0.00453407116023397,4.7173857330625175,0.04172454637118463,0.4268605974917473,1,2
1252,1.251999999999973,hold,100.0,5.947448176191671,0.004709223763620152,1.0527328701036316,0.05273287010363159,0.0046762639148621955,4.72206199697738,0.04167119797873317,-0.03295984875795622,1,2
1253,1.2529999999999728,hold,100.0,5.942506419169677,-0.004941757021994064,1.0526560807641225,0.05265608076412254,-0.004516189424603374,4.717545807552776,0.0416180759589409,0.42556759739069067,1,2
1254,1.2539999999999727,hold,100.0,5.947196935509472,0.004690516339795003,1.0526708842860222,0.05267088428602218,0.004658065246458221,4.722203872799234,0.04156491256265572,-0.03245109333678206,1,2
1255,1.2549999999999726,hold,100.0,5.942274278490636,-0.00492265701883543,1.0525943312392134,0.05259433123921342,-0.004498377010835325,4.717705495788399,0.04151197400538925,0.4242800080001049,1,2
1256,1.2559999999999725,hold,100.0,5.9469461608765375,0.004671882385901327,1.0526090121532155,0.05260901215321545,0.004639938399828661,4.722345434188228,0.04145899407543994,-0.031943986072665784,1,2
1257,1.2569999999999724,hold,100.0,5.942042529417806,-0.0049036314587311836,1.052532694397137,0.052532694397136925,-0.004480633664867513,4.717864800523361,0.04140623747177012,0.4229977938636706,1,2
1258,1.2579999999999723,hold,100.0,5.946695851029759,0.004653321611952421,1.052547253107112,0.05254725310711206,0.004621883077966052,4.722486683601327,0.04135343951006801,-0.03143853398636896,1,2
1259,1.2589999999999721,hold,100.0,5.941811170975894,-0.004884680053864443,1.0524711696461624,0.052471169646162386,-0.004462959133171859,4.718023724468154,0.04130086338228799,0.4217209206925842,1,2
1260,1.259999999999972,hold,100.0,5.946446004705837,0.004634833729943111,1.0524856065568222,0.05248560655682222,0.004603898985400115,4.722627623453555,0.04124824592154425,-0.030934744542995656,1,2
1261,1.260999999999972,hold,100.0,5.941580202189286,-0.004865802516551554,1.0524097564016788,0.052409756401678775,-0.004445353162843103,4.718182270290711,0.04119584882224736,0.4204493537084512,1,2
1262,1.2619999999999718,hold,100.0,5.946196620641707,0.004616418452421556,1.0524240719184998,0.05242407191849985,0.004585985828206096,4.7227682561189175,0.04114341042504021,-0.03043262421546008,1,2
1263,1.2629999999999717,hold,100.0,5.941349622080855,-0.004846998560852356,1.052348454086047,0.05234845408604705,-0.004427815501551326,4.718340440617366,0.04109119093620043,0.4191830593010294,1,2
1264,1.2639999999999716,hold,100.0,5.945947697574432,0.004598075493577269,1.0523626486152446,0.052362648615244645,0.004568143313974262,4.72290858393134,0.04103893019410169,-0.02993217960300769,1,2
1265,1.2649999999999715,hold,100.0,5.941119429673076,-0.0048282679013560426,1.0522872621284804,0.05228726212848045,-0.004410345897613373,4.718498238033726,0.04098688692621362,0.41792200374266963,1,2
1266,1.2659999999999714,hold,100.0,5.945699234241553,0.004579804568476398,1.0523013360769307,0.05230133607693066,0.004550371151812143,4.723048609185539,0.04093480245892299,-0.029433416664254898,1,2
1267,1.2669999999999713,hold,100.0,5.940889623987455,-0.0048096102540977625,1.0522261799649484,0.05222617996494838,-0.004392944099934613,4.718655665085604,0.04088293405015562,0.41666615416314967,1,2
1268,1.2679999999999712,hold,100.0,5.945451229381163,0.004561605393708312,1.0522401337401521,0.05224013374015213,0.0045326690522881335,4.723188334137893,0.040831024504674227,-0.028936341420178827,1,2
1269,1.268999999999971,hold,100.0,5.940660204045039,-0.004791025336124299,1.0521652070380056,0.052165207038005645,-0.004375609858047738,4.718812724279845,0.040779329620067924,0.41541547807656154,1,2
1270,1.269999999999971,hold,100.0,5.945203681731859,0.004543477686819841,1.052179041048032,0.05217904104803206,0.004515036727429926,4.723327761007274,0.040727593669904416,-0.02844095938991497,1,2
1271,1.2709999999999708,hold,100.0,5.940431168866748,-0.004772512865110379,1.0521043427967225,0.05210434279672249,-0.004358342922112439,4.718969418085162,0.04067607100056967,0.41416994299793997,1,2
1272,1.2719999999999707,hold,100.0,5.94495659003332,0.004525421166571952,1.0521180574501918,0.052118057450191824,0.00449747389074656,4.723466891975908,0.040624507344970716,-0.02794727582539243,1,2
1273,1.2729999999999706,hold,100.0,5.940202517473241,-0.004754072560078981,1.05204358669652,0.052043586696520094,-0.004341143042952106,4.7191257489329566,0.04057315560734907,0.4129295171268754,1,2
1274,1.2739999999999705,hold,100.0,5.944709953025949,0.004507435552707939,1.0520571824025378,0.05205718240253776,0.004479980257169427,4.723605729190126,0.04052176297055015,-0.02745529553851208,1,2
1275,1.2749999999999704,hold,100.0,5.939974248884788,-0.004735704141161534,1.0519829381991392,0.05198293819913924,-0.004324009972013718,4.719281719218112,0.040470580905672585,0.4116941691478162,1,2
1276,1.2759999999999703,hold,100.0,5.944463769451338,0.004489520566550276,1.051996415367207,0.051996415367207005,0.0044625555430466545,4.723744274761159,0.040419358036182615,-0.026965023503621247,1,2
1277,1.2769999999999702,hold,100.0,5.939746362122202,-0.0047174073291360585,1.0519223967724334,0.05192239677243338,-0.004306943461400521,4.719437331299758,0.04036834440897144,0.4104638677355377,1,2
1278,1.27799999999997,hold,100.0,5.9442180380521865,0.004471675929984542,1.0519357558124778,0.05193575581247778,0.004445199466157694,4.723882530765916,0.04031729007887764,-0.026476463826847693,1,2
1279,1.27899999999997,hold,100.0,5.939518856206048,-0.0046991818461386,1.0518619618903526,0.05186196189035264,-0.004289943263911342,4.719592587502005,0.04026644367745848,0.40923858222725873,1,2
1280,1.2799999999999698,hold,100.0,5.943972757572675,0.0044539013666273775,1.05187520321264,0.05187520321263994,0.004427911745670473,4.7240204992476755,0.040215556681761175,-0.02598962095690452,1,2
1281,1.2809999999999697,hold,100.0,5.939291730157454,-0.0046810274152209175,1.0518016330327429,0.05180163303274288,-0.0042730091329528635,4.719747490114723,0.04016487631680956,0.408018282268054,1,2
1282,1.2819999999999696,hold,100.0,5.9437279267582195,0.004436196600765108,1.051814757047869,0.05181475704786909,0.004410692102114363,4.724158182216837,0.04011415547276459,-0.025504498650744806,1,2
1283,1.2829999999999695,hold,100.0,5.939064982997683,-0.004662943760536109,1.051741409685345,0.05174140968534502,-0.004256140822649637,4.719902041394188,0.04006363997686661,0.406802937886472,1,2
1284,1.2839999999999694,hold,100.0,5.943483544355993,0.004418561358309425,1.0517544168041704,0.05175441680417037,0.004393540257423814,4.724295581651612,0.04001308412337028,-0.025021100885611568,1,2
1285,1.2849999999999693,hold,100.0,5.938838613748862,-0.004644930607130782,1.0516812913396285,0.05168129133962851,-0.004239338087781021,4.720056243563831,0.03996273235040695,0.40559251934976087,1,2
1286,1.2859999999999692,hold,100.0,5.943239609114578,0.004400995365715588,1.0516941819732695,0.05169418197326947,0.004376455934865277,4.7244326994986965,0.03991234034738372,-0.024539430850310795,1,2
1287,1.286999999999969,hold,100.0,5.938612621433446,-0.004626987681131567,1.0516212774927591,0.05162127749275913,-0.004222600683829779,4.720210098814866,0.03986215117194275,0.4043869973017877,1,2
1288,1.287999999999969,hold,100.0,5.9429961197843575,0.004383498350911452,1.0516340520524798,0.05163405205247984,0.004359438859070758,4.724569537673937,0.03981192189975974,-0.024059491840693926,1,2
1289,1.2889999999999688,hold,100.0,5.938387005074949,-0.004609114709408502,1.0515613676474027,0.05156136764740271,-0.004205928366936198,4.720363609307001,0.03976189421655354,0.4031863424723038,1,2
1290,1.2899999999999687,hold,100.0,5.942753075117767,0.00436607004281786,1.0515740265446687,0.051574026544668694,0.004342488755978242,4.724706098062979,0.03971182657546479,-0.02358128683961798,1,2
1291,1.2909999999999686,hold,100.0,5.938161763697375,-0.004591311420392152,1.0515015613117171,0.051501561311717126,-0.004189320893939948,4.720516777169039,0.039661959298780865,0.4019905264522044,1,2
1292,1.2919999999999685,hold,100.0,5.942510473868929,0.004348710171554693,1.051514104958108,0.05151410495810804,0.004325605352844923,4.724842382521884,0.039612052208368755,-0.023104818709769603,1,2
1293,1.2929999999999684,hold,100.0,5.937936896325939,-0.004573577542990037,1.0514418579992457,0.05144185799924572,-0.004172778022370461,4.720669604499514,0.03956234427152242,0.40079952061957635,1,2
1294,1.2939999999999683,hold,100.0,5.9422683147942195,0.004331418468280113,1.051454286806433,0.051454286806432936,0.004308788378270749,4.724978392877785,0.03951259667018014,-0.022630090009363724,1,2
1295,1.2949999999999682,hold,100.0,5.937712401986829,-0.004555912807390428,1.0513822572288358,0.051382257228835826,-0.004156299510497609,4.720822093367287,0.039463047025009024,0.39961329689281855,1,2
1296,1.295999999999968,hold,100.0,5.9420265966520756,0.004314194665246518,1.0513945716085498,0.051394571608549766,0.004292037562145847,4.725114130929433,0.03941345786942278,-0.02215710310067131,1,2
1297,1.296999999999968,hold,100.0,5.9374882797070825,-0.0045383169449930705,1.051322758524503,0.051322758524503076,-0.004139885117244785,4.720974245812188,0.039364065485773266,0.3984318277482851,1,2
1298,1.2979999999999678,hold,100.0,5.9417853182030775,0.004297038495995054,1.051334958888504,0.05133495888850392,0.0042753526356063805,4.725249598447795,0.039314633750427076,-0.021685860388673088,1,2
1299,1.2989999999999677,hold,100.0,5.937264528515401,-0.004520789687676441,1.051263361415428,0.05126336141542809,-0.004123534602248739,4.721126063845547,0.039265397615677086,0.3972550854277022,1,2
1300,1.2999999999999676,hold,100.0,5.941544478210034,0.004279949694632634,1.051275448175459,0.051275448175458926,0.004258733331110626,4.725384797176657,0.03921612229237814,-0.02121636352200862,1,2
1301,1.3009999999999675,hold,100.0,5.937041147441558,-0.004503330768475422,1.0512040654357637,0.051204065435763724,-0.004107247725875943,4.7212775494507815,0.03916704141095687,0.3960830425994788,1,2
1302,1.3019999999999674,hold,100.0,5.941304075438401,0.004262927996842691,1.0512160390035632,0.051216039003563196,0.0042421793823448906,4.7255197288331265,0.03911792150837024,-0.020748614497800855,1,2
1303,1.3029999999999673,hold,100.0,5.936818135516662,-0.004485939921739401,1.0511448701246942,0.05114487012469415,-0.004091024249172069,4.721428704583954,0.03906899490131515,0.39491567256733257,1,2
1304,1.3039999999999672,hold,100.0,5.9410641086559615,0.004245973139299863,1.0511567309119092,0.0511567309119092,0.004225690524269748,4.725654395108224,0.0390200294445154,-0.020282615030115317,1,2
1305,1.304999999999967,hold,100.0,5.93659549177354,-0.004468616882421728,1.0510857750262397,0.05108577502623968,-0.0040748639339342725,4.72157953117429,0.03897125614901802,0.39375294848745507,1,2
1306,1.305999999999967,hold,100.0,5.940824576632899,0.0042290848593591335,1.0510975234444222,0.0510975234444222,0.004209266493088374,4.725788797667378,0.03892244417905421,-0.01981836627075982,1,2
1307,1.3069999999999669,hold,100.0,5.936373215246109,-0.0044513613867902535,1.051026779689236,0.05102677968923608,-0.00405876654265435,4.721730031124724,0.03887382324804737,0.3925948441359031,1,2
1308,1.3079999999999667,hold,100.0,5.940585478142369,0.004212262896260199,1.0510384161498405,0.051038416149840504,0.004192907026237324,4.725922938150961,0.03882516382153373,-0.019355870022875338,1,2
1309,1.3089999999999666,hold,100.0,5.936151304970469,-0.004434173171899758,1.0509678836672534,0.050967883667253355,-0.004042731838555861,4.721880206312405,0.03877669432326537,0.3914413333438969,1,2
1310,1.3099999999999665,hold,100.0,5.940346811959692,0.004195506989223219,1.0509794085815594,0.05097940858155936,0.004176611862386297,4.726056818174792,0.038728186511955726,-0.018895126836921718,1,2
1311,1.3109999999999664,hold,100.0,5.9359297599839245,-0.004417051975767805,1.0509090865184896,0.05090908651848958,-0.004026759585584213,4.722030058589207,0.03867986752960063,0.39029239018359246,1,2
1312,1.3119999999999663,hold,100.0,5.940108576863287,0.004178816879362834,1.0509205002976107,0.05092050029761075,0.0041603807413917,4.726190439330599,0.03863151042001365,-0.018436137971134664,1,2
1313,1.3129999999999662,hold,100.0,5.935708579325899,-0.004399997537388067,1.0508503878057573,0.05085038780575735,-0.004010849548389444,4.72217958978221,0.03858334105128113,0.38914798899862374,1,2
1314,1.313999999999966,hold,100.0,5.939870771634485,0.004162192308585944,1.0508616908606139,0.05086169086061387,0.004144213404339123,4.726323803186549,0.03853513374430598,-0.01797890424682074,1,2
1315,1.314999999999966,hold,100.0,5.9354877620374245,-0.0043830095970607275,1.05079178709637,0.05079178709636989,-0.003995001492380997,4.722328801694168,0.038487113101062974,0.3880081046797306,1,2
1316,1.3159999999999659,hold,100.0,5.939633395057157,0.004145633019732919,1.0508029798376464,0.05080297983764637,0.004128109593508242,4.726456911287676,0.03843905471159968,-0.01752342622467727,1,2
1317,1.3169999999999658,hold,100.0,5.935267307161675,-0.004366087895482096,1.0507332839620587,0.05073328396205867,-0.003979215183674403,4.722477696104002,0.03839118191951143,0.38687271180769256,1,2
1318,1.3179999999999656,hold,100.0,5.939396445918384,0.004129138756709061,1.0507443668002077,0.05074436680020766,0.004112069052358882,4.72658976515636,0.03834327157610419,-0.01706970435017864,1,2
1319,1.3189999999999655,hold,100.0,5.935047213743329,-0.004349232175055562,1.0506748779789723,0.0506748779789723,-0.003963490389122078,4.722626274767238,0.0382955457742831,0.3857417859334834,1,2
1320,1.3199999999999654,hold,100.0,5.939159923007972,0.004112709264643577,1.0506858513241366,0.05068585132413661,0.004096091525526144,4.726722366292765,0.038247782618778786,-0.016617739117433077,1,2
1321,1.3209999999999653,hold,100.0,5.934827480829675,-0.004332442178297313,1.0506165687275302,0.050616568727530176,-0.0039478268763090026,4.722774539416456,0.03820020295944182,0.3846153019883107,1,2
1322,1.3219999999999652,hold,100.0,5.938923825119043,0.004096344289368226,1.0506274329896046,0.05062743298960459,0.004080176758828352,4.726854716175284,0.038152586146656335,-0.01616753053987341,1,2
1323,1.322999999999965,hold,100.0,5.934608107469848,-0.00431571764919525,1.0505583557924347,0.05055835579243473,-0.0039322244135607835,4.722922491761723,0.03810515179478927,0.3834932356344663,1,2
1324,1.323999999999965,hold,100.0,5.938688151047855,0.004080043578007064,1.0505691113809499,0.05056911138094988,0.004064324499223162,4.726986816260947,0.03805768049217537,-0.01571907878390212,1,2
1325,1.3249999999999649,hold,100.0,5.934389092714805,-0.004299058333049999,1.0505002387625388,0.05050023876253884,-0.003916682769919384,4.723070133491028,0.038010390625221345,0.38237556313061494,1,2
1326,1.3259999999999648,hold,100.0,5.938452899593709,0.00406380687890362,1.0505108860866914,0.05051088608669141,0.0040485344948389705,4.7271186679858666,0.037963064012559604,-0.01527238406464921,1,2
1327,1.3269999999999647,hold,100.0,5.934170435618282,-0.0042824639754268645,1.050442217230821,0.050442217230820985,-0.0039012017151791273,4.723217466270688,0.03791591782010667,0.38126226024773724,1,2
1328,1.3279999999999645,hold,100.0,5.938218069558863,0.00404763394058083,1.0504527566994633,0.05045275669946325,0.0040328064949352056,4.727250272765623,0.03786873508919578,-0.014827445645624812,1,2
1329,1.3289999999999644,hold,100.0,5.933952135235827,-0.004265934323036014,1.0503842907943208,0.05038429079432083,-0.003885781019853555,4.7233644917457696,0.03782173177267112,0.38015330318245855,1,2
1330,1.3299999999999643,hold,100.0,5.937983659749332,0.004031524513504969,1.050394722815923,0.05039472281592294,0.004017140249902473,4.727381631995672,0.037774692127032404,-0.0143842636024967,1,2
1331,1.3309999999999642,hold,100.0,5.933734190625472,-0.004249469123859484,1.050326459054065,0.050326459054065076,-0.0038704204552198335,4.723511211540452,0.03772783089941681,0.3790486686396505,1,2
1332,1.331999999999964,hold,100.0,5.93774966897404,0.004015478348567747,1.0503367840366695,0.050336784036669524,0.004001535511275781,4.727512747051728,0.03768093355400838,-0.01394283729196609,1,2
1333,1.332999999999964,hold,100.0,5.933516600847546,-0.004233068126493933,1.0502687216150504,0.05026872161505036,-0.0038551197932671076,4.7236576272584605,0.03763421363954711,0.37794833322682536,1,2
1334,1.3339999999999639,hold,100.0,5.9375160960456075,0.003999495198061531,1.0502789399663022,0.05027893996630217,0.003985992031678094,4.727643619290139,0.03758745782048026,-0.013503166383437189,1,2
1335,1.3349999999999638,hold,100.0,5.933299363111043,-0.004216732934564149,1.0502110785589163,0.05021107855891627,-0.003839884167744836,4.723803735122394,0.037540879123449736,0.3768487668193133,2,2
1336,1.3359999999999637,hold,100.0,5.937282946447093,0.003983583336049534,1.0502211908791463,0.05022119087914634,0.0039705171219119465,4.7277742522443065,0.037494264724881,-0.013066214137587816,1,2
1337,1.3369999999999636,hold,100.0,5.933082478677133,-0.004200467769959637,1.0501535291184996,0.050153529118499574,-0.0038247102969918385,4.723949541947315,0.03744782581929135,0.3757574729677986,2,2
1338,1.3379999999999634,hold,100.0,5.937050212345054,0.00396773366792047,1.0501635357332435,0.0501635357332435,0.003955103057827153,4.727904645005142,0.037401351425471054,-0.012630610093316598,1,2
1339,1.3389999999999633,hold,100.0,5.9328659463674125,-0.0041842659776412106,1.0500960728405166,0.05009607284051665,-0.0038095956254925976,4.72409504937965,0.03735505156483583,0.3746703521486129,2,2
1340,1.3399999999999632,hold,100.0,5.93681789254486,0.003951946177447319,1.05010597413908,0.05010597413907991,0.00393974950358823,4.728034798883238,0.03730871643354988,-0.01219667385908823,1,2
1341,1.340999999999963,hold,100.0,5.932649765211277,-0.0041681273335827385,1.0500387093329429,0.050038709332942855,-0.003794539917658316,4.72424025896558,0.037262554884045396,0.37358741592442235,2,2
1342,1.341999999999963,hold,100.0,5.936585985861829,0.003936220650551547,1.0500485057136824,0.050048505713682356,0.003924456197870501,4.72816471516345,0.03721635828333751,-0.011764452681046339,1,2
1343,1.342999999999963,hold,100.0,5.932433934266157,-0.0041520515956712245,1.04998143821473,0.04998143821472989,-0.003779542943205153,4.724385172220245,0.03717033432143241,0.3725086524660713,2,2
1344,1.3439999999999628,hold,100.0,5.936354491119128,0.003920556852970769,1.0499911300787472,0.049991130078747226,0.003909222891589148,4.728294395111834,0.037124275529270306,-0.011333961381620669,1,2
1345,1.3449999999999627,hold,100.0,5.932218452598605,-0.004136038520523577,1.04992425911077,0.04992425911077003,-0.003764604475371967,4.724529790636462,0.037078388441269726,0.3714340451516102,2,2
1346,1.3459999999999626,hold,100.0,5.9361234071451845,0.0039049545465799085,1.0499338468600738,0.04993384686007385,0.003894049340392274,4.728423839976854,0.03703246674529745,-0.01090520618763453,1,2
1347,1.3469999999999624,hold,100.0,5.932003319281552,-0.004120087863632271,1.0498671716504466,0.04986717165044663,-0.0037497242895298544,4.724674115687324,0.03698671582706137,0.37036357410241694,2,2
1348,1.3479999999999623,hold,100.0,5.935892732773834,0.003889413492281335,1.0498766556872945,0.04987665568729449,0.0038789353026137522,4.728553050989937,0.03694093052435646,-0.010478189667582818,1,2
1349,1.3489999999999622,hold,100.0,5.931788533392047,-0.004104199381786522,1.0498101754671922,0.04981017546719224,-0.0037349021625603164,4.724818148827377,0.036895315081052364,0.3692972192262055,2,2
1350,1.3499999999999621,hold,100.0,5.935662466843118,0.003873933451070677,1.0498195561937331,0.04981955619373313,0.00386388053844331,4.72868202936582,0.036849665477907245,-0.010052912627366885,1,2
1351,1.350999999999962,hold,100.0,5.93157409401112,-0.004088372831997589,1.049753270198226,0.04975327019822595,-0.003720137872502381,4.724961891493318,0.03680418482378854,0.3682349594952075,2,2
1352,1.351999999999962,hold,100.0,5.935432608195523,0.0038585141844027504,1.0497625480162878,0.049762548016287766,0.003848884809549368,4.7288107763028675,0.03675867023548758,-0.009629374853382423,1,2
1353,1.3529999999999618,hold,100.0,5.931360000222939,-0.00407260797258413,1.0496964554843113,0.04969645548431134,-0.00370543119835801,4.7251053451045095,0.03671332369368051,0.36717677422612016,2,2
1354,1.3539999999999617,hold,100.0,5.93520315567756,0.0038431554546214386,1.0497056307953496,0.04970563079534962,0.0038339478789008027,4.72893929298341,0.036667943444299946,-0.009207575720635887,1,2
1355,1.3549999999999616,hold,100.0,5.9311462511148445,-0.00405690456271568,1.0496397309697425,0.0496397309697425,-0.003690781920068946,4.7252485110633415,0.036622730346588306,0.36612264264673355,2,2
1356,1.3559999999999615,hold,100.0,5.934974108139885,0.0038278570250405153,1.049648804174726,0.04964880417472606,0.0038190695106879845,4.729067580574029,0.03657748376878881,-0.008787514352530737,1,2
1357,1.3569999999999613,hold,100.0,5.930932845777668,-0.004041262362217246,1.049583096302221,0.04958309630222102,-0.0036761898183830534,4.725391390755647,0.03653240345542868,0.36507254383419263,2,2
1358,1.3579999999999612,hold,100.0,5.934745464437125,0.0038126186594569234,1.049592067801574,0.04959206780157399,0.0038042494702235667,4.72919564022587,0.03648728989026088,-0.008369189233356673,1,2
1359,1.3589999999999611,hold,100.0,5.930719783305076,-0.0040256811320489305,1.049526551132785,0.049526551132784924,-0.003661654674884797,4.725533985550985,0.03644234170977314,0.3640264571641333,2,2
1360,1.359999999999961,hold,100.0,5.934517223427784,0.003797440122708551,1.0495354213263808,0.04953542132638078,0.0037894875239259636,4.729323473074912,0.03639736050648615,-0.007952598782587188,1,2
1361,1.360999999999961,hold,100.0,5.930507062793859,-0.004010160633924897,1.049470095115785,0.04947009511578493,-0.0036471762719333754,4.725676296802979,0.03635254381547662,0.36298436199152206,2,2
1362,1.3619999999999608,hold,100.0,5.9342893839743835,0.0037823211805241286,1.0494788644028537,0.04947886440285365,0.003774783439306228,4.729451080242285,0.03630769433133786,-0.007537741217900594,1,2
1363,1.3629999999999607,hold,100.0,5.930294693118597,-0.003994690855786409,1.049413727523949,0.049413727523949014,-0.0036327417069703396,4.725818338535315,0.03626300794680418,0.36194914881606954,1,2
1364,1.3639999999999606,hold,100.0,5.934061930792619,0.0037672376740216507,1.0494223959805795,0.049422395980579514,0.0037601146707493174,4.729578453206064,0.03621828893746815,-0.0071230032723332976,1,2
1365,1.3649999999999605,hold,100.0,5.930082663235628,-0.003979267556990962,1.0493574483233286,0.04935744832332856,-0.0036183538064097397,4.7259600993996544,0.036173732782031086,0.3609137505812222,1,2
1366,1.3659999999999604,hold,100.0,5.933834876991994,0.0037522137563659186,1.0493660164228684,0.04936601642286842,0.0037455033848942682,4.7297056027845485,0.03612914423607143,-0.006710371471650364,1,2
1367,1.3669999999999602,hold,100.0,5.929870972466201,-0.00396390452579265,1.0493012572398273,0.049301257239827256,-0.0036040221762497844,4.726101580608299,0.03608471769188939,0.3598823495428653,1,2
1368,1.3679999999999601,hold,100.0,5.933608221442623,0.003737248976421803,1.0493097253956936,0.04930972539569356,0.0037309494292995134,4.729832530037599,0.0360402589896337,-0.006299547122289723,1,2
1369,1.36899999999996,hold,100.0,5.92965961995826,-0.003948601484363046,1.0492451539505325,0.04924515395053253,-0.0035897465949301854,4.726242783442668,0.035995961444227474,0.35885488943286026,1,2
1370,1.36999999999996,hold,100.0,5.933381963026875,0.003722343068615075,1.0492535225667936,0.049253522566793606,0.0037164525837446926,4.729959236026413,0.03595163197326681,-0.005890484870382275,1,2
1371,1.3709999999999598,hold,100.0,5.929448604839687,-0.003933358187188318,1.0491891381291834,0.04918913812918335,-0.0035755268487047713,4.726383709177708,0.03590746282113776,0.35783133848354703,1,2
1372,1.3719999999999597,hold,100.0,5.9331561006313445,0.0037074957916578555,1.049197407606426,0.0491974076064261,0.003702012623319346,4.730085721801027,0.035863261976206956,-0.005483168338509502,1,2
1373,1.3729999999999596,hold,100.0,5.929237926233638,-0.003918174397706586,1.049133209450621,0.04913320945062094,-0.003561362724898937,4.7265243590761274,0.03581922061884629,0.35681167280764925,1,2
1374,1.3739999999999595,hold,100.0,5.93293063314511,0.0036927069114724986,1.04914138018749,0.049141380187490036,0.003687629322439902,4.730211988398567,0.035775147801682554,-0.005077589032596603,1,2
1375,1.3749999999999594,hold,100.0,5.929027583263567,-0.003903049881543552,1.0490773675919043,0.049077367591904286,-0.0035472540111838266,4.726664734387383,0.03573123364746661,0.3557958703597256,1,2
1376,1.3759999999999593,hold,100.0,5.932705559460817,0.003677976197249855,1.049085439985665,0.04908543998566506,0.003673302455720668,4.730338036843104,0.035687288266661364,-0.0046737415291867555,1,2
1377,1.3769999999999591,hold,100.0,5.928817575054204,-0.0038879844066128655,1.049021612232539,0.04902161223253909,-0.0035332004956251293,4.726804836347479,0.0356435007307189,0.3547839109877362,1,2
1378,1.377999999999959,hold,100.0,5.932480878474157,0.0036633034199535786,1.0490295866794157,0.049029586679415704,0.003659031798344521,4.730463868145823,0.0355996822015675,-0.004271621609057766,1,2
1379,1.378999999999959,hold,100.0,5.92860790073288,-0.0038729777412775945,1.04896594305478,0.04896594305477997,-0.0035192019668028617,4.72694466617902,0.03555602070563847,0.3537757744747328,1,2
1380,1.3799999999999588,hold,100.0,5.9322565890843295,0.0036486883514497137,1.0489738199499952,0.04897381994999517,0.003644817126246291,4.730589483305266,0.03551232845000834,-0.0038712252034226596,1,2
1381,1.3809999999999587,hold,100.0,5.928398559429009,-0.0038580296553201165,1.0489103597435148,0.048910359743514764,-0.0035052582138955513,4.727084225091371,0.03546879242230572,0.3527714414245653,1,2
1382,1.3819999999999586,hold,100.0,5.932032690194656,0.0036341307656462263,1.048918139481377,0.04891813948137691,0.0036306582162192965,4.7307148833075905,0.03542522586849545,-0.0034725494269297573,1,2
1383,1.3829999999999585,hold,100.0,5.928189550275072,-0.003843139919583294,1.0488548619863347,0.04885486198633471,-0.003491369026758614,4.727223514280832,0.03538181474356899,0.35177089282468,1,2
1384,1.3839999999999584,hold,100.0,5.931809180711748,0.0036196304366757914,1.048862544960339,0.04886254496033904,0.003616554845939723,4.730840069126772,0.03533837332616976,-0.0030755907360685217,1,2
1385,1.3849999999999583,hold,100.0,5.927980872406437,-0.0038283083053114453,1.0487994494735808,0.048799449473580836,-0.0034775341959241437,4.7273625349308475,0.03529508654478096,0.3507741093873016,1,2
1386,1.3859999999999582,hold,100.0,5.931586059546608,0.0036051871401712177,1.0488070360763118,0.04880703607631176,0.003602506794010908,4.7309650417248585,0.035251769704547936,-0.0026803461603097482,1,2
1387,1.386999999999958,hold,100.0,5.9277725249609485,-0.0038135345856593617,1.048744121898185,0.048744121898185,-0.003463753512657538,4.727501288212201,0.03520860671353343,0.3497810730018237,1,2
1388,1.387999999999958,hold,100.0,5.931363325613642,0.00359080065269346,1.0487516125214456,0.04875161252144555,0.003588513839968951,4.73108980205217,0.03516541389725645,-0.0022868127245090006,1,2
1389,1.3889999999999578,hold,100.0,5.92756450708025,-0.0037988185333919233,1.0486888789557998,0.048688878955799764,-0.003450026768942077,4.727639775283229,0.03512237414940611,0.3487917644498465,1,2
1390,1.3899999999999577,hold,100.0,5.931140977831619,0.003576470751369243,1.0486962739905399,0.048696273990539884,0.0035745757642845124,4.731214351047513,0.035079304809788325,-0.0018949870847304734,1,2
1391,1.3909999999999576,hold,100.0,5.92735681790832,-0.0037841599232990575,1.048633720344682,0.04863372034468205,-0.00343635375749108,4.727777997290022,0.03503638776371925,0.3478061658079776,1,2
1392,1.3919999999999575,hold,100.0,5.9309190151231475,0.0035621972148272008,1.0486410201810268,0.048641020181026784,0.003560692348367784,4.73133868963839,0.03499344135925206,-0.0015048664594166303,1,2
1393,1.3929999999999574,hold,100.0,5.927149456592552,-0.0037695585305952406,1.0485786457656874,0.04857864576568738,-0.003422734271768218,4.727915955366622,0.034950646479291476,0.34682425882702267,1,2
1394,1.3939999999999573,hold,100.0,5.930697436414834,0.0035479798222821657,1.0485858507928925,0.04858585079289246,0.0035468633745748207,4.731462818741196,0.03490782247414048,-0.001116447707344946,1,2
1395,1.3949999999999572,hold,100.0,5.926942422283741,-0.0037550141310935814,1.0485236549222088,0.04852365492220878,-0.003409168105950904,4.728053650635245,0.0348651492302085,0.3458460251426773,1,2
1396,1.395999999999957,hold,100.0,5.930476238416393,0.0035338161326521345,1.0485307656671161,0.048530765667116116,0.003533085636179781,4.731586736271425,0.0348224471292802,-0.0007304964723532474,2,2
1397,1.396999999999957,hold,100.0,5.926735717418507,-0.003740520997886243,1.048468747746153,0.04846874774615295,-0.0033956499886534713,4.728191086282772,0.03477989508942971,0.3448710092327717,1,2
1398,1.3979999999999568,hold,100.0,5.930255422334061,0.0035197049155542004,1.048475764382761,0.04847576438276091,0.003519359821655088,4.731710446104427,0.03473731433171205,-0.00034509389911256336,2,2
1399,1.3989999999999567,hold,100.0,5.926529337861246,-0.003726084472814861,1.0484139237055008,0.048413923705500794,-0.003382184707183499,4.728328261397244,0.034694882881962076,0.34389976563136204,1,2
1400,1.3999999999999566,hold,100.0,5.9300349870529185,0.0035056491916725108,1.0484208466314355,0.04842084663143553,0.003505687753479163,4.731833949150723,0.034652422947411166,3.856180665236242e-05,2,2
1401,1.4009999999999565,hold,100.0,5.926323282768804,-0.003711704284114603,1.0483591825158558,0.0483591825158558,-0.00336877211081875,4.728465177039904,0.034610111573980966,0.3429321732958531,1,2
1402,1.4019999999999564,hold,100.0,5.92981493150414,0.003491648735336028,1.048366012121554,0.04836601212155389,0.0034920692411545807,4.731957246281059,0.03456777194829835,0.00042050581855251554,2,2
1403,1.4029999999999563,hold,100.0,5.926117551304985,-0.003697380199154665,1.048304523892596,0.048304523892596096,-0.0033554120031289904,4.72860183427793,0.03452558014248066,0.34196819602567463,1,2
1404,1.4039999999999562,hold,100.0,5.929595254631018,0.0034777033260331436,1.0483112605654203,0.048311260565420344,0.0034785040785061273,4.732080338356436,0.03448336031654644,0.0008007524729836818,2,2
1405,1.404999999999956,hold,100.0,5.9259121426367,-0.0036831119943183666,1.0482499475526363,0.04824994755263634,-0.0033421041842045104,4.728738234172232,0.03444128757465752,0.3410078101138561,1,2
1406,1.405999999999956,hold,100.0,5.9293759553830485,0.003463812746348438,1.0482565916781064,0.048256591678106364,0.003464992056429985,4.732203226228662,0.03439918704438977,0.0011793100815468346,2,2
1407,1.4069999999999558,hold,100.0,5.925707055934643,-0.00366889944840576,1.0481954532149365,0.04819545321493646,-0.003328848453754672,4.728874377774907,0.03435723286768774,0.34005099465108823,1,2
1408,1.4079999999999557,hold,100.0,5.9291570327154535,0.003449976780810715,1.0482020051771466,0.04820200517714657,0.0034515329652975183,4.7323259107402045,0.03431525113393028,0.001556184486803218,2,2
1409,1.4089999999999556,hold,100.0,5.925502290371991,-0.0036547423434623028,1.0481410406005496,0.04814104060054958,-0.003315644611760717,4.729010266128443,0.034273415028524795,0.3390977317015856,1,2
1410,1.4099999999999555,hold,100.0,5.92893848558722,0.0034361952152286435,1.048147500782449,0.048147500782449004,0.0034381265957754204,4.732448392724219,0.0342315515969562,0.0019313805467769708,2,2
1411,1.4109999999999554,hold,100.0,5.9252978451254315,-0.003640640461788358,1.0480867094327846,0.04808670943278459,-0.0033024924587508587,4.729145900265468,0.03418983307371509,0.3381480030374994,1,2
1412,1.4119999999999553,hold,100.0,5.928720312961746,0.003422467836314169,1.0480930782162254,0.04809307821622544,0.003424772739113899,4.732570673004582,0.034148087454751126,0.002304902799729787,2,2
1413,1.4129999999999552,hold,100.0,5.9250937193750985,-0.0036265935866470755,1.0480324594371153,0.048032459437115316,-0.0032893917958267288,4.729281281208755,0.03410648602921508,0.3372017908203468,1,2
1414,1.413999999999955,hold,100.0,5.928502507109204,0.0034087877341058004,1.0480387370333644,0.048038737033364365,0.003411465432929553,4.732692746641685,0.03406485765531132,0.0026776988237527458,1,2
1415,1.414999999999955,hold,100.0,5.924889918183165,-0.0036125889260389954,1.0479782902541321,0.04797829025413214,-0.003276330259901615,4.729416416381783,0.034023372805196815,0.33625866613738037,1,2
1416,1.4159999999999549,hold,100.0,5.928285073662373,0.0033951554792075456,1.0479844771161269,0.047984477116126856,0.003398203845584344,4.7328146202273675,0.033981861279285534,0.003048366376798544,1,2
1417,1.4169999999999547,hold,100.0,5.924686434794419,-0.003598638867954307,1.0479242017097703,0.0479242017097703,-0.0032633199582099235,4.729551300269158,0.033940492572891785,0.3353189097443834,1,2
1418,1.4179999999999546,hold,100.0,5.9280680116785245,0.003381576884105897,1.0479302982083192,0.04793029820831918,0.0033849942967724427,4.73293629456593,0.03389909741964619,0.0034174126665458167,1,2
1419,1.4189999999999545,hold,100.0,5.924483268416173,-0.003584743262351253,1.0478701935333485,0.04787019353334854,-0.00325036066959743,4.729685933896333,0.03385784438587942,0.33438259275382326,1,2
1420,1.4199999999999544,hold,100.0,5.927851320149133,0.0033680517329601756,1.0478762000431923,0.04787620004319226,0.00337183654985911,4.733057770446192,0.033816565133848286,0.0037848168989345135,1,2
1421,1.4209999999999543,hold,100.0,5.9242804182445346,-0.0035709019045988555,1.047816265457864,0.04781626545786399,-0.0032374521889749182,4.729820318257217,0.033775427305997974,0.33344971562393727,1,2
1422,1.4219999999999542,hold,100.0,5.9276349980615475,0.003354579817012926,1.047822182354655,0.04782218235465496,0.0033587303905822158,4.733179048647799,0.033734263487965224,0.0041505735692897935,1,2
1423,1.422999999999954,hold,100.0,5.924077883475951,-0.003557114585596821,1.047762417219,0.0477624172190001,-0.0032245943167765476,4.729954454331023,0.033693240403594026,0.3325202688202735,1,2
1424,1.423999999999954,hold,100.0,5.927419044404598,0.0033411609286471133,1.047768244878306,0.04776824487830611,0.0033456756105666,4.73330012994159,0.03365219155655264,0.004514681919486757,1,2
1425,1.4249999999999539,hold,100.0,5.923875663309937,-0.0035433810946603472,1.0477086485547744,0.04770864855477441,-0.0032117868556839984,4.730088343085906,0.033611282757392,0.3315942389763488,1,2
1426,1.4259999999999537,hold,100.0,5.927203458170334,0.0033277948603966934,1.047714387351778,0.04771438735177802,0.0033326720039598126,4.733421015089865,0.03357034842247706,0.004877143563119211,1,2
1427,1.4269999999999536,hold,100.0,5.923673756948559,-0.0035297012217752055,1.0476549592055187,0.047654959205518654,-0.0031990296097674726,4.730221985480098,0.03352955345436239,0.33067161200773293,1,2
1428,1.4279999999999535,hold,100.0,5.926988238354394,0.0033144814058347905,1.047660609514685,0.04766060951468498,0.0033197193664487074,4.733541704846546,0.03348873317677398,0.005237960613916921,1,2
1429,1.4289999999999534,hold,100.0,5.923472163597662,-0.0035160747567317685,1.0476013489136369,0.047601348913636876,-0.003186322384088184,4.7303553824624585,0.03344805158955336,0.32975237264358437,1,2
1430,1.4299999999999533,hold,100.0,5.926773383956413,0.0033012203587512445,1.0476069111086925,0.04760691110869253,0.00330681749492703,4.733662199957386,0.03340734491849197,0.005597136175785472,1,2
1431,1.4309999999999532,hold,100.0,5.923270882466023,-0.0035025014903897755,1.047547817423704,0.047547817423704064,-0.00317366498465025,4.730488534972736,0.03336677626596203,0.32883650573952566,1,2
1432,1.431999999999953,hold,100.0,5.92655889397989,0.0032880115138667065,1.047553291877528,0.0475532918775281,0.0032939661873439092,4.733782501160079,0.03332618275454673,0.005954673477202681,1,2
1433,1.432999999999953,hold,100.0,5.923069912765858,-0.003488981214031739,1.0474943644823458,0.047494364482345786,-0.003161057218247721,4.730621443941832,0.033285726594376966,0.32792399578401765,1,2
1434,1.4339999999999529,hold,100.0,5.926344767432285,0.003274854666426741,1.047499751566923,0.0474997515669231,0.0032811652426167756,4.733902609184448,0.033245245799589575,0.006310576190034743,1,2
1435,1.4349999999999528,hold,100.0,5.922869253712163,-0.0034755137201223363,1.0474409898382098,0.04744098983820977,-0.003148498892523307,4.730754110291925,0.03320490169324851,0.3270148275990293,1,2
1436,1.4359999999999526,hold,100.0,5.926131003325332,0.0032617496131690515,1.0474462899246604,0.04744628992466038,0.0032684144606309603,4.734022524752556,0.033164533175847215,0.006664847461908784,1,2
1437,1.4369999999999525,hold,100.0,5.922668904523826,-0.0034620988015054976,1.0473876932419397,0.0473876932419397,-0.003135989815882109,4.7308865349366735,0.03312430068854281,0.32610898562338875,1,2
1438,1.4379999999999524,hold,100.0,5.925917600674442,0.0032486961506155154,1.047392906700444,0.04739290670044394,0.0032557136421655234,4.734142248578839,0.03308404401300786,0.00701749155000795,1,2
1439,1.4389999999999523,hold,100.0,5.922468864422455,-0.00344873625198705,1.0473344744461934,0.04733447444619343,-0.0031235297974848914,4.731018718781354,0.033043922713615774,0.32520645450215874,1,2
1440,1.4399999999999522,hold,100.0,5.925704558499371,0.0032356940769160403,1.047339601645988,0.04733960164598794,0.0032430625888800546,4.734261781370234,0.03300377744807728,0.0073685119640143695,1,2
1441,1.440999999999952,hold,100.0,5.922269132633061,-0.003435425866309849,1.0472813332055344,0.047281333205534404,-0.0031111186472633744,4.731150662722971,0.03296376690907545,0.32430721904647475,1,2
1442,1.441999999999952,hold,100.0,5.9254918758235195,0.0032227431904585657,1.0472863745148928,0.047286374514892815,0.003230461103325707,4.734381123826297,0.032923732625257204,0.00771791286714122,1,2
1443,1.4429999999999519,hold,100.0,5.922069708384034,-0.003422167439485868,1.047228269276472,0.04722826927647206,-0.0030987561758750067,4.731282367650421,0.032883832422661234,0.3234112636108614,1,2
1444,1.4439999999999518,hold,100.0,5.92527955167496,0.0032098432909259955,1.0472332250627576,0.04723322506275762,0.0032179089889159407,4.734500276639338,0.0328439086958088,0.008065697989945164,1,2
1445,1.4449999999999517,hold,100.0,5.9218705909067,-0.0034089607682599166,1.0471752824174299,0.047175282417429854,-0.0030864421947345835,4.731413834444603,0.032804118409118024,0.3225185735253331,1,2
1446,1.4459999999999515,hold,100.0,5.92506758508523,0.0031969941785305878,1.047180153046999,0.047180153046999074,0.003205406049926271,4.7346192404945295,0.0327643048179415,0.00841187139568331,1,2
1447,1.4469999999999514,hold,100.0,5.9216717794357505,-0.0033958056494798328,1.047122372388671,0.0471223723886709,-0.0030741765159841505,4.731545063978546,0.03272462403007203,0.3216291334956823,1,2
1448,1.4479999999999513,hold,100.0,5.924855975090123,0.003184195654372779,1.0471271582269335,0.047127158226933474,0.003192952091455427,4.734738016070001,0.03268492015668506,0.008756437082648241,1,2
1449,1.4489999999999512,hold,100.0,5.921473273208865,-0.003382701881258221,1.0470695389523748,0.047069538952374756,-0.0030619589524627207,4.7316760571175385,0.03264534845391236,0.3207429287955003,1,2
1450,1.449999999999951,hold,100.0,5.924644720729345,0.003171447520480264,1.0470742403637392,0.047074240363739195,0.0031805469194563464,4.734856604036994,0.03260575388378196,0.009099398976082466,1,2
1451,1.450999999999951,hold,100.0,5.921275071467279,-0.0033696492620665097,1.047016781872489,0.04701678187248892,-0.0030497893177632695,4.731806814719231,0.032566290855682786,0.3198599443032402,1,2
1452,1.4519999999999509,hold,100.0,5.924433821046595,0.003158749579315945,1.047021399220419,0.047021399220418925,0.003168190340698306,4.73497500505993,0.03252680517755964,0.00944076138236112,1,2
1453,1.4529999999999508,hold,100.0,5.921077173455091,-0.003356647591504114,1.0469641009148307,0.04696410091483072,-0.0030376674261621325,4.7319373376337674,0.03248745041695641,0.31898016534198137,1,2
1454,1.4539999999999507,hold,100.0,5.9242232750897585,0.003146101634667886,1.046968634561784,0.046968634561783906,0.0031558821627765184,4.735093219796544,0.03244807322283251,0.009780528108632378,1,2
1455,1.4549999999999506,hold,100.0,5.920879578419956,-0.0033436966698028314,1.0469114958469707,0.04691149584697074,-0.0030255930926570826,4.732067626703887,0.03240882632574205,0.3181035771457489,1,2
1456,1.4559999999999504,hold,100.0,5.924013081910484,0.003133503490528433,1.0469159461544124,0.04691594615441241,0.0031436221941015,4.735211248897988,0.0323695572107818,0.010118703573066927,1,2
1457,1.4569999999999503,hold,100.0,5.9206822856120525,-0.003330796298431693,1.046858966438248,0.04685896643824794,-0.003013566132956763,4.732197682765031,0.032330417776357374,0.31723016547493016,1,2
1458,1.4579999999999502,hold,100.0,5.923803240564243,0.0031209549521902247,1.0468633337666924,0.04686333376669238,0.00313141024389555,4.735329093008927,0.032291256338859264,0.010455291705325186,1,2
1459,1.4589999999999501,hold,100.0,5.920485294285536,-0.0033179462787069625,1.0468065124597856,0.04680651245978562,-0.003001586363473415,4.732327506645453,0.03225222396933805,0.31635991523354734,1,2
1460,1.45999999999995,hold,100.0,5.923593750110859,0.003108455825323375,1.046810797168721,0.04681079716872105,0.00311924612219215,4.735446752767645,0.03221316981067506,0.010790296868774894,1,2
1461,1.46099999999995,hold,100.0,5.920288603697192,-0.0033051464136670816,1.0467541336844195,0.0467541336844195,-0.00298965360129931,4.7324570991663455,0.03217424411133015,0.3154928123677717,1,2
1462,1.4619999999999498,hold,100.0,5.923384609613981,0.0030960059167890464,1.0467583361323223,0.046758336132322276,0.0031071296397968302,4.735564228806142,0.032135296835901085,0.011123723007783887,1,2
1463,1.4629999999999497,hold,100.0,5.920092213107011,-0.003292396506970441,1.0467018298866686,0.0467018298866686,-0.002977767664223076,4.732586461141919,0.03209647741499454,0.3146288427473649,1,2
1464,1.4639999999999496,hold,100.0,5.923175818140754,0.003083605033743275,1.0467059504310752,0.04670595043107517,0.0030950606083067216,4.735681521750226,0.03205763663017188,0.011455574563446359,1,2
1465,1.4649999999999495,hold,100.0,5.919896121778233,-0.0032796963625205677,1.0466496008427908,0.046649600842790795,-0.002965928370713456,4.732715593379512,0.03201892309889805,0.3137679918071116,1,2
1466,1.4659999999999493,hold,100.0,5.922967374762801,0.003071252984567785,1.0466536398401924,0.04665363984019244,0.0030830388401338867,4.735798632219646,0.031980188414982576,0.01178585556610174,1,2
1467,1.4669999999999492,hold,100.0,5.919700328977231,-0.003267045785570133,1.046597446330695,0.04659744633069507,-0.0029541355399667754,4.73284449667968,0.03194158038742753,0.31291024560335756,1,2
1468,1.4679999999999491,hold,100.0,5.922759278555446,0.0030589495782153975,1.0466014041365734,0.04660140413657343,0.003071064148459813,4.73591556082814,0.03190295141760186,0.012114570244415625,1,2
1469,1.468999999999949,hold,100.0,5.919504833973657,-0.003254444581789251,1.046545366129929,0.0465453661299291,-0.002942388991835466,4.732973171836305,0.03186444851069118,0.3120555899537849,1,2
1470,1.469999999999949,hold,100.0,5.922551528597738,0.0030466946240812476,1.0465492430987873,0.046549243098787274,0.003059136347246144,4.7360323081835505,0.03182592487097509,0.01244172316489621,1,2
1471,1.4709999999999488,hold,100.0,5.919309636039916,-0.003241892557822368,1.0464933600216721,0.04649336002167215,-0.0029306885468512833,4.733101619636699,0.031787526704431246,0.3112040109710845,1,2
1472,1.4719999999999487,hold,100.0,5.922344123972852,0.0030344879329362584,1.0464971565069998,0.046497156506999815,0.003047255251209068,4.736148874887908,0.0317491080136307,0.012767318272809483,1,2
1473,1.4729999999999486,hold,100.0,5.919114734451869,-0.0032293895209836165,1.0464414277887453,0.04644142778874527,-0.002919034026222942,4.733229840861685,0.03171081420993438,0.3103554947606747,1,2
1474,1.4739999999999485,hold,100.0,5.922137063767734,0.0030223293158657683,1.0464451441430163,0.04644514414301626,0.0030354206758585966,4.736265261537543,0.031672500089602935,0.013091359992828313,1,2
1475,1.4749999999999484,hold,100.0,5.918920128488367,-0.0032169352793678385,1.0463895692155565,0.04638956921555648,-0.002907425251858494,4.733357836285685,0.031634310273938905,0.3095100275093444,1,2
1476,1.4759999999999482,hold,100.0,5.921930347072941,0.003010218584574176,1.046393205790223,0.04639320579022299,0.0030236324374576856,4.736381468723143,0.03159610034833071,0.01341385288350979,1,2
1477,1.4769999999999481,hold,100.0,5.9187258174311435,-0.0032045296417972935,1.0463377840880863,0.04633778408808631,-0.002895862046313779,4.733485606676829,0.0315580141485526,0.30866759548351436,1,2
1478,1.477999999999948,hold,100.0,5.921723972983464,0.002998155552320192,1.046341341233622,0.04634134123362199,0.0030118903530085214,4.736497497029837,0.031519908044585536,0.013734800688329496,1,2
1479,1.478999999999948,hold,100.0,5.918531800565399,-0.00319217241806502,1.04628607219387,0.04628607219387004,-0.0028843442328081803,4.733613152797028,0.031481925091172196,0.3078281852568398,1,2
1480,1.4799999999999478,hold,100.0,5.921517940597517,0.0029861400321182785,1.0462895502597025,0.046289550259702494,0.0030001942402996663,4.736613347037328,0.031443922438381885,0.014054208181387817,1,2
1481,1.4809999999999477,hold,100.0,5.918338077179072,-0.0031798634184445618,1.0462344333219993,0.04623443332199928,-0.002872871635263779,4.733740475402064,0.031406042364399575,0.30699178318078274,1,2
1482,1.4819999999999476,hold,100.0,5.921312249017451,0.0029741718383782256,1.046237832656552,0.046237832656552014,0.002988543917864235,4.736729019319928,0.03136814279490288,0.014372079486009263,1,2
1483,1.4829999999999475,hold,100.0,5.918144646563362,-0.003167602454088758,1.0461828672630942,0.046182867263094174,-0.00286144407824774,4.73386757524168,0.03133036523595973,0.30615837584101796,1,2
1484,1.4839999999999474,hold,100.0,5.921106897349172,0.0029622507858100278,1.0461861882137886,0.046186188213788615,0.0029769392049778173,4.736844514446658,0.03129256838441126,0.014688419167789568,1,2
1485,1.4849999999999473,hold,100.0,5.917951508012378,-0.0031553893367934904,1.0461313738092823,0.04613137380928234,-0.002850061387001021,4.733994453059657,0.03125489297862545,0.30532794979246924,1,2
1486,1.4859999999999471,hold,100.0,5.920901884702952,0.0029503766905740747,1.0461346167224757,0.04613461672247565,0.0029653799216698396,4.736959832981327,0.0312171984821849,0.015003231095764898,1,2
1487,1.486999999999947,hold,100.0,5.917758660823452,-0.0031432238795003897,1.0460799527541866,0.04607995275418664,-0.0028387233874146937,4.734121109593913,0.031179624870140827,0.3045004920856961,1,2
1488,1.487999999999947,hold,100.0,5.920697210191726,0.0029385493682738684,1.0460831179752583,0.046083117975258325,0.002953865888674992,4.737074975482588,0.031142032368429575,0.015316520401123697,1,2
1489,1.4889999999999468,hold,100.0,5.9175661042968075,-0.0031311058949183845,1.0460286038928892,0.04602860389288921,-0.002827429906009572,4.7342475455765785,0.031104560193144316,0.3036759889088127,1,2
1490,1.4899999999999467,hold,100.0,5.920492872933197,0.0029267686363896317,1.0460316917661865,0.04603169176618649,0.002942396927482025,4.7371899425040604,0.031067069328214333,0.015628291092393415,1,2
1491,1.4909999999999466,hold,100.0,5.917373837735793,-0.0031190351974039743,1.0459773270219601,0.04597732702196011,-0.0028161807700067057,4.734373761734053,0.03102969823510215,0.3028544273972686,1,2
1492,1.4919999999999465,hold,100.0,5.92028887204857,0.002915034312776399,1.0459803378907977,0.045980337890797696,0.002930972860318754,4.737304734594372,0.030992308651393196,0.01593854754235527,1,2
1493,1.4929999999999464,hold,100.0,5.9171818604464566,-0.003107011602113019,1.0459261219393892,0.045926121939389164,-0.002804975807259211,4.734499758787113,0.03095503828822753,0.30203579485380777,1,2
1494,1.4939999999999463,hold,100.0,5.920085206662553,0.0029033462160965584,1.0459290561460675,0.04592905614606746,0.0029195935101450085,4.737419352297258,0.0309177496325381,0.016247294048450135,1,2
1495,1.4949999999999461,hold,100.0,5.916990171738412,-0.0030950349241409825,1.0458749884445966,0.04587498844459659,-0.002793814846294848,4.734625537450963,0.030880579649417168,0.3012200778461345,1,2
1496,1.495999999999946,hold,100.0,5.919881875903779,0.002891704165366882,1.0458778463304061,0.04587784633040615,0.0029082587006337025,4.737533796151597,0.030843391570867563,0.016554535266820672,1,2
1497,1.496999999999946,hold,100.0,5.916798770923677,-0.0030831049801021138,1.0458239263384568,0.04582392633845678,-0.0027826977162572434,4.73475109843534,0.030806321620183864,0.3004072638448704,1,2
1498,1.4979999999999458,hold,100.0,5.9196788789043335,0.002880107980656632,1.0458267082436206,0.04582670824362056,0.0028969682561807834,4.737648066691521,0.030769233770183584,0.01686027552415129,1,2
1499,1.4989999999999457,hold,100.0,5.916607657317568,-0.003071221586765205,1.045772935423187,0.045772935423187056,-0.0027716242469447505,4.734876442444576,0.030732263506584347,0.2995973398204543,1,2
1500,1.4999999999999456,hold,100.0,5.919476214800083,0.0028685574825146887,1.045775641686951,0.04577564168695103,0.0028857220018864635,4.737762164446463,0.030695275538797872,0.017164519371774822,1,2
1501,1.5009999999999455,hold,100.0,5.91641683023836,-0.0030593845617232773,1.0457220155024187,0.04572201550241872,-0.0027605942688146935,4.735001570177648,0.030658404619157406,0.29879029290858383,1,2
1502,1.5019999999999454,hold,100.0,5.919273882730881,0.002857052492521106,1.0457246464629681,0.045724646462968144,0.002874519763592525,4.73787608994124,0.030621516189471603,0.01746727107141896,1,2
1503,1.5029999999999453,hold,100.0,5.9162262890070085,-0.0030475937238723105,1.0456711663811291,0.045671166381129114,-0.002749607612944362,4.735126482328296,0.03058474427286133,0.29798611092794836,1,2
1504,1.5039999999999452,hold,100.0,5.919071881839656,0.0028455928326476254,1.0456737223756398,0.045673722375639825,0.0028633613678027674,4.7379898436960985,0.03054795503935624,0.017768535155142026,1,2
1505,1.504999999999945,hold,100.0,5.916036032947739,-0.0030358488919173254,1.0456203878656902,0.045620387865690226,-0.0027386641110592087,4.735251179585039,0.03051128178700914,0.29718478085811667,1,2
1506,1.505999999999945,hold,100.0,5.918870211273122,0.002834178325382908,1.0456228692302783,0.04562286923027825,0.002852246641772781,4.738103426226812,0.030474591409922515,0.01806831638987306,1,2
1507,1.5069999999999448,hold,100.0,5.915846061387448,-0.003024149885673566,1.0455696797637555,0.04556967976375548,-0.0027277635955142905,4.735375662631298,0.030438016485202914,0.29638629015927553,1,2
1508,1.5079999999999447,hold,100.0,5.9186688701823185,0.0028228087948702907,1.0455720868335525,0.045572086833552516,0.00284117541343642,4.7382168380447345,0.030401424626908157,0.018366618566129436,1,2
1509,1.5089999999999446,hold,100.0,5.915656373656164,-0.003012496526154429,1.0455190418843412,0.045519041884341194,-0.002716905899319679,4.735499932145415,0.03036494769528425,0.29559062683475,1,2
1510,1.5099999999999445,hold,100.0,5.918467857720811,0.0028114840646473738,1.0455213749934391,0.04552137499343911,0.0028301475114422487,4.7383300796568575,0.030328454020253557,0.018663446794874895,1,2
1511,1.5109999999999444,hold,100.0,5.915466969086652,-0.00300088863415926,1.0454684740377627,0.04546847403776266,-0.002706090856109995,4.735623988800747,0.03029207474926627,0.29479777804926505,1,2
1512,1.5119999999999443,hold,100.0,5.918267173046621,0.0028002039599686057,1.0454707335191795,0.04547073351917952,0.00281916276513195,4.738443151565879,0.03025567892404267,0.018958805163344326,1,2
1513,1.5129999999999442,hold,100.0,5.915277847014542,-0.0029893260320790205,1.0454179760356024,0.04541797603560238,-0.0026953183001422595,4.735747833265737,0.030219396983280567,0.294007731936761,1,2
1514,1.513999999999944,hold,100.0,5.918066815320658,0.0027889683061159687,1.0454201622214072,0.04542016222140721,0.0028082210045168683,4.738556054270254,0.03018309867645215,0.019252698400899597,1,2
1515,1.514999999999944,hold,100.0,5.915089006778333,-0.0029778085423251,1.0453675476908175,0.04536754769081752,-0.002684588066287054,4.735871466203967,0.030146913737518915,0.2932204760380461,1,2
1516,1.5159999999999438,hold,100.0,5.917866783707818,0.0027777769294852206,1.0453696609119494,0.04536966091194938,0.0027973220603141123,4.738668788264281,0.03011071261969105,0.01954513082889171,1,2
1517,1.5169999999999437,hold,100.0,5.914900447719585,-0.0029663359882325935,1.0453171888175035,0.04531718881750346,-0.0026738999900730023,4.735994888274208,0.030074624356180375,0.2924359981595912,1,2
1518,1.5179999999999436,hold,100.0,5.917667077376483,0.002766629656897557,1.045319229403955,0.04531922940395505,0.0027864657639423114,4.73878135403815,0.03003852009994406,0.019836107044754643,1,2
1519,1.5189999999999435,hold,100.0,5.914712169182591,-0.002954908193891548,1.0452668992311063,0.04526689923110627,-0.0026632539076354503,4.736118100130515,0.030002528187414494,0.2916542862560975,1,2
1520,1.5199999999999434,hold,100.0,5.917467695498308,0.0027555263157168497,1.0452688675117976,0.045268867511797595,0.0027756519474643627,4.7388937520779795,0.029966520467325494,0.020125631747512987,1,2
1521,1.5209999999999433,hold,100.0,5.914524170514269,-0.0029435249840394917,1.0452166787482746,0.04521667874827462,-0.0026526496557232543,4.736241102422256,0.029930624583269977,0.29087532831623736,1,2
1522,1.5219999999999432,hold,100.0,5.917268637248923,0.0027444667346543383,1.0452185750511245,0.04521857505112448,0.0027648804436625333,4.739005982865919,0.02989471307582122,0.020413709008194978,1,2
1523,1.522999999999943,hold,100.0,5.914336451064709,-0.0029321861842142027,1.0451665271868815,0.04516652718688152,-0.0026420870717277596,4.736363895794192,0.029858912899644832,0.29009911248644316,1,2
1524,1.523999999999943,hold,100.0,5.917069901806968,0.0027334507422596133,1.0451683518387442,0.045168351838744236,0.002754151085965593,4.739118046880157,0.029823097283236368,0.020700343705979708,1,2
1525,1.5249999999999428,hold,100.0,5.914149010186314,-0.0029208916206542312,1.045116444366043,0.04511644436604301,-0.0026315659936312795,4.7364864808865255,0.029787392496230167,0.2893256270229518,1,2
1526,1.5259999999999427,hold,100.0,5.916871488354839,0.002722478168524667,1.0451181976927473,0.045118197692747275,0.002743463708501998,4.739229944595028,0.02975167245115116,0.020985539977331352,1,2
1527,1.5269999999999426,hold,100.0,5.91396184723501,-0.002909641119829054,1.0450664301060393,0.04506643010603928,-0.0026210862600525055,4.736608858334975,0.02971606273646869,0.28855485977654843,1,2
1528,1.5279999999999425,hold,100.0,5.916673396078246,0.002711548843236322,1.0450681124324053,0.04506811243240527,0.0027328181460280557,4.739341676481003,0.029680437944866956,0.021269302791733502,1,2
1529,1.5289999999999424,hold,100.0,5.913774961568833,-0.0028984345094134056,1.045016484228382,0.045016484228382,-0.0026106477101842376,4.736731028770819,0.02964492298749548,0.28778679922916806,1,2
1530,1.5299999999999423,hold,100.0,5.916475624166434,0.0027006625976015997,1.0450180958781687,0.04501809587816874,0.0027222142339986847,4.739453243004818,0.029609393133357847,0.021551636397085065,1,2
1531,1.5309999999999422,hold,100.0,5.913588352548903,-0.0028872716175314395,1.044966606555727,0.04496660655572704,-0.0026002501838920428,4.736852992820926,0.02957397262010202,0.2870214336393967,1,2
1532,1.531999999999942,hold,100.0,5.91627817181195,0.0026898192630468998,1.0449681478516861,0.044968147851686124,0.002711651808546417,4.739564644629472,0.02953853738922627,0.02183254549951736,1,2
1533,1.532999999999942,hold,100.0,5.913402019538959,-0.0028761522729903177,1.0449167969118942,0.04491679691189421,-0.0025898935216054075,4.736974751107867,0.029503211008679923,0.2862587513849102,1,2
1534,1.5339999999999419,hold,100.0,5.916081038210933,0.002679018671973843,1.044918268175756,0.04491826817575606,0.002701130706430894,4.739675881814297,0.02946787008865633,0.022112034457051274,1,2
1535,1.5349999999999417,hold,100.0,5.9132159619056,-0.0028650763053335027,1.0448670551218926,0.044867055121892596,-0.0025795775643692896,4.737096304249928,0.02943263753117863,0.28549874096421307,1,2
1536,1.5359999999999416,hold,100.0,5.915884222562926,0.0026682606573258383,1.044868456674315,0.04486845667431494,0.0026906507650925676,4.7397869550150205,0.029397390611367823,0.022390107766729304,1,2
1537,1.5369999999999415,hold,100.0,5.913030179018003,-0.002854043544922469,1.0448173810118186,0.04481738101181865,-0.002569302153842722,4.737217652861178,0.02936225156906384,0.28474139107974694,1,2
1538,1.5379999999999414,hold,100.0,5.915687724070474,0.0026575450524708444,1.0448187131724733,0.04481871317247332,0.002680211822613467,4.739897864683791,0.02932709834056773,0.022666770142622597,1,2
1539,1.5389999999999413,hold,100.0,5.912844670248125,-0.002843053822348729,1.0447677744089492,0.04476777440894919,-0.0025590671322753586,4.737338797551516,0.02929205250726676,0.28398669007337035,1,2
1540,1.5399999999999412,hold,100.0,5.915491541939848,0.0026468716917227297,1.044769037496455,0.04476903749645511,0.002669813717733529,4.740008611269249,0.029256992662913848,0.02294202601079917,1,2
1541,1.540999999999941,hold,100.0,5.91265943497058,-0.0028321069692678336,1.0447182351416266,0.04471823514162665,-0.002548872342526911,4.737459738926722,0.029222039734149892,0.2832346267409224,1,2
1542,1.541999999999941,hold,100.0,5.915295675380702,0.002636240410121893,1.0447194294735918,0.044719429473591754,0.0026594562898544912,4.740119195216576,0.029187072968470573,0.023215879732598442,1,2
1543,1.5429999999999409,hold,100.0,5.912474472562867,-0.0028212028178353776,1.044668763039363,0.04466876303936296,-0.002538717628059914,4.737580477588517,0.02915221264145286,0.28248518977546344,1,2
1544,1.5439999999999408,hold,100.0,5.915100123605641,0.0026256510427744573,1.0446698889323356,0.04466988893233559,0.002649139378985887,4.740229616967502,0.029117338650660754,0.023488336211429685,1,2
1545,1.5449999999999406,hold,100.0,5.912289782404862,-0.002810341200778943,1.044619357932696,0.04461935793269589,-0.00252860283288876,4.737701014134614,0.029082570624261467,0.28173836789018286,1,2
1546,1.5459999999999405,hold,100.0,5.914904885830842,0.0026151034259802586,1.0446204157022265,0.044620415702226524,0.0026388628258070114,4.740339876960421,0.02904778910623267,0.023759399826752802,1,2
1547,1.5469999999999404,hold,100.0,5.912105363879212,-0.002799521951630801,1.0445700196532879,0.044570019653287885,-0.0025185278016771773,4.737821349158744,0.029013113080965703,0.2809941499536239,1,2
1548,1.5479999999999403,hold,100.0,5.914709961275877,0.002604597396665298,1.0445710096138932,0.04457100961389315,0.002628626471638122,4.740449975630382,0.028978423735216103,0.02402907497282402,1,2
1549,1.5489999999999402,hold,100.0,5.911921216371399,-0.0027887449044783352,1.0445207480338556,0.04452074803385564,-0.002508492379654124,4.737941483250728,0.028943839413215478,0.28025252482421137,1,2
1550,1.54999999999994,hold,100.0,5.914515349163373,0.0025941327919740687,1.0445216704990201,0.044521670499020116,0.0026184301584293835,4.740559913409157,0.02890924194088217,0.024297366455314825,1,2
1551,1.55099999999994,hold,100.0,5.91173733926905,-0.0027780098943228637,1.0444715429081939,0.044471542908193884,-0.002498496412639084,4.738061416996518,0.02887474902588235,0.27951348168377954,1,2
1552,1.5519999999999399,hold,100.0,5.914321048719271,0.0025837094502207947,1.0444723981903719,0.044472398190371853,0.0026082737287642975,4.740669690725283,0.028840243129706095,0.024564278543502856,1,2
1553,1.5529999999999398,hold,100.0,5.911553731962762,-0.002767316756508542,1.0444224041111334,0.04442240411113341,-0.0024885397470402774,4.738181150978242,0.02880584132702443,0.2787770094682647,1,2
1554,1.5539999999999397,hold,100.0,5.914127059172784,0.002573327210021681,1.0444231925217444,0.044423192521744426,0.002598157025861865,4.740779308004104,0.02877142671132999,0.024829815840184122,1,2
1555,1.5549999999999395,hold,100.0,5.911370393845711,-0.002756665327072305,1.044373331478521,0.04437333147852107,-0.002478622229864574,4.738300685774239,0.0287371157278465,0.27804309720773096,1,2
1556,1.5559999999999394,hold,100.0,5.913933379756337,0.002562985910625315,1.0443740533279904,0.04437405332799038,0.00258807989358085,4.74088876566782,0.028702792098523153,0.025093982955535013,1,2
1557,1.5569999999999393,hold,100.0,5.911187324313683,-0.0027460554426532724,1.0443243248473004,0.04432432484730042,-0.0024687437086898167,4.73842002195913,0.028668571642665015,0.2773117339634557,1,2
1558,1.5579999999999392,hold,100.0,5.913740009705579,0.0025526853918957926,1.0443249804450077,0.044324980445007656,0.002578042176388281,4.7409980641355185,0.02863433870715064,0.02535678449248858,1,2
1559,1.558999999999939,hold,100.0,5.911004522764943,-0.0027354869406366333,1.044275384055342,0.04427538405534204,-0.0024589040316805397,4.738539160103838,0.028600208488869985,0.2765829089560936,1,2
1560,1.559999999999939,hold,100.0,5.913546948259384,0.0025424254944415026,1.04427597370965,0.044275973709650085,0.0025680437193851416,4.741107203823224,0.028566065956129698,0.025618224943639058,1,2
1561,1.5609999999999389,hold,100.0,5.910821988600081,-0.0027249596593028613,1.0442265089416098,0.04422650894160984,-0.0024491030475784614,4.738658100775645,0.028532025686890346,0.27585661172439996,1,2
1562,1.5619999999999388,hold,100.0,5.913354194659668,0.0025322060595867057,1.0442270329598435,0.04422703295984354,0.0025580843682983267,4.741216185143943,0.028497973267403033,0.02587830871162095,1,2
1563,1.5629999999999387,hold,100.0,5.910639721222666,-0.0027144734370017076,1.0441776993459815,0.04417769934598148,-0.0024393406057020076,4.738776844538242,0.028464022660159474,0.27513283129970006,1,2
1564,1.5639999999999386,hold,100.0,5.913161748151731,0.002522026929065113,1.0441781580344764,0.044178158034476445,0.0025481639694397325,4.7413250085076815,0.028430060065898675,0.026137040374619308,1,2
1565,1.5649999999999384,hold,100.0,5.910457720038549,-0.0027040281131824884,1.0441289551093944,0.04412895510939441,-0.002429616555935348,4.738895391951746,0.028396198835084218,0.2744115572471404,1,2
1566,1.5659999999999383,hold,100.0,5.912969607983694,0.0025118879451451193,1.0441293487734566,0.044129348773456645,0.002538282369766905,4.741433674321513,0.028362325779498463,0.026394424621785546,1,2
1567,1.5669999999999382,hold,100.0,5.910275984456084,-0.002693623527609823,1.0440802760737349,0.04408027607373488,-0.0024199307487498115,4.739013743572763,0.028328553641001737,0.2736927788600115,1,2
1568,1.567999999999938,hold,100.0,5.91277777340711,0.0025017889510259295,1.0440806050176243,0.04408060501762434,0.002528439416847439,4.741542182989611,0.028294769839003482,0.026650465821509428,1,2
1569,1.568999999999938,hold,100.0,5.910094513886233,-0.0026832595208770016,1.044031662081856,0.04403166208185594,-0.002410283035190971,4.73913189995442,0.028261086510159926,0.2729764856860307,1,2
1570,1.569999999999938,hold,100.0,5.9125862436766505,0.002491729790417452,1.044031926608818,0.04403192660881805,0.0025186349588579657,4.741650534913278,0.028227391678106506,0.026905168440513952,1,2
1571,1.5709999999999378,hold,100.0,5.909913307742263,-0.0026729359343873327,1.0439831129775503,0.04398311297755031,-0.0024006732668717303,4.739249861646407,0.028193796877672362,0.27226266751560235,1,2
1572,1.5719999999999377,hold,100.0,5.912395018049649,0.002481710307385754,1.0439833133898473,0.04398331338984729,0.002508868844582856,4.741758730490989,0.02816019073335045,0.027158537197102123,1,2
1573,1.5729999999999376,hold,100.0,5.9097323654400675,-0.0026626526095814285,1.0439346286055877,0.04393462860558772,-0.002391101295966193,4.739367629195023,0.028126684181500675,0.27155131361523543,1,2
1574,1.5739999999999374,hold,100.0,5.912204095786985,0.002471730346917056,1.0439347652044195,0.043934765204419524,0.0024991409233964127,4.74186677011842,0.028093166444107857,0.02741057647935672,1,2
1575,1.5749999999999373,hold,100.0,5.909551686397997,-0.0026524093889879197,1.0438862088116645,0.043886208811664495,-0.0023815669752172454,4.739485203143202,0.02805974786240697,0.27084241377067425,1,2
1576,1.5759999999999372,hold,100.0,5.912013476152301,0.002461789754304,1.0438862818972572,0.043886281897257184,0.00248945104530573,4.741974654188508,0.028026318252543782,0.027661291001729663,1,2
1577,1.5769999999999371,hold,100.0,5.909371270036656,-0.0026422061156443633,1.0438378534423753,0.04383785344237534,-0.002372070157937462,4.73960258403057,0.027992987363940396,0.2701359577069011,1,2
1578,1.577999999999937,hold,100.0,5.911823158412572,0.0024518883759157006,1.0438378633139425,0.04383786331394246,0.0024797990608777286,4.742082383091448,0.027959645603584868,0.027910684962027983,1,2
1579,1.578999999999937,hold,100.0,5.9091911157794055,-0.0026320426331665203,1.043789562345311,0.04378956234531106,-0.0023626106979792913,4.739719772393469,0.027926402132392825,0.26943193518722897,1,2
1580,1.5799999999999368,hold,100.0,5.911633141837738,0.002442026058332658,1.0437895093010128,0.043789509301012775,0.0024701848212977193,4.742189957214767,0.027893147944897806,0.02815876296506127,1,2
1581,1.5809999999999367,hold,100.0,5.90901122305177,-0.002621918785967736,1.0437413353688945,0.04374133536889446,-0.0023531884497814274,4.739836768764985,0.02785999161678124,0.2687303361863088,1,2
1582,1.5819999999999366,hold,100.0,5.911443425700424,0.002432202648653181,1.0437412197058973,0.04374121970589728,0.00246060817835873,4.742297376943344,0.027826824726847485,0.028405529705548965,1,2
1583,1.5829999999999365,hold,100.0,5.908831591281642,-0.0026118344187819886,1.0436931723624976,0.04369317236249759,-0.00234380326832543,4.7399535736750185,0.02779375526880817,0.26803115045655884,1,2
1584,1.5839999999999363,hold,100.0,5.911254009276324,0.0024224179946825686,1.0436929943769604,0.04369299437696039,0.0024510689844154995,4.742404642659434,0.027760675402480856,0.028650989732930884,1,2
1585,1.5849999999999362,hold,100.0,5.908652219899376,-0.002601789376948105,1.0436450731763567,0.043645073176356686,-0.002334455009154991,4.740070187650279,0.027727692542843133,0.2673343677931138,1,2
1586,1.5859999999999361,hold,100.0,5.911064891844631,0.0024126719452546297,1.043644833163439,0.04364483316343892,0.0024415670924367886,4.742511754742716,0.027694699427491493,0.028895147182158958,1,2
1587,1.586999999999936,hold,100.0,5.908473108337725,-0.002591783506905365,1.0435970376615917,0.04359703766159173,-0.002325143528361256,4.740186611214354,0.02766180289588867,0.26663997854410937,1,2
1588,1.587999999999936,hold,100.0,5.910876072686889,0.002402964349164094,1.0435967359154423,0.04359673591544233,0.002432102355953859,4.742618713570308,0.027628896260193835,0.029138006789765098,1,2
1589,1.5889999999999358,hold,100.0,5.908294256031862,-0.0025818166550273247,1.0435490656702398,0.04354906567023975,-0.0023158686825768245,4.740302844887731,0.027596085787555968,0.2659479724505002,1,2
1590,1.5899999999999357,hold,100.0,5.910687551087978,0.0023932950561160737,1.043548702483974,0.04354870248397402,0.0024226746291007035,4.742725519516831,0.027563265361497266,0.029379572984629745,1,2
1591,1.5909999999999356,hold,100.0,5.908115662419095,-0.0025718886688830267,1.043501157055149,0.0435011570551489,-0.0023066303290109353,4.74041888918782,0.027530540680036214,0.2652583398720914,1,2
1592,1.5919999999999355,hold,100.0,5.910499326335421,0.002383663916325496,1.0435007327208992,0.04350073272089916,0.0024132837665907804,4.742832172954411,0.027497806194879442,0.029619850265284655,1,2
1593,1.5929999999999354,hold,100.0,5.907937326939306,-0.002561999396114345,1.0434533116700482,0.04345331167004818,-0.0022974283253964878,4.740534744629014,0.027465167038076162,0.26457107071785724,1,2
1594,1.5939999999999352,hold,100.0,5.910311397719757,0.002374070780450488,1.0434528264789582,0.043452826478958206,0.002403929623712874,4.742938674252727,0.027432518226359327,0.02985884326238593,1,2
1595,1.5949999999999351,hold,100.0,5.907759249034386,-0.002552148685370348,1.043405529369535,0.04340552936953501,-0.002288262530030395,4.740650411722696,0.02739996432895199,0.26388615533995274,1,2
1596,1.595999999999935,hold,100.0,5.9101237645345,0.0023645155001137397,1.043404983611721,0.04340498361172096,0.002394612056334142,4.743045023779031,0.027367400924471895,0.03009655622040249,1,2
1597,1.596999999999935,hold,100.0,5.9075814281488706,-0.0025423363856296177,1.043357810009016,0.04335781000901595,-0.0022791328017432366,4.740765890977287,0.027334932022442446,0.26320358388638115,1,2
1598,1.5979999999999348,hold,100.0,5.909936426076056,0.0023549979271857424,1.0433572039735828,0.04335720397358278,0.002385330920892183,4.743151221898179,0.02730245376024312,0.030332993706440586,1,2
1599,1.5989999999999347,hold,100.0,5.9074038637293995,-0.002532562346656775,1.0433101534447449,0.04331015344474487,-0.0022700389998989716,4.74088118289828,0.027270069590803737,0.2625233467578032,1,2
1600,1.5999999999999346,hold,100.0,5.909749381643461,0.002345517914061901,1.0433094874198292,0.04330948741982921,0.0023760860744036104,4.743257268972684,0.027237676207164482,0.030568160341709442,1,2
1601,1.6009999999999345,hold,100.0,5.907226555224971,-0.0025228264184899984,1.0432625595337839,0.043262559533783884,-0.002260980984427085,4.740996287988257,0.02720537650874891,0.26184543406291333,1,2
1602,1.6019999999999344,hold,100.0,5.909562630538826,0.00233607531385438,1.0432618338065298,0.043261833806529815,0.0023668773744549695,4.743363165362712,0.027173067741171175,0.030802060600589563,1,2
1603,1.6029999999999343,hold,100.0,5.90704950208663,-0.0025131284521959785,1.0432150281340622,0.043215028134062194,-0.002251958615768671,4.741111206746944,0.027140852253420306,0.2611698364273075,1,2
1604,1.6039999999999341,hold,100.0,5.909376172067154,0.002326669980524443,1.043214242990565,0.04321424299056509,0.0023577046791872468,4.743468911426131,0.027108627840617405,0.031034698662803922,1,2
1605,1.604999999999934,hold,100.0,5.906872703767862,-0.0025034682992925994,1.0431675591042504,0.04316755910425041,-0.0022429717549189683,4.741225939671212,0.027076496304365687,0.26049654437363107,1,2
1606,1.605999999999934,hold,100.0,5.909190005536129,0.002317301768266944,1.0431667148296533,0.043166714829653285,0.002348567847320498,4.743574507518533,0.027044355986248447,0.031266079053553913,1,2
1607,1.6069999999999338,hold,100.0,5.906696159724294,-0.0024938458118342055,1.0431201523038491,0.043120152303849135,-0.0022340202634049925,4.741340487255128,0.027012308143517145,0.25982554842921307,1,2
1608,1.6079999999999337,hold,100.0,5.909004130256067,0.002307970531772341,1.043119249182307,0.04311924918230692,0.0023394667381390634,4.743679953993267,0.026980251661185436,0.03149620636672253,1,2
1609,1.6089999999999336,hold,100.0,5.906519869413958,-0.002484260842108732,1.0430728075931779,0.043072807593177886,-0.0022251040032639086,4.741454849990003,0.026948287255165942,0.25915683884482343,1,2
1610,1.6099999999999335,hold,100.0,5.908818545540427,0.002298676126469168,1.0430718459078152,0.04307184590781521,0.0023304012114499302,4.7437852512014524,0.026916314350895917,0.03172508498076225,1,2
1611,1.6109999999999334,hold,100.0,5.906343832296927,-0.0024747132435001262,1.0430255248332998,0.0430255248332998,-0.0022162228370780626,4.741569028364374,0.0268844331259455,0.25849040642206367,1,2
1612,1.6119999999999333,hold,100.0,5.908633250705142,0.0022894184082149494,1.0430245048662763,0.04302450486627629,0.002321371127662006,4.743890399492036,0.026852543543178155,0.03195271944705664,1,2
1613,1.6129999999999332,hold,100.0,5.906168047835387,-0.0024652028697547124,1.0429783038860827,0.0429783038860827,-0.00220737662797694,4.741683022864059,0.026820745244800253,0.25782624177777236,1,2
1614,1.613999999999933,hold,100.0,5.908448245069179,0.002280197233791803,1.0429772259185706,0.04297722591857056,0.0023123763477393604,4.743995399211799,0.02678893872813102,0.032179113947557354,1,2
1615,1.614999999999933,hold,100.0,5.90599251549387,-0.002455729575308929,1.042931144614125,0.04293114461412495,-0.0021985652396099412,4.741796833972189,0.026757223102970937,0.25716433569898794,1,2
1616,1.6159999999999328,hold,100.0,5.908263527954022,0.002271012460151489,1.0429300089263136,0.0429300089263136,0.0023034167331722273,4.744100250705361,0.02672549939813786,0.03240427302073816,1,2
1617,1.6169999999999327,hold,100.0,5.905817234738942,-0.00244629321507972,1.0428840468808565,0.04288404688085645,-0.002189788536108876,4.741910462169252,0.02669386619397407,0.2565046789708442,1,2
1618,1.6179999999999326,hold,100.0,5.908079098683664,0.0022618639447218314,1.0428828537519352,0.042882853751935235,0.002294492146000475,4.7442049543152525,0.02666222504784922,0.03262820127864375,1,2
1619,1.6189999999999325,hold,100.0,5.905642205039586,-0.002436893644078175,1.042837010550403,0.04283701055040301,-0.0021810463821751976,4.742023907933078,0.02663067401357448,0.25584726190297763,1,2
1620,1.6199999999999324,hold,100.0,5.907894956585494,0.002252751545908538,1.0428357602585858,0.04283576025858582,0.002285602448835815,4.744309510381914,0.026599115174152144,0.032850902927277284,1,2
1621,1.6209999999999323,hold,100.0,5.905467425866483,-0.0024275307190109174,1.0427900354876556,0.04279003548765559,-0.0021723386430304976,4.742137171738883,0.026567646059770456,0.2551920759804199,1,2
1622,1.6219999999999322,hold,100.0,5.9077111009890215,0.0022436751225383134,1.0427887283101744,0.04278872831017444,0.002276747504835215,4.744413919243718,0.026536169276157956,0.03307238229690147,1,2
1623,1.622999999999932,hold,100.0,5.905292896692961,-0.0024182042960605443,1.0427431215582563,0.042743121558256325,-0.002163665184381455,4.7422502540593365,0.026504781832771353,0.2545391116790894,1,2
1624,1.623999999999932,hold,100.0,5.907527531226526,0.002234634533564872,1.0427417577713707,0.04274175777137068,0.00226792717766608,4.7445181812370025,0.026473386855178534,0.033292644101208003,1,2
1625,1.6249999999999318,hold,100.0,5.9051186169938585,-0.002408914232667314,1.0426962686285688,0.04269626862856879,-0.002155025872477902,4.742363155364525,0.026442080834978673,0.253888360189412,1,2
1626,1.6259999999999317,hold,100.0,5.907344246633031,0.0022256296391720554,1.0426948485075345,0.042694848507534466,0.0022591413315712853,4.744622296696096,0.026410767414707097,0.03351169239922992,1,2
1627,1.6269999999999316,hold,100.0,5.904944586246765,-0.0023996603862652677,1.0426494765657068,0.042649476565706834,-0.002146420574079984,4.742475876122016,0.026379542570965565,0.2532398121852836,1,2
1628,1.6279999999999315,hold,100.0,5.907161246546095,0.0022166602993296536,1.0426480003848129,0.04264800038481287,0.0022503898313182462,4.744726265953334,0.02634831046039967,0.03372953198859264,1,2
1629,1.6289999999999314,hold,100.0,5.904770803930635,-0.0023904426154599534,1.0426027452374516,0.042602745237451556,-0.0021378491564501196,4.742588416796884,0.026317166547454723,0.25259345900983377,1,2
1630,1.6299999999999313,hold,100.0,5.906978530306259,0.002207726375623942,1.0426012132700417,0.04260121327004174,0.0022416725422177383,4.744830089339102,0.02628601550005525,0.033946166593796456,1,2
1631,1.6309999999999312,hold,100.0,5.904597269527396,-0.002381260778863137,1.042556074512356,0.0425560745123561,-0.002129311487391998,4.742700777851709,0.02625495227330848,0.25194929147113887,1,2
1632,1.631999999999931,hold,100.0,5.906796097256269,0.0021988277288729208,1.0425544870307764,0.042554487030776356,0.0022329893301109207,4.74493376718182,0.02622388204359659,0.034161601237999925,1,2
1633,1.632999999999931,hold,100.0,5.904423982520115,-0.002372114736154174,1.0425094642596462,0.04250946425964619,-0.0021208074351671993,4.742812959746653,0.026192899259499476,0.25130730098697457,1,2
1634,1.6339999999999308,hold,100.0,5.906613946741443,0.002189964221328111,1.0425078215352757,0.04250782153527566,0.0022243400613598317,4.745037299808012,0.02616190960305343,0.03437584003172051,1,2
1635,1.6349999999999307,hold,100.0,5.904250942394578,-0.002363004346864983,1.0424629143492756,0.04246291434927563,-0.0021123368686044707,4.742924962939408,0.02613100701910156,0.25066747826051233,1,2
1636,1.6359999999999306,hold,100.0,5.906432078110186,0.0021811357156078515,1.0424612166525011,0.04246121665250113,0.0022157246028936942,4.7451406875423014,0.026100097692542654,0.03458888728584278,1,2
1637,1.6369999999999305,hold,100.0,5.904078148638151,-0.0023539294720347215,1.0424164246518421,0.042416424651842144,-0.002103899657002574,4.743036787885299,0.026069275067260932,0.2500298150321474,1,2
1638,1.6379999999999304,hold,100.0,5.90625049071291,0.00217234207475947,1.0424146722521188,0.04241467225211881,0.0022071428221276234,4.745243930707427,0.026038445828249802,0.03480074736815324,1,2
1639,1.6389999999999303,hold,100.0,5.903905600740589,-0.0023448899723215177,1.0423699950386902,0.04236999503869021,-0.0020954956701664295,4.74314843503726,0.026007702921190395,0.2493943021550883,1,2
1640,1.6399999999999302,hold,100.0,5.9060691839028365,0.0021635831622477397,1.0423681882044893,0.04236818820448929,0.002198594587016435,4.745347029624277,0.025976953528416665,0.0350114247686952,1,2
1641,1.64099999999993,hold,100.0,5.903733298193433,-0.0023358857094031293,1.0423236253817876,0.04232362538178758,-0.0020871247783964936,4.74325990484588,0.025946290100144483,0.2487609310066357,1,2
1642,1.64199999999993,hold,100.0,5.905888157035969,0.002154858842535745,1.0423217643806206,0.04232176438062063,0.002190079766039551,4.74544998461192,0.025915620313313948,0.035220923503805845,1,2
1643,1.6429999999999298,hold,100.0,5.903561240490425,-0.0023269165455443996,1.0422773155538205,0.04227731555382053,-0.0020787868525160456,4.743371197759404,0.025885036125404676,0.24812969302835403,1,2
1644,1.6439999999999297,hold,100.0,5.905707409470303,0.0021461689798778494,1.0422754006522432,0.04227540065224322,0.002181598228211747,4.745552795987616,0.025854445705233823,0.03542924833389773,1,2
1645,1.6449999999999296,hold,100.0,5.903389427126971,-0.0023179823433316926,1.0422310654281153,0.04223106542811528,-0.002070481763839392,4.743482314223777,0.02582394052025991,0.2475005794923008,1,2
1646,1.6459999999999295,hold,100.0,5.905526940566653,0.0021375134396821593,1.0422290968917158,0.042229096891715834,0.00217314984305278,4.74565546406683,0.02579342922847171,0.03563640337062067,1,2
1647,1.6469999999999294,hold,100.0,5.903217857600568,-0.0023090829660850076,1.0421848748786755,0.042184874878675505,-0.0020622093841662446,4.743593254682663,0.025763002809994426,0.24687358191876305,1,2
1648,1.6479999999999293,hold,100.0,5.90534674968833,0.002128892087761791,1.0421828529720765,0.04218285297207647,0.0021647344805904127,4.745757989163254,0.025732570409302245,0.03584239282862153,1,2
1649,1.6489999999999292,hold,100.0,5.903046531410904,-0.0023002182774254365,1.0421387437801581,0.04213874378015814,-0.002053969585791829,4.743704019577462,0.025702222521867844,0.24624869163360727,1,2
1650,1.649999999999929,hold,100.0,5.9051668362010785,0.00212030479017411,1.0421366687670404,0.042136668767040364,0.00215635201137946,4.745860371588841,0.025671868775972242,0.03604722120535003,1,2
1651,1.650999999999929,hold,100.0,5.90287544805945,-0.0022913881416286586,1.042092672007847,0.04209267200784694,-0.002045762241517397,4.743814609347323,0.025641599185099662,0.24562590011126176,1,2
1652,1.6519999999999289,hold,100.0,5.904987199473293,0.0021117514138433435,1.0420905441509343,0.04209054415093427,0.002148002306504134,4.745962611653828,0.025611323858679938,0.036250892660790596,1,2
1653,1.6529999999999287,hold,100.0,5.902704607049452,-0.002282592423840768,1.0420466594376885,0.04204665943768848,-0.0020375872246289678,4.743925024429199,0.025581132330855273,0.24500519921180022,1,2
1654,1.6539999999999286,hold,100.0,5.90480783887546,0.002103231826007246,1.042044478998771,0.04204447899877106,0.002139685237516337,4.746064709666715,0.02555093518956151,0.03645341150909122,1,2
1655,1.6549999999999285,hold,100.0,5.9025340078864295,-0.0022738309890302233,1.0420007059462864,0.042000705946286354,-0.0020294444088873502,4.7440352652578275,0.02552082149222707,0.24438658014287307,1,2
1656,1.6559999999999284,hold,100.0,5.904628753780944,0.002094745894514638,1.0419984731861662,0.04199847318616623,0.0021314006765184757,4.7461666659343456,0.025490702302669404,0.03665478200383766,1,2
1657,1.6569999999999283,hold,100.0,5.902363650077443,-0.0022651037035013033,1.041954811410831,0.04195481141083102,-0.002021333668578422,4.744145332265767,0.02546066620422283,0.24377003492288135,1,2
1658,1.6579999999999282,hold,100.0,5.904449943564989,0.00208629348754652,1.041952526589389,0.04195252658938897,0.0021231484961022375,4.74626848076187,0.025430624733968718,0.03685500855571747,1,2
1659,1.658999999999928,hold,100.0,5.902193533131765,-0.0022564104332243318,1.0419089757091744,0.0419089757091744,-0.0020132548784217684,4.744255225883448,0.02540066600374693,0.24315555480256337,1,2
1660,1.659999999999928,hold,100.0,5.904271407605755,0.0020778744739899935,1.0419066390853386,0.04190663908533865,0.0021149285693503835,4.746370154452798,0.02537070202131006,0.03705409536039006,1,2
1661,1.6609999999999279,hold,100.0,5.902023656560357,-0.002247751045397983,1.0418631987197564,0.04186319871975641,-0.002005207913663232,4.744364946539134,0.025340820429588743,0.24254313173475114,1,2
1662,1.6619999999999278,hold,100.0,5.904093145283628,0.0020694887232712844,1.0418608105515152,0.04186081055151525,0.0021067407698751703,4.746471687309009,0.02531093370442395,0.03725204660388588,1,2
1663,1.6629999999999276,hold,100.0,5.901854019875928,-0.0022391254077005485,1.0418174803216578,0.041817480321657774,-0.0019971926500165684,4.744474494658993,0.025281129022405268,0.24193275768398004,1,2
1664,1.6639999999999275,hold,100.0,5.903915155981231,0.0020611361053033406,1.0418150408660525,0.04181504086605248,0.0020985849717814883,4.746573079630775,0.025251319324897614,0.037448866478147734,1,2
1665,1.6649999999999274,hold,100.0,5.901684622593676,-0.002230533387555411,1.041771820394558,0.04177182039455807,-0.001989208963676251,4.744583870667098,0.02522159132470892,0.24132442387916028,1,2
1666,1.6659999999999273,hold,100.0,5.903737439083758,0.0020528164900825985,1.0417693299076924,0.04176932990769244,0.0020904610496556442,4.746674331716753,0.02519185842617063,0.03764455957304576,1,2
1667,1.6669999999999272,hold,100.0,5.901515464229915,-0.002221974853843456,1.0417262188187442,0.041726218818744165,-0.001981256731311735,4.744693074985442,0.025162206880849455,0.2407181225317209,1,2
1668,1.667999999999927,hold,100.0,5.903559993978747,0.002044529748832069,1.041723677555789,0.041723677555788985,0.0020823688785917456,4.746775443864033,0.025132550553510984,0.03783912975967654,1,2
1669,1.668999999999927,hold,100.0,5.901346544302997,-0.002213449675750212,1.0416806754750885,0.04168067547508847,-0.001973335830063479,4.744802108033969,0.0251029752370065,0.240113845686733,1,2
1670,1.6699999999999269,hold,100.0,5.903382820055979,0.002036275752982597,1.04167808369025,0.041678083690249945,0.00207430833418486,4.7468764163681545,0.025073395254009208,0.038032581202262876,1,2
1671,1.6709999999999268,hold,100.0,5.901177862333592,-0.0022049577223874905,1.0416351902450445,0.04163519024504447,-0.001965446137559612,4.7449109702305945,0.02504389594116891,0.23951158482787838,1,2
1672,1.6719999999999267,hold,100.0,5.903205916707445,0.0020280543738531165,1.0416325481916542,0.041632548191654184,0.0020662792924915196,4.746977249523086,0.025014392076559058,0.03822491863840309,1,2
1673,1.6729999999999265,hold,100.0,5.901009417843362,-0.0021964988640830185,1.0415897630107023,0.041589763010702274,-0.0019575875318867007,4.745019661991199,0.02498496854312307,0.23891133219631783,1,2
1674,1.6739999999999264,hold,100.0,5.9030292833277604,0.0020198654843985864,1.0415870709411286,0.04158707094112857,0.0020582816300957754,4.747077943621295,0.02495554057184507,0.03841614569718901,1,2
1675,1.6749999999999263,hold,100.0,5.90084121035648,-0.0021880729712808744,1.0415443936546764,0.04154439365467644,-0.0019497598916175002,4.745128183729677,0.024926192594443678,0.23831307966337417,1,2
1676,1.6759999999999262,hold,100.0,5.902852919313662,0.002011708957182279,1.0415416518203429,0.04154165182034286,0.002050315224061172,4.747178498953738,0.024896840292332086,0.038606266878893174,1,2
1677,1.676999999999926,hold,100.0,5.900673239398557,-0.002179679915104593,1.041499082060183,0.041499082060183046,-0.001941963095795663,4.745236535857942,0.024867567648475312,0.23771681930893018,1,2
1678,1.677999999999926,hold,100.0,5.902676824064198,0.0020035846656405454,1.0414962907115994,0.04149629071159944,0.0020423799519245465,4.747278915809867,0.0248382907922516,0.03879528628400117,1,2
1679,1.6789999999999259,hold,100.0,5.900505504497147,-0.0021713195670507446,1.0414538281110093,0.04145382811100928,-0.0019341970239256264,4.745344718785941,0.024809093260321373,0.2371225431251182,1,2
1680,1.6799999999999258,hold,100.0,5.902500996980738,0.001995492483590766,1.0414509874977742,0.041450987497774205,0.0020344756917168695,4.747379194477658,0.024779891627582547,0.038983208126103404,1,2
1681,1.6809999999999257,hold,100.0,5.900338005181499,-0.0021629917992385117,1.0414086316915079,0.04140863169150788,-0.0019264615559745223,4.745452732921684,0.02475076898683197,0.23653024326398944,1,2
1682,1.6819999999999256,hold,100.0,5.902325437466883,0.0019874322853841164,1.041405742062295,0.04140574206229508,0.0020266023219556173,4.747479335243639,0.024721642356047444,0.039170036571500866,1,2
1683,1.6829999999999254,hold,100.0,5.90017074098227,-0.0021546964846130834,1.0413634926866007,0.04136349268660067,-0.001918756572387751,4.745560578671252,0.024692594386589214,0.23593991222533228,1,2
1684,1.6839999999999253,hold,100.0,5.902150144928361,0.001979403946090308,1.041360554289125,0.04136055428912511,0.002018759721622815,4.747579338392875,0.024663542537094556,0.039355775532507166,1,2
1685,1.6849999999999252,hold,100.0,5.900003711432868,-0.0021464334954925945,1.0413184109817206,0.04131841098172062,-0.001911081954042871,4.745668256438832,0.024634569019896288,0.23535154144972356,1,2
1686,1.6859999999999251,hold,100.0,5.901975118773376,0.001971407340508158,1.0413154240628346,0.041315424062834616,0.0020109477701683257,4.747679204209001,0.02460559173188416,0.03954042966016792,1,2
1687,1.686999999999925,hold,100.0,5.8998369160673105,-0.002138202706065684,1.041273386462907,0.0412733864629069,-0.0019034375823005442,4.7457757666267,0.024576692448766084,0.2347651237651397,1,2
1688,1.687999999999925,hold,100.0,5.901800358412002,0.0019634423446914795,1.0412703512684944,0.04127035126849443,0.002003166347547529,4.7477789329742475,0.024547789503286035,0.03972400285604969,1,2
1689,1.6889999999999248,hold,100.0,5.899670354421984,-0.002130003990018281,1.0412284190166947,0.04122841901669472,-0.0018958233389802456,4.745883109635267,0.024518964236905926,0.2341806510380354,1,2
1690,1.6899999999999247,hold,100.0,5.901625863257085,0.001955508835100872,1.0412253357917913,0.04122533579179133,0.0019954153341801254,4.7478785249694475,0.02449013541585147,0.039906499079253324,1,2
1691,1.6909999999999246,hold,100.0,5.899504026034861,-0.00212183722222381,1.041183508530226,0.0411835085302259,-0.0018882391063626915,4.745990285863085,0.024461383949709013,0.23359811586111867,1,2
1692,1.6919999999999245,hold,100.0,5.901451632723118,0.0019476066882573306,1.0411803775189024,0.041180377518902356,0.001987694610962809,4.747977980474048,0.024432629035814713,0.04008792270547828,1,2
1693,1.6929999999999243,hold,100.0,5.899337930445254,-0.0021137022778638936,1.0411386548911032,0.041138654891103243,-0.0018806847671779458,4.74609729570687,0.02440395115423835,0.2330175106859478,1,2
1694,1.6939999999999242,hold,100.0,5.9012776662269975,0.0019397357817432237,1.0411354763365284,0.041135476336528365,0.0019800040592385347,4.748077299766109,0.024375269931077633,0.040268277495311006,1,2
1695,1.6949999999999241,hold,100.0,5.899172067195094,-0.002105599031903438,1.0410938579874953,0.04109385798749532,-0.0018731602045987954,4.74620413956151,0.024346665419222945,0.2324388273046425,1,2
1696,1.695999999999924,hold,100.0,5.901103963187845,0.0019318959927510093,1.0410906321319575,0.041090632131957516,0.001972343560851874,4.7481764831223625,0.024318057671192137,0.04044756810086484,1,2
1697,1.696999999999924,hold,100.0,5.899006435826883,-0.002097527360962026,1.0410491177081207,0.0410491177081207,-0.001865665302286211,4.746310817820076,0.02428952631503446,0.23186205867581508,1,2
1698,1.6979999999999238,hold,100.0,5.900930523026884,0.0019240872000008125,1.0410458447929658,0.0410458447929658,0.001964712998098005,4.748275530818174,0.024260991827360807,0.04062579809719236,1,2
1699,1.6989999999999237,hold,100.0,5.898841035885636,-0.0020894871412480143,1.0410044339421638,0.0410044339421638,-0.0018581999442994989,4.746417330873874,0.024232533413688067,0.23128719694851538,1,2
1700,1.6999999999999236,hold,100.0,5.900757345167498,0.0019163092818619276,1.0410011142078788,0.041001114207878775,0.0019571122537155464,4.74837444312759,0.024204071972412797,0.04080297185361879,1,2
1701,1.7009999999999235,hold,100.0,5.898675866917566,-0.0020814782499316564,1.0409598065793786,0.04095980657937859,-0.0018507640151784843,4.7465236791124115,0.024175686288822735,0.2307142347531721,1,2
1702,1.7019999999999234,hold,100.0,5.9005844290351,0.001908562117534096,1.0409564402655136,0.040956440265513594,0.0019495412109442833,4.748473220323356,0.02414729768080075,0.04097909341018715,1,2
1703,1.7029999999999232,hold,100.0,5.898510928470607,-0.0020735005644931803,1.04091523551,0.04091523550999998,-0.0018433573999238376,4.746629862923432,0.02411898451569669,0.23014316456934267,1,2
1704,1.7039999999999231,hold,100.0,5.900411774057356,0.0019008455867490781,1.040911822855221,0.04091182285522099,0.0019419997534562722,4.748571862676888,0.024090668528588564,0.041154166707194115,1,2
1705,1.704999999999923,hold,100.0,5.898346220094564,-0.002065553962792066,1.040870720624784,0.04087072062478403,-0.0018359799839401164,4.746735882692948,0.024062427671166703,0.22957397885194963,1,2
1706,1.705999999999923,hold,100.0,5.900239379664135,0.0018931595695708126,1.0408672618668642,0.04086726186686418,0.0019344877654118241,4.74867037045836,0.024034184093438722,0.04132819584101157,1,2
1707,1.7069999999999228,hold,100.0,5.8981817413406565,-0.0020576383234782725,1.0408262618149713,0.04082626181497129,-0.0018286316531354087,4.746841738805224,0.024006015333691805,0.22900667034286382,1,2
1708,1.7079999999999227,hold,100.0,5.900067245287065,0.0018855039464087398,1.0408227571908033,0.040822757190803305,0.0019270051314080857,4.748768743936632,0.023977843954602694,0.041501184999345915,1,2
1709,1.7089999999999226,hold,100.0,5.898017491761886,-0.002049753525179554,1.0407818589723437,0.040781858972343654,-0.0018213122938094543,4.746947431642823,0.023949747083309065,0.22844123137009975,1,2
1710,1.7099999999999225,hold,100.0,5.899895370360206,0.0018778785983206703,1.0407783087178888,0.04077830871788879,0.00191955173649527,4.748866983379319,0.02392164769290956,0.04167313817459968,1,2
1711,1.7109999999999224,hold,100.0,5.897853470912577,-0.002041899447629447,1.0407375119891342,0.04073751198913422,-0.0018140217927054914,4.747052961586613,0.02389362250162958,0.2278776549239558,1,2
1712,1.7119999999999223,hold,100.0,5.8997237543195515,0.0018702834069745933,1.0407339163394942,0.04073391633949419,0.0019121274661681564,4.748965089052781,0.023865594890758776,0.04184405919356311,1,2
1713,1.7129999999999221,hold,100.0,5.8976896783489865,-0.0020340759705650413,1.0406932207580801,0.04069322075808013,-0.0018067600370137368,4.747158329015767,0.023837641171831795,0.22731593355130447,1,2
1714,1.713999999999922,hold,100.0,5.8995523966030765,0.0018627182540900122,1.0406895799474654,0.04068957994746536,0.0019047322063796594,4.749063061222147,0.023809685132103808,0.042013952289647126,1,2
1715,1.714999999999922,hold,100.0,5.897526113628887,-0.0020262829741897193,1.0406489851724166,0.04064898517241655,-0.0017995269143662414,4.7472635343077805,0.02378180267863871,0.22675605982347782,1,2
1716,1.7159999999999218,hold,100.0,5.899381296650835,0.0018551830219486476,1.0406452994341606,0.04064529943416062,0.0018973658435594604,4.74916090015134,0.02375391800245104,0.042182821610812785,1,2
1717,1.7169999999999217,hold,100.0,5.897362776311256,-0.002018520339579055,1.0406048051258256,0.04060480512582565,-0.0017923223128398337,4.7473685778385,0.02372610660832366,0.22619802673922146,1,2
1718,1.7179999999999216,hold,100.0,5.899210453905182,0.0018476775939255674,1.0406010746923862,0.04060107469238616,0.001890028264551726,4.749258606103052,0.023698293088839553,0.04235067062615858,1,2
1719,1.7189999999999215,hold,100.0,5.897199665957183,-0.0020107879479986934,1.0405606805125307,0.0405606805125307,-0.0017851461209330102,4.747473459982119,0.023670552548690358,0.22564182706568325,1,2
1720,1.7199999999999214,hold,100.0,5.899039867810038,0.001840201852854939,1.0405569056154493,0.040556905615449335,0.001882719356661517,4.749356179338781,0.023642809979838565,0.042517503806578,1,2
1721,1.7209999999999213,hold,100.0,5.897036782129007,-0.002003085681031358,1.0405166112271633,0.040516611227163324,-0.0017779982275683637,4.747578181111212,0.02361514008906262,0.22508745346299427,1,2
1722,1.7219999999999211,hold,100.0,5.898869537811699,0.0018327556826918112,1.0405127920971435,0.040512792097143535,0.0018754390076297764,4.7494536201188415,0.023587468265537103,0.042683324937965166,1,2
1723,1.722999999999921,hold,100.0,5.8968741243906555,-0.0019954134210431462,1.040472597164855,0.04047259716485496,-0.00177087852210921,4.747682741596733,0.02355986882028396,0.22453489893393616,1,2
1724,1.723999999999921,hold,100.0,5.898699463358391,0.0018253389677358456,1.0404687340317031,0.040468734031703146,0.001868187105642555,4.749550928702376,0.023532267537529506,0.042848137906709334,1,2
1725,1.7249999999999208,hold,100.0,5.896711692307805,-0.001987771050586673,1.040428638221201,0.04042863822120091,-0.0017637868943490872,4.747787141808026,0.023504738334693118,0.22398415623758577,1,2
1726,1.7259999999999207,hold,100.0,5.898529643900341,0.0018179515925362821,1.0404247313138615,0.040424731313861484,0.0018609635393444617,4.7496481053473705,0.023477207388911167,0.04301194680817952,1,2
1727,1.7269999999999206,hold,100.0,5.89654948544723,-0.0019801584531107252,1.040384734292265,0.04038473429226497,-0.0017567232345139456,4.747891382112856,0.023449748226131068,0.2234352185967797,1,2
1728,1.7279999999999205,hold,100.0,5.898360078889489,0.0018105934422587566,1.0403807838388115,0.040380783838811496,0.001853768197783998,4.74974515031064,0.023422287414268158,0.04317475552524132,1,2
1729,1.7289999999999204,hold,100.0,5.896387503377722,-0.00197257551176655,1.0403408852745468,0.04034088527454682,-0.0017496874332356823,4.747995462877404,0.023394898089921592,0.22288807853086764,1,2
1730,1.7299999999999203,hold,100.0,5.898190767780136,0.001803264402413518,1.040336891502184,0.040336891502184,0.0018466009704793795,4.7498420638478835,0.02336750720966289,0.04333656806586143,1,2
1731,1.7309999999999202,hold,100.0,5.896225745669236,-0.0019650221108999943,1.0402970910650118,0.04029709106501178,-0.0017426793815912165,4.748099384466292,0.02334018752286111,0.2223427293087778,1,2
1732,1.73199999999992,hold,100.0,5.898021710028276,0.0017959643590401697,1.0402930542000821,0.04029305420008211,0.0018394617473620114,4.749938846213654,0.02331286637263379,0.043497388321841676,1,2
1733,1.73299999999992,hold,100.0,5.896064211893329,-0.0019574981349474996,1.0402533515610843,0.04025335156108434,-0.0017356989710571745,4.748203147242597,0.023285616123217844,0.22179916389032509,1,2
1734,1.7339999999999198,hold,100.0,5.897852905092075,0.0017886931987467491,1.0402492718290342,0.04024927182903415,0.001832350418796893,4.750035497661393,0.023258364502179954,0.0436572200501438,1,2
1735,1.7349999999999197,hold,100.0,5.895902901622996,-0.0019500034690791423,1.040209666660619,0.04020966666061909,-0.0017287460935558059,4.748306751567838,0.023231183490714416,0.22125737552333646,1,2
1736,1.7359999999999196,hold,100.0,5.8976843524311215,0.0017814508081253067,1.0402055442860934,0.04020554428609335,0.0018252668756117013,4.750132018443449,0.02320400119875249,0.04381606748639463,1,2
1737,1.7369999999999195,hold,100.0,5.895741814432992,-0.0019425379981292679,1.0401660362619225,0.0401660362619225,-0.001721820641420029,4.748410197802029,0.02317688922652454,0.2207173567092388,1,2
1738,1.7379999999999194,hold,100.0,5.897516051507822,0.001774237074830154,1.040161871468659,0.040161871468658905,0.0018182110090138065,4.750228408811043,0.02314977606425112,0.04397393418365263,1,2
1739,1.7389999999999193,hold,100.0,5.895580949899123,-0.0019351016086996964,1.0401224602637287,0.040122460263728676,-0.0017149225073776885,4.748513486303665,0.023122732933261444,0.22017910132200788,1,2
1740,1.7399999999999192,hold,100.0,5.8973480017855895,0.0017670518864667528,1.0401182532746291,0.040118253274629145,0.0018111827106812636,4.750324669014346,0.023095688702006786,0.04413082421451074,1,2
1741,1.740999999999919,hold,100.0,5.895420307599011,-0.0019276941865786767,1.0400789385652234,0.040078938565223377,-0.0017080515846201575,4.748616617429726,0.023068714214968665,0.2196426019585192,1,2
1742,1.741999999999919,hold,100.0,5.897180202730231,0.0017598951312205457,1.040074689602334,0.04007468960233407,0.0018041818727057286,4.750420799302432,0.023041738716780565,0.044286741485182864,1,2
1743,1.7429999999999188,hold,100.0,5.895259887111545,-0.001920315618685997,1.0400354710660082,0.040035471066008244,-0.0017012077667011717,4.748719591535731,0.023014832677116646,0.2191078519848254,1,2
1744,1.7439999999999187,hold,100.0,5.897012653809386,0.0017527666978409684,1.0400311803505078,0.04003118035050779,0.0017972083875895484,4.750516799923321,0.022987925714752114,0.04444168974857996,1,2
1745,1.7449999999999186,hold,100.0,5.895099688016991,-0.0019129657923953047,1.0399920576660988,0.03999205766609881,-0.0016943909476303787,4.74882240897569,0.022961087926587524,0.218574844764926,1,2
1746,1.7459999999999185,hold,100.0,5.896845354492374,0.0017456664753829898,1.0399877254183616,0.0399877254183616,0.0017902621482873606,4.750612671123978,0.02293424930351269,0.04459567290437082,1,2
1747,1.7469999999999184,hold,100.0,5.894939709897372,-0.0019056445950020873,1.0399486982659818,0.0399486982659818,-0.0016876010218067853,4.748925070102171,0.022907479571670854,0.218043573195302,1,2
1748,1.7479999999999183,hold,100.0,5.8966783042507664,0.001738594353394518,1.0399443247055036,0.039944324705503576,0.0017833430481374916,4.750708413150308,0.022880709092053964,0.04474869474297349,1,2
1749,1.7489999999999182,hold,100.0,5.894779952335737,-0.001898351915029295,1.0399053927665267,0.039905392766526715,-0.0016808378840241721,4.749027575266284,0.022854007222054402,0.21751403100512276,1,2
1750,1.749999999999918,hold,100.0,5.896511502557541,0.0017315502218036016,1.0399009781119293,0.039900978111929275,0.0017764509809193967,4.750804026247204,0.022827304690762232,0.044900759115795025,1,2
1751,1.750999999999918,hold,100.0,5.894620414916959,-0.0018910876405815458,1.0398621410690398,0.03986214106903985,-0.0016741014295143324,4.74912992481769,0.02280067048881538,0.21698621106721336,1,2
1752,1.7519999999999178,hold,100.0,5.896344948887887,0.0017245339709281993,1.0398576855381554,0.039857685538155385,0.0017695858408406937,4.750899510658531,0.022774035711410442,0.045051869912494415,1,2
1753,1.7529999999999177,hold,100.0,5.894461097227014,-0.001883851660873681,1.0398189430751892,0.039818943075189184,-0.0016673915539145508,4.749232119104616,0.02274746898441298,0.21646010695913026,1,2
1754,1.7539999999999176,hold,100.0,5.896178642718679,0.001717545491665362,1.0398144468849937,0.03981444688499369,0.0017627475225074664,4.750994866627123,0.022720901767148617,0.04520203084210431,1,2
1755,1.7549999999999175,hold,100.0,5.894301998853301,-0.0018766438653781137,1.0397757986871186,0.03977579868711856,-0.0016607081532433988,4.7493341584738795,0.022694402322683067,0.2159357121347149,1,2
1756,1.7559999999999174,hold,100.0,5.89601258352842,0.0017105846751190867,1.039771262053744,0.03977126205374404,0.0017559359209440458,4.751090094394824,0.022667902472497396,0.04535124582495903,1,2
1757,1.7569999999999173,hold,100.0,5.894143119384967,-0.0018694641434526815,1.039732707807365,0.03973270780736504,-0.0016540511239255629,4.749436043270898,0.022641470118824784,0.21541301952711867,1,2
1758,1.7579999999999172,hold,100.0,5.895846770797958,0.0017036514129902258,1.0397281309460955,0.03972813094609551,0.0017491509315705237,4.751185194202469,0.02261503744334201,0.0454995185802979,1,2
1759,1.758999999999917,hold,100.0,5.89398445841195,-0.0018623123860077584,1.0396896703388203,0.039689670338820315,-0.0016474203628062103,4.749537773839663,0.022588671989396868,0.21489202320154804,1,2
1760,1.759999999999917,hold,100.0,5.895681204009307,0.0016967455973571077,1.0396850534641424,0.03968505346414242,0.0017423924502646068,4.751280166289927,0.022562306296917696,0.045646852907499064,1,2
1761,1.7609999999999169,hold,100.0,5.893826015526082,-0.0018551884832245236,1.0396466861848463,0.03964668618484635,-0.001640815767131376,4.749639350522796,0.022536007552308085,0.21437271609314767,1,2
1762,1.7619999999999167,hold,100.0,5.895515882646776,0.0016898671206933003,1.0396420295103892,0.0396420295103892,0.0017356603732825073,4.751375010896078,0.02250970865181055,0.045793252589207065,1,2
1763,1.7629999999999166,hold,100.0,5.893667790320174,-0.001848092326601325,1.039603755249141,0.03960375524914106,-0.0016342372345395809,4.7497407736615385,0.02248347642681303,0.21385509206174408,1,2
1764,1.7639999999999165,hold,100.0,5.895350806196367,0.0016830158761926839,1.0395990589877269,0.039599058987726865,0.0017289545972825411,4.751469728258821,0.022457244127946228,0.045938721089857235,1,2
1765,1.7649999999999164,hold,100.0,5.893509782389014,-0.0018410238073531815,1.0395608774358194,0.039560877435819375,-0.0016276846630446703,4.749842043595777,0.0224310782334978,0.2133391443085112,1,2
1766,1.7659999999999163,hold,100.0,5.8951859741455195,0.001676191756505574,1.0395561417994226,0.03955614179942257,0.0017222750193372923,4.751564318615114,0.022404912346577432,0.04608326283171834,1,2
1767,1.7669999999999162,hold,100.0,5.893351991327783,-0.0018339828177360573,1.0395180526493968,0.039518052649396784,-0.0016211579510829594,4.749943160664031,0.022378812594280987,0.21282486665309794,1,2
1768,1.767999999999916,hold,100.0,5.895021385983799,0.00166939465601601,1.0395132778491878,0.03951327784918779,0.001715621536925796,4.751658782200957,0.02235271293028733,0.046226880909785995,1,2
1769,1.768999999999916,hold,100.0,5.893194416733969,-0.0018269692498300572,1.0394752807947616,0.03947528079476159,-0.0016146569974869525,4.750044125203471,0.02232667913239908,0.2123122523431046,1,2
1770,1.7699999999999159,hold,100.0,5.894857041202466,0.0016626244684969649,1.0394704670410773,0.03947046704107726,0.0017089940479357395,4.751753119251406,0.022300645502973136,0.04636957943877462,1,2
1771,1.7709999999999158,hold,100.0,5.8930370582056195,-0.001819982996846825,1.0394325617772022,0.039432561777202224,-0.0016081817014595664,4.750144937549947,0.02227467747240364,0.21180129538725867,1,2
1772,1.7719999999999156,hold,100.0,5.894692939294454,0.001655881088834299,1.0394277092795552,0.03942770927955519,0.0017023924506408836,4.7518473300005875,0.02224870968984367,0.04651136180658464,1,2
1773,1.7729999999999155,hold,100.0,5.8928799153426255,-0.001813023951828363,1.0393898955023455,0.03938989550234551,-0.0016017319626198507,4.750245598037967,0.022222807240152628,0.21129198920851236,1,2
1774,1.7739999999999154,hold,100.0,5.894529079754519,0.0016491644118934445,1.0393850044694644,0.03938500446946436,0.0016958166437312035,4.751941414681698,0.02219690511741028,0.04665223183775895,1,2
1775,1.7749999999999153,hold,100.0,5.892722987746155,-0.001806092008363791,1.0393472818762544,0.03934728187625436,-0.0015953076809515157,4.750346107000746,0.022171068062804118,0.21078432741227535,1,2
1776,1.7759999999999152,hold,100.0,5.894365462078955,0.0016424743328000702,1.039342352516014,0.03934235251601392,0.0016892665262714234,4.7520353735270175,0.022145231413477882,0.04679219347135323,1,2
1777,1.776999999999915,hold,100.0,5.892566275018366,-0.0017991870605893467,1.0393047208053154,0.03930472080531544,-0.0015889087568429284,4.7504464647701745,0.02211945956880716,0.21027830374641837,1,2
1778,1.777999999999915,hold,100.0,5.894202085765867,0.0016358107475014094,1.0392997533248127,0.039299753324812725,0.0016827419977460652,4.75212920676792,0.022093688207143556,0.04693125024465578,1,2
1779,1.7789999999999149,hold,100.0,5.892409776762905,-0.0017923090029619004,1.0392622121963069,0.03926221219630688,-0.0015825350910647835,4.750546671676855,0.02206798138789716,0.20977391189711697,1,2
1780,1.7799999999999148,hold,100.0,5.894038950315321,0.0016291735524154305,1.03925720680181,0.039257206801809996,0.0016762429580234747,4.752222914634879,0.02204227512878796,0.04706940560804417,1,2
1781,1.7809999999999147,hold,100.0,5.892253492584742,-0.001785457730578699,1.0392197559564034,0.03921975595640337,-0.0015761865847722012,4.750646728050106,0.022016633151086932,0.20927114580649775,1,2
1782,1.7819999999999145,hold,100.0,5.8938760552286675,0.0016225626439254626,1.0392147128533795,0.03921471285337952,0.0016697693073692871,4.752316497357476,0.021990991810059375,0.047206663443824556,1,2
1783,1.7829999999999144,hold,100.0,5.8920974220900675,-0.0017786331386000498,1.0391773519930796,0.03917735199307959,-0.0015698631395103598,4.750746634217966,0.02196541449066251,0.20876999908969002,1,2
1784,1.7839999999999143,hold,100.0,5.893713400009251,0.0016159779191831092,1.0391722713861924,0.03917227138619239,0.0016633209464395862,4.7524099551644055,0.021939837883883442,0.04734302725647706,1,2
1785,1.7849999999999142,hold,100.0,5.891941564886558,-0.0017718351226925222,1.0391350002142226,0.03913500021422256,-0.0015635646571996202,4.750846390507206,0.021914325040175032,0.208270465492902,1,2
1786,1.785999999999914,hold,100.0,5.893550984161902,0.0016094192753435266,1.0391298823073474,0.039129882307347374,0.001656897776283338,4.7525032882834894,0.0218888129844402,0.04747850093981144,1,2
1787,1.786999999999914,hold,100.0,5.891785920582855,-0.0017650635790467106,1.0390927005280832,0.039092700528083224,-0.0015572910401508134,4.750945997243338,0.02186336443443237,0.20777253889589725,1,2
1788,1.7879999999999139,hold,100.0,5.893388807193249,0.0016028866103940942,1.039087545524262,0.03908754552426208,0.0016504996983389756,4.752596496941678,0.021837916747168944,0.047613087944881366,1,2
1789,1.7889999999999138,hold,100.0,5.891630488788929,-0.0017583184043203914,1.0390504528432223,0.03905045284322228,-0.0015510421910477792,4.75104545475063,0.021812532309495744,0.2072762132726122,1,2
1790,1.7899999999999137,hold,100.0,5.8932268686114995,0.0015963798225708814,1.0390452609447454,0.039045260944745364,0.001644126614427742,4.752689581365058,0.02178714880875705,0.04774679185686067,1,2
1791,1.7909999999999136,hold,100.0,5.891475269116191,-0.0017515994953081204,1.0390082570685901,0.039008257068590124,-0.0015448180129367306,4.751144763352121,0.021761828302671822,0.20678148237138985,1,2
1792,1.7919999999999134,hold,100.0,5.893065167926458,0.001589898810266277,1.039003028476931,0.039003028476930934,0.0016377784267300065,4.752782541778851,0.021736508807131214,0.04787961646372948,1,2
1793,1.7929999999999133,hold,100.0,5.891320261177252,-0.00174490674920591,1.0389661131135128,0.038966113113512835,-0.001538618409245633,4.751243923369605,0.021711252052504258,0.20628833996027693,1,2
1794,1.7939999999999132,hold,100.0,5.892903704649823,0.0015834434725716662,1.0389608480293335,0.03896084802933353,0.0016314550378412787,4.752875378407446,0.021685996381457767,0.04801156526961251,1,2
1795,1.794999999999913,hold,100.0,5.891165464585667,-0.001738240064156571,1.0389240208875852,0.038924020887585176,-0.0015324432837935677,4.7513429351236525,0.021660803198769684,0.20579678036300322,1,2
1796,1.795999999999913,hold,100.0,5.8927424782947675,0.001577013709100683,1.0389187195107927,0.03891871951079273,0.0016251563507551497,4.752968091474408,0.021635611172129036,0.04814264165446669,1,2
1797,1.796999999999913,hold,100.0,5.891010878956614,-0.0017315993381536998,1.0388819803008216,0.03888198030082157,-0.0015262925407834391,4.751441798933624,0.021610481382474428,0.20530679737026067,1,2
1798,1.7979999999999128,hold,100.0,5.892581488375983,0.0015706094193692621,1.0388766428305345,0.03887664283053449,0.0016188822688164705,4.753060681202441,0.021585352820762054,0.048272849447208346,1,2
1799,1.7989999999999127,hold,100.0,5.890856503906312,-0.0017249844696713978,1.038839991263554,0.038839991263553975,-0.0015201660847624838,4.751540515117679,0.021560286245838504,0.20481838490891405,1,2
1800,1.7999999999999126,hold,100.0,5.892420734409756,0.0015642305034440085,1.0388346178980636,0.03883461789806364,0.0016126326957566044,4.7531531478134355,0.021535220970189693,0.048402192312595876,1,2
1801,1.8009999999999124,hold,100.0,5.89070233905211,-0.001718395357645619,1.0387980536864385,0.038798053686438516,-0.0015140638206540262,4.751639083992782,0.02151021743229849,0.20433153699159276,1,2
1802,1.8019999999999123,hold,100.0,5.892260215914439,0.0015578768623285555,1.038792644623308,0.038792644623308004,0.001606407535693704,4.753245491528475,0.021485215264454773,0.04853067336514855,1,2
1803,1.8029999999999122,hold,100.0,5.890548384012873,-0.0017118319015656525,1.0387561674804935,0.038756167480493486,-0.0015079856537669495,4.751737505874709,0.02146027458650143,0.20384624779870292,1,2
1804,1.8039999999999121,hold,100.0,5.89209993240938,0.001551548396506952,1.0387507229164745,0.03875072291647452,0.0016002066930993395,4.753337712567808,0.021435335348805873,0.0486582965923874,1,2
1805,1.804999999999912,hold,100.0,5.890394638408312,-0.001705294001068225,1.0387143325570594,0.03871433255705936,-0.0015019314897492698,4.751835781078058,0.021410457354288863,0.20336251131895516,1,2
1806,1.805999999999912,hold,100.0,5.8919398834157635,0.0015452450074517898,1.0387088526881223,0.0387088526881223,0.0015940300728420993,4.7534298111509,0.02138558086968912,0.04878506539030946,1,2
1807,1.8069999999999118,hold,100.0,5.8902411018594965,-0.001698781556267015,1.0386725488278064,0.03867254882780635,-0.0014959012346494964,4.75193390991625,0.021360765382705538,0.20288032161751854,1,2
1808,1.8079999999999117,hold,100.0,5.8917800684564,0.0015389665969038901,1.0386670338491668,0.03866703384916681,0.0015878775801572763,4.753521787496408,0.0213359514747443,0.048910983253386144,1,2
1809,1.8089999999999116,hold,100.0,5.890087773988896,-0.001692294467503963,1.0386308162047402,0.03863081620474018,-0.0014898947948533586,4.752031892701554,0.021311198319980133,0.20239967265060452,1,2
1810,1.8099999999999115,hold,100.0,5.891620487055851,0.001532713066954905,1.038625266310834,0.03862526631083396,0.0015817491206504672,4.753613641822205,0.021286446812795765,0.049036053695562236,1,2
1811,1.8109999999999113,hold,100.0,5.889934654419627,-0.0016858326362241272,1.0385891346001885,0.038589134600188535,-0.0014839120771278067,4.752129729745077,0.02126175581552592,0.20192055909632042,1,2
1812,1.8119999999999112,hold,100.0,5.891461138739886,0.001526484320258703,1.0385835499846705,0.03858354998467051,0.0015756446003075363,4.753705374345384,0.021237066533849786,0.049160280048833216,1,2
1813,1.8129999999999111,hold,100.0,5.889781742776512,-0.0016793959633742972,1.038547503926803,0.03854750392680306,-0.0014779529885947866,4.752227421356789,0.021212437519934804,0.2014429747795106,1,2
1814,1.813999999999911,hold,100.0,5.891302023035768,0.0015202802592568787,1.0385418847825818,0.0385418847825818,0.0015695639254428395,4.753796985282232,0.02118781028908562,0.049283666185960785,1,2
1815,1.814999999999911,hold,100.0,5.889629038685201,-0.001672984350567397,1.0385059240975691,0.038505924097569144,-0.0014720174367176427,4.752324967845515,0.021163243084971927,0.20096691384975424,1,2
1816,1.8159999999999108,hold,100.0,5.891143139472862,0.0015141007876611212,1.0385002706167508,0.038500270616750765,0.0015635070027931542,4.753888474848308,0.02113867773085321,0.04940621513203295,1,2
1817,1.8169999999999107,hold,100.0,5.889476541772891,-0.0016665976999714616,1.0384643950257642,0.03846439502576415,-0.001466105329365298,4.752422369518943,0.021114172163563462,0.20049237060616362,1,2
1818,1.8179999999999106,hold,100.0,5.890984487581444,0.0015079458085534014,1.0384587073997542,0.03845870739975421,0.0015574737394366566,4.75397984325838,0.021089668512667248,0.04952793088325519,1,2
1819,1.8189999999999105,hold,100.0,5.88932425166735,-0.0016602359140938105,1.0384229166250174,0.0384229166250174,-0.001460216574729079,4.75251962668365,0.02106522440980084,0.20001933936473149,1,2
1820,1.8199999999999104,hold,100.0,5.8908260668937835,0.001501815226433223,1.0384171950443923,0.03841719504439234,0.0015514640428043118,4.7540710907264545,0.021040782289195717,0.0496488163710888,1,2
1821,1.8209999999999102,hold,100.0,5.889172167998008,-0.0016538988957757184,1.0383814888092526,0.03838148880925263,-0.0014543510813593084,4.752616739645095,0.021016399478930407,0.19954781441640995,1,2
1822,1.8219999999999101,hold,100.0,5.890667876943307,0.0014957089452991568,1.0383757334638746,0.03837573346387457,0.0015454778207093145,4.7541622174658045,0.020992018716261877,0.049768875410157724,1,2
1823,1.82299999999991,hold,100.0,5.889020290395235,-0.0016475865480716223,1.0383401114927144,0.038340111492714435,-0.0014485087581756905,4.7527137087076285,0.020967697027343288,0.19907778989593183,1,2
1824,1.82399999999991,hold,100.0,5.890509917265201,0.0014896268699660098,1.0383343225716497,0.038334322571649704,0.001539514981307576,4.754253223688936,0.020943377450833477,0.049888111341566274,1,2
1825,1.8249999999999098,hold,100.0,5.8888686184903785,-0.0016412987748228858,1.0382987845899287,0.03829878458992875,-0.0014426895144352956,4.7528105341745,0.020919116712580173,0.19860926038759016,1,2
1826,1.8259999999999097,hold,100.0,5.890352187396151,0.0014835689057726142,1.038292962281537,0.03829296228153689,0.001533575433130299,4.754344109607631,0.02089485815102177,0.050006527357684655,1,2
1827,1.8269999999999096,hold,100.0,5.888717151916389,-0.0016350354797625144,1.038257508015776,0.0382575080157761,-0.0014368932597541735,4.752907216347877,0.020870658193314687,0.19814222000834086,1,2
1828,1.8279999999999095,hold,100.0,5.890194686874217,0.0014775349578286523,1.0382516525076382,0.03825165250763818,0.0015276590850524534,4.7544348754329295,0.020846460476071183,0.05012412722380107,1,2
1829,1.8289999999999094,hold,100.0,5.888565890306712,-0.001628796567505475,1.0382162816854033,0.03821628168540325,-0.0014311199041106438,4.753003755528819,0.020822321129356412,0.19767666339483117,1,2
1830,1.8299999999999093,hold,100.0,5.890037415238973,0.0014715249322616586,1.0382103931643567,0.038210393164356704,0.0015217658463276675,4.754525521375147,0.02079818408635701,0.05024091406600887,1,2
1831,1.8309999999999091,hold,100.0,5.888414833296576,-0.0016225819423976162,1.0381751055142647,0.03817510551426473,-0.001425369357814678,4.753100152017332,0.02077410518164146,0.19721258458293825,1,2
1832,1.831999999999909,hold,100.0,5.889880372031433,0.001465538734857219,1.0381691841663954,0.038169184166395365,0.0015158956265417687,4.754616047643874,0.020750028643379236,0.05035689168454965,1,2
1833,1.832999999999909,hold,100.0,5.888263980521747,-0.001616391509686288,1.0381339794181192,0.038133979418119246,-0.0014196415315380513,4.753196406112336,0.020726010012228516,0.19674997814823664,1,2
1834,1.8339999999999088,hold,100.0,5.889723556794302,0.0014595762725555517,1.0381280254288017,0.03812802542880167,0.0015100483356592098,4.754706454447995,0.020701993809758876,0.05047206310365812,1,2
1835,1.8349999999999087,hold,100.0,5.888113331619217,-0.0016102251750851337,1.0380929033130653,0.03809290331306525,-0.0014139363363030997,4.753292518111692,0.020678035284291237,0.19628883878203404,1,2
1836,1.8359999999999086,hold,100.0,5.889566969071524,0.0014536374523066442,1.0380869168668703,0.03808691686687027,0.0015042238839688745,4.754796741995661,0.02065407924922638,0.0505864316622303,1,2
1837,1.8369999999999085,hold,100.0,5.887962886227336,-0.001604082844187893,1.0380518771154323,0.03805187711543234,-0.0014082536834560209,4.753388488312205,0.02063018066211716,0.19582916073187204,1,2
1838,1.8379999999999084,hold,100.0,5.8894106084086335,0.0014477221812976282,1.0380458583962506,0.03804585839625063,0.0014984221821413347,4.7548869104943465,0.020606284626627665,0.05070000084370649,1,2
1839,1.8389999999999083,hold,100.0,5.887812643985466,-0.0015979644231673973,1.0380109007418603,0.03801090074186031,-0.0014025934847142435,4.753484317009632,0.02058244581109871,0.1953709384531538,1,2
1840,1.8399999999999082,hold,100.0,5.889254474352495,0.0014418303670291621,1.0380048499328205,0.038004849932820495,0.0014926431411723632,4.754976960150804,0.020558609607907213,0.05081277414320105,1,2
1841,1.840999999999908,hold,100.0,5.887662604533622,-0.0015918698188732705,1.0379699741093202,0.03796997410932024,-0.0013969556521193076,4.753580004498685,0.020534830397730294,0.19491416675396286,1,2
1842,1.841999999999908,hold,100.0,5.889098566451581,0.0014359619179593608,1.0379638913927864,0.03796389139278644,0.001486886672416929,4.7550668911711025,0.02051105386010967,0.05092475445756819,1,2
1843,1.8429999999999078,hold,100.0,5.887512767513641,-0.001585798937940197,1.0379290971350177,0.037929097135017686,-0.0013913400980567815,4.753675551073045,0.020487334089603133,0.19445883988341564,1,2
1844,1.8439999999999077,hold,100.0,5.888942884255435,0.001430116741794052,1.0379229826926788,0.0379229826926788,0.0014811526875703593,4.7551567037606155,0.02046361705137551,0.05103594577630737,1,2
1845,1.8449999999999076,hold,100.0,5.887363132567796,-0.0015797516876387974,1.0378882697364942,0.03788826973649417,-0.001385746735257969,4.753770957025358,0.020439956555396894,0.1940049523808283,1,2
1846,1.8459999999999075,hold,100.0,5.888787427315588,0.001424294747791599,1.0378821237492635,0.037882123749263474,0.0014754410986805963,4.755246398124038,0.020416298850929077,0.051146350888997286,1,2
1847,1.8469999999999074,hold,100.0,5.887213699339593,-0.0015737279759946432,1.0378474918315264,0.03784749183152636,-0.001380175476782574,4.753866222647256,0.020392697464880816,0.1935524992120693,1,2
1848,1.8479999999999073,hold,100.0,5.888632195184453,0.0014184958448595353,1.037841314479624,0.03784131447962391,0.0014697518181355502,4.755335974465392,0.020369098929084374,0.05125597327601495,1,2
1849,1.8489999999999072,hold,100.0,5.887064467473677,-0.0015677277107757348,1.0378067633382195,0.03780676333821953,-0.0013746262360548895,4.753961348229336,0.02034555648890162,0.1931014747208453,1,2
1850,1.849999999999907,hold,100.0,5.888477187416213,0.0014127199425360004,1.0378005548011198,0.03780055480111977,0.0014640847586865503,4.755425432988023,0.020322016957227712,0.051364816150549844,1,2
1851,1.850999999999907,hold,100.0,5.8869154366159355,-0.0015617508002776503,1.0377660841749368,0.037766084174936765,-0.0013690989268124408,4.754056334061211,0.020298533299385073,0.1926518734652095,1,2
1852,1.8519999999999068,hold,100.0,5.888322403566283,0.001406966950347588,1.037759844631394,0.037759844631394035,0.0014584398333906273,4.7555147738946015,0.020275052607824983,0.0514728830430394,1,2
1853,1.8529999999999067,hold,100.0,5.886766606412731,-0.0015557971535518078,1.0377254542603118,0.03772545426031182,-0.001363593463130368,4.754151180431471,0.020251627569327933,0.1922036904214398,1,2
1854,1.8539999999999066,hold,100.0,5.888167843191607,0.0014012367788760471,1.037719183888359,0.03771918388835904,0.0014528169556741403,4.755603997387145,0.020228205554406214,0.051580176798093166,1,2
1855,1.8549999999999065,hold,100.0,5.886617976512272,-0.00154986667933521,1.037684873513285,0.03768487351328509,-0.0013581097594146988,4.7542458876277305,0.020204838972791628,0.19175691992051125,1,2
1856,1.8559999999999064,hold,100.0,5.888013505850196,0.001395529337924195,1.0376785724902418,0.03767857249024176,0.0014472160392693884,4.755693103667,0.02018147547156758,0.0516867013451933,1,2
1857,1.8569999999999063,hold,100.0,5.886469546562804,-0.0015439592873924823,1.0376443418530337,0.03764434185303367,-0.0013526477304075745,4.7543404559365925,0.020158167184899316,0.19131155698490784,1,2
1858,1.8579999999999062,hold,100.0,5.887859391102012,0.001389844539207985,1.0376380103554959,0.037638010355495854,0.001441636998297536,4.75578209293489,0.020134862034962866,0.05179245908955104,1,2
1859,1.858999999999906,hold,100.0,5.886321316214691,-0.0015380748873212724,1.0376038591990475,0.03760385919904752,-0.0013472072912052476,4.754434885643684,0.0201116118818325,0.19086759611602475,1,2
1860,1.859999999999906,hold,100.0,5.887705498507794,0.001384182293103109,1.037597497402918,0.03759749740291807,0.0014360797471779142,4.755870965390862,0.020088364921304117,0.05189745407480528,1,2
1861,1.8609999999999058,hold,100.0,5.886173285118453,-0.0015322133893409529,1.0375634254710604,0.0375634254710604,-0.001341788357203151,4.754529177033659,0.020065172740824266,0.1904250321378019,1,2
1862,1.8619999999999057,hold,100.0,5.887551827630022,0.001378542511568881,1.0375570335514916,0.03755703355149165,0.0014305442006710251,4.75595972123433,0.020041983808349702,0.05200168910214414,1,2
1863,1.8629999999999056,hold,100.0,5.886025452925917,-0.0015263747041043274,1.0375230405890623,0.037523040589062306,-0.001336390844127041,4.754623330390203,0.020018849440155553,0.18998385997728634,1,2
1864,1.8639999999999055,hold,100.0,5.887398378032325,0.0013729251064074077,1.0375166187205256,0.037516618720525585,0.0014250302738707415,4.7560483606640735,0.019995718374903163,0.05210516746333377,1,2
1865,1.8649999999999054,hold,100.0,5.8858778192901315,-0.0015205587421931455,1.0374827044733501,0.037482704473350115,-0.0013310146680491856,4.754717345996024,0.01997264165914949,0.18954407414395988,1,2
1866,1.8659999999999053,hold,100.0,5.887245149280021,0.001367329989889754,1.0374762528296113,0.03747625282961131,0.0014195378822154847,4.75613688387824,0.01994956830081013,0.05220789232573075,1,2
1867,1.8669999999999052,hold,100.0,5.885730383864894,-0.0015147654151270729,1.0374424170444587,0.03744241704445872,-0.001325659745362082,4.754811224132878,0.019926549078166874,0.18910566976499082,1,2
1868,1.867999999999905,hold,100.0,5.887092140939268,0.001361757074374026,1.0374359357985672,0.03743593579856719,0.001414066941457737,4.756225291074336,0.019903533266950716,0.052309867083710986,1,2
1869,1.868999999999905,hold,100.0,5.88558314630507,-0.0015089946341984017,1.0374021782231833,0.03740217822318326,-0.0013203259927542206,4.754904965081582,0.01988057137860214,0.1886686414441811,1,2
1870,1.8699999999999048,hold,100.0,5.886939352577954,0.0013562062728844637,1.0373956675475056,0.03739566754750556,0.0014086173676701994,4.756313582449252,0.019857612955237643,0.05241109478573572,1,2
1871,1.8709999999999047,hold,100.0,5.885436106266512,-0.0015032463114419414,1.0373619879305889,0.03736198793058887,-0.0013150133272768548,4.754998569121975,0.019834708242880406,0.18823298416508663,1,2
1872,1.8719999999999046,hold,100.0,5.886786783765201,0.0013506774986886683,1.0373554479967741,0.03735544799677415,0.0014031890772955033,4.756401758199271,0.01981180704860955,0.052511578606835065,1,2
1873,1.8729999999999045,hold,100.0,5.885289263406063,-0.0014975203591376385,1.03732184608801,0.037321846088010036,-0.0013097216662915744,4.75509203653298,0.019788959354449735,0.187798692846064,1,2
1874,1.8739999999999044,hold,100.0,5.886634434071462,0.0013451706653988538,1.0373152770670016,0.03731527706700155,0.0013977819870673717,4.756489818520047,0.019766115231025463,0.052611321668517924,1,2
1875,1.8749999999999043,hold,100.0,5.8851426173816375,-0.0014918166898247875,1.0372817526170213,0.03728175261702127,-0.0013044509274682137,4.755185367592579,0.019743324397778258,0.1873657623565738,1,2
1876,1.8759999999999042,hold,100.0,5.886482303068434,0.0013396856867968765,1.0372751546790864,0.037275154679086375,0.0013923960140455635,4.756577763606624,0.019720537187467614,0.052710327248686996,1,2
1877,1.876999999999904,hold,100.0,5.884996167851924,-0.0014861352165107533,1.0372417074394642,0.0372417074394642,-0.001299201028809896,4.755278562577814,0.019697803058350578,0.18693418770085737,1,2
1878,1.877999999999904,hold,100.0,5.8863303903291,0.0013342224771761835,1.0372350807541673,0.03723508075416726,0.001387031075631345,4.756665593653445,0.019675072603927455,0.05280859845516162,1,2
1879,1.8789999999999039,hold,100.0,5.88484991447691,-0.0014804758521895778,1.037201710477396,0.037201710477396066,-0.0012939718886285413,4.755371621764817,0.019652395022662132,0.1865039635610365,1,2
1880,1.8799999999999037,hold,100.0,5.886178695427878,0.0013287809509678894,1.0371950552136333,0.03719505521363331,0.0013816870895473458,4.756753308854364,0.019629721167405193,0.05290613857945642,1,2
1881,1.8809999999999036,hold,100.0,5.884703856916987,-0.001474838510890919,1.037161761653192,0.03716176165319207,-0.001288763425577442,4.7554645454287865,0.019607099978216098,0.18607508531347694,1,2
1882,1.8819999999999035,hold,100.0,5.886027217940436,0.0013233610234486548,1.0371550779791323,0.03715507797913231,0.0013763639738303642,4.756840909402617,0.019584482565906336,0.053002950381709435,1,2
1883,1.8829999999999034,hold,100.0,5.88455799483436,-0.0014692231060760008,1.0371218608894484,0.037121860889448355,-0.0012835755585976973,4.755557333844019,0.019561917613515417,0.1856475474783035,1,2
1884,1.8839999999999033,hold,100.0,5.885875957443893,0.0013179626095327635,1.0371151489726207,0.03711514897262069,0.0013710616468346805,4.756928395490854,0.01953935648843829,0.05309903730191701,1,2
1885,1.8849999999999032,hold,100.0,5.884412327891302,-0.0014636295525907173,1.037082008108974,0.037082008108973996,-0.0012784082069469823,4.755649987283907,0.019516847618064968,0.18522134564373494,1,2
1886,1.885999999999903,hold,100.0,5.885724913516164,0.0013125856248619172,1.0370752681161883,0.03707526811618833,0.0013657800272339914,4.757015767311141,0.019494342625004716,0.053194402372074144,1,2
1887,1.886999999999903,hold,100.0,5.884266855751546,-0.001458057764617493,1.0370422032348834,0.037042203234883386,-0.0012732612902102767,4.755742506020931,0.01947188968236025,0.18479647440721628,1,2
1888,1.8879999999999029,hold,100.0,5.885574085737022,0.0013072299854757219,1.0370354353322686,0.03703543533226861,0.0013605190340365027,4.757103025054967,0.019449440666597956,0.053289048560780816,1,2
1889,1.8889999999999028,hold,100.0,5.884121578079784,-0.0014525076572375895,1.0370024461904876,0.03700244619048765,-0.001268134728293625,4.755834890326673,0.019427043497888853,0.18437292894396443,1,2
1890,1.8899999999999026,hold,100.0,5.885423473687062,0.001301895607277892,1.0369956505435167,0.03699565054351672,0.0013552785865481856,4.757190168913221,0.019404650305200416,0.05338297927029358,1,2
1891,1.8909999999999025,hold,100.0,5.883976494541338,-0.0014469791457241143,1.0369627368993866,0.03696273689938656,-0.0012630284413858858,4.755927140471835,0.01938230875712326,0.18395070433822858,1,2
1892,1.8919999999999024,hold,100.0,5.885273076948618,0.0012965824072797005,1.036955913672821,0.03695591367282103,0.0013500586044007704,4.757277199076236,0.019359971233777157,0.0534761971210699,1,2
1893,1.8929999999999023,hold,100.0,5.883831604802699,-0.0014414721459186097,1.0369230752853693,0.03692307528536931,-0.0012579423500141398,4.756019256726222,0.019337685153517185,0.1835297959044699,1,2
1894,1.8939999999999022,hold,100.0,5.885122895104762,0.0012912903020625421,1.036916224643345,0.036916224643344986,0.0013448590075363948,4.7573641157337585,0.019315403146274016,0.05356870547385266,1,2
1895,1.894999999999902,hold,100.0,5.883686908531323,-0.0014359865734387967,1.0368834612725064,0.03688346127250641,-0.0012528763749867643,4.756111239358772,0.01929317238150052,0.18311019845203236,1,2
1896,1.895999999999902,hold,100.0,5.884972927740085,0.0012860192087620348,1.0368765833784332,0.03687658337843325,0.0013396797162048765,4.7574509190749765,0.019270945737609256,0.05366050744284173,1,2
1897,1.8969999999999019,hold,100.0,5.883542405395451,-0.0014305223446342552,1.0368438947850886,0.03684389478508865,-0.001247830437434345,4.756203088637542,0.019248770136477297,0.18269190719991027,1,2
1898,1.8979999999999018,hold,100.0,5.884823174440635,0.0012807690451843712,1.03683698980173,0.03683698980173,0.0013345206509682078,4.75753760928851,0.01922659870367453,0.05375160578383661,1,2
1899,1.8989999999999017,hold,100.0,5.883398095064242,-0.0014250793763928016,1.0368043757476288,0.03680437574762885,-0.0012428044588062067,4.756294804829704,0.019204478114820574,0.18227491758659486,1,2
1900,1.8999999999999015,hold,100.0,5.884673634793113,0.0012755397288701786,1.0367974438371033,0.03679744383710326,0.001329381732723589,4.757624186562428,0.019182361741325753,0.053842003853410335,1,2
1901,1.9009999999999014,hold,100.0,5.883253977208007,-0.0014196575851057602,1.0367649040849238,0.03676490408492383,-0.0012377983608445825,4.756386388201583,0.019160296013868146,0.1818592242611777,1,2
1902,1.9019999999999013,hold,100.0,5.884524308386057,0.0012703311780501991,1.0367579454086524,0.036757945408652404,0.0013242628826446161,4.757710651084228,0.0191382345483849,0.053931704594417,1,2
1903,1.9029999999999012,hold,100.0,5.88311005149763,-0.0014142568884265572,1.0367254797219458,0.03672547972194584,-0.0012328120655896605,4.756477839018638,0.019116223531919024,0.18144482283689672,1,2
1904,1.903999999999901,hold,100.0,5.88437519480898,0.0012651433113495258,1.0367184944407257,0.036718494440725724,0.00131916402222788,4.757797003040866,0.01909421682363238,0.05402071087835412,1,2
1905,1.904999999999901,hold,100.0,5.882966317605037,-0.0014088772039428932,1.03668610258395,0.03668610258395,-0.0012278454953917211,4.756569157545474,0.019072260368228466,0.18103170855117207,1,2
1906,1.9059999999999009,hold,100.0,5.884226293652443,0.0012599760474056865,1.0366790908578454,0.036679090857845376,0.0013140850732667607,4.757883242618741,0.019050308266799206,0.05410902586107423,1,2
1907,1.9069999999999008,hold,100.0,5.882822775203132,-0.0014035184493108588,1.036646772596375,0.036646772596375055,-0.0012228985728893996,4.7566603440458515,0.019028406223005157,0.18061987642145919,1,2
1908,1.9079999999999007,hold,100.0,5.884077604508584,0.0012548293054521764,1.0366397345848555,0.03663973458485548,0.0013090259578691114,4.75796937000372,0.019006508578575512,0.05419665241693499,1,2
1909,1.9089999999999006,hold,100.0,5.882679423965732,-0.0013981805428517902,1.0366074896849187,0.03660748968491867,-0.0012179712210549454,4.756751398782665,0.018984660797406572,0.1802093217968448,1,2
1910,1.9099999999999004,hold,100.0,5.883929126970628,0.0012497030048956859,1.0366004255467773,0.03660042554677734,0.0013039865984525363,4.758055385381118,0.01896281746058991,0.05428359355685039,1,2
1911,1.9109999999999003,hold,100.0,5.88253626356734,-0.001392863403287592,1.0365682537754939,0.036568253775493886,-0.0012130633631247684,4.756842322017993,0.01894102379353464,0.1798000401628235,1,2
1912,1.9119999999999002,hold,100.0,5.883780860632816,0.001244597065475972,1.0365611636688714,0.03656116366887141,0.0012989669177270488,4.758141288935721,0.018919234615418,0.05436985225107686,1,2
1913,1.9129999999999001,hold,100.0,5.882393293683481,-0.0013875669493357279,1.0365290647942382,0.03652906479423823,-0.001208174922655514,4.756933114013066,0.018897494914435334,0.1793920266802138,1,2
1914,1.9139999999999,hold,100.0,5.8836328050906435,0.00123951140716283,1.0365219488766166,0.03652194887661664,0.0012939668387108145,4.758227080851777,0.018875759746576987,0.05445543154798454,1,2
1915,1.9149999999999,hold,100.0,5.882250513990736,-0.0013822910999072846,1.0364899226675195,0.03648992266751949,-0.0012033058234908918,4.757023775028285,0.01885407386408755,0.1789852764163928,1,2
1916,1.9159999999998998,hold,100.0,5.883484959941072,0.0012344459503355054,1.0364827810957489,0.03648278109574887,0.0012889862847190864,4.758312761313005,0.01883239255851409,0.054540334383580996,1,2
1917,1.9169999999998997,hold,100.0,5.882107924166268,-0.0013770357748033035,1.036450827321941,0.03645082732194105,-0.001198455989784937,4.75711430532322,0.01881076034740785,0.1785797850183666,1,2
1918,1.9179999999998996,hold,100.0,5.883337324781982,0.0012294006157134163,1.0364436602521887,0.0364436602521887,0.0012840251793711714,4.758398330502591,0.018789132756614056,0.054624563657755094,1,2
1919,1.9189999999998995,hold,100.0,5.881965523888056,-0.0013718008939260784,1.0364117786842892,0.03641177868428924,-0.0011936253459565824,4.757204705156634,0.018767554070239455,0.17817554796949597,1,2
1920,1.9199999999998993,hold,100.0,5.883189899212441,0.0012243753243854627,1.0364045862721003,0.0364045862721003,0.0012790834465768557,4.758483788603211,0.01874598004718351,0.054708122191392955,1,2
1921,1.9209999999998992,hold,100.0,5.881823312835451,-0.0013665863769904973,1.0363727766815989,0.036372776681598884,-0.0011888138167531986,4.757294974786458,0.01872445473935263,0.1777725602372987,1,2
1922,1.9219999999998991,hold,100.0,5.883042682832879,0.0012193699974281103,1.0363655590818888,0.036365559081888765,0.0012741610105516216,4.75856913579701,0.01870293413745824,0.05479101312351139,1,2
1923,1.922999999999899,hold,100.0,5.881681290688172,-0.0013613921447070965,1.0363338212411082,0.03633382124110818,-0.0011840213271859803,4.757385114469824,0.018681462062440504,0.17737081752111616,1,2
1924,1.923999999999899,hold,100.0,5.882895675244627,0.0012143845564551725,1.0363265786081515,0.03632657860815147,0.0012692577957997616,4.758654372265624,0.01865999473559199,0.054873239344589056,1,2
1925,1.9249999999998988,hold,100.0,5.881539457126886,-0.0013562181177411148,1.0362949122903082,0.036294912290308234,-0.001179247802572935,4.757475124463051,0.01863857574811415,0.1769703151681798,1,2
1926,1.9259999999998987,hold,100.0,5.88274887605047,0.0012094189235840602,1.0362876447776879,0.036287644777687866,0.0012643737271210887,4.758739498190172,0.018617161550654036,0.05495480353702843,1,2
1927,1.9269999999998986,hold,100.0,5.8813978118334,-0.001351064217069542,1.0362560497568505,0.036256049756850484,-0.0011744931685268162,4.757565005021645,0.01859579550589914,0.17657104854272576,1,2
1928,1.9279999999998985,hold,100.0,5.88260228485408,0.0012044730206799414,1.0362487575175754,0.03624875751757539,0.0012595087296190252,4.758824513751264,0.018574434292629352,0.055035708939083806,1,2
1929,1.9289999999998984,hold,100.0,5.881256354489841,-0.0013459303642395781,1.0362172335686346,0.0362172335686346,-0.0011697573509294925,4.757654756400335,0.0185531210462327,0.1761730133100856,1,2
1930,1.9299999999998982,hold,100.0,5.882455901260463,0.001199546770622284,1.0362099167550536,0.036209916755053584,0.0012546627286617559,4.7589094191289965,0.018531812672409415,0.05511595803947187,1,2
1931,1.9309999999998981,hold,100.0,5.881115084779859,-0.0013408164806039125,1.0361784636537645,0.03617846365376454,-0.0011650402759560714,4.75774437885304,0.018510552080457612,0.17577620464784108,1,2
1932,1.931999999999898,hold,100.0,5.8823097248758,0.0011946400959406134,1.0361711224175796,0.03617112241757958,0.0012498356499445037,4.758994214502985,0.018489296401792157,0.05519555400389036,1,2
1933,1.932999999999898,hold,100.0,5.880974002387321,-0.0013357224884789076,1.0361397399405563,0.036139739940556304,-0.001160341870098334,4.757833872632887,0.01846808832082347,0.17538061838057367,1,2
1934,1.9339999999998978,hold,100.0,5.882163755307259,0.0011897529199380585,1.0361323744328714,0.03613237443287143,0.0012450274194437342,4.75907890005233,0.018446885193478403,0.05527449950567566,1,2
1935,1.9349999999998977,hold,100.0,5.88083310699737,-0.0013306483098887156,1.036101062357524,0.03610106235752397,-0.0011556620601071912,4.757923237992223,0.018425729480476886,0.17498624978152447,1,2
1936,1.9359999999998976,hold,100.0,5.882017992163122,0.001184885165751659,1.036093672728804,0.03609367272880393,0.0012402379634044423,4.759163475955628,0.018404578761066378,0.05535279765278328,1,2
1937,1.9369999999998975,hold,100.0,5.880692398295573,-0.0013255938675484913,1.0360624308334143,0.036062430833414316,-0.0011510007729999532,4.758012475182628,0.018383475273464324,0.17459309454853805,1,2
1938,1.9379999999998974,hold,100.0,5.881872435052973,0.0011800367573995274,1.0360550172334821,0.036055017233482145,0.0012354672083714267,4.759247942391,0.018362376819049803,0.05543045097189934,1,2
1939,1.9389999999998973,hold,100.0,5.880551875968879,-0.0013205590840934534,1.0360238452971713,0.036023845297171286,-0.00114635793611802,4.758101584454882,0.018341325414721537,0.17420114797543323,1,2
1940,1.9399999999998971,hold,100.0,5.881727083587511,0.0011752076186315463,1.0360164078752265,0.03601640787522653,0.0012307150811822858,4.759332299536064,0.018320279082811693,0.05550746255073946,1,2
1941,1.940999999999897,hold,100.0,5.880411539704559,-0.001315543882951964,1.0359853056779165,0.03598530567791647,-0.0011417334770607939,4.758190566059003,0.018299279620076936,0.17381040589117,1,2
1942,1.941999999999897,hold,100.0,5.881581937378402,0.0011703976738433042,1.0359778445825736,0.03597784458257358,0.0012259815089582667,4.7594165475679615,0.018278285268626848,0.05558383511496253,1,2
1943,1.9429999999998968,hold,100.0,5.880271389190876,-0.0013105481875257396,1.0359468119050177,0.035946811905017695,-0.0011371273237226177,4.758279420244239,0.018257337606244085,0.173420863803122,1,2
1944,1.9439999999998967,hold,100.0,5.881436996038608,0.0011656068477314818,1.0359393272842434,0.03593932728424343,0.0012212664191039297,4.759500686663343,0.018236395093648574,0.05565957137244784,1,2
1945,1.9449999999998966,hold,100.0,5.88013142411689,-0.0013055719217183182,1.0359083639080358,0.035908363908035756,-0.0011325394042668738,4.758368147259076,0.01821549909081778,0.17303251745144438,1,2
1946,1.9459999999998965,hold,100.0,5.881292259182001,0.001160835065111776,1.035900855909169,0.035900855909168916,0.0012165697393010978,4.759584716998377,0.01819460827591664,0.055734674189321765,1,2
1947,1.9469999999998964,hold,100.0,5.879991644172659,-0.0013006150093426427,1.035869961616686,0.035869961616685986,-0.0011279696471383873,4.758456747351239,0.01817376379227253,0.17264536220425544,1,2
1948,1.9479999999998963,hold,100.0,5.881147726423742,0.0011560822510832125,1.0358624303864743,0.0358624303864743,0.001211891397527164,4.759668638748766,0.018152924534344146,0.05580914644395156,1,2
1949,1.9489999999998961,hold,100.0,5.879852049048881,-0.0012956773748609152,1.0358316049609766,0.03583160496097659,-0.0011234179810715032,4.758545220767695,0.01813213142995886,0.17225939378941202,1,2
1950,1.949999999999896,hold,100.0,5.881003397379799,0.0011513483309180117,1.0358240506455374,0.0358240506455374,0.0012072313220208358,4.759752452089716,0.01811134358871935,0.055882991102824096,1,2
1951,1.950999999999896,hold,100.0,5.8797126384369305,-0.001290758942868564,1.0357932938710175,0.035793293871017484,-0.001118884335043845,4.758633567754671,0.018090601724097953,0.17187460782471897,1,2
1952,1.9519999999998958,hold,100.0,5.8808592716677826,0.0011466332308520677,1.0357857166158706,0.0357857166158706,0.0012025894413027454,4.759836157195974,0.018069865159701555,0.05595621045067774,1,2
1953,1.9529999999998957,hold,100.0,5.879573412029124,-0.0012858596386582377,1.035755028277172,0.03575502827717192,-0.001114368638347222,4.758721788557628,0.018049174395782987,0.17149100031101572,1,2
1954,1.9539999999998956,hold,100.0,5.880715348905869,0.001141936876744687,1.0357474282272277,0.03574742822722765,0.0011979656841968906,4.759919754241825,0.01802848896881483,0.05602880745220369,1,2
1955,1.9549999999998955,hold,100.0,5.879434369518789,-0.0012809793870802721,1.035716808110002,0.03571680811000211,-0.001109870820531684,4.758809883421293,0.018007849166968765,0.1711085665485881,1,2
1956,1.9559999999998954,hold,100.0,5.880571628713339,0.0011372591945502109,1.0357091854095473,0.03570918540954726,0.0011933599797852332,4.760003243401078,0.01798721473845022,0.0561007852350223,1,2
1957,1.9569999999998953,hold,100.0,5.879295510599523,-0.001276118113816338,1.035678633300222,0.03567863330022192,-0.0011053908114207818,4.758897852589658,0.017966625760474097,0.17072730239555614,1,2
1958,1.9579999999998952,hold,100.0,5.88042811071108,0.001132600111557025,1.0356709880929729,0.035670988092972866,0.0011887722574227533,4.76008662484708,0.017946042191855537,0.0561721458657283,1,2
1959,1.958999999999895,hold,100.0,5.879156834966288,-0.0012712757447914669,1.0356405037787926,0.035640503778792576,-0.0011009285411166464,4.758985696305963,0.017925503899974448,0.17034720367482045,1,2
1960,1.959999999999895,hold,100.0,5.880284794520317,0.001127959554028557,1.0356328362078426,0.03563283620784263,0.0011842024467587434,4.7601698987527215,0.01790497105313899,0.0562428927301864,1,2
1961,1.9609999999998948,hold,100.0,5.879018342314479,-0.0012664522058374317,1.035602419476837,0.035602419476836955,-0.0010964839399922046,4.759073414812729,0.017884483310003387,0.16996826584522706,1,2
1962,1.9619999999998947,hold,100.0,5.880141679764107,0.0011233374496280035,1.0355947296846677,0.0355947296846677,0.0011796504777008177,4.76025306529043,0.017864001047258837,0.056313028072814145,1,2
1963,1.9629999999998946,hold,100.0,5.878880032340142,-0.0012616474239655062,1.0355643803256867,0.03556438032568665,-0.0010920569386753008,4.759161008351755,0.017843563715944966,0.16959048529020543,1,2
1964,1.9639999999998945,hold,100.0,5.879998766065625,0.0011187337254829899,1.0355566684541975,0.03555666845419747,0.0011751162804322219,4.760336124632187,0.017823131900027798,0.05638255494923197,1,2
1965,1.9649999999998944,hold,100.0,5.8787419047404,-0.001256861325225067,1.035526386256824,0.03552638625682403,-0.0010876474681001478,4.759248477164086,0.017802744844031958,0.1692138571249193,1,2
1966,1.9659999999998943,hold,100.0,5.8798560530500925,0.0011141483096928084,1.0355186524473368,0.03551865244733676,0.001170599785418132,4.760419076949504,0.01778236333810143,0.056451475725323615,1,2
1967,1.9669999999998942,hold,100.0,5.878603959213319,-0.0012520938367739376,1.0354884372019824,0.03548843720198236,-0.0010832554594212684,4.759335821490083,0.017762026421342232,0.1688383773526692,1,2
1968,1.967999999999894,hold,100.0,5.879713540343289,0.001109581129970394,1.0354806815951678,0.03548068159516782,0.0011661009233902538,4.760501922413473,0.017741695088980526,0.05651979341985986,1,2
1969,1.968999999999894,hold,100.0,5.878466195457184,-0.0012473448861047842,1.0354505330930344,0.035450533093034364,-0.001078880844102817,4.75942304156937,0.017721408175796812,0.16846404200196713,1,2
1970,1.9699999999998938,hold,100.0,5.879571227572017,0.0011050321148324826,1.0354427558290265,0.03544275582902645,0.0011616196253407885,4.760584661194711,0.017701126881008653,0.056587510508305856,1,2
1971,1.9709999999998937,hold,100.0,5.878328613171406,-0.0012426144006107975,1.0354126738620513,0.03541267386205127,-0.0010745235538562822,4.759510137640855,0.01768088983615419,0.16809084675451533,1,2
1972,1.9719999999998936,hold,100.0,5.879429114364269,0.0011005011928633124,1.0354048750803828,0.035404875080382814,0.0011571558225446704,4.760667293463399,0.01766065844336364,0.056654629681358,1,2
1973,1.9729999999998935,hold,100.0,5.878191212056046,-0.0012379023082234042,1.0353748594413108,0.0353748594413108,-0.0010701835206492134,4.75959710994275,0.017640471132010095,0.16771878757419084,1,2
1974,1.9739999999998934,hold,100.0,5.8792872003488155,0.0010959882927696896,1.0353670392809113,0.03536703928091134,0.0011527094465308785,4.760749819389281,0.017620289506060826,0.05672115376118892,1,2
1975,1.9749999999998933,hold,100.0,5.878053991812048,-0.0012332085367674495,1.0353370897632534,0.03533708976325345,-0.0010658606767267919,4.759683958712555,0.017600151793792554,0.1673478600406576,1,2
1976,1.9759999999998932,hold,100.0,5.879145485155902,0.0010914933438543883,1.0353292483624867,0.03532924836248674,0.0011482804291100784,4.760832239141664,0.01758001979994173,0.056787085255690074,1,2
1977,1.976999999999893,hold,100.0,5.877916952140968,-0.0012285330149346407,1.0352993647605078,0.03529936476050777,-0.001061554954601097,4.759770684187063,0.017559931552758694,0.16697806033354362,1,2
1978,1.977999999999893,hold,100.0,5.879003968416239,0.0010870162752709689,1.0352915022571338,0.035291502257133844,0.0011438687023474306,4.76091455288941,0.017539849056680004,0.05685242707646168,1,2
1979,1.9789999999998928,hold,100.0,5.87778009274515,-0.0012238756710889476,1.0352616843658917,0.03526168436589172,-0.0010572662870412294,4.759857286602369,0.01751981014099128,0.16660938404771816,1,2
1980,1.9799999999998927,hold,100.0,5.878862649762249,0.0010825570170993615,1.0352538008971135,0.035253800897113496,0.001139474198588405,4.760996760800957,0.01749977700877198,0.05691718148904349,1,2
1981,1.9809999999998926,hold,100.0,5.8776434133276885,-0.0012192364345606777,1.035224048512391,0.035224048512390915,-0.001052994607075549,4.7599437661938815,0.01747978729139804,0.16624182748512872,1,2
1982,1.9819999999998925,hold,100.0,5.878721528826876,0.0010781154991876818,1.0352161442148102,0.03521614421481023,0.0011350968504197716,4.761078863044301,0.0174598033895364,0.056981351232089854,1,2
1983,1.9829999999998924,hold,100.0,5.877506913592405,-0.0012146152344714167,1.0351864571331844,0.03518645713318436,-0.001048739847986515,4.760030123196315,0.01743986273770346,0.1658753864849018,1,2
1984,1.9839999999998923,hold,100.0,5.878580605244091,0.0010736916516860262,1.0351785321428304,0.0351785321428304,0.001130736590703146,4.761160859787018,0.017419927933110396,0.05704493901711972,1,2
1985,1.9849999999998922,hold,100.0,5.877370593243963,-0.0012100120001274917,1.0351489101616242,0.03514891016162425,-0.0010445019433341315,4.760116357843684,0.017400036214452803,0.16551005679336017,1,2
1986,1.985999999999892,hold,100.0,5.87843987864909,0.0010692854051264078,1.0351409646139675,0.03514096461396754,0.0011263933525778127,4.761242751196262,0.0173801503744451,0.057107947451404906,1,2
1987,1.986999999999892,hold,100.0,5.877234451987638,-0.0012054266614516251,1.0351114075312435,0.03511140753124353,-0.0010402808269321766,4.76020247036933,0.017360307457002785,0.16514583451944856,1,2
1988,1.9879999999998919,hold,100.0,5.878299348677948,0.0010648966903099577,1.035103441561158,0.035103441561157966,0.001122067069419207,4.761324537438749,0.017340470449304632,0.05717037910924925,1,2
1989,1.9889999999998917,hold,100.0,5.877098489529372,-0.00120085914857615,1.0350739491757552,0.03507394917575524,-0.0010360764328404444,4.760288461005908,0.017320676201521237,0.16478271573570555,1,2
1990,1.9899999999998916,hold,100.0,5.87815901496781,0.0010605254384383755,1.035065962917566,0.03506596291756603,0.001117757674871776,4.76140621868078,0.017300887894264518,0.05723223643340036,1,2
1991,1.9909999999998915,hold,100.0,5.876962705576197,-0.0011963093916129708,1.0350365350290291,0.03503653502902915,-0.0010318886953709688,4.760374329985409,0.017281142184983087,0.16442069624200195,1,2
1992,1.9919999999998914,hold,100.0,5.878018877156805,0.0010561715806076677,1.0350285286164782,0.035028528616478205,0.001113465102827734,4.761487795088237,0.01726140244670239,0.05729352222006638,1,2
1993,1.9929999999998913,hold,100.0,5.876827099835361,-0.001191777321444043,1.0349991650251362,0.034999165025136225,-0.0010277175490969626,4.76046007753914,0.017241705145170712,0.1640597723470804,1,2
1994,1.9939999999998912,hold,100.0,5.877878934883903,0.0010518350485417827,1.0349911385914146,0.03499113859141456,0.0011091892874462916,4.761569266826586,0.017222013844803537,0.057354238904508935,1,2
1995,1.994999999999891,hold,100.0,5.876691672015289,-0.0011872628686138142,1.0349618390983084,0.03496183909830841,-0.0010235629288593117,4.760545703897727,0.017202364820664513,0.1636999397545025,1,2
1996,1.995999999999891,hold,100.0,5.877739187789268,0.0010475157739788798,1.0349537927760237,0.03495379277602373,0.0011049301631493066,4.761650634060876,0.017182721827549128,0.05741438917042677,1,2
1997,1.9969999999998909,hold,100.0,5.8765564218248,-0.001182765964467869,1.0349245571829697,0.03492455718296972,-0.0010194247697335127,4.760631209291143,0.01716312095084525,0.16334119473435624,1,2
1998,1.9979999999998908,hold,100.0,5.877599635513947,0.001043213689147393,1.0349164911041673,0.03491649110416728,0.0011006876646230742,4.761731896955766,0.017143526134719454,0.057473975475681074,1,2
1999,1.9989999999998906,hold,100.0,5.876421348973568,-0.0011782865403793252,1.034887319213665,0.03488731921366495,-0.0010153030070893959,4.760716593948676,0.01712397327589079,0.16298353328992937,1,2
2000,1.9999999999998905,hold,100.0,5.8774602776999565,0.001038928726388555,1.034879233509835,0.034879233509834906,0.0010964617267887058,4.761813055675465,0.017104426506890282,0.05753300040015085,1,2
