step,time,phase,load,energy,delta_energy,mass,mass_error,W_ext_step,W_ext_cumul,D_pred,D_inferred,snes_it,converged_reason
0,0.0,init,0.0,5.000598656413497e-13,0.0,1.0,0.0,0.0,0.0,0.0,0.0,0,0
1,0.001,ramp,0.1,0.0002069618259877409,0.00020696182548768103,1.0001881348303094,0.00018813483030943878,1.8873143677485708e-05,1.8873143677485708e-05,2.7426900423264935e-05,-0.1880886818101953,2,2
2,0.002,ramp,0.2,0.00020771901580129943,7.571898135585271e-07,1.000188756892528,0.0001887568925280636,1.84490149550104e-07,1.9057633827035813e-05,4.934923899362085e-05,-0.0005726996640084231,2,2
3,0.003,ramp,0.3,0.00045191420642978135,0.0002441951906284819,1.0003764774060233,0.00037647740602331226,5.655921132393524e-05,7.561684515097105e-05,6.590914155479655e-05,-0.18763597930454667,2,2
4,0.004,ramp,0.4,0.00045328704236990394,1.3728359401225972e-06,1.0003773760851238,0.00037737608512378173,5.539019340557479e-07,7.61707470850268e-05,7.97204017826441e-05,-0.0008189340060668492,2,2
5,0.005,ramp,0.5,0.0007345348879076991,0.00028124784553779515,1.0005646269896118,0.0005646269896117939,9.410717904096478e-05,0.00017027792612599158,9.169665240402044e-05,-0.18714066649683037,2,2
6,0.006,ramp,0.6,0.0007366746026747708,2.1397147670716623e-06,1.0005657919528603,0.0005657919528603284,1.0773415520803542e-06,0.00017135526767807194,0.00010255857243823114,-0.001062373214991308,2,2
7,0.007,ramp,0.7,0.001054840059155667,0.0003181654564808962,1.0007525769552053,0.000752576955205253,0.000131511313904231,0.000302866581582303,0.000112397308968715,-0.18665414257666518,2,2
8,0.008,ramp,0.8,0.0010579054978476377,3.065438691970783e-06,1.0007540131636052,0.0007540131636052383,1.7509213338837686e-06,0.00030461750291618675,0.00012165496301184003,-0.0013145173580870143,2,2
9,0.009000000000000001,ramp,0.9,0.0014128552274989973,0.00035494972965135953,1.0009403405717903,0.0009403405717902658,0.00016877091170225373,0.0004733884146184405,0.00013020435986283967,-0.1861788179491058,2,2
10,0.010000000000000002,ramp,1.0,0.001417002678296718,4.147450797720685e-06,1.0009420538219889,0.0009420538219888641,2.5726619437057996e-06,0.0004759610765621463,0.00013842173008604005,-0.0015747888540148854,2,2
11,0.011000000000000003,ramp,1.1,0.0018086022888748423,0.00039159961057812437,1.0011279316681936,0.0011279316681935825,0.00020588616333463324,0.0006818472398967795,0.00014608794677324857,-0.18571344724349112,2,2
12,0.012000000000000004,ramp,1.2,0.0018139850773279784,5.38278845313607e-06,1.0011299269320986,0.0011299269320985683,3.5411293308053184e-06,0.0006853883692275848,0.00015356224931453022,-0.0018416591223307513,2,2
13,0.013000000000000005,ramp,1.3,0.0022420992776219285,0.0004281142002939501,1.0013153623762883,0.001315362376288265,0.00024285756923847913,0.0009282459384660639,0.0001605758901519566,-0.18525663105547097,2,2
14,0.014000000000000005,ramp,1.4,0.0022488681757032855,6.7688980813569895e-06,1.001317643691655,0.0013176436916551015,4.655113755775993e-06,0.0009329010522218399,0.000167485915440009,-0.0021137843255809967,2,2
15,0.015000000000000006,ramp,1.5,0.002713361164901674,0.0004644929891983885,1.0015026430644423,0.001502643064442255,0.00027968577321766373,0.0012125868254395035,0.0001739924837954597,-0.18480721598072478,2,2
16,0.016000000000000007,ramp,1.6,0.0027216647886357977,8.303623734123682e-06,1.0015052136695886,0.0015052136695885565,5.913521614184699e-06,0.0012185003470536883,0.00018045551022569375,-0.0023901021199389826,2,2
17,0.017000000000000008,ramp,1.7,0.0032224005775175514,0.0005007357888817537,1.0016897826100015,0.0016897826100015223,0.0003163714942475416,0.0015348718413012298,0.00018655366662654588,-0.1843642946342121,2,2
18,0.01800000000000001,ramp,1.8,0.003232385686734459,9.985109216907768e-06,1.001692645093931,0.0016926450939309667,7.315326580480211e-06,0.00154218716788171,0.00019265148527590286,-0.0026697826364275572,2,2
19,0.01900000000000001,ramp,1.9,0.003769228334552173,0.000536842647817714,1.0018767886792523,0.0018767886792523392,0.0003529154947499256,0.0018951026626316356,0.00019841171563561363,-0.18392715306778842,2,2
20,0.02000000000000001,ramp,2.0,0.00378104005473144,1.1811720179266943e-05,1.001879945108715,0.001879945108715031,8.859546758780564e-06,0.0019039622093904162,0.0002042040344267798,-0.002952173420486379,2,2
21,0.02100000000000001,ramp,2.1,0.004353853836033417,0.0005728137813019772,1.0020636679581678,0.002063667958167814,0.0003893185601584304,0.0022932807695488465,0.0002096787389170957,-0.18349522114354683,2,2
22,0.022000000000000013,ramp,2.2,0.004367635831752264,1.378199571884682e-05,1.002067119981497,0.002067119981497001,1.0545237280051859e-05,0.0023038260068288983,0.00021521069228052766,-0.003236758438794962,2,2
23,0.023000000000000013,ramp,2.3,0.004976285344806127,0.0006086495130538626,1.0022504263337229,0.0022504263337228547,0.00042558148004449555,0.0027294074868733937,0.00022044009510278277,-0.18306803300936703,2,2
24,0.024000000000000014,ramp,2.4,0.004992179958477238,1.5894613671111127e-05,1.0022541752622343,0.0022541752622342592,1.2371488295682389e-05,0.002741778975169076,0.00022574673539173,-0.003523125375428738,2,2
25,0.025000000000000015,ramp,2.5,0.005636530199772774,0.0006443502412955358,1.0024370690356696,0.002437069035669648,0.0004617050396031756,0.0032034840147722515,0.0002307625510049236,-0.18264520169236018,2,2
26,0.026000000000000016,ramp,2.6,0.005654678550465683,1.8148350692909557e-05,1.0024411159016444,0.0024411159016444195,1.4337415126255228e-05,0.0032178214298985066,0.00023587172794324707,-0.0038109355666543286,2,2
27,0.027000000000000017,ramp,2.7,0.006334594985739841,0.0006799164352741579,1.0026236007472564,0.002623600747256427,0.0004976900289022686,0.003715511458800775,0.00024069947705987336,-0.18222640637188933,2,2
28,0.028000000000000018,ramp,2.8,0.00635513703354667,2.0542047806828938e-05,1.0026279463459793,0.002627946345979293,1.64421439019226e-05,0.0037319536027026977,0.000245633773657034,-0.004099903904906337,2,2
29,0.02900000000000002,ramp,2.9,0.007070485662537995,0.0007153486289913245,1.0028100256915329,0.0028100256915328803,0.0005335372485478614,0.004265490851250559,0.0002502943161334121,-0.18181138044346312,2,2
30,0.03000000000000002,ramp,3.0,0.007093560257335409,2.307459479741411e-05,1.0028146706160566,0.002814670616056558,1.8684806105364235e-05,0.0042841756573559235,0.0002550723598369086,-0.004389788692049876,2,2
31,0.03100000000000002,ramp,3.1,0.007844207661080824,0.0007506474037454157,1.0029963477000918,0.002996347700091828,0.0005692475049907254,0.004853423162346649,0.00025958299221969774,-0.1813998987546903,2,2
32,0.03200000000000002,ramp,3.2,0.007869952586030831,2.574492495000663e-05,1.0030012923709473,0.0030012923709472616,2.1064540432687985e-05,0.004874487702779337,0.00026422036122109076,-0.004680384517318646,2,2
33,0.03300000000000002,ramp,3.3,0.008655765959304422,0.0007858133732735906,1.0031825702687736,0.0031825702687735546,0.0006048216053021573,0.005479309308081494,0.0002685956165145473,-0.18099176797143332,2,2
34,0.03400000000000002,ramp,3.4,0.0086843179698347,2.855201053027917e-05,1.0031878149587254,0.0031878149587254434,2.3580494626097968e-05,0.005502889802707593,0.0002731054915614645,-0.004971515904181202,2,2
35,0.035000000000000024,ramp,3.5,0.009505165144334624,0.0008208471744999227,1.0033686966031403,0.00336869660314032,0.0006402603544484252,0.006143150157156017,0.0002773577227113333,-0.18058682005149757,2,2
36,0.036000000000000025,ramp,3.6,0.009536660002080652,3.1494857746028684e-05,1.0033742414576634,0.0033742414576634072,2.6231825810869323e-05,0.0061693819829668865,0.00028175137080013816,-0.005263031935159361,2,2
37,0.037000000000000026,ramp,3.7,0.010392409463732512,0.0008557494616518602,1.00355472965588,0.0035547296558799957,0.0006755645540527854,0.006844946537019672,0.0002858911832948498,-0.1801849075990748,2,2
38,0.03800000000000003,ramp,3.8,0.010426981965800546,3.4572502068033056e-05,1.003560574710078,0.0035605747100779794,2.9017700143942457e-05,0.006873964237163614,0.00029017832368874794,-0.0055548019240906,2,2
39,0.03900000000000003,ramp,3.9,0.011317502867946097,0.0008905209021455515,1.003740672158016,0.0037406721580159896,0.0007107350017965805,0.007584699238960195,0.0002942149029614473,-0.17978590034897107,2,2
40,0.04000000000000003,ramp,4.0,0.011355286872165474,3.778400421937736e-05,1.003746817350758,0.0037468173507579916,3.193729225249289e-05,0.007616636531212688,0.00029840398819403385,-0.005846711966884467,2,2
41,0.04100000000000003,ramp,4.1,0.012280449045784014,0.0009251621736185399,1.0039265266448734,0.003926526644873363,0.0007457724911836279,0.008362409022396315,0.0003023453521368475,-0.17938968243491202,2,2
42,0.04200000000000003,ramp,4.2,0.01232157749241991,4.112844663589632e-05,1.0039329718304804,0.0039329718304803585,3.4989784497305076e-05,0.00839739880689362,0.0003064437863598634,-0.006138662138591245,2,2
43,0.04300000000000003,ramp,4.3,0.013281251454416524,0.0009596739619966137,1.004112295478147,0.0041122954781469545,0.0007806778117283584,0.009178076618621979,0.0003102969834603785,-0.17899615026825536,2,2
44,0.04400000000000003,ramp,4.4,0.013325856384379713,4.4604929963188225e-05,1.0041190404362346,0.004119040436234567,3.817436583539149e-05,0.00921625098445737,0.00031431129374202355,-0.006430564127796733,2,2
45,0.04500000000000003,ramp,4.5,0.014319913345179944,0.0009940569608002311,1.0042979808646366,0.004297980864636619,0.0008154517498484366,0.010031702734305807,0.00031808256117652053,-0.17860521095179452,2,2
46,0.046000000000000034,ramp,4.6,0.014368125914224563,4.821256904461932e-05,1.0043050253080703,0.004305025308070309,4.1490229910467235e-05,0.010073192964216274,0.0003220185328870526,-0.0067223391341520835,2,2
47,0.047000000000000035,ramp,4.7,0.015396437786254944,0.0010283118720303807,1.004483584872435,0.0044835848724349425,0.0008500950908455183,0.010923288055061793,0.00032571342470645196,-0.17821678118486237,2,2
48,0.048000000000000036,ramp,4.8,0.015448388274303738,5.1950488048794347e-05,1.0044909284535357,0.004490928453535714,4.493657211493172e-05,0.010968224627176726,0.00032957620955927227,-0.007013915933862625,2,2
49,0.04900000000000004,ramp,4.9,0.01651082768291434,0.0010624394086106003,1.0046691094448352,0.004669109444835229,0.0008846086220455011,0.011852833249222226,0.0003331997016247776,-0.1778307865650992,2,2
50,0.05000000000000004,ramp,5.0,0.016566645466689248,5.581778377490923e-05,1.0046767517554804,0.004676751755480435,4.851255945899787e-05,0.011901345808681223,0.0003369938054222409,-0.007305224315911358,2,2
51,0.05100000000000004,ramp,5.1,0.017663085824966878,0.0010964403582776304,1.0048545564172893,0.0048545564172892686,0.0009189931877090402,0.012820338996390264,0.0003405505374496733,-0.17744717056859025,2,2
52,0.05200000000000004,ramp,5.2,0.017722899410303024,5.9813585336146446e-05,1.0048624969968787,0.004862496996878685,5.221738188256163e-05,0.012872556378272827,0.0003442801601145985,-0.0075962034535848166,2,2
53,0.05300000000000004,ramp,5.3,0.018853214815404078,0.0011303154051010532,1.0050399275131667,0.005039927513166731,0.0009532495396004968,0.013825805917873323,0.0003477740229368431,-0.17706586550055645,2,2
54,0.05400000000000004,ramp,5.4,0.01891715188782431,6.393707242023303e-05,1.0050481658655257,0.0050481658655257,5.6050262559485276e-05,0.013881856180432807,0.0003514428711587587,-0.00788680986074775,2,2
55,0.05500000000000004,ramp,5.5,0.020081217143982838,0.0011640652561585273,1.0052252243675794,0.00522522436757944,0.0009873784449571836,0.014869234625389992,0.00035487763952130036,-0.17668681120134364,2,2
56,0.05600000000000004,ramp,5.6,0.02014940457677712,6.818743279428038e-05,1.0052337599565164,0.005233759956516426,6.001043630332437e-05,0.014929245061693316,0.0003584892237394337,-0.008176996490956013,2,2
57,0.057000000000000044,ramp,5.7,0.021347095177506603,0.0011976906007294848,1.005410448525168,0.005410448525168032,0.0010213806501471257,0.01595062571184044,0.00036186803834755126,-0.17630995058235907,2,2
58,0.058000000000000045,ramp,5.8,0.021419659034066396,7.256385655979303e-05,1.005419280782157,0.005419280782156921,6.409713197867643e-05,0.016014722843819117,0.0003654255088815387,-0.008466724581116592,2,2
59,0.059000000000000045,ramp,5.9,0.022650851191325715,0.0012311921572593192,1.005595601455638,0.005595601455637977,0.001055256922417036,0.017069979766236153,0.0003687514032580646,-0.1759352348422831,2,2
60,0.060000000000000046,ramp,6.0,0.02272791672304628,7.706553172056457e-05,1.005604729779932,0.005604729779931983,6.830957571117612e-05,0.01713828934194733,0.00037225760754677507,-0.008755956009388454,2,2
61,0.06100000000000005,ramp,6.1,0.023992487365533756,0.001264570642487476,1.005780684556609,0.0057806845566090725,0.0010890080239890016,0.01822729736593633,0.0003755333535567092,-0.17556261849847443,2,2
62,0.06200000000000005,ramp,6.2,0.024074179019450935,8.169165391717914e-05,1.005790108318124,0.005790108318123988,7.264699784537535e-05,0.018299944363781705,0.00037899090034086133,-0.009044656071803794,2,2
63,0.06300000000000004,ramp,6.3,0.0253720057920499,0.001297826772598966,1.005965699159213,0.005965699159212967,0.0011226347133363227,0.019422579077118026,0.000382219042205455,-0.1751920592626432,2,2
64,0.06400000000000004,ramp,6.4,0.025458447218349715,8.64414262998145e-05,1.0059754177011588,0.005975417701158836,7.710863317624893e-05,0.019499687710294276,0.00038563032967915185,-0.00933279312356556,2,2
65,0.06500000000000004,ramp,6.5,0.02678940848118811,0.0013309612628383954,1.0061506465331624,0.0061506465331624405,0.001156137745153765,0.020655825455448043,0.0003888132095342965,-0.17482351768463036,2,2
66,0.06600000000000004,ramp,6.6,0.026880722540384906,9.131405919679536e-05,1.0061606591744134,0.006160659174413441,8.169372094216985e-05,0.020737519176390214,0.0003921804485134982,-0.009620338254625514,2,2
67,0.06700000000000005,ramp,6.7,0.028244697367571396,0.0013639748271864899,1.0063355278913022,0.006335527891302206,0.0011895178703265608,0.021927037046716776,0.0003953202281743138,-0.1744569568599291,2,2
68,0.06800000000000005,ramp,6.8,0.02834100613737643,9.63087698050355e-05,1.0063458339284717,0.006345833928471656,8.640150478978133e-05,0.02201343855150656,0.0003986454619547963,-0.009907265015254166,2,2
69,0.06900000000000005,ramp,6.9,0.02973787431545832,0.0013968681780818885,1.0065203443936412,0.006520344393641242,0.0012227758359096678,0.023236214387416226,0.0004017441417175821,-0.17409234217222072,2,2
70,0.07000000000000005,ramp,7.0,0.029839299097362097,0.0001014247819037771,1.0065309431030065,0.0065309431030065035,9.123123273250552e-05,0.02332744562014873,0.0004050292632753589,-0.010193549171271583,2,2
71,0.07100000000000005,ramp,7.1,0.031268941123546036,0.0014296420261839388,1.0067050971510385,0.006705097151038508,0.0012559123851149164,0.024583358005263647,0.00040808869826042265,-0.17372964106902236,2,2
72,0.07200000000000005,ramp,7.2,0.031375602449149255,0.00010666132560321895,1.006715987790249,0.006715987790248956,9.618215711006435e-05,0.02467954016237371,0.00041133546523873293,-0.010479168493154601,2,2
73,0.07300000000000005,ramp,7.3,0.03283789952932638,0.0014622970801771232,1.006889787228556,0.0068897872285560435,0.0012889282573022,0.02596846841967591,0.0004143573796628387,-0.17336882287492328,2,2
74,0.07400000000000005,ramp,7.4,0.03294991716644164,0.0001120176371152623,1.006900969038207,0.006900969038206917,0.00010125353454935366,0.026069721954225265,0.00041756742749041165,-0.01076410256590864,2,2
75,0.07500000000000005,ramp,7.5,0.03444475121302816,0.0014948340465865198,1.007074415648427,0.007074415648427035,0.0013218241879752388,0.027391546142200504,0.0004205534271840012,-0.17300985861128104,2,2
76,0.07600000000000005,ramp,7.6,0.03456224417157698,0.00011749295854882047,1.0070858878534783,0.007085887853478301,0.00010644462592684861,0.027497990768127353,0.0004237282806037639,-0.011048332621971855,2,2
77,0.07700000000000005,ramp,7.7,0.036089497801209305,0.0015272536296323247,1.0072589833928658,0.007258983392865792,0.0013546009087800385,0.02885259167690739,0.00042667986403072626,-0.1726527208522862,2,2
78,0.07800000000000006,ramp,7.8,0.03621258433893896,0.0001230865377296539,1.007270745203949,0.007270745203949103,0.00011175469633322204,0.028964346373240614,0.00042982094726816124,-0.011331841396431848,2,2
79,0.07900000000000006,ramp,7.9,0.03777214087003167,0.0015595565310927081,1.0074434914065558,0.007443491406555758,0.0013872591475069071,0.030351605520747522,0.00043273951526187436,-0.172297383585801,2,2
80,0.08000000000000006,ramp,8.0,0.03790093849806321,0.00012879762803154338,1.0074555420211173,0.007455542021117312,0.00011718301503758997,0.03046878853578511,0.0004358481610250272,-0.011614612993953409,2,2
81,0.08100000000000006,ramp,8.1,0.039492681948257044,0.0015917434501938332,1.00762794059892,0.007627940598919913,0.0014197996280958449,0.03188858816388095,0.00043873502542015144,-0.17194382209798834,2,2
82,0.08200000000000006,ramp,8.2,0.039627307436484294,0.00013462548822724962,1.0076402792023549,0.007640279202354883,0.0001227288554536182,0.03201131701933457,0.00044181248289045004,-0.011896632773631434,2,2
83,0.08300000000000006,ramp,8.3,0.04125112251999062,0.0016238150835063275,1.0078123318462984,0.00781233184629837,0.0014522230706434088,0.03346354008997798,0.0004446688741987668,-0.17159201286291878,2,2
84,0.08400000000000006,ramp,8.4,0.04139169190233582,0.00014056938234519728,1.0078249576128644,0.007824957612864392,0.00012839149510624018,0.03359193158508422,0.00044771631614831236,-0.012177887238957097,2,2
85,0.08500000000000006,ramp,8.5,0.043047464027198334,0.001655772124862516,1.0079966659937811,0.007996665993781127,0.00148453019141181,0.03507646177649603,0.00045054339040557606,-0.17124193345070599,2,2
86,0.08600000000000006,ramp,8.6,0.04319409260675043,0.00014662857955209663,1.0080095780875897,0.00800957808758973,0.00013417021559929409,0.03521063199209532,0.00045356191955381385,-0.012458363952802542,2,2
87,0.08700000000000006,ramp,8.7,0.044881707872030614,0.0016876152652801832,1.0081809438570797,0.008180943857079681,0.0015167217028407595,0.03672735369493608,0.0004563607644446451,-0.17089356243942366,2,2
88,0.08800000000000006,ramp,8.8,0.045034510226056465,0.0001528023540258508,1.008194141432875,0.008194141432875002,0.000140064302582565,0.036867417997518644,0.00045935141915213465,-0.012738051443285787,2,2
89,0.08900000000000007,ramp,8.9,0.04675385541895524,0.0017193451928987774,1.0083651662241069,0.00836516622410688,0.0015487983135599379,0.03841621631107858,0.0004621230595031357,-0.17054687933883952,2,2
90,0.09000000000000007,ramp,9.0,0.04691294540380907,0.00015908998485382464,1.0083786484280925,0.00837864842809255,0.00014607304572144235,0.03856228935680003,0.00046508681888500714,-0.013016939132382293,2,2
91,0.09100000000000007,ramp,9.1,0.04866390799673734,0.0017509625929282707,1.0085493338565559,0.008549333856555874,0.00158076072840255,0.040143050085202574,0.00046783222160429145,-0.17020186452572078,2,2
92,0.09200000000000007,ramp,9.2,0.04882939875267015,0.00016549075593281365,1.0085630998270219,0.008563099827021858,0.00015219573866531182,0.040295245823867884,0.00047077001013336064,-0.013295017267501827,2,2
93,0.09300000000000007,ramp,9.3,0.0506118669002639,0.0017824681475937451,1.008733447491218,0.00873344749121796,0.0016126096484215156,0.0419078554722894,0.0004734900886632888,-0.16985849917222953,2,2
94,0.09400000000000007,ramp,9.4,0.050783870856136476,0.00017200395587257944,1.0087474963592973,0.00874749635929728,0.00015843167901805072,0.042066287151307453,0.0004764027803244157,-0.013572276854528722,2,2
95,0.09500000000000007,ramp,9.5,0.052597733392238076,0.0018138625361016,1.0089175078413746,0.008917507841374572,0.0016443457709036696,0.043710632922211126,0.00047909839866456855,-0.16951676519793038,2,2
96,0.09600000000000007,ramp,9.6,0.05277636227015314,0.00017862887791506715,1.0089318387315422,0.008931838731542241,0.00016478016830788947,0.04387541309051902,0.00048198682071198373,-0.013848709607177686,2,2
97,0.09700000000000007,ramp,9.7,0.054621508704751486,0.0018451464345983423,1.009101515597929,0.009101515597929044,0.001675969789388043,0.04555138287990706,0.0004846587970616418,-0.1691766452102993,2,2
98,0.09800000000000007,ramp,9.8,0.05480687352460438,0.00018536481985289427,1.0091161276287002,0.009116127628700177,0.0001712405119591338,0.04572262339186619,0.00048752373342557734,-0.014124307893760471,2,2
99,0.09900000000000007,ramp,9.9,0.056683194040752415,0.0018763205161480348,1.0092854714305728,0.00928547143057279,0.0017074823936816964,0.047430105785547884,0.0004901728434895758,-0.16883812246633842,2,2
100,0.10000000000000007,ramp,10.0,0.056875405124700046,0.00019221108394763126,1.0093003637149236,0.009300363714923598,0.00017781201926388152,0.047607917804811765,0.0004930150378699301,-0.014399064683749739,2,2
101,0.10100000000000008,ramp,10.1,0.058782790575398126,0.0019073854506980806,1.0094693759888524,0.009469375988852446,0.0017388842698771857,0.04934680207468895,0.000495642017864207,-0.16850118082089485,2,2
102,0.10200000000000008,ramp,10.2,0.0589819575522668,0.00019916697686867685,1.0094845476347143,0.009484547634714291,0.000184494003354299,0.04953129607804325,0.0004984621765471028,-0.01467297351437786,2,2
103,0.10300000000000008,ramp,10.3,0.06092029945733395,0.0019383419050671494,1.0096532299030736,0.009653229903073601,0.0017701761003708057,0.051301472178414055,0.0005010677259371343,-0.1681658046963437,2,2
104,0.10400000000000008,ramp,10.4,0.06112653126695767,0.00020623180962371646,1.0096686800138406,0.00966868001384058,0.00019128578117629072,0.051492757959590345,0.0005038665203631168,-0.014946028447425732,2,2
105,0.10500000000000008,ramp,10.5,0.0630957218098752,0.001969190542917533,1.009837033785293,0.009837033785293103,0.001801358563879318,0.053294116523469666,0.000506451304363526,-0.16783197903821487,2,2
106,0.10600000000000008,ramp,10.6,0.06330912670736996,0.00021340489749475944,1.0098527614601913,0.009852761460191317,0.0001981866734630802,0.053492303196932746,0.0005092293734741859,-0.01521822403167925,2,2
107,0.10700000000000008,ramp,10.7,0.0653090587321206,0.001999932024750642,1.0100207882300996,0.010020788230099553,0.0018324323354589659,0.055324735532391714,0.0005117940253340479,-0.16749968929167602,2,2
108,0.10800000000000008,ramp,10.8,0.06552974429209969,0.00022068555997908912,1.0100367925646068,0.010036792564606767,0.00020519600470927024,0.055529931537100986,0.0005145519777198707,-0.015489555269818881,2,2
109,0.10900000000000008,ramp,10.9,0.06756031129998223,0.002030567007882539,1.0102044938154606,0.010204493815460625,0.0018633980865230462,0.057393329623624034,0.0005170971008166003,-0.16716892135949268,2,2
110,0.11000000000000008,ramp,11.0,0.06778838442072549,0.00022807312074325792,1.0102207739016738,0.010220773901673752,0.0002123131031459363,0.05760564272676997,0.0005198355166857331,-0.015760017597321627,2,2
111,0.11100000000000008,ramp,11.1,0.06984948056717227,0.0020610961464467836,1.0103881511034556,0.01038815110345559,0.001894256484860374,0.05949989921163034,0.0005223616864458928,-0.16683966158640956,2,2
112,0.11200000000000009,ramp,11.2,0.07008504747472802,0.00023556690755574539,1.0104047060304187,0.010404706030418653,0.00021953730071572875,0.05971943651234607,0.00052508111943246,-0.016029606840016638,2,2
113,0.11300000000000009,ramp,11.3,0.0721765675661045,0.0020915200913764753,1.0105717606409692,0.010571760640969208,0.0019250081946530228,0.06164444470699909,0.0005275888850970031,-0.16651189672345248,2,2
114,0.11400000000000009,ramp,11.4,0.07241973381835845,0.00024316625225395683,1.0105885894950102,0.010588589495010181,0.00022686793305002104,0.06187131264004911,0.0005302898639245441,-0.016298319203935784,2,2
115,0.11500000000000009,ramp,11.5,0.07454157330876524,0.002121839490406785,1.010755322960353,0.010755322960352975,0.0019556538764938787,0.06382696651654299,0.0005327797501738295,-0.16618561391290632,2,2
116,0.11600000000000009,ramp,11.6,0.07479244379944373,0.0002508704906784981,1.0107724248253933,0.010772424825393312,0.00023430433944422545,0.06406127085598722,0.0005354627801868824,-0.01656615123427264,2,2
117,0.11700000000000009,ramp,11.7,0.07694449878750978,0.002152054988066046,1.0109388385800606,0.010938838580060617,0.0019861941874057608,0.06604746504339297,0.0005379352886383714,-0.16586080066028536,2,2
118,0.11800000000000009,ramp,11.8,0.07720317775015934,0.0002586789626495556,1.0109562125378597,0.010956212537859722,0.00024184586283554046,0.06628931090622851,0.0005406008532161557,-0.016833099814015134,2,2
119,0.11900000000000009,ramp,11.9,0.07938534497583533,0.0021821672256759905,1.0111223080052034,0.011122308005203418,0.0020166297808582893,0.0683059406870868,0.0005430564638070883,-0.16553744481770122,2,2
120,0.12000000000000009,ramp,12.0,0.07965193598773933,0.00026659101190400214,1.0111399531356702,0.011139953135670178,0.00024949184977955837,0.06855543253686636,0.0005457050256688663,-0.017099162124443772,2,2
121,0.1210000000000001,ramp,12.1,0.08186411261847545,0.0022121766307361262,1.0113057317133176,0.011305731713317613,0.0020469611126122914,0.07060239364947865,0.0005481441867557649,-0.16521551812383486,2,2
122,0.1220000000000001,ramp,12.2,0.08213871902679383,0.0002746064083183758,1.0113236471268654,0.0113236471268654,0.0002572420405328762,0.07085963569001152,0.0005507762126036947,-0.017364367785499612,2,2
123,0.1230000000000001,ramp,12.3,0.08438080285924093,0.002242083832447103,1.0114891101984593,0.011489110198459329,0.0020771888235004477,0.07293682451351197,0.0005531993689008981,-0.16489500894665546,2,2
124,0.1240000000000001,ramp,12.4,0.08466352694956553,0.0002827240903245931,1.0115072949723845,0.011507294972384452,0.00026509540751020236,0.07320191992102217,0.0005558152573525988,-0.01762868281439075,2,2
125,0.12500000000000008,ramp,12.5,0.08693541661950323,0.0022718896699377017,1.0116724439298084,0.011672443929808374,0.002107313746863604,0.07530923366788576,0.0005582228361300126,-0.16457592307409777,2,2
126,0.12600000000000008,ramp,12.6,0.08722636003236495,0.0002909434128617189,1.0116908971396348,0.011690897139634782,0.00027305130826325977,0.07558228497614902,0.0005608229966428793,-0.01789210459845911,2,2
127,0.12700000000000009,ramp,12.7,0.08952795480417246,0.002301594771807511,1.0118557333645242,0.011855733364524168,0.0021373365223675265,0.07771962149851655,0.0005632154038935523,-0.16425824943998432,2,2
128,0.12800000000000009,ramp,12.8,0.0898272185390318,0.000299263734859348,1.0118744540847335,0.011874454084733532,0.0002811091035310291,0.07800073060204758,0.0005658002282939076,-0.018154631328318876,2,2
129,0.1290000000000001,ramp,12.9,0.09215841830249515,0.0023311997634633402,1.012038978948798,0.012038978948798018,0.002167257786125492,0.08016798838817307,0.0005681778532931729,-0.16394197733784815,2,2
130,0.1300000000000001,ramp,13.0,0.09246610272147983,0.0003076844189846828,1.0120579662531306,0.012057966253130603,0.00028926815753340117,0.08045725654570647,0.0005707477176862962,-0.018416261451281626,2,2
131,0.1310000000000001,ramp,13.1,0.09482680798859341,0.002360705267113586,1.012222181118384,0.012222181118384023,0.0021970781707890716,0.08265433471649554,0.0005731109342581978,-0.1636270963245143,2,2
132,0.1320000000000001,ramp,13.2,0.09514301282022206,0.00031620483162864144,1.0122414340799286,0.012241434079928615,0.00029752783797561865,0.08295186255447116,0.000575666200037829,-0.018676993653022788,2,2
133,0.1330000000000001,ramp,13.3,0.09753312472199346,0.002390111901771408,1.0124053402989086,0.012405340298908607,0.002226798305575592,0.08517866086004676,0.0005780153674706471,-0.1633135961958158,2,2
134,0.1340000000000001,ramp,13.4,0.09785794906483397,0.0003248243428405073,1.012424857990417,0.012424857990416927,0.00030588751603214537,0.08548454837607891,0.0005805563821528485,-0.01893682680836195,2,2
135,0.1350000000000001,ramp,13.5,0.10027736934810688,0.0024194202832729106,1.0125884569063697,0.012588456906369672,0.0022564188162880142,0.08774096719236693,0.0005828918459992129,-0.16300146698489634,2,2
136,0.1360000000000001,ramp,13.6,0.10061091167443197,0.0003335423263250842,1.012608238400292,0.012608238400291905,0.00031434656632899907,0.08805531375869594,0.0005854189439711699,-0.019195759996085117,2,2
137,0.1370000000000001,ramp,13.7,0.1030595426987016,0.0024486310242696346,1.0127715313473813,0.012771531347381293,0.002285940325332008,0.09034125408402795,0.0005877410367772861,-0.16269069893762658,2,2
138,0.1380000000000001,ramp,13.8,0.1034019008580952,0.0003423581593935965,1.0127915757161001,0.012791575716100123,0.0003229043669247607,0.09066415845095271,0.0005902545399858267,-0.019453792468835784,2,2
139,0.1390000000000001,ramp,13.9,0.10587964559233703,0.002477744734241838,1.0129545640195743,0.012954564019574288,0.0023153634517343257,0.09297952190268705,0.0005925635819662855,-0.16238128250751224,2,2
140,0.1400000000000001,ramp,14.0,0.10623091681528288,0.00035127122294584257,1.012974870335522,0.012974870335521915,0.00033156029929035753,0.0933110822019774,0.0005950638005572856,-0.019710923655485036,2,2
141,0.1410000000000001,ramp,14.1,0.10873767883479633,0.002506762019513456,1.0131375553119273,0.013137555311927285,0.0023446888111610022,0.0956557710131384,0.0005973601002224087,-0.16207320835245376,2,2
142,0.1420000000000001,ramp,14.2,0.10909795973622032,0.0003602809014239816,1.013158122647743,0.013158122647743076,0.00034031374829012606,0.09599608476142851,0.0005998473331360578,-0.019967153133855553,2,2
143,0.1430000000000001,ramp,14.3,0.11163364321946001,0.002535683483239695,1.01332050560502,0.013320505605020072,0.002373917015933087,0.0983700017773616,0.000602131187877692,-0.16176646730660815,2,2
144,0.1440000000000001,ramp,14.4,0.11200302980227857,0.00036938658281855663,1.013341333033641,0.013341333033640934,0.00034916410216452,0.09871916587952613,0.0006046057234055393,-0.020222480654036614,2,2
145,0.1450000000000001,ramp,14.5,0.11456753952771759,0.002564509725439021,1.0135034152713602,0.01350341527136023,0.00240304867504326,0.10112221455456939,0.0006068774200451792,-0.1614610503957608,2,2
146,0.1460000000000001,ramp,14.6,0.1149461271863207,0.00037858765860311616,1.0135245018661925,0.013524501866192473,0.0003581107525099344,0.10148032530707933,0.000609339536350906,-0.020476906093181778,2,2
147,0.1470000000000001,ramp,14.7,0.11753936852930408,0.002593241342983374,1.0136862846756534,0.01368628467565336,0.0024320843941743396,0.10391240970125366,0.0006115993516529407,-0.16115694880903436,2,2
148,0.1480000000000001,ramp,14.8,0.11792725205303509,0.00038788352373100854,1.0137076295106509,0.013707629510650854,0.0003671530942608612,0.10427956279551452,0.0006140493172610791,-0.020730429470147325,2,2
149,0.1490000000000001,ramp,14.9,0.12054913098265581,0.0026218789296207218,1.013869114175053,0.013869114175053099,0.0024610247757139987,0.10674058757122852,0.000616297518414641,-0.16085415390672309,2,2
150,0.1500000000000001,ramp,15.0,0.12094640455926607,0.0003972735766102631,1.013890716324841,0.013890716324840957,0.00037629052567088794,0.1071168780968994,0.0006187355926691322,-0.02098305093937514,2,2
151,0.1510000000000001,ramp,15.1,0.1235968276352429,0.002650423075976835,1.0140519041194234,0.014051904119423364,0.002489870418774121,0.10960674851567352,0.000620972437740286,-0.1605526572027137,2,2
152,0.1520000000000001,ramp,15.2,0.12400358485430654,0.00040675721906363593,1.0140737626594376,0.014073762659437605,0.0003855224482954109,0.10999227096396894,0.0006233988712355199,-0.021234770768225036,2,2
153,0.1530000000000001,ramp,15.3,0.12668245922388316,0.002678874369576617,1.014234654851578,0.014234654851577933,0.0025186219192041876,0.11251089288317312,0.000625624609592386,-0.1602524503724295,2,2
154,0.1540000000000001,ramp,15.4,0.1270987930801973,0.00041633385631414943,1.014256768858104,0.014256768858103896,0.0003948482669727524,0.11290574115014587,0.0006280396445781248,-0.021485589341397042,2,2
155,0.1550000000000001,ramp,15.5,0.12980602647502884,0.002707233394831532,1.014417366707492,0.014417366707492052,0.0025472798696109917,0.11545302101975687,0.0006302545172912308,-0.15995352522054024,2,2
156,0.1560000000000001,ramp,15.6,0.13023202937200679,0.000426002896977945,1.0144397352577963,0.014439735257796293,0.00040426738980635547,0.11585728840956322,0.0006326583880542036,-0.02173550717158955,2,2
157,0.1570000000000001,ramp,15.7,0.132967530105083,0.0027355007330762127,1.0146000400165436,0.01460004001654358,0.0025758448593727534,0.11843313326893597,0.0006348626282730444,-0.15965587370345927,2,2
158,0.1580000000000001,ramp,15.8,0.13340329385807687,0.0004357637529938674,1.0146226621889591,0.014622662188959135,0.00041377922814854706,0.11884691249708451,0.0006372555614964941,-0.02198452484532032,2,2
159,0.1590000000000001,ramp,15.9,0.13616697082064116,0.0027636769625642987,1.014782675101724,0.01478267510172393,0.002604317474656561,0.12145122997174107,0.0006394493948046644,-0.15935948790773763,2,2
160,0.16000000000000011,ramp,16.0,0.13661258666030485,0.00044561583966368223,1.0148055499757251,0.01480554997572514,0.0004233831965804887,0.12187461316832156,0.0006418316099068422,-0.022232643083193535,2,2
161,0.16100000000000012,ramp,16.1,0.13940434931879012,0.0027917626584852695,1.0149652722797893,0.014965272279789277,0.002632698298433674,0.12450731146675523,0.0006440152546570238,-0.1590643600515953,2,2
162,0.16200000000000012,ramp,16.2,0.13985990789435318,0.00045555857556306423,1.0149883989360915,0.014988398936091496,0.00043307871289717786,0.1249403901796524,0.000646386964111179,-0.02247986266588637,2,2
163,0.16300000000000012,ramp,16.3,0.14267966628732986,0.0028197583929766845,1.0151478318615097,0.015147831861509697,0.0026609879104980286,0.12760137809015043,0.0006485606317414012,-0.1587704824786559,2,2
164,0.16400000000000012,ramp,16.4,0.14314525766991432,0.00046559138258445154,1.0151712093821248,0.015171209382124795,0.0004428651980885721,0.128044243288239,0.000650922041377525,-0.02272618449587944,2,2
165,0.16500000000000012,ramp,16.5,0.14599292240503253,0.002847664735118216,1.015330354151845,0.015330354151845027,0.002689186887479311,0.1307334301757183,0.0006530859367096347,-0.158477847638905,2,2
166,0.16600000000000012,ramp,16.6,0.14646863609089714,0.00047571368586460383,1.0153539816201604,0.01535398162016044,0.0004527420763236073,0.13118617225204193,0.0006554372459997668,-0.022971609540996554,2,2
167,0.16700000000000012,ramp,16.7,0.1493441183418759,0.0028754822509787503,1.0155128394500708,0.015512839450070759,0.002717295802860151,0.13390346805490208,0.0006575915675220061,-0.15818644811859936,2,2
168,0.16800000000000012,ramp,16.8,0.14983004325566457,0.0004859249137886823,1.0155367159509259,0.015536715950925872,0.0004627087749323526,0.13436617682983443,0.0006599329698500526,-0.023216138856329702,2,2
169,0.16900000000000012,ramp,16.9,0.15273325475925967,0.002903211503595099,1.0156952880500112,0.01569528805001119,0.002745315226994444,0.13711149205682888,0.0006620779099840397,-0.15789627660065494,2,2
170,0.17000000000000012,ramp,17.0,0.15322947925722138,0.000496224497961717,1.0157194126697418,0.01571941266974175,0.0004727647243886778,0.13758425678121755,0.0006644095929010636,-0.023459773573039154,2,2
171,0.17100000000000012,ramp,17.1,0.1561603323102197,0.0029308530529983112,1.015877700240137,0.015877700240136905,0.0027732457271199247,0.14035750250833748,0.0006665453382545559,-0.1576073258783865,2,2
172,0.17200000000000013,ramp,17.2,0.1566669441834138,0.0005066118731940905,1.0159020720666623,0.015902072066662276,0.0004829093582956202,0.1408404118666331,0.0006688674837205635,-0.023702514898470334,2,2
173,0.17300000000000013,ramp,17.3,0.15962535163964015,0.0029584074562263585,1.0160600763037695,0.016060076303769488,0.0028010878673738896,0.143641499734007,0.000670994215327135,-0.1573195888524689,2,2
174,0.17400000000000013,ramp,17.4,0.1601424381171199,0.0005170864774797501,1.0160846944266535,0.0160846944266535,0.0004931421133680051,0.144134641847375,0.0006733069999399432,-0.023944364111745012,2,2
175,0.17500000000000013,ramp,17.5,0.16312831338444744,0.002985875267327548,1.0162424165192183,0.016242416519218317,0.002828842208811645,0.14696348405618664,0.0006754248934859241,-0.15703305851590305,2,2
176,0.17600000000000013,ramp,17.6,0.16365596113641354,0.0005276477519660927,1.0162672800297035,0.016267280029703457,0.0005034624294141828,0.14746694648560082,0.000677728488698522,-0.024185322551909905,2,2
177,0.17700000000000013,ramp,17.7,0.1666692181737992,0.0030132570373856693,1.0164247211599071,0.01642472115990712,0.002856509309420355,0.15032345579502118,0.000679837714738391,-0.1567477279653144,2,2
178,0.17800000000000013,ramp,17.8,0.16720751331474276,0.0005382951409435566,1.0164498291509623,0.01644982915096227,0.0005138697493212486,0.15083732554434243,0.0006821322870647624,-0.024425391622307942,2,2
179,0.17900000000000013,ramp,17.9,0.17024806662927364,0.003040553314530875,1.0166069904945116,0.016606990494511642,0.0028840897241364403,0.15372141526847888,0.0006842330112253319,-0.15646359039443464,2,2
180,0.18000000000000013,ramp,18.0,0.17079709472110088,0.0005490280918272472,1.0166323420609291,0.016632342060929117,0.0005243635190377621,0.15424577878751664,0.0006865187224362692,-0.02466457278948509,2,2
181,0.18100000000000013,ramp,18.1,0.17386485936503215,0.00306776464393127,1.0167892247871035,0.01678922478710354,0.002911584004857622,0.15715736279237424,0.0006886111056108465,-0.15618063907364785,2,2
182,0.18200000000000013,ramp,18.2,0.17442470542017793,0.0005598460551457796,1.0168148190255075,0.01681481902550752,0.0005349431875602298,0.15769230597993447,0.0006908881129196994,-0.024902867585549774,2,2
183,0.18300000000000013,ramp,18.3,0.177519596988006,0.0030948915678280786,1.0169714242973102,0.016971424297310245,0.002938992700461332,0.1606312986803958,0.000692972311452321,-0.1558988673667468,2,2
184,0.18400000000000014,ramp,18.4,0.17809034547250516,0.0005707484844991451,1.0169972603061896,0.016997260306189643,0.0005456082069137614,0.16117690688730957,0.0006952407676913982,-0.02514027758538371,2,2
185,0.18500000000000014,ramp,18.5,0.18121228009805754,0.0031219346255523805,1.0171535892803485,0.01715358928034849,0.002966316356819075,0.16414322324412864,0.0006973169335523325,-0.15561826873330573,2,2
186,0.18600000000000014,ramp,18.6,0.1817940149346076,0.0005817348365500519,1.0171796661601429,0.01717966616014288,0.0005563580321373003,0.16469958127626594,0.0006995769873408774,-0.0253768044127516,2,2
187,0.18700000000000014,ramp,18.7,0.1849429092881219,0.0031488943535143143,1.0173357199872017,0.017335719987201736,0.002993555516811259,0.1676931367930772,0.0007016452682931386,-0.15533883670305546,2,2
188,0.18800000000000014,ramp,18.8,0.18553571385913847,0.0005928045710165697,1.017362036840329,0.01736203684032911,0.0005671921212697809,0.168260328914347,0.0007038970641971512,-0.0256124497467888,2,2
189,0.18900000000000014,ramp,18.9,0.1887114851443662,0.0031757712852277242,1.0175178166647525,0.017517816664752495,0.0030207107203437298,0.17128103963469074,0.0007059576039553354,-0.15506056488399445,2,2
190,0.19000000000000014,ramp,19.0,0.1893154422950301,0.0006039571506639141,1.0175443725956264,0.017544372595626356,0.0005781099353300501,0.1718591495700208,0.0007082012826395243,-0.025847215333863978,2,2
191,0.19100000000000014,ramp,19.1,0.192518008246359,0.003202565951328895,1.0176998795558494,0.017699879555849396,0.003047782504361869,0.17490693207438265,0.0007102542210207311,-0.15478344696702623,2,2
192,0.19200000000000014,ramp,19.2,0.193133200287593,0.0006151920412340028,1.017726673670933,0.017726673670932946,0.0005891109383054623,0.17549604301268812,0.0007124899193934201,-0.026081102928540538,2,2
193,0.19300000000000014,ramp,19.3,0.1963624791671772,0.0032292788795841854,1.0178819088993967,0.01788190889939667,0.003074771402866521,0.17857081441555464,0.0007145353924614377,-0.15450747671766438,2,2
194,0.19400000000000014,ramp,19.4,0.19698898787865968,0.0006265087114824819,1.0179089403072596,0.017908940307259646,0.0006001945971339415,0.1791710090126886,0.0007167632438125427,-0.02631411434854034,2,2
195,0.19500000000000015,ramp,19.5,0.20024489847356725,0.0032559105949075684,1.0180639049305473,0.018063904930547325,0.003101677946928094,0.18227268695961668,0.0007188013840149203,-0.15423264797947456,2,2
196,0.19600000000000015,ramp,19.6,0.20088280510671422,0.0006379066331469729,1.0180911727418316,0.018091172741831585,0.0006113603816887532,0.18288404734130542,0.000721021518147673,-0.026546251458219712,2,2
197,0.19700000000000015,ramp,19.7,0.20416526672606253,0.003282461619348309,1.0182458678806643,0.01824586788066429,0.0031285026647009154,0.18601255000600633,0.0007230524544466933,-0.15395895464739373,2,2
198,0.19800000000000015,ramp,19.8,0.20481465200697418,0.0006493852809116574,1.0182733712082244,0.018273371208224365,0.000622607764765676,0.186635157770772,0.0007252649978030276,-0.026777516145981388,2,2
199,0.19900000000000015,ramp,19.9,0.20812358447912224,0.0033089324721480573,1.0184277979775584,0.018427797977558447,0.0031552460814386397,0.18979040385221063,0.0007272888558004005,-0.15368639070941761,2,2
200,0.20000000000000015,ramp,20.0,0.2087845286115335,0.0006609441324112453,1.0184555359363696,0.018455535936369616,0.0006339362220650523,0.1904243400742757,0.0007294939315808641,-0.027007910346192966,2,2
201,0.20100000000000015,ramp,20.1,0.21211985228124552,0.003335323669712037,1.0186096954454522,0.018609695445452212,0.0031819087195114216,0.19360624879378713,0.0007315108336373331,-0.15341495020061538,2,2
202,0.20200000000000015,ramp,20.2,0.2127924349494436,0.0006725826681980851,1.01863766715273,0.018637667152729964,0.000645345232174563,0.1942515940259617,0.0007337085619153595,-0.027237436023522136,2,2
203,0.20300000000000015,ramp,20.3,0.21615407067510797,0.0033616357256643636,1.0187915605051483,0.018791560505148297,0.00320849109841745,0.19746008512437915,0.0007357186272640471,-0.15314462724691372,2,2
204,0.20400000000000015,ramp,20.4,0.21683837104685005,0.0006843003717420804,1.0188197650803432,0.01881976508034322,0.0006568342765608017,0.19811691940093995,0.0007379091250954112,-0.027466095181278627,2,2
205,0.20500000000000015,ramp,20.5,0.22022624019764164,0.0033878691507915892,1.0189733933740988,0.018973393374098757,0.00323499373479813,0.20135191313573808,0.0007399124699510291,-0.1528754159934591,2,2
206,0.20600000000000016,ramp,20.6,0.22092233692704957,0.0006960967294079301,1.0190018299389045,0.019001829938904535,0.000668402839548233,0.2020203159752863,0.0007420958514782438,-0.02769388985969707,2,2
207,0.20700000000000016,ramp,20.7,0.22433636138019544,0.0034140244531458697,1.0191551942664518,0.019155194266451847,0.003261417142452395,0.2052817331177387,0.0007440925891407153,-0.15260731069347477,2,2
208,0.20800000000000016,ramp,20.8,0.22504433261060833,0.0007079712304128849,1.0191838619448854,0.019183861944885416,0.00068005040830759,0.2059617835260463,0.000746268965692845,-0.027920822105294934,2,2
209,0.20900000000000016,ramp,20.9,0.22848443474859811,0.0034401021379897867,1.0193369633931817,0.019336963393181694,0.003287761832353971,0.20924954535840026,0.0007482592066471755,-0.15234030563581563,2,2
210,0.21000000000000016,ramp,21.0,0.2292043581154659,0.0007199233668677973,1.0193658613115506,0.019365861311550603,0.0006917764728390315,0.20994132183123929,0.0007504286868351822,-0.02814689402876589,2,2
211,0.21100000000000016,ramp,21.1,0.2326704608232952,0.003466102707829294,1.0195187009621258,0.019518700962125823,0.003314028312663833,0.21325535014390312,0.0007524125388464607,-0.15207439516546098,2,2
212,0.21200000000000016,ramp,21.2,0.2334024134569909,0.0007319526336956872,1.019547828249062,0.019547828249061983,0.000703580525955902,0.21395893066985902,0.0007545752286548629,-0.028372107739785223,2,2
213,0.21300000000000016,ramp,21.3,0.2368944401194389,0.0034920266624479945,1.0197004071780849,0.019700407178084856,0.003340217088744927,0.21729914775860396,0.0007565527968591583,-0.1518095737030674,2,2
214,0.21400000000000016,ramp,21.4,0.23763849864809802,0.0007440585286591361,1.0197297629645707,0.01972976296457074,0.0007154620632768666,0.2180146098218808,0.0007587087997335467,-0.028596465382269485,2,2
215,0.21500000000000016,ramp,21.5,0.24115637314697572,0.0035178744988776933,1.0198820822428667,0.019882082242866694,0.0033663286631724506,0.22138093848505327,0.0007606801867253732,-0.15154583570524274,2,2
216,0.21600000000000016,ramp,21.6,0.2419126136993154,0.0007562405523396931,1.019911665662287,0.01991166566228708,0.0007274205832062296,0.22210835906825951,0.0007628296036559718,-0.028819969133463498,2,2
217,0.21700000000000016,ramp,21.7,0.24545626041076235,0.0035436467114469405,1.020063726355386,0.020063726355386002,0.0033923635357552147,0.22550072260401474,0.0007647949095717204,-0.1512831756917258,2,2
218,0.21800000000000017,ramp,21.8,0.24622475861886917,0.0007684982081068159,1.0200935365434918,0.020093536543491775,0.0007394555869170752,0.2262401781909318,0.0007669378391739513,-0.029042621189740662,2,2
219,0.21900000000000017,ramp,21.9,0.24979410241064828,0.003569343791779117,1.0202453397117048,0.020245339711704835,0.0034183222035455967,0.2296585003944774,0.0007688971617720707,-0.15102158823352035,2,2
220,0.22000000000000017,ramp,22.0,0.25057493341274567,0.0007808310020973874,1.0202753758066705,0.020275375806670493,0.0007515665783426011,0.23041006697282002,0.0007710337003633005,-0.029264423754786342,2,2
221,0.22100000000000017,ramp,22.1,0.25416989964156245,0.003594966228816776,1.0204269225051201,0.020426922505120126,0.003444205160854176,0.23385427213367418,0.0007729871351009372,-0.15076106796260008,2,2
222,0.22200000000000017,ramp,22.2,0.25496313808481147,0.0007932384432490225,1.02045718364754,0.02045718364754001,0.0007637530641580151,0.2346180251978322,0.0007751173767745771,-0.029485379091007385,2,2
223,0.22300000000000017,ramp,22.3,0.25858365259361027,0.0036205145087988,1.0206084749262068,0.020608474926206766,0.003470012899264014,0.23808803809709622,0.0007770650168814048,-0.15050160953478586,2,2
224,0.22400000000000017,ramp,22.4,0.25938937263680906,0.0008057200431987876,1.0206389602591295,0.02063896025912948,0.0007760145537679509,0.23886405265086416,0.0007791890535773595,-0.029705489430836774,2,2
225,0.22500000000000017,ramp,22.5,0.26303536175213643,0.003645989115327375,1.0207899971628867,0.020789997162886653,0.0034957459076425646,0.24235979855850673,0.0007811309901259849,-0.1502432076848103,2,2
226,0.22600000000000017,ramp,22.6,0.2638536370684952,0.000818275316358752,1.0208207058318117,0.020820705831811726,0.0007883505592929599,0.2431481491177997,0.0007832489116988779,-0.029924757065792076,2,2
227,0.22700000000000017,ramp,22.7,0.2675250275978414,0.00367139052934623,1.0209714894005153,0.020971489400515297,0.0035214046721611008,0.2466695537899608,0.0007851852336728864,-0.14998585718512936,2,2
228,0.22800000000000017,ramp,22.8,0.26835593137768393,0.0008309037798425178,1.0210024205534238,0.02100242055342383,0.0008007605955514615,0.24747031438551226,0.0007872971279570762,-0.030143184291056318,2,2
229,0.22900000000000018,ramp,22.9,0.2720526506068414,0.0036967192291574857,1.021152951821868,0.02115295182186805,0.0035469896763016505,0.2510173040618139,0.0007892279223160428,-0.14972955285583525,2,2
230,0.23000000000000018,ramp,23.0,0.2728962555603141,0.0008436049534726875,1.0211841046092143,0.02118410460921427,0.0008132441800491507,0.251830548241863,0.0007913338751883976,-0.030360773423536803,2,2
231,0.23100000000000018,ramp,23.1,0.27661823125073703,0.0037219756904229295,1.0213343846072769,0.02133438460727688,0.0035725014008782326,0.25540304964274124,0.0007932592269303254,-0.14947428954469694,2,2
232,0.23200000000000018,ramp,23.2,0.2774746096104893,0.0008563783597522745,1.0213657581820068,0.02136575818200681,0.0008258008329655969,0.2562288504757068,0.000795359322370386,-0.030577526786677595,2,2
233,0.23300000000000018,ramp,23.3,0.2812217699967048,0.0037471603862154756,1.021515787934621,0.021515787934621056,0.0035979403240409733,0.2598267907997478,0.0007972793145919622,-0.14922006217450234,2,2
234,0.23400000000000018,ramp,23.4,0.28209099393060416,0.0008692239338993768,1.021547381478317,0.021547381478316918,0.0008384304605346538,0.26066522126028246,0.0007993736614995687,-0.030793473364722948,2,2
235,0.23500000000000018,ramp,23.5,0.2858632669174434,0.0037722729868392424,1.0216971619732989,0.02169716197329885,0.0036233061533360662,0.2642885274136185,0.0008012883424474515,-0.14896683350317613,2,2
236,0.23600000000000018,ramp,23.6,0.2867454081058968,0.0008821411884534225,1.0217289746502534,0.021728974650253363,0.000851132593790597,0.26513966000740913,0.0008033769994100352,-0.031008594662825503,2,2
237,0.23700000000000018,ramp,23.7,0.29054272285597393,0.0037973147500771076,1.0218785069029033,0.021878506902903272,0.003648600119301708,0.2687882601267108,0.0008052864831473259,-0.14871463077539968,2,2
238,0.23800000000000018,ramp,23.8,0.2914378521264698,0.0008951292704958425,1.0219105378734579,0.02191053787345787,0.0008639063834039325,0.26965216651011475,0.0008073695234702195,-0.031222887091909932,2,2
239,0.23900000000000018,ramp,23.9,0.29526013826671876,0.003822286140248987,1.0220598228941962,0.022059822894196168,0.003673822691234801,0.27332598920134954,0.0008092738868900227,-0.14846344901418623,2,2
240,0.24000000000000019,ramp,24.0,0.2961683259797064,0.0009081877129876181,1.0220920713213115,0.022092071321311524,0.0008767513598755064,0.27420274056122507,0.0008113513872801962,-0.03143635311211174,2,2
241,0.2410000000000002,ramp,24.1,0.3000155135998775,0.003847187620171111,1.022241110115824,0.02224111011582397,0.0036989743368479305,0.27790171489807297,0.0008132507063403099,-0.14821328332318034,2,2
242,0.2420000000000002,ramp,24.2,0.30093682965145574,0.000921316051578247,1.0222735751650196,0.0222735751650196,0.0008896670564354734,0.2787913819545084,0.0008153227420708885,-0.03164899514277364,2,2
243,0.2430000000000002,ramp,24.3,0.3048088493015804,0.0038720196501246806,1.0224223687342944,0.022422368734294373,0.0037240555212934043,0.2825154374758018,0.0008172170911611474,-0.14796412883127638,2,2
244,0.2440000000000002,ramp,24.4,0.30574336312610184,0.0009345138245214213,1.0224550495736555,0.022455049573655517,0.0009026530089141283,0.28341809048471595,0.0008192837359523854,-0.031860815607292946,2,2
245,0.2450000000000002,ramp,24.5,0.30964014581396004,0.0038967826878582024,1.0226035989139806,0.02260359891398056,0.003749066707147103,0.28716715719186303,0.0008211731878909274,-0.14771598071109923,2,2
246,0.2460000000000002,ramp,24.6,0.3105879263865824,0.0009477805726223476,1.0226364947141418,0.022636494714141753,0.0009157087557251609,0.2880828659475882,0.0008232345139357749,-0.03207181689718667,2,2
247,0.2470000000000002,ramp,24.7,0.3145094035751641,0.003921477188581712,1.0227848008171214,0.02278480081712142,0.0037740083544195815,0.2918568743020078,0.0008251191400057602,-0.14746883416213086,2,2
248,0.2480000000000002,ramp,24.8,0.31547051941447607,0.0009611158393119656,1.0228179107513273,0.02281791075132733,0.0009288338378428994,0.2927857081398507,0.0008271752180084935,-0.0322820014690662,2,2
249,0.2490000000000002,ramp,24.9,0.3194166230194756,0.003946103604999529,1.0229659746039736,0.02296597460397365,0.0037988809205711984,0.2965845890604219,0.0008290550879989212,-0.14722268442833064,2,2
250,0.25000000000000017,ramp,25.0,0.3203911421900265,0.0009745191705509137,1.0229992978480162,0.022999297848016242,0.000942027798795263,0.29752661685921716,0.0008311059872162901,-0.03249137175565073,2,2
251,0.25100000000000017,ramp,25.1,0.3243618045773205,0.003970662387293988,1.023147120432765,0.0231471204327649,0.0038236848605225733,0.30135030171973975,0.0008329811694637924,-0.14697752677141507,2,2
252,0.25200000000000017,ramp,25.2,0.3253497946921711,0.0009879901148506232,1.0231806561650199,0.023180656165019853,0.0009552901846477665,0.3023055919043875,0.0008350269577449321,-0.03269993020285666,2,2
253,0.25300000000000017,ramp,25.3,0.32934494867536435,0.003995153983193223,1.0233282384597304,0.02332823845973042,0.0038484206266667462,0.30615401253105423,0.0008368975191738985,-0.14673335652647632,2,2
254,0.25400000000000017,ramp,25.4,0.3303464768986319,0.0010015282232675449,1.0233619858611798,0.023361985861179768,0.0009686205439919613,0.30712263307504617,0.0008389382629999224,-0.03290767927558358,2,2
255,0.25500000000000017,ramp,25.5,0.33436605573654493,0.00401957883791304,1.0235093288392152,0.023509328839215193,0.0038730886688867106,0.31099572174393286,0.0008408042691623185,-0.1464901690263298,2,2
256,0.25600000000000017,ramp,25.6,0.3353811887859083,0.0010151330493633481,1.0235432870934125,0.02354328709341247,0.0009820184279297022,0.3119777401718626,0.0008428400336836667,-0.03311462143364596,2,2
257,0.2570000000000002,ramp,25.7,0.3394251261801359,0.004043937394227648,1.023690391723619,0.023690391723619086,0.0038976894345599676,0.31587542960642256,0.0008447015487966041,-0.14624795966768034,2,2
258,0.2580000000000002,ramp,25.8,0.34045393032935367,0.0010288041492177435,1.023724560016761,0.023724560016761043,0.0009954833900655466,0.3168709129964881,0.0008467323978702237,-0.03332075915219693,2,2
259,0.2590000000000002,ramp,25.9,0.34452216042180106,0.004068230092447389,1.0238714272635487,0.02387142726354874,0.003922223368580744,0.32079313636506884,0.0008485894848531834,-0.14600672386664518,2,2
260,0.2600000000000002,ramp,26.0,0.3455647015031905,0.0010425410813894587,1.0239058047843934,0.023905804784393414,0.0010090149864856184,0.3218021513515545,0.0008506154810778154,-0.033526094903840294,2,2
261,0.2610000000000002,ramp,26.1,0.349657158873635,0.004092457370444502,1.0240524356077643,0.024052435607764266,0.003946690913367287,0.3257488422649218,0.0008524682015874985,-0.14576645707721492,2,2
262,0.2620000000000002,ramp,26.2,0.3507135022805725,0.0010563434069374988,1.0240870215477003,0.02408702154770026,0.001022612775753038,0.32677145504067484,0.0008544894063378563,-0.03373063118446086,2,2
263,0.2630000000000002,ramp,26.3,0.35483012194423624,0.004116619663663723,1.0242334169032434,0.024233416903243432,0.003971092508872709,0.33074254754954757,0.0008563378208032387,-0.14552715479101452,2,2
264,0.2640000000000002,ramp,26.4,0.35590033263361,0.0010702106893737406,1.0242682104562553,0.024268210456255268,0.0010362763188913318,0.3317788238684389,0.000858354294263085,-0.03393437048240886,2,2
265,0.2650000000000002,ramp,26.5,0.3600410500387364,0.004140717405126393,1.0244143712952167,0.02441437129521673,0.003995428592604819,0.3357742524610437,0.0008601984619180078,-0.14528881252157383,2,2
266,0.2660000000000002,ramp,26.6,0.3611251925334029,0.0010841424946665401,1.0244493716579064,0.024449371657906394,0.0010500051793688949,0.33682425764041257,0.000862210263112005,-0.03413731529764525,2,2
267,0.2670000000000002,ramp,26.7,0.3652899435588627,0.0041647510254597675,1.0245952989271807,0.02459529892718071,0.004019699599631252,0.34084395724004385,0.0008640502420274873,-0.14505142582851588,2,2
268,0.2680000000000002,ramp,26.8,0.3663880819500643,0.0010981383912015974,1.0246305052988036,0.024630505298803618,0.001063798923091374,0.34190775616313523,0.0008660574288521392,-0.03433946811022331,2,2
269,0.2690000000000002,ramp,26.9,0.3705768029029616,0.004188720952897296,1.0247761999409815,0.024776199940981458,0.004043905962597854,0.3459516621257331,0.0008678932759670502,-0.14481499029944145,2,2
270,0.2700000000000002,ramp,27.0,0.3716890008528152,0.0011121979498536216,1.0248116115233838,0.024811611523383847,0.0010776571183877248,0.3470293192441208,0.0008698959052207272,-0.03454083146589679,2,2
271,0.2710000000000002,ramp,27.1,0.37590162846609143,0.004212627613276232,1.024957074476808,0.02495707447680795,0.004068048111735361,0.3510973673558561,0.0008717276763717734,-0.14457950154087104,2,2
272,0.2720000000000002,ramp,27.2,0.37702794920992855,0.001126320743837117,1.024992690474432,0.024992690474431978,0.0010915793359953345,0.35218894669185147,0.0008737258037829005,-0.03474140784178251,2,2
273,0.2730000000000002,ramp,27.3,0.3812644206400146,0.004236471430086042,1.0251379226731945,0.02513792267319448,0.004092126474875956,0.3562810731667274,0.0008755535537335059,-0.14434495521008575,2,2
274,0.2740000000000002,ramp,27.4,0.38240492698882916,0.001140506348814574,1.0251737422931457,0.02517374229314573,0.0011055651490517896,0.3573866383157792,0.0008775472339889841,-0.03494119976278436,2,2
275,0.2750000000000002,ramp,27.5,0.3866651798132792,0.004260252824450028,1.0253187446671115,0.02531874466711148,0.004116141477463809,0.361502779793243,0.0008793710164573193,-0.144111346986219,2,2
276,0.2760000000000002,ramp,27.6,0.3878199341561095,0.0011547543428302998,1.0253547671191217,0.025354767119121657,0.0011196141330786238,0.3626223939263217,0.0008813603032293537,-0.035140209751676005,2,2
277,0.2770000000000002,ramp,27.7,0.39210390637124204,0.004283972215132548,1.0254995405939857,0.025499540593985737,0.0041400935425680374,0.36676248746888973,0.0008831801709150345,-0.14387867256451023,2,2
278,0.2780000000000002,ramp,27.8,0.3932729706775405,0.001169064306298484,1.025535765090373,0.02553576509037292,0.0011337258659695558,0.3678962133348593,0.0008851651168869019,-0.03533844032892826,2,2
279,0.2790000000000002,ramp,27.9,0.3975806006961207,0.0043076300185802,1.0256803105876526,0.025680310587652633,0.004163983090896005,0.3720601964257553,0.0008869811214973726,-0.14364692768419496,2,2
280,0.2800000000000002,ramp,28.0,0.39876403651811876,0.0011834358219980357,1.0257167363434034,0.025716736343403435,0.001147899927980756,0.37320809635373603,0.0008889617783890269,-0.03553589401727964,2,2
281,0.2810000000000002,ramp,28.1,0.4030952631670509,0.004331226648932152,1.0258610547804914,0.025861054780491388,0.004187810540801701,0.3773959068945377,0.0008907739706647522,-0.14341610813045028,2,2
282,0.2820000000000002,ramp,28.2,0.40429313164209674,0.0011978684750458268,1.025897681013188,0.0258976810131879,0.0011621359017142663,0.378558042796252,0.0008927503892566326,-0.03573257333156052,2,2
283,0.2830000000000002,ramp,28.3,0.4086478941600714,0.004354762517974675,1.0260417733033755,0.026041773303375537,0.004211576308305656,0.38276961910455765,0.0008945588189956802,-0.14318620966901913,2,2
284,0.2840000000000002,ramp,28.4,0.4098602560129861,0.0012123618529146785,1.026078599233256,0.02607859923325595,0.0011764333721092186,0.38394605247666685,0.0008965310491529436,-0.03592848080545986,2,2
285,0.2850000000000002,ramp,28.5,0.41423849404822827,0.004378238035242177,1.0262224662857524,0.02622246628575242,0.004235280807094834,0.3881813332837617,0.0008983357652344398,-0.14295722814734302,2,2
286,0.2860000000000002,ramp,28.6,0.41546540959364187,0.0012269155454135983,1.0262594911356497,0.026259491135649737,0.001190791926433856,0.38937212521019554,0.0009003038559293382,-0.036123618979742346,2,2
287,0.2870000000000002,ramp,28.7,0.41986706320159345,0.004401653607951583,1.0264031338556097,0.026403133855609662,0.004258924448543838,0.3936310496587394,0.000902104906336525,-0.1427291594077451,2,2
288,0.2880000000000002,ramp,28.8,0.42110859234621534,0.001241529144621889,1.0264403568509983,0.026440356850998326,0.0012052111542619217,0.3948362608130013,0.0009040689056707988,-0.03631799035996733,2,2
289,0.2890000000000002,ramp,28.9,0.42553360198727136,0.004425009641056021,1.0265837761395529,0.026583776139552873,0.004282507641725848,0.39911876845472716,0.0009058663375130368,-0.14250199933017305,2,2
290,0.2900000000000002,ramp,29.0,0.4267898042322446,0.001256202244973248,1.026621196508533,0.026621196508533007,0.0012196906474721914,0.40033845910219934,0.0009078262927390515,-0.036511597501056585,2,2
291,0.2910000000000002,ramp,29.1,0.4312381107694663,0.004448306537221669,1.0267643932628014,0.026764393262801445,0.0043060307934220336,0.40464448989562135,0.0009096201522737934,-0.14227574379963545,2,2
292,0.2920000000000002,ramp,29.2,0.4325090452126147,0.0012709344431484082,1.0268020102360988,0.02680201023609885,0.0012342300002291882,0.40587871989585056,0.0009115761098156765,-0.036704442919219996,2,2
293,0.2930000000000002,ramp,29.3,0.4369805899095287,0.0044715446969140205,1.0269449853492323,0.026944985349232287,0.00432949430813304,0.4102082142039836,0.0009133664424687103,-0.14205038878098084,2,2
294,0.2940000000000002,ramp,29.4,0.43826631524765053,0.0012857253381218237,1.026982798160165,0.02698279816016491,0.00124882880897661,0.4114570430129602,0.0009153184479421198,-0.03689652914521356,2,2
295,0.2950000000000002,ramp,29.5,0.4427610397659509,0.004494724518300353,1.027125552521365,0.02712555252136495,0.004352898588091576,0.4158099416010518,0.0009171052983280574,-0.14182593020877626,2,2
296,0.2960000000000002,ramp,29.6,0.44406161429709984,0.001300574531148957,1.0271635604059322,0.027163560405932152,0.001263486672423968,0.41707342827347577,0.0009190533965599349,-0.037087858724989,2,2
297,0.2970000000000002,ramp,29.7,0.4485794606944574,0.004517846397357583,1.0273060949004424,0.027306094900442446,0.004376244033275982,0.42144967230675173,0.0009208368085019274,-0.141602364081601,2,2
298,0.2980000000000002,ramp,29.8,0.44989494232015853,0.0013154816257011093,1.0273442970972209,0.02734429709722086,0.001278203191529609,0.42272787549828134,0.0009227810435490668,-0.03727843417150036,2,2
299,0.2990000000000002,ramp,29.9,0.4544358530479901,0.004540910727831582,1.027486612606414,0.02748661260641394,0.00439953104142004,0.4271274065397014,0.0009245610600973765,-0.14137968641154183,2,2
300,0.3000000000000002,ramp,30.0,0.45576629927550244,0.0013304462275123274,1.0275250083565852,0.027525008356585223,0.0012929779694948918,0.4284203845091963,0.0009265014752649699,-0.037468258017435675,2,2
301,0.3010000000000002,ramp,30.1,0.4603302171767258,0.004563917901223347,1.0276671057579598,0.02766710575795983,0.004422760008025973,0.4328431445172223,0.0009282781387158339,-0.14115789319737396,2,2
302,0.3020000000000002,ramp,30.2,0.4616756851212979,0.0013454679445721318,1.0277056943053517,0.027705694305351747,0.0013078106117524236,0.4341509551289747,0.0009302147765751343,-0.03765733281970818,2,2
303,0.3030000000000002,ramp,30.3,0.4662625534281915,0.004586868306893588,1.0278475744724995,0.027847574472499526,0.004445931326373157,0.4385968864553479,0.0009319881284881609,-0.14093698052043083,2,2
304,0.3040000000000002,ramp,30.4,0.4676230998152439,0.0013605463870524082,1.027886355063539,0.027886355063539092,0.0013227007259505826,0.4399195871812985,0.0009339210308939898,-0.037845661101825516,2,2
305,0.3050000000000002,ramp,30.5,0.47223286214726273,0.004609762332018819,1.0280280188662452,0.028028018866245175,0.004469045387532901,0.4443886325688314,0.0009356911121097352,-0.14071694448591734,2,2
306,0.3060000000000002,ramp,30.6,0.4736085433145736,0.0013756811673108493,1.0280669907499969,0.028066990749996856,0.0013376479219480047,0.4457262804907794,0.0009376203202167235,-0.03803324536284466,2,2
307,0.3070000000000002,ramp,30.7,0.4782411436761033,0.004632600361529737,1.028208439054243,0.028208439054242973,0.004492102580373096,0.4502183830711525,0.0009393871708733657,-0.14049778115664094,2,2
308,0.3080000000000002,ramp,30.8,0.47963201557605484,0.001390871899951518,1.0282476014823165,0.02824760148231653,0.001352651811800008,0.45157103488295247,0.0009413127251525397,-0.03822008815151001,2,2
309,0.3090000000000002,ramp,30.9,0.48428739835434065,0.00465538277828581,1.028388835150295,0.028388835150295,0.004515103291577099,0.4560861381745296,0.0009430763847021274,-0.14027948670871163,2,2
310,0.3100000000000002,ramp,31.0,0.4856935165560867,0.001406118201746076,1.0284281873769616,0.028428187376961622,0.0013677120097432744,0.45745385018427287,0.0009449983249565468,-0.03840619200280162,2,2
311,0.3110000000000002,ramp,31.1,0.49037162651900923,0.004678109962922505,1.0285692072670725,0.02856920726707246,0.0045380479056556025,0.46199189808992847,0.0009467588321812346,-0.14006205726690285,2,2
312,0.3120000000000002,ramp,31.2,0.4917930462106041,0.0014214196915948718,1.0286087485491853,0.02860874854918527,0.0013828281321853287,0.4633747262221138,0.0009486771975610154,-0.03859155940954314,2,2
313,0.3130000000000002,ramp,31.3,0.4964938285045725,0.00470078229396842,1.028749555516108,0.028749555516107916,0.00456093680494861,0.4679356630270624,0.0009504345905877456,-0.13984548901980945,2,2
314,0.3140000000000002,ramp,31.4,0.4979306044952052,0.0014367759906326882,1.0287892851131277,0.028789285113127727,0.0013979997977031408,0.4693336628247656,0.0009523494196054227,-0.03877619292954747,2,2
315,0.3150000000000002,ramp,31.5,0.5026540046430109,0.004723400147805701,1.028929880007801,0.028929880007801057,0.004583770369647929,0.4739174331944135,0.0009541037359213412,-0.13962977815777222,2,2
316,0.3160000000000002,ramp,31.6,0.5041061913650905,0.0014521867220795848,1.0289697971817546,0.02896979718175463,0.0014132266270136045,0.4753306598214271,0.0009560150664657136,-0.038960095065980256,2,2
317,0.3170000000000002,ramp,31.7,0.5088521552638108,0.004745963898720285,1.0291101808514314,0.029110180851431355,0.004606548977799732,0.4799372087992268,0.000957766342932517,-0.13941492092055252,2,2
318,0.3180000000000002,ramp,31.8,0.5103198067751387,0.0014676515113278832,1.0291502848669822,0.029150284866982235,0.0014285082429832284,0.48136571704221004,0.0009596742122831254,-0.03914326834465482,2,2
319,0.31900000000000023,ramp,31.9,0.5150882806940066,0.0047684739188679215,1.029290458155201,0.029290458155200927,0.0046292730053198025,0.48599499004752983,0.0009614224851509313,-0.139200913548119,2,2
320,0.32000000000000023,ramp,32.0,0.516571450679857,0.0014831699858504077,1.0293307482795622,0.02933074827956217,0.001443844270599388,0.48743883431812923,0.0009633269299914358,-0.03932571525101965,2,2
321,0.32100000000000023,ramp,32.1,0.521362381258172,0.0047909305783150336,1.0294707120262432,0.029470712026243184,0.004651942826003961,0.4920907771441332,0.0009650722349127337,-0.13898775231107294,2,2
322,0.32200000000000023,ramp,32.2,0.5228611230334804,0.0014987417753083987,1.0295111875292526,0.029511187529252636,0.0014592343369693621,0.49355001148110256,0.0009669732913438983,-0.03950743833903655,2,2
323,0.32300000000000023,ramp,32.3,0.5276744572785096,0.004813334245029166,1.029650942570632,0.029650942570631944,0.004674558811537426,0.49822457029264,0.000968715663386692,-0.13877543349173974,2,2
324,0.32400000000000023,ramp,32.4,0.5291888237899078,0.0015143665113982463,1.029691602724645,0.029691602724644994,0.0014746780713083426,0.49969924836394836,0.0009706133669396221,-0.039688440089903715,2,2
325,0.32500000000000023,ramp,32.5,0.5340245090748308,0.004835685284922953,1.0298311498934158,0.029831149893415843,0.004697121331509566,0.5043963696954579,0.0009723528406005441,-0.13856395341338684,2,2
326,0.32600000000000023,ramp,32.6,0.5355545529027753,0.0015300438279445272,1.0298719939734076,0.029871993973407562,0.0014901751049198894,0.5058865448003778,0.00097424722624874,-0.03986872302463775,2,2
327,0.32700000000000023,ramp,32.7,0.5404125369645908,0.004857984061815479,1.030011334098574,0.030011334098573927,0.004719630753420915,0.5106061755537987,0.0009759838354651043,-0.13835330839456414,2,2
328,0.32800000000000024,ramp,32.8,0.5419583103254424,0.0015457733608515989,1.03005236138209,0.030052361382089998,0.0015057250712014365,0.5121119006250001,0.0009778749376371768,-0.040048289650162355,2,2
329,0.32900000000000024,ramp,32.9,0.5468385412629223,0.0048802309374799124,1.030191495289124,0.030191495289124015,0.00474208744269124,0.5168539880676913,0.0009796087157996928,-0.13814349478867213,2,2
330,0.33000000000000024,ramp,33.0,0.5484000960110079,0.001561554748085614,1.0302327050562812,0.030232705056281173,0.0015213276056215543,0.5183753156733129,0.000981496568390604,-0.04022714246405975,2,2
331,0.33100000000000024,ramp,33.1,0.5533025222826785,0.00490242627167059,1.0303716335670725,0.03037163356707251,0.004764491762677521,0.5231398074359904,0.0009832275483548428,-0.1379345089930692,2,2
332,0.33200000000000024,ramp,33.2,0.5548799099123287,0.0015773876296502065,1.0304130251005514,0.03041302510055144,0.0015369823457077852,0.5246767897816982,0.000985112184737613,-0.04040528394242131,2,2
333,0.33300000000000024,ramp,33.3,0.5598044803343841,0.004924570422055408,1.0305517490334828,0.03055174903348279,0.004786844074681288,0.5294636338563795,0.000986840398836036,-0.1377263473741194,2,2
334,0.33400000000000024,ramp,33.4,0.5613977519820442,0.0015932716476600994,1.0305933216184706,0.030593321618470615,0.0015526889310437076,0.5310163227874232,0.0009887218518727851,-0.040582716616391824,2,2
335,0.33500000000000024,ramp,33.5,0.5663444157263825,0.0049466637443382755,1.0307318417883977,0.030731841788397718,0.0048091447379594275,0.5358254675253826,0.0009904473319253722,-0.13751900637884798,2,2
336,0.33600000000000024,ramp,33.6,0.5679536221725631,0.0016092064461805666,1.0307735947127055,0.030773594712705465,0.0015684470032515413,0.5373939145286342,0.0009923256339782883,-0.040759442929025294,2,2
337,0.33700000000000024,ramp,33.7,0.5729223287647177,0.004968706592154648,1.0309119119309456,0.030911911930945557,0.004831394109732705,0.5422253086383668,0.0009940484113038616,-0.13731248242194322,2,2
338,0.33800000000000024,ramp,33.8,0.5745475204361248,0.0016251916714070669,1.030953844484907,0.0309538444849069,0.001584256205986798,0.5438095648443536,0.0009959235942458055,-0.04093546542026892,2,2
339,0.33900000000000025,ramp,33.9,0.5795382197532907,0.004990699317165892,1.0310919595593415,0.03109195955934152,0.004853592545200481,0.5486631573895541,0.0009976436996725223,-0.1371067719654114,2,2
340,0.34000000000000025,ramp,34.0,0.5811794467247549,0.0016412269714641825,1.0311340710358219,0.031134071035821886,0.0016001161849281279,0.5502632735744822,0.0009995157948971612,-0.04111078653605462,2,2
341,0.34100000000000025,ramp,34.1,0.5861920889937667,0.00501264226901188,1.0312719847708447,0.031271984770844696,0.004875740397542682,0.5551390139720249,0.0010012332587728528,-0.13690187146919805,2,2
342,0.34200000000000025,ramp,34.2,0.5878494009902848,0.001657311996518085,1.0313142744652615,0.03131427446526147,0.0016160265877591944,0.5567550405597841,0.0010031022972046553,-0.041285408758890516,2,2
343,0.34300000000000025,ramp,34.3,0.5928839367857102,0.005034535795425343,1.031451987661823,0.03145198766182311,0.0048978380179440905,0.5616528785777282,0.0010048171494070398,-0.13669777748125284,2,2
344,0.34400000000000025,ramp,34.4,0.5945573831844475,0.0016734463987373438,1.0314944548721159,0.031494454872115885,0.0016319870641663986,0.5632848656418946,0.0010066831615110935,-0.04145933457094515,2,2
345,0.34500000000000025,ramp,34.5,0.599613763426478,0.005056380242030478,1.0316319683277568,0.03163196832775683,0.0049198857555934955,0.5682047513974882,0.001008395431457272,-0.13649448643698273,2,2
346,0.34600000000000025,ramp,34.6,0.6013033932587479,0.0016896298322699455,1.0316746123544145,0.03167461235441449,0.0016479972658211476,0.5698527486633093,0.001010258447248618,-0.0416325664487978,2,2
347,0.34700000000000025,ramp,34.7,0.6063815692113829,0.0050781759526349335,1.0318119268632475,0.03181192686324752,0.004941883957697606,0.5747946326210068,0.001011968163904861,-0.13629199493732716,2,2
348,0.34800000000000025,ramp,34.8,0.6080874311646017,0.001705861953218868,1.0318547470092665,0.03185474700926649,0.001664056846380363,0.5764586894673872,0.0010138282129581809,-0.04180510683850485,2,2
349,0.34900000000000025,ramp,34.9,0.6131873544335955,0.005099923268993778,1.0319918633620184,0.031991863362018425,0.004963832969490624,0.5814225224368779,0.0010155354048490804,-0.1360902995031542,2,2
350,0.35000000000000026,ramp,35.0,0.614909496853269,0.0017221424196735002,1.032034858932926,0.032034858932926014,0.0016801654614638927,0.5831026878983417,0.0010173925163069603,-0.04197695820960757,2,2
351,0.35100000000000026,ramp,35.1,0.620031119384242,0.005121622530973036,1.032171777916968,0.0321717779169679,0.004985733134243645,0.5880884210325854,0.0010190972115245724,-0.1358893967293908,2,2
352,0.35200000000000026,ramp,35.2,0.6217695902759152,0.0017384708916731162,1.0322149482207987,0.032214948220798734,0.0016963227686593797,0.5897847438012448,0.0010209514141068365,-0.042148123013736445,2,2
353,0.35300000000000026,ramp,35.3,0.6269128643523784,0.0051432740764632,1.0323516706201168,0.03235167062011679,0.005007584793271908,0.5947923285945167,0.0010226536403195158,-0.13568928319129206,2,2
354,0.35400000000000026,ramp,35.4,0.6286677113835805,0.0017548470312021003,1.0323950149673908,0.032395014967390834,0.0017125284274927142,0.5965048570220094,0.001024504962331514,-0.04231860370938604,2,2
355,0.35500000000000026,ramp,35.5,0.6338325896250403,0.005164878241459836,1.0325315415626803,0.032531541562680344,0.005029388285962674,0.6015342453079721,0.001026204746792343,-0.13548995549716222,2,2
356,0.35600000000000026,ramp,35.6,0.6356038601272201,0.0017712705021798447,1.0325750592664458,0.03257505926644577,0.0017287820994305583,0.6032630274074026,0.001028053216133294,-0.042488402749286426,2,2
357,0.35700000000000026,ramp,35.7,0.6407902954872365,0.005186435360016395,1.032711390835054,0.03271139083505403,0.005051143949759041,0.6083141713571616,0.0010297505856885975,-0.1352914102573542,2,2
358,0.35800000000000026,ramp,35.8,0.6425780364576672,0.0017877409704306624,1.0327550812108486,0.03275508121084858,0.0017450834478677788,0.6100592548050293,0.0010315962298597236,-0.04265752256288357,2,2
359,0.35900000000000026,ramp,35.9,0.647785982222026,0.00520794576435879,1.0328912185268286,0.032891218526828636,0.005072852120190919,0.6151321069252202,0.0010332912109571398,-0.13509364416787115,2,2
360,0.36000000000000026,ramp,36.0,0.6495902403257228,0.0018042581036967764,1.0329350808926745,0.032935080892674495,0.0017614321381188658,0.6168935390633391,0.0010351340570694063,-0.04282596557791062,2,2
361,0.36100000000000027,ramp,36.1,0.6548196501104355,0.005229409784712757,1.0330710247267745,0.03307102472677448,0.005094513130866911,0.621988052194206,0.0010368266757658968,-0.13489665384584618,2,2
362,0.36200000000000027,ramp,36.2,0.6566404716821054,0.0018208215716698506,1.0331150584031883,0.03311505840318829,0.001777827837410103,0.6237658800316161,0.0010386667505480507,-0.04299373425974769,2,2
363,0.36300000000000027,ramp,36.3,0.661891299431592,0.005250827749486597,1.0332508095229094,0.033250809522909375,0.0051161273135022205,0.6288820073451183,0.001040357032517636,-0.1347004359843768,2,2
364,0.36400000000000027,ramp,36.4,0.6637287304774591,0.0018374310458670884,1.033295013832888,0.03329501383288802,0.0017942702148588216,0.6306762775599771,0.0010421943623232445,-0.043160831008266745,2,2
365,0.36500000000000027,ramp,36.5,0.6690009304626668,0.005272199985207782,1.0334305730024766,0.03343057300247665,0.005137694997915522,0.6358139725578926,0.001043882332864496,-0.1345049872922598,2,2
366,0.36600000000000027,ramp,36.6,0.6708550166623906,0.0018540861997237146,1.033474947271478,0.03347494727147793,0.001810758941475734,0.6376247314993684,0.001045716943679602,-0.04332725824798063,2,2
367,0.36700000000000027,ramp,36.7,0.676148543478904,0.005293526816513405,1.0336103152519662,0.03361031525196623,0.005159216512049162,0.6427839480114176,0.0010474026277232358,-0.13431030446424322,2,2
368,0.36800000000000027,ramp,36.8,0.6780193301874498,0.0018707867085457908,1.0336548588079084,0.03365485880790842,0.0018272936901438828,0.6446112417015615,0.0010492345451732182,-0.04349301840190795,2,2
369,0.36900000000000027,ramp,36.9,0.6833341387536955,0.005314808566245777,1.0337900363570802,0.03379003635708022,0.005180692181968107,0.6497919338835296,0.0010509179672889193,-0.13411638427766967,2,2
370,0.3700000000000003,ramp,37.0,0.6852216710031804,0.0018875322494849023,1.0338347485303656,0.03383474853036561,0.0018438741356230559,0.6516358080191527,0.0010527472166459023,-0.043658113861846405,2,2
371,0.3710000000000003,ramp,37.1,0.6905577165584834,0.005336045555302982,1.0339697364028055,0.03396973640280554,0.005202122331876011,0.6568379303510287,0.001054428401049399,-0.1339232234269707,2,2
372,0.3720000000000003,ramp,37.2,0.6924620390600924,0.0019043225016089904,1.0340146165262647,0.034014616526264696,0.0018604999545292892,0.658698430305558,0.0010562550072386347,-0.0438225470797012,2,2
373,0.3730000000000003,ramp,37.3,0.6978192771629329,0.0053572381028405,1.034149415473398,0.03414941547339789,0.005223507284120852,0.6639219375896788,0.001057933977798815,-0.13373081871964793,2,2
374,0.3740000000000003,ramp,37.4,0.6997404343086606,0.0019211571457277143,1.0341944628823359,0.03419446288233585,0.001877170825326879,0.6657991084150057,0.0010597579654052747,-0.0439863204008354,2,2
375,0.3750000000000003,ramp,37.5,0.7051188208347812,0.005378386526120549,1.034329073652382,0.034329073652382025,0.005244847359216867,0.6710439557742225,0.0010614347456507326,-0.13353916690368206,2,2
376,0.3760000000000003,ramp,37.6,0.7070568566993689,0.0019380358645877394,1.034374287684551,0.034374287684550975,0.0018938864283201185,0.6729378422025426,0.001063256138925837,-0.04414943626762082,2,2
377,0.3770000000000003,ramp,37.7,0.7124563478400213,0.005399491140652413,1.0345087110226165,0.034508711022616545,0.005266142875827446,0.6782039850783701,0.0010649307520511418,-0.13334826482496678,2,2
378,0.3780000000000003,ramp,37.8,0.7144113061826902,0.0019549583426689,1.0345540910181559,0.034554091018155875,0.0019106464456485708,0.6801146315240186,0.0010667495749187342,-0.04431189702032911,2,2
379,0.3790000000000003,ramp,37.9,0.719831858442764,0.005420552260073763,1.0346883276661758,0.0346883276661758,0.0052873941508119636,0.6854020256748306,0.0010684220437911652,-0.13315810926179966,2,2
380,0.3800000000000003,ramp,38.0,0.721803782709129,0.001971924266365055,1.0347338729677205,0.03473387296772046,0.0019274505612613792,0.687329476236092,0.0010702383198540574,-0.0444737051036757,2,2
381,0.3810000000000003,ramp,38.1,0.7272453529053771,0.0054415701962480245,1.034867923664524,0.03486792366452396,0.005308601499201655,0.6926380777352936,0.0010719086670195452,-0.1329686970463692,2,2
382,0.3820000000000003,ramp,38.2,0.7292342862291433,0.001988933323766262,1.0349136336170712,0.03491363361707123,0.001944298460929023,0.6945823761962227,0.0010737224195651682,-0.04463486283723915,2,2
383,0.3830000000000003,ramp,38.3,0.7346968314884358,0.005462545259292462,1.0350474990984022,0.03504749909840221,0.005329765234226369,0.699912141430449,0.0010753906672542112,-0.1327800250660923,2,2
384,0.3840000000000003,ramp,38.4,0.736702816693274,0.00200598520483819,1.0350933730493816,0.03509337304938165,0.0019611898322227962,0.7018733312626718,0.0010772019192607865,-0.04479537261539365,2,2
385,0.3850000000000003,ramp,38.5,0.7421862944507723,0.005483477757498356,1.0352270540478758,0.03522705404787585,0.005350885667317912,0.7072242169299897,0.001078868089394737,-0.1325920901804438,2,2
386,0.3860000000000003,ramp,38.6,0.7442093740520664,0.002023079601294109,1.035273091347159,0.03527309134715906,0.001978124364503344,0.7092023412944931,0.0010806768635366058,-0.04495523679076468,2,2
387,0.3870000000000003,ramp,38.7,0.7497137420493996,0.005504367997333115,1.0354065885923542,0.03540658859235424,0.005371963108122287,0.7145743044026154,0.0010823409777331264,-0.13240488921082827,2,2
388,0.3880000000000003,ramp,38.8,0.7517539582560879,0.0020402162066883722,1.0354527885921936,0.035452788592193585,0.0019951017489147765,0.7165694061515302,0.001084147296386657,-0.045114457773595684,2,2
389,0.3890000000000003,ramp,38.9,0.7572791745397385,0.005525216283650547,1.0355861028105888,0.03558610281058883,0.005392997864514196,0.7219624040160444,0.0010858093759656612,-0.13221841913635055,2,2
390,0.3900000000000003,ramp,39.0,0.7593365692559763,0.0020573947162377815,1.0356324648656436,0.03563246486564364,0.0020121216783785165,0.7239745256944229,0.001087613261214631,-0.04527303785926495,2,2
391,0.3910000000000003,ramp,39.1,0.76488259217536,0.005546022919383775,1.0357655967806958,0.035765596780695796,0.0054139902425876015,0.7293885159370105,0.0010892733272033742,-0.1320326767961736,2,2
392,0.3920000000000003,ramp,39.2,0.7669572070023799,0.0020746148270198717,1.0358121202480073,0.035812120248007284,0.002029183847578092,0.7314176997845886,0.001091074800844217,-0.0454309794417798,2,2
393,0.3930000000000003,ramp,39.3,0.7725239952082399,0.005566788205859985,1.0359450705801443,0.03594507058014429,0.005434940546691271,0.7368526403312798,0.001092732873983039,-0.13184765916871358,2,2
394,0.3940000000000003,ramp,39.4,0.7746158714460076,0.0020918762377677425,1.0359917548191262,0.0359917548191262,0.002046287952948245,0.7388989282842281,0.0010945319575299888,-0.04558828481949746,2,2
395,0.3950000000000003,ramp,39.5,0.7802033838886262,0.00558751244261857,1.036124524285765,0.03612452428576507,0.005455849079417793,0.7443547773636459,0.0010961880582773286,-0.13166336320077648,2,2
396,0.3960000000000003,ramp,39.6,0.7823125625376492,0.002109178649023047,1.0361713686582426,0.03617136865824255,0.002063433692674881,0.7464182110563208,0.0010979847729677068,-0.04574495634816593,2,2
397,0.3970000000000003,ramp,39.7,0.7879207584650931,0.005608195927443882,1.0363039579737787,0.03630395797377872,0.0054767161416239595,0.7518949271979447,0.0010996389215054202,-0.13147978581992248,2,2
398,0.3980000000000003,ramp,39.8,0.7900472802281634,0.002126521763070266,1.0363509618439264,0.03635096184392639,0.0020806207666769485,0.7539755479646216,0.0011014332883045625,-0.04590099639331744,2,2
399,0.3990000000000003,ramp,39.9,0.7956761191845731,0.005628838956409754,1.036483371719771,0.03648337171977101,0.005497542032422296,0.7594730899970439,0.0011030855045424893,-0.1312969239874581,2,2
400,0.4000000000000003,ramp,40.0,0.7978200244684045,0.002143905283831349,1.0365305344541287,0.03653053445412868,0.002097848876616532,0.7615709388736605,0.0011048775441485415,-0.0460564072148166,2,2
401,0.4010000000000003,ramp,40.1,0.8034694662923589,0.0056494418239544375,1.036662765598763,0.036662765598763025,0.005518327049211139,0.7670892659228716,0.0011065278477299977,-0.1311147747432989,2,2
402,0.4020000000000003,ramp,40.2,0.8056307952093981,0.002161328917039129,1.0367100865662355,0.036710086566235534,0.002115117725860516,0.7692043836487321,0.001108317580578614,-0.046211191178613296,2,2
403,0.4030000000000003,ramp,40.3,0.8113008000321402,0.0056700048227421584,1.036842139685118,0.03684213968511796,0.005539071487675795,0.7747434551364079,0.0011099659908849178,-0.1309333350663633,2,2
404,0.4040000000000003,ramp,40.4,0.8134795924022165,0.0021787923700762324,1.036889618256951,0.03688961825695092,0.002132427019482761,0.7768758821558907,0.001111753437153736,-0.04636535059347139,2,2
405,0.4050000000000003,ramp,40.5,0.8191701206459937,0.005690528243777249,1.0370214940526628,0.03702149405266275,0.005559775641797858,0.7824356577976885,0.0011133999733088204,-0.13075260197939043,2,2
406,0.4060000000000003,ramp,40.6,0.8213664159979789,0.002196295351985178,1.037069129602446,0.037069129602445905,0.0021497764642735948,0.7845854342619621,0.0011151851529225632,-0.046518887711583225,2,2
407,0.4070000000000003,ramp,40.7,0.8270774283743497,0.005711012376370839,1.0372008287746197,0.03720082877461972,0.005580439803858371,0.7901658740658205,0.001116829833797396,-0.1305725725124678,2,2
408,0.4080000000000003,ramp,40.8,0.829291265947963,0.0022138375736132643,1.037248620678295,0.03724862067829493,0.002167165768700583,0.7923330398345211,0.0011186127664316577,-0.046671804912681074,2,2
409,0.4090000000000003,ramp,40.9,0.8350227234561219,0.005731457508158955,1.0373801439236037,0.03738014392360367,0.005601064264456683,0.7979341040989778,0.0011202556106491592,-0.13039324370227137,2,2
410,0.4100000000000003,ramp,41.0,0.8372541422034823,0.0022314187473603253,1.0374280915594445,0.03742809155944449,0.0021845946429246347,0.8001186987419024,0.0011220363157352319,-0.04682410443569056,2,2
411,0.4110000000000003,ramp,41.1,0.8430060061286327,0.00575186392515048,1.037559439571719,0.03755943957171892,0.005621649312508541,0.805740348054411,0.0011236773416741412,-0.13021461264193893,2,2
412,0.4120000000000003,ramp,41.2,0.845255044715969,0.0022490385873362717,1.0376075423203008,0.037607542320300835,0.0022020627987769225,0.8079424108531879,0.0011254558384028832,-0.04697578855934921,2,2
413,0.4130000000000003,ramp,41.3,0.8510272766276222,0.005772231911653214,1.0377387157904705,0.0377387157904705,0.005642195235266109,0.813584606088454,0.0011270950642025199,-0.13003667638710523,2,2
414,0.4140000000000003,ramp,41.4,0.8532939734369872,0.0022666968093649764,1.0377869730346954,0.03778697303469536,0.0022195699497571655,0.8158041760382111,0.0011288713715286096,-0.04712685960781091,2,2
415,0.4150000000000003,ramp,41.5,0.8590865351873316,0.005792561750344372,1.0379179726507826,0.03791797265078256,0.005662702318314697,0.8214668783565258,0.001130508815092654,-0.1298594320296746,2,2
416,0.4160000000000003,ramp,41.6,0.8613709283181937,0.00228439313086215,1.0379663837758917,0.03796638377589168,0.002237115811023654,0.8237039941675495,0.0011322829517387127,-0.04727731983849605,2,2
417,0.4170000000000003,ramp,41.7,0.8671837820404559,0.005812853722262146,1.0380972102230999,0.038097210223099864,0.0056831708455906335,0.8293871650131401,0.0011339186307396639,-0.12968287667151218,2,2
418,0.4180000000000003,ramp,41.8,0.8694859093113381,0.0023021272708821927,1.0381457746166158,0.038145774616615835,0.002254700099373952,0.8316418651125141,0.001135690615200157,-0.04742717150824083,2,2
419,0.4190000000000003,ramp,41.9,0.8753190174181579,0.0058331081068198065,1.0382764285772996,0.038276428577299626,0.005703601099392602,0.8373454662119068,0.0011373245470826165,-0.12950700742720475,2,2
420,0.4200000000000003,ramp,42.0,0.8776389163683047,0.002319898950146837,1.0383251456290001,0.038325145629000135,0.002272322533259302,0.839617788745166,0.0011390943976279514,-0.047576416887535035,2,2
421,0.4210000000000003,ramp,42.1,0.8834922415501207,0.005853325181816027,1.0384556277826784,0.038455627782678414,0.005723993360367114,0.8453417821055331,0.0011407265996134818,-0.12933182144891311,2,2
422,0.4220000000000003,ramp,42.2,0.885829949441118,0.002337707890997298,1.0385044968846935,0.038504496884693484,0.002289982832760493,0.8476317649382936,0.0011424943342932476,-0.04772505823680533,2,2
423,0.4230000000000003,ramp,42.3,0.8917034546645414,0.0058735052234233365,1.0386348079080336,0.03863480790803364,0.0057443479075498,0.8533761128458435,0.0011441248233837013,-0.12915731587353607,2,2
424,0.4240000000000003,ramp,42.4,0.8940590084818925,0.002355553817351086,1.0386838284547792,0.038683828454779245,0.002307680719572408,0.8556837935654159,0.0011458904600309074,-0.047873097778677876,2,2
425,0.4250000000000003,ramp,42.5,0.8999526569881147,0.005893648506222204,1.0388139690216793,0.03881396902167933,0.005764665018353696,0.8614484585837696,0.001147519253011854,-0.12898348786850866,2,2
426,0.4260000000000003,ramp,42.6,0.9023260934429307,0.0023734364548160247,1.0388631404097814,0.03886314040978145,0.00232541591701084,0.8637738745007805,0.0011492828092464012,-0.04802053780518468,2,2
427,0.4270000000000003,ramp,42.7,0.9082398487460971,0.005913755303166401,1.0389931111913484,0.038993111191348406,0.005784944968582498,0.869558819469363,0.0011509099226916341,-0.12881033458390315,2,2
428,0.4280000000000003,ramp,42.8,0.9106312042765673,0.002391355530470207,1.0390424328197685,0.03904243281976849,0.002343188149993968,0.871902007619357,0.0011526714159237074,-0.04816738047623906,2,2
429,0.4290000000000003,ramp,42.9,0.9165650301622676,0.00593382588570035,1.039172234484313,0.03917223448431306,0.005805188032442766,0.8777071956517998,0.0011542968661979796,-0.1286378532575844,2,2
430,0.4300000000000003,ramp,43.0,0.9189743409353819,0.002409310773114237,1.0392217057542232,0.039221705754223235,0.0023609971450410916,0.8800681927968409,0.0011560563136317947,-0.04831362807314549,2,2
431,0.4310000000000003,ramp,43.1,0.9249282014589687,0.005953860523586818,1.0393513389673081,0.039351338967308136,0.005825394482541596,0.8858935872793825,0.0011576801168947538,-0.12846604104522172,2,2
432,0.43200000000000033,ramp,43.2,0.9273555033720372,0.0024273019130685025,1.0394009592821918,0.03940095928219178,0.0023788426302572764,0.8882724299096397,0.0011594375355318551,-0.048459282811226086,2,2
433,0.43300000000000033,ramp,43.3,0.9333293628570907,0.005973859485053468,1.0395304247065935,0.039530424706593514,0.005845564589903336,0.8941179944995431,0.0011610597077414072,-0.12829489515013126,2,2
434,0.43400000000000033,ramp,43.4,0.9357746915393778,0.0024453286822870846,1.0395801934721332,0.03958019347213315,0.0023967243353397003,0.8965147188348828,0.0011628151143838327,-0.04860434694738428,2,2
435,0.43500000000000033,ramp,43.5,0.9417685145761978,0.005993823036820056,1.0397094917679153,0.03970949176791527,0.0058656986239796136,0.9023804174588623,0.001164435671299607,-0.12812441284044268,2,2
436,0.43600000000000033,ramp,43.6,0.9442319053903202,0.0024633908141223904,1.0397594083920647,0.03975940839206471,0.002414641991540283,0.9047950594504026,0.0011661890825532247,-0.048748822582107394,2,2
437,0.43700000000000033,ramp,43.7,0.9502456568343332,0.006013751444012949,1.039888540216559,0.039888540216558965,0.005885796852646428,0.9106808563030491,0.0011678080397397453,-0.1279545913665213,2,2
438,0.43800000000000033,ramp,43.8,0.9527271448780398,0.0024814880437066256,1.039938604109497,0.0399386041094969,0.0024325953316957764,0.9131134516347449,0.0011695594720176486,-0.04889271201084918,2,2
439,0.43900000000000033,ramp,43.9,0.9587607898482018,0.006033644970162011,1.0400675701173154,0.04006757011731543,0.005905859542232098,0.919019311176977,0.001171176844847463,-0.1277854279299129,2,2
440,0.44000000000000034,ramp,44.0,0.9612604099557794,0.002499620107577649,1.0401177806914392,0.04011778069143923,0.0024505840901779177,0.921469895267155,0.0011729263143728883,-0.04903601739973153,2,2
441,0.44100000000000034,ramp,44.1,0.9673139138330918,0.006053503877312405,1.0402465815345059,0.04024658153450589,0.005925886957504397,0.9273957822246593,0.0011745421180298528,-0.12761691980800807,2,2
442,0.44200000000000034,ramp,44.2,0.9698317005769803,0.0025177867438884727,1.0402969382044391,0.04029693820443914,0.002468608002924197,0.9298643902275835,0.001176289640839405,-0.049178740964275595,2,2
443,0.44300000000000034,ramp,44.3,0.9759050290029901,0.0060733284260098275,1.0404255745319622,0.04042557453196216,0.005945879361687477,0.9358102695892709,0.0011779038903217435,-0.12744906432235037,2,2
444,0.44400000000000034,ramp,44.4,0.9784410166952301,0.0025359876922399494,1.0404760767145542,0.04047607671455422,0.0024866668074055103,0.9382969363966764,0.0011796494822682818,-0.049320884834439055,2,2
445,0.44500000000000034,ramp,44.5,0.9845341355704323,0.0060931188752022525,1.0406045491730838,0.04060454917308376,0.00596583701647888,0.9442627734131553,0.0011812621923916993,-0.12728185872337272,2,2
446,0.44600000000000034,ramp,44.6,0.9870883582642628,0.0025542226938304324,1.040655196287353,0.040655196287352924,0.0025047602426208817,0.9467675336557763,0.0011830058691470397,-0.04946245120955074,2,2
447,0.44700000000000034,ramp,44.7,0.9932012337466732,0.0061128754824104625,1.040783505520787,0.04078350552078702,0.005985760182039513,0.9527532938378158,0.001184617054547626,-0.12711530037094915,2,2
448,0.44800000000000034,ramp,44.8,0.9957737252380481,0.00257249149137484,1.0408342969880042,0.040834296988004226,0.0025228880490997274,0.9552761818869155,0.0011863588316057732,-0.049603442275112423,2,2
449,0.44900000000000034,ramp,44.9,1.0019063237415533,0.006132598503505227,1.0409624436375378,0.04096244363753776,0.006005649117011606,0.9612818310039272,0.0011879685067428293,-0.12694938649362042,2,2
450,0.45000000000000034,ramp,45.0,1.004497117570638,0.002590793829084781,1.04101337888114,0.041013378881139984,0.0025410499688891274,0.9638228809728163,0.0011897083994229969,-0.049743860195653515,2,2
451,0.45100000000000035,ramp,45.1,1.0106494057636737,0.006152288193035593,1.041141363585366,0.04114136358536591,0.006025504078531411,0.9698483850513477,0.001191316578581983,-0.12678411450418262,2,2
452,0.45200000000000035,ramp,45.2,1.013258535216293,0.0026091294526193742,1.0411924420309662,0.04119244203096617,0.0025592457455363028,0.9724076307968841,0.0011930546020305567,-0.04988370708307148,2,2
453,0.45300000000000035,ramp,45.3,1.0194304800202179,0.0061719448039248,1.0413202654258495,0.041320265425849545,0.006045325322224194,0.9784529561191083,0.0011946612993256258,-0.12661948170060616,2,2
454,0.45400000000000035,ramp,45.4,1.0220579781294832,0.002627498109265325,1.041371486501262,0.04137148650126199,0.0025774751240996365,0.981030431243208,0.0011963974685198708,-0.050022985165688434,2,2
455,0.45500000000000035,ramp,45.5,1.028249546717153,0.006191568587669893,1.0414991492201355,0.041499149220135534,0.006065113102227649,0.9870955443454357,0.0011980026978970575,-0.1264554854422447,2,2
456,0.45600000000000035,ramp,45.6,1.030895446264793,0.0026458995476399405,1.0415505123553161,0.04155051235531615,0.002595737851117905,0.9896912821965536,0.0011997370276468078,-0.050161696522035316,2,2
457,0.45700000000000035,ramp,45.7,1.0371066060591019,0.0062111597943088626,1.0416780150289082,0.04167801502890822,0.006084867671184638,0.9957761498677382,0.0012013408028865083,-0.12629212312422441,2,2
458,0.45800000000000035,ramp,45.8,1.0397709395769859,0.0026643335178839767,1.0417295196560108,0.041729519656010794,0.0026140336746237284,0.998390183542362,0.0012030733078374192,-0.050299843260248264,2,2
459,0.45900000000000035,ramp,45.9,1.0460016582493619,0.006230718672376012,1.0418568629124942,0.04185686291249424,0.006104589280265323,1.0044947728226272,0.0012046756425567074,-0.1261293921106894,2,2
460,0.46000000000000035,ramp,46.0,1.0486844580210959,0.0026827997717340235,1.0419085084657786,0.04190850846577865,0.002632362344121427,1.0071271351667486,0.0012064063371925594,-0.050437427612596335,2,2
461,0.46100000000000035,ramp,46.1,1.054934703489987,0.00625024546889108,1.0420356929306904,0.04203569293069043,0.0061242781791559005,1.0132514133459045,0.0012080072448482121,-0.12596728973517968,2,2
462,0.46200000000000035,ramp,46.2,1.057636001552217,0.002701298062230073,1.0420874788466354,0.04208747884663544,0.0026507236105904374,1.015902136956495,0.001209736143493529,-0.05057445163963569,2,2
463,0.46300000000000036,ramp,46.3,1.0639057419818174,0.006269740429600379,1.042214505142978,0.04221450514297809,0.006143934616093317,1.0220460715725883,0.0012113356373843998,-0.12580581350706171,2,2
464,0.46400000000000036,ramp,46.4,1.0666255701257044,0.0027198281438869376,1.042266430860168,0.0422664308601679,0.0026691172264597216,1.024715188799048,0.0012130627542064952,-0.05071091742721604,2,2
465,0.46500000000000036,ramp,46.5,1.0729147739243405,0.006289203798636178,1.0423932996083503,0.042393299608350254,0.006163558837845826,1.030878747636894,0.0012146608474758371,-0.12564496079035206,2,2
466,0.46600000000000036,ramp,46.6,1.0756531636971083,0.0027383897727677464,1.0424453645674931,0.04244536456749315,0.0026875429456270834,1.033566290582521,0.0012163861964879722,-0.05084682714066304,2,2
467,0.46700000000000036,ramp,46.7,1.0819617995158501,0.006308635818741859,1.0425720763854225,0.042572076385422486,0.006183151089738456,1.0397494416722595,0.0012179829021258409,-0.12548472900340313,2,2
468,0.46800000000000036,ramp,46.8,1.0847187822221132,0.0027569827062630115,1.0426242800293821,0.04262428002938212,0.0027060005234191154,1.0424554421956786,0.0012197064971887863,-0.05098218284389604,2,2
469,0.46900000000000036,ramp,46.9,1.0910468189533395,0.006328036731226394,1.042750835532417,0.0427508355324171,0.006202711615655432,1.048658153811334,0.0012213018280348112,-0.12532511557096243,2,2
470,0.47000000000000036,ramp,47.0,1.0938224256566347,0.0027756067032951304,1.0428031773061752,0.04280317730617522,0.00272448971661724,1.0513826435279512,0.0012230236828597147,-0.05111698667789035,2,2
471,0.47100000000000036,ramp,47.1,1.1001698324326856,0.006347406776050946,1.0429295771071285,0.042929577107128525,0.006222240658043072,1.0576048841859942,0.0012246176516048323,-0.12516611800787378,2,2
472,0.47200000000000036,ramp,47.2,1.1029640939568084,0.0027942615241227653,1.0429820564577654,0.04298205645776543,0.00274301028342267,1.060347894469417,0.0012263377797552281,-0.051251240700095256,2,2
473,0.47300000000000036,ramp,47.3,1.109330840148411,0.006366746191602601,1.043108301166962,0.04310830116696196,0.006241738457920087,1.066589632927337,0.0012279303989445993,-0.12500773368251394,2,2
474,0.47400000000000037,ramp,47.4,1.1121437870788509,0.0028129469304398746,1.0431609175436765,0.04316091754367646,0.0027615619834689188,1.0693511949108059,0.0012296488138384587,-0.05138494697095588,2,2
475,0.47500000000000037,ramp,47.5,1.118529842293899,0.006386055215048092,1.043287007768939,0.0432870077689389,0.006261205254888847,1.0756124001656948,0.0012312400958731664,-0.12484996015924531,2,2
476,0.47600000000000037,ramp,47.6,1.1213615049793288,0.002831662685429892,1.0433397606230448,0.04333976062304479,0.002780144577799108,1.0783925447434939,0.001232956810785504,-0.05151810763078402,2,2
477,0.47700000000000037,ramp,47.7,1.1277668390613462,0.006405334082017378,1.0434656969696918,0.043465696969691825,0.0062806412871383496,1.0846731860306322,0.0012345467679251304,-0.12469279487902808,2,2
478,0.47800000000000037,ramp,47.8,1.1306172476149075,0.0028504085535612234,1.0435185857545684,0.04351858575456835,0.0027987578288669,1.087471943859499,0.001236261795989876,-0.05165072469432352,2,2
479,0.47900000000000037,ramp,47.9,1.137041830641692,0.006424583026784614,1.0436443688254704,0.0436443688254704,0.00630004679146143,1.0937719906509604,0.0012378504403543135,-0.12453623532318342,2,2
480,0.48000000000000037,ramp,48.0,1.1399110149424396,0.0028691843007475626,1.0436973929965963,0.04369739299659625,0.0028174015005201464,1.0965893921514807,0.001239563794566404,-0.05178280022741623,2,2
481,0.48100000000000037,ramp,48.1,1.1463548172247358,0.006443802282296129,1.0438230233921122,0.04382302339211219,0.006319422003243386,1.102908814154724,0.0012411511381383185,-0.12438027905274304,2,2
482,0.4820000000000004,ramp,48.2,1.1492428069190435,0.002887989694307702,1.0438761824070766,0.04387618240707658,0.002836075358014403,1.1057448895127384,0.001242862831355809,-0.05191433629329932,2,2
483,0.4830000000000004,ramp,48.3,1.1557057989990895,0.006462992080046082,1.0440016607251126,0.04400166072511258,0.006338767156484483,1.112083656669223,0.0012444488859823422,-0.12422492356159875,2,2
484,0.4840000000000004,ramp,48.4,1.1586126235020506,0.0029068245029610917,1.0440549540435535,0.04405495404355353,0.0028547791679812097,1.114938435837204,0.0012461589309284435,-0.05204533497988207,2,2
485,0.4850000000000004,ramp,48.5,1.1650947761522035,0.006482152650152839,1.044180280879615,0.04418028087961501,0.006358082483801855,1.121296518321006,0.0012477437083237453,-0.12407016635098463,2,2
486,0.4860000000000004,ramp,48.6,1.1680204646489243,0.002925688496720813,1.044233707963223,0.0442337079632229,0.002873512698433108,1.1241700310194391,0.0012494521175885733,-0.05217579828770483,2,2
487,0.4870000000000004,ramp,48.7,1.1745217488703465,0.0065012842214222655,1.0443588839103501,0.044358883910350144,0.006377368216445271,1.1305473992358843,0.0012510356293354496,-0.12391600497699447,2,2
488,0.4880000000000004,ramp,48.8,1.17746633031735,0.0029445814470034914,1.0444124442228742,0.04441244422287416,0.0028922757187474233,1.1334396749546318,0.0012527424153782308,-0.05230572825606818,2,2
489,0.4890000000000004,ramp,48.9,1.1839867173386704,0.006520387021320406,1.0445374698717116,0.04453746987171159,0.00639662458429168,1.1398362995389235,0.0012543246729299746,-0.12376243702872605,2,2
490,0.4900000000000004,ramp,49.0,1.1869502204652425,0.002963503126572009,1.0445911628789886,0.044591162878988566,0.002911067999680941,1.1427473675386044,0.0012560298480810365,-0.05243512689106795,2,2
491,0.4910000000000004,ramp,49.1,1.193489681741143,0.006539461275900438,1.0447160388177128,0.0447160388177128,0.0064158518158451625,1.1491632193544496,0.0012576108627635333,-0.12360946005527534,2,2
492,0.4920000000000004,ramp,49.2,1.1964721350507563,0.002982453309613442,1.0447698639875893,0.04476986398758931,0.0029298893133436516,1.1520931086677932,0.001259314439225819,-0.05256399626979045,2,2
493,0.4930000000000004,ramp,49.3,1.2030306422606507,0.006558507209894371,1.0448945908020115,0.044894590802011525,0.006435050138276647,1.1585281588060699,0.0012608942222396278,-0.12345707161772346,2,2
494,0.4940000000000004,ramp,49.4,1.20603207403221,0.0030014317715592043,1.0449485476043996,0.04494854760439959,0.002948739433188015,1.1614768982392578,0.0012625962120907102,-0.052692338371189154,2,2
495,0.4950000000000004,ramp,49.5,1.2126095990788963,0.0065775250466864055,1.0450731258779462,0.04507312587794621,0.006454219777397991,1.1679311180166558,0.001264174774512703,-0.12330526928841425,2,2
496,0.4960000000000004,ramp,49.6,1.2156300373681508,0.003020438289254468,1.0451272137847814,0.04512721378478135,0.0029676181340144653,1.1708987361506702,0.0012658751897066229,-0.052820155240002574,2,2
497,0.4970000000000004,ramp,49.7,1.2222265523765126,0.006596515008361781,1.045251644098486,0.04525164409848603,0.006473360957687275,1.1773720971083574,0.0012674525424915583,-0.1231540506745057,2,2
498,0.4980000000000004,ramp,49.8,1.2252660250172656,0.0030394726407529937,1.045305862583719,0.04530586258371905,0.002986525191959396,1.1803586223003169,0.00126915139486077,-0.05294744879359757,2,2
499,0.4990000000000004,ramp,49.9,1.231881502332983,0.006615477315717433,1.0454301455162354,0.045430145516235365,0.006492473902292171,1.186851096202609,0.0012707275488435745,-0.1230034134252619,2,2
500,0.5000000000000003,ramp,50.0,1.2349400369386143,0.0030585346056313245,1.045484494055821,0.045484494055821,0.003005460384486191,1.1898565565870953,0.0012724248501000633,-0.05307422114513363,2,2
501,0.5010000000000003,ramp,50.1,1.2415744491267706,0.006634412188156302,1.0456086301834862,0.045608630183486154,0.0065115588330328334,1.1963681154201282,0.001273999815997321,-0.12285335512346884,2,2
502,0.5020000000000003,ramp,50.2,1.244652073091345,0.0030776239645744496,1.0456631082554346,0.045663108255434626,0.003024423490383107,1.1993925389105113,0.0012756955777349056,-0.05320047419134265,2,2
503,0.5030000000000003,ramp,50.3,1.2513053929350835,0.006653319843738403,1.0457870981521638,0.04578709815216375,0.006530615970404244,1.2059231548809155,0.0012772693661464497,-0.12270387333415937,2,2
504,0.5040000000000003,ramp,50.4,1.254402133434814,0.0030967404997306325,1.045841705236459,0.04584170523645903,0.0030434142897555363,1.208966569170671,0.0012789635998423116,-0.05332620997509614,2,2
505,0.5050000000000003,ramp,50.5,1.2610743339342771,0.0066722004994630435,1.0459655494738829,0.04596554947388287,0.006549645533605841,1.2155162147042768,0.0012805362212532677,-0.12255496585720278,2,2
506,0.5060000000000003,ramp,50.6,1.2641902179286657,0.0031158839943885575,1.046020285052508,0.04602028505250799,0.003062432564007081,1.218578647268284,0.0012822289382693997,-0.053451430381476484,2,2
507,0.5070000000000003,ramp,50.7,1.2708812722993867,0.006691054370721039,1.0461439841999296,0.0461439841999296,0.00656864774052449,1.2251472950088085,0.0012838004030515271,-0.12240663019654884,2,2
508,0.5080000000000003,ramp,50.8,1.2740163265327469,0.003135054233360135,1.0461988477568553,0.046198847756855344,0.003081478095847348,1.2282287731046557,0.0012854916146365404,-0.0535761375127868,2,2
509,0.5090000000000003,ramp,50.9,1.2807262082045425,0.006709881671795648,1.0463224023812272,0.0463224023812272,0.006587622807748288,1.234816395912404,0.001287061933049847,-0.12225886404735979,2,2
510,0.5100000000000003,ramp,51.0,1.2838804592070612,0.0031542510025186488,1.0463773934024128,0.04637739340241276,0.003100550669290193,1.2379169465816944,0.0012887516503406985,-0.05370033322845595,2,2
511,0.5110000000000003,ramp,51.1,1.2906091418227412,0.006728682615680048,1.046500804068418,0.046500804068418056,0.0066065709505727785,1.244523517532267,0.0012903208325351645,-0.12211166510726987,2,2
512,0.5120000000000003,ramp,51.2,1.2937826159119,0.00317347408915869,1.0465559220418157,0.04655592204181569,0.0031196500696232684,1.2476431676018904,0.001292009066558227,-0.05382401953542151,2,2
513,0.5130000000000003,ramp,51.3,1.3005300733260035,0.0067474574141035415,1.046679189311783,0.046679189311783054,0.006625492383020734,1.254268659984911,0.0012935771225757397,-0.12196503108280725,2,2
514,0.5140000000000003,ramp,51.4,1.303722796607744,0.0031927232817405837,1.0467344337272968,0.0467344337272968,0.003138776083414927,1.257407436068326,0.0012952638842485412,-0.053947198325656615,2,2
515,0.5150000000000003,ramp,51.5,1.3104890028851548,0.006766206277410758,1.0468575581613087,0.046857558161308654,0.0066443873178315994,1.2640518233861577,0.001296830824023513,-0.12181895957915842,2,2
516,0.5160000000000003,ramp,51.6,1.313701001255294,0.003211998370139302,1.0469129285108132,0.04691292851081319,0.0031579284985166142,1.2672097518846743,0.00129851612415676,-0.05406987162268756,2,2
517,0.5170000000000003,ramp,51.7,1.3204859306701093,0.006784929414815233,1.047035910666676,0.047035910666676006,0.006663255966475304,1.2738730078511495,0.0013000819575185003,-0.12167344833992864,2,2
518,0.5180000000000003,ramp,51.8,1.3237172298154407,0.003231299145331379,1.0470914064439762,0.04709140644397625,0.0031771071040357546,1.2770501149551854,0.0013017658068165477,-0.05419204129562425,2,2
519,0.5190000000000003,ramp,51.9,1.3305208568497404,0.0068036270342997085,1.0472142468772223,0.04721424687722231,0.006682098539161467,1.283732213494347,0.00130333054349052,-0.12152849513824125,2,2
520,0.5200000000000004,ramp,52.0,1.3337714822494025,0.0032506253996620327,1.0472698675781122,0.047269867578112246,0.0031963116903536842,1.2869285251847007,0.001305012952553793,-0.054313709308348446,2,2
521,0.5210000000000004,ramp,52.1,1.3405937815918747,0.006822299342472249,1.047392566841992,0.04739256684199189,0.006700915244832531,1.2936294404295332,0.0013065766021626538,-0.12138409763971791,2,2
522,0.5220000000000004,ramp,52.2,1.343863758518462,0.00326997692658737,1.0474483119641986,0.04744831196419863,0.003215542049092155,1.2968449824786255,0.0013082575814883815,-0.054434877495215285,2,2
523,0.5230000000000004,ramp,52.3,1.3507047050632073,0.006840946544745208,1.0475708706097386,0.047570870609738636,0.006719706291194183,1.3035646887698196,0.0013098201535541422,-0.12124025355102468,2,2
524,0.5240000000000004,ramp,52.4,1.3539940585842971,0.003289353521089833,1.047626739652888,0.047626739652887995,0.0032347979731341707,1.3067994867429538,0.001311499713538035,-0.05455554795566215,2,2
525,0.5250000000000004,ramp,52.5,1.3608536274296446,0.006859568845347441,1.0477491582288714,0.04774915822887138,0.006738471884696141,1.3135379586276499,0.0013130612174826937,-0.12109696065130005,2,2
526,0.5260000000000004,ramp,52.6,1.3641623824086913,0.003308754979046702,1.047805150694586,0.04780515069458602,0.0032540792565876014,1.3167920378842375,0.0013147393684206042,-0.054675722459100476,2,2
527,0.5270000000000004,ramp,52.7,1.371040548855943,0.006878166447251699,1.047927429747555,0.04792742974755493,0.0067572122305715595,1.323549250114809,0.0013162998135682964,-0.12095421668013948,2,2
528,0.5280000000000004,ramp,52.8,1.3743687299536538,0.003328181097710825,1.0479835451393091,0.047983545139309136,0.0032733856947979663,1.326822635809607,0.00131797656565688,-0.05479540291285873,2,2
529,0.5290000000000004,ramp,52.9,1.3812654695058417,0.006896739552187947,1.0481056852136048,0.04810568521360481,0.006775927532800767,1.3335985633424077,0.0013195359612343874,-0.12081201938717988,2,2
530,0.5300000000000004,ramp,53.0,1.3846131011814566,0.003347631675614915,1.0481619230368382,0.048161923036838195,0.0032927170843499473,1.3368912804267576,0.0013212113245730595,-0.05491459126496763,2,2
531,0.5310000000000004,ramp,53.1,1.391528389542198,0.00691528836074129,1.0482839246745883,0.04828392467458831,0.006794617994156182,1.343685898420914,0.0013227696797121576,-0.12067036658510756,2,2
532,0.5320000000000004,ramp,53.2,1.3948954960546414,0.0033671065124434296,1.0483402844366287,0.048340284436628744,0.003312073223030592,1.3469979716439444,0.001324443664303988,-0.055033289412837784,2,2
533,0.5330000000000004,ramp,53.3,1.4018293091268246,0.006933813072183215,1.0484621481777412,0.04846214817774119,0.0068132838161855174,1.35381125546013,0.0013260009880418254,-0.12052925599769729,2,2
534,0.5340000000000004,ramp,53.4,1.4052159145358383,0.0033866054090136988,1.0485186293878221,0.04851862938782214,0.0033314539098598587,1.35714270936999,0.001327673603795177,-0.05515149915384003,2,2
535,0.5350000000000004,ramp,53.5,1.4121682284205512,0.006952313884712957,1.048640355770028,0.0486403557700279,0.006831925199227988,1.3639746345692179,0.0013292299050760763,-0.12038868548496905,2,2
536,0.5360000000000004,ramp,53.6,1.415574356588053,0.003406128167501743,1.0486969579392615,0.04869695793926154,0.0033508589450458324,1.3673254935142638,0.0013309011618053914,-0.055269222455910615,2,2
537,0.5370000000000004,ramp,53.7,1.4225451475832693,0.006970790995216358,1.0488185474981364,0.04881854749813641,0.006850542342421538,1.3741760358566852,0.0013324564494821172,-0.12024865279482068,2,2
538,0.5380000000000004,ramp,53.8,1.4259708221744,0.003425674591130745,1.0488752701395458,0.048875270139545846,0.003370288130012104,1.3775463239866974,0.0013341263569097363,-0.05538646111864125,2,2
539,0.5390000000000004,ramp,53.9,1.4329600667738327,0.00698924459943262,1.0489967234084632,0.04899672340846317,0.00686913544370671,1.3844154594304041,0.001335680639744447,-0.12010915572591065,2,2
540,0.5400000000000004,ramp,54.0,1.4364053112582675,0.0034452444844348395,1.0490535660369618,0.04905356603696176,0.0033897412673750908,1.3878052006977792,0.0013373492075013551,-0.0555032170597488,2,2
541,0.5410000000000004,ramp,54.1,1.4434129861502472,0.007007674891979621,1.0491748835471277,0.049174883547127735,0.006887704699819635,1.394692905397599,0.0013389024941670706,-0.11997019215998546,2,2
542,0.5420000000000004,ramp,54.2,1.4468778238033633,0.003464837653116115,1.0492318456794691,0.049231845679469144,0.0034092181609358192,1.3981021235585347,0.0013405697317941687,-0.05561949218029589,2,2
543,0.5430000000000004,ramp,54.3,1.4539039058695318,0.007026082066168504,1.0493530279599332,0.04935302795993324,0.0069062503063317,1.4050083738648664,0.0013421220308760294,-0.11983175983680451,2,2
544,0.5440000000000004,ramp,54.4,1.457388359773394,0.003484453903862317,1.0494101091147754,0.04941010911477539,0.003428718615682279,1.4084370924805487,0.0013437879478256755,-0.05573528818003789,2,2
545,0.5450000000000004,ramp,54.5,1.4644328260877184,0.007044466314324316,1.0495311566924705,0.049531156692470546,0.0069247724576186895,1.4153618649381674,0.0013453392678219674,-0.11969385670562628,2,2
546,0.5460000000000004,ramp,54.6,1.4679369191324703,0.003504093044751855,1.0495883563903312,0.04958835639033121,0.0034482424377697894,1.4188101073759372,0.001347003873458577,-0.055850606982065384,2,2
547,0.5470000000000004,ramp,54.7,1.4749997469599596,0.0070628278274893486,1.0497092697900474,0.04970926979004742,0.006943271346897442,1.4257533787228347,0.0013485542227816031,-0.11955648059190638,2,2
548,0.5480000000000004,ramp,54.8,1.4785235018449652,0.003523754885005559,1.0497665875532463,0.049766587553246255,0.0034677894345306447,1.4292211681573654,0.0013502175263834378,-0.05596545047491415,2,2
549,0.5490000000000004,ramp,54.9,1.4856046686404278,0.007081166795462668,1.0498873672976545,0.04988736729765453,0.006961747166210925,1.4361829153235763,0.001351766913361519,-0.11941962925174267,2,2
550,0.5500000000000004,ramp,55.0,1.4891481078753162,0.0035434392348883126,1.0499448026504323,0.04994480265043233,0.0034873594144623874,1.4396702747380388,0.0013534289241209252,-0.05607982042592522,2,2
551,0.5510000000000004,ramp,55.1,1.4962475912823647,0.007099483407048579,1.0500654492600556,0.05006544926005563,0.006980200106442159,1.4466504748444808,0.001354977356998816,-0.11928330060642037,2,2
552,0.5520000000000004,ramp,55.2,1.4998107371883458,0.0035631459059810577,1.050123001728448,0.05012300172844797,0.0035069521872079976,1.4501574270316888,0.0013566380840242885,-0.05619371877306012,2,2
553,0.5530000000000004,ramp,55.3,1.506928515038242,0.007117777849896312,1.0502435157217351,0.05024351572173513,0.006998630357318158,1.457156057389007,0.0013581855709641289,-0.11914749257815362,2,2
554,0.5540000000000004,ramp,55.4,1.5105113897489322,0.003582874710690076,1.0503011848336459,0.05030118483364587,0.003526567563587029,1.460682624952594,0.0013598450232809316,-0.05630714710304699,2,2
555,0.5550000000000004,ramp,55.5,1.517647440059379,0.007136050310446729,1.0504215667269206,0.05042156672692055,0.0070170381074226304,1.4676996630600165,0.0013613915723641196,-0.11901220302409833,2,2
556,0.5560000000000004,ramp,55.6,1.5212500655223997,0.0036026254630208143,1.0504793520120528,0.05047935201205278,0.003546205355531326,1.4712458684155478,0.001363049758915097,-0.0564201074894884,2,2
557,0.5570000000000004,ramp,55.7,1.5284043664964235,0.007154300974023808,1.0505996023195878,0.05059960231958782,0.007035423544201344,1.4782812919597492,0.0013645953781427828,-0.11887742982246395,2,2
558,0.5580000000000004,ramp,55.8,1.5320267644740966,0.003622397977673053,1.0506575033094858,0.05065750330948582,0.003565865376130808,1.48184715733588,0.0013662523077897523,-0.05653260154224503,2,2
559,0.5590000000000004,ramp,55.9,1.5391992944989492,0.00717253002485263,1.0507776225434224,0.05077762254342244,0.007053786853960167,1.4889009441898402,0.0013677970050840948,-0.11874317089246351,2,2
560,0.5600000000000004,ramp,56.0,1.5428414865697397,0.0036421920707905286,1.0508356387714384,0.050835638771438374,0.003585547439603488,1.4924864916294438,0.0013694526866088411,-0.05664463118704079,2,2
561,0.5610000000000004,ramp,56.1,1.5500322242157158,0.0071907376459761085,1.0509556274418956,0.050955627441895635,0.007072128221869616,1.4995586198513133,0.001370996469813805,-0.11860942410649253,2,2
562,0.5620000000000004,ramp,56.2,1.55369423177513,0.00366200755941426,1.0510137584431967,0.051013758443196666,0.0036052513612997513,1.5031638712126132,0.0013726509119190192,-0.056756198114508556,2,2
563,0.5630000000000004,ramp,56.3,1.5609031557946071,0.0072089240194770365,1.0511336170582144,0.0511336170582144,0.0070904478319925674,1.5102543190446058,0.0013741937888017454,-0.11847618748446909,2,2
564,0.5640000000000004,ramp,56.4,1.5645850000564867,0.0036818442618795633,1.051191862369775,0.05119186236977491,0.0036249769576731923,1.513879296002279,0.0013758470001122276,-0.05686730420637097,2,2
565,0.5650000000000004,ramp,56.5,1.5718120893826397,0.007227089326153013,1.0513115914352982,0.051311591435298176,0.007108745867266146,1.5209880418695452,0.0013773889783637331,-0.11834345888686766,2,2
566,0.5660000000000004,ramp,56.6,1.575513791380116,0.0037017019974763254,1.0513699505958747,0.05136995059587468,0.0036447240463081737,1.5246327659158534,0.0013790409674269278,-0.056977951168151776,2,2
567,0.5670000000000004,ramp,56.7,1.5827590251258323,0.007245233745716284,1.0514895506158812,0.05148955061588123,0.007127022509510197,1.5317597884253635,0.0013805820546632533,-0.11821123620608681,2,2
568,0.5680000000000004,ramp,56.8,1.5864806057125513,0.003721580586719009,1.0515480231660268,0.0515480231660268,0.0036644924458992933,1.5354242808712628,0.0013822328299506654,-0.05708814081971554,2,2
569,0.5690000000000004,ramp,56.9,1.5937439631695065,0.007263357456955166,1.051667494642401,0.051667494642400946,0.007145277939448098,1.542569558810711,0.0013837730337138848,-0.11807951750706855,2,2
570,0.5700000000000004,ramp,57.0,1.5974854430206378,0.0037414798511312686,1.0517260801244621,0.051726080124462115,0.0036842819762326986,1.5462538407869435,0.0013854226036218054,-0.05719787489856997,2,2
571,0.5710000000000004,ramp,57.1,1.6047669036579701,0.007281460637332371,1.0518454235570727,0.05184542355707267,0.007163512336695338,1.5534173531236388,0.0013869619313806386,-0.11794830063703315,2,2
572,0.5720000000000004,ramp,57.2,1.6085283032714146,0.0037613996134444605,1.0519041215151568,0.051904121515156776,0.0037040924582027917,1.5571214455818416,0.0013886103042310915,-0.05730715524166884,2,2
573,0.5730000000000004,ramp,57.3,1.6158278467347964,0.007299543463381797,1.0520233374018633,0.05202333740186327,0.007181725879777549,1.5643031714616191,0.0013901487633823767,-0.11781758360424749,2,2
574,0.5740000000000004,ramp,57.4,1.6196091864320932,0.0037813396972967706,1.0520821473818658,0.052082147381865784,0.0037239237137919553,1.5680270951754112,0.0013917959474242644,-0.05741598350481524,2,2
575,0.5750000000000004,ramp,57.5,1.6269267925426536,0.007317606110560426,1.0522012362185182,0.05220123621851824,0.007199918746135298,1.5752270139215465,0.001393333545293496,-0.11768736442512809,2,2
576,0.5760000000000004,ramp,57.6,1.6307280924701621,0.00380129992750855,1.0522601577680526,0.052260157768052595,0.0037437755660488454,1.5789707894875953,0.0013949795487027664,-0.05752436145970482,2,2
577,0.5770000000000004,ramp,57.7,1.6380637412233707,0.007335648753208579,1.0523791200485118,0.05237912004851175,0.007218091112140723,1.586188880599736,0.001396516292545202,-0.11755764106785582,2,2
578,0.5780000000000004,ramp,57.8,1.641885021353352,0.003821280129981286,1.0524381527170357,0.05243815271703567,0.003763647839119745,1.5899525284388556,0.0013981611234268865,-0.05763229086154075,2,2
579,0.5790000000000004,ramp,57.9,1.6492386929178886,0.00735367156453659,1.0525569889331137,0.05255698893311367,0.007236243153069877,1.5971887715919255,0.0013996970204283399,-0.11742841146671328,2,2
580,0.5800000000000004,ramp,58.0,1.6530799730495935,0.003841280131704927,1.0526161322717555,0.052616132271755545,0.003783540358220823,1.6009723119501464,0.0014013406868165488,-0.05773977348410425,2,2
581,0.5810000000000004,ramp,58.1,1.6604516477663587,0.007371674716765142,1.052734842913346,0.05273484291334607,0.007254375043130625,1.608226686993277,0.0014028757440941659,-0.11729967363451661,2,2
582,0.5820000000000004,ramp,58.2,1.6643129475270264,0.0038612997606677357,1.0527940964750266,0.05279409647502664,0.0038034529496434747,1.6120301399429207,0.0014045182539533351,-0.057846811024261056,2,2
583,0.5830000000000004,ramp,58.3,1.6717026059081377,0.007389658381111275,1.0529126820300008,0.05291268203000077,0.007272486955464927,1.6193026268983857,0.0014060524785564632,-0.11717142564634814,2,2
584,0.5840000000000004,ramp,58.4,1.6755839447540257,0.0038813388458880382,1.052972045369355,0.05297204536935496,0.003823385440732388,1.623126012339118,0.0014076938397821002,-0.057953405155650256,2,2
585,0.5850000000000004,ramp,58.5,1.682991567481709,0.007407622727683361,1.0530905063236626,0.053090506323662634,0.0072905790621730585,1.6304165914012911,0.0014092272386935717,-0.11704366551030208,2,2
586,0.5860000000000004,ramp,58.6,1.6868929646992954,0.003901397217586311,1.0531499789970584,0.05314997899705842,0.003843337659883812,1.634259929061175,0.0014108674591129017,-0.05805955770249883,2,2
587,0.5870000000000004,ramp,58.7,1.694318532624754,0.007425567925458676,1.0532683158346252,0.05326831583462521,0.007308651534287126,1.641568580595462,0.0014124000392495026,-0.11691639117154991,2,2
588,0.5880000000000004,ramp,58.8,1.6982400073315675,0.003921474706813477,1.0533278974001936,0.05332789740019361,0.003863309436544508,1.6454318900320066,0.0014140391266225878,-0.05816527026896887,2,2
589,0.5890000000000004,ramp,58.9,1.7056835014740896,0.0074434941425221,1.0534461106030522,0.053446110603052155,0.007326704541799004,1.6527585945738057,0.001415570894835799,-0.11678960072309622,2,2
590,0.5900000000000004,ramp,59.0,1.709625072619978,0.003941571145888334,1.0535058006205846,0.05350580062058463,0.003883300601219306,1.656641895175025,0.0014172088568563913,-0.058270544669028215,2,2
591,0.5910000000000004,ramp,59.1,1.7170864741657976,0.007461401545819646,1.0536238906688096,0.05362389066880957,0.007344738253652908,1.663986633428678,0.0014187398199332188,-0.11666329216673821,2,2
592,0.5920000000000004,ramp,59.2,1.721048160533801,0.003961686368003425,1.053683688699864,0.05368368869986395,0.003903310985451538,1.6678899444141295,0.0014203766642293127,-0.05837538255188714,2,2
593,0.5930000000000004,ramp,59.3,1.728527450835164,0.007479290301362962,1.0538016560715753,0.05380165607157528,0.007362752837746663,1.6752526972518762,0.0014219068288935375,-0.11653746361629888,2,2
594,0.5940000000000004,ramp,59.4,1.7325092705266536,0.003981819691489585,1.053861561657414,0.05386156165741407,0.0039233399259271965,1.6791760371778035,0.0014235427389329852,-0.058479765562388826,2,2
595,0.5950000000000004,ramp,59.5,1.7400064321453939,0.007497161618740256,1.0539794068469999,0.05397940684699987,0.007380749487410556,1.686556786665214,0.0014250718757006146,-0.11641213132969948,2,2
596,0.5960000000000004,ramp,59.6,1.7440084030455945,0.004001970900200602,1.0540394195564384,0.05403941955643843,0.003943387182887448,1.6905001738481014,0.001426706743449299,-0.05858371731315426,2,2
597,0.5970000000000004,ramp,59.7,1.7515234176946306,0.007515014649036145,1.05415714303826,0.054157143038259914,0.007398727373864846,1.6978989012219663,0.0014282351112166916,-0.11628727517129858,2,2
598,0.5980000000000004,ramp,59.8,1.7555455580937578,0.004022140399127183,1.0542172624379873,0.0542172624379873,0.003963453161454826,1.701862354383421,0.00142986888843997,-0.058687237672357465,2,2
599,0.5990000000000004,ramp,59.9,1.7630784076231285,0.007532849529370722,1.0543348646843478,0.05433486468434778,0.007416686636263506,1.7092790410196845,0.0014313964813447275,-0.11616289310721617,2,2
600,0.6000000000000004,ramp,60.0,1.7671207356440055,0.004042328020877006,1.054395090342752,0.05439509034275192,0.003983537692618083,1.7132625787123026,0.0014330291708222365,-0.05879032825892305,2,2
601,0.6010000000000004,ramp,60.1,1.7746714020641918,0.007550666420186314,1.0545125718240567,0.054512571824056666,0.007434627436954736,1.7206972061492574,0.00143455599320042,-0.11603898323157748,2,2
602,0.6020000000000004,ramp,60.2,1.778733935667437,0.004062533603245155,1.0545729033111515,0.0545729033111515,0.004003640612441157,1.7247008467616984,0.0014361876011205576,-0.05889299080399837,2,2
603,0.6030000000000004,ramp,60.3,1.786302401149514,0.007568465482077125,1.0546902644959755,0.05469026449597547,0.007452549938448906,1.7321533967001475,0.0014377136587542952,-0.11591554362821825,2,2
604,0.6040000000000004,ramp,60.4,1.7903851581348296,0.004082756985315461,1.054750701383502,0.05475070138350202,0.004023761758409564,1.736177158458557,0.001439344191997998,-0.058995226905896904,2,2
605,0.6050000000000004,ramp,60.5,1.7979714050098,0.007586246874970337,1.05486794273845,0.05486794273844997,0.007470454302494266,1.7436476127610512,0.0014408694910243657,-0.11579257247607086,2,2
606,0.6060000000000004,ramp,60.6,1.8020744030171825,0.004102998007382563,1.0549284845998292,0.05492848459982924,0.004043900969112411,1.7476915137301636,0.0014424989566526976,-0.05909703827015195,2,2
607,0.6070000000000004,ramp,60.7,1.809678413774868,0.007604010757685575,1.0550456065896583,0.05504560658965829,0.007488340689859293,1.755179854420023,0.0014440235032963625,-0.11567006782628192,2,2
608,0.6080000000000004,ramp,60.8,1.813801670285571,0.0041232565107029995,1.0551062529999604,0.055106252999960414,0.0040640580841866435,1.7592439125042096,0.0014456519084026511,-0.05919842651635598,2,2
609,0.6090000000000004,ramp,60.9,1.8214234275737475,0.0076217572881764895,1.0552232560876125,0.05522325608761247,0.007506209260353728,1.7667501217645634,0.0014471757088897418,-0.1155480278227615,2,2
610,0.6100000000000004,ramp,61.0,1.8255669599112765,0.0041435323375289546,1.055284006623535,0.05528400662353494,0.004084232944258176,1.7708343547088214,0.0014488030605467558,-0.059299393270778426,2,2
611,0.6110000000000004,ramp,61.1,1.8332064465346813,0.007639486623404856,1.0554008912700261,0.05540089127002612,0.007524060172814503,1.778358414881636,0.001450326121071362,-0.1154264505903533,2,2
612,0.6120000000000004,ramp,61.2,1.837370271865898,0.00416382533121662,1.0554617455099664,0.05546174550996641,0.0041044253909322944,1.7824628402725684,0.0014519524263091209,-0.05939994028432514,2,2
613,0.6130000000000004,ramp,61.3,1.845027470785158,0.007657198919259978,1.0555785121744732,0.05557851217447318,0.007541893585102375,1.7900047338576708,0.0014534747530195167,-0.11530533415760306,2,2
614,0.6140000000000004,ramp,61.4,1.8492116061210886,0.00418413533593065,1.0556394696984424,0.055639469698442356,0.004124635266816941,1.7941293691244877,0.0014551000188177366,-0.059500069113709204,2,2
615,0.6150000000000004,ramp,61.5,1.8568865004520803,0.007674894330991666,1.0557561188383227,0.055756118838322655,0.0075597096540855994,1.8016890787785733,0.0014566216178103337,-0.11518467690606674,2,2
616,0.6160000000000004,ramp,61.6,1.8610909626488288,0.004204462196748526,1.0558171792279973,0.05581717922799734,0.004144862415475555,1.805833941194049,0.0014582458510930512,-0.059599781272971254,2,2
617,0.6170000000000004,ramp,61.7,1.8687835356613034,0.007692573012474613,1.0559337112987182,0.05593371129871816,0.0075775085356886,1.8134114497297376,0.0014597667284100351,-0.11506447678601237,2,2
618,0.6180000000000004,ramp,61.8,1.873008341421338,0.0042248057600347,1.0559948741373812,0.055994874137381245,0.004165106681452624,1.81757655641119,0.0014613899360453667,-0.059699078582075606,2,2
619,0.6190000000000004,ramp,61.9,1.8807185765381325,0.007710235116794362,1.0561112895926417,0.05611128959264167,0.007595290384844674,1.8251718467960347,0.0014629100976737172,-0.11494473194968799,2,2
620,0.6200000000000004,ramp,62.0,1.8849637424109007,0.004245165872768242,1.056172554465204,0.05617255446520408,0.004185367910251266,1.829357214706286,0.0014645322864727894,-0.059797962516976166,2,2
621,0.6210000000000004,ramp,62.1,1.8926916232071684,0.007727880796267739,1.0562888537568513,0.05628885375685133,0.0076130553555524465,1.8369702700618384,0.0014660517383446037,-0.1148254407152922,2,2
622,0.6220000000000004,ramp,62.2,1.8969571655902846,0.004265542383116161,1.0563502202498682,0.056350220249868244,0.004205645948321694,1.8411759160101602,0.0014676729150619697,-0.05989643479446718,2,2
623,0.6230000000000004,ramp,62.3,1.9047026757921732,0.007745510201888628,1.0564664038279203,0.05646640382792034,0.007630803600847576,1.8488067196110078,0.0014691916630548822,-0.114706601041052,2,2
624,0.6240000000000004,ramp,62.4,1.9089886109321634,0.004285935139990205,1.0565278715295408,0.05652787152954075,0.00422594064307659,1.8530326602540845,0.001470811834388969,-0.05999449691361427,2,2
625,0.6250000000000004,ramp,62.5,1.9167517344162897,0.007763123484126222,1.0566439398422127,0.05664393984221272,0.007648535272807407,1.860681195526892,0.0014723298843259847,-0.11458821131881541,2,2
626,0.6260000000000004,ramp,62.6,1.9210580784096865,0.0043063439933967995,1.0567055083422037,0.05670550834220367,0.004246251842886317,1.8649274473697783,0.0014739490569201383,-0.060092150510482854,2,2
627,0.6270000000000004,ramp,62.7,1.9288387992018547,0.007780720792168294,1.0568214618359377,0.056821461835937725,0.007666250522572441,1.8725936978923508,0.0014754664145713368,-0.11447026959585278,2,2
628,0.6280000000000004,ramp,62.8,1.933165567996127,0.0043267687942722954,1.0568831307256832,0.056883130725683184,0.004266579397040198,1.876860277289391,0.0014770845950138024,-0.060189397232097465,2,2
629,0.6290000000000004,ramp,62.9,1.9409638702706173,0.0077983022744902986,1.056998969845092,0.056998969845091896,0.007683949500339772,1.8845442267897308,0.0014786012660965766,-0.11435277415052653,2,2
630,0.6300000000000004,ramp,63.0,1.9453110796649065,0.00434720939428912,1.0570607387175464,0.057060738717546355,0.00428692315578331,1.8888311499455142,0.0014802184609219147,-0.06028623850581026,2,2
631,0.6310000000000004,ramp,63.1,1.953126947743409,0.007815868078502541,1.0571764639054753,0.05717646390547526,0.007701632355383302,1.8965327823008975,0.001481734451101792,-0.11423572311923968,2,2
632,0.6320000000000005,ramp,63.2,1.9574946133897961,0.004367665646387131,1.0572383323552015,0.05723833235520148,0.004307282970279856,1.9008400652711774,0.0014833506667908235,-0.06038267610727465,2,2
633,0.6330000000000005,ramp,63.3,1.9653280317405994,0.007833418350803312,1.0573539440527178,0.057353944052717765,0.007719299236034107,1.9085593645072116,0.0014848659816818347,-0.11411911476920475,2,2
634,0.6340000000000005,ramp,63.4,1.9697161691447491,0.004388137404149672,1.0574159116758581,0.05741591167585813,0.004327658692623959,1.9128870231998356,0.0014864812246635527,-0.06047871152571344,2,2
635,0.6350000000000005,ramp,63.5,1.9775671223817077,0.007850953236958613,1.0575314103222666,0.05753141032226661,0.007736950289710033,1.9206239734895456,0.0014879958698293466,-0.11400294724858012,2,2
636,0.6360000000000005,ramp,63.6,1.9819757469037502,0.0044086245220424924,1.057593476716537,0.05759347671653692,0.004348050175838951,1.9249720236653847,0.0014896101464802684,-0.0605743462035414,2,2
637,0.6370000000000005,ramp,63.7,1.989844219785554,0.0078684728818037,1.0577088627493696,0.057708862749369594,0.007754585662899408,1.932726609328284,0.0014911241274348616,-0.11388721890429314,2,2
638,0.6380000000000005,ramp,63.8,1.994273346641356,0.004429126855802101,1.0577710275140642,0.057771027514064155,0.004368457273852889,1.937095066602137,0.0014927374440804788,-0.060669581949212084,2,2
639,0.6390000000000005,ramp,63.9,2.00215932407036,0.007885977429004098,1.057886301369103,0.05788630136910311,0.007772205501192144,1.944867272103329,0.0014942507662886048,-0.11377192781195436,2,2
640,0.6400000000000005,ramp,64.0,2.0066089683320083,0.004449644261648178,1.0579485641051014,0.05794856410510141,0.004388879841515132,1.9492561519448441,0.0014958631292039239,-0.06076442013304602,2,2
641,0.6410000000000005,ramp,64.1,2.014512435353572,0.00790346702156386,1.0580637262163664,0.05806372621636635,0.00778980994925004,1.957045961894094,0.001497375798081683,-0.11365707231381951,2,2
642,0.6420000000000005,ramp,64.2,2.0189826119505274,0.004470176596955255,1.058126086526067,0.0581260865260671,0.004409317734580041,1.9614552796286742,0.0014989872134916738,-0.060858862375214214,2,2
643,0.6430000000000005,ramp,64.3,2.026903553752052,0.007920941801524695,1.0582411373258624,0.058241137325862447,0.007807399150844793,1.9692626787795189,0.0015004992344077853,-0.11354265067990178,2,2
644,0.6440000000000005,ramp,64.4,2.0313942774719176,0.004490723719865475,1.0583035948132664,0.05830359481326641,0.004429770809692531,1.9736924495892114,0.0015021097084882177,-0.06095291017294349,2,2
645,0.6450000000000005,ramp,64.5,2.039332679381863,0.007938401909945547,1.0584185347321418,0.05841853473214176,0.007824973248848987,1.9815174228380603,0.0015036210867635353,-0.11342866109655993,2,2
646,0.6460000000000005,ramp,64.6,2.0438439648713684,0.004511285489505301,1.0584810890027727,0.05848108900277271,0.004450238924409649,1.98596766176247,0.0015052306256416377,-0.06104656509565206,2,2
647,0.6470000000000005,ramp,64.7,2.05179981235843,0.007955847487061352,1.0585959184695615,0.05859591846956147,0.007842532385230076,1.9938101941477,0.001506741366550736,-0.1133151018312753,2,2
648,0.6480000000000005,ramp,64.8,2.056331674124373,0.004531861765943113,1.0586585691305015,0.05865856913050149,0.00447072193717048,1.9982809160848705,0.001508349976305244,-0.06113982877263297,2,2
649,0.6490000000000005,ramp,64.9,2.0643049527966277,0.007973278672254835,1.0587732885723145,0.05877328857231445,0.007860076701084214,2.0061409927859546,0.001509860085076753,-0.11320197117062163,2,2
650,0.6500000000000005,ramp,65.0,2.068857405206428,0.004552452409800178,1.0588360352321522,0.058836035232152195,0.004491219707303851,2.0106322124932583,0.0015114677717391822,-0.06123270249632721,2,2
651,0.6510000000000005,ramp,65.1,2.076848100810545,0.007990695604116915,1.0589506450743773,0.058950645074377306,0.007877606336601346,2.01850981882986,0.0015129772535559373,-0.11308926751556897,2,2
652,0.6520000000000005,ramp,65.2,2.081421158093558,0.00457305728301316,1.0590134873433001,0.05901348734330014,0.004511732095029158,2.023021550924889,0.001514584023110802,-0.061325187984001724,2,2
653,0.6530000000000005,ramp,65.3,2.08942925651355,0.00800809841999195,1.0591279880096454,0.05912798800964536,0.007895121431101998,2.030916672355991,0.0015160928831108897,-0.11297698888995157,2,2
654,0.6540000000000005,ramp,65.4,2.094022932761715,0.0045936762481648685,1.059190925499298,0.05919092549929794,0.0045322589614281835,2.035448931317419,0.0015176987414963485,-0.061417286736684985,2,2
655,0.6550000000000005,ramp,65.5,2.1020484200185168,0.008025487256801966,1.0593053174117595,0.059305317411759484,0.007912622123037604,2.0433615534404566,0.0015192069847730996,-0.11286513376436262,2,2
656,0.6560000000000005,ramp,65.6,2.106662729187153,0.004614309168636144,1.0593683497353354,0.059368349735335446,0.004552800168468232,2.047914353608925,0.0015208119378813901,-0.06150900016791208,2,2
657,0.6570000000000005,ramp,65.7,2.1147055914375876,0.008042862250434712,1.0594826333142155,0.05948263331421555,0.00793010854998414,2.055844462158909,0.0015223195694850865,-0.1127537004505727,2,2
658,0.6580000000000005,ramp,65.8,2.1193405473464084,0.0046349559088207926,1.0595457600864426,0.059545760086442634,0.004573355578971792,2.0604178177378807,0.0015239236231628587,-0.06160032984900074,2,2
659,0.6590000000000005,ramp,65.9,2.127400770882161,0.008060223535752531,1.0596599357503607,0.05965993575036066,0.007947580848645048,2.0683653985865256,0.001525430648099645,-0.11264268710748336,2,2
660,0.6600000000000005,ramp,66.0,2.132056387216234,0.004655616334073187,1.0597231565874528,0.05972315658745275,0.004593925056639516,2.072959323643165,0.0015270338081488867,-0.06169127743367066,2,2
661,0.6610000000000005,ramp,66.1,2.1401339584632737,0.008077571247039561,1.0598372247533603,0.059837224753360285,0.007965039154881908,2.080924362798047,0.0015285402313825398,-0.1125320921576533,2,2
662,0.6620000000000005,ramp,66.2,2.1448102487733203,0.004676290310046571,1.0599005392730294,0.05990053927302941,0.00461450846601476,2.085538871264062,0.0015301425035611058,-0.06178184403181179,2,2
663,0.6630000000000005,ramp,66.3,2.152905154290991,0.008094905517670892,1.0600145003561978,0.06001450035619782,0.007982483603678989,2.093521354867741,0.0015316483300129892,-0.1124219139919027,2,2
664,0.6640000000000005,ramp,66.4,2.1576021319948997,0.004696977703908534,1.0600779081776792,0.06007790817767922,0.004635105672521505,2.0981564605402623,0.001533249720034622,-0.061872031387028535,2,2
665,0.6650000000000005,ramp,66.5,2.1657143584749083,0.008112226480008644,1.0601917625917385,0.06019176259173853,0.007999914329168202,2.1061563748694305,0.001534754954584239,-0.1123121508404424,2,2
666,0.6660000000000005,ramp,66.6,2.170432036858274,0.0047176783833657865,1.0602552633357547,0.060255263335754705,0.004655716542399551,2.1108120914118302,0.0015363554681193706,-0.06196184096623515,2,2
667,0.6670000000000005,ramp,66.7,2.178561571123997,0.008129534265723048,1.0603690114926552,0.06036901149265517,0.008017331464667005,2.1188294228764972,0.0015378601156048892,-0.11220280105604316,2,2
668,0.6680000000000005,ramp,66.8,2.183299963341016,0.004738392217018994,1.0604326047813961,0.060432604781396115,0.004676340942763297,2.1235057638192605,0.00153945975828131,-0.062051274255696745,2,2
669,0.6690000000000005,ramp,66.9,2.1914467923465035,0.008146829005487355,1.0605462470914355,0.06054624709143552,0.008034735142590054,2.1315404989618507,0.0015409638234998822,-0.1120938628973011,2,2
670,0.6700000000000005,ramp,67.0,2.196205911420736,0.004759119074232654,1.0606099325485732,0.060609932548573164,0.004696978741544314,2.136237477703395,0.0015425626009024618,-0.06214033268834001,2,2
671,0.6710000000000005,ramp,67.1,2.2043700222502105,0.008164110829474325,1.0607234694204415,0.06072346942044149,0.008052125494605196,2.144289603198,0.0015440660886114979,-0.11198533486912916,2,2
672,0.6720000000000005,ramp,67.2,2.209149881075448,0.004779858825237682,1.0607872466711665,0.06078724667116653,0.004717629807500572,2.149007233005501,0.0015456640062835115,-0.062229017737109975,2,2
673,0.6730000000000005,ramp,67.3,2.2173312609420615,0.00818137986661327,1.0609006785118793,0.0609006785118793,0.008069502651467272,2.1570767356569682,0.0015471669211998976,-0.11187721514599805,2,2
674,0.6740000000000005,ramp,67.4,2.2221318722831778,0.004800611341116312,1.06096454718281,0.06096454718280997,0.004738294010265973,2.1618150296672343,0.0015487639846432338,-0.062317330850339414,2,2
675,0.6750000000000005,ramp,67.5,2.2303305085286214,0.008198636245443591,1.061077874397782,0.061077874397782006,0.008086866743121146,2.1699018964103556,0.0015502663314442674,-0.1117695023224452,2,2
676,0.6760000000000005,ramp,67.6,2.235151885022372,0.004821376493750584,1.0611418341170047,0.06114183411700469,0.004758971220257614,2.1746608676306134,0.0015518625461195547,-0.06240527349297021,2,2
677,0.6770000000000005,ramp,67.7,2.243367765115649,0.008215880093277228,1.061255057110023,0.06125505711002299,0.008104217898716806,2.18276508552933,0.001553364329444015,-0.11166219456042181,2,2
678,0.6780000000000005,ramp,67.8,2.248209919271507,0.00484215415585787,1.0613191075070982,0.061319107507098236,0.0047796613087348165,2.187544746838065,0.001554959700771387,-0.06249284712305306,2,2
679,0.6790000000000005,ramp,67.9,2.2564430308083336,0.008233111536826598,1.0614322266803229,0.06143222668032289,0.008121556246550326,2.1956663030846153,0.0015564609252191378,-0.1115552902762728,2,2
680,0.6800000000000005,ramp,68.0,2.26130597500927,0.004862944200936248,1.0614963673862678,0.06149636738626785,0.004800364147771361,2.2004666672323867,0.0015580554585783685,-0.062580053164887,2,2
681,0.6810000000000005,ramp,68.1,2.2695563057114185,0.008250330702148645,1.0616093831402684,0.061609383140268426,0.008138881914125437,2.208605549146512,0.0015595561287112558,-0.11144878802320755,2,2
682,0.6820000000000005,ramp,68.2,2.27444005221475,0.004883746503331565,1.0616736137875336,0.061673613787533554,0.004821079610246679,2.2134266287567588,0.0015611498294425977,-0.06266689308488584,2,2
683,0.6830000000000005,ramp,68.3,2.282707589928773,0.00826753771402311,1.0617865265212443,0.06178652652124428,0.008156195028133252,2.221582823784892,0.0015626499497848106,-0.11134268588985745,2,2
684,0.6840000000000005,ramp,68.4,2.287612150866902,0.004904560938128633,1.06185084674375,0.061850846743749965,0.004841807569843931,2.226424631354736,0.0015642428231889014,-0.06275336828470181,2,2
685,0.6850000000000005,ramp,68.5,2.2958968835638798,0.008284732696977937,1.0619636568545512,0.061963656854551186,0.00817349571444879,2.2345981270691846,0.0015657423982269345,-0.11123698252914725,2,2
686,0.6860000000000005,ramp,68.6,2.3008222709452046,0.004925387381324864,1.062028066287609,0.06202806628760893,0.004862547901070106,2.2394606749702546,0.0015673344495659653,-0.06283948025475813,2,2
687,0.6870000000000005,ramp,68.7,2.3091241867196097,0.008301915774405089,1.062140774171285,0.06214077417128494,0.008190784098147169,2.247651459068402,0.0015688334837497446,-0.11113167625791988,2,2
688,0.6880000000000005,ramp,68.8,2.3140704124291314,0.004946225709521634,1.0622052724516822,0.06220527245168217,0.004883300479222108,2.2525347595476237,0.0015704247182469148,-0.06292523029952611,2,2
689,0.6890000000000005,ramp,68.9,2.3223894994981076,0.008319087068976216,1.0623178785024145,0.06231787850241455,0.008208060303528672,2.2607428198511523,0.0015719232159899683,-0.11102676544754407,2,2
690,0.6900000000000005,ramp,69.0,2.3273565752984466,0.00496707580033906,1.0623824652683531,0.062382465268353116,0.00490406518037173,2.265646885031524,0.0015735136388306677,-0.06301061996733057,2,2
691,0.6910000000000005,ramp,69.1,2.3356928220010236,0.008336246702576933,1.0624949698787645,0.06249496987876446,0.008225324454057254,2.273872209485581,0.0015750116045097956,-0.1109222485196782,2,2
692,0.6920000000000005,ramp,69.2,2.340680759533071,0.004987937532047404,1.06255964476984,0.06255964476984,0.004924841881433044,2.278797051367014,0.0015766012208417687,-0.06309565061436012,2,2
693,0.6930000000000005,ramp,69.3,2.3490341543294693,0.008353394796398295,1.0626720483309922,0.06267204833099216,0.008242576672442768,2.287039628039457,0.0015780986587987974,-0.11081812395552677,2,2
694,0.6940000000000005,ramp,69.4,2.354042965113121,0.005008810783651896,1.0627368109882631,0.06273681098826311,0.004945630460050597,2.2919852584995075,0.0015796874737320605,-0.06318032360129888,2,2
695,0.6950000000000005,ramp,69.5,2.362413496583798,0.008370531470677012,1.0628491138896234,0.06284911388962344,0.008259817080593743,2.300245075580101,0.0015811843882731988,-0.11071439008326911,2,2
696,0.6960000000000005,ramp,69.6,2.3674431920189556,0.005029695435157411,1.062913963955519,0.06291396395551896,0.004966430794701244,2.3052115063748024,0.0015827724068812746,-0.06326464045616677,2,2
697,0.6970000000000005,ramp,69.7,2.375830848864049,0.00838765684509335,1.0630261665850271,0.06302616658502713,0.008277045799638465,2.313488552174441,0.0015842688022777301,-0.11061104545488469,2,2
698,0.6980000000000005,ramp,69.8,2.3808814402310357,0.005050591366986712,1.063091103703423,0.06309110370342297,0.004987242764599611,2.3184757949390407,0.0015858560295972056,-0.06334860238710066,2,2
699,0.6990000000000005,ramp,69.9,2.389286211269504,0.008404771038468262,1.0632032064474586,0.06320320644745858,0.008294262949953909,2.3267700578889947,0.0015873519100858247,-0.11050808851435258,2,2
700,0.7000000000000005,ramp,70.0,2.3943577097301545,0.005071498460650581,1.0632682302635894,0.06326823026358941,0.0050080662497327625,2.3317781241387276,0.001588938351117368,-0.06343221091781835,2,2
701,0.7010000000000005,ramp,70.1,2.4027795838989054,0.008421874168750954,1.0633802335069866,0.06338023350698663,0.008311468651126854,2.3400895927898544,0.0015904337209006977,-0.11040551762409902,2,2
702,0.7020000000000005,ramp,70.2,2.4078720004971963,0.00509241659829085,1.0634453436675013,0.06344534366750132,0.005028901130897021,2.3451184939207512,0.0015920193806091346,-0.0635154673938286,2,2
703,0.7030000000000005,ramp,70.3,2.416310966850349,0.008438966353152555,1.0635572477935726,0.06355724779357264,0.008328663021970571,2.353447156942722,0.001593514243855701,-0.11030333118198371,2,2
704,0.7040000000000005,ramp,70.4,2.4214243125131913,0.0051133456628424945,1.0636224439465078,0.06362244394650785,0.005049747289607109,2.358496904232329,0.00159509912717021,-0.06359837323538509,2,2
705,0.7050000000000005,ramp,70.5,2.4298803602216608,0.008456047708469416,1.0637342493370185,0.06373424933701854,0.008345846180560551,2.3668427504128897,0.0015965934880156415,-0.11020152790886494,2,2
706,0.7060000000000005,ramp,70.6,2.4350146457595865,0.00513428553792572,1.0637995311317896,0.0637995311317896,0.005070604608170212,2.37191335502106,0.0015981775998305412,-0.0636809297555078,2,2
707,0.7070000000000005,ramp,70.7,2.4434877641096784,0.008473118350091902,1.0639112381669982,0.06391123816699817,0.008363018244184492,2.3802763732652443,0.0015996714623768816,-0.1101001059074097,2,2
708,0.7080000000000005,ramp,70.8,2.44864300021772,0.005155236108041805,1.0639766052544057,0.06397660525440574,0.005091472969628453,2.385367846234873,0.0016012548075515398,-0.06376313841335249,2,2
709,0.7090000000000005,ramp,70.9,2.457133178611157,0.00849017839343702,1.0640882143130437,0.06408821431304368,0.008380179329405438,2.3937480255642782,0.0016027481758682243,-0.10999906403158163,2,2
710,0.7100000000000005,ramp,71.0,2.462309375869397,0.00517619725823959,1.0641536663452544,0.06415366634525443,0.00511235225780204,2.3988603778220803,0.0016043307592279218,-0.06384500043755004,2,2
711,0.7110000000000005,ramp,71.1,2.4708166038218464,0.008507227952449625,1.0642651778045444,0.06426517780454444,0.008397329551994594,2.407257707374075,0.0016058236373519311,-0.10989840045503088,2,2
712,0.7120000000000005,ramp,71.2,2.4760137726964073,0.005197168874560898,1.0643307144350829,0.06433071443508287,0.005133242357236908,2.4123909497313116,0.0016074054636874657,-0.06392651732398981,2,2
713,0.7130000000000005,ramp,71.3,2.4845380398372017,0.00852426714079435,1.064442128670737,0.06444212867073706,0.008414469027026493,2.4208054187583383,0.001608897855623958,-0.10979811376785747,2,2
714,0.7140000000000005,ramp,71.4,2.489756190680799,0.005218150843597336,1.06450774955454,0.06450774955454008,0.005154143153232754,2.4259595619115712,0.0016104789296926797,-0.06400769036458194,2,2
715,0.7150000000000005,ramp,71.5,2.498297486752092,0.008541296071292948,1.0646190669407656,0.06461906694076558,0.00843159786879773,2.434391159780369,0.0016119708394150304,-0.10969820249521686,2,2
716,0.7160000000000005,ramp,71.6,2.5035366298048864,0.005239143052794493,1.0646847717340715,0.0646847717340715,0.00517505453182222,2.4395662143121912,0.0016135511659409183,-0.0640885209722726,2,2
717,0.7170000000000005,ramp,71.7,2.512094944660932,0.008558314856045524,1.0647959926436026,0.06479599264360258,0.008448716190888574,2.4480149305030796,0.0016150425973908197,-0.1095986651569493,2,2
718,0.7180000000000005,ramp,71.8,2.5173550900510797,0.005260145390147741,1.0648617810040222,0.06486178100402218,0.005195976379789871,2.4532109068828696,0.0016166221810649957,-0.06416901035787015,2,2
719,0.7190000000000005,ramp,71.9,2.5259304136573166,0.008575323606236918,1.0649729058080963,0.06497290580809634,0.00846582410610607,2.4616767309889758,0.001618113138153286,-0.10949950013084721,2,2
720,0.7200000000000005,ramp,72.0,2.5312115714019616,0.005281157744644993,1.0650387773946024,0.0650387773946024,0.00521690858466165,2.4668936395736374,0.001619691983633572,-0.06424915998334314,2,2
721,0.7210000000000005,ramp,72.1,2.539803893834676,0.008592322432714461,1.0651498064629707,0.06514980646297075,0.008482921726569519,2.475376561300207,0.0016211824702404537,-0.10940070614494195,2,2
722,0.7220000000000005,ramp,72.2,2.545106073840377,0.005302180005700929,1.065215760935854,0.0652157609358539,0.0052378510346461895,2.480614412334853,0.0016227605821528823,-0.06432897105473986,2,2
723,0.7230000000000005,ramp,72.3,2.553715385285562,0.008609311445185064,1.0653266946367974,0.06532669463679741,0.008500009163677585,2.4891144214985306,0.0016242506021282106,-0.10930228150747914,2,2
724,0.7240000000000005,ramp,72.4,2.5590385973493053,0.005323212063743199,1.0653927316577079,0.06539273165770787,0.005258803618705699,2.4943732251172364,0.001625827985066461,-0.06440844503750008,2,2
725,0.7250000000000005,ramp,72.5,2.567664888102254,0.00862629075294885,1.065503570358047,0.0655035703580471,0.008517086528065048,2.5028903116453014,0.001627317542229514,-0.10920422488380245,2,2
726,0.7260000000000005,ramp,72.6,2.573009141911947,0.005344253809692834,1.0655696895899631,0.06556968958996312,0.005279766226534343,2.508170077871836,0.0016288942007555587,-0.06448758315849047,2,2
727,0.7270000000000005,ramp,72.7,2.581652402376358,0.008643260464411107,1.0656804336550447,0.06568043365504472,0.008534153929675697,2.5167042318015116,0.001630383298896435,-0.1091065347354099,2,2
728,0.7280000000000005,ramp,72.8,2.5870177075116905,0.005365305135332399,1.065746634762252,0.06574663476225195,0.005300738748515013,2.5220049705500265,0.0016319592375407595,-0.06456638681738569,2,2
729,0.7290000000000005,ramp,72.9,2.5956779281989526,0.008660220687262132,1.0658572845559826,0.06585728455598261,0.008551211477742382,2.5305561820277687,0.0016334478804196303,-0.1090092095197507,2,2
730,0.7300000000000005,ramp,73.0,2.601064294131937,0.0053863659329844715,1.0659235672040979,0.06592356720409787,0.005321721075771199,2.5358779031035397,0.0016350231036816353,-0.06464485721327257,2,2
731,0.7310000000000005,ramp,73.1,2.6097414656607145,0.00867717152877745,1.0660341230889159,0.06603412308891587,0.008568259280769935,2.5444461623843098,0.0016365112950298417,-0.10891224800751477,2,2
732,0.7320000000000005,ramp,73.2,2.6151489017566742,0.005407436095959728,1.0661004869448898,0.06610048694488979,0.005342713100106351,2.549788875484416,0.0016380858073780306,-0.06472299585337689,2,2
733,0.7330000000000005,ramp,73.3,2.623843014851695,0.008694113095020661,1.0662109492817866,0.06621094928178661,0.008585297446580032,2.558374172930996,0.001639573550897652,-0.10881564844062927,2,2
734,0.7340000000000005,ramp,73.4,2.629271530369566,0.0054285155178712685,1.066277394013873,0.066277394013873,0.0053637147140346494,2.5637378876450305,0.001641147356770045,-0.06480080383661907,2,2
735,0.7350000000000005,ramp,73.5,2.6379825758615123,0.008711045491946123,1.066387763162427,0.066387763162427,0.00860232608228497,2.5723402137273155,0.0016426346561351625,-0.10871940966115413,2,2
736,0.7360000000000005,ramp,73.6,2.643432179954898,0.005449604093385574,1.066454288440187,0.06645428844018708,0.005384725810777724,2.577724939538093,0.0016442077599391793,-0.06487828260784943,2,2
737,0.7370000000000005,ramp,73.7,2.6521601487792306,0.008727968824332688,1.0665645647585074,0.06656456475850736,0.008619345294291085,2.586344284832384,0.0016456946187951764,-0.10862353004160302,2,2
738,0.7380000000000005,ramp,73.8,2.657630850496809,0.005470701717578574,1.0666311702528009,0.06663117025280085,0.005405746284254813,2.591750031116639,0.0016472670249086778,-0.06495543332376164,2,2
739,0.7390000000000005,ramp,73.9,2.66637573369336,0.008744883196550646,1.066741354097582,0.06674135409758208,0.008636355188314933,2.6003863863049537,0.001648753446872985,-0.10852800823571256,2,2
740,0.7400000000000005,ramp,74.0,2.67186754197976,0.005491808286400168,1.0668080394805766,0.06680803948057656,0.005426776029077541,2.605813162334031,0.0016503251596441623,-0.0650322573226272,2,2
741,0.7410000000000005,ramp,74.1,2.680629330691907,0.008761788712146945,1.0669181312071307,0.06691813120713075,0.008653355869378801,2.6144665182034097,0.0016518111483065686,-0.10843284276814379,2,2
742,0.7420000000000005,ramp,74.2,2.686142254388518,0.0055129236966111606,1.0669848961522512,0.06698489615225123,0.005447814940537703,2.6199143331439476,0.0016533821720540111,-0.06510875607345766,2,2
743,0.7430000000000005,ramp,74.3,2.694920939862574,0.008778685474056136,1.0670948961144322,0.0670948961144322,0.008670347441826634,2.6285846805857744,0.0016548677309767116,-0.10833803222950154,2,2
744,0.7440000000000005,ramp,74.4,2.7004549877076798,0.005534047845105583,1.067161740296426,0.06716174029642596,0.005468862914617854,2.6340535435003924,0.0016564380699900575,-0.06518493048772878,2,2
745,0.7450000000000006,ramp,74.5,2.7092505612922793,0.008795573584599481,1.0672716488467051,0.06727164884670511,0.008687330009310297,2.6427408735097027,0.0016579232027084116,-0.10824357528918353,2,2
746,0.7460000000000006,ramp,74.6,2.7148057419224134,0.00555518063013416,1.0673385719415802,0.06733857194158022,0.0054899198479832845,2.648230793357686,0.0016594928612482327,-0.06526078215087545,2,2
747,0.7470000000000006,ramp,74.7,2.7236181950676372,0.00881245314522383,1.0674483894309987,0.06744838943099873,0.008704303674812475,2.6569350970324987,0.0016609775712704946,-0.1081494704113558,2,2
748,0.7480000000000006,ramp,74.8,2.7291945170177625,0.0055763219501252514,1.0675153911160755,0.06751539111607552,0.005510985637979093,2.6624460826704777,0.001662546553569227,-0.06533631214615879,2,2
749,0.7490000000000006,ramp,74.9,2.738023841274629,0.008829324256866666,1.067625117894289,0.06762511789428904,0.008721268540618103,2.671167351211096,0.0016640308443770183,-0.1080557162485632,2,2
750,0.7500000000000006,ramp,75.0,2.743621312979201,0.005597471704571699,1.0676921978481275,0.06769219784812752,0.005532060182621173,2.676699411393717,0.00166559915463823,-0.06541152195052666,2,2
751,0.7510000000000006,ramp,75.1,2.752467499998933,0.008846187019732277,1.0678018342633955,0.06780183426339548,0.008738224708372275,2.6854376361020895,0.001667083029687026,-0.10796231136000166,2,2
752,0.7520000000000006,ramp,75.2,2.7580861297921184,0.005618629793185281,1.0678689921658195,0.06786899216581954,0.005553143380583654,2.6909907794826733,0.0016686506720868092,-0.06548641260162735,2,2
753,0.7530000000000006,ramp,75.3,2.766949171325512,0.008863041533393456,1.0679785385650495,0.06797853856504954,0.008755172279034641,2.6997459517617077,0.001670134134805837,-0.10786925435881528,2,2
754,0.7540000000000006,ramp,75.4,2.772588967442253,0.005639796116740925,1.0680457740971594,0.0680457740971594,0.0055742351312299205,2.7053201868929375,0.0016717011134920723,-0.06556098551100449,2,2
755,0.7550000000000006,ramp,75.5,2.7814688553390887,0.008879887896835914,1.0681552308258349,0.06815523082583486,0.008772111352896449,2.7140922982458338,0.0016731841672849865,-0.10777654393946505,2,2
756,0.7560000000000006,ramp,75.6,2.7871298259154633,0.005660970576374602,1.0682225436699864,0.06822254366998637,0.005595335334565744,2.7196876335803997,0.0016747504863781995,-0.06563524180885817,2,2
757,0.7570000000000006,ramp,75.7,2.796026552123687,0.008896726208223793,1.0683319110722296,0.06833191107222958,0.00878904202959949,2.728476675609999,0.001676233134622772,-0.1076841786243031,2,2
758,0.7580000000000006,ramp,75.8,2.801708705197762,0.005682153074074936,1.0683993009120492,0.06839930091204915,0.005616443891260679,2.7340931195012597,0.0016777987982163854,-0.06570918281425739,2,2
759,0.7590000000000006,ramp,75.9,2.8106222617629846,0.008913556565222525,1.0685085793306095,0.0685085793306095,0.008805964408136876,2.7428990839093967,0.0016792810442653795,-0.10759215708564841,2,2
760,0.7600000000000006,ramp,76.0,2.816325605275355,0.005703343512370562,1.068576045850945,0.06857604585094501,0.005637560702635125,2.748536644612032,0.00168084605642571,-0.06578280973543703,2,2
761,0.7610000000000006,ramp,76.1,2.825255984340165,0.008930379064809646,1.0686852356272172,0.06868523562721718,0.008822878586822007,2.7573595231988537,0.0016823279036065305,-0.10750047798763901,2,2
762,0.7620000000000006,ramp,76.2,2.83098052613466,0.00572454179449533,1.0687527785141748,0.06875277851417483,0.005658685670675559,2.7630182088695294,0.001683892268373179,-0.0658561238197717,2,2
763,0.7630000000000006,ramp,76.3,2.8399277199378274,0.00894719380316733,1.0688618799882017,0.0688618799882017,0.008839784663333334,2.771857993532863,0.0016853737199885679,-0.1074091398339961,2,2
764,0.7640000000000006,ramp,76.4,2.8456734677621918,0.005745747824364322,1.0689294989290947,0.06892949892909472,0.0056798186980143,2.7775378122308774,0.0016869374413746759,-0.06592912635002261,2,2
765,0.7650000000000006,ramp,76.5,2.8546374686383067,0.00896400087611493,1.069038512439561,0.06903851243956094,0.00885668273470795,2.7863944949655854,0.0016884185007029527,-0.10731814140698022,2,2
766,0.7660000000000006,ramp,76.6,2.8604044301446816,0.005766961506374901,1.0691062071229915,0.06910620712299154,0.005700959687908963,2.7920954546534946,0.0016899815826951082,-0.06600181846593868,2,2
767,0.7670000000000006,ramp,76.7,2.8693852305233563,0.008980800378674658,1.0692151330072046,0.06921513300720461,0.008873572897332547,2.800969027550827,0.0016914622529902472,-0.10722748134211167,2,2
768,0.7680000000000006,ramp,76.8,2.8751734132689686,0.005788182745612325,1.069282903122975,0.06928290312297491,0.005722108544274183,2.8066911360951012,0.0016930246995494878,-0.06607420133814164,2,2
769,0.7690000000000006,ramp,76.9,2.884171005674154,0.008997592405185273,1.069391741716938,0.06939174171693807,0.00889045524696667,2.815581591342068,0.0016945049840411438,-0.10713715821860335,2,2
770,0.7700000000000006,ramp,77.0,2.8899804171222585,0.005809411448104651,1.0694595869560874,0.06945958695608745,0.005743265171662234,2.8213248565137303,0.0016960667991025395,-0.06614627644241713,2,2
771,0.7710000000000006,ramp,77.1,2.8989947941715455,0.009014377049286981,1.069568338594462,0.0695683385944621,0.008907329878705678,2.830232186392436,0.0016975467009964996,-0.1070471705813033,2,2
772,0.7720000000000006,ramp,77.2,2.90482544169153,0.0058306475199843,1.0696362586492096,0.06963625864920964,0.00576442947526093,2.8359966158676966,0.0016991078884697598,-0.0662180447233698,2,2
773,0.7730000000000006,ramp,77.3,2.9138565960959326,0.00903115440440283,1.0697449236653245,0.06974492366532448,0.008924196887037418,2.844920812754734,0.0017005874109483623,-0.1069575173654122,2,2
774,0.7740000000000006,ramp,77.4,2.9197084869643373,0.005851890868404652,1.0698129182291305,0.0698129182291305,0.005785601360880499,2.8507064141156144,0.0017021479747173275,-0.06628950752415354,2,2
775,0.7750000000000006,ramp,77.5,2.9287564115273153,0.009047924562977983,1.069921496954992,0.06992149695499195,0.008941056365837235,2.859647470481452,0.0017036271209400985,-0.10686819714074772,2,2
776,0.7760000000000006,ramp,77.6,2.9346295529281563,0.005873141400841053,1.0699895657225398,0.06998956572253978,0.0058067807349339124,2.8654542512163856,0.0017051870648637218,-0.06636066590714074,2,2
777,0.7770000000000006,ramp,77.7,2.9436942405449655,0.00906468761680923,1.0700980584888,0.07009805848880002,0.008957908408331973,2.8744121596247174,0.001706665837966324,-0.10677920847725758,2,2
778,0.7780000000000006,ramp,77.8,2.949588639570832,0.005894399025866637,1.0701662011559987,0.0701662011559987,0.005827967504504981,2.8802401271292224,0.0017082251658792845,-0.06643152136165571,2,2
779,0.7790000000000006,ramp,77.9,2.958670083228004,0.009081443657172006,1.0702746082920427,0.07027460829204268,0.00897475310712892,2.8892148802363513,0.0017097035689744278,-0.1066905500430853,2,2
780,0.7800000000000006,ramp,78.0,2.964585746880062,0.0059156636520576455,1.0703428245559274,0.07034282455592744,0.005849161577254465,2.895064041813606,0.00171126228468602,-0.06650207480318054,2,2
781,0.7810000000000006,ramp,78.1,2.973683939654992,0.00909819277493007,1.070451146389827,0.07045114638982697,0.008991590554225166,2.904055632367831,0.0017127403208639506,-0.10660222070490305,2,2
782,0.7820000000000006,ramp,78.2,2.9796208748439974,0.00593693518900551,1.0705194359486792,0.07051943594867915,0.005870362861492857,2.9099259952293237,0.0017142984281598005,-0.06657232751265327,2,2
783,0.7830000000000006,ramp,78.3,2.988735809904043,0.009114935060045681,1.070627672807174,0.07062767280717397,0.009008420840996153,2.9189344160703197,0.001715776100488318,-0.10651421904952878,2,2
784,0.7840000000000006,ramp,78.4,2.994694023450766,0.005958213546723101,1.070696035360473,0.07069603536047309,0.005891571266121462,2.9248259873364413,0.0017173336031291956,-0.06664228060163958,2,2
785,0.7850000000000006,ramp,78.5,3.0038256940527464,0.009131670601980169,1.0708041875690337,0.07080418756903373,0.009025244058214548,2.9338512313946556,0.0017188109146536147,-0.10642654376562082,2,2
786,0.7860000000000006,ramp,78.6,3.0098051926888725,0.005979498636126124,1.0708726228174397,0.07087262281743967,0.005912786700665231,2.939764018095321,0.0017203678163769014,-0.06671193546089245,2,2
787,0.7870000000000006,ramp,78.7,3.0189535921784247,0.009148399489552261,1.0709806907002022,0.07098069070020219,0.009042060296031754,2.948806078391353,0.001721844770120697,-0.10633919352050734,2,2
788,0.7880000000000006,ramp,78.8,3.024954382546693,0.006000790368268394,1.0710491983455377,0.07104919834553769,0.005934009075250167,2.954740087466603,0.0017234010746396537,-0.066781293018227,2,2
789,0.7890000000000006,ramp,78.9,3.0341195043577707,0.009165121811077537,1.0711571822253907,0.07115718222539069,0.009058869644004148,2.963798957110607,0.0017248776736041081,-0.10625216707338923,2,2
790,0.7900000000000006,ramp,79.0,3.040141593013004,0.0060220886552331265,1.0712257619707035,0.07122576197070352,0.005955238300583547,2.9697541954111903,0.0017264333846084732,-0.0668503546495799,2,2
791,0.7910000000000006,ramp,79.1,3.0493234306672306,0.009181837654226754,1.0713336621692242,0.07133366216922421,0.009075672191108988,2.9788298676022995,0.0017279096317737808,-0.10616546311776644,2,2
792,0.7920000000000006,ramp,79.2,3.055366824076677,0.006043393409446374,1.071402313718679,0.071402313718679,0.005976474288013231,2.984806341890313,0.0017294647529304476,-0.06691912143314253,2,2
793,0.7930000000000006,ramp,79.3,3.064565371182738,0.00919854710606094,1.0715101305562016,0.07151013055620159,0.009092468025672,2.9938988099159847,0.0017309406512548765,-0.1060790803889388,2,2
794,0.7940000000000006,ramp,79.4,3.0706300757265925,0.00606470454385466,1.071578853615153,0.07157885361515293,0.005997716949455835,2.9998965268654407,0.0017324951862066056,-0.06698759439882455,2,2
795,0.7950000000000006,ramp,79.5,3.0798453259797203,0.00921525025312775,1.0716865874107242,0.0716865874107242,0.009109257235480159,3.009005784100921,0.001733970738627711,-0.10599301764759039,2,2
796,0.7960000000000006,ramp,79.6,3.0859313479520845,0.006086021972364186,1.0717553816857108,0.07175538168571083,0.006018966197406732,3.0150247502983274,0.0017355246909952235,-0.067055774957454,2,2
797,0.7970000000000006,ramp,79.7,3.0951632951332595,0.009231947181175038,1.071863032757101,0.07186303275710104,0.009126039907713109,3.0241507902060407,0.0017369999004291958,-0.10590727346192902,2,2
798,0.7980000000000006,ramp,79.8,3.1012706407422574,0.006107345608997949,1.0719318979557808,0.07193189795578081,0.006040221944976051,3.030191012151017,0.0017385532738102467,-0.06712366402189876,2,2
799,0.7990000000000006,ramp,79.9,3.110519278717965,0.00924863797570774,1.0720394666195117,0.07203946661951166,0.009142816128957868,3.039333828279975,0.0017400281431522707,-0.10582184674987234,2,2
800,0.8000000000000006,ramp,80.0,3.116647954086774,0.006128675368808789,1.0721084024507455,0.07210840245074546,0.006061484105841781,3.045395312385817,0.0017415809411220591,-0.06719126296700784,2,2
801,0.8010000000000006,ramp,80.1,3.125913276808112,0.009265322721338176,1.0722158890220792,0.0722158890220792,0.009159585985221217,3.054554898371038,0.0017430554732470514,-0.10573673611695943,2,2
802,0.8020000000000006,ramp,80.2,3.1320632879752797,0.006150011167167513,1.072284895195841,0.07228489519584103,0.006082752594280956,3.060637650965319,0.0017446076993586235,-0.0672585728865565,2,2
803,0.8030000000000006,ramp,80.3,3.1413452894774503,0.009282001502170623,1.072392299988771,0.07239229998877095,0.009176349561905574,3.0698140005272245,0.0017460818971206855,-0.10565194026504812,2,2
804,0.8040000000000006,ramp,80.4,3.147516642397397,0.006171352919946749,1.0724613762162212,0.07246137621622117,0.006104027325165525,3.07591802785239,0.0017476335549049937,-0.06732559478122342,2,2
805,0.8050000000000006,ramp,80.5,3.1568153167993933,0.009298674401996276,1.0725686995435126,0.07256869954351264,0.009193106943848057,3.085111134796238,0.0017491074211382581,-0.10556745814821987,2,2
806,0.8060000000000006,ramp,80.6,3.163008017343141,0.0061927005437478755,1.0726378455369159,0.07263784553691588,0.006125308213903774,3.0912364430101418,0.0017506585141038274,-0.06739232984410114,2,2
807,0.8070000000000006,ramp,80.7,3.172323358846941,0.009315341503799868,1.0727450877100917,0.0727450877100917,0.009209858215369607,3.1004463012255115,0.0017521320516227011,-0.10548328843026054,2,2
808,0.8080000000000006,ramp,80.8,3.1785374128026325,0.006214053955691412,1.0728143031828576,0.07281430318285764,0.0061465951764548615,3.1065928964019665,0.0017536825832568075,-0.06745877923655055,2,2
809,0.8090000000000006,ramp,80.9,3.187869415692617,0.00933200288998437,1.0729214645121914,0.07292146451219139,0.009226603460152055,3.1158194998621185,0.0017551557948552005,-0.10539942983231465,2,2
810,0.8100000000000006,ramp,81.0,3.194104828766085,0.006235413073468088,1.0729907491788786,0.0729907491788786,0.006167888129421131,3.1219873879915396,0.0017567057686232763,-0.06752494404695715,2,2
811,0.8110000000000006,ramp,81.1,3.2034534874085216,0.009348658642436725,1.073097829973439,0.07309782997343905,0.00924334276130956,3.1312307307528493,0.0017581786570757861,-0.10531588112716421,2,2
812,0.8120000000000006,ramp,81.2,3.209710265223947,0.0062567778154254405,1.0731671835497254,0.0731671835497254,0.00618918698994965,3.137419917742799,0.001759728076422285,-0.06759082547579033,2,2
813,0.8130000000000006,ramp,81.3,3.219075574066396,0.009365308842448794,1.0732741841173308,0.07327418411733078,0.009260076201413177,3.146679993944212,0.0017612006444838759,-0.10523264103561719,2,2
814,0.8140000000000006,ramp,81.4,3.2253537221667434,0.006278148100347547,1.0733436063200297,0.07334360632002968,0.006210491675709178,3.1528904856199214,0.001762749512831638,-0.06765642463836888,2,2
815,0.8150000000000006,ramp,81.5,3.2347356757375607,0.00938195357081728,1.0734505269672834,0.07345052696728338,0.009276803862490973,3.1621672894824124,0.0017642217632382205,-0.10514970832630789,2,2
816,0.8160000000000006,ramp,81.6,3.2410351995850983,0.006299523847537625,1.0735200175143031,0.07352001751430315,0.006231802104963006,3.1683990915873754,0.0017657700839892577,-0.06772174257461873,2,2
817,0.8170000000000006,ramp,81.7,3.2504337924930384,0.009398592907940095,1.0736268585465898,0.07362685854658979,0.009293525825971599,3.177692617413347,0.0017672420194571748,-0.10506708196849658,2,2
818,0.8180000000000006,ramp,81.8,3.256754697469881,0.006320904976842456,1.0736964171569916,0.0736964171569916,0.006253118196524398,3.1839457356098713,0.001768789795992924,-0.06778678031805867,2,2
819,0.8190000000000006,ramp,81.9,3.26616992440323,0.009415226933349174,1.0738031788784832,0.0738031788784832,0.009310242172771096,3.193255977782642,0.0017702614192200744,-0.10498476057807862,2,2
820,0.8200000000000006,ramp,82.0,3.2725122158122315,0.006342291409001444,1.0738728052724138,0.0738728052724138,0.00627443986974899,3.199530417652391,0.001771808654901051,-0.0678515392524533,2,2
821,0.8210000000000006,ramp,82.1,3.281944071538261,0.009431855726029337,1.0739794879860884,0.07397948798608844,0.009326952983216365,3.2088573706356076,0.0017732799685658072,-0.10490274281297132,2,2
822,0.8220000000000006,ramp,82.2,3.2883077546030695,0.006363683064808612,1.074049181884801,0.07404918188480103,0.006295767044573789,3.2151531376801814,0.0017748266667323887,-0.06791602023482282,2,2
823,0.8230000000000006,ramp,82.3,3.2977562339679105,0.009448479364841056,1.0741557858924213,0.07415578589242133,0.009343658337098899,3.2244967960172803,0.0017762976734952292,-0.10482102774215726,2,2
824,0.8240000000000006,ramp,82.4,3.304141313833881,0.006385079865970589,1.0742255470182858,0.07422554701828576,0.006317099641434744,3.230813895658715,0.0017778438374669375,-0.06798022453584437,2,2
825,0.8250000000000006,ramp,82.5,3.313606411761649,0.00946509792776773,1.0743320726204524,0.07433207262045238,0.009360358313690484,3.2401742539724054,0.0017793145399698518,-0.10473961407724518,2,2
826,0.8260000000000006,ramp,82.6,3.3200128934959663,0.00640648173431746,1.0744019006969203,0.07440190069692032,0.006338437581336566,3.246512691553742,0.0017808601730463034,-0.06804415298089332,2,2
827,0.8270000000000006,ramp,82.7,3.3294946049881315,0.009481711492165257,1.074508348192999,0.0745083481929989,0.00937705299170228,3.255889744545444,0.0017823305739128185,-0.10465850046297714,2,2
828,0.8280000000000006,ramp,82.8,3.3359224935809455,0.006427888592813957,1.0745782429446147,0.07457824294461468,0.006359780785835707,3.26224952533128,0.0017838756793741198,-0.06810780697825025,2,2
829,0.8290000000000006,ramp,82.9,3.345420813716154,0.009498320135208349,1.0746846126328022,0.07468461263280224,0.009393742449268449,3.2716432677805485,0.001785345781209317,-0.10457768593990016,2,2
830,0.8300000000000006,ramp,83.0,3.351870114080563,0.006449300364409272,1.0747545737852282,0.0747545737852282,0.006381129177031562,3.27802439695758,0.001786890362315341,-0.06817118737770939,2,2
831,0.8310000000000006,ramp,83.1,3.3613850380138284,0.009514923933265251,1.074860865962528,0.07486086596252806,0.009410426764040905,3.287434823721621,0.0017883601677071673,-0.10449716922434661,2,2
832,0.8320000000000006,ramp,83.2,3.3678557549867256,0.00647071697289725,1.0749308932425152,0.07493089324251523,0.006402482677525601,3.2938373063991464,0.001789904227698475,-0.06823429537164936,2,2
833,0.8330000000000006,ramp,83.3,3.3773872779488343,0.009531522962108685,1.075037108204755,0.07503710820475495,0.009427106013102586,3.3032644124122488,0.0017913737392161462,-0.10441694900609894,2,2
834,0.8340000000000006,ramp,83.4,3.3838794162913635,0.006492138342529152,1.0751072013400997,0.07510720134009974,0.006423841210490211,3.3096882536227388,0.0017929172813136176,-0.06829713203894155,2,2
835,0.8350000000000006,ramp,83.5,3.39342753358867,0.009548117297306646,1.0752133393819683,0.07521333938196828,0.009443780273029695,3.3191320338957686,0.0017943865015098686,-0.10433702427695146,2,2
836,0.8360000000000006,ramp,83.6,3.3999410979866336,0.006513564397963467,1.0752834981015615,0.07528349810156154,0.006445204699592475,3.3255772385953613,0.0017959295289152904,-0.06835969837099258,2,2
837,0.8370000000000006,ramp,83.7,3.4095058050003075,0.009564707013673956,1.0753895595165273,0.07538955951652726,0.009460449619858436,3.3350376882152197,0.0017973984603241893,-0.10425739381552009,2,2
838,0.8380000000000006,ramp,83.8,3.416040800064865,0.00653499506455768,1.0754597835503281,0.07545978355032812,0.006466573069050114,3.34150426128427,0.0017989409762201236,-0.06842199550756607,2,2
839,0.8390000000000006,ramp,83.9,3.4256220922505296,0.009581292185664392,1.0755657686307614,0.07556576863076137,0.00947711412910297,3.350981375413373,0.0018004096213594682,-0.10417805656142212,2,2
840,0.8400000000000006,ramp,84.0,3.4321785225185075,0.00655643026797792,1.0756360577098187,0.07563605770981874,0.006487946243580195,3.357469321656953,0.0018019516289094163,-0.06848402439772489,2,2
841,0.8410000000000006,ramp,84.1,3.4417763954053298,0.009597872886822234,1.0757419667468533,0.0757419667468533,0.009493773875762345,3.3669630955327157,0.0018034199902793053,-0.10409901105988897,2,2
842,0.8420000000000006,ramp,84.2,3.44835426534009,0.006577869934760283,1.0758123206032677,0.0758123206032677,0.006509324148443359,3.373472419681159,0.0018049614926282191,-0.06854578631692448,2,2
843,0.8430000000000006,ramp,84.3,3.4579687145307694,0.00961444919067933,1.0759181538869376,0.07591815388693757,0.009510428934304664,3.382982848615464,0.0018064295727120234,-0.1040202563746661,2,2
844,0.8440000000000006,ramp,84.4,3.464568028522451,0.006599313991681566,1.07598857225387,0.07598857225387001,0.006530706709408696,3.3895135553248723,0.0018079705729860643,-0.06860728227287005,2,2
845,0.8450000000000006,ramp,84.5,3.4741990496924102,0.009631021169959286,1.0760943300730492,0.07609433007304922,0.009527079378701269,3.3990406347035735,0.0018094383742502597,-0.1039417912580172,2,2
846,0.8460000000000006,ramp,84.6,3.4808198120583085,0.006620762365898258,1.0761648126847148,0.07616481268471476,0.00655209385273929,3.405592728556313,0.0018109788755569579,-0.06866851315896846,2,2
847,0.8470000000000006,ramp,84.7,3.4904674009554006,0.009647588897092163,1.076270495327128,0.07627049532712804,0.009543725282390865,3.415136453838704,0.0018124464004512983,-0.10386361470129772,2,2
848,0.8480000000000006,ramp,84.8,3.4971096159406736,0.006642214985272954,1.0763410419188186,0.07634104191881863,0.006573485505250488,3.4217099393439545,0.0018139864058803984,-0.06872948002246623,2,2
849,0.8490000000000006,ramp,84.9,3.5067737683843867,0.009664152443713103,1.0764466496710448,0.07644664967104475,0.00956036671830654,3.431270306062261,0.0018154536568379303,-0.10378572540656328,2,2
850,0.8500000000000006,ramp,85.0,3.5134374401626616,0.006663671778274871,1.0765172599790465,0.07651725997904646,0.006594881594241338,3.4378651876565023,0.0018169931694602633,-0.0687901840335332,2,2
851,0.8510000000000006,ramp,85.1,3.523118152043922,0.009680711881260518,1.0766227931265568,0.07662279312655684,0.009577003758874249,3.4474421914153766,0.001818460148898031,-0.10370812238626875,2,2
852,0.8520000000000006,ramp,85.2,3.529803284717722,0.006685132673799998,1.0766934668882662,0.07669346688826617,0.0066162820475269375,3.4540584734629034,0.0018199991717669447,-0.06885062627306082,2,2
853,0.8530000000000006,ramp,85.3,3.539500551997972,0.00969726728025,1.0767989257153658,0.07679892571536584,0.009593636476020425,3.463652109938924,0.0018214658820854559,-0.10363080422957395,2,2
854,0.8540000000000006,ramp,85.4,3.5462071495989615,0.006706597600989461,1.0768696626691687,0.07686966266916873,0.006637686793400241,3.4702897967323243,0.0018230044182363427,-0.06891080758922047,2,2
855,0.8550000000000006,ramp,85.5,3.555920968310352,0.00971381871139032,1.0769750474590682,0.07697504745906825,0.009610264941184016,3.4799000616735083,0.0018244708618200026,-0.10355377020630427,2,2
856,0.8560000000000006,ramp,85.6,3.562649034800172,0.006728066489820161,1.0770458473444318,0.07704584734443176,0.006659095760671996,3.48655915743418,0.0018260089142701327,-0.06897072914816525,2,2
857,0.8570000000000007,ramp,85.7,3.5723794010442655,0.009730366244093513,1.077151158379187,0.07715115837918707,0.009626889225287472,3.4961860466594676,0.0018274750934879785,-0.10347701880604118,2,2
858,0.8580000000000007,ramp,85.8,3.579128940314914,0.006749539270648253,1.0772220209365657,0.07722202093656572,0.0066805088786549794,3.5028665555381227,0.0018290126652375895,-0.06903039199327321,2,2
859,0.8590000000000007,ramp,85.9,3.5888758502627156,0.009746909947801807,1.0773272584971452,0.07732725849714517,0.009643509398766365,3.512510064936889,0.0018304785824421238,-0.10340054903544213,2,2
860,0.8600000000000007,ramp,86.0,3.5956468661369225,0.00677101587420692,1.0773981834680697,0.0773981834680697,0.006701926077125944,3.519211991014015,0.001832015676473129,-0.06908979708097635,2,2
861,0.8610000000000007,ramp,86.1,3.6054103160284345,0.00976344989151201,1.0775033478343083,0.07750334783430834,0.009660125531561523,3.5288721165455765,0.0018334813340014759,-0.10332435995048794,2,2
862,0.8620000000000007,ramp,86.2,3.6122028122602585,0.006792496231823986,1.0775743349612723,0.0775743349612723,0.006723347286409147,3.5355954638319855,0.0018350179532797735,-0.06914894541483907,2,2
863,0.8630000000000007,ramp,86.3,3.621982798403602,0.009779986143343411,1.0776794264119345,0.07767942641193448,0.009676737693106896,3.5452722015250924,0.0018364833534536165,-0.10324845023651497,2,2
864,0.8640000000000007,ramp,86.4,3.6287967786789226,0.006813980275320652,1.0777504754385039,0.07775047543850389,0.0067447724372595936,3.552016973962352,0.0018380195009266133,-0.06920783806105886,2,2
865,0.8650000000000007,ramp,86.5,3.638593297450251,0.009796518771328255,1.0778554942512373,0.07785549425123728,0.009693345952402902,3.5617103199147553,0.0018394846460523073,-0.10317281892535321,2,2
866,0.8660000000000007,ramp,86.6,3.645428765387237,0.006835467936986195,1.0779266049219665,0.07792660492196646,0.006766201460934949,3.56847652137569,0.0018410203246512122,-0.06926647605124542,2,2
867,0.8670000000000007,ramp,86.7,3.6552418132297833,0.009813047842546219,1.0780315513732637,0.07803155137326367,0.0097099503778948,3.578186471753585,0.001842485217019507,-0.10309746465141795,2,2
868,0.8680000000000007,ramp,86.8,3.6620987723793017,0.006856959149518449,1.0781027234337555,0.07810272343375546,0.006787634289218214,3.5849741060428033,0.0018440204296584503,-0.06932486030023464,2,2
869,0.8690000000000007,ramp,86.9,3.6719283458035092,0.009829573424207538,1.0782075977990782,0.07820759779907815,0.009726551037572537,3.594700657080376,0.0018454850715452509,-0.10302238663500128,2,2
870,0.8700000000000007,ramp,87.0,3.6788067996497533,0.006878453846244081,1.0782788309959126,0.0782788309959126,0.00680907085431632,3.601509727934692,0.0018470198211214556,-0.06938299192776105,2,2
871,0.8710000000000007,ramp,87.1,3.688652895232382,0.0098460955826285,1.0783836335496086,0.07838363354960864,0.009743147998990299,3.6112528759336824,0.0018484842147878085,-0.10294758363820107,2,2
872,0.8720000000000007,ramp,87.2,3.6955528471930403,0.0068999519606585125,1.0784549276303732,0.0784549276303732,0.006830511088922038,3.6180833870226046,0.001850018504181912,-0.06944087173647427,2,2
873,0.8730000000000007,ramp,87.3,3.705415461576838,0.009862614383797652,1.078559658645719,0.0785596586457189,0.00975974132916701,3.6278431283517714,0.0018514826518737126,-0.10287305463064188,2,2
874,0.8740000000000007,ramp,87.4,3.712336915004077,0.006921453427239044,1.0786310133590016,0.07863101335900158,0.006851954926236764,3.6346950832780083,0.0018530164839499629,-0.06949850100227989,2,2
875,0.8750000000000007,ramp,87.5,3.722216044897134,0.009879129893056948,1.0787356731081856,0.07873567310818563,0.00977633109467003,3.644471414372678,0.0018544803878983917,-0.10279879838691851,2,2
876,0.8760000000000007,ramp,87.6,3.729159003077546,0.006942958180411907,1.078807088203596,0.07880708820359605,0.006873402299907265,3.6513448166725855,0.0018560137655047003,-0.06955588050464208,2,2
877,0.8770000000000007,ramp,87.7,3.7390546452531552,0.009895642175609343,1.078911676957709,0.07891167695770895,0.009792917361616688,3.661137734034202,0.0018574774279265585,-0.10272481399265475,2,2
878,0.8780000000000007,ramp,87.8,3.746019111408499,0.006964466155343629,1.0789831521858106,0.07898315218581065,0.006894853144034886,3.668032587178237,0.0018590103538945323,-0.06961301130874349,2,2
879,0.8790000000000007,ramp,87.9,3.7559312627043298,0.009912151295830895,1.07908767021491,0.07908767021490992,0.009809500195631517,3.677842087373868,0.001860473776991873,-0.10265110019937879,2,2
880,0.8800000000000007,ramp,88.0,3.7629172399919493,0.006985977287619516,1.079159205327303,0.07915920532730292,0.006916307393244071,3.6847583947671123,0.0018620062541371894,-0.06966989437544487,2,2
881,0.8810000000000007,ramp,88.1,3.7728458973099666,0.009928657318017287,1.0792636529003397,0.07926365290033965,0.009826079661866402,3.6945844744289786,0.0018634694400978214,-0.10257765615088489,2,2
882,0.8820000000000007,ramp,88.2,3.7798533888232355,0.00700749151326896,1.0793352476495572,0.07933524764955724,0.006937764982545073,3.7015222394115237,0.0018650014712199249,-0.0697265307238867,2,2
883,0.8830000000000007,ramp,88.3,3.7897985491287662,0.00994516030553072,1.079439625034451,0.0794396250344509,0.009842655825039447,3.711364895236563,0.0018664644222175938,-0.1025044804912733,2,2
884,0.8840000000000007,ramp,88.4,3.7968275578976223,0.007029008768856038,1.0795112791740582,0.0795112791740582,0.00695922584749786,3.718324121084061,0.0018679960101001612,-0.06978292135817725,2,2
885,0.8850000000000007,ramp,88.5,3.8067892182194454,0.009961660321823107,1.0796155866376296,0.07961558663762958,0.009859228749382436,3.7281833498334436,0.0018694587282944138,-0.1024315724406713,2,2
886,0.8860000000000007,ramp,88.6,3.813839747210625,0.00705052899117975,1.0796872999221296,0.07968729992212964,0.006980689924042356,3.735164039757486,0.0018709898757053238,-0.06983906713739409,2,2
887,0.8870000000000007,ramp,88.7,3.823817904640067,0.009978157429441747,1.0797915377302065,0.07979153773020653,0.009875798498686866,3.7450398382561727,0.0018724523632419488,-0.10235893075488146,2,2
888,0.8880000000000007,ramp,88.8,3.8308899567578587,0.007072052117791827,1.0798633099150856,0.07986330991508561,0.007002157148609694,3.7520419954047823,0.001873983072933887,-0.06989496918213302,2,2
889,0.8890000000000007,ramp,88.9,3.840884608448593,0.009994651690734102,1.0799674783323965,0.07996747833239648,0.009892365136295392,3.7619343605410775,0.0018754453319441452,-0.10228655443871026,2,2
890,0.8900000000000007,ramp,89.0,3.8479781865349043,0.007093578086311503,1.0800393091741325,0.08003930917413249,0.00702362745807529,3.768957987999153,0.0018769756066536404,-0.06995062823621309,2,2
891,0.8910000000000007,ramp,89.1,3.8579893297024337,0.01001114316752938,1.0801434084643566,0.08014340846435664,0.00990892872509325,3.778866916724246,0.0018784376392559318,-0.10221444243612918,2,2
892,0.8920000000000007,ramp,89.2,3.865104436537688,0.007115106835254181,1.080215297720377,0.08021529772037694,0.007045100789765741,3.7859120175140117,0.0018799674817047583,-0.07000604548844033,2,2
893,0.8930000000000007,ramp,89.3,3.875132068459059,0.010027631921371238,1.0803193281461705,0.08031932814617049,0.009925489327502167,3.7958375068415138,0.0018814292900030238,-0.10214259386907149,2,2
894,0.8940000000000007,ramp,89.4,3.8822687066938544,0.007136638234795267,1.0803912755782306,0.08039127557823056,0.007066577011150114,3.8029040838526638,0.0018829586311398222,-0.07006122364515334,2,2
895,0.8950000000000007,ramp,89.5,3.8923128248252747,0.010044118131420365,1.0804952374024774,0.08049523740247744,0.009942047122863772,3.8128461309755277,0.0018844203164382139,-0.10207100855659339,2,2
896,0.8960000000000007,ramp,89.6,3.8994709970898316,0.007158172264556839,1.0805672427655568,0.08056724276555682,0.007088056105484635,3.8199341870810124,0.0018859492068396791,-0.07011615907220446,2,2
897,0.8970000000000007,ramp,89.7,3.90953159881341,0.010060601723578255,1.080671136248541,0.08067113624854105,0.009958602039363362,3.829892789120376,0.001887410665169901,-0.10199968421489326,2,2
898,0.8980000000000007,ramp,89.8,3.9167113077021436,0.00717970888873376,1.0807431993029175,0.08074319930291751,0.0071095380335295735,3.8370023271539053,0.0018889391289960093,-0.07017085520418659,2,2
899,0.8990000000000007,ramp,89.9,3.9267883904749628,0.010077082772819157,1.0808470247041928,0.0808470247041928,0.009975154152721273,3.8469774813066264,0.0018904003674921955,-0.10192862009788389,2,2
900,0.9000000000000007,ramp,90.0,3.933989638525617,0.00720124805065403,1.0809191452111375,0.08091914521113752,0.007131022737173836,3.8541085040438,0.0018919284093930344,-0.0702253134801942,2,2
901,0.9010000000000007,ramp,90.1,3.9440831998652537,0.010093561339636903,1.0810229027891953,0.08102290278919533,0.009991703524522288,3.8641002075683226,0.0018933894310850727,-0.10185781511461503,2,2
902,0.9020000000000007,ramp,90.2,3.951305989556052,0.007222789690798148,1.0810950805109274,0.0810950805109274,0.007152510156358895,3.8712527177246816,0.0018949170542514788,-0.07027953443925275,2,2
903,0.9030000000000007,ramp,90.3,3.961416027039459,0.010110037483407108,1.0811987705232833,0.08119877052328328,0.010008250215144506,3.8812609679398262,0.0018963778615044165,-0.10178726826260212,2,2
904,0.9040000000000007,ramp,90.4,3.968660360789923,0.0072443337504641825,1.0812710052229597,0.08127100522295971,0.007174000231200856,3.888434968171027,0.0018979050687734206,-0.07033351926332645,2,2
905,0.9050000000000007,ramp,90.5,3.9787868720526793,0.01012651126275621,1.0813746279260856,0.08137462792608563,0.010024794284432788,3.89845976245546,0.0018993656637461046,-0.10171697832342223,2,2
906,0.9060000000000007,ramp,90.6,3.986052752223722,0.007265880171042571,1.0814469193677816,0.08144691936778159,0.007195492902156977,3.905655255357617,0.0019008924578222887,-0.07038726888559423,2,2
907,0.9070000000000007,ramp,90.7,3.9961957349600556,0.010142982736333739,1.0815504750171538,0.08155047501715385,0.010041335791772481,3.9156965911493895,0.001902352842586182,-0.10164694456125771,2,2
908,0.9080000000000007,ramp,90.8,4.003483163854241,0.007287428894185766,1.0816228229659262,0.08162282296592616,0.007216988110091913,3.9229135792594816,0.0019038792261111808,-0.07044078409385295,2,2
909,0.9090000000000007,ramp,90.9,4.01364261581615,0.010159451961908594,1.081726311815989,0.081726311815989,0.01005787479607437,3.932971454055556,0.001905339402691858,-0.10157716583422509,2,2
910,0.9100000000000007,ramp,91.0,4.020951595678384,0.007308979862234111,1.0817987160377907,0.08179871603779065,0.00723848579633584,3.9402099398518917,0.0019068653782703443,-0.07049406589827029,2,2
911,0.9110000000000007,ramp,91.1,4.031127514675298,0.010175918996913502,1.0819021383420035,0.08190213834200355,0.010074411355836971,3.9502843512077286,0.0019083253486650035,-0.10150764107653108,2,2
912,0.9120000000000007,ramp,91.2,4.038458047693301,0.007330533018003571,1.0819745986037566,0.08197459860375655,0.007259985902551077,3.9575443371102796,0.0019098509188755987,-0.07054711545249372,2,2
913,0.9130000000000007,ramp,91.3,4.0486504310237965,0.010192383330495325,1.0820779546059205,0.08207795460592049,0.010090944970665962,3.9676352820809457,0.001911310627196768,-0.10143835982936306,2,2
914,0.9140000000000007,ramp,91.4,4.056002520439851,0.007352089416054142,1.0821504706868894,0.08215047068688941,0.007281489471459415,3.974916771552405,0.0019128358716148412,-0.0705999445947264,2,2
915,0.9150000000000007,ramp,91.5,4.0662113654954934,0.01020884505564279,1.0822537606359,0.08225376063589995,0.010107475726611916,3.985024247279017,0.001914295361123668,-0.10136932903087419,2,2
916,0.9160000000000007,ramp,91.6,4.073585013377975,0.0073736478824812934,1.0823263323045542,0.08232633230455422,0.007302995339549747,3.9923272426185665,0.0019158202015610822,-0.07065254293154612,2,2
917,0.9170000000000007,ramp,91.7,4.083810318129186,0.010225304751211084,1.0824295564508302,0.08242955645083017,0.010124004202084489,4.002451246820651,0.0019172794899961917,-0.10130054912659524,2,2
918,0.9180000000000007,ramp,91.8,4.091205526502242,0.0073952083730564055,1.0825021834768662,0.08250218347686622,0.007324503461448854,4.0097757502821,0.0019188039319470314,-0.07070491160755116,2,2
919,0.9190000000000007,ramp,91.9,4.101447288977286,0.010241762475043714,1.0826053420698518,0.08260534206985182,0.010140530455761071,4.019916280737861,0.0019202630222082094,-0.1012320192826429,2,2
920,0.9200000000000007,ramp,92.0,4.108864059809861,0.007416770832574748,1.0826780242238703,0.08267802422387027,0.007346013781019115,4.02726229451888,0.001921787068574827,-0.0707570515556333,2,2
921,0.9210000000000007,ramp,92.1,4.119122278092548,0.01025821828268736,1.0827811175120277,0.08278111751202766,0.010157054544256465,4.0374193490631365,0.0019232459627568632,-0.10116373843089416,2,2
922,0.9220000000000007,ramp,92.2,4.126560613298266,0.007438335205717905,1.0828538545655584,0.08285385456555838,0.007367526242148581,4.044786875305285,0.0019247696161240153,-0.07080896356932448,2,2
923,0.9230000000000007,ramp,92.3,4.1368352855274155,0.010274672229149573,1.082956882796369,0.08295688279636892,0.010173576523611628,4.054960451828897,0.0019262283161729464,-0.10109570553794474,2,2
924,0.9240000000000007,ramp,92.4,4.144295186965146,0.007459901437730565,1.0830296745218246,0.08302967452182464,0.0073890407890288435,4.062349492617926,0.0019277515790442734,-0.07086064870172153,2,2
925,0.9250000000000007,ramp,92.5,4.154586311334423,0.01029112436927715,1.0831326379417858,0.08313263794178583,0.010190096449446935,4.0725395890673735,0.0019292100868592609,-0.1010279198302138,2,2
926,0.9260000000000007,ramp,92.6,4.162067780808247,0.007481469473823665,1.083205484112494,0.08320548411249407,0.007410557366236037,4.079950146433609,0.0019307329617067807,-0.07091210758762827,2,2
927,0.9270000000000007,ramp,92.7,4.172375355565386,0.010307574757138838,1.0833083829671395,0.0833083829671395,0.010206614376991397,4.090156760810601,0.0019321912791658818,-0.1009603801474402,2,2
928,0.9280000000000007,ramp,92.8,4.179878394894283,0.007503039328897287,1.083381283353941,0.0833812833539409,0.007432075989490358,4.097588836800091,0.0019337138398323988,-0.07096333940692905,2,2
929,0.9290000000000007,ramp,92.9,4.190202418222412,0.01032402332812854,1.0834841178866133,0.08348411788661325,0.010223130243732927,4.107811967043824,0.0019351718699899675,-0.10089308439561323,2,2
930,0.9300000000000007,ramp,93.0,4.197727029130631,0.007524610908219209,1.0835570722689778,0.0835570722689778,0.007453596558241496,4.115265563602065,0.001936694071141391,-0.07101434997771293,2,2
931,0.9310000000000007,ramp,93.1,4.208067499400427,0.010340470269795787,1.0836598427235522,0.0836598427235522,0.010239644236808135,4.125505207838874,0.001938151921304848,-0.10082603298765258,2,2
932,0.9320000000000007,ramp,93.2,4.2156136835351115,0.007546184134684886,1.0837328508775517,0.08373285087755167,0.007475118997695674,4.132980326836569,0.001939673744207949,-0.071065136989212,2,2
933,0.9330000000000007,ramp,93.3,4.225970599155057,0.010356915619945894,1.083835557496642,0.08383555749664207,0.010256156395206639,4.143236483231776,0.001941131411226487,-0.1007592247392556,2,2
934,0.9340000000000007,ramp,93.4,4.233538358107894,0.007567758952836456,1.0839086191991858,0.0839086191991858,0.007496643251218106,4.1507331264829945,0.0019426528563370336,-0.07111570161835029,2,2
935,0.9350000000000007,ramp,93.5,4.243911717538274,0.010373359430380091,1.0840112622244928,0.08401126222449284,0.010272666771606816,4.161005793254601,0.0019441103410772504,-0.10069265877327496,2,2
936,0.9360000000000007,ramp,93.6,4.251501052847898,0.0075893353096239125,1.0840843772533826,0.08408437725338258,0.007518169265011585,4.168523962519613,0.0019456314102612989,-0.07116604461232783,2,2
937,0.9370000000000007,ramp,93.7,4.261890854600827,0.010389801752928918,1.0841869569255806,0.08418695692558065,0.010289175419013943,4.178813137938627,0.0019470887142207308,-0.10062633391497502,2,2
938,0.9380000000000007,ramp,93.8,4.26950176775354,0.007610913152713117,1.0842601250594988,0.08426012505949876,0.007539696985946282,4.186352834924573,0.001948609409666768,-0.07121616676683452,2,2
939,0.9390000000000007,ramp,93.9,4.279908010393265,0.010406242639724894,1.0843626416184104,0.08436264161841045,0.010305682390147921,4.196658517314721,0.0019500665345231231,-0.10056024957697321,2,2
940,0.9400000000000007,ramp,94.0,4.287540502823635,0.007632492430370341,1.0844358626368913,0.08443586263689129,0.007561226361356759,4.204219743676078,0.0019515868585232427,-0.07126606901358255,2,2
941,0.9410000000000007,ramp,94.1,4.297963184965425,0.010422682141790318,1.0845383163213178,0.08453831632131781,0.010322187737407909,4.214541931413486,0.001953043806018419,-0.10049440438240909,2,2
942,0.9420000000000007,ramp,94.2,4.305617258056964,0.007654073091538649,1.0846115900048183,0.08461159000481833,0.007582757339021029,4.2221246887525075,0.0019545637609018453,-0.07131575251762001,2,2
943,0.9430000000000007,ramp,94.3,4.316056378367386,0.010439120310421934,1.084713981052654,0.08471398105265404,0.01033869151277758,4.232463380265285,0.001956020532799396,-0.10042879764435471,2,2
944,0.9440000000000007,ramp,94.4,4.323732033451983,0.0076756550845971105,1.0847873071824743,0.08478730718247429,0.007604289867074133,4.240067670132359,0.0019575401209057327,-0.07136521752297738,2,2
945,0.9450000000000007,ramp,94.5,4.33418759064832,0.010455557196336507,1.084889635830666,0.08488963583066611,0.010355193767909108,4.250422863900268,0.0019589967189757645,-0.10036342842739861,2,2
946,0.9460000000000007,ramp,94.6,4.341884829007934,0.007697238359614111,1.0849630141889652,0.08496301418896524,0.007625823894047461,4.258048687794315,0.0019605159426439073,-0.07141446556665001,2,2
947,0.9470000000000007,ramp,94.7,4.352356821857651,0.010471992849717005,1.0850652806735268,0.08506528067352681,0.010371694554064136,4.2684203823483795,0.001961972368653763,-0.10029829565286891,2,2
948,0.9480000000000007,ramp,94.8,4.3600756447234765,0.007718822865825814,1.085138711043361,0.08513871104336102,0.007647359368849702,4.276067741717229,0.001963491230216739,-0.07146349697611208,2,2
949,0.9490000000000007,ramp,94.9,4.370564072044029,0.010488427320552773,1.0852409155993734,0.08524091559937341,0.010388193922113211,4.286455935639342,0.0019649474859275424,-0.10023339843956251,2,2
950,0.9500000000000007,ramp,95.0,4.378304480597857,0.007740408553827294,1.0853143977646587,0.08531439776465866,0.007668896240796661,4.294124831880139,0.001966465987709546,-0.0715123130306328,2,2
951,0.9510000000000007,ramp,95.1,4.388809341256369,0.010504860658512527,1.0854165406262444,0.08541654062624437,0.010404691922531217,4.30452952380267,0.001967922074874544,-0.10016873598131006,2,2
952,0.9520000000000007,ramp,95.2,4.3965713366302746,0.007761995373905428,1.0854900743717553,0.08549007437175526,0.00769043445958897,4.31221995826226,0.0019694402191894104,-0.0715609143164585,2,2
953,0.9530000000000007,ramp,95.3,4.407092629542779,0.010521292912504698,1.0855921557721768,0.08559215577217683,0.010421188605423312,4.322641146867683,0.0019708961395524627,-0.10010430708138653,2,2
954,0.9540000000000007,ramp,95.4,4.414876212819861,0.007783583277081618,1.0856657408835162,0.0856657408835162,0.0077119739752852775,4.330353120842968,0.0019724139287027494,-0.07160930179634077,2,2
955,0.9550000000000007,ramp,95.5,4.425413936951518,0.0105377241316571,1.0857677610550656,0.08576776105506556,0.010437684020545838,4.340790804863514,0.001973869683998203,-0.10004011111126171,2,2
956,0.9560000000000007,ramp,95.6,4.433219109165944,0.007805172214426115,1.0858413973187009,0.08584139731870088,0.0077335147382994246,4.348524319601813,0.0019753871202751946,-0.0716574761266903,2,2
957,0.9570000000000007,ramp,95.7,4.44377326353034,0.010554154364395885,1.085943356492788,0.08594335649278806,0.010454178217277479,4.35897849781909,0.0019768427122272307,-0.09997614711840588,2,2
958,0.9580000000000007,ramp,95.8,4.451600025668215,0.007826762137875143,1.0860170436960401,0.08601704369604013,0.007755056699452934,4.366733554518543,0.0019783597979101068,-0.07170543842220915,2,2
959,0.9590000000000007,ramp,95.9,4.46217060932684,0.010570583658624955,1.0861189421031527,0.08611894210315274,0.010470671244590129,4.377204225763133,0.0019798152282328517,-0.09991241403482613,2,2
960,0.9600000000000007,ramp,96.0,4.470018962326065,0.007848352999224595,1.0861926800342134,0.08619268003421343,0.007776599809920707,4.384980825573054,0.0019813319655893275,-0.07175318930388759,2,2
961,0.9610000000000007,ramp,96.1,4.480605974388064,0.010587012061999523,1.0862945179039039,0.08629451790390386,0.010487163151124386,4.395467988724178,0.001982787235986253,-0.09984891087513707,2,2
962,0.9620000000000007,ramp,96.2,4.488475919139175,0.00786994475111058,1.0863683063517675,0.08636830635176751,0.007798144021240389,4.403266132745419,0.001984303627271934,-0.07180072987019152,2,2
963,0.9630000000000007,ramp,96.3,4.499079358761268,0.010603439622093092,1.0864700839127226,0.0864700839127226,0.010503653985142367,4.413769786730561,0.001985758739436775,-0.09978563695072461,2,2
964,0.9640000000000007,ramp,96.4,4.506970896107415,0.007891537346147004,1.0865439226672362,0.0865439226672362,0.007819689285353803,4.421589476015915,0.001987274786895854,-0.07184806079320143,2,2
965,0.9650000000000007,ramp,96.5,4.517590762493193,0.010619866385778387,1.086645640147222,0.08664564014722198,0.010520143794506751,4.432109619810421,0.0019887297425118422,-0.09972259127163582,2,2
966,0.9660000000000007,ramp,96.6,4.52550389323049,0.007913130737296825,1.0867195289990654,0.08671952899906543,0.007841235554512516,4.439950855364934,0.0019902454483762696,-0.07189518278430916,2,2
967,0.9670000000000007,ramp,96.7,4.536140185630225,0.010636292399734515,1.0868211866249615,0.08682118662496152,0.010536632626789198,4.450487487991723,0.0019917002491166157,-0.09965977294531733,2,2
968,0.9680000000000007,ramp,96.8,4.544074910508556,0.007934724878331245,1.086895125365674,0.08689512536567401,0.007862782781351305,4.458350270773074,0.001993215615606995,-0.07194209697993989,2,2
969,0.9690000000000007,ramp,96.9,4.554727628218691,0.010652717710135207,1.0869967233634343,0.08699672336343434,0.010553120529142885,4.468903391302217,0.0019946702631346304,-0.0995971809923217,2,2
970,0.9700000000000008,ramp,97.0,4.562683947941473,0.007956319722781657,1.087070711785344,0.08707071178534398,0.007884330918885088,4.476787722221102,0.0019961852924600164,-0.07198880389656936,2,2
971,0.9710000000000008,ramp,97.1,4.573353090304419,0.01066914236294636,1.0871722503800914,0.08717225038009135,0.01056960754837414,4.487357329769477,0.001997639788428044,-0.09953481457222052,2,2
972,0.9720000000000008,ramp,97.2,4.5813310055294325,0.007977915225013454,1.0872462882763778,0.08724628827637781,0.007905879920460804,4.495263209689938,0.0019991544827859206,-0.07203530455265027,2,2
973,0.9730000000000008,ramp,97.3,4.592016571933343,0.010685566403910052,1.0873477676922718,0.08734776769227182,0.010586093730958809,4.505849303420897,0.0020006088288373513,-0.0994726729512431,2,2
974,0.9740000000000008,ramp,97.4,4.600016083272834,0.007999511339491505,1.0874218548569423,0.08742185485694232,0.007927429739773659,4.513776733160671,0.002002123190413498,-0.07208159971784645,2,2
975,0.9750000000000008,ramp,97.5,4.610718073150837,0.010701989878002749,1.087523275317343,0.08752327531734294,0.01060257912299617,4.524379312283667,0.0020035773881820294,-0.09941075500657925,2,2
976,0.9760000000000008,ramp,97.6,4.618739181171827,0.008021108020989764,1.0875974115451814,0.08759741154518141,0.007948980330881691,4.532328292614549,0.002005091419151045,-0.07212769010807307,2,2
977,0.9770000000000008,ramp,97.7,4.629457594001907,0.010718412830080126,1.0876987732725134,0.08769877327251341,0.01061906377024965,4.542947356384799,0.0020065454702600316,-0.09934905983047596,2,2
978,0.9780000000000008,ramp,97.8,4.637500299226895,0.008042705224988289,1.0877729583591629,0.08777295835916288,0.007970531648216851,4.550917888033016,0.002008059172785619,-0.07217357677143793,2,2
979,0.9790000000000008,ramp,97.9,4.648235134531842,0.010734835304947232,1.0878742615749788,0.0878742615749788,0.010635547718096732,4.5615534357511125,0.002009513078848728,-0.09928758685050047,2,2
980,0.9800000000000008,ramp,98.0,4.656299437438526,0.008064302906683807,1.087948495316909,0.08794849531690896,0.007992083646529955,4.569545519397643,0.0020110264550827557,-0.07221926015385169,2,2
981,0.9810000000000008,ramp,98.1,4.667050694785033,0.010751257346506726,1.0880497402419111,0.08804974024191115,0.010652031011604224,4.580197550409247,0.002012480217704589,-0.09922633490250243,2,2
982,0.9820000000000008,ramp,98.2,4.675136595807478,0.00808590102244544,1.0881240224363493,0.08812402243634931,0.008013636280933238,4.58821118669018,0.002013993269788443,-0.07226474151220304,2,2
983,0.9830000000000008,ramp,98.3,4.685904274806333,0.01076767899885489,1.0882252092903573,0.08822520929035726,0.010668513695487908,4.598879700385668,0.002015446890563825,-0.0991653033669826,2,2
984,0.9840000000000008,ramp,98.4,4.6940117743343315,0.008107499527998385,1.0882995397353725,0.08829953973537252,0.008035189506870748,4.606914889892539,0.0020169596206274115,-0.07231002112763688,2,2
985,0.9850000000000008,ramp,98.5,4.704795874639552,0.010784100305220257,1.0884006687373509,0.08840066873735086,0.010684995814113238,4.617599885706652,0.0020184131011415857,-0.0991044911070188,2,2
986,0.9860000000000008,ramp,98.6,4.7129249730200256,0.00812909838047382,1.088475047231808,0.0884750472318081,0.008056743280116109,4.625656628986769,0.002019925511303841,-0.07235510035771137,2,2
987,0.9870000000000008,ramp,98.7,4.723725494328874,0.010800521308848232,1.0885761185998235,0.0885761185998235,0.0107014774115144,4.6363581063982835,0.002021378853133131,-0.09904389733383229,2,2
988,0.9880000000000008,ramp,98.8,4.731876191865203,0.0081506975363288,1.0886505449434107,0.08865054494341074,0.008078297556849117,4.644436403955132,0.002022890945502788,-0.07239997947968216,2,2
989,0.9890000000000008,ramp,98.9,4.742693133917882,0.010816942052679579,1.0887515588947179,0.08875155889471786,0.010717958531350859,4.655154362486483,0.002024344150213892,-0.09898352132872018,2,2
990,0.9900000000000008,ramp,99.0,4.75086543087107,0.008172296953187441,1.0888260328878567,0.08882603288785673,0.008099852293517177,4.66325421478,0.0020258559268883916,-0.07244465967026423,2,2
991,0.9910000000000008,ramp,99.1,4.761698793450115,0.010833362579045769,1.0889269896388512,0.08892698963885115,0.010734439216976067,4.673988653996976,0.002027308996038563,-0.09892336206970137,2,2
992,0.9920000000000008,ramp,99.2,4.76989269003871,0.008193896588594818,1.0890015110828153,0.08900151108281529,0.008121407446939018,4.6821100614439155,0.00202882045910511,-0.07248914165580017,2,2
993,0.9930000000000008,ramp,99.3,4.780742472968851,0.010849782930140606,1.0891024108490082,0.08910241084900816,0.010750919511411706,4.692860980955327,0.0020302733942430024,-0.0988634187288999,2,2
994,0.9940000000000008,ramp,99.4,4.788957969369095,0.008215496400244326,1.0891769795458626,0.08917697954586257,0.00814296297426821,4.701003943929596,0.002031784545777651,-0.07253342597611685,2,2
995,0.9950000000000008,ramp,99.5,4.799824172516957,0.01086620314786213,1.0892778225419284,0.0892778225419284,0.010767399457314137,4.71177134338691,0.002033237348442912,-0.09880369054799353,2,2
996,0.9960000000000008,ramp,99.6,4.808061268863645,0.008237096346687345,1.0893524382945035,0.08935243829450346,0.008164518832970955,4.719935862219881,0.0020347481905113643,-0.07257751371638962,2,2
997,0.9970000000000008,ramp,99.7,4.818943892137291,0.01088262327364653,1.089453224734286,0.08945322473428607,0.01078387909706681,4.730719741316948,0.0020362008622344593,-0.0987441765797209,2,2
998,0.9980000000000008,ramp,99.8,4.827202588523579,0.008258696386287845,1.0895278873461924,0.08952788734619244,0.008186074980836932,4.738905816297785,0.0020377113968920568,-0.07262140545091257,2,2
999,0.9990000000000008,ramp,99.9,4.83810163187231,0.010899043348731041,1.0896286174426821,0.08962861744268213,0.010800358472663035,4.749706174770448,0.0020391639391943795,-0.09868487606800626,2,2
1000,1.0000000000000007,ramp,100.0,4.846381928350465,0.00828029647815498,1.0897033267183327,0.0897033267183327,0.008207631376040577,4.7579138061464885,0.002040674168486309,-0.07266510211440327,2,2
1001,1.0010000000000006,hold,100.0,4.838245191547451,-0.008136736803013633,1.0896156401620622,0.08961564016206225,-0.008047117301097943,4.74986668884539,0.001929530873329606,0.08961950191569042,2,2
1002,1.0020000000000004,hold,100.0,4.84643044740433,0.008185255856878904,1.0896894883507706,0.08968948835077062,0.008113286144065894,4.757979974989456,0.0018750251159759602,-0.07196971281300986,2,2
1003,1.0030000000000003,hold,100.0,4.838305400722441,-0.008125046681889181,1.0896019813530355,0.08960198135303554,-0.008035701415072637,4.749944273574384,0.0018348806788228823,0.08934526681654391,2,2
1004,1.0040000000000002,hold,100.0,4.846447977179891,0.00814257645745009,1.0896754591442745,0.08967545914427455,0.008070903937536813,4.75801517751192,0.0018018494615465116,-0.07167251991327742,2,2
1005,1.0050000000000001,hold,100.0,4.838348439256769,-0.008099537923122568,1.0895882519442694,0.08958825194426945,-0.008010553915348578,4.750004623596571,0.0017734410132061616,0.08898400777399007,2,2
1006,1.006,hold,100.0,4.846454335221748,0.008105895964979126,1.0896614082368041,0.08966140823680413,0.008034491232526742,4.758039114829098,0.001748166693362869,-0.07140473245238407,2,2
1007,1.007,hold,100.0,4.838383349010466,-0.00807098621128155,1.0895745231093257,0.08957452310932568,-0.007982372380382248,4.750056742448716,0.0017253598633139029,0.08861383089930203,2,2
1008,1.0079999999999998,hold,100.0,4.846454587168644,0.008071238158177785,1.0896473721158417,0.08964737211584173,0.008000096914796567,4.758056839363512,0.0017043973448391744,-0.07114124338121822,2,2
1009,1.0089999999999997,hold,100.0,4.838413304535983,-0.008041282632660796,1.089560815651471,0.0895608156514709,-0.007953037821773751,4.750103801541738,0.00168502687959652,0.08824481088704449,2,2
1010,1.0099999999999996,hold,100.0,4.846450888493804,0.008037583957820615,1.0896333634870812,0.08963336348708117,0.007966706359529374,4.758070507901268,0.001666898966945062,-0.07087759829124164,2,2
1011,1.0109999999999995,hold,100.0,4.838439843949447,-0.008011044544356416,1.0895471376387242,0.08954713763872424,-0.007923165492995994,4.750147342408272,0.0016499075783310054,0.0878790513604219,2,2
1012,1.0119999999999993,hold,100.0,4.846444386720083,0.008004542770635226,1.0896193876129763,0.08961938761297628,0.007933929930197127,4.758081272338469,0.0016338222150520702,-0.07061284043809873,2,2
1013,1.0129999999999992,hold,100.0,4.8384638472943955,-0.007980539425687105,1.089533492531264,0.08953349253126408,-0.007893022472197737,4.750188249866271,0.0016186010494562302,0.08751695348936835,2,2
1014,1.0139999999999991,hold,100.0,4.846435776602669,0.007971929308273396,1.0896054467635798,0.08960544676357984,0.007901582436872511,4.758089832303144,0.0016040757970683171,-0.07034687140088439,2,2
1015,1.014999999999999,hold,100.0,4.838485872628288,-0.007949903974380668,1.0895198817839087,0.08951988178390868,-0.007862745511862746,4.750227086791281,0.0015902366863240057,0.0871584625179219,2,2
1016,1.015999999999999,hold,100.0,4.846425515675377,0.007939643047088829,1.0895915418242756,0.08959154182427564,0.007869563217732916,4.758096650009014,0.0015769521693801134,-0.07007982935591274,2,2
1017,1.0169999999999988,hold,100.0,4.838506299589465,-0.007919216085912062,1.0895063058782817,0.08950630587828168,-0.007832412688626523,4.750264237320387,0.0015642298310062138,0.08680339728553942,2,2
1018,1.0179999999999987,hold,100.0,4.846413923716748,0.00790762412728263,1.0895776729827242,0.08957767298272423,0.007837812217600456,4.758102049537987,0.001551961784712937,-0.06981190968217456,2,2
1019,1.0189999999999986,hold,100.0,4.8385254000043485,-0.00788852371239912,1.0894927647913302,0.08949276479133017,-0.0078020721585067,4.7502999773794805,0.0015401655020490872,0.08645155389242018,2,2
1020,1.0199999999999985,hold,100.0,4.846401234366396,0.007875834362047307,1.0895638400570127,0.08956384005701268,0.007806291053017525,4.758106268432498,0.0015287493627714004,-0.06954330902978183,2,2
1021,1.0209999999999984,hold,100.0,4.838543376248655,-0.007857858117740868,1.0894792582290058,0.08947925822900582,-0.007771755380688168,4.75033451305181,0.0015177366300355398,0.08610273705270034,2,2
1022,1.0219999999999982,hold,100.0,4.84638762430328,0.007844248054625247,1.089550042665072,0.08955004266507194,0.007774973847694749,4.758109486899505,0.0015070474468834878,-0.06927420693049816,2,2
1023,1.0229999999999981,hold,100.0,4.83856038369589,-0.007827240607389818,1.0894657857505032,0.08946578575050324,-0.007741483836226036,4.750368003063278,0.001496708492271892,0.08575677116378233,2,2
1024,1.023999999999998,hold,100.0,4.846373230851504,0.00781284715561359,1.0895362803173554,0.08953628031735539,0.00774384239413861,4.758111845457417,0.0014866487665515361,-0.06900476147497954,2,2
1025,1.024999999999998,hold,100.0,4.838576544638245,-0.007796686213258575,1.0894523468376796,0.08945234683767955,-0.0077112727129472,4.7504005727444705,0.0014768969258757052,0.08541350031137425,2,2
1026,1.0259999999999978,hold,100.0,4.8463581631694295,0.007781618531184087,1.08952255246945,0.08952255246945007,0.0077128834198564675,4.758113456164327,0.0014673888622990063,-0.06873511132761932,2,2
1027,1.0269999999999977,hold,100.0,4.838591957328524,-0.007766205840905371,1.0894389409351257,0.08943894093512572,-0.007681133052812693,4.7504323231115135,0.0014581543093423876,0.0850727880926782,2,2
1028,1.0279999999999976,hold,100.0,4.846342509661339,0.007750552332814742,1.089508858552941,0.0895088585529411,0.007682086956395334,4.7581144100679085,0.0014491346686291019,-0.06846537641940799,2,2
1029,1.0289999999999975,hold,100.0,4.838606702080003,-0.007735807581335408,1.089425567473942,0.08942556747394192,-0.007651073066640174,4.7504633370012685,0.0014403601744974626,0.08473451469523385,2,2
1030,1.0299999999999974,hold,100.0,4.846326343062289,0.007719640982285725,1.0894951979936445,0.08949519799364447,0.0076514453214956805,4.758114782322764,0.001431776734102992,-0.06819566079004427,2,2
1031,1.0309999999999973,hold,100.0,4.838620845515403,-0.0077054975468859865,1.0894122258857382,0.08941222588573816,-0.007621098972595312,4.750493683350169,0.0014234147069104378,0.08439857429067432,2,2
1032,1.0319999999999971,hold,100.0,4.846309724030462,0.007688878515058839,1.0894815702226897,0.08948157022268965,0.007620952459620644,4.75811463580979,0.0014152237557471508,-0.0679260554381951,2,2
1033,1.032999999999997,hold,100.0,4.8386344436071065,-0.007675280423355524,1.0893989156111907,0.08939891561119073,-0.007591215549878113,4.750523420259912,0.0014072341179390483,0.08406487347741107,2,2
1034,1.033999999999997,hold,100.0,4.8462927037475065,0.007658260140400053,1.0894679746829237,0.08946797468292367,0.0075906035008729555,4.758114023760784,0.0013993986384453025,-0.06765663952709722,2,2
1035,1.0349999999999968,hold,100.0,4.838647543902717,-0.007645159844789973,1.0893856361048186,0.08938563610481864,-0.00756142651520512,4.750552597245579,0.0013917472692607305,0.08373332958485236,2,2
1036,1.0359999999999967,hold,100.0,4.84627532584284,0.00762778194012359,1.0894544108326165,0.08945441083261652,0.0075603944576037975,4.758112991703183,0.0013842355896211557,-0.0673874825197927,2,2
1037,1.0369999999999966,hold,100.0,4.838660187188506,-0.00761513865433372,1.0893723868378504,0.08937238683785043,-0.007531734785618166,4.750581256917565,0.0013768931591089807,0.08340386871555361,2,2
1038,1.0379999999999965,hold,100.0,4.846257627845328,0.0075974406568217745,1.0894408781474951,0.08944087814749513,0.007530322010915051,4.75811157892848,0.0013696779351301967,-0.06711864590672363,2,2
1039,1.0389999999999964,hold,100.0,4.838672408754705,-0.007585219090623596,1.0893591672995304,0.08935916729953042,-0.007502142665976017,4.750609436262504,0.001362619015809928,0.08307642464757889,2,2
1040,1.0399999999999963,hold,100.0,4.846239642295138,0.007567233540433094,1.0894273761216735,0.08942737612167351,0.007500383356963549,4.7581098196194676,0.001355676449011165,-0.06685018346954448,2,2
1041,1.0409999999999962,hold,100.0,4.838684239372479,-0.0075554029226587716,1.089345976997653,0.08934597699765301,-0.007472651985356614,4.750637167634111,0.00134887882846004,0.08275093730215725,2,2
1042,1.041999999999996,hold,100.0,4.846221397610106,0.007537158237626684,1.0894139042677724,0.0894139042677724,0.00747057609441893,4.75810774372853,0.0013421880567040631,-0.0665821432077546,2,2
1043,1.042999999999996,hold,100.0,4.8386957060590206,-0.0075256915510850675,1.0893328154585251,0.08933281545852512,-0.007443264198210242,4.75066447953032,0.001335632198203757,0.08242735287482521,2,2
1044,1.0439999999999958,hold,100.0,4.846202918767474,0.007507212708453892,1.089400462116802,0.08940046211680208,0.007440898140655288,4.758105377670975,0.0013291748145267148,-0.06631456779860374,2,2
1045,1.0449999999999957,hold,100.0,4.838706832684677,-0.007496086082797504,1.0893196822265838,0.08931968222658382,-0.007413980460429854,4.750691397210545,0.001322843428589583,0.08210562236765032,2,2
1046,1.0459999999999956,hold,100.0,4.846184227848262,0.007477395163585143,1.089387049217604,0.0893870492176041,0.007411347668258151,4.758102744878803,0.001316603096751723,-0.0660474953269926,2,2
1047,1.0469999999999955,hold,100.0,4.838717640460305,-0.007466587387956913,1.089306576863828,0.08930657686382792,-0.007384801687304788,4.750717943191498,0.0013104807968957444,0.08178570065212575,2,2
1048,1.0479999999999954,hold,100.0,4.846165344476471,0.0074477040161662345,1.089373665136254,0.089373665136254,0.007381923056455145,4.758099866247953,0.0013044429409189097,-0.06578095971108977,2,2
1049,1.0489999999999953,hold,100.0,4.83872814833114,-0.007437196145331448,1.0892934989491114,0.08929349894911143,-0.007355728598522272,4.750744137649431,0.0012985159643026192,0.08146754680917606,2,2
1050,1.0499999999999952,hold,100.0,4.846146286176304,0.007418137845164097,1.0893603094553161,0.08936030945531614,0.00735262285344852,4.758096760502879,0.0012926675153133904,-0.06551499171557687,2,2
1051,1.050999999999995,hold,100.0,4.83873837330038,-0.0074079128759239055,1.0892804480774294,0.08928044807742941,-0.007326761753200191,4.750769998749679,0.0012869234939025902,0.08115112272371466,2,2
1052,1.051999999999995,hold,100.0,4.846127068665665,0.007388695365285081,1.0893469817730443,0.08934698177304434,0.007323445746789431,4.758093444496469,0.0012812526818703298,-0.06524961849564952,2,2
1053,1.0529999999999948,hold,100.0,4.838748330694141,-0.0073787379715239965,1.0892674238590343,0.0892674238590343,-0.007297901577670469,4.750795542918798,0.001275680453402518,0.08083639385352784,2,2
1054,1.0539999999999947,hold,100.0,4.846107706098908,0.0073593754047669435,1.0893336817027235,0.08933368170272349,0.007294390539953291,4.758089933458751,0.0012701766344153076,-0.06498486481365268,2,2
1055,1.0549999999999946,hold,100.0,4.838758034384041,-0.007349671714867334,1.0892544259188488,0.0892544259188488,-0.007269148387572895,4.750820785071178,0.0012647660850228194,0.08052332729443883,2,2
1056,1.0559999999999945,hold,100.0,4.846088211270884,0.007330176886843454,1.0893204088717285,0.08932040887172854,0.007265456133538819,4.758086241204717,0.0012594195969656808,-0.0647207533046347,2,2
1057,1.0569999999999944,hold,100.0,4.838767496971819,-0.007320714299065223,1.0892414538955142,0.08924145389551419,-0.0072405024057242,4.750845738798993,0.0012541615292140326,0.08021189334102286,2,2
1058,1.0579999999999943,hold,100.0,4.846068595785756,0.007301098813936591,1.0893071629209414,0.08930716292094143,0.007236641510205351,4.758082380309198,0.0012489635703463611,-0.06445730373123934,2,2
1059,1.0589999999999942,hold,100.0,4.83877672994553,-0.007291865840225675,1.089228507440767,0.08922850744076705,-0.007211963776640112,4.750870416532559,0.0012438495918476518,0.07990206358556365,2,2
1060,1.059999999999994,hold,100.0,4.8460488702025515,0.007272140257021498,1.0892939435039517,0.0892939435039517,0.007207945722305885,4.758078362254865,0.001238792117992796,-0.06419453471561298,2,2
1061,1.060999999999994,hold,100.0,4.83878574381202,-0.007263126390531838,1.0892155862187267,0.08921558621872672,-0.007183532578346462,4.750894829676518,0.001233814546809019,0.07959381218537558,2,2
1062,1.0619999999999938,hold,100.0,4.846029044156626,0.007243300344605963,1.0892807502864024,0.08928075028640237,0.007179367881834127,4.7580741975583525,0.0012288901837869469,-0.06393246277183566,2,2
1063,1.0629999999999937,hold,100.0,4.838794548210215,-0.0072344959464105685,1.0892026899052365,0.0892026899052365,-0.0071552088321599535,4.750918988726193,0.0012240419676317182,0.07928711425061498,2,2
1064,1.0639999999999936,hold,100.0,4.846009126465309,0.007214578255093862,1.0892675829453673,0.0892675829453673,0.007150907152056937,4.75806989587825,0.0012192439362631023,-0.06367110303692486,2,2
1065,1.0649999999999935,hold,100.0,4.8388031520076735,-0.007205974457635378,1.0891898181872515,0.08918981818725147,-0.007126992510795966,4.750942903367454,0.0012145185831210607,0.07898194683941209,2,2
1066,1.0659999999999934,hold,100.0,4.845989125217151,0.0071859732094772255,1.0892544411686789,0.08925444116867887,0.007122562740632056,4.758065466108086,0.0012098406346665168,-0.06341046884516914,2,2
1067,1.0669999999999933,hold,100.0,4.83881156338435,-0.00717756183280116,1.0891769707621848,0.08917697076218478,-0.007098883545122373,4.750966582562963,0.0012052321529198496,0.07867828767878747,2,2
1068,1.0679999999999932,hold,100.0,4.845969047851206,0.007157484466856268,1.0892413246544732,0.08924132465447321,0.007094333893803578,4.758060916456767,0.0012006685132349443,-0.06315057305269003,2,2
1069,1.068999999999993,hold,100.0,4.838819789904588,-0.007149257946617915,1.089164147337426,0.08916414733742606,-0.007070881829890138,4.750990034626876,0.0011961713597544558,0.0783761167277774,2,2
1070,1.069999999999993,hold,100.0,4.845948901222705,0.0071291113181173316,1.0892282331105412,0.08922823311054118,0.007066219891590177,4.758056254518467,0.0011917166807648267,-0.06289142652715456,2,2
1071,1.0709999999999928,hold,100.0,4.838827838580193,-0.007121062642512221,1.089151347629836,0.08915134762983601,-0.007042987228487644,4.751013267289979,0.0011873257157076062,0.07807541402457714,2,2
1072,1.0719999999999927,hold,100.0,4.84592869166391,0.007100853083716885,1.0892151662539118,0.08921516625391179,0.007038220043661309,4.75805148733364,0.0011829750330667815,-0.06263304005557548,2,2
1073,1.0729999999999926,hold,100.0,4.838835715925537,-0.007092975738372864,1.0891385713651662,0.08913857136516623,-0.007015199577033029,4.751036287756607,0.0011786854803527912,0.07777616133983548,2,2
1074,1.0739999999999925,hold,100.0,4.84590842503393,0.007072709108393305,1.0892021238103036,0.08920212381030357,0.0070103336858485495,4.758046621442456,0.0011744341763465637,-0.06237542254475519,2,2
1075,1.0749999999999924,hold,100.0,4.838843428005236,-0.007064997028694009,1.089125818277726,0.08912581827772592,-0.0069875186878314895,4.751059102754624,0.0011702415889667875,0.07747834086251938,2,2
1076,1.0759999999999923,hold,100.0,4.8458881067649635,0.007044678759727141,1.0891891055137737,0.08918910551377368,0.006982560177159803,4.758041662931784,0.0011660853598917625,-0.062118582567338015,2,2
1077,1.0769999999999922,hold,100.0,4.838850980476546,-0.007037126288417461,1.0891130881098683,0.08911308810986829,-0.006959944352319602,4.7510817185794645,0.001161985589345447,0.0771819360978589,2,2
1078,1.077999999999992,hold,100.0,4.845867741902101,0.007016761425554741,1.0891761111062628,0.08917611110626278,0.006954898897259278,4.758036617476724,0.0011579204167204676,-0.061862528295462266,2,2
1079,1.078999999999992,hold,100.0,4.838858378627617,-0.007009363274483427,1.0891003806115926,0.08910038061159264,-0.0069324763437111836,4.751104141133013,0.00115390958599721,0.0768869307722431,2,2
1080,1.0799999999999919,hold,100.0,4.845847335138213,0.006988956510595834,1.0891631403371764,0.08916314033717643,0.00692734924431457,4.758031490377327,0.0011499317110720759,-0.06160726628126438,2,2
1081,1.0809999999999917,hold,100.0,4.838865627409382,-0.006981707728830777,1.089087695540256,0.08908769554025597,-0.006905114419137474,4.751126375958189,0.0011460061906890075,0.07659330969330291,2,2
1082,1.0819999999999916,hold,100.0,4.845826890845527,0.006961263436144449,1.0891501929630643,0.08915019296306426,0.006899910633048425,4.758026286591238,0.001142112091799854,-0.06135280309602434,2,2
1083,1.0829999999999915,hold,100.0,4.8388727314655755,-0.0069541593799513635,1.0890750326601326,0.08907503266013261,-0.006877858321560889,4.751148428269677,0.0011382684784835867,0.07630105839047471,2,2
1084,1.0839999999999914,hold,100.0,4.845806413103156,0.006933681637580236,1.0891372687472984,0.08913726874729844,0.006872582493128885,4.758021010762806,0.0011344548508775473,-0.06109914445135041,2,2
1085,1.0849999999999913,hold,100.0,4.838879695159178,-0.0069267179439780335,1.0890623917420945,0.08906239174209452,-0.0068507077815247435,4.751170302981281,0.0011306899485416823,0.07601016245329002,2,2
1086,1.0859999999999912,hold,100.0,4.845785905722746,0.006906210563568216,1.0891243674597122,0.0891243674597122,0.006845364267759763,4.758015667249041,0.0011269536863487085,-0.06084629580845307,2,2
1087,1.086999999999991,hold,100.0,4.838886522595445,-0.006899383127301206,1.089049772563387,0.08904977256338698,-0.006823662518445106,4.751192004730596,0.0011232644890735533,0.07572060885610056,2,2
1088,1.087999999999991,hold,100.0,4.845765372269401,0.006878849673956466,1.0891114888763165,0.08911148887631648,0.006818255412335878,4.758010260142932,0.0011196026691541762,-0.06059426162058866,2,2
1089,1.0889999999999909,hold,100.0,4.838893217643367,-0.006872154626034188,1.0890371749072347,0.08903717490723473,-0.00679672224202816,4.751213537900903,0.0011159863459159834,0.07543238400602777,2,2
1090,1.0899999999999908,hold,100.0,4.845744816083009,0.006851598439642004,1.0890986327790426,0.08909863277904262,0.006791255393470917,4.758004793294374,0.00111239621335105,-0.06034304617108695,2,2
1091,1.0909999999999906,hold,100.0,4.838899783953639,-0.006845032129369599,1.0890245985626517,0.08902459856265166,-0.0067698866533316086,4.751234906641042,0.0011088500942876857,0.0751454760379907,2,2
1092,1.0919999999999905,hold,100.0,4.845724240295342,0.0068244563417030335,1.0890857989554297,0.08908579895542967,0.00676436368801622,4.757999270329059,0.0011053290493113666,-0.06009265368681332,2,2
1093,1.0929999999999904,hold,100.0,4.838906224977002,-0.006818015318340365,1.089012043324073,0.08901204332407309,-0.006743155445791255,4.751256114883267,0.0011018506133385125,0.07485987254910939,2,2
1094,1.0939999999999903,hold,100.0,4.845703647846171,0.006797422869168734,1.0890729871984424,0.08907298719844237,0.006737579782154952,4.757993694665422,0.0010983961995430908,-0.05984308701378199,2,2
1095,1.0949999999999902,hold,100.0,4.838912543978276,-0.006791103867894499,1.088999508991287,0.08899950899128695,-0.0067165283060200255,4.751277166359402,0.0010949830631630496,0.07457556187447349,2,2
1096,1.09599999999999,hold,100.0,4.845683041498678,0.006770497520401264,1.0890601973061866,0.08906019730618664,0.006710903170714771,4.757988069530117,0.0010915929568281726,-0.05959434968649292,2,2
1097,1.09699999999999,hold,100.0,4.838918744051057,-0.0067642974476207485,1.0889869953690612,0.08898699536906118,-0.006690004914655705,4.751298064615461,0.0010882428639940637,0.07429253296504373,2,2
1098,1.0979999999999899,hold,100.0,4.845662423851791,0.006743679800734093,1.0890474290817047,0.08904742908170471,0.0066843333564606255,4.757982397971921,0.0010849148644104412,-0.059346444273467025,2,2
1099,1.0989999999999898,hold,100.0,4.83892482812986,-0.006737595721930667,1.088974502267014,0.08897450226701409,-0.006663584946981632,4.751318813024939,0.0010816256773269134,0.07401077494903485,2,2
1100,1.0999999999999897,hold,100.0,4.845641797352629,0.006716969222768654,1.0890346823327917,0.08903468233279166,0.0066578698495553135,4.757976682874495,0.00107835769800659,-0.0590993732133404,2,2
1101,1.1009999999999895,hold,100.0,4.838930799002139,-0.0067109983504902715,1.0889620294993274,0.08896202949932741,-0.0066372680736037385,4.751339414800891,0.0010751273887627851,0.07373027688653294,2,2
1102,1.1019999999999894,hold,100.0,4.845621164307625,0.006690365305486168,1.0890219568717538,0.08902195687175385,0.006631512166982232,4.757970926967873,0.0010719174494360011,-0.058853138503935955,2,2
1103,1.1029999999999893,hold,100.0,4.838936659317607,-0.0066845049900177145,1.0889495768846689,0.08894957688466887,-0.006611053960939363,4.751359873006934,0.0010687440923817409,0.07345102907835126,2,2
1104,1.1039999999999892,hold,100.0,4.845600526891911,0.006663867574303595,1.0890092525152542,0.08900925251525416,0.006605259832116888,4.757965132839051,0.001065590311698651,-0.05860774218670664,2,2
1105,1.104999999999989,hold,100.0,4.838942411598971,-0.0066581152929394705,1.0889371442459388,0.08893714424593879,-0.006584942271711569,4.75138019056734,0.001062472076484357,0.07317302122790154,2,2
1106,1.105999999999989,hold,100.0,4.845579887158867,0.006637475559895911,1.0889965690841776,0.08899656908417763,0.006579112374263858,4.757959302941604,0.0010593726653449309,-0.058363185632052776,2,2
1107,1.1069999999999889,hold,100.0,4.838948058249772,-0.00663182890909475,1.088924731410107,0.08892473141010693,-0.006558932665435517,4.751400370276168,0.0010563078105561411,0.07289624365923279,2,2
1108,1.1079999999999888,hold,100.0,4.845559247048188,0.0066111887984154905,1.0889839064033642,0.08898390640336418,0.0065530693283399,4.757953439604508,0.001053261066005479,-0.05811947007559014,2,2
1109,1.1089999999999887,hold,100.0,4.83895360156238,-0.006605645485807443,1.0889123382080923,0.0889123382080923,-0.0065330247987498875,4.751420414805758,0.0010502479333309989,0.07262068705755562,2,2
1110,1.1099999999999886,hold,100.0,4.845538608393921,0.0065850068315409516,1.0889712643015481,0.08897126430154811,0.006527130234486112,4.757947545040245,0.001047252232961801,-0.057876597054839704,2,2
1111,1.1109999999999884,hold,100.0,4.8389590437255805,-0.006579564668340865,1.0888999644745443,0.08889996447454429,-0.0065072183257983834,4.751440326714446,0.001044289241842235,0.0723463425424814,2,2
1112,1.1119999999999883,hold,100.0,4.845517972930567,0.0065589292049867964,1.08895864261118,0.08895864261117992,0.006501294637772201,4.757941621352218,0.001041343038653663,-0.05763456721459559,2,2
1113,1.1129999999999882,hold,100.0,4.838964386831211,-0.006553586099355968,1.0888876100477884,0.08888761004778845,-0.006481512898557517,4.751460108453661,0.001038428681362731,0.0720732007984514,2,2
1114,1.113999999999988,hold,100.0,4.845497342300311,0.006532955469099377,1.0889460411682612,0.08894604116826121,0.0064755620879289036,4.75793567054159,0.001035530499031808,-0.05739338117047386,2,2
1115,1.114999999999988,hold,100.0,4.8389696328798495,-0.006527709420461214,1.088875274769598,0.088875274769598,-0.006455908167068565,4.7514797623745215,0.0010326633361486723,0.07180125339264869,2,2
1116,1.115999999999988,hold,100.0,4.845476718058487,0.006507085178637517,1.088933459812289,0.08893345981228906,0.0064499321390798295,4.757929694513601,0.0010298117646741762,-0.057153039557687746,2,2
1117,1.1169999999999878,hold,100.0,4.838974783786988,-0.0065019342714993655,1.0888629584851337,0.0888629584851337,-0.006430403779803985,4.751499290733797,0.0010269904209092766,0.0715304916953808,2,2
1118,1.1179999999999877,hold,100.0,4.845456101679371,0.006481317892383487,1.0889208983859955,0.08892089838599548,0.006424404349574166,4.757923695083371,0.0010241841125927654,-0.05691354280932051,2,2
1119,1.1189999999999876,hold,100.0,4.838979841388128,-0.00647626029124293,1.088850661042796,0.08885066104279593,-0.006404999383789865,4.751518695699581,0.001021407272934023,0.07126090745306501,2,2
1120,1.1199999999999875,hold,100.0,4.8454354945605695,0.006455653172441345,1.0889083567353888,0.08890835673538877,0.006398978281668907,4.75791767398125,0.0010186449386670891,-0.056674890772437196,2,2
1121,1.1209999999999873,hold,100.0,4.838984807443141,-0.006450687117428799,1.0888383822941081,0.08883838229410812,-0.006379694624872857,4.751537979356377,0.0010159113448174033,0.07099249255594284,2,2
1122,1.1219999999999872,hold,100.0,4.845414898028515,0.006430090585374693,1.0888958347094966,0.08889583470949658,0.006373653501472867,4.75791163285785,0.0010131917506470643,-0.05643708390182592,2,2
1123,1.1229999999999871,hold,100.0,4.838989683641287,-0.006425214387228095,1.0888261220935675,0.08882612209356755,-0.006354489147945121,4.7515571437099045,0.001010500197726416,0.07072523928297429,2,2
1124,1.123999999999987,hold,100.0,4.8453943133417825,0.006404629700495157,1.0888833321603761,0.08888333216037614,0.006348429578678295,4.757905573288583,0.0010078221616735081,-0.056200121816862326,2,2
1125,1.124999999999987,hold,100.0,4.838994471605171,-0.006399841736611123,1.0888138802986729,0.08881388029867288,-0.006329382597030105,4.751576190691552,0.0010051714951619319,0.07045913958101789,2,2
1126,1.1259999999999868,hold,100.0,4.8453737416958,0.006379270090628886,1.0888708489429189,0.08887084894291886,0.006323306086407837,4.75789949677796,0.0010025338842700284,-0.05596400422104835,2,2
1127,1.1269999999999867,hold,100.0,4.838999172894332,-0.00637456880146825,1.088801656769662,0.0888016567696619,-0.006304374615533783,4.751595122162427,0.0009999229971708052,0.0701941859344666,2,2
1128,1.1279999999999866,hold,100.0,4.845353184226401,0.006354011332068588,1.0888583849148281,0.08885838491482811,0.0062982826011563405,4.757893404763583,0.0009973247247661127,-0.055728730912247074,2,2
1129,1.1289999999999865,hold,100.0,4.839003789008842,-0.006349395217558396,1.0887894513695038,0.08878945136950378,-0.006279464846365917,4.751613939917217,0.0009947525549697245,0.06993037119247883,2,2
1130,1.1299999999999863,hold,100.0,4.845332642012739,0.0063288530038967394,1.088845939936462,0.08884593993646206,0.006273358702576417,4.757887298619793,0.000992192578113429,-0.05549430132032254,2,2
1131,1.1309999999999862,hold,100.0,4.8390083213930986,-0.006324320619640389,1.0887772639637654,0.0887772639637654,-0.0062546529320138145,4.7516326456877795,0.0009896581059453003,0.06966768762657442,2,2
1132,1.1319999999999861,hold,100.0,4.845312116081505,0.006303794688406583,1.0888335138707859,0.08883351387078586,0.0062485339733522605,4.7578811796611316,0.0009871354230622687,-0.05526071505432273,2,2
1133,1.132999999999986,hold,100.0,4.8390127714380915,-0.00629934464341364,1.0887650944206233,0.0887650944206233,-0.006229938514753203,4.751651241146378,0.0009846376689989832,0.0694061286604375,2,2
1134,1.133999999999986,hold,100.0,4.845291607408325,0.006278835970233487,1.08882110658328,0.08882110658328002,0.006223807999164138,4.757875049145542,0.0009821513176679704,-0.05502797106934909,2,2
1135,1.1349999999999858,hold,100.0,4.839017140484928,-0.006274466923397171,1.0887529426106284,0.08875294261062838,-0.0062053212367103065,4.751669727908832,0.0009796893402084419,0.0691456866868641,2,2
1136,1.1359999999999857,hold,100.0,4.845271116922057,0.006253976437129438,1.0888087179418455,0.08880871794184553,0.006199180368538772,4.75786890827737,0.000977238395101146,-0.05479606859066632,2,2
1137,1.1369999999999856,hold,100.0,4.839021429827136,-0.006249687094920908,1.0887408084067813,0.08874080840678134,-0.0061808007399992825,4.751688107537371,0.0009748112887791209,0.06888635492162572,2,2
1138,1.1379999999999855,hold,100.0,4.845250645506659,0.006229215679522504,1.088796347816755,0.08879634781675505,0.006174650672723606,4.757862758210094,0.0009723948597352226,-0.054565006798897725,2,2
1139,1.1389999999999854,hold,100.0,4.83902564068745,-0.006225004819208735,1.0887286916825163,0.08872869168251629,-0.006156376690472555,4.751706381519622,0.0009700017549757331,0.06862812873617996,2,2
1140,1.1399999999999852,hold,100.0,4.845230194030704,0.006204553343254204,1.0887839960791805,0.08878399607918053,0.006150218558007252,4.757856600077629,0.000967618985060731,-0.054334785246952164,2,2
1141,1.1409999999999851,hold,100.0,4.839029774289183,-0.006200419741521301,1.088716592316933,0.08871659231693307,-0.0061320487432819865,4.7517245513343465,0.0009652590412617646,0.06837099823931488,2,2
1142,1.141999999999985,hold,100.0,4.845209763266861,0.006179988977677908,1.0887716626051922,0.0887716626051922,0.006125883575205757,4.757850434909552,0.000962909105505052,-0.054105402472151565,2,2
1143,1.142999999999985,hold,100.0,4.839033831804999,-0.0061759314618621275,1.0887045101898736,0.08870451018987358,-0.006107816503689442,4.751742618405863,0.0009605815146430119,0.06811495817268548,2,2
1144,1.1439999999999848,hold,100.0,4.845189353979468,0.006155522174469574,1.088759347271672,0.0887593472716719,0.0061016453173720515,4.757844263723235,0.0009582636180480258,-0.05387685709752274,2,2
1145,1.1449999999999847,hold,100.0,4.839037814361865,-0.0061515396176030634,1.088692445183063,0.08869244518306307,-0.006083679615414182,4.751760584107821,0.0009559676013896435,0.06786000218888133,2,2
1146,1.1459999999999846,hold,100.0,4.845168966895658,0.006131152533792594,1.0887470499576242,0.08874704995762417,0.0060775033857262475,4.757838087493547,0.0009536809775919858,-0.05364914806634674,2,2
1147,1.1469999999999845,hold,100.0,4.83904172305022,-0.006127243845438279,1.0886803971803078,0.08868039718030785,-0.006059637721715255,4.751778449771832,0.0009514157842695019,0.06760612372302445,2,2
1148,1.1479999999999844,hold,100.0,4.845148602708165,0.006106879657945541,1.0887347705440402,0.08873477054404022,0.006053457384049947,4.757831907155882,0.000949159694149476,-0.053422273895593723,2,2
1149,1.1489999999999843,hold,100.0,4.839045558925344,-0.006103043782821338,1.0886683660673537,0.08866836606735373,-0.006035690466215448,4.751796216689667,0.0009469245998202198,0.06735331660588997,2,2
1150,1.1499999999999841,hold,100.0,4.845128262077034,0.0060827031516899055,1.088722508913859,0.08872250891385902,0.006029506918502276,4.757825723608169,0.0009446983302006905,-0.053196233187629074,2,2
1151,1.150999999999984,hold,100.0,4.839049323009139,-0.006078939067895028,1.088656351731891,0.08865635173189101,-0.006011837492986975,4.751813886115182,0.0009424926357875886,0.06710157490805342,2,2
1152,1.151999999999984,hold,100.0,4.845107945631372,0.006058622622233223,1.0887102649519123,0.08871026495191225,0.006005651597491935,4.757819537712674,0.0009402954982102393,-0.05297102474128776,2,2
1153,1.1529999999999838,hold,100.0,4.839053016292427,-0.006054929338945136,1.0886443540634172,0.0886443540634172,-0.00598807844666665,4.751831459266008,0.0009381185287175719,0.06685089227848658,2,2
1154,1.1539999999999837,hold,100.0,4.845087653970861,0.0060346376784341516,1.0886980385449125,0.08869803854491254,0.005981891031644714,4.757813350297653,0.0009359498582914341,-0.05274664678943733,2,2
1155,1.1549999999999836,hold,100.0,4.839056639735425,-0.006031014235436061,1.088632372953297,0.08863237295329696,-0.0059644129724588405,4.751848937325194,0.0009338009616904083,0.06660126297722019,2,2
1156,1.1559999999999835,hold,100.0,4.84506738766733,0.006010747931904703,1.0886858295813495,0.08868582958134952,0.0059582248337886,4.757807162158983,0.000931660116008462,-0.052523098116103416,2,2
1157,1.1569999999999834,hold,100.0,4.839060194269974,-0.006007193397355337,1.0886204082946351,0.08862040829463513,-0.005940840716215147,4.751866321442767,0.0009295386621875862,0.06635268114018981,2,2
1158,1.1579999999999833,hold,100.0,4.845047147265395,0.005986952995420403,1.0886736379514452,0.08867363795144523,0.005934652618772806,4.75780097406154,0.0009274250203052856,-0.05230037664759671,2,2
1159,1.1589999999999832,hold,100.0,4.839063680800308,-0.005983466465086629,1.0886084599821715,0.08860845998217148,-0.005917361324389239,4.751883612737151,0.0009253304000812571,0.06610514069738983,2,2
1160,1.159999999999983,hold,100.0,4.84502693328503,0.005963252484722403,1.0886614635471497,0.08866146354714965,0.005911174003592371,4.757794786740743,0.000923243361554032,-0.05207848113003219,2,2
1161,1.160999999999983,hold,100.0,4.839067100204518,-0.005959833080512844,1.0885965279124328,0.08859652791243278,-0.0058939744442375605,4.751900812296506,0.0009211749857384943,0.06585863627528356,2,2
1162,1.1619999999999828,hold,100.0,4.845006746221435,0.0059396460169169885,1.0886493062620468,0.08864930626204681,0.005887788607258599,4.757788600903765,0.0009191139697131999,-0.05185740965838945,2,2
1163,1.1629999999999827,hold,100.0,4.839070453335821,-0.005936292885613703,1.0885846119834361,0.08858461198343615,-0.005870679723719819,4.751917921180045,0.0009170712682323226,0.06561316189388454,2,2
1164,1.1639999999999826,hold,100.0,4.844986586547092,0.005916133211271379,1.088637165991282,0.08863716599128191,0.005864496050772864,4.757782417230818,0.000915035712589587,-0.05163716049851573,2,2
1165,1.1649999999999825,hold,100.0,4.839073741023163,-0.005912845523929455,1.088572712094858,0.08857271209485806,-0.005847476811563187,4.751934940419255,0.0009130181336516744,0.06536871236626808,2,2
1166,1.1659999999999824,hold,100.0,4.844966454712301,0.00589271368913824,1.088625042631679,0.08862504263167903,0.005841295957082223,4.757776236376337,0.0009110074941952222,-0.05141773205601715,2,2
1167,1.1669999999999823,hold,100.0,4.83907696407302,-0.005889490639281014,1.0885608281478485,0.08856082814784849,-0.0058243653573316154,4.751951871019005,0.0009090145035047892,0.0651252819493988,2,2
1168,1.1679999999999822,hold,100.0,4.844946351146438,0.005869387073418331,1.0886129360814394,0.08861293608143939,0.005818187951091972,4.757770058970097,0.0009070282531949362,-0.05119912232635828,2,2
1169,1.168999999999982,hold,100.0,4.8390801232697065,-0.005866227876731855,1.088548960045072,0.08854896004507196,-0.005801345011407911,4.751968713958689,0.0009050593332084788,0.06488286532394405,2,2
1170,1.169999999999982,hold,100.0,4.844926276258716,0.005846152989009923,1.0886008462403602,0.08860084624036024,0.0057951716595372425,4.7577638856182265,0.0009030969614372262,-0.05098132947268033,2,2
1171,1.1709999999999818,hold,100.0,4.8390832193766675,-0.0058430568820488915,1.0885371076906236,0.08853710769062362,-0.005778415425008078,4.751985470193218,0.0009011516106592535,0.06464145704081388,2,2
1172,1.1719999999999817,hold,100.0,4.844906230439206,0.0058230110625387965,1.0885887730096258,0.08858877300962575,0.005772246711056242,4.757757716904274,0.0008992126225632921,-0.050764351482554884,2,2
1173,1.1729999999999816,hold,100.0,4.839086253137164,-0.005819977302042645,1.0885252709900213,0.08852527099002128,-0.005755576250293843,4.752002140653981,0.0008972903548795766,0.06440105174880181,2,2
1174,1.1739999999999815,hold,100.0,4.844886214059674,0.005799960922510117,1.0885767162918594,0.08857671629185937,0.005749412736122773,4.757751553390103,0.0008953742706899705,-0.05054818638734401,2,2
1175,1.1749999999999814,hold,100.0,4.839089225275067,-0.0057969887846072155,1.088513449850168,0.08851344985016807,-0.005732827140296894,4.752018726249807,0.0008934746147354123,0.06416164431032131,2,2
1176,1.1759999999999813,hold,100.0,4.844866227474665,0.0057770021995988685,1.0885646759910457,0.08856467599104567,0.005726669367028999,4.757745395616835,0.0008915809691605848,-0.050332832569869104,2,2
1177,1.1769999999999812,hold,100.0,4.839092136496005,-0.005774090978660773,1.0885016441793152,0.08850164417931516,-0.005710167749005307,4.75203522786783,0.00088970346771981,0.0639232296554661,2,2
1178,1.177999999999981,hold,100.0,4.844846271021492,0.005754134525487231,1.0885526520124735,0.08855265201247353,0.005704016237785457,4.757739244105615,0.0008878318093605242,-0.0501182877017739,2,2
1179,1.178999999999981,hold,100.0,4.839094987487767,-0.0057512835337245605,1.0884898538869694,0.0884898538869694,-0.005687597731293237,4.752051646374322,0.0008859760187994032,0.0636858024313236,2,2
1180,1.1799999999999808,hold,100.0,4.844826345021706,0.005731357533938386,1.0885406442628016,0.08854064426280162,0.005681452984227002,4.757733099358549,0.0008841259095936235,-0.04990454971138397,2,2
1181,1.1809999999999807,hold,100.0,4.839097778313149,-0.005728566708556926,1.0884780783805514,0.08847807838055144,-0.005665116681062626,4.752067982677486,0.0008822913386947357,0.06345002749429986,1,2
1182,1.1819999999999806,hold,100.0,4.844806475945217,0.005708697632067938,1.0885286523192552,0.08852865231925522,0.005659005842430782,4.757726988519917,0.0008804623022296713,-0.049691789637156154,2,2
1183,1.1829999999999805,hold,100.0,4.839100493463954,-0.005705982481262417,1.0884663177640173,0.08846631776401725,-0.00564276743801174,4.752084221081906,0.0008786485858326637,0.06321504325067749,1,2
1184,1.1839999999999804,hold,100.0,4.844786633412457,0.005686139948502422,1.088516676295113,0.08851667629511306,0.005636659931161268,4.757720881013067,0.0008768402640169238,-0.04948001734115387,2,2
1185,1.1849999999999803,hold,100.0,4.839103148733075,-0.005683484679381401,1.088454572189971,0.08845457218997099,-0.005620503702294795,4.752100377310772,0.0008750470049497596,0.06298097708660587,1,2
1186,1.1859999999999802,hold,100.0,4.84476682101858,0.005663672285504795,1.0885047161729133,0.08850471617291333,0.0056144032218355035,4.757714780532608,0.0008732589954041817,-0.049269063669291416,2,2
1187,1.18699999999998,hold,100.0,4.839105745932602,-0.00566107508597824,1.0884428416069092,0.08844284160690918,-0.005598327223456451,4.752116453309152,0.0008714857998982289,0.06274786252178852,1,2
1188,1.18799999999998,hold,100.0,4.844747039590134,0.005641293657531854,1.0884927718841253,0.0884927718841253,0.005592234745218503,4.757708688054371,0.0008697177125966837,-0.049058912313350994,2,2
1189,1.1889999999999799,hold,100.0,4.83910828597798,-0.00563875361215338,1.0884311259435235,0.08843112594352354,-0.0055762379109523304,4.752132450143418,0.0008679641974429274,0.06251570120104945,1,2
1190,1.1899999999999797,hold,100.0,4.844727289567642,0.0056190035896612756,1.0884808433507611,0.08848084335076112,0.00557015403224299,4.757702604175661,0.0008662156534432592,-0.048849557418285255,2,2
1191,1.1909999999999796,hold,100.0,4.839110769585431,-0.00561651998221091,1.0884194251235026,0.08841942512350265,-0.005554235491134773,4.752148368684526,0.0008644814460333458,0.062284491076137344,1,2
1192,1.1919999999999795,hold,100.0,4.844707571276152,0.00559680169072152,1.0884689304920896,0.08846893049208959,0.005548160695587449,4.757696529380113,0.00086275207696972,-0.04864099513407147,2,2
1193,1.1929999999999794,hold,100.0,4.839113197396405,-0.005594373879747039,1.0884077390690192,0.08840773906901922,-0.005532319651545506,4.7521642097285675,0.0008610368149752693,0.062054228201532946,1,2
1194,1.1939999999999793,hold,100.0,4.844687884990205,0.005574687593799865,1.088457033226673,0.08845703322667298,0.005526254371014076,4.757690464099581,0.0008593262626441266,-0.04843322278578945,2,2
1195,1.1949999999999792,hold,100.0,4.839115570013235,-0.00557231497696975,1.088396067701981,0.08839606770198105,-0.005510490068239291,4.752179974031342,0.0008576295936575771,0.06182490873045919,1,2
1196,1.195999999999979,hold,100.0,4.844668256759444,0.005552686746209012,1.088445151490728,0.08844515149072807,0.005504460532959699,4.757684434564301,0.0008559375116223621,-0.048226213249313345,1,2
1197,1.196999999999979,hold,100.0,4.839117882695491,-0.005550374063953534,1.088384410587558,0.08838441058755797,-0.005488777160850753,4.75219565740345,0.0008542590919657443,0.061596903102780626,1,2
1198,1.1979999999999789,hold,100.0,4.844648646543611,0.005530763848120124,1.0884332849584506,0.0884332849584506,0.005482743687345743,4.757678401090796,0.0008525851414494515,-0.04802016077438097,1,2
1199,1.1989999999999787,hold,100.0,4.839120137972309,-0.005528508571301494,1.0883727679387143,0.08837276793871429,-0.005467138899813665,4.752211262190983,0.0008509246355893189,0.06136967148782837,1,2
1200,1.1999999999999786,hold,100.0,4.844629067629074,0.0055089296567647494,1.0884214337463058,0.08842143374630584,0.0054611147298797595,4.757672376920863,0.0008492684848353807,-0.04781492688498996,1,2
1201,1.2009999999999785,hold,100.0,4.839122339120727,-0.005506728508347436,1.0883611397314008,0.0883611397314008,-0.005445585154157157,4.752226791766706,0.0008476255703346991,0.06114335419027915,1,2
1202,1.2019999999999784,hold,100.0,4.84460952114653,0.005487182025802895,1.0884095977967825,0.08840959779678248,0.005439571546693537,4.757666363313399,0.0008459868980089254,-0.0476104791093581,1,2
1203,1.2029999999999783,hold,100.0,4.839124487088277,-0.005485034058252403,1.0883495259009686,0.08834952590096856,-0.005424116101053006,4.7522422472123464,0.0008443612590361097,0.060917957199396744,1,2
1204,1.2039999999999782,hold,100.0,4.844590007498025,0.005465520409747349,1.0883977770375166,0.08839777703751661,0.005418113599834027,4.757660360812181,0.0008427397523648502,-0.04740680991332201,1,2
1205,1.204999999999978,hold,100.0,4.839126582516974,-0.005463424981051013,1.088337926376344,0.08833792637634397,-0.005402731501920489,4.75225762931026,0.0008411310811368857,0.060693479130524,1,2
1206,1.205999999999978,hold,100.0,4.84457052693492,0.005443944417946156,1.0883859713931323,0.08838597139313231,0.0053967405018606265,4.757654369812121,0.0008395264355263363,-0.047203916085529485,1,2
1207,1.2069999999999779,hold,100.0,4.8391286259630935,-0.005441900971826286,1.0883263410849777,0.08832634108497772,-0.00538143105556255,4.752272938756558,0.0008379344321919739,0.06046991626373552,1,2
1208,1.2079999999999778,hold,100.0,4.844551079654989,0.005422453691895868,1.0883741807875966,0.08837418078759662,0.005375451897497996,4.757648390654056,0.0008363463509250704,-0.04700179439787178,1,2
1209,1.2089999999999776,hold,100.0,4.839130617944909,-0.005420461710079927,1.088314769954288,0.08831476995428811,-0.005360214445530743,4.752288176208525,0.0008347707233246856,0.060247264549184026,1,2
1210,1.2099999999999775,hold,100.0,4.844531665829428,0.005401047884518562,1.0883624051451268,0.08836240514512683,0.005354247442126559,4.757642423650652,0.000833198917283845,-0.04680044239200286,1,2
1211,1.2109999999999774,hold,100.0,4.839132558958602,-0.005399106870825676,1.0883032129120007,0.08830321291200072,-0.005339081350842543,4.752303342299809,0.0008316393806963192,0.06002551998313295,1,2
1212,1.2119999999999773,hold,100.0,4.844512285612286,0.00537972665368347,1.088350644390431,0.08835064439043094,0.00533312679610836,4.757636469095917,0.0008300835681022186,-0.04659985757510948,1,2
1213,1.2129999999999772,hold,100.0,4.839134449484519,-0.005377836127766322,1.0882916698865013,0.08829166988650128,-0.005318031449320375,4.752318437646597,0.0008285398449962174,0.0598046784459471,1,2
1214,1.213999999999977,hold,100.0,4.844492939144802,0.005358489660282295,1.0883388984489464,0.08833889844894638,0.005312089622779462,4.757630527269376,0.0008269997511585392,-0.0464000375028327,1,2
1215,1.214999999999977,hold,100.0,4.839136289990466,-0.0053566491543355355,1.0882801408068177,0.08828014080681768,-0.005297064418844597,4.752333462850531,0.000825471570952441,0.059584735490938665,1,2
1216,1.2159999999999769,hold,100.0,4.844473626558104,0.005337336567637685,1.0883271672467443,0.08832716724674428,0.00529113558776566,4.757624598438297,0.0008239469280320702,-0.04620097987202525,1,2
1217,1.2169999999999768,hold,100.0,4.839138080933165,-0.0053355456249386535,1.0882686256027183,0.08826862560271831,-0.0052761799378235955,4.752348418500473,0.0008224340268628944,0.05936568711505802,1,2
1218,1.2179999999999767,hold,100.0,4.844454347973931,0.005316267040766043,1.0883154507107315,0.08831545071073155,0.005270264358518266,4.7576186828589915,0.0008209245736439428,-0.04600268224777722,1,2
1219,1.2189999999999765,hold,100.0,4.839139822759293,-0.005314525214638266,1.0882571242047412,0.08825712420474119,-0.005255377685460559,4.752363305173531,0.0008194266941457226,0.05914752917770671,1,2
1220,1.2199999999999764,hold,100.0,4.8444351035056865,0.005295280746393516,1.0883037487685039,0.08830374876850389,0.0052494756041414105,4.757612780777672,0.0008179321758175758,-0.045805142252105385,1,2
1221,1.2209999999999763,hold,100.0,4.8391415159063005,-0.005293587599386029,1.0882456365441338,0.08824563654413375,-0.005234657341918699,4.752378123435753,0.0008164490669086788,0.058930257467330015,1,2
1222,1.2219999999999762,hold,100.0,4.844415893259276,0.0052743773529755344,1.0882920613484734,0.08829206134847345,0.005228768995398101,4.757606892431151,0.0008149692348567386,-0.04560835757743374,1,2
1223,1.222999999999976,hold,100.0,4.839143160803119,-0.005272732456156781,1.0882341625529672,0.08823416255296723,-0.005214018588362503,4.752392873842789,0.0008135006515359381,0.058713867794278445,1,2
1224,1.223999999999976,hold,100.0,4.844396717333413,0.005253556530293579,1.0882803883798091,0.08828038837980912,0.005208144204466469,4.757601018047255,0.0008120352631411697,-0.04541232582710997,1,2
1225,1.2249999999999759,hold,100.0,4.839144757870291,-0.005251959463121736,1.0882227021639628,0.08822270216396277,-0.00519346110695496,4.752407556940301,0.0008105809662919082,0.05849835616677547,1,2
1226,1.2259999999999758,hold,100.0,4.844377575819754,0.0052328179494631755,1.0882687297924363,0.08826872979243627,0.005187600905037184,4.757595157845338,0.000809129784738652,-0.045217044425991705,1,2
1227,1.2269999999999757,hold,100.0,4.8391463075203776,-0.005231268299376701,1.0882112553106622,0.0882112553106622,-0.005172984580971256,4.752422173264367,0.0008076895409409581,0.058283718405445495,1,2
1228,1.2279999999999756,hold,100.0,4.844358468803871,0.005212161283493444,1.0882570855170102,0.08825708551701017,0.00516713877222601,4.757589312036592,0.0008062523350321299,-0.045022511267434236,1,2
1229,1.2289999999999754,hold,100.0,4.839147810158335,-0.00521065864553627,1.0881998219273052,0.08819982192730524,-0.005152588694780183,4.7524367233418126,0.000804825916382441,0.05806995075608758,1,2
1230,1.2299999999999753,hold,100.0,4.844339396364798,0.005191586206462873,1.088245455484939,0.088245455484939,0.005146757482608616,4.7575834808244215,0.0008034024603623833,-0.04482872385425628,1,2
1231,1.2309999999999752,hold,100.0,4.839149266182192,-0.005190130182605834,1.0881884019488424,0.08818840194884237,-0.005132273133872206,4.752451207690549,0.0008019896443003431,0.057857048733627944,1,2
1232,1.2319999999999751,hold,100.0,4.844320358576099,0.0051710923939074505,1.088233839628342,0.08823383962834197,0.005126456714114933,4.757577664404664,0.0008005797176848244,-0.04463567979251775,1,2
1233,1.232999999999975,hold,100.0,4.8391506759825935,-0.005169682593505698,1.088176995310944,0.08817699531094392,-0.005112037584781103,4.752465626819883,0.0007991802868266921,0.0576450087245951,1,2
1234,1.233999999999975,hold,100.0,4.8443013555053085,0.005150679522714974,1.0882222378800674,0.08822223788006744,0.005106236146086471,4.757571862965969,0.0007977836742390997,-0.044443376628502604,1,2
1235,1.2349999999999748,hold,100.0,4.839152039943242,-0.005149315562066548,1.0881656019499804,0.08816560194998035,-0.0050918817352321325,4.752479981230737,0.0007963974162180853,0.057433826834415135,1,2
1236,1.2359999999999747,hold,100.0,4.844282387214626,0.0051303472713843945,1.0882106501736608,0.08821065017366081,0.005086095459202719,4.7575660766899395,0.0007950139072324117,-0.04425181218167557,1,2
1237,1.2369999999999746,hold,100.0,4.839153358441772,-0.0051290287728544826,1.0881542218029774,0.08815422180297738,-0.005071805274004979,4.752494271415935,0.0007936406145448525,0.057223498849503715,1,2
1238,1.2379999999999745,hold,100.0,4.844263453761063,0.005110095319291297,1.088199076443347,0.0881990764433469,0.005066034335569347,4.757560305751504,0.000792270003534635,-0.044060983721949665,1,2
1239,1.2389999999999743,hold,100.0,4.839154631849062,-0.00510882191200146,1.0881428548076773,0.08814285480767725,-0.005051807891059393,4.752508497860444,0.0007909094733920259,0.057014020942066854,1,2
1240,1.2399999999999742,hold,100.0,4.844244555196718,0.005089923347656011,1.0881875166240635,0.08818751662406354,0.005046052458566852,4.757554550319011,0.0007895515593849997,-0.043870889089159606,1,2
1241,1.2409999999999741,hold,100.0,4.839155860529696,-0.005088694667021443,1.0881315009024426,0.0881315009024426,-0.005031889277426385,4.752522661041584,0.0007882035935720705,0.056805389595057654,1,2
1242,1.241999999999974,hold,100.0,4.844225691568639,0.0050698310389423185,1.0881759706513632,0.08817597065136318,0.005026149512949725,4.757548810554534,0.0007868581801104236,-0.043681525992593506,1,2
1243,1.242999999999974,hold,100.0,4.839157044842874,-0.005068646725765014,1.0881201600263246,0.08812016002632461,-0.005012049125274846,4.752536761429258,0.0007855225848482284,0.056597600490167384,1,2
1244,1.2439999999999738,hold,100.0,4.844206862919396,0.005049818076522605,1.0881644384615214,0.08816443846152144,0.0050063251848019834,4.75754308661406,0.0007841894798539889,-0.04349289172062183,1,2
1245,1.2449999999999737,hold,100.0,4.839158185141258,-0.005048677778138,1.0881088321189551,0.08810883211895515,-0.004992287127906572,4.752550799486153,0.0007828660656681637,0.05639065023142764,1,2
1246,1.2459999999999736,hold,100.0,4.8441880692869255,0.005029884145667296,1.0881529199913857,0.08815291999138575,0.004986579161534697,4.7575373786476876,0.0007815450813138616,-0.043304984132599283,1,2
1247,1.2469999999999735,hold,100.0,4.839159281772527,-0.005028787514398836,1.0880975171206786,0.08809751712067859,-0.0049726029797427535,4.7525647756679446,0.0007802336629079746,0.05618453465608235,1,2
1248,1.2479999999999734,hold,100.0,4.844169310704903,0.0050100289323760094,1.0881414151785065,0.08814141517850649,0.004966911131825489,4.75753168679977,0.0007789246154916944,-0.043117800550520474,1,2
1249,1.2489999999999732,hold,100.0,4.839160335078442,-0.005008975626460632,1.088086214972375,0.0880862149723749,-0.004952996376278304,4.7525786904234915,0.0007776250116249455,0.05597925018232825,1,2
1250,1.2499999999999731,hold,100.0,4.844150587202855,0.004990252124413175,1.0881299239610096,0.0881299239610096,0.004947320785659568,4.757526011209151,0.0007763277214504624,-0.042931338753607155,1,2
1251,1.250999999999973,hold,100.0,4.839161345395618,-0.004989241807237477,1.0880749256155857,0.08807492561558572,-0.004933467014158202,4.752592544194993,0.0007750397548202912,0.05577479307927475,1,2
1252,1.251999999999973,hold,100.0,4.844131898806359,0.004970553410741374,1.0881184462776736,0.08811844627767362,0.004927807814367162,4.75752035200936,0.0007737540460812913,-0.04274559637421245,1,2
1253,1.2529999999999728,hold,100.0,4.8391623130553185,-0.004969585751040562,1.0880636489924065,0.08806364899240648,-0.004914014591200916,4.752606337418159,0.0007724775432098692,0.05557115983964578,1,2
1254,1.2539999999999727,hold,100.0,4.844113245536829,0.004950932481510684,1.088106982067845,0.08810698206784506,0.004908371910541286,4.7575147093287,0.0007712032438781586,-0.04256057096939728,1,2
1255,1.2549999999999726,hold,100.0,4.839163238384252,-0.004950007152577207,1.0880523850455674,0.08805238504556745,-0.0048946388062668334,4.7526200705224335,0.0007699380350030904,0.05536834631037369,1,2
1256,1.2559999999999725,hold,100.0,4.844094627412134,0.004931389027881927,1.08809553127148,0.08809553127147995,0.004889012768029661,4.757509083290463,0.0007686749767214025,-0.04237625985226666,1,2
1257,1.2569999999999724,hold,100.0,4.839164121703494,-0.004930505708640176,1.088041133718329,0.08804113371832889,-0.004875339359363796,4.752633743931099,0.0007674208956905268,0.05516634927638011,1,2
1258,1.2579999999999723,hold,100.0,4.844076044446575,0.004911922743080943,1.0880840938291165,0.08808409382911653,0.00486973008197444,4.757503474013074,0.0007661689136686634,-0.0421926611065028,1,2
1259,1.2589999999999721,hold,100.0,4.839164963330149,-0.004911081116425464,1.0880298949545462,0.08802989495454616,-0.004856115951610066,4.752647358061464,0.0007649257978382244,0.05496516481539801,1,2
1260,1.259999999999972,hold,100.0,4.844057496650899,0.004892533320750125,1.088072669681864,0.08807266968186389,0.004850523548756168,4.75749788161022,0.000763684730752976,-0.042009771993957445,1,2
1261,1.260999999999972,hold,100.0,4.839165763576177,-0.00489173307472246,1.0880186686986064,0.08801866869860642,-0.004836968285235247,4.752660913324985,0.0007624524208898225,0.054764789487212265,1,2
1262,1.2619999999999718,hold,100.0,4.844038984032303,0.004873220456126148,1.0880612587714102,0.08806125877141024,0.004831392866052357,4.757492306191037,0.0007612221107885095,-0.0418275900737914,1,2
1263,1.2629999999999717,hold,100.0,4.839166522749153,-0.004872461283150109,1.0880074548954757,0.08800745489547568,-0.004817896063589823,4.752674410127447,0.0007600004509751918,0.05456521956028609,1,2
1264,1.2639999999999716,hold,100.0,4.84402050659501,0.004853983845857002,1.0880498610399643,0.08804986103996426,0.004812337732749729,4.757486747860197,0.0007587807431825419,-0.0416461131072729,1,2
1265,1.2649999999999715,hold,100.0,4.839167241152198,-0.004853265442811505,1.0879962534906338,0.08799625349063378,-0.004798898991126715,4.75268784886907,0.0007575695807262943,0.0543664516847904,1,2
1266,1.2659999999999714,hold,100.0,4.844002064339886,0.004834823187687576,1.0880384764303164,0.08803847643031637,0.004793357849010112,4.75748120671808,0.0007563603237543705,-0.041465338677463756,1,2
1267,1.2669999999999713,hold,100.0,4.8391679190844705,-0.0048341452554154785,1.0879850644301015,0.08798506443010146,-0.004779976773396593,4.752701229944684,0.000755159509098827,0.05416848201888515,1,2
1268,1.2679999999999712,hold,100.0,4.843983657264865,0.004815738180394824,1.0880271048857761,0.08802710488577614,0.0047744529161755245,4.75747568286086,0.0007539605545603112,-0.0412852642192995,1,2
1269,1.268999999999971,hold,100.0,4.839168556840525,-0.004815100424340635,1.087973887660406,0.08797388766040593,-0.004761129117037567,4.7527145537438225,0.000752769941200221,0.05397130730306742,1,2
1270,1.269999999999971,hold,100.0,4.8439652853649005,0.004796728524375737,1.0880157463501885,0.0880157463501885,0.004755622636852215,4.757470176380675,0.000751581143724572,-0.04110588752352217,1,2
1271,1.2709999999999708,hold,100.0,4.839169154711221,-0.0047961306536796755,1.087962723128627,0.08796272312862707,-0.004742355729831945,4.752727820650843,0.0007504005881236928,0.053774923847730444,1,2
1272,1.2719999999999707,hold,100.0,4.843946948631999,0.0047777939207778175,1.0880044007679037,0.08800440076790372,0.004736866714888559,4.757464687365732,0.0007492218052759285,-0.0409272058892584,1,2
1273,1.2729999999999706,hold,100.0,4.839169712982946,-0.004777235649052969,1.087951570782283,0.0879515707822831,-0.0047236563206509655,4.7527410310450815,0.0007480511667873829,0.05357932840200329,1,2
1274,1.2739999999999705,hold,100.0,4.84392864705575,0.004758934072804699,1.0879930680838177,0.08799306808381768,0.00471818485533422,4.757459215900416,0.0007468822589898472,-0.04074921747047877,1,2
1275,1.2749999999999704,hold,100.0,4.8391702319389935,-0.004758415116756787,1.08794043056945,0.08794043056945,-0.004705030599458241,4.752754185300957,0.000745721399779704,0.05338451729854608,1,2
1276,1.2759999999999703,hold,100.0,4.8439103806226,0.004740148683606726,1.0879817482432779,0.08798174824327787,0.004699576764405191,4.757453762065363,0.0007445622302364311,-0.04057191920153573,1,2
1277,1.2769999999999702,hold,100.0,4.839170711858303,-0.0047396687642971,1.087929302438668,0.08792930243866803,-0.004686478277265543,4.752767283788097,0.0007434110152087206,0.05319048703155728,1,2
1278,1.27799999999997,hold,100.0,4.843892149316911,0.00472143745860798,1.087970441192176,0.08797044119217601,0.004681042149551173,4.7574483259376485,0.0007422614498321812,-0.04039530905680655,1,2
1279,1.27899999999997,hold,100.0,4.839171153016212,-0.004720996300699554,1.0879181863389256,0.08791818633892556,-0.004667999066245567,4.752780326871403,0.0007411197465577371,0.05299723445398655,1,2
1280,1.2799999999999698,hold,100.0,4.843873953120316,0.004702800104104732,1.0879591468768663,0.08795914687686635,0.004662580719432603,4.7574429075908355,0.0007399796538980099,-0.040219384672128544,1,2
1281,1.2809999999999697,hold,100.0,4.83917155568452,-0.004702397435796257,1.0879070822197527,0.08790708221975274,-0.0046495926796192,4.752793314911217,0.0007388473325447449,0.05280475617705765,1,2
1282,1.2819999999999696,hold,100.0,4.843855792011975,0.004684236327454627,1.0879478652441776,0.08794786524417764,0.004644192183873541,4.75743750709509,0.0007377165837210365,-0.04004414358108662,1,2
1283,1.2829999999999695,hold,100.0,4.83917192013173,-0.004683871880244439,1.0878959900310847,0.08789599003108473,-0.0046312588317289445,4.752806248263361,0.0007365935169866787,0.05261304851549454,1,2
1284,1.2839999999999694,hold,100.0,4.843837665968967,0.004665745837236557,1.0879365962414456,0.08793659624144556,0.004625876253920903,4.7574321245172815,0.0007354719856212922,-0.03986958331565413,1,2
1285,1.2849999999999693,hold,100.0,4.839172246622759,-0.004665419346207678,1.0878849097233494,0.08788490972334939,-0.004612997237969525,4.752819127279312,0.000734358048668328,0.0524221082381527,1,2
1286,1.2859999999999692,hold,100.0,4.843819574965976,0.0046473283432169055,1.0879253398164384,0.08792533981643835,0.004607632641755836,4.757426759921068,0.0007332456108222008,-0.0396957014610691,1,2
1287,1.286999999999969,hold,100.0,4.839172535418782,-0.004647039547194254,1.0878738412474045,0.0878738412474045,-0.004594807614841516,4.752831952306226,0.0007321406812153167,0.05223193235273822,1,2
1288,1.287999999999969,hold,100.0,4.843801518975446,0.004628983556663968,1.087914095917397,0.08791409591739696,0.004589461060737192,4.757421413366964,0.0007310372153261412,-0.039522495926776376,1,2
1289,1.2889999999999688,hold,100.0,4.839172786778636,-0.004628732196810148,1.087862784554568,0.08786278455456809,-0.0045766896798472324,4.752844723687116,0.0007299411729708048,0.05204251696291559,1,2
1290,1.2899999999999687,hold,100.0,4.843783497967949,0.004610711189313221,1.0879028644930069,0.08790286449300688,0.0045713612253729195,4.757416084912489,0.0007288465597930107,-0.039349963940301866,1,2
1291,1.2909999999999686,hold,100.0,4.839173000957029,-0.004610497010919978,1.0878517395965606,0.08785173959656056,-0.004558643151674913,4.752857441760813,0.0007277592868767507,0.051853859245065,1,2
1292,1.2919999999999685,hold,100.0,4.843765511911867,0.004592510954838147,1.0878916454923968,0.08789164549239681,0.0045533328514117,4.757410774612225,0.0007266734094231904,-0.03917810342644705,1,2
1293,1.2929999999999684,hold,100.0,4.839173178206167,-0.0045923337057001135,1.087840706325592,0.08784070632559193,-0.004540667750016981,4.752870106862209,0.0007255947903583726,0.051665955683132675,1,2
1294,1.2939999999999683,hold,100.0,4.843747560773744,0.004574382567577473,1.087880438865168,0.08788043886516794,0.00453537565564905,4.757405482517858,0.0007245175338438837,-0.039006911928422816,1,2
1295,1.2949999999999682,hold,100.0,4.839173318774936,-0.004574241998808404,1.087829684694253,0.08782968469425301,-0.004522763195639902,4.752882719322218,0.0007234474552124671,0.05147880316850196,1,2
1296,1.295999999999968,hold,100.0,4.84372964451796,0.00455632574302367,1.0878692445612919,0.08786924456129186,0.004517489356103077,4.757400208678321,0.0007223787069996075,-0.03883638692059321,1,2
1297,1.296999999999968,hold,100.0,4.839173422909251,-0.004556221608708277,1.0878186746555525,0.08781867465555249,-0.004504929210398852,4.752895279467922,0.0007213170574992459,0.05129239830942503,1,2
1298,1.2979999999999678,hold,100.0,4.843711763107529,0.004538340198277702,1.0878580625312189,0.08785806253121886,0.004499673671918506,4.7573949531398405,0.0007202567070449367,-0.03866652635919551,1,2
1299,1.2989999999999677,hold,100.0,4.839173490852321,-0.004538272255207865,1.0878076761629247,0.08780767616292473,-0.004487165517215596,4.752907787622625,0.0007192033774373749,0.051106737992268406,1,2
1300,1.2999999999999676,hold,100.0,4.843693916503262,0.004520425650940574,1.0878468927257985,0.08784689272579849,0.004481928323388812,4.757389715946014,0.0007181513162419079,-0.03849732755176194,1,2
1301,1.3009999999999675,hold,100.0,4.839173522844127,-0.004520393659134925,1.087796689170214,0.08779668917021399,-0.004469471840042151,4.752920244105972,0.0007171061993022664,0.05092181909277342,1,2
1302,1.3019999999999674,hold,100.0,4.843676104664395,0.00450258182026797,1.0878357350962913,0.08783573509629128,0.004464253031890067,4.7573844971378625,0.0007160623208595922,-0.03832878837790356,1,2
1303,1.3029999999999673,hold,100.0,4.839173519122393,-0.004502585542002002,1.0877857136316582,0.08778571363165821,-0.004451847903889192,4.752932649233974,0.0007150253113277758,0.05073763811281034,1,2
1304,1.3039999999999672,hold,100.0,4.84365832754869,0.004484808426297171,1.0878245895943623,0.08782458959436235,0.004446647519971328,4.757379296753945,0.0007139895110769866,-0.038160906325843125,1,2
1305,1.304999999999967,hold,100.0,4.8391734799215325,-0.004484847627157507,1.0877747495018883,0.08777474950188835,-0.004434293434847719,4.752945003319097,0.000712960505610047,0.050554192309787416,1,2
1306,1.305999999999967,hold,100.0,4.843640585111997,0.004467105190464338,1.0878134561720985,0.08781345617209846,0.00442911151128756,4.757374114830385,0.0007119326808890718,-0.03799367917677737,1,2
1307,1.3069999999999669,hold,100.0,4.839173405473903,-0.004467179638093732,1.0877637967359022,0.08776379673590218,-0.004416808160010358,4.752957306670375,0.0007109115780155736,0.05037147808337455,1,2
1308,1.3079999999999667,hold,100.0,4.843622877308828,0.004449471834925056,1.0878023347819676,0.08780233478196764,0.004411644730587915,4.757368951400963,0.0007098916280154562,-0.03782710433714118,1,2
1309,1.3089999999999666,hold,100.0,4.839173296008466,-0.004449581300361771,1.0877528552891154,0.08775285528911536,-0.004399391807577407,4.752969559593385,0.0007088783280906774,0.05018949278436449,1,2
1310,1.3099999999999665,hold,100.0,4.84360520409208,0.0044319080836139335,1.0877912253768252,0.08779122537682515,0.004394246903804654,4.75736380649719,0.0007078661538117861,-0.03766117980927991,1,2
1311,1.3109999999999664,hold,100.0,4.839173151752448,-0.0044320523396326195,1.0877419251172993,0.08774192511729928,-0.00438204410676793,4.752981762390422,0.000706860558974563,0.05000823286468916,1,2
1312,1.3119999999999663,hold,100.0,4.843587565413488,0.0044144136610402285,1.0877801279099115,0.08778012790991152,0.00437691775789118,4.757358680148314,0.000705856063183816,-0.03749590314904884,1,2
1313,1.3129999999999662,hold,100.0,4.839172972930172,-0.004414592483316326,1.0877310061765972,0.08773100617659724,-0.004364764787813599,4.7529939153605,0.0007048580773145879,0.04982769550272714,1,2
1314,1.313999999999966,hold,100.0,4.843569961222907,0.004396988292735493,1.0877690423348456,0.08776904233484562,0.004359657020960757,4.7573535723814615,0.0007038611645039737,-0.03733127177473622,1,2
1315,1.314999999999966,hold,100.0,4.839172759763327,-0.004397201459579669,1.0877200984235371,0.08772009842353712,-0.004347553582039428,4.753006018799422,0.0007028706931840171,0.04964787754024175,1,2
1316,1.3159999999999659,hold,100.0,4.8435523914692995,0.004379631705972109,1.0877579686056578,0.08775796860565777,0.004342464422194627,4.757348483221616,0.0007018812695305243,-0.037167283777481824,1,2
1317,1.3169999999999658,hold,100.0,4.839172512471639,-0.004379878997660569,1.0877092018149885,0.08770920181498854,-0.004330410221759527,4.753018072999857,0.0007008982200023908,0.04946877590104176,1,2
1318,1.3179999999999656,hold,100.0,4.843534856099947,0.004362343628308452,1.0877469066766954,0.08774690667669538,0.004325339691876855,4.757343412691734,0.0006999161933287976,-0.03700393643159619,1,2
1319,1.3189999999999655,hold,100.0,4.83917223127215,-0.004362624827797035,1.087698316308161,0.08769831630816105,-0.004313334440324072,4.75303007825141,0.0006989404744580915,0.049290387472963014,1,2
1320,1.3199999999999654,hold,100.0,4.843517355061073,0.004345123788922933,1.0877358565026625,0.08773585650266247,0.0043082825613339785,4.757338360812744,0.0006979657541950493,-0.03684122758895476,1,2
1321,1.3209999999999653,hold,100.0,4.839171916379799,-0.0043454386812742385,1.087687441860672,0.0876874418606719,-0.004296325972088549,4.7530420348406555,0.0006969972764327448,0.0491127091856898,1,2
1322,1.3219999999999652,hold,100.0,4.843499888297843,0.004327971918043794,1.0877248180386891,0.08772481803868915,0.004291292763030661,4.757333327603686,0.0006960297735821713,-0.03667915501313294,1,2
1323,1.322999999999965,hold,100.0,4.839171568006896,-0.004328320290946763,1.087676578430419,0.08767657843041898,-0.004279384552505945,4.753053943051181,0.0006950684489287613,0.04893573844081799,1,2
1324,1.323999999999965,hold,100.0,4.843482455753727,0.004310887746830971,1.0877137912402113,0.08771379124021128,0.004274370030518312,4.757328313081699,0.0006941080760276456,-0.03651771631265916,1,2
1325,1.3249999999999649,hold,100.0,4.839171186363971,-0.004311269389756234,1.0876657259757014,0.08766572597570144,-0.0042625099180229825,4.753065803163675,0.0006931538179979744,0.0487594717332512,1,2
1326,1.3259999999999648,hold,100.0,4.843465057371673,0.004293871007702066,1.0877027760630271,0.08770277606302712,0.004257514098376729,4.757323317262053,0.0006922004890839332,-0.03635690932533679,1,2
1327,1.3269999999999647,hold,100.0,4.839170771659312,-0.004294285712361123,1.087654884455102,0.08765488445510194,-0.0042457018060444406,4.753077615456008,0.0006912532126726191,0.04858390631668277,1,2
1328,1.3279999999999645,hold,100.0,4.843447693093148,0.004276921433835845,1.0876917724632558,0.08769177246325577,0.00424072470222092,4.757318340158229,0.0006903068432499829,-0.036196731614925384,1,2
1329,1.3289999999999644,hold,100.0,4.839170324098908,-0.004277368994239694,1.0876440538275631,0.08764405382756313,-0.0042289599550323674,4.753089380203197,0.0006893664648985579,0.04840903920732675,1,2
1330,1.3299999999999643,hold,100.0,4.843430362858354,0.004260038759445806,1.0876807803974076,0.08768078039740757,0.004224001578832528,4.75731338178203,0.0006884269719057349,-0.036037180613277854,1,2
1331,1.3309999999999642,hold,100.0,4.839169843886465,-0.004260518971888949,1.087633234052358,0.08763323405235801,-0.004212284104514804,4.753101097677515,0.0006874934094701024,0.04823486737414503,1,2
1332,1.331999999999964,hold,100.0,4.843413066607206,0.00424322272074118,1.087669799822269,0.08766979982226908,0.00420734446596637,4.757308442143481,0.0006865607112472422,-0.03587825477481023,1,2
1333,1.332999999999964,hold,100.0,4.839169331224269,-0.004243735382936542,1.0876224250890698,0.08762242508906981,-0.004195673994898334,4.753112768148583,0.000685633883966457,0.04806138803820775,1,2
1334,1.3339999999999639,hold,100.0,4.843395804277941,0.004226473053671853,1.0876588306950152,0.08765883069501523,0.0041907531024234,4.757303521251006,0.0006847079002248211,-0.0357199512484533,1,2
1335,1.3349999999999638,hold,100.0,4.83916878631205,-0.0042270179658912,1.0876116268976053,0.08761162689760527,-0.004179129367702883,4.753124391883303,0.0006837877286903624,0.04788859818831686,1,2
1336,1.3359999999999637,hold,100.0,4.843378575807904,0.004209789495853933,1.087647872973109,0.08764787297310894,0.004174227228108715,4.757298619111412,0.0006828683804818824,-0.03556226774521776,1,2
1337,1.3369999999999636,hold,100.0,4.839168209347596,-0.004210366460307924,1.0876008394381982,0.08760083943819819,-0.004162649965405758,4.7531359691460064,0.0006819547866082532,0.047716494902165854,1,2
1338,1.3379999999999634,hold,100.0,4.843361381133791,0.004193171786194938,1.0876369266143384,0.08763692661433842,0.004157766583940287,4.757293735729947,0.0006810419962963968,-0.03540520225465103,1,2
1339,1.3389999999999633,hold,100.0,4.839167600527186,-0.004193780606605024,1.087590062671376,0.08759006267137592,-0.00414623553149276,4.7531475001984544,0.0006801349032918314,0.04754507511226403,1,2
1340,1.3399999999999632,hold,100.0,4.843344220191393,0.004176619664207237,1.0876259915768483,0.08762599157684825,0.004141370911873518,4.757288871110328,0.0006792285945228004,-0.035248752333719505,1,2
1341,1.340999999999963,hold,100.0,4.8391669600447,-0.0041772601466929515,1.0875792965579705,0.08757929655797048,-0.0041298858104219915,4.753158985299906,0.0006783279268615316,0.04737433627096006,1,2
1342,1.341999999999963,hold,100.0,4.843327092915343,0.004160132870643096,1.0876150678190375,0.0876150678190375,0.004125039954877242,4.7572840252547826,0.0006774280245367229,-0.03509291576585423,1,2
1343,1.342999999999963,hold,100.0,4.839166288092296,-0.004160804823047037,1.0875685410591607,0.08756854105916068,-0.004113600547664019,4.753170424707118,0.000676533707931457,0.04720427538301795,1,2
1344,1.3439999999999628,hold,100.0,4.843309999239726,0.0041437111474298405,1.0876041552996694,0.08760415529966936,0.004108773457000513,4.7572791981641185,0.0006756401381802143,-0.03493769042932707,1,2
1345,1.3449999999999627,hold,100.0,4.83916558486062,-0.004144414379106287,1.0875577961363427,0.08755779613634274,-0.004097379489671652,4.753181818674447,0.000674752099555602,0.047034889434634936,1,2
1346,1.3459999999999626,hold,100.0,4.843292939097657,0.004127354237037473,1.0875932539777915,0.0875932539777915,0.004092571163267785,4.757274389837715,0.0006738647897091078,-0.03478307376968744,1,2
1347,1.3469999999999624,hold,100.0,4.839164850537907,-0.004128088559750331,1.0875470617512841,0.08754706175128413,-0.0040812223838795,4.753193167453835,0.0006729829571757421,0.04686617587083136,1,2
1348,1.3479999999999623,hold,100.0,4.8432759124216735,0.004111061883766531,1.087582363812752,0.08758236381275197,0.00407643281977477,4.75726960027361,0.0006721018357413232,-0.034629063991761105,1,2
1349,1.3489999999999622,hold,100.0,4.83916408531119,-0.0041118271104831905,1.0875363378660097,0.08753633786600967,-0.0040651289787027815,4.753204471294907,0.0006712261385706929,0.04669813178040903,1,2
1350,1.3499999999999621,hold,100.0,4.843258919143208,0.004094833832017919,1.0875714847642028,0.08757148476420284,0.004060358173556485,4.757264829468464,0.0006703511352068237,-0.03447565846143377,1,2
1351,1.350999999999962,hold,100.0,4.839163289365387,-0.004095629777821408,1.087525624442822,0.08752562444282197,-0.004049099023502187,4.753215730444961,0.0006694815038067063,0.04653075431922116,1,2
1352,1.351999999999962,hold,100.0,4.843241959193471,0.004078669828084358,1.0875606167921028,0.08756061679210281,0.004044346972727165,4.757260077417689,0.0006686125492989036,-0.034322855357192886,1,2
1353,1.3529999999999618,hold,100.0,4.839162462883959,-0.0040794963095125425,1.0875149214443123,0.08751492144431228,-0.004033132268670716,4.753226945149018,0.0006677489151893642,0.046364040841826576,1,2
1354,1.3539999999999617,hold,100.0,4.843225032502232,0.00406256961827367,1.0875497598566666,0.08754975985666658,0.004028398966391086,4.75725534411541,0.000666885941426454,-0.034170651882584405,1,2
1355,1.3549999999999616,hold,100.0,4.839161606048424,-0.004063426453808638,1.0875042288334036,0.08750422883340359,-0.004017228465541774,4.753238115649868,0.0006660282372168008,0.0461979882668646,1,2
1356,1.3559999999999615,hold,100.0,4.843208138999441,0.004046532951017312,1.0875389139184404,0.08753891391844038,0.00401251390465771,4.757250629554526,0.0006651711771679026,-0.03401904635960164,1,2
1357,1.3569999999999613,hold,100.0,4.839160719039061,-0.004047419960380161,1.0874935465732212,0.08749354657322117,-0.0040013873664047645,4.753249242188121,0.0006643193365337946,0.046032593975396316,1,2
1358,1.3579999999999612,hold,100.0,4.843191278613888,0.0040305595748275636,1.087528078938242,0.087528078938242,0.003996691538601303,4.757245933726723,0.000663468124225933,-0.03386803622626097,1,2
1359,1.3589999999999611,hold,100.0,4.839159802034209,-0.004031476579679172,1.0874828746271923,0.08748287462719229,-0.003985608724501813,4.753260325002221,0.0006626220818875681,0.045867855177359265,1,2
1360,1.359999999999961,hold,100.0,4.84317445127382,0.0040146492396111455,1.0875172548771461,0.08751725487714612,0.003980931620328929,4.7572412566225495,0.0006617766523838023,-0.0337176192822166,1,2
1361,1.360999999999961,hold,100.0,4.839158855210263,-0.004015596063557503,1.0874722129590153,0.0874722129590153,-0.003969892294073692,4.753271364328476,0.0006609363440840972,0.04570376948381111,1,2
1362,1.3619999999999608,hold,100.0,4.843157656907043,0.003998801696780241,1.0875064416965372,0.08750644169653721,0.003965233902906517,4.7572365982313825,0.0006600966334623095,-0.033567793873723675,1,2
1363,1.3629999999999607,hold,100.0,4.83915787874297,-0.003999778164073042,1.0874615615326668,0.08746156153266682,-0.003954237830287605,4.753282360401095,0.0006592619959461956,0.045540333785436954,1,2
1364,1.3639999999999606,hold,100.0,4.843140895440529,0.003983016697558739,1.087495639358059,0.08749563935805904,0.003949598140446828,4.757231958541542,0.0006584279412783702,-0.03341855711191076,1,2
1365,1.3649999999999605,hold,100.0,4.839156872805897,-0.003984022634631934,1.0874509203123617,0.08745092031236168,-0.003938645089287062,4.7532933134522555,0.0006575989122722464,0.04537754534487178,1,2
1366,1.3659999999999604,hold,100.0,4.843124166800884,0.0039672939949868535,1.087484847823639,0.08748484782363897,0.00393402408796591,4.757227337540221,0.0006567704516041117,-0.03326990702094343,1,2
1367,1.3669999999999602,hold,100.0,4.83915583757101,-0.003968329229874001,1.087440289262617,0.08744028926261693,-0.00392311382814606,4.753304223712075,0.0006559469697959928,0.0452154017279412,1,2
1368,1.3679999999999601,hold,100.0,4.843107470914223,0.0039516333432132456,1.0874740670554435,0.08747406705544347,0.003918511501520549,4.757222735213595,0.0006551240421274275,-0.03312184169269698,1,2
1369,1.36899999999996,hold,100.0,4.8391547732091755,-0.00395269770504747,1.0874296683481433,0.08742966834814325,-0.003907643804882347,4.753315091408713,0.0006543060471475979,0.04505390016512276,1,2
1370,1.36999999999996,hold,100.0,4.843090807705924,0.003936034496748064,1.0874632970159324,0.08746329701593236,0.003903060138108469,4.757218151546821,0.0006534885924134324,-0.0329743586395953,1,2
1371,1.3709999999999598,hold,100.0,4.839153679889577,-0.003937127816346475,1.0874190575339655,0.0874190575339655,-0.003892234778500986,4.75332591676832,0.0006526760248153863,0.04489303784548917,1,2
1372,1.3719999999999597,hold,100.0,4.843074177101122,0.003920497211544749,1.0874525376678317,0.08745253766783168,0.0038876697557085164,4.757213586524029,0.000651863983866701,-0.032827455836232505,1,2
1373,1.3729999999999596,hold,100.0,4.839152557779886,-0.003921619321236136,1.0874084567853486,0.08740845678534859,-0.003876886508874159,4.753336700015154,0.0006510567851087584,0.04473281236197718,1,2
1374,1.3739999999999595,hold,100.0,4.843057579024204,0.0039050212443179078,1.087441788974101,0.08744178897410104,0.003872340113256146,4.75720904012841,0.0006502500996945917,-0.03268113106176182,1,2
1375,1.3749999999999594,hold,100.0,4.839151407046628,-0.003906171977575923,1.0873978660677441,0.08739786606774413,-0.0038615987568457366,4.753347441371565,0.0006494482121219483,0.044573220730186304,1,2
1376,1.3759999999999593,hold,100.0,4.843041013399377,0.003889606352749375,1.087431050897955,0.087431050897955,0.003857070970612729,4.757204512342177,0.000648646824871539,-0.032535382136646314,1,2
1377,1.3769999999999591,hold,100.0,4.839150227854585,-0.0038907855447920525,1.0873872853469482,0.08738728534694817,-0.0038463712841681425,4.753358141058009,0.0006478501916987046,0.04441426062391004,1,2
1378,1.377999999999959,hold,100.0,4.8430244801503,0.0038742522957146974,1.08742032340289,0.08742032340289008,0.003841862088664354,4.757200003146673,0.0006470540461040531,-0.03239020705034321,1,2
1379,1.378999999999959,hold,100.0,4.839149020367377,-0.0038754597829226967,1.0873767145888913,0.08737671458889129,-0.0038312038535749946,4.753368799293098,0.000646262611397743,0.04425592934770208,1,2
1380,1.3799999999999588,hold,100.0,4.843007979200024,0.003858958832647197,1.0874096064526477,0.08740960645264773,0.003826713229208404,4.757195512522307,0.000645471651796628,-0.03224560343879305,1,2
1381,1.3809999999999587,hold,100.0,4.839147784747127,-0.00386019445289687,1.0873661537598533,0.08736615375985335,-0.0038160962286638775,4.753379416293643,0.0006446853604591042,0.044098224232992644,1,2
1382,1.3819999999999586,hold,100.0,4.842991510471664,0.0038437257245362844,1.0873989000111917,0.08739890001119166,0.003811624155002973,4.757191040448646,0.0006438995320187761,-0.032101569533311225,1,2
1383,1.3829999999999585,hold,100.0,4.839146521154804,-0.003844989316859504,1.0873556028262443,0.08735560282624433,-0.0038010481740124833,4.753389992274633,0.000643118329771441,0.0439411428470207,1,2
1384,1.3839999999999584,hold,100.0,4.842975073887396,0.003828552732591639,1.0873882040427374,0.0873882040427374,0.003796594629739726,4.757186586904373,0.000642337578472316,-0.031958102851913084,1,2
1385,1.3849999999999583,hold,100.0,4.839145229750048,-0.003829844137348104,1.087345061754795,0.08734506175479506,-0.003786059455042474,4.7534005274493305,0.0006415614118399293,0.043784682305630235,1,2
1386,1.3859999999999582,hold,100.0,4.842958669369395,0.003813439619347214,1.087377518511762,0.08737751851176201,0.003781624418052046,4.757182151867383,0.000640785684459941,-0.031815201295168176,1,2
1387,1.386999999999958,hold,100.0,4.839143910690875,-0.0038147586785202137,1.0873345305124353,0.08733453051243534,-0.003771129838191185,4.753411022029192,0.0006400145007551012,0.04362884032902856,1,2
1388,1.387999999999958,hold,100.0,4.842942296839314,0.0037983861484391923,1.0873668433829549,0.08736684338295486,0.0037667132855725175,4.757177735314764,0.0006392437448541799,-0.03167286286667476,1,2
1389,1.3889999999999578,hold,100.0,4.83914256413449,-0.0037997327048238105,1.0873240090662908,0.08732400906629079,-0.003756259090740826,4.753421476224023,0.0006384774921621239,0.043473614082984585,1,2
1390,1.3899999999999577,hold,100.0,4.8429259562186155,0.003783392084125481,1.0873561786212669,0.08735617862126688,0.0037518609987683043,4.757173337222792,0.0006377116560673951,-0.03153108535717663,1,2
1391,1.3909999999999576,hold,100.0,4.839141190236303,-0.003784765982312699,1.087313497383755,0.08731349738375505,-0.0037414469808813313,4.75343189024191,0.0006369502832314402,0.043319001431367604,1,2
1392,1.3919999999999575,hold,100.0,4.842909647428409,0.003768457192106389,1.0873455241918686,0.08734552419186858,0.0037370673250976226,4.757168957567008,0.0006361893160225334,-0.03138986700876659,1,2
1393,1.3929999999999574,hold,100.0,4.83913978915117,-0.003769858277239635,1.087302995432432,0.08730299543243203,-0.003726693277724684,4.7534422642892835,0.0006354327726292207,0.04316499951495089,1,2
1394,1.3939999999999573,hold,100.0,4.842893370389452,0.0037535812382820666,1.0873348800601703,0.08733488006017032,0.003722332032919556,4.757164596322203,0.0006346766241240233,-0.031249205362510538,1,2
1395,1.3949999999999572,hold,100.0,4.839138361032145,-0.003755009357306882,1.0872925031801444,0.08729250318014437,-0.003711997751293228,4.7534525985709095,0.0006339248604894135,0.043011606013654106,1,2
1396,1.395999999999957,hold,100.0,4.842877125021904,0.0037387639897588087,1.087324246191781,0.08732424619178092,0.003707654891530766,4.75716025346244,0.0006331734812299345,-0.031109098228042538,1,2
1397,1.396999999999957,hold,100.0,4.839136906031357,-0.003740218990546218,1.0872820205949483,0.08728202059494827,-0.0036973601724815406,4.753462893289958,0.0006324264483858189,0.042858818064677416,1,2
1398,1.3979999999999568,hold,100.0,4.842860911246231,0.0037240052148739267,1.0873136225525792,0.08731362255257924,0.0036930356711347336,4.757155928961093,0.0006316797896248266,-0.030969543739193042,1,2
1399,1.3989999999999567,hold,100.0,4.839135424299543,-0.0037254869466885054,1.0872715476450732,0.08727154764507317,-0.0036827803131077577,4.753473148647985,0.0006309374393050744,0.042706633580747756,1,2
1400,1.3999999999999566,hold,100.0,4.842844728982364,0.0037093046828209353,1.08730300910865,0.08730300910864996,0.0036784741428720403,4.7571516227908575,0.0006301954529925322,-0.030830539948894977,1,2
1401,1.4009999999999565,hold,100.0,4.839133915986584,-0.0037108129957799108,1.087261084298999,0.08726108429899893,-0.0036682579458881654,4.7534833648449695,0.000629457737620169,0.042555049891745356,1,2
1402,1.4019999999999564,hold,100.0,4.842828578149841,0.0036946621632569787,1.0872924058262616,0.08729240582626163,0.003663970078757884,4.757147334923728,0.0006287203763905284,-0.03069208449909492,1,2
1403,1.4029999999999563,hold,100.0,4.839132381240985,-0.003696196908856031,1.0872506305254146,0.0872506305254146,-0.0036537928443668892,4.753493542079361,0.0006279872490647757,0.042404064489141684,1,2
1404,1.4039999999999562,hold,100.0,4.842812458668057,0.0036800774270719927,1.087281812671981,0.08728181267198099,0.003649523251726012,4.757143065331086,0.0006272544662240309,-0.030554175345980702,1,2
1405,1.404999999999956,hold,100.0,4.839130820209995,-0.003681638458061798,1.0872401862932022,0.08724018629320218,-0.0036393847830297832,4.753503680548056,0.0006265258807080037,0.04225367503201457,1,2
1406,1.405999999999956,hold,100.0,4.842796370456299,0.0036655502463043277,1.0872712296125238,0.08727122961252376,0.0036351334355970025,4.757138813983653,0.0006257976302213442,-0.03041681070732518,1,2
1407,1.4069999999999558,hold,100.0,4.83912923304008,-0.003667137416218935,1.087229751571475,0.08722975157147506,-0.003625033537204378,4.753513780446449,0.0006250735409296002,0.042103879014557255,1,2
1408,1.4079999999999557,hold,100.0,4.842780313433468,0.0036510803933875735,1.0872606566148428,0.08726065661484284,0.003620800405131369,4.75713458085158,0.0006243497774094375,-0.030279988256204544,1,2
1409,1.4089999999999556,hold,100.0,4.839127619876406,-0.0036526935570622143,1.0872193263295098,0.0872193263295098,-0.0036107388831675647,4.753523841968413,0.0006236301393961216,0.04195467389464958,1,2
1410,1.4099999999999555,hold,100.0,4.8427642875183174,0.0036366676419117283,1.0872500936460892,0.08725009364608916,0.0036065239359762496,4.757130365904389,0.0006229108180900077,-0.030143705935478746,1,2
1411,1.4109999999999554,hold,100.0,4.839125980862965,-0.0036383066553522525,1.087208910536823,0.087208910536823,-0.0035965005979920663,4.753533865306396,0.0006221955870370812,0.04180605736018618,1,2
1412,1.4119999999999553,hold,100.0,4.842748292629564,0.0036223117665992177,1.087239540673666,0.0872395406736659,0.0035923038046233088,4.75712616911102,0.0006214806638164396,-0.03000796197590895,1,2
1413,1.4129999999999552,hold,100.0,4.839124316142951,-0.0036239764866135005,1.087198504163096,0.08719850416309605,-0.0035823184596608685,4.753543850651359,0.0006207697960224523,0.04165802695263194,1,2
1414,1.413999999999955,hold,100.0,4.842732328685476,0.003608012542525074,1.0872289976651273,0.08722899766512726,0.003578139788508736,4.757121990439868,0.0006200592273708604,-0.029872754016338314,1,2
1415,1.414999999999955,hold,100.0,4.839122625858037,-0.0036097028274388876,1.0871881071782727,0.08718810717827274,-0.003568192247020506,4.753553798192847,0.0006193526797396024,0.04151058041838157,1,2
1416,1.4159999999999549,hold,100.0,4.842716395604297,0.0035937697462600227,1.087218464588276,0.08721846458827609,0.003564031665921103,4.757117829858768,0.0006186464227422142,-0.029738080338919618,1,2
1417,1.4169999999999547,hold,100.0,4.839120910149447,-0.0035954854548503334,1.0871777195524055,0.0871777195524055,-0.0035541217397913345,4.753563708118977,0.000617944152771939,0.04136371505899898,1,2
1418,1.4179999999999546,hold,100.0,4.842700493304063,0.0035795831546163726,1.0872079414110793,0.08720794141107935,0.0035499792160453006,4.757113687335023,0.0006172421651041789,-0.029603938571072,1,2
1419,1.4189999999999545,hold,100.0,4.839119169156789,-0.0035813241472739676,1.0871673412558014,0.08716734125580139,-0.0035401067185481493,4.753573580616475,0.0006165441308768668,0.04121742872581838,1,2
1420,1.4199999999999544,hold,100.0,4.842684621702803,0.0035654525460140363,1.0871974281017507,0.08719742810175068,0.0035359822189379867,4.757109562835413,0.0006158463707941954,-0.029470327076049595,1,2
1421,1.4209999999999543,hold,100.0,4.83911740301901,-0.003567218683793172,1.087156972258933,0.08715697225893293,-0.0035261469647177115,4.753583415870695,0.0006151525309651317,0.04107171907546036,1,2
1422,1.4219999999999542,hold,100.0,4.8426687807182125,0.0035513776992024404,1.0871869246286727,0.08718692462867272,0.003522040455524342,4.75710545632622,0.0006144589572926431,-0.029337243678098472,1,2
1423,1.422999999999954,hold,100.0,4.83911561187413,-0.0035531688440828546,1.0871466125324563,0.08714661253245626,-0.003512242260601012,4.753593214065619,0.0006137692710802528,0.04092658348184242,1,2
1424,1.423999999999954,hold,100.0,4.842652970267942,0.0035373583938120845,1.0871764309604153,0.08717643096041527,0.0035081537076061906,4.757101367773225,0.000613079843202515,-0.02920468620589388,1,2
1425,1.4249999999999539,hold,100.0,4.8391137958587755,-0.003539174409166179,1.0871362620472598,0.08713626204725977,-0.0034983923893274578,4.753602975383897,0.0006123942703782589,0.040782019838721435,1,2
1426,1.4259999999999537,hold,100.0,4.842637190269535,0.0035233944107595505,1.087165947065784,0.08716594706578396,0.0034943217578508345,4.757097297141748,0.0006117089482294885,-0.02907265290871602,1,2
1427,1.4269999999999536,hold,100.0,4.839111955108856,-0.003525235160679152,1.087125920774359,0.0871259207743591,-0.0034845971349023925,4.753612700006845,0.0006110274491083916,0.04063802577675959,1,2
1428,1.4279999999999535,hold,100.0,4.842621440640381,0.0035094855315254136,1.0871554729137207,0.08715547291372072,0.003480544389783956,4.7570932443966285,0.0006103461931627256,-0.028941141741457756,1,2
1429,1.4289999999999534,hold,100.0,4.839110089759379,-0.0035113508810020733,1.0871155886849706,0.0871155886849706,-0.0034708562821489063,4.753622388114479,0.0006096687285935158,0.040494598853167,1,2
1430,1.4299999999999533,hold,100.0,4.842605721297846,0.0034956315384668812,1.0871450084734195,0.08714500847341955,0.0034668213877768646,4.757089209502256,0.0006089914998555518,-0.02881015069001666,1,2
1431,1.4309999999999532,hold,100.0,4.839108199944214,-0.003497521353632571,1.087105265750542,0.087105265750542,-0.0034571696167532877,4.7536320398855025,0.0006083180312115403,0.04035173687928339,1,2
1432,1.431999999999953,hold,100.0,4.842590032159178,0.003481832214964342,1.0871345537142243,0.0871345537142243,0.003453152537101461,4.757085192422604,0.0006076447912070947,-0.02867967786288105,1,2
1433,1.432999999999953,hold,100.0,4.839106285796409,-0.003483746362769047,1.0870949519426054,0.08709495194260541,-0.0034435369252523644,4.7536416554973515,0.0006069752803770573,0.04020943751668242,1,2
1434,1.4339999999999529,hold,100.0,4.842574373141403,0.003468087344994153,1.0871241086056707,0.08712410860567066,0.00343953762384213,4.757081193121194,0.0006063059911441517,-0.028549721152022756,1,2
1435,1.4349999999999528,hold,100.0,4.839104347448081,-0.0034700256933222207,1.087084647232951,0.08708464723295095,-0.00342995799498118,4.753651235126213,0.0006056404005231362,0.04006769834104078,1,2
1436,1.4359999999999526,hold,100.0,4.842558744161526,0.0034543967134448295,1.0871136731174758,0.08711367311747575,0.0034259764349296616,4.757077211561143,0.0006049750246031449,-0.02842027851516788,1,2
1437,1.4369999999999525,hold,100.0,4.8391023850303485,-0.0034563591311771447,1.087074351593519,0.08707435159351906,-0.003416432614131223,4.753660778947012,0.0006043133170840963,0.039926517045921726,1,2
1438,1.4379999999999524,hold,100.0,4.842543145136643,0.0034407601062946824,1.0871032472195616,0.08710324721956164,0.003412468758150943,4.757073247705163,0.0006036518175129908,-0.028291348143739264,1,2
1439,1.4389999999999523,hold,100.0,4.8391003986733025,-0.00344274646334064,1.087064064996416,0.08706406499641606,-0.0034029605717222832,4.753670287133441,0.0006029939564778662,0.03978589161835692,1,2
1440,1.4399999999999522,hold,100.0,4.842527575983736,0.0034271773104332937,1.0870928308820222,0.08709283088202224,0.0033990143821490963,4.75706930151559,0.0006023362967778033,-0.02816292828419732,1,2
1441,1.440999999999952,hold,100.0,4.83909838850647,-0.0034291874772662823,1.0870537874139297,0.08705378741392966,-0.00338954165760499,4.7536797598579845,0.0006016822460894526,0.03964581966129244,1,2
1442,1.441999999999952,hold,100.0,4.842512036619612,0.00341364811314282,1.0870824240750974,0.08708242407509736,0.003385613096388973,4.757065372954374,0.0006010283902604996,-0.028035016753846613,1,2
1443,1.4429999999999519,hold,100.0,4.839096354658337,-0.0034156819612753964,1.087043518818499,0.08704351881849903,-0.0033761756624674476,4.753689197291907,0.000600378114254218,0.039506298807948786,1,2
1444,1.4439999999999518,hold,100.0,4.842496526961034,0.0034001723026966246,1.08707202676927,0.08707202676926995,0.0033722646911887475,4.7570614619830955,0.0005997280267660937,-0.02790761150787708,1,2
1445,1.4449999999999517,hold,100.0,4.839094297256453,-0.003402229704581039,1.0870332591827765,0.08703325918277649,-0.0033628623777823695,4.753698599605313,0.0005990814902418966,0.03936732679866951,1,2
1446,1.4459999999999515,hold,100.0,4.8424810469250055,0.003386749668552902,1.087061638935172,0.08706163893517194,0.003358968957652355,4.757057568562965,0.0005984351360261717,-0.027780710900547016,1,2
1447,1.4469999999999514,hold,100.0,4.8390922164273436,-0.003388830497661921,1.0870230084795403,0.08702300847954025,-0.0033496015958577492,4.753707966967108,0.0005977923042406776,0.039228901804171795,1,2
1448,1.4479999999999513,hold,100.0,4.842465596427937,0.0033733800005935066,1.087051260543571,0.08705126054357093,0.003345725687778691,4.757053692654886,0.0005971496486828515,-0.027654312814815504,1,2
1449,1.4489999999999512,hold,100.0,4.839090112297081,-0.003375484130856421,1.0870127666817406,0.08701276668174063,-0.00333639310983684,4.753717299545049,0.0005965104873417622,0.03909102101958082,1,2
1450,1.449999999999951,hold,100.0,4.842450175386811,0.0033600630897305805,1.087040891565446,0.08704089156544592,0.0033325346743243852,4.757049834219374,0.0005958714962737093,-0.027528415406195307,1,2
1451,1.450999999999951,hold,100.0,4.839087984990654,-0.003362190396157594,1.0870025337625022,0.08700253376250222,-0.0033232367136321246,4.753726597505742,0.0005952359715241702,0.03895368252546929,1,2
1452,1.4519999999999509,hold,100.0,4.842434783718416,0.0033467987277626676,1.0870305319719467,0.08703053197194666,0.0033193957109333818,4.757045993216676,0.0005946006112166869,-0.027403016829285858,1,2
1453,1.4529999999999508,hold,100.0,4.8390858346321695,-0.003348949086246833,1.0869923096951293,0.08699230969512928,-0.003310132202013636,4.753735861014662,0.0005939686896399012,0.038816884233196756,1,2
1454,1.4539999999999507,hold,100.0,4.8424194213392315,0.003333586707062075,1.0870201817343774,0.08702018173437742,0.0033063085920042525,4.757042169606667,0.0005933369267953583,-0.027278115057822582,1,2
1455,1.4549999999999506,hold,100.0,4.8390836613450325,-0.0033357599941989946,1.0869820944530209,0.08698209445302085,-0.003297079370499721,4.753745090236167,0.0005927085753995831,0.03868062369927379,1,2
1456,1.4559999999999504,hold,100.0,4.842404088166023,0.0033204268209905408,1.0870098408242281,0.08700984082422814,0.0032932731127919175,4.7570383633489595,0.0005920803771447015,-0.027153708198623255,1,2
1457,1.4569999999999503,hold,100.0,4.839081465251771,-0.003322622914252449,1.0869718880098302,0.08697188800983024,-0.0032840780154762645,4.753754285333483,0.0005914555633578521,0.038544898776184285,1,2
1458,1.4579999999999502,hold,100.0,4.842388784115628,0.003307318863857489,1.0869995092131428,0.08699950921314281,0.0032802890693744173,4.757034574402858,0.0005908308972368545,-0.027029794483071808,1,2
1459,1.4589999999999501,hold,100.0,4.839079246474131,-0.0033095376414973288,1.086961690339285,0.08696169033928491,-0.003271127934079278,4.753763446468779,0.0005902095888997957,0.03840970741805089,1,2
1460,1.45999999999995,hold,100.0,4.84237350910452,0.0032942626303889,1.086989186872931,0.08698918687293089,0.0032673562585840378,4.757030802727362,0.0005895884228673332,-0.026906371804862224,1,2
1461,1.46099999999995,hold,100.0,4.839077005133036,-0.003296503971483844,1.0869515014153013,0.08695150141530128,-0.0032582289242555126,4.753772573803107,0.0005889705882270456,0.03827504722833143,1,2
1462,1.4619999999999498,hold,100.0,4.842358263049561,0.0032812579165248934,1.086978873775584,0.08697887377558411,0.003254474478104886,4.757027048281212,0.0005883528906416033,-0.026783438420007605,1,2
1463,1.4629999999999497,hold,100.0,4.839074741348523,-0.0032835217010376283,1.0869413212119676,0.08694132121196763,-0.0032453807847378224,4.753781667496474,0.0005877384983445643,0.03814091629980587,1,2
1464,1.4639999999999496,hold,100.0,4.84234304586756,0.003268304519036924,1.0869685698932172,0.08696856989321722,0.0032416435264066732,4.757023311022881,0.0005871242379617666,-0.026660992630250964,1,2
1465,1.4649999999999495,hold,100.0,4.8390724552400854,-0.00327059062747459,1.0869311497034886,0.08693114970348859,-0.0032325833150777137,4.753790727707803,0.000586513257047238,0.03800731239687622,1,2
1466,1.4659999999999493,hold,100.0,4.842327857475058,0.0032554022349726708,1.0869582751981195,0.0869582751981195,0.00322886320274795,4.75701959091055,0.0005859024030135399,-0.026539032224720625,1,2
1467,1.4669999999999492,hold,100.0,4.839070146926224,-0.0032577105488345026,1.0869209868642857,0.08692098686428573,-0.0032198363155586784,4.753799754594992,0.0005852948029075215,0.037874233275824246,1,2
1468,1.4679999999999491,hold,100.0,4.842312697789055,0.003242550862831095,1.0869479896627747,0.08694798966277473,0.0032161333072040455,4.757015887902195,0.0005846873247536844,-0.026417555627049512,1,2
1469,1.468999999999949,hold,100.0,4.839067816524703,-0.00324488126435174,1.086910832668799,0.08691083266879907,-0.0032071395873028152,4.753808748314892,0.0005840830752623261,0.03774167704892473,1,2
1470,1.469999999999949,hold,100.0,4.842297566726329,0.0032297502016263024,1.0869377132597753,0.08693771325977528,0.003203453640613213,4.757012201955505,0.0005834789428973778,-0.026296561013089588,1,2
1471,1.4709999999999488,hold,100.0,4.8390654641527,-0.0032321025736292697,1.0869006870917748,0.08690068709177479,-0.003194492932180111,4.753817709023325,0.0005828780142011978,0.037609641449158626,1,2
1472,1.4719999999999487,hold,100.0,4.842282464203664,0.003217000050963925,1.0869274459618903,0.08692744596189028,0.0031908240046484683,4.757008533027974,0.0005822771979061569,-0.02617604631545683,1,2
1473,1.4729999999999486,hold,100.0,4.8390630899266345,-0.003219374277029452,1.0868905501080155,0.0868905501080155,-0.0031818961528746097,4.753826636875099,0.0005816795605535974,0.0374781241548423,1,2
1474,1.4739999999999485,hold,100.0,4.842267390137925,0.0032043002112907004,1.0869171877420643,0.08691718774206425,0.003178244201734807,4.757004881076834,0.0005810820309757524,-0.0260560095558934,1,2
1475,1.4749999999999484,hold,100.0,4.839060693961846,-0.003206696176079049,1.0868804216924854,0.08688042169248544,-0.0031693490528041683,4.75383553202403,0.0005804876558777272,0.03734712327488083,1,2
1476,1.4759999999999482,hold,100.0,4.842252344446368,0.0031916504845215243,1.0869069385733614,0.0869069385733614,0.003165714035084151,4.757001246059114,0.0005798933840245526,-0.025936449437373443,1,2
1477,1.4769999999999481,hold,100.0,4.83905827637324,-0.0031940680731272764,1.0868703018202837,0.08687030182028366,-0.0031568514361819382,4.7538443946229325,0.0005793022424484095,0.037216636945338125,1,2
1478,1.477999999999948,hold,100.0,4.8422373270456545,0.0031790506724140855,1.0868966984289974,0.08689669842899739,0.003153233308692557,4.756997627931625,0.0005787111996820927,-0.025817363721528618,1,2
1479,1.478999999999948,hold,100.0,4.83905583727505,-0.0031814897706041734,1.0868601904666695,0.08686019046666948,-0.0031444031079821758,4.753853224823643,0.0005781232632460216,0.03708666262199761,1,2
1480,1.4799999999999478,hold,100.0,4.842222337853154,0.003166500578103637,1.0868864672823515,0.0868864672823515,0.003140801827321419,4.756994026650964,0.0005775354212775763,-0.02569875078221786,1,2
1481,1.4809999999999477,hold,100.0,4.83905337678065,-0.003168961072503862,1.0868500876070786,0.08685008760707857,-0.0031320038739346473,4.753862022777029,0.0005769506619450134,0.03695719856921468,1,2
1482,1.4819999999999476,hold,100.0,4.842207376785713,0.00315400000506294,1.0868762451069776,0.08687624510697756,0.0031284193965256417,4.756990442173555,0.0005763659928289725,-0.02558060853729855,1,2
1483,1.4829999999999475,hold,100.0,4.839050895002615,-0.0031564817830975755,1.086839993216992,0.0868399932169921,-0.003119653540563816,4.753870788632991,0.0005757843829033395,0.0368282425337596,1,2
1484,1.4839999999999474,hold,100.0,4.842192443760886,0.0031415487582702184,1.086866031876508,0.08686603187650799,0.003116085822619028,4.75698687445561,0.0005752028590322267,-0.025462935651190607,1,2
1485,1.4849999999999473,hold,100.0,4.839048392053189,-0.0031440517076966046,1.0868299072721104,0.08682990727211037,-0.003107351915138893,4.753879522540471,0.0005746243711514269,0.03669979255771158,1,2
1486,1.4859999999999471,hold,100.0,4.842177538695605,0.0031291466424159253,1.086855827564798,0.08685582756479793,0.0031038009126854674,4.756983323453157,0.0005740459652506,-0.025345729730457886,1,2
1487,1.486999999999947,hold,100.0,4.839045868043535,-0.0031316706520696513,1.0868198297482548,0.08681982974825475,-0.003095098805644993,4.753888224647512,0.0005734705723817832,0.03657184642465822,1,2
1488,1.487999999999947,hold,100.0,4.842162661507325,0.003116793463790124,1.086845632145792,0.086845632145792,0.0030915644745291393,4.756979789122041,0.0005728952575041063,-0.02522898926098473,1,2
1489,1.4889999999999468,hold,100.0,4.839043323084131,-0.003119338423194229,1.086809760621368,0.08680976062136803,-0.003082894020877076,4.753896895101164,0.0005723229329386349,0.03644440231715274,1,2
1490,1.4899999999999467,hold,100.0,4.842147812113695,0.0031044890295639505,1.0868354455936113,0.08683544559361134,0.003079376316796178,4.75697627141796,0.0005717506824594986,-0.025112712767772633,1,2
1491,1.4909999999999466,hold,100.0,4.839040757285155,-0.0031070548285399013,1.0867996998675278,0.08679969986752778,-0.003070737370372195,4.753905534047588,0.0005711813998078491,0.03631745816770615,1,2
1492,1.4919999999999465,hold,100.0,4.842132990431955,0.003092233146800183,1.0868252678824983,0.08682526788249834,0.0030672362488524357,4.75697277029644,0.0005706121874201052,-0.024996897947747194,1,2
1493,1.4929999999999464,hold,100.0,4.839038170755703,-0.0030948196762521363,1.0867896474629588,0.08678964746295881,-0.0030586286643963017,4.753914141632044,0.0005700459206070077,0.036191011855834544,1,2
1494,1.4939999999999463,hold,100.0,4.842118196379834,0.003080025624131011,1.0868150989868282,0.08681509898682815,0.0030551440807807815,4.756969285712825,0.0005694797203160619,-0.024881543350229428,1,2
1495,1.4949999999999461,hold,100.0,4.839035563604448,-0.003082632775385896,1.0867796033840327,0.08677960338403268,-0.0030465677139786215,4.753922717998846,0.0005689164435755521,0.036065061407274716,1,2
1496,1.495999999999946,hold,100.0,4.842103429874986,0.003067866270537678,1.086804938881182,0.08680493888118201,0.0030430996234950803,4.7569658176223415,0.0005683532296946182,-0.024766647042597737,1,2
1497,1.496999999999946,hold,100.0,4.83903293593927,-0.0030704939357164562,1.0867695676072096,0.08676956760720955,-0.003034554330885867,4.753931263291456,0.0005677929175653582,0.03593960483058928,1,2
1498,1.4979999999999458,hold,100.0,4.842088690835382,0.003055754896112539,1.0867947875401907,0.08679478754019065,0.003031102688600719,4.756962365980057,0.0005672326647107496,-0.024652207511820234,1,2
1499,1.4989999999999457,hold,100.0,4.839030287867557,-0.0030584029678255575,1.0867595401091255,0.08675954010912545,-0.0030225883276167494,4.75393977765244,0.0005666752920313525,0.035814640208808174,1,2
1500,1.4999999999999456,hold,100.0,4.8420739791786325,0.003043691311075847,1.0867846449386647,0.08678464493866467,0.003019153088426812,4.756958930740867,0.0005661179751177608,-0.02453822264903479,1,2
1501,1.5009999999999455,hold,100.0,4.839027619495981,-0.003046359682651101,1.0867495208664952,0.08674952086649523,-0.0030106695173868023,4.75394826122348,0.0005655635170223575,0.035690165264298454,1,2
1502,1.5019999999999454,hold,100.0,4.84205929482298,0.003031675326998773,1.0867745110515645,0.08677451105156453,0.003007250636115332,4.756955511859595,0.0005650091112583373,-0.024424690883441055,1,2
1503,1.5029999999999453,hold,100.0,4.8390249309302975,-0.0030343638926826344,1.0867395098562331,0.08673950985623313,-0.0029987977142223506,4.753956714145373,0.0005644575431718192,0.03556617846028377,1,2
1504,1.5039999999999452,hold,100.0,4.842044637686345,0.0030197067560475688,1.086764385853958,0.08676438585395796,0.0029953951455165663,4.756952109290889,0.0005639060240555131,-0.02431161053100244,1,2
1505,1.504999999999945,hold,100.0,4.839022222276054,-0.003022415410290691,1.0867295070553011,0.08672950705530114,-0.0029869727327921833,4.753965136558097,0.0005633573216892824,0.03544267749850749,1,2
1506,1.505999999999945,hold,100.0,4.842030007686926,0.003007785410871655,1.0867542693210597,0.08675426932105967,0.002983586431191579,4.756948722989289,0.0005628086650038094,-0.024198979680076227,1,2
1507,1.5069999999999448,hold,100.0,4.839019493637952,-0.003010514048973789,1.0867195124408542,0.08671951244085419,-0.0029751943885407287,4.753973528600748,0.000562262804351502,0.03531966043306047,1,2
1508,1.5079999999999447,hold,100.0,4.842015404743253,0.0029959111053008414,1.0867441614282107,0.08674416142821073,0.002971824308471026,4.756945352909219,0.0005617169861608332,-0.024086796829815224,1,2
1509,1.5089999999999446,hold,100.0,4.839016745120137,-0.0029986596231159623,1.0867095259901274,0.08670952599012738,-0.0029634624976316855,4.753981890411588,0.0005611739434940592,0.03519712548427688,1,2
1510,1.5099999999999445,hold,100.0,4.842000828773601,0.0029840836534642534,1.0867340621509025,0.08673406215090251,0.0029601085933976005,4.756941999004985,0.0005606309401386465,-0.023975060066652905,1,2
1511,1.5109999999999444,hold,100.0,4.839013976826089,-0.00298685194751247,1.0866995476805,0.08669954768049992,-0.0029517768769349896,4.75399022212805,0.000560090692002827,0.035075070577480355,1,2
1512,1.5119999999999443,hold,100.0,4.841986279696549,0.0029723028704600196,1.086723971464724,0.0867239714647241,0.002948439102741467,4.756938661230792,0.0005595504800957045,-0.023863767718552628,1,2
1513,1.5129999999999442,hold,100.0,4.839011188858697,-0.002975090837852079,1.0866895774894627,0.08668957748946271,-0.0029401373440707396,4.753998523886721,0.0005590130033058384,0.034953493781339495,1,2
1514,1.513999999999944,hold,100.0,4.841971757430796,0.0029605685720994757,1.0867138893454233,0.08671388934542335,0.0029368156540261602,4.756935339540747,0.0005584755597283911,-0.023752918073315435,1,2
1515,1.514999999999944,hold,100.0,4.839008381320265,-0.002963376110531435,1.0866796153946385,0.08667961539463853,-0.0029285437173547416,4.7540067958233925,0.0005579408313653001,0.03483239317669329,1,2
1516,1.5159999999999438,hold,100.0,4.841957261895051,0.0029488805747863722,1.086703815768859,0.0867038157688591,0.0029252380654418856,4.756932033888835,0.0005574061332633041,-0.02364250934448666,1,2
1517,1.5169999999999437,hold,100.0,4.839005554312446,-0.002951707582605323,1.0866696613737674,0.08666966137376741,-0.002916995815786078,4.754015038073049,0.0005568741306695494,0.034711766819245024,1,2
1518,1.5179999999999436,hold,100.0,4.841942793008431,0.002937238695984945,1.0866937507110395,0.08669375071103946,0.0029137061559382747,4.756928744228987,0.0005563421554493614,-0.023532540046670297,1,2
1519,1.5189999999999435,hold,100.0,4.8390027079362685,-0.0029400850721623684,1.0866597154047173,0.08665971540471729,-0.0029054934591631115,4.754023250769824,0.0005558128562254095,0.03459161299925687,1,2
1520,1.5199999999999434,hold,100.0,4.8419283506897575,0.002925642753488944,1.0866836941480473,0.08668369414804733,0.0029022197452059444,4.7569254705150295,0.0005552835815500011,-0.023423008282999567,1,2
1521,1.5209999999999433,hold,100.0,4.838999842292341,-0.0029285083974164294,1.0866497774654424,0.08664977746544245,-0.002894036467924452,4.754031434047105,0.0005547569635504041,0.03447192949197764,1,2
1522,1.5219999999999432,hold,100.0,4.841913934858318,0.0029140925659767447,1.0866736460561857,0.08667364605618566,0.002890778653593333,4.756922212700698,0.0005542303673356668,-0.02331391238341151,1,2
1523,1.522999999999943,hold,100.0,4.838996957480408,-0.0029169773779100794,1.0866398475340608,0.08663984753406084,-0.0028826246632386466,4.754039588037459,0.0005537064086654663,0.03435271467143279,1,2
1524,1.523999999999943,hold,100.0,4.841899545433572,0.0029025879531641152,1.0866636064117616,0.08666360641176163,0.0028793827022020476,4.756918970739662,0.0005531824690765183,-0.023205250962067634,1,2
1525,1.5249999999999428,hold,100.0,4.838994053600101,-0.0029054918334709967,1.0866299255887812,0.08662992558878124,-0.002871257866952072,4.75404771287271,0.0005526611480873831,0.03423396651892462,1,2
1526,1.5259999999999427,hold,100.0,4.841885182334791,0.00289112873469044,1.086653575191307,0.0866535751913069,0.0028680317128012933,4.756915744585512,0.000552139843534939,-0.02309702188914688,1,2
1527,1.5269999999999426,hold,100.0,4.838991130749975,-0.0028940515848159265,1.0866200116079128,0.08662001160791277,-0.002859935901644361,4.754055808683868,0.0005516211388217447,0.034115683171565686,1,2
1528,1.5279999999999425,hold,100.0,4.841870845481553,0.002879714731577998,1.0866435523714029,0.08664355237140287,0.0028567255078946955,4.756912534191763,0.0005511024479585304,-0.02298922368330252,1,2
1529,1.5289999999999424,hold,100.0,4.838988189028341,-0.0028826564532122845,1.0866101055699195,0.08661010556991955,-0.00284865859056323,4.754063875601199,0.000550586338355797,0.03399786264905464,1,2
1530,1.5299999999999423,hold,100.0,4.841856534793837,0.0028683457654956612,1.086633537928812,0.0866335379288119,0.002845463910670884,4.75690933951187,0.0005500702400730085,-0.02288185482477714,1,2
1531,1.5309999999999422,hold,100.0,4.838985228532768,-0.0028713062610687956,1.0866002074533374,0.08660020745333741,-0.002837425757677424,4.754071913754192,0.0005495567046513733,0.03388050339137157,1,2
1532,1.531999999999942,hold,100.0,4.84184225019116,0.0028570216583920782,1.0866235318403732,0.08662353184037319,0.0028342467450452216,4.756906160499237,0.0005490431780753608,-0.022774913346856624,1,2
1533,1.532999999999942,hold,100.0,4.838982249360238,-0.0028600008309220826,1.0865903172368452,0.08659031723684518,-0.0028262372276297567,4.7540799232716076,0.0005485321961381688,0.03376360329232584,1,2
1534,1.5339999999999419,hold,100.0,4.841827991593967,0.0028457422337293536,1.0866135340830603,0.08661353408306027,0.0028230738356037908,4.756902997107211,0.0005480212206269438,-0.022668398125562893,1,2
1535,1.5349999999999417,hold,100.0,4.838979251607592,-0.0028487399863754703,1.0865804348992119,0.08658043489921186,-0.0028150928257866976,4.754087904281424,0.0005475127717070928,0.03364716058877268,1,2
1536,1.5359999999999416,hold,100.0,4.84181375892209,0.0028345073144979693,1.0866035446339513,0.08660354463395126,0.002811945007639961,4.756899849289064,0.0005470043268470231,-0.022562306858008464,1,2
1537,1.5369999999999415,hold,100.0,4.838976235370566,-0.0028375235515234465,1.0865705604193379,0.08657056041933786,-0.0028039923781337716,4.75409585691093,0.0005464983907034466,0.03353117338967485,1,2
1538,1.5379999999999414,hold,100.0,4.841799552095968,0.0028233167254017033,1.0865935634702795,0.08659356347027947,0.0028008600871068834,4.756896716998037,0.0005459924563060147,-0.022456638294819902,1,2
1539,1.5389999999999413,hold,100.0,4.838973200744708,-0.0028263513512598593,1.0865606937762131,0.08656069377621312,-0.0027929357114135768,4.754103781286624,0.0005454890129206024,0.03341563984628247,1,2
1540,1.5399999999999412,hold,100.0,4.841785371036161,0.0028121702914525315,1.0865835905693353,0.08658359056933529,0.002789818900713171,4.756893600187337,0.0005449855690192745,-0.022351390739360454,1,2
1541,1.540999999999941,hold,100.0,4.838970147824818,-0.0028152232113427544,1.0865508349489634,0.08655083494896343,-0.002781922653016338,4.754111677534321,0.0005444845985936596,0.033300558326416346,1,2
1542,1.541999999999941,hold,100.0,4.841771215663115,0.0028010678382974774,1.0865736259086076,0.08657362590860762,0.002778821275777121,4.756890498810098,0.0005439836254405988,-0.02224656252035632,1,2
1543,1.5429999999999409,hold,100.0,4.838967076705443,-0.0028041389576722864,1.0865409839167577,0.08654098391675769,-0.002770953031000398,4.754119545779098,0.0005434851083930771,0.03318592667188834,1,2
1544,1.5439999999999408,hold,100.0,4.841757085897803,0.0027900091923598325,1.0865636694656071,0.08656366946560712,0.002767867040344386,4.7568874128194425,0.0005429865864561077,-0.022142152015446406,1,2
1545,1.5449999999999406,hold,100.0,4.8389639874802794,-0.0027930984175235096,1.0865311406589708,0.08653114065897083,-0.0027600266741215945,4.754127386145321,0.0005424905034184692,0.03307174340191508,1,2
1546,1.5459999999999405,hold,100.0,4.841742981660975,0.002778994180695271,1.0865537212180003,0.08655372121800031,0.0027569560231330446,4.756884342168454,0.0005419944133781511,-0.022038157562226553,1,2
1547,1.5469999999999404,hold,100.0,4.8389608802426745,-0.0027821014183002646,1.0865213051550178,0.08652130515501777,-0.002749143411812472,4.754135198756641,0.0005415007451929228,0.03295800648779254,1,2
1548,1.5479999999999403,hold,100.0,4.841728902874,0.002768022631325806,1.0865437811435947,0.08654378114359473,0.002746088053538721,4.75688128681018,0.0005410070679393884,-0.021934577787085033,1,2
1549,1.5489999999999402,hold,100.0,4.838957755085453,-0.002771147788547701,1.0865114773844164,0.08651147738441645,-0.0027383030741510526,4.7541429837360285,0.0005405157956565375,0.032844714396648364,1,2
1550,1.54999999999994,hold,100.0,4.841714849457933,0.0027570943724803954,1.0865338492202539,0.08653384922025387,0.0027352629616162446,4.756878246697645,0.0005400245122866734,-0.021831410864150795,1,2
1551,1.55099999999994,hold,100.0,4.8389546121009275,-0.0027602373570054795,1.0865016573268238,0.0865016573268238,-0.0027275054919152024,4.75415074120573,0.0005395356171610132,0.03273186509027701,1,2
1552,1.5519999999999399,hold,100.0,4.841700821334199,0.0027462092332717347,1.0865239254260082,0.08652392542600817,0.002724480578119367,4.756875221783849,0.0005390467089755312,-0.021728655152367625,1,2
1553,1.5529999999999398,hold,100.0,4.838951451380934,-0.002749369953265024,1.0864918449619803,0.08649184496198026,-0.0027167504965227374,4.754158471287326,0.0005385601724636845,0.03261945674228658,1,2
1554,1.5539999999999397,hold,100.0,4.841686818424475,0.002735367043540826,1.0865140097389439,0.08651400973894385,0.0027137407344501284,4.756872212021776,0.0005380736209643372,-0.021626309090697765,1,2
1555,1.5549999999999395,hold,100.0,4.838948273016488,-0.002738545407987125,1.086482040269715,0.08648204026971507,-0.0027060379200859064,4.75416617410169,0.0005375894247220915,0.032507487901218754,1,2
1556,1.5559999999999394,hold,100.0,4.841672840650493,0.0027245676340053038,1.0865041021372772,0.08650410213727722,0.0027030432627096973,4.756869217364399,0.0005371052116087849,-0.021524371295606436,1,2
1557,1.5569999999999393,hold,100.0,4.838945077098645,-0.002727763551848561,1.0864722432299851,0.08647224322998515,-0.002695367595355068,4.754173849769044,0.0005366233374881222,0.03239595649349308,1,2
1558,1.5579999999999392,hold,100.0,4.8416588879342575,0.00271381083561284,1.086494202599364,0.08649420259936402,0.002692387995606676,4.756866237764651,0.0005361414446562979,-0.021422840006163693,1,2
1559,1.558999999999939,hold,100.0,4.838941863717528,-0.002717024216729591,1.0864624538228458,0.08646245382284579,-0.0026847393557120677,4.754181498408939,0.0005356618747029375,0.032284861017523384,1,2
1560,1.559999999999939,hold,100.0,4.841644960197705,0.0027030964801770807,1.086484311103613,0.0864843111036131,0.0026817747665367985,4.756863273175476,0.0005351822842408196,-0.021321713640282212,1,2
1561,1.5609999999999389,hold,100.0,4.8389386329628605,-0.00270632723484443,1.0864526720284282,0.08645267202842821,-0.002674153035258027,4.754189120140218,0.0005347050006912692,0.032174199586403225,1,2
1562,1.5619999999999388,hold,100.0,4.8416310573630925,0.0026924244002319853,1.086474427628577,0.08647442762857693,0.002671203409590787,4.756860323549809,0.0005342276948772399,-0.02122099064119816,1,2
1563,1.5629999999999387,hold,100.0,4.8389353849240635,-0.0026956724390290177,1.0864428978269958,0.08644289782699577,-0.0026636084686934604,4.7541967150811155,0.0005337526801565474,0.032063970335557274,1,2
1564,1.5639999999999386,hold,100.0,4.8416171793530545,0.002681794428990969,1.0864645521529002,0.08646455215290016,0.0026606737594607167,4.756857388840576,0.0005332776414565192,-0.021120669530252326,1,2
1565,1.5649999999999384,hold,100.0,4.838932119689946,-0.0026850596631087242,1.0864331311988848,0.08643313119888485,-0.0026531054914072667,4.754204283349169,0.0005328048781753136,0.031954171701457576,1,2
1566,1.5659999999999383,hold,100.0,4.841603326090013,0.0026712064000671276,1.0864546846553402,0.08645468465534023,0.0026501856515316847,4.7568544690007,0.0005323320892401837,-0.021020748535442897,1,2
1567,1.5669999999999382,hold,100.0,4.8389288373485995,-0.0026744887414134055,1.086423372124544,0.08642337212454398,-0.0026426439393999216,4.7542118250613,0.0005318615601924197,0.03184480201348389,1,2
1568,1.567999999999938,hold,100.0,4.841589497496727,0.0026606601481278247,1.0864448251147598,0.08644482511475982,0.002639738921802696,4.756851563983103,0.0005313910038555884,-0.02092122632512891,1,2
1569,1.568999999999938,hold,100.0,4.838925537987999,-0.002663959508728553,1.0864136205845287,0.08641362058452873,-0.0026322236493446765,4.7542193403337585,0.0005309226920159744,0.03173585938387631,1,2
1570,1.569999999999938,hold,100.0,4.841575693496392,0.0026501555083928707,1.0864349735100851,0.08643497351008511,0.0026293334069658753,4.756848673740724,0.0005304543512908254,-0.020822101426995476,1,2
1571,1.5709999999999378,hold,100.0,4.838922221695664,-0.0026534718007278357,1.0864038765594295,0.0864038765594295,-0.002621844458542996,4.754226829282182,0.0005299882398123147,0.03162734218483971,1,2
1572,1.5719999999999377,hold,100.0,4.841561914011922,0.0026396923162579355,1.0864251298204144,0.08642512982041439,0.002618968944298965,4.756845798226481,0.0005295220978898493,-0.020723371958970404,1,2
1573,1.5729999999999376,hold,100.0,4.8389188885582355,-0.0026430254536862208,1.0863941400300448,0.08639414003004475,-0.002611506204927074,4.754234292021554,0.0005290581701013177,0.03151924875914678,1,2
1574,1.5739999999999374,hold,100.0,4.841548158966648,0.002629270408412765,1.086415294024897,0.086415294024897,0.0026086453717827727,4.756842937393337,0.0005285942103476346,-0.020625036629992252,1,2
1575,1.5749999999999373,hold,100.0,4.838915538662238,-0.0026326203044106933,1.0863844109771505,0.08638441097715055,-0.00260120872712272,4.754241728666214,0.0005281324497515606,0.03141157728797335,1,2
1576,1.5759999999999372,hold,100.0,4.841534428284163,0.0026188896219254687,1.086405466102797,0.08640546610279709,0.002598362528024987,4.756840091194239,0.0005276706557057195,-0.020527093900481793,1,2
1577,1.5769999999999371,hold,100.0,4.838912172093749,-0.0026222561904143404,1.0863746893817003,0.08637468938170034,-0.002590951864317104,4.754249139329922,0.0005272110459756538,0.03130432609723625,1,2
1578,1.577999999999937,hold,100.0,4.841520721888019,0.002608549794270054,1.0863956460334825,0.08639564603348249,0.0025881202522424086,4.756837259582165,0.0005267514013471497,-0.020429542027645617,1,2
1579,1.578999999999937,hold,100.0,4.8389087889380775,-0.0026119329499412203,1.08636497522468,0.08636497522468001,-0.0025807354563800707,4.754256524125784,0.0005262939263256912,0.031197493561149585,1,2
1580,1.5799999999999368,hold,100.0,4.841507039702268,0.002598250764190624,1.0863858337964039,0.08638583379640385,0.002577918384327516,4.756834442510112,0.0005258364149923007,-0.020332379863107625,1,2
1581,1.5809999999999367,hold,100.0,4.8389053892802645,-0.002601650422003665,1.0863552684872129,0.08635526848721287,-0.0025705593438145958,4.754263883166297,0.0005253810586886959,0.031091078189069386,1,2
1582,1.5819999999999366,hold,100.0,4.841493381650774,0.00258799237050944,1.0863760293711349,0.08637602937113487,0.0025677567647681525,4.7568316399310655,0.0005249256646941619,-0.020235605741287382,1,2
1583,1.5829999999999365,hold,100.0,4.838901973205071,-0.0025914084457028252,1.0863455691505068,0.08634556915050684,-0.0025604233676910356,4.7542712165633745,0.0005244724112820693,0.030985078011789603,1,2
1584,1.5839999999999363,hold,100.0,4.8414797476578135,0.0025777744527424318,1.0863662327373482,0.08636623273734823,0.002557635234694429,4.756828851798069,0.0005240191188340579,-0.020139218048002578,1,2
1585,1.5849999999999362,hold,100.0,4.8388985407966505,-0.0025812068611630323,1.0863358771958436,0.08633587719584357,-0.002550327369774796,4.754278524428294,0.0005235679526494513,0.03087949138823624,1,2
1586,1.5859999999999361,hold,100.0,4.8414661376477435,0.002567596851092979,1.0863564438747682,0.08635644387476815,0.0025475536358842543,4.7568260780641785,0.0005231167461171974,-0.020043215208724943,1,2
1587,1.586999999999936,hold,100.0,4.83889509213847,-0.0025710455092733397,1.0863261926046044,0.08632619260460439,-0.002540271192430173,4.754285806871748,0.0005226676516562526,0.030774316843166626,1,2
1588,1.587999999999936,hold,100.0,4.841452551545077,0.002557459406606455,1.0863466627632756,0.08634666276327563,0.0025375118107110566,4.75682331868246,0.0005222185155685096,-0.019947595895398323,1,2
1589,1.5889999999999358,hold,100.0,4.838891627313974,-0.002560924231102213,1.0863165153582695,0.08631651535826945,-0.0025302546786230918,4.7542930640038366,0.0005217714774853196,0.03066955247912114,1,2
1590,1.5899999999999357,hold,100.0,4.841438989274888,0.002547361960913541,1.086336889382811,0.08633688938281092,0.002527509602192936,4.75682057360603,0.0005213243965283698,-0.019852358720605194,1,2
1591,1.5909999999999356,hold,100.0,4.838888146405948,-0.0025508428689402507,1.0863068454383882,0.08630684543838818,-0.0025202776719630005,4.754300295934066,0.0005208793996330952,0.030565196977250242,1,2
1592,1.5919999999999355,hold,100.0,4.841425450761743,0.0025373043557950226,1.0863271237134084,0.08632712371340845,0.0025175468539572377,4.756817842788023,0.0005204343586484362,-0.01975750183778489,1,2
1593,1.5929999999999354,hold,100.0,4.838884649496687,-0.0025408012650558476,1.0862971828266166,0.08629718282661658,-0.002510340016668712,4.754307502771354,0.0005199913879051616,0.03046124838713537,1,2
1594,1.5939999999999352,hold,100.0,4.841411935931116,0.002527286434428788,1.0863173657352245,0.08631736573522453,0.002507623410259099,4.756815126181613,0.0005195483718877605,-0.019663024169689312,1,2
1595,1.5949999999999351,hold,100.0,4.838881136668215,-0.0025307992629004517,1.0862875275046833,0.08628752750468327,-0.0025004415575612298,4.754314684624052,0.0005191074124124897,0.03035770533922188,1,2
1596,1.595999999999935,hold,100.0,4.841398444708117,0.002517308039902133,1.0863076154284765,0.08630761542847654,0.002497739115958713,4.75681242374001,0.0005186664065085758,-0.019568923943420226,1,2
1597,1.596999999999935,hold,100.0,4.838877608001974,-0.0025208367061431147,1.086277879454426,0.08627787945442611,-0.0024905821400916387,4.754321841599919,0.0005182274435672063,0.03025456605147605,1,2
1598,1.5979999999999348,hold,100.0,4.841384977018453,0.0025073690164791884,1.0862978727735046,0.08629787277350465,0.0024878938165284878,4.756809735416447,0.0005177884330725452,-0.019475199950700663,1,2
1599,1.5989999999999347,hold,100.0,4.838874063579254,-0.0025109134391989585,1.0862682386577311,0.08626823865773114,-0.0024807616102991,4.754328973806148,0.0005173514520790243,0.030151828899858436,1,2
1600,1.5999999999999346,hold,100.0,4.841371532787774,0.002497469208520009,1.0862881377506914,0.08628813775069144,0.0024780873580631554,4.756807061164211,0.0005169144224366682,-0.01938185045685355,1,2
1601,1.6009999999999345,hold,100.0,4.838870503480454,-0.002501029307320657,1.0862586050966179,0.08625860509661787,-0.002470979814846284,4.754336081349365,0.0005164794089510925,0.030049492474372788,1,2
1602,1.6019999999999344,hold,100.0,4.841358111941736,0.0024876084612825977,1.0862784103405914,0.08627841034059136,0.002468319587259604,4.756804400936624,0.0005160443457496957,-0.019288874022993854,1,2
1603,1.6029999999999343,hold,100.0,4.838866927785975,-0.002491184155761772,1.0862489787531677,0.08624897875316773,-0.002461236600979427,4.754343164335645,0.0005156112854762848,0.02994755478234485,1,2
1604,1.6039999999999341,hold,100.0,4.841344714406898,0.002477786620923794,1.0862686905237642,0.08626869052376418,0.0024585903513985735,4.756801754687044,0.0005151781744482637,-0.01919626952522069,1,2
1605,1.604999999999934,hold,100.0,4.8388633365756215,-0.0024813778312768875,1.086239359609512,0.0862393596095119,-0.002451531816565708,4.754350222870478,0.0005147470532337182,0.029846014711179362,1,2
1606,1.605999999999934,hold,100.0,4.841331340109277,0.002468003533655505,1.0862589782809302,0.08625897828093021,0.0024488994984214725,4.7567991223689,0.0005143158802532321,-0.019104035234032528,1,2
1607,1.6069999999999338,hold,100.0,4.838859729928873,-0.0024716101804038715,1.0862297476479403,0.08622974764794034,-0.0024418653100794488,4.75435725705882,0.000513886684084675,0.029744870324422724,1,2
1608,1.6079999999999337,hold,100.0,4.8413179889754145,0.0024582590465414,1.086249273592831,0.08624927359283108,0.002439246876809809,4.75679650393563,0.0005134574351659834,-0.01901216973159087,1,2
1609,1.6089999999999336,hold,100.0,4.8388561079246495,-0.002461881050765058,1.0862201428507674,0.0862201428507674,-0.0024322369305653365,4.754364267005064,0.0005130301501693941,0.02964412019972138,1,2
1610,1.6099999999999335,hold,100.0,4.84130466093174,0.0024485530070901262,1.0862395764403812,0.08623957644038116,0.0024296323356852076,4.7567938993407495,0.0005126028114650108,-0.018920671404918602,1,2
1611,1.6109999999999334,hold,100.0,4.838852470641441,-0.0024521902902989723,1.0862105452004105,0.0862105452004105,-0.0024226465276849605,4.754371252813065,0.0005121774239033027,0.0295437626140118,1,2
1612,1.6119999999999333,hold,100.0,4.841291355905526,0.002438885264085755,1.0862298868045075,0.0862298868045075,0.0024200557247502997,4.756791308537815,0.0005117519817021508,-0.018829539335455357,1,2
1613,1.6129999999999332,hold,100.0,4.838848818157642,-0.002442537747884721,1.0862009546793514,0.0862009546793514,-0.002413093951670117,4.754378214586144,0.0005113284779735189,0.029443796214603888,1,2
1614,1.613999999999933,hold,100.0,4.841278073823618,0.0024292556659766262,1.0862202046662506,0.08622020466625058,0.0024105168942836885,4.7567887314804285,0.0005109049186994484,-0.018738771692937764,1,2
1615,1.614999999999933,hold,100.0,4.838845150551054,-0.002432923272563947,1.086191371270205,0.08619137127020493,-0.002403579053362391,4.754385152427066,0.0005104832853355547,0.029344219201555936,1,2
1616,1.6159999999999328,hold,100.0,4.841264814613434,0.0024196640623799226,1.0862105300067637,0.08621053000676371,0.0024010156951851614,4.756786168122251,0.0005100615955453537,-0.018648367194761158,1,2
1617,1.6169999999999327,hold,100.0,4.838841467898934,-0.002423346714500063,1.0861817949556007,0.08618179495560074,-0.0023941016841833402,4.754392066438068,0.0005096418192098607,0.029245030316722882,1,2
1618,1.6179999999999326,hold,100.0,4.841251578202136,0.0024101103032014848,1.0862008628072537,0.0862008628072537,0.0023915519789332244,4.756783618417001,0.0005092219855916886,-0.018558324268260363,1,2
1619,1.6189999999999325,hold,100.0,4.838837770278207,-0.002413807923928424,1.0861722257182773,0.08617222571827732,-0.0023846616961403617,4.75439895672086,0.0005088040530783549,0.029146227788062144,1,2
1620,1.6199999999999324,hold,100.0,4.841238364517557,0.002400594239349907,1.0861912030489886,0.08619120304898864,0.002382125597578021,4.756781082318438,0.000508386062450205,-0.01846864177188585,1,2
1621,1.6209999999999323,hold,100.0,4.838834057765809,-0.0024043067517478534,1.0861626635410808,0.08616266354108082,-0.002375258941797995,4.754405823376641,0.0005079699606814179,0.02904780994985841,1,2
1622,1.6219999999999322,hold,100.0,4.841225173487538,0.002391115721728454,1.0861815507134112,0.08618155071341116,0.002372736403757685,4.756778559780399,0.0005075537999893541,-0.018379317970768864,1,2
1623,1.622999999999932,hold,100.0,4.838830330437611,-0.0023948430499265427,1.0861531084068774,0.0861531084068774,-0.002365893274349607,4.754412666506049,0.0005071395160144028,0.02894977557693591,1,2
1624,1.623999999999932,hold,100.0,4.841212005040219,0.002381674602608186,1.0861719057819694,0.08617190578196943,0.0023633842507343465,4.756776050756783,0.000506725172331073,-0.018290351873839327,1,2
1625,1.6249999999999318,hold,100.0,4.838826588369632,-0.002385416670587226,1.0861435602986689,0.08614356029866888,-0.0023565645475487444,4.754419486209234,0.0005063126933246419,0.02885212303848153,1,2
1626,1.6259999999999317,hold,100.0,4.841198859103622,0.002372270733990156,1.0861622682362182,0.0861622682362182,0.0023540689922939744,4.756773555201528,0.0005059001538475725,-0.01820174169618171,1,2
1627,1.6269999999999316,hold,100.0,4.838822831637199,-0.0023760274664237357,1.0861340191994897,0.08613401919948971,-0.002347272615701344,4.754426282585827,0.0005054894671082441,0.028754850722391596,1,2
1628,1.6279999999999315,hold,100.0,4.8411857356062145,0.0023629039690158393,1.086152638057802,0.08615263805780193,0.002344790482829222,4.7567710730686565,0.0005050787191583695,-0.018113486186617164,1,2
1629,1.6289999999999314,hold,100.0,4.8388190603154015,-0.002366675290812914,1.0861244850924843,0.08612448509248427,-0.0023380173337212732,4.7544330557349355,0.00050466981210692,0.028657957091640825,1,2
1630,1.6299999999999313,hold,100.0,4.841172634476822,0.0023535741614200134,1.0861430152284406,0.08614301522844059,0.0023355485773070292,4.756768604312242,0.0005042608431270687,-0.018025584112984182,1,2
1631,1.6309999999999312,hold,100.0,4.83881527447889,-0.0023573599979318516,1.086114957960847,0.0861149579608469,-0.0023287985570722737,4.75443980575517,0.0005038537033051469,0.028561440859577875,1,2
1632,1.631999999999931,hold,100.0,4.841159555644026,0.002344281165136408,1.086133399729942,0.08613339972994205,0.002326343131252427,4.756766148886422,0.0005034465008585355,-0.01793803388398102,1,2
1633,1.632999999999931,hold,100.0,4.8388114742020605,-0.0023480814419656326,1.0861054377878934,0.08610543778789337,-0.0023196161417817257,4.75444653274464,0.0005030411159270268,0.0284653001839069,1,2
1634,1.6339999999999308,hold,100.0,4.841146499037014,0.002335024834953181,1.086123791544177,0.08612379154417704,0.0023171740007853435,4.756763706745425,0.0005026356676957552,-0.01785083416783748,1,2
1635,1.6349999999999307,hold,100.0,4.838807659558788,-0.0023388394782255517,1.0860959245569421,0.08609592455694215,-0.002310469944490593,4.754453236800934,0.0005022320254333769,0.028369533734958884,1,2
1636,1.6359999999999306,hold,100.0,4.84113346458509,0.0023258050263015306,1.0861141906531435,0.08611419065314352,0.0023080410425733305,4.756761277843507,0.000501828319216914,-0.017763983728200095,1,2
1637,1.6369999999999305,hold,100.0,4.838803830622458,-0.0023296339626313056,1.086086418251468,0.08608641825146801,-0.0023013598223228897,4.754459918021184,0.0005014264075188038,0.028274140308415935,1,2
1638,1.6379999999999304,hold,100.0,4.841120452217456,0.002316621594997237,1.0861045970388683,0.0861045970388683,0.0022989441138453297,4.75675886213503,0.0005010244312326822,-0.017677481151907176,1,2
1639,1.6389999999999303,hold,100.0,4.838799987466551,-0.0023204647509045273,1.0860769188549615,0.08607691885496149,-0.00229228563304166,4.754466576501988,0.0005006242381089094,0.028179117862867174,1,2
1640,1.6399999999999302,hold,100.0,4.841107461863782,0.002307474397230891,1.0860950106834897,0.08609501068348968,0.0022898830724148163,4.756756459574403,0.0005002239797833054,-0.017591324816074606,1,2
1641,1.64099999999993,hold,100.0,4.838796130163657,-0.0023113317001248745,1.086067426351009,0.08606742635100906,-0.0022832472349267148,4.754473212339476,0.0004998254933574982,0.028084465198159776,1,2
1642,1.64199999999993,hold,100.0,4.84109449345398,0.002298363290322847,1.0860854315692143,0.08608543156921433,0.002280857776655099,4.756754070116131,0.0004994269411356686,-0.017505513667747784,1,2
1643,1.6429999999999298,hold,100.0,4.838792258786233,-0.0023022346677468164,1.0860579407232767,0.08605794072327666,-0.0022742444868657343,4.754479825629265,0.0004990301496436819,0.02799018088108212,1,2
1644,1.6439999999999297,hold,100.0,4.841081546918236,0.002289288132002909,1.0860758596783187,0.08607585967831866,0.0022718680855087795,4.756751693714774,0.0004986332917807282,-0.01742004649412949,1,2
1645,1.6449999999999296,hold,100.0,4.83878837340632,-0.0022931735119158247,1.0860484619554944,0.08604846195549443,-0.0022652772482402482,4.754486416466534,0.0004982381835692151,0.02789626367557651,1,2
1646,1.6459999999999295,hold,100.0,4.84106862218646,0.0022802487801394378,1.086066294993179,0.08606629499317897,0.002262913858425008,4.7567493303249595,0.0004978430084307703,-0.017334921714429966,1,2
1647,1.6469999999999294,hold,100.0,4.838784474095858,-0.002284148090601512,1.0860389900314518,0.08603899003145177,-0.002256345378988383,4.754492984945971,0.000497449571955903,0.02780271161312905,1,2
1648,1.6479999999999293,hold,100.0,4.841055719189096,0.002271245093237617,1.0860567374962284,0.08605673749622844,0.0022539949554217504,4.756746979901393,0.0004970560680166336,-0.017250137815866696,1,2
1649,1.6489999999999292,hold,100.0,4.838780560926139,-0.0022751582629565448,1.0860295249350325,0.08602952493503246,-0.0022474487396455084,4.7544995311617475,0.0004966642918427615,0.027709523311036325,1,2
1650,1.649999999999929,hold,100.0,4.841042837857038,0.0022622769308986435,1.086047187170005,0.08604718717000504,0.0022451112371407625,4.756744642398888,0.0004962724476852604,-0.01716569375788098,1,2
1651,1.650999999999929,hold,100.0,4.83877663396798,-0.0022662038890581826,1.0860200666501827,0.08602006665018269,-0.002238587191273713,4.754506055207615,0.000495882320483561,0.0276166977844698,1,2
1652,1.6519999999999289,hold,100.0,4.841029978120859,0.0022533441528791442,1.0860376439970798,0.0860376439970798,0.0022362625646773207,4.756742317772292,0.0004954921247969591,-0.017081588201823573,1,2
1653,1.6529999999999287,hold,100.0,4.838772693292206,-0.002257284828652395,1.0860106151609308,0.08601061516093078,-0.0022297605954956197,4.754512557176796,0.000495103635344183,0.02752423315677526,1,2
1654,1.6539999999999286,hold,100.0,4.841017139911728,0.002244446619521945,1.0860281079601373,0.08602810796013727,0.0022274487997848477,4.756740005976581,0.0004947150769228026,-0.016997819737097145,1,2
1655,1.6549999999999285,hold,100.0,4.838768738969156,-0.0022484009425722817,1.0860011704513521,0.08600117045135214,-0.002220968814477541,4.754519037162103,0.0004943282141001683,0.02743212809474052,1,2
1656,1.6559999999999284,hold,100.0,4.841004323160782,0.002235584191626394,1.0860185790419448,0.08601857904194476,0.0022186698046581634,4.756737706966761,0.0004939412818423439,-0.016914386968230714,1,2
1657,1.6569999999999283,hold,100.0,4.838764771068802,-0.002239552091980457,1.0859917325056192,0.0859917325056192,-0.0022122117108886678,4.754525495255872,0.0004935560346340766,0.02734038109178903,1,2
1658,1.6579999999999282,hold,100.0,4.840991527799392,0.0022267567305895852,1.0860090572252843,0.08600905722528429,0.002209925442067733,4.7567354206979395,0.0004931707175409387,-0.01683128852185238,1,2
1659,1.658999999999928,hold,100.0,4.838760789660501,-0.002230738138890409,1.085982301307951,0.08598230130795104,-0.002203489147984717,4.754531931549955,0.000492787075033107,0.02724899090569225,1,2
1660,1.659999999999928,hold,100.0,4.840978753759453,0.002217964098951697,1.0859995424930993,0.08599954249309927,0.0022012155753620972,4.756733147125317,0.0004924033622073536,-0.01674852358959965,1,2
1661,1.6609999999999279,hold,100.0,4.838756794813667,-0.002221958945785474,1.08597287684264,0.08597287684263999,-0.0021948009895569865,4.75453834613576,0.0004920213135867371,0.027157956228487327,1,2
1662,1.6619999999999278,hold,100.0,4.840966000972481,0.0022092061588132594,1.0859900348283367,0.08599003482833667,0.0021925400683949457,4.7567308862041555,0.0004916391942313895,-0.01666609041831371,1,2
1663,1.6629999999999276,hold,100.0,4.838752786597355,-0.0022132143751258937,1.0859634590940554,0.08596345909405545,-0.0021861470998945825,4.754544739104261,0.0004912587287842125,0.027067275231311243,1,2
1664,1.6639999999999275,hold,100.0,4.840953269370661,0.0022004827733059784,1.0859805342140607,0.08598053421406071,0.002183898785562298,4.756728637889823,0.0004908781922014923,-0.016583987743680386,1,2
1665,1.6649999999999274,hold,100.0,4.838748765080059,-0.0022045042906020385,1.0859540480466388,0.08595404804663875,-0.0021775273438850865,4.754551110545938,0.0004904992993123293,0.026976946716951965,1,2
1666,1.6659999999999273,hold,100.0,4.840940558886125,0.0021917938060660447,1.0859710406333694,0.08597104063336936,0.0021752915918136235,4.756726402137752,0.0004901203349024461,-0.016502214252421196,1,2
1667,1.6669999999999272,hold,100.0,4.838744730330013,-0.0021958285561121116,1.0859446436848883,0.0859446436848883,-0.002168941586864234,4.754557460550887,0.0004897430040529592,0.02688696924787754,1,2
1668,1.667999999999927,hold,100.0,4.840927869451431,0.0021831391214179874,1.0859615540694771,0.08596155406947714,0.0021667183525773577,4.756724178903465,0.0004893656013129956,-0.01642076884062968,1,2
1669,1.668999999999927,hold,100.0,4.8387406824151125,-0.00218718703631815,1.085935245993387,0.08593524599338709,-0.0021603896947672415,4.754563789208698,0.0004889898220808624,0.026797341550908495,1,2
1670,1.6699999999999269,hold,100.0,4.840915200999217,0.0021745185841046677,1.0859520745056261,0.08595207450562614,0.0021581789338736904,4.756721968142571,0.0004886139706035953,-0.01633965023097733,1,2
1671,1.6709999999999268,hold,100.0,4.838736621402913,-0.0021785795963040755,1.0859258549567459,0.08592585495674587,-0.0021518715340252733,4.754570096608546,0.0004882397326614888,0.026708062278802194,1,2
1672,1.6719999999999267,hold,100.0,4.84090255346206,0.0021659320591469466,1.0859426019251777,0.08594260192517766,0.002149673202249137,4.756719769810795,0.00048786542213427733,-0.01625885689780955,1,2
1673,1.6729999999999265,hold,100.0,4.838732547360747,-0.0021700061013127936,1.0859164705596562,0.08591647055965623,-0.0021433869716360144,4.754576382839159,0.0004874927152485616,0.02661912967677916,1,2
1674,1.6739999999999264,hold,100.0,4.840889926773256,0.0021573794125089307,1.0859331363115163,0.08593313631151633,0.0021412010247484617,4.7567175838639075,0.00048711993545234866,-0.016178387760469072,1,2
1675,1.6749999999999263,hold,100.0,4.838728460355489,-0.002161466417766711,1.0859070927869328,0.08590709278693276,-0.0021349358750744267,4.754582647988833,0.00048674874948209976,0.02653054269228421,1,2
1676,1.6759999999999262,hold,100.0,4.840877320866021,0.002148860510531314,1.0859236776481347,0.08592367764813469,0.002132762268967414,4.756715410257801,0.0004863774902901933,-0.01609824156389994,1,2
1677,1.676999999999926,hold,100.0,4.838724360453718,-0.002152960412303173,1.0858977216233834,0.08589772162338338,-0.002126518112362365,4.7545888921454385,0.0004860078151861158,0.026442299940808087,1,2
1678,1.677999999999926,hold,100.0,4.840864735673614,0.0021403752198967396,1.0859142259185879,0.08591422591858788,0.0021243568029940423,4.756713248948432,0.00048563806656321164,-0.016018416902697282,1,2
1679,1.6789999999999259,hold,100.0,4.838720247721873,-0.0021444879517416027,1.0858883570539044,0.08588835705390441,-0.0021181335520234906,4.754595115396409,0.0004852698923666005,0.026354399718112043,1,2
1680,1.6799999999999258,hold,100.0,4.840852171129872,0.002131923407999281,1.0859047811064906,0.08590478110649058,0.0021159844954604856,4.756711099891869,0.0004849016443676858,-0.01593891253879546,1,2
1681,1.6809999999999257,hold,100.0,4.838716122225506,-0.002136048904366028,1.0858789990634532,0.0858789990634532,-0.0021097820631244086,4.754601317828745,0.0004845349612092919,0.026266841241619383,1,2
1682,1.6819999999999256,hold,100.0,4.840839627168419,0.002123504942913357,1.0858953431955234,0.08589534319552339,0.0021076452154983514,4.756708963044243,0.00048416820397858895,-0.015859727415005413,1,2
1683,1.6829999999999254,hold,100.0,4.838711984030659,-0.002127643137760593,1.08586964763707,0.08586964763706995,-0.00210146351519044,4.754607499529053,0.00048380300207777766,0.02617962257015329,1,2
1684,1.6839999999999253,hold,100.0,4.840827103723531,0.0021151196928723692,1.08588591216945,0.08588591216944996,0.0020993388327616826,4.756706838361814,0.0004834377258477835,-0.015780860110686627,1,2
1685,1.6849999999999252,hold,100.0,4.838707833202434,-0.002119270521097505,1.085860302759842,0.08586030275984191,-0.00209317777837021,4.754613660583444,0.00048307399551126293,0.026092742727294727,1,2
1686,1.6859999999999251,hold,100.0,4.840814600729272,0.002106767526838027,1.0858764880120964,0.08587648801209635,0.0020910652174742344,4.756704725800918,0.00048271019060170165,-0.015702309363792646,1,2
1687,1.686999999999925,hold,100.0,4.838703669805767,-0.0021109309235045615,1.0858509644169245,0.08585096441692452,-0.0020849247232200673,4.754619801077698,0.0004823479222227392,0.026006200284494144,1,2
1688,1.687999999999925,hold,100.0,4.840802118120015,0.0020984483142481025,1.0858670707073619,0.08586707070736188,0.002082824240282998,4.756702625317981,0.0004819855790395338,-0.015624073965104547,1,2
1689,1.6889999999999248,hold,100.0,4.838699493905437,-0.002102624214578519,1.0858416325935196,0.08584163259351962,-0.002076704220848588,4.754625921097133,0.00048162476309690505,0.025919993729930924,1,2
1690,1.6899999999999247,hold,100.0,4.840789655830638,0.0020901619252011727,1.0858576602392067,0.08585766023920671,0.0020746157723799436,4.756700536869513,0.0004812638721312895,-0.015546152821229158,1,2
1691,1.6909999999999246,hold,100.0,4.838695305565809,-0.002094350264829181,1.0858323072749148,0.08583230727491475,-0.0020685161428685146,4.754632020726644,0.0004809044991882207,0.02583412196066658,1,2
1692,1.6919999999999245,hold,100.0,4.840777213795678,0.0020819082298695335,1.0858482565916534,0.0858482565916534,0.002066439685511311,4.756698460412156,0.0004805450510156417,-0.01546854435822238,1,2
1693,1.6929999999999243,hold,100.0,4.838691104850837,-0.0020861089448409587,1.0858229884464607,0.08582298844646075,-0.0020603603614055607,4.75463810005075,0.000480187111719,0.025748583435398,1,2
1694,1.6939999999999242,hold,100.0,4.840764791950533,0.002073687099695576,1.0858388597487934,0.08583885974879335,0.00205829585185834,4.756696395902608,0.00047982909699831165,-0.015391247837235993,1,2
1695,1.6949999999999241,hold,100.0,4.838686891824325,-0.002077900126208121,1.085813676093557,0.08581367609355706,-0.002052236749076083,4.754644159153532,0.00047947258207750224,0.025663377132037826,1,2
1696,1.695999999999924,hold,100.0,4.840752390230195,0.0020654984058703363,1.0858294696948272,0.08582946969482719,0.0020501841441476903,4.75669434329768,0.0004791159915499335,-0.015314261722645939,1,2
1697,1.696999999999924,hold,100.0,4.838682666549831,-0.002069723680364177,1.085804370201684,0.08580437020168397,-0.0020441451790051825,4.754650198118674,0.00047876089181611884,0.025578501358994744,1,2
1698,1.6979999999999238,hold,100.0,4.840740008570027,0.002057342020195918,1.0858200864139531,0.08582008641395311,0.002042104435602478,4.756692302554277,0.00047840571630430564,-0.015237584593440039,1,2
1699,1.6989999999999237,hold,100.0,4.838678429090166,-0.0020615794798608533,1.0857950707563244,0.08579507075632442,-0.002036085524809942,4.754656217029467,0.0004780520226493839,0.025493955050911316,1,2
1700,1.6999999999999236,hold,100.0,4.840727646905997,0.002049217815831561,1.0858107098904577,0.08581070989045769,0.0020340565999411118,4.756690273629408,0.00047769825305654217,-0.015161215890449262,1,2
1701,1.7009999999999235,hold,100.0,4.8386741795083905,-0.002053467397606923,1.0857857777430995,0.08578577774309948,-0.002028057660620388,4.7546622159687875,0.000477345956452346,0.025409736986534842,1,2
1702,1.7019999999999234,hold,100.0,4.840715305173559,0.002041125665168231,1.0858013401087203,0.08580134010872031,0.002026040511383834,4.756688256480171,0.000476993583761325,-0.01508515378439686,1,2
1703,1.7029999999999232,hold,100.0,4.838669917867029,-0.002045387306529811,1.0857764911476124,0.08577649114761243,-0.002020061461055126,4.754668195019116,0.0004766426752585559,0.02532584547468514,1,2
1704,1.7039999999999231,hold,100.0,4.840702983308862,0.0020330654418332372,1.0857919770531514,0.08579197705315145,0.0020180560446564763,4.756686251063773,0.0004762916905309947,-0.015009397176760954,1,2
1705,1.704999999999923,hold,100.0,4.838665644228248,-0.002037339080613876,1.08576721095563,0.08576721095563,-0.0020120968012331034,4.754674154262539,0.0004759421612584637,0.025242279380772396,1,2
1706,1.705999999999923,hold,100.0,4.840690681248325,0.0020250370200765033,1.0857826207082535,0.08578262070825349,0.002010103074973117,4.756684257337512,0.00047559255563385744,-0.014933945103386137,1,2
1707,1.7069999999999228,hold,100.0,4.838661358653917,-0.0020293225944074678,1.0857579371528685,0.0857579371528685,-0.002004163556761876,4.75468009378075,0.00047524439679764844,0.025159037645591797,1,2
1708,1.7079999999999227,hold,100.0,4.8406783989283815,0.0020170402744641436,1.0857732710585597,0.0857732710585597,0.002002181478035294,4.756682275258785,0.0004748961614925007,-0.014858796428849491,1,2
1709,1.7089999999999226,hold,100.0,4.838657061205789,-0.0020213377225921647,1.0857486697251633,0.08574866972516326,-0.0019962616037321793,4.754686013655053,0.0004745493643749748,0.0250761188599854,1,2
1710,1.7099999999999225,hold,100.0,4.840666136285295,0.002009075079505429,1.0857639280887148,0.0857639280887148,0.0019942911300309795,4.756680304785084,0.0004742024906819971,-0.014783949474449568,1,2
1711,1.7109999999999224,hold,100.0,4.838652751945054,-0.002013384340240343,1.0857394086584122,0.08573940865841223,-0.001988390818709925,4.754691913966374,0.00047385704664111485,0.024993521530417874,1,2
1712,1.7119999999999223,hold,100.0,4.840653893256426,0.0020011413113714127,1.0857545917833769,0.08575459178337685,0.001986431907659492,4.756678345874033,0.00047351152592827,-0.014709403711920567,1,2
1713,1.7129999999999221,hold,100.0,4.8386484309327304,-0.0020054623236953617,1.085730153938525,0.0857301539385249,-0.001980551078808524,4.7546977947952245,0.0004731674263966143,0.02491124488683766,1,2
1714,1.713999999999922,hold,100.0,4.840641669778267,0.0019932388455368155,1.0857452621273016,0.0857452621273016,0.001978603688079122,4.756676398483304,0.0004728232501063754,-0.014635157457693407,1,2
1715,1.714999999999922,hold,100.0,4.838644098229786,-0.0019975715484816803,1.0857209055515153,0.08572090555151535,-0.0019727422615343905,4.7547036562217695,0.0004724804865904333,0.024829286947289798,1,2
1716,1.7159999999999218,hold,100.0,4.8406294657883295,0.001985367558543949,1.0857359391052868,0.08573593910528676,0.0019708063489422382,4.756674462570712,0.0004721376462389004,-0.014561209601710728,1,2
1717,1.7169999999999217,hold,100.0,4.838639753896478,-0.0019897118918512646,1.0857116634834463,0.08571166348344628,-0.0019649642449398857,4.754709498325772,0.00047179621031820954,0.024747646911378943,1,2
1718,1.7179999999999216,hold,100.0,4.840617281224115,0.0019775273276367855,1.0857266227021913,0.08572662270219134,0.001963039768380247,4.756672538094152,0.00047145469749440235,-0.014487559256538309,1,2
1719,1.7189999999999215,hold,100.0,4.838635397993067,-0.001981883231048087,1.085702427720415,0.08570242772041503,-0.001957216907538795,4.754715321186613,0.000471114580820695,0.024666323509292282,1,2
1720,1.7199999999999214,hold,100.0,4.840605116023039,0.001969718029972256,1.0857173129029556,0.08571731290295559,0.0019553038250329016,4.756670625011647,0.00047077438718568903,-0.014414204939354469,1,2
1721,1.7209999999999213,hold,100.0,4.838631030579331,-0.001974085443707807,1.085693198248592,0.085693198248592,-0.0019495001283609248,4.754721124883286,0.0004704355814821793,0.024585315346882214,1,2
1722,1.7219999999999211,hold,100.0,4.840592970123092,0.0019619395437606713,1.0857080096925578,0.08570800969255776,0.0019475983980223608,4.756668723281308,0.00047009669876828724,-0.014341145738310489,1,2
1723,1.722999999999921,hold,100.0,4.838626651714957,-0.0019663184081348817,1.0856839750541991,0.08568397505419911,-0.0019418137868608995,4.7547269094944475,0.0004697591958288721,0.024504621273982192,1,2
1724,1.723999999999921,hold,100.0,4.840580843462175,0.0019541917472176706,1.0856987130560676,0.08569871305606758,0.0019399233668881792,4.7566668328613355,0.000469421615838951,-0.014268380329491431,1,2
1725,1.7249999999999208,hold,100.0,4.838622261459282,-0.0019585820028931167,1.0856747581235333,0.08567475812353331,-0.0019341577629803449,4.754732675098355,0.0004690854075274165,0.024424239912771827,1,2
1726,1.7259999999999207,hold,100.0,4.840568735978595,0.0019464745193129573,1.0856894229785863,0.08568942297858628,0.001932278611690958,4.756664953710046,0.00046874912213400036,-0.014195907621999309,1,2
1727,1.7269999999999206,hold,100.0,4.83861785987139,-0.0019508761072044578,1.0856655474429096,0.08566554744290955,-0.0019265319371407005,4.754738421772905,0.00046841420038334176,0.024344170063757276,1,2
1728,1.7279999999999205,hold,100.0,4.840556647610721,0.0019387877393306496,1.085680139445276,0.08568013944527597,0.0019246640129481213,4.756663085785854,0.0004680792015279733,-0.014123726382528345,1,2
1729,1.7289999999999204,hold,100.0,4.838613447009879,-0.0019432006008415215,1.0856563429987298,0.08565634299872982,-0.0019189361902034025,4.75474414959565,0.0004677455583394977,0.024264410638118964,1,2
1730,1.7299999999999203,hold,100.0,4.840544578297082,0.0019311312872023478,1.08567086244137,0.08567086244137001,0.0019170794516332656,4.756661229047284,0.00046741183803198944,-0.014051835569082191,1,2
1731,1.7309999999999202,hold,100.0,4.838609022933216,-0.001935555363865582,1.0856471447774325,0.08564714477743252,-0.0019113704035623818,4.754749858643721,0.00046707946547472877,0.02418496030320025,1,2
1732,1.73199999999992,hold,100.0,4.840532527976501,0.0019235050432850898,1.0856615919521697,0.08566159195216971,0.00190952480925251,4.756659383452973,0.00046674701579233743,-0.0139802340325798,1,2
1733,1.73299999999992,hold,100.0,4.838604587699785,-0.0019279402767162779,1.0856379527655313,0.08563795276553132,-0.0019038344590497985,4.7547555489939235,0.00046641590600220655,0.024105817666479405,1,2
1734,1.7339999999999198,hold,100.0,4.840520496588173,0.001915908888387996,1.0856523279630037,0.0856523279630037,0.001901999967740439,4.756657548961664,0.00046608471908896173,-0.01390892064755708,1,2
1735,1.7349999999999197,hold,100.0,4.8386001413673725,-0.0019203552208004737,1.085628766949578,0.0856287669495781,-0.0018963282389707038,4.754761220722694,0.0004657548642681756,0.024026981829769953,1,2
1736,1.7359999999999196,hold,100.0,4.840508484071069,0.0019083427036967748,1.0856430704593139,0.08564307045931385,0.001894504809496722,4.75665572553219,0.00046542493233413305,-0.013837894200052813,1,2
1737,1.7369999999999195,hold,100.0,4.8385956839935975,-0.0019128000774717435,1.0856195873161794,0.08561958731617936,-0.001888851626075474,4.754766873906115,0.00046509632475038703,0.02394845139626952,1,2
1738,1.7379999999999194,hold,100.0,4.840496490364764,0.001900806371166297,1.0856338194265374,0.08563381942653736,0.0018870392173780362,4.756653913123492,0.00046476764007102883,-0.013767153788260805,1,2
1739,1.7389999999999193,hold,100.0,4.838591215636054,-0.001905274728709827,1.085610413851977,0.0856104138519771,-0.0018814045035801233,4.754772508619912,0.00046444027205673043,0.023870225129703777,1,2
1740,1.7399999999999192,hold,100.0,4.840484515408528,0.0018932997724743217,1.0856245748501963,0.08562457485019626,0.0018796030747133153,4.756652111694626,0.0004641128269721551,-0.013696697761006417,1,2
1741,1.740999999999919,hold,100.0,4.838586736351626,-0.001897779056902138,1.085601246543729,0.08560124654372903,-0.0018739867551609366,4.754778124939465,0.0004637866909239319,0.02379230174120138,1,2
1742,1.741999999999919,hold,100.0,4.840472559142559,0.0018858227909328562,1.0856153367158894,0.08561533671588939,0.0018721962652764332,4.7566503212047415,0.0004634604778381532,-0.013626525656422993,1,2
1743,1.7429999999999188,hold,100.0,4.838582246197289,-0.0018903129452700895,1.085592085378157,0.0855920853781571,-0.0018665982649706083,4.754783722939771,0.0004631355662160177,0.023714680299481226,1,2
1744,1.7439999999999187,hold,100.0,4.840460621506548,0.0018783753092588285,1.0856061050092503,0.08560610500925026,0.0018648186733476462,4.756648541613119,0.0004628105775964028,-0.01355663591118229,1,2
1745,1.7449999999999186,hold,100.0,4.838577745229406,-0.0018828762771416763,1.0855829303421047,0.08558293034210473,-0.0018592389176052334,4.754789302695514,0.0004624868829231707,0.023637359536442897,1,2
1746,1.7459999999999185,hold,100.0,4.840448702440706,0.0018709572112998174,1.0855968797159903,0.08559687971599028,0.001857470183612523,4.756646772879126,0.00046216311129964363,-0.013487027687294475,1,2
1747,1.7469999999999184,hold,100.0,4.838573233504603,-0.0018754689361024646,1.0855737814224466,0.08557378142244665,-0.001851908598130323,4.754794864280996,0.00046184062616013485,0.023560337972141535,1,2
1748,1.7479999999999183,hold,100.0,4.8404368018853585,0.0018635683807550762,1.085587660821826,0.085587660821826,0.001850150681248112,4.756645014962244,0.00046151806412463264,-0.013417699506964231,1,2
1749,1.7489999999999182,hold,100.0,4.83856871107867,-0.0018680908066883717,1.0855646386061084,0.08556463860610841,-0.0018446071920407271,4.754800407770203,0.0004611967811652237,0.023483614647644552,1,2
1750,1.749999999999918,hold,100.0,4.840424919781344,0.0018562087026738894,1.0855784483125954,0.08557844831259542,0.0018428600518403308,4.756643267822043,0.00046087542137089436,-0.013348650833558537,1,2
1751,1.750999999999918,hold,100.0,4.838564178007437,-0.0018607417739069376,1.08555550188007,0.08555550188007,-0.0018373345852753793,4.754805933236768,0.0004605553332986354,0.02340718863155832,1,2
1752,1.7519999999999178,hold,100.0,4.840413056069093,0.001848878061656123,1.0855692421741345,0.08556924217413453,0.0018355981814758898,4.756641531418244,0.00046023516845934156,-0.013279880180233107,1,2
1753,1.7529999999999177,hold,100.0,4.838559634346624,-0.0018534217224690508,1.0855463712313205,0.08554637123132047,-0.0018300906642766245,4.754811440753967,0.00045991626804156073,0.02333105819242627,1,2
1754,1.7539999999999176,hold,100.0,4.840401210689762,0.0018415763431374188,1.0855600423924059,0.08556004239240589,0.0018283649566631997,4.75663980571063,0.0004595972909311732,-0.013211386474219116,1,2
1755,1.7549999999999175,hold,100.0,4.838555080151193,-0.0018461305385688576,1.0855372466469804,0.08553724664698037,-0.001822875315874925,4.754816930394755,0.00045927957099461535,0.023255222693932542,1,2
1756,1.7559999999999174,hold,100.0,4.8403893835841405,0.0018343034329477703,1.0855508489533376,0.08555084895333764,0.0018211602643566417,4.756638090659112,0.00045896177444641376,-0.013143168591128653,1,2
1757,1.7569999999999173,hold,100.0,4.83855051547635,-0.0018388681077903257,1.0855281281141687,0.08552812811416866,-0.0018156884273712488,4.75482240223174,0.0004586452278767566,0.023179680419076892,1,2
1758,1.7579999999999172,hold,100.0,4.8403775746938615,0.001827059217511362,1.0855416618430012,0.08554166184300116,0.001813983991978918,4.756636386223719,0.0004583286047827217,-0.013075225532444045,1,2
1759,1.758999999999917,hold,100.0,4.8385459403766555,-0.0018316343172060101,1.0855190156200631,0.08551901562006314,-0.0018085298865130276,4.754827856337206,0.000458013224524006,0.0231044306929825,1,2
1760,1.759999999999917,hold,100.0,4.840365783960507,0.001819843583851899,1.08553248104745,0.08553248104745004,0.0018068360273642778,4.75663469236457,0.00045769776783427584,-0.013007556487621167,1,2
1761,1.7609999999999169,hold,100.0,4.8385413549068215,-0.0018244290536859609,1.0855099091518972,0.08550990915189716,-0.0018013995814895162,4.754833292783081,0.0004573835468881113,0.023029472196444637,1,2
1762,1.7619999999999167,hold,100.0,4.840354011325659,0.0018126564188376548,1.0855233065528622,0.08552330655286222,0.0017997162588120604,4.756633009041893,0.0004570692496104962,-0.012940160025594468,1,2
1763,1.7629999999999166,hold,100.0,4.838536759120903,-0.0018172522047557038,1.0855008086969402,0.08550080869694021,-0.0017942974009164188,4.754838711640977,0.0004567561810356321,0.02295480383928501,1,2
1764,1.7639999999999165,hold,100.0,4.840342256731062,0.0018054976101584685,1.0855141383453866,0.08551413834538657,0.0017926245750742216,4.756631336216051,0.00045644303623475706,-0.012873035084246974,1,2
1765,1.7649999999999164,hold,100.0,4.838532153072919,-0.0018101036581432695,1.085491714242512,0.085491714242512,-0.0017872232338771046,4.754844112982174,0.00045613111314641387,0.022880424266164812,1,2
1766,1.7659999999999163,hold,100.0,4.840330520118908,0.0017983670459891243,1.0855049764112825,0.08550497641128252,0.001785560865306783,4.756629673847481,0.0004558191139433509,-0.01280618068234124,1,2
1767,1.7669999999999162,hold,100.0,4.838527536816773,-0.0018029833021344643,1.0854826257760142,0.08548262577601418,-0.0017801769698530783,4.754849496877628,0.0004555083295126806,0.022806332281385996,1,2
1768,1.767999999999916,hold,100.0,4.840318801431561,0.0017912646147877354,1.0854958207368761,0.08549582073687612,0.0017785250191295666,4.756628021896757,0.00045519746908424065,-0.012739595658168732,1,2
1769,1.768999999999916,hold,100.0,4.838522910405683,-0.0017958910258784044,1.085473543284854,0.0854735432848539,-0.001773158498799874,4.7548548633979575,0.0004548878165377144,0.022732527078530476,1,2
1770,1.7699999999999159,hold,100.0,4.840307100611503,0.0017841902058206571,1.0854866713084848,0.08548667130848475,0.0017715169265816874,4.756626380324539,0.00045457808811596084,-0.012673279238969775,1,2
1771,1.7709999999999158,hold,100.0,4.838518273893049,-0.0017888267184540396,1.0854644667565192,0.0854644667565192,-0.0017661677110787665,4.75486021261346,0.0004542695607347796,0.022659007375273096,1,2
1772,1.7719999999999156,hold,100.0,4.840295417601199,0.0017771437081499641,1.0854775281125424,0.08547752811254239,0.0017645364781741757,4.7566247490916345,0.0004539609576064041,-0.012607229975788396,1,2
1773,1.7729999999999155,hold,100.0,4.838513627331738,-0.0017817902694607923,1.0854553961785351,0.08545539617853515,-0.0017592044975236728,4.754865544594111,0.00045365354872600305,0.022585771937119574,1,2
1774,1.7739999999999154,hold,100.0,4.840283752343788,0.0017701250120492062,1.0854683911354992,0.0854683911354992,0.0017575835648101802,4.756623128158921,0.0004533460642317867,-0.012541447239026006,1,2
1775,1.7749999999999153,hold,100.0,4.838508970774668,-0.0017747815691198099,1.0854463315384653,0.08544633153846526,-0.0017522687493559653,4.754870859409565,0.0004530397672412308,0.02251281976384462,1,2
1776,1.7759999999999152,hold,100.0,4.840272104782064,0.0017631340073958057,1.0854592603638569,0.08545926036385687,0.0017506580778395297,4.756621517487405,0.0004527333947754866,-0.012475929556275992,1,2
1777,1.776999999999915,hold,100.0,4.838504304274094,-0.0017678005079693193,1.085437272823919,0.085437272823919,-0.0017453603582543332,4.754876157129151,0.0004524282031169834,0.022440149714986157,1,2
1778,1.777999999999915,hold,100.0,4.84026047485943,0.0017561705853355036,1.0854501357841848,0.08545013578418481,0.0017437599090517513,4.756619917038202,0.0004521229361269802,-0.012410676283752331,1,2
1779,1.7789999999999149,hold,100.0,4.838499627882579,-0.0017608469768504165,1.0854282200225718,0.08542822002257178,-0.001738479216289784,4.754881437821912,0.0004518188432952341,0.022367760560632402,1,2
1780,1.7799999999999148,hold,100.0,4.840248862519108,0.0017492346365282074,1.0854410173830775,0.08544101738307752,0.0017368889505963705,4.756618326772508,0.0004515146752807006,-0.012345685931836915,1,2
1781,1.7809999999999147,hold,100.0,4.838494941651712,-0.0017539208673955642,1.0854191731221334,0.08541917312213343,-0.0017316252159606856,4.754886701556548,0.0004512116748224588,0.022295651434878563,1,2
1782,1.7819999999999145,hold,100.0,4.840237267704871,0.001742326053158827,1.0854319051472323,0.08543190514723231,0.001730045095128845,4.756616746651677,0.000450908599335087,-0.012280958029981881,1,2
1783,1.7829999999999144,hold,100.0,4.83849024563359,-0.001747022071280746,1.0854101321103757,0.08541013211037574,-0.0017247982502279857,4.754891948401449,0.0004506066848486074,0.022223821052760318,1,2
1784,1.7839999999999143,hold,100.0,4.840225690360315,0.0017354447267248219,1.0854227990633543,0.08542279906335426,0.0017232282357005615,4.756615176637149,0.0004503046954914142,-0.01221649102426032,1,2
1785,1.7849999999999142,hold,100.0,4.8384855398796764,-0.0017401504806384693,1.0854010969750942,0.08540109697509424,-0.001717998212465155,4.7548971784246845,0.0004500038606259553,0.022152268173314393,1,2
1786,1.785999999999914,hold,100.0,4.840214130429568,0.0017285905498916065,1.0854136991181986,0.08541369911819863,0.0017164382657831542,4.756613616690467,0.00044970295105283307,-0.012152284108452342,1,2
1787,1.786999999999914,hold,100.0,4.838480824441233,-0.0017333059883348767,1.0853920677041404,0.08539206770414043,-0.0017112249964257255,4.754902391694042,0.00044940318950803835,0.022080991909151228,1,2
1788,1.7879999999999139,hold,100.0,4.840202587856869,0.0017217634156354578,1.0854046052985926,0.08540460529859262,0.0017096750792726194,4.7566120667733145,0.0004491033534232954,-0.01208833636283835,1,2
1789,1.7889999999999138,hold,100.0,4.838476099369217,-0.0017264884876517783,1.085383044285424,0.08538304428542398,-0.0017044784963638382,4.754907588276951,0.0004488046589488224,0.022009991287940105,1,2
1790,1.7899999999999137,hold,100.0,4.840191062586328,0.0017149632171111762,1.0853955175914145,0.0853955175914145,0.0017029385704985802,4.7566105268474494,0.0004485058901065735,-0.012024646612595951,1,2
1791,1.7909999999999136,hold,100.0,4.838471364714668,-0.0017196978716595979,1.0853740267068763,0.08537402670687633,-0.0016977586068390375,4.754912768240611,0.0004482082565015009,0.021939264820560345,1,2
1792,1.7919999999999134,hold,100.0,4.840179554562588,0.001708189847919428,1.085386435983541,0.08538643598354101,0.0016962286341574994,4.7566089968747685,0.000447910548705248,-0.011961213761928517,1,2
1793,1.7929999999999133,hold,100.0,4.838466620528081,-0.0017129340345070077,1.0853650149565033,0.08536501495650328,-0.0016910652229318594,4.754917931651836,0.00044761396981761155,0.021868811575148205,1,2
1794,1.7939999999999132,hold,100.0,4.840168063730376,0.0017014432022950388,1.0853773604619763,0.0853773604619763,0.0016895451654202814,4.756607476817257,0.00044731731691967326,-0.011898036874757358,1,2
1795,1.794999999999913,hold,100.0,4.838461866859545,-0.001706196870831178,1.0853560090223193,0.08535600902231932,-0.001684398240061263,4.754923078577195,0.00044702178664598997,0.021798630769915204,1,2
1796,1.795999999999913,hold,100.0,4.84015659003461,0.0016947231750652492,1.085368291013716,0.0853682910137159,0.001682888059823342,4.756605966637019,0.0004467261825471052,-0.011835115241907133,1,2
1797,1.796999999999913,hold,100.0,4.838457103759479,-0.0016994862751307238,1.0853470088924098,0.08534700889240976,-0.0016777575540890492,4.75492820908293,0.00044643169483189326,0.021728721041674656,1,2
1798,1.7979999999999128,hold,100.0,4.840145133420383,0.001688029660903645,1.0853592276258366,0.08535922762583659,0.0016762572133531876,4.756604466296284,0.00044613713348059744,-0.011772447550457369,1,2
1799,1.7989999999999127,hold,100.0,4.838452331277683,-0.0016928021427000672,1.0853380145549152,0.08533801455491519,-0.001671143061313232,4.754933323234971,0.0004458436823158253,0.021659081386835248,1,2
1800,1.7999999999999126,hold,100.0,4.840133693832926,0.0016813625552432043,1.0853501702854436,0.08535017028544356,0.0016696525224061635,4.756602975757377,0.0004455501577081925,-0.011710032837040875,1,2
1801,1.8009999999999124,hold,100.0,4.838447549463866,-0.0016861443690601163,1.0853290259979935,0.08532902599799352,-0.001664554658397456,4.75493842109898,0.0004452577371328971,0.021589710662660255,1,2
1802,1.8019999999999123,hold,100.0,4.840122271217622,0.0016747217537558257,1.0853411189797006,0.08534111897970065,0.001663073883748133,4.7566014949827276,0.0004449652433118338,-0.01164787000769267,1,2
1803,1.8029999999999122,hold,100.0,4.83844275836738,-0.0016795128502415935,1.0853200432098649,0.08532004320986486,-0.001657992242414506,4.754943502740313,0.0004446738474116785,0.021520607827087406,1,2
1804,1.8039999999999121,hold,100.0,4.840110865520321,0.0016681071529411895,1.0853320736958094,0.08533207369580942,0.0016565211945785698,4.756600023934892,0.0004443823784666216,-0.011585958362619669,1,2
1805,1.804999999999912,hold,100.0,4.8384379580373995,-0.001672907482921815,1.085311066178775,0.08531106617877504,-0.0016514557108756288,4.754948568224016,0.0004440920013732837,0.02145177204618612,1,2
1806,1.805999999999912,hold,100.0,4.840099476686613,0.0016615186492137113,1.0853230344210458,0.08532303442104583,0.0016499943525226596,4.756598562576539,0.00044380155143972896,-0.01152429669105167,1,2
1807,1.8069999999999118,hold,100.0,4.838433148523026,-0.0016663281635871385,1.085302094893029,0.08530209489302898,-0.001644944961685902,4.754953617614853,0.0004435121873305502,0.021383201901236434,1,2
1808,1.8079999999999117,hold,100.0,4.840088104662576,0.0016549561395500234,1.0853140011427116,0.08531400114271159,0.001643493255575263,4.756597110870429,0.00044322275058946336,-0.011462883974760422,1,2
1809,1.8089999999999116,hold,100.0,4.838428329872937,-0.001659774789638746,1.0852931293409822,0.08529312934098221,-0.0016384598931227352,4.754958650977306,0.00044293439368703054,0.021314896516010876,1,2
1810,1.8099999999999115,hold,100.0,4.840076749394467,0.0016484195215298314,1.085304973848122,0.08530497384812197,0.0016370178021378706,4.756595668779444,0.00044264596436460784,-0.011401719391960791,1,2
1811,1.8109999999999113,hold,100.0,4.838423502135644,-0.0016532472588233205,1.0852841695110031,0.08528416951100315,-0.0016320004038941714,4.75496366837555,0.00044235860893626617,0.021246854929149114,1,2
1812,1.8119999999999112,hold,100.0,4.840065410828495,0.0016419086928509685,1.0852959525247232,0.08529595252472322,0.0016305678910344596,4.756594236266584,0.00044207118130330423,-0.011340801816508896,1,2
1813,1.8129999999999111,hold,100.0,4.838418665359442,-0.001646745469052746,1.0852752153915373,0.08527521539153726,-0.001625566393102844,4.754968669873481,0.0004417848216606851,0.02117907594990204,1,2
1814,1.813999999999911,hold,100.0,4.840054088911364,0.0016354235519218108,1.0852869371599345,0.08528693715993452,0.0016241434214688574,4.75659281329495,0.0004414983900322366,-0.011280130452953358,1,2
1815,1.814999999999911,hold,100.0,4.838413819592524,-0.001640269318840204,1.0852662669710544,0.08526626697105444,-0.0016191577602418675,4.754973655534708,0.00044121302053090324,0.02111155859833651,1,2
1816,1.8159999999999108,hold,100.0,4.84004278358969,0.0016289639971667214,1.085277927741273,0.08527792774127296,0.0016177442930599402,4.756591399827768,0.00044092757926586214,-0.011219704106781156,1,2
1817,1.8169999999999107,hold,100.0,4.838408964882542,-0.0016338187071482935,1.0852573242380688,0.08525732423806875,-0.0016127744052169923,4.754978625422551,0.0004406431943047962,0.021044301931301152,1,2
1818,1.8179999999999106,hold,100.0,4.840031494810439,0.0016225299278964656,1.0852689242562403,0.08526892425624033,0.0016113704057977554,4.756589995828349,0.00044035873780540197,-0.011159522098710137,1,2
1819,1.8189999999999105,hold,100.0,4.838404101277311,-0.0016273935331279077,1.085248387181131,0.08524838718113092,-0.0016064162282980118,4.754983579600051,0.0004400753318266824,0.02097730482989585,1,2
1820,1.8199999999999104,hold,100.0,4.840020222520691,0.0016161212433800642,1.085259926692456,0.08525992669245608,0.0016050216600957694,4.756588601260146,0.0004397918545381634,-0.01109958328429487,1,2
1821,1.8209999999999102,hold,100.0,4.83839922882418,-0.0016209936965108085,1.0852394557888543,0.08523945578885428,-0.001600083130191913,4.754988518129954,0.0004395094220264404,0.020910566318895492,1,2
1822,1.8219999999999101,hold,100.0,4.840008966667632,0.001609737843452308,1.0852509350375446,0.08525093503754455,0.0015986979567461873,4.7565872160867,0.00043922691843652104,-0.011039886706120652,1,2
1823,1.82299999999991,hold,100.0,4.838394347570594,-0.0016146190970385277,1.085230530049882,0.0852305300498819,-0.0015937750119588562,4.754993441074741,0.00043894545391867537,0.020844085079671504,1,2
1824,1.82399999999991,hold,100.0,4.8399977271987,0.001603379628106083,1.0852419492791536,0.08524194927915363,0.001592399196928074,4.756585840271669,0.0004386639185572818,-0.01098043117800894,1,2
1825,1.8249999999999098,hold,100.0,4.838389457563113,-0.001608269635586801,1.0852216099528813,0.0852216099528813,-0.0015874917750580532,4.754998348496612,0.0004383834166020057,0.020777860528747687,1,2
1826,1.8259999999999097,hold,100.0,4.83998650406161,0.0015970464984969013,1.085232969405034,0.085232969405034,0.0015861252822206898,4.756584473778832,0.0004381028440407275,-0.010921216276211457,1,2
1827,1.8269999999999096,hold,100.0,4.83838455884892,-0.0016019452126903033,1.0852126954865888,0.08521269548658883,-0.0015812333213489275,4.755003240457484,0.00043782329925805096,0.02071189134137579,1,2
1828,1.8279999999999095,hold,100.0,4.839975297204287,0.0015907383553672716,1.0852239954029366,0.08522399540293657,0.0015798761145769866,4.7565831165720605,0.00043754368410986005,-0.010862240790285001,1,2
1829,1.8289999999999094,hold,100.0,4.838379651474263,-0.0015956457300241311,1.085203786639767,0.08520378663976702,-0.0015749995530642583,4.755008117018996,0.00043726509115088745,0.020646176959872784,1,2
1830,1.8299999999999093,hold,100.0,4.83996410657423,0.0015844550999668527,1.0852150272606953,0.0852150272606953,0.0015736515963565899,4.756581768615353,0.0004369864280696491,-0.010803503610262851,1,2
1831,1.8309999999999091,hold,100.0,4.838374735485857,-0.0015893710883725376,1.0851948834012117,0.08519488340121173,-0.0015687903728132382,4.75501297824254,0.0004367087816260764,0.02058071555929939,1,2
1832,1.831999999999909,hold,100.0,4.839952932120151,0.001578196634294038,1.085206064966125,0.08520606496612504,0.0015674516302581986,4.756580429872798,0.00043643106530623496,-0.01074500403583931,1,2
1833,1.832999999999909,hold,100.0,4.838369810929354,-0.0015831211907970655,1.0851859857597725,0.08518598575977254,-0.001562605683615864,4.755017824189182,0.0004361543601099473,0.02051550718120158,1,2
1834,1.8339999999999088,hold,100.0,4.839941773789943,0.0015719628605888047,1.0851971085071672,0.08519710850716722,0.0015612761194421215,4.756579100308624,0.00043587758528597717,-0.01068674114668329,1,2
1835,1.8349999999999087,hold,100.0,4.838364877851264,-0.001576895938678824,1.0851770937043703,0.08517709370437032,-0.0015564453888708982,4.755022654919753,0.00043560181610872507,0.02045054980792573,1,2
1836,1.8359999999999086,hold,100.0,4.839930631532292,0.0015657536810280703,1.0851881578717288,0.08518815787172884,0.0015551249674009265,4.756577779887154,0.00043532597755501607,-0.010628713627143863,1,2
1837,1.8369999999999085,hold,100.0,4.838359936296821,-0.0015706952354710424,1.0851682072238735,0.08516820722387353,-0.0015503093923467735,4.755027470494808,0.0004350511392079673,0.0203858431242689,1,2
1838,1.8379999999999084,hold,100.0,4.839919505295862,0.0015595689990410833,1.0851792130478453,0.08517921304784526,0.0015489980780110108,4.756576468572819,0.00043477623173820827,-0.010570921030072416,1,2
1839,1.8389999999999083,hold,100.0,4.83835498631187,-0.0015645189839919027,1.0851593263072918,0.08515932630729184,-0.0015441975981767833,4.755032270974642,0.00043450231907161653,0.020321385815119445,1,2
1840,1.8399999999999082,hold,100.0,4.839908395029525,0.0015534087176547473,1.0851702740234985,0.08517027402349853,0.0015428953555249574,4.756575166330166,0.0004342283375385596,-0.010513362129789885,1,2
1841,1.840999999999908,hold,100.0,4.8383500279414715,-0.0015583670880534584,1.085150450943627,0.08515045094362694,-0.0015381099109289102,4.755037056419237,0.0004339553454414085,0.02025717712454819,1,2
1842,1.841999999999908,hold,100.0,4.8398973006822015,0.0015472727407299658,1.085161340786801,0.08516134078680104,0.001536816704628992,4.756573873123866,0.0004336822847364119,-0.010456036100973823,1,2
1843,1.8429999999999078,hold,100.0,4.838345061230916,-0.0015522394512856863,1.085141581121904,0.08514158112190406,-0.0015320462354891009,4.755041826888377,0.00043341020813601034,0.02019321579658541,1,2
1844,1.8439999999999077,hold,100.0,4.839886222203316,0.0015411609724003128,1.085152413325829,0.08515241332582901,0.001530762030283535,4.75657258891866,0.0004331380631886865,-0.010398942116777825,1,2
1845,1.8449999999999076,hold,100.0,4.83834008622503,-0.0015461359782857897,1.0851327168312435,0.08513271683124346,-0.00152600647712338,4.755046582441537,0.0004328668970503456,0.02012950116240977,1,2
1846,1.8459999999999075,hold,100.0,4.839875159542023,0.0015350733169929853,1.0851434916287845,0.08514349162878454,0.00152473123789778,4.7565713136794345,0.0004325956628282692,-0.010342079095205419,1,2
1847,1.8469999999999074,hold,100.0,4.838335102968502,-0.0015400565735212979,1.085123858060724,0.08512385806072409,-0.0015199905414850924,4.755051323137949,0.00043232540215488253,0.02006603203620551,1,2
1848,1.8479999999999073,hold,100.0,4.8398641126480575,0.001529009679555493,1.085134575683864,0.08513457568386396,0.0015187242332248942,4.7565700473711745,0.0004320550736632103,-0.01028544633059885,1,2
1849,1.8489999999999072,hold,100.0,4.8383301115057575,-0.0015340011422999567,1.085115004799538,0.08511500479953793,-0.0015139983346032157,4.755056049036571,0.00043178571349493996,0.020002807696740954,1,2
1850,1.849999999999907,hold,100.0,4.839853081470807,0.0015229699650491924,1.085125665479283,0.08512566547928291,0.001512740922423537,4.756568789958995,0.00043151628577597955,-0.010229042625655447,1,2
1851,1.850999999999907,hold,100.0,4.838325111881252,-0.0015279695895547007,1.0851061570368994,0.08510615703689939,-0.001508029762907904,4.755060760196087,0.00043124782118994563,0.019939826646796655,1,2
1852,1.8519999999999068,hold,100.0,4.839842065960572,0.0015169540793200653,1.0851167610033545,0.08511676100335452,0.0015067812120001791,4.756567541408087,0.0004309792893228476,-0.010172867319886182,1,2
1853,1.8529999999999067,hold,100.0,4.838320104138935,-0.0015219618216368858,1.085097314762018,0.08509731476201798,-0.0015020847331258518,4.755065456674961,0.0004307117154326891,0.019877088511033963,1,2
1854,1.8539999999999066,hold,100.0,4.839831066067151,0.0015109619282158704,1.0851078622443955,0.08510786224439548,0.0015008450087948197,4.756566301683756,0.00043044407453320945,-0.010116919421050696,1,2
1855,1.8549999999999065,hold,100.0,4.838315088322767,-0.0015159777443845002,1.0850884779641854,0.0850884779641854,-0.0014961631523837424,4.755070138531372,0.0004301773864888477,0.01981459200075782,1,2
1856,1.8559999999999064,hold,100.0,4.839820081740828,0.0015049934180613178,1.0850989691908068,0.08509896919080684,0.00149493222006294,4.756565070751435,0.0004299106317088125,-0.010061197998377904,1,2
1857,1.8569999999999063,hold,100.0,4.838310064476436,-0.0015100172643922605,1.085079646632723,0.08507964663272305,-0.0014902649281907984,4.755074805823244,0.00042964482469598974,0.01975233620146212,1,2
1858,1.8579999999999062,hold,100.0,4.839809112932028,0.0014990484555923445,1.0850900818309541,0.08509008183095412,0.0014890427534392859,4.7565638485766835,0.00042937895122309515,-0.010005702153058566,1,2
1859,1.858999999999906,hold,100.0,4.838305032643329,-0.0015040802886989724,1.0850708207569764,0.08507082075697636,-0.001484389968432672,4.755079458608251,0.00042911402046318326,0.0196903202663004,1,2
1860,1.859999999999906,hold,100.0,4.839798159591406,0.001493126948076906,1.0850812001533419,0.08508120015334186,0.0014831765168782211,4.756562635125129,0.00042884902352066255,-0.009950431198684937,1,2
1861,1.8609999999999058,hold,100.0,4.838299992866883,-0.0014981667245228536,1.0850620003263436,0.08506200032634359,-0.0014785381813230733,4.755084096943806,0.0004285849642702433,0.019628543199780343,1,2
1862,1.8619999999999057,hold,100.0,4.839787221669595,0.001487228802711904,1.085072324146433,0.08507232414643306,0.0014773334187241237,4.75656143036253,0.00042832083911644966,-0.009895383987780374,1,2
1863,1.8629999999999056,hold,100.0,4.838294945189945,-0.001492276479649668,1.0850531853302512,0.08505318533025119,-0.001472709475448705,4.755088720887081,0.0004280576466669069,0.01956700420096299,1,2
1864,1.8639999999999055,hold,100.0,4.839776299117634,0.0014813539276889998,1.085063453798769,0.0850634537987689,0.0014715133676708968,4.756560234254752,0.000427794388595075,-0.009840560018102964,1,2
1865,1.8649999999999054,hold,100.0,4.838289889655809,-0.001486409461825211,1.0850443757581523,0.08504437575815227,-0.0014669037597536607,4.755093330494998,0.0004275320582725069,0.019505702071550373,1,2
1866,1.8659999999999053,hold,100.0,4.839765391886392,0.0014755022305825705,1.0850545890989223,0.08505458909892227,0.001465716272778053,4.7565590467677765,0.0004272696626103858,-0.009785957804517558,1,2
1867,1.8669999999999052,hold,100.0,4.838284826306908,-0.001480565579483617,1.085035571599566,0.0850355715995661,-0.001461120943567029,4.755097925824209,0.0004270081897750765,0.019444635916588023,1,2
1868,1.867999999999905,hold,100.0,4.839754499927218,0.0014696736203099192,1.0850457300355398,0.08504573003553983,0.001459942043457508,4.7565578678676665,0.00042674665188461013,-0.009731576852411127,1,2
1869,1.868999999999905,hold,100.0,4.8382797551858125,-0.0014747447414054093,1.0850267728440346,0.08502677284403459,-0.0014553609365075754,4.755102506931159,0.00042648603193082247,0.019383804897833916,1,2
1870,1.8699999999999048,hold,100.0,4.839743623191738,0.0014638680059251286,1.085036876597237,0.08503687659723691,0.0014541905894732568,4.756556697520632,0.00042622534720782897,-0.009677416451871722,1,2
1871,1.8709999999999047,hold,100.0,4.838274676334888,-0.0014689468568498398,1.0850179794811239,0.08501797948112388,-0.0014496236486423073,4.75510707387199,0.0004259655755633868,0.019323208207532503,1,2
1872,1.8719999999999046,hold,100.0,4.839732761631151,0.001458085296262901,1.085028028772743,0.08502802877274296,0.0014484618209870386,4.756555535692977,0.00042570573943734124,-0.00962347527586234,1,2
1873,1.8729999999999045,hold,100.0,4.838269589796347,-0.0014631718348034894,1.0850091915004558,0.08500919150045583,-0.0014439089903306793,4.755111626702646,0.00042544681156347615,0.01926284447281018,1,2
1874,1.8739999999999044,hold,100.0,4.8397219151974475,0.0014523254011002962,1.0850191865507772,0.08501918655077723,0.0014427556484423987,4.756554382351088,0.00042518781949702985,-0.00956975265789745,1,2
1875,1.8749999999999043,hold,100.0,4.838264495611849,-0.0014574195855985295,1.0850004088916754,0.08500040889167537,-0.001438216872296221,4.755116165478792,0.00042492973088790917,0.01920271330230856,1,2
1876,1.8759999999999042,hold,100.0,4.839711083842647,0.0014465882307979072,1.0850103499201391,0.08501034992013912,0.0014370719827221145,4.756553237461514,0.0004246715783767455,-0.009516248075792759,1,2
1877,1.876999999999904,hold,100.0,4.838259393823416,-0.0014516900192305116,1.0849916316444705,0.08499163164447054,-0.0014325472056283097,4.755120690255885,0.0004244143245593229,0.019142813602201873,1,2
1878,1.877999999999904,hold,100.0,4.839700267518614,0.0014408736951976309,1.085001518869611,0.08500151886961094,0.0014314107349730314,4.7565521009908585,0.00042415700713176435,-0.009462960224599498,1,2
1879,1.8789999999999039,hold,100.0,4.838254284472641,-0.0014459830459729872,1.084982859748554,0.08498285974855402,-0.0014268999017549736,4.755125201089103,0.0004239005836653564,0.01908314421801365,1,2
1880,1.8799999999999037,hold,100.0,4.839689466177579,0.00143518170493806,1.084992693388082,0.08499269338808202,0.001425771816773296,4.756550972905877,0.0004236440968820945,-0.009409888164763893,1,2
1881,1.8809999999999036,hold,100.0,4.838249167600663,-0.001440298576915744,1.0849740931936787,0.08497409319367866,-0.0014212748724727446,4.755129698033404,0.0004233884993581717,0.01902370444299933,1,2
1882,1.8819999999999035,hold,100.0,4.839678679772216,0.0014295121715530712,1.084983873464422,0.08498387346442193,0.0014201551399974544,4.756549853173401,0.0004231328388120042,-0.009357031555616829,1,2
1883,1.8829999999999034,hold,100.0,4.838244043248885,-0.001434636523331534,1.084965331969652,0.08496533196965195,-0.0014156720298884372,4.755134181143513,0.00042287806285386855,0.018964493443096715,1,2
1884,1.8839999999999033,hold,100.0,4.839667908255002,0.001423865006117353,1.0849750590875782,0.08497505908757819,0.0014145606168708294,4.756548741760383,0.00042262322416934564,-0.009304389246523595,1,2
1885,1.8849999999999032,hold,100.0,4.838238911458215,-0.0014289967967870965,1.0849565760662985,0.08495657606629847,-0.0014100912865002194,4.755138650473883,0.0004223692654317673,0.01890551028687704,1,2
1886,1.885999999999903,hold,100.0,4.839657151578653,0.0014182401204374528,1.0849662502465236,0.0849662502465236,0.001408988160006249,4.756547638633889,0.00042211524426496457,-0.009251960431203802,1,2
1887,1.886999999999903,hold,100.0,4.838233772269399,-0.001423379309253292,1.0849478254734644,0.08494782547346436,-0.0014045325551121507,4.755143106078777,0.00042186209843407275,0.018846754141141342,1,2
1888,1.8879999999999029,hold,100.0,4.8396464096958045,0.0014126374264051833,1.0849574469302563,0.08495744693025631,0.0014034376823055244,4.7565465437610825,0.0004216088904722616,-0.009199744099658942,1,2
1889,1.8889999999999028,hold,100.0,4.838228625723235,-0.0014177839725695307,1.0849390801810626,0.08493908018106255,-0.0013989957488894816,4.755147548012193,0.0004213565532651098,0.01878822368004914,1,2
1890,1.8899999999999026,hold,100.0,4.839635682559955,0.0014070568367197112,1.084948649127832,0.08494864912783195,0.0013979090970419467,4.756545457109235,0.0004211041542264674,-0.0091477396777645,1,2
1891,1.8909999999999025,hold,100.0,4.838223471860174,-0.0014122106997804806,1.0849303401790018,0.0849303401790018,-0.0013934807813442175,4.755151976327891,0.00042085262139081065,0.01872991843626312,1,2
1892,1.8919999999999024,hold,100.0,4.8396249701241825,0.0014014982640082607,1.0849398568283428,0.08493985682834282,0.0013924023178526763,4.756544378645744,0.00042060102702422194,-0.009095946155584416,1,2
1893,1.8929999999999023,hold,100.0,4.8382183107202765,-0.001406659403905941,1.0849216054572959,0.08492160545729588,-0.0013879875663462809,4.755156391079398,0.0004203502943382281,0.018671837559660134,1,2
1894,1.8939999999999022,hold,100.0,4.839614272341751,0.001395961621474484,1.084931070020901,0.08493107002090095,0.001386917258688208,4.7565433083380855,0.00042009950042293156,-0.009044362786276,1,2
1895,1.894999999999902,hold,100.0,4.838213142343917,-0.0014011299978342606,1.0849128760058957,0.0849128760058957,-0.0013825160180503326,4.755160792320035,0.0004198495636949232,0.01861397978392804,1,2
1896,1.895999999999902,hold,100.0,4.839603589166477,0.0013904468225600652,1.084922288694689,0.08492228869468899,0.0013814538338245523,4.75654224615386,0.00041959956604024516,-0.008992988735512936,1,2
1897,1.8969999999999019,hold,100.0,4.838207966770816,-0.0013956223956608227,1.0849041518148619,0.08490415181486188,-0.001377066050989225,4.75516518010287,0.0004193504211084288,0.01855634467159777,1,2
1898,1.8979999999999018,hold,100.0,4.839592920551845,0.0013849537810290968,1.084913512838884,0.08491351283888404,0.0013760119579084133,4.756541192060778,0.00041910121555357733,-0.008941823120683532,1,2
1899,1.8989999999999017,hold,100.0,4.83820278404084,-0.0013901365110049468,1.0848954328742373,0.08489543287423729,-0.0013716375800521766,4.755169554480726,0.0004188528582857398,0.018498930952770207,1,2
1900,1.8999999999999015,hold,100.0,4.839582266451879,0.0013794824110391346,1.0849047424427236,0.08490474244272361,0.0013705915459321283,4.756540146026658,0.0004186044406994659,-0.008890865107006327,1,2
1901,1.9009999999999014,hold,100.0,4.838197594193409,-0.0013846722584700544,1.0848867191741647,0.08488671917416468,-0.0013662305204295599,4.755173915506228,0.0004183568669927707,0.018441738040494503,1,2
1902,1.9019999999999013,hold,100.0,4.839571626820513,0.0013740326271038938,1.084895977495501,0.08489597749550093,0.0013651925131653408,4.7565391080193935,0.00041810923327310114,-0.008840113938553013,1,2
1903,1.9029999999999012,hold,100.0,4.838192397267898,-0.0013792295526151577,1.0848780107047424,0.08487801070474243,-0.001360844787633294,4.75517826323176,0.00041786243905379096,0.01838476498186364,1,2
1904,1.903999999999901,hold,100.0,4.839561001612103,0.0013686043442051599,1.0848872179865265,0.08488721798652654,0.0013598147752718996,4.756538078007032,0.0004176155851278613,-0.008789568933260244,1,2
1905,1.904999999999901,hold,100.0,4.838187193303669,-0.0013738083084344765,1.0848693074561553,0.08486930745615529,-0.001355480297551457,4.755182597709481,0.0004173695663509946,0.018328010883019493,1,2
1906,1.9059999999999009,hold,100.0,4.839550390780712,0.0013631974770431654,1.084878463905119,0.084878463905119,0.0013544582482026308,4.756537055957684,0.0004171234881746913,-0.008739228840534642,1,2
1907,1.9069999999999008,hold,100.0,4.838181982339525,-0.001368408441186908,1.0848606094186206,0.08486060941862061,-0.0013501369663433671,4.75518691899134,0.0004168782408239338,0.01827147484354083,1,2
1908,1.9079999999999007,hold,100.0,4.839539794281181,0.00135781194165574,1.0848697152406814,0.08486971524068143,0.0013491228482483716,4.756536041839588,0.0004166329343817111,-0.008689093407368304,1,2
1909,1.9089999999999006,hold,100.0,4.838176764414646,-0.001363029866534582,1.0848519165823394,0.08485191658233937,-0.0013448147105761489,4.755191227129012,0.00041638845446897906,0.018215155958433045,1,2
1910,1.9099999999999004,hold,100.0,4.839529212068106,0.0013524476534598762,1.0848609719826443,0.0848609719826443,0.0013438084920862554,4.7565350356210985,0.0004161439157735215,-0.008639161373620802,1,2
1911,1.9109999999999003,hold,100.0,4.838171539567321,-0.001357672500785334,1.0848432289376067,0.08484322893760665,-0.0013395134470942007,4.755195522174004,0.00041590019933884857,0.018159053691133367,1,2
1912,1.9119999999999002,hold,100.0,4.8395186440961115,0.0013471045287909433,1.0848522341204432,0.08485223412044318,0.0013385150966543176,4.756534037270659,0.0004156564244309377,-0.008589432136625781,1,2
1913,1.9129999999999001,hold,100.0,4.838166307836289,-0.0013523362598224509,1.0848345464747302,0.08483454647473021,-0.0013342330930897007,4.755199804177569,0.0004154134675421927,0.01810316673275022,1,2
1914,1.9139999999999,hold,100.0,4.839508090320328,0.0013417824840384895,1.0848435016435654,0.08484350164356536,0.0013332425792572438,4.756533046756826,0.0004151704524903368,-0.008539904781245701,1,2
1915,1.9149999999999,hold,100.0,4.838161069259744,-0.0013470210605834865,1.0848258691840145,0.08482586918401447,-0.0013289735660764715,4.7552040731907494,0.0004149282512429412,0.018047494507014965,1,2
1916,1.9159999999998998,hold,100.0,4.839497550696045,0.0013364814363008293,1.0848347745415698,0.08483477454156985,0.0013279908575049987,4.756532064048255,0.0004146859921432391,-0.008490578795830594,1,2
1917,1.9169999999998997,hold,100.0,4.8381558238759,-0.001341726820144551,1.0848171970558331,0.08481719705583313,-0.001323734783884549,4.75520832926437,0.00041444454265992506,0.01799203626000182,1,2
1918,1.9179999999998996,hold,100.0,4.839487025178309,0.0013312013024089353,1.0848260528039877,0.0848260528039877,0.0013227598493433185,4.756531089113714,0.00041420303563580424,-0.008441453065616798,1,2
1919,1.9189999999998995,hold,100.0,4.838150571722867,-0.0013364534554423102,1.0848085300805972,0.08480853008059719,-0.0013185166646864145,4.755212572449027,0.000413962334066411,0.01793679075589574,1,2
1920,1.9199999999998993,hold,100.0,4.839476513722863,0.0013259419999958055,1.0848173364204485,0.08481733642044853,0.0013175494730453471,4.756530121922072,0.00041372157526829847,-0.00839252695045839,1,2
1921,1.9209999999998992,hold,100.0,4.838145312838254,-0.0013312008846089185,1.0847998682487574,0.0847998682487574,-0.0013133191269558539,4.7552168027951165,0.0004134816177895809,0.017881757653064607,1,2
1922,1.9219999999998991,hold,100.0,4.839466016285065,0.0013207034468107892,1.0848086253805633,0.08480862538056333,0.001312359647174865,4.756529162442291,0.0004132416033946946,-0.008343799635924165,1,2
1923,1.922999999999899,hold,100.0,4.838140047259856,-0.001325969025208984,1.0847912115507128,0.08479121155071279,-0.0013081420894864987,4.7552210203528045,0.00041300238620996525,0.017826935722485254,1,2
1924,1.923999999999899,hold,100.0,4.839455532820795,0.001315485560938967,1.084799919674001,0.08479991967400102,0.0013071902906625305,4.756528210643467,0.0004127631124222743,-0.008295270276436608,1,2
1925,1.9249999999998988,hold,100.0,4.838134775025051,-0.0013207577957432548,1.0847825599770156,0.08478255997701556,-0.0013029854714328895,4.755225225172034,0.0004125246317612744,0.017772324310365337,1,2
1926,1.9259999999998987,hold,100.0,4.83944506328611,0.001310288261058723,1.0847912192904723,0.08479121929047229,0.0013020413227407513,4.756527266494775,0.0004122860948109334,-0.008246938317971663,1,2
1927,1.9269999999998986,hold,100.0,4.838129496171139,-0.0013155671149709391,1.0847739135181678,0.08477391351816776,-0.0012978491922150824,4.7552294173025595,0.00041204834692955565,0.017717922755856742,1,2
1928,1.9279999999998985,hold,100.0,4.839434607636734,0.0013051114655944218,1.08478252421972,0.08478252421971999,0.0012969126629370825,4.756526329965497,0.0004118105430729797,-0.008198802657339308,1,2
1929,1.9289999999998984,hold,100.0,4.838124210735435,-0.0013103969012986383,1.0847652721647272,0.08476527216472718,-0.0012927331716067571,4.75523359679389,0.00041157352425305724,0.017663729691881146,1,2
1930,1.9299999999998982,hold,100.0,4.839424165829102,0.0012999550936667603,1.0847738344515185,0.08477383445151854,0.0012918042311506458,4.756525401025041,0.00041133644977245116,-0.008150862516114474,1,2
1931,1.9309999999998981,hold,100.0,4.838118918754661,-0.0013052470744403522,1.0847566359072873,0.08475663590728733,-0.0012876373296878858,4.7552377636953524,0.000411100156321555,0.017609744752466322,1,2
1932,1.931999999999898,hold,100.0,4.83941373781975,0.0012948190650883262,1.0847651499756514,0.08476514997565143,0.0012867159475277938,4.75652447964288,0.00041086380752494483,-0.008103117560532462,1,2
1933,1.932999999999898,hold,100.0,4.838113620265855,-0.0013001175538951415,1.084748004736477,0.08474800473647703,-0.0012825615868541278,4.755241918056026,0.0004106282357760699,0.017555967041013715,1,2
1934,1.9339999999998978,hold,100.0,4.8394033235651355,0.0012897032992809088,1.084756470781998,0.0847564707819981,0.0012816477326174267,4.756523565788643,0.00041039260899684296,-0.008055566663482065,1,2
1935,1.9349999999998977,hold,100.0,4.838108315305558,-0.0012950082595777346,1.0847393786429238,0.0847393786429238,-0.0012775058638134576,4.75524605992483,0.0004101577553083217,0.017502395764277003,1,2
1936,1.9359999999998976,hold,100.0,4.839392923021674,0.0012846077161166036,1.0847477968603876,0.08474779686038758,0.0012765995071708169,4.756522659432001,0.0004099228469051544,-0.008008208945786775,1,2
1937,1.9369999999998975,hold,100.0,4.8381030039102075,-0.0012899191114668085,1.0847307576173288,0.08473075761732884,-0.0012724700815594395,4.755250189350441,0.00040968870766035453,0.017449029907369008,1,2
1938,1.9379999999998974,hold,100.0,4.839382536146518,0.0012795322363103878,1.084739128200773,0.084739128200773,0.0012715711923231036,4.756521760542764,0.00040945451401689465,-0.007961043987284207,1,2
1939,1.9389999999998973,hold,100.0,4.838097686116325,-0.0012848500301929633,1.0847221416503943,0.08472214165039427,-0.0012674541614530468,4.755254306381311,0.0004092210856240136,0.0173958687399165,1,2
1940,1.9399999999998971,hold,100.0,4.839372162896643,0.0012744767803178902,1.084730464793084,0.08473046479308399,0.0012665627095560241,4.756520869090867,0.0004089876031488302,-0.007914070761866126,1,2
1941,1.940999999999897,hold,100.0,4.838092361959799,-0.001279800936844211,1.0847135307328706,0.08471353073287058,-0.00126245802515169,4.755258411065715,0.0004087548820406694,0.01734291169252101,1,2
1942,1.941999999999897,hold,100.0,4.839361803229064,0.0012694412692653145,1.0847218066273074,0.08472180662730744,0.0012615739805894443,4.756519985046305,0.00040852210716677527,-0.00786728867587026,1,2
1943,1.9429999999998968,hold,100.0,4.838087031476708,-0.0012747717523557967,1.0847049248555123,0.08470492485551229,-0.001257481594582144,4.755262503451723,0.0004082900898006085,0.01729015777365275,1,2
1944,1.9439999999998967,hold,100.0,4.839351457101004,0.0012644256242957397,1.0847131536934123,0.08471315369341226,0.0012566049274635954,4.7565191083791865,0.0004080580189855586,-0.00782069683214425,1,2
1945,1.9449999999998966,hold,100.0,4.838081694702934,-0.0012697623980697514,1.08469632400915,0.08469632400915006,-0.001252524792002066,4.755266583587185,0.00040782670184278384,0.01723760606768543,1,2
1946,1.9459999999998965,hold,100.0,4.839341124470305,0.0012594297673711452,1.084704505981482,0.08470450598148194,0.0012516554725339245,4.7565182390597185,0.00040759533156824835,-0.007774294837220716,1,2
1947,1.9469999999998964,hold,100.0,4.838076351674301,-0.00126477279600401,1.0846877281846,0.08468772818459991,-0.0012475875399523776,4.7552706515197665,0.00040736471115433124,0.017185256051632444,1,2
1948,1.9479999999998963,hold,100.0,4.839330805294023,0.0012544536197216516,1.0846958634815835,0.08469586348158353,0.0012467255384761137,4.756517377058243,0.00040713403792589996,-0.00772808124553789,1,2
1949,1.9489999999998961,hold,100.0,4.838071002426022,-0.0012598028680006479,1.0846791373727114,0.08467913737271138,-0.001242669761359602,4.755274707296883,0.00040690411077007826,0.01713310664104594,1,2
1950,1.949999999999896,hold,100.0,4.839320499530355,0.00124949710433242,1.0846872261838179,0.08468722618381785,0.0012418150482894797,4.756516522345173,0.0004066741311172197,-0.007682056042940212,1,2
1951,1.950999999999896,hold,100.0,4.83806564699357,-0.0012548525367845897,1.084670551564423,0.08467055156442305,-0.0012377713793707186,4.755278750965802,0.0004064448937723613,0.01708115741387117,1,2
1952,1.9519999999998958,hold,100.0,4.839310207136846,0.0012445601432755637,1.0846785940783426,0.08467859407834255,0.0012369239252178863,4.75651567489102,0.00040621560424803076,-0.0076362180576774845,1,2
1953,1.9529999999998957,hold,100.0,4.838060285412385,-0.0012499217244608118,1.0846619707506109,0.08466197075061088,-0.0012328923174604722,4.755282782573559,0.00040598705329031597,0.017029407000339683,1,2
1954,1.9539999999998956,hold,100.0,4.83929992807175,0.0012396426593648258,1.0846699671553084,0.08466996715530839,0.0012320520928637104,4.756514834666423,0.0004057584504708859,-0.007590566501115359,1,2
1955,1.9549999999998955,hold,100.0,4.838054917717072,-0.0012450103546779445,1.0846533949222423,0.08465339492224233,-0.0012280324994224333,4.755286802167001,0.00040553058249980114,0.01697785525551121,1,2
1956,1.9559999999998954,hold,100.0,4.839289662293214,0.0012347445761422549,1.0846613454049425,0.08466134540494252,0.0012271994750917494,4.756514001642093,0.00040530266298474465,-0.007545101050505498,1,2
1957,1.9569999999998953,hold,100.0,4.83804954394288,-0.0012401183503341073,1.0846448240702964,0.08464482407029639,-0.0012231918493247793,4.755290809792768,0.0004050754746226701,0.016926501009327997,1,2
1958,1.9579999999998952,hold,100.0,4.839279409759458,0.001229865816577913,1.084652728817473,0.08465272881747299,0.001222365996104871,4.756513175788873,0.000404848235034537,-0.007499820473042158,1,2
1959,1.958999999999895,hold,100.0,4.838044164124306,-0.0012352456351516494,1.0846362581857885,0.08463625818578846,-0.0012183702915630136,4.75529480549731,0.00040462172292671933,0.016875343588635804,1,2
1960,1.959999999999895,hold,100.0,4.839269170429094,0.0012250063047876125,1.0846441173831847,0.08464411738318467,0.0012175515803644708,4.756512357077674,0.00040439515991080394,-0.007454724423141754,1,2
1961,1.9609999999998948,hold,100.0,4.838038778295982,-0.0012303921331113798,1.0846276972597548,0.08462769725975483,-0.0012135677507958676,4.755298789326878,0.0004041693207250674,0.016824382315512282,1,2
1962,1.9619999999998947,hold,100.0,4.839258944260768,0.001220165964785913,1.0846355110923642,0.08463551109236422,0.00121275615264381,4.756511545479522,0.00040394343094925304,-0.007409812142103022,1,2
1963,1.9629999999998946,hold,100.0,4.8380333864925245,-0.0012255577682438457,1.0846191412832757,0.08461914128327575,-0.001208784151994068,4.755302761327528,0.00040371826137590986,0.016773616249777645,1,2
1964,1.9639999999998945,hold,100.0,4.839248731212945,0.001215344720420397,1.084626909935358,0.08462690993535804,0.0012079796380169673,4.7565107409655445,0.00040349304153046157,-0.007365082403429845,1,2
1965,1.9649999999998944,hold,100.0,4.838027988747965,-0.0012207424649801624,1.0846105902474308,0.08461059024743078,-0.0012040194204338375,4.755306721545111,0.00040326853828195956,0.016723044546324915,1,2
1966,1.9659999999998943,hold,100.0,4.839238531245027,0.0012105424970618728,1.0846183139025172,0.08461831390251717,0.0012032219618693764,4.75650994350698,0.00040304398507938054,-0.007320535192496336,1,2
1967,1.9669999999998942,hold,100.0,4.838022585096494,-0.0012159461485321543,1.0846020441433553,0.08460204414335526,-0.001199273481694872,4.755310670025286,0.00040282014489035614,0.01667266683728235,1,2
1968,1.967999999999894,hold,100.0,4.839228344315734,0.0012057592192391553,1.084609722984262,0.08460972298426195,0.0011984830498700774,4.7565091530751555,0.00040259625506520373,-0.007276169369077861,1,2
1969,1.968999999999894,hold,100.0,4.838017175572182,-0.0012111687435512053,1.0845935029621985,0.08459350296219847,-0.001194546261630439,4.755314606813525,0.00040237307469200673,0.016622481920766305,1,2
1970,1.9699999999998938,hold,100.0,4.839218170384259,0.0012009948120770275,1.0846011371710071,0.08460113717100715,0.0011937628279636004,4.756508369641488,0.00040214984500064023,-0.007231984113427155,1,2
1971,1.9709999999998937,hold,100.0,4.838011760208594,-0.0012064101756656953,1.08458496669515,0.08458496669514992,-0.001189837686384616,4.755318531955104,0.00040192732122144555,0.016572489281079263,1,2
1972,1.9719999999998936,hold,100.0,4.839208009410151,0.0011962492015573645,1.0845925564532188,0.08459255645321884,0.001189061222416581,4.7565075931775205,0.00040170474844187896,-0.007187979140783505,1,2
1973,1.9729999999998935,hold,100.0,4.838006339039554,-0.0012016703705972631,1.0845764353334129,0.08457643533341286,-0.0011851476824156282,4.755322445495104,0.0004014828780562833,0.016522688181634874,1,2
1974,1.9739999999998934,hold,100.0,4.839197861352829,0.0011915223132747954,1.0845839808213757,0.08458398082137575,0.0011843781597594902,4.756506823654864,0.00040126095898809436,-0.007144153515305229,1,2
1975,1.9749999999998933,hold,100.0,4.838000912098568,-0.0011969492542602822,1.0845679088682267,0.08456790886822674,-0.0011804761764433241,4.755326347478421,0.0004010397388170107,0.016473077816958094,1,2
1976,1.9759999999998932,hold,100.0,4.83918772617181,0.0011868140732413934,1.08457541026603,0.0845754102660301,0.0011797135668244999,4.756506061045246,0.00040081847028098814,-0.007100506416893564,1,2
1977,1.976999999999893,hold,100.0,4.837995479419097,-0.001192246752713011,1.084559387290865,0.08455938729086498,-0.0011758230954738574,4.755330237949773,0.00040059789716654417,0.01642365723915351,1,2
1978,1.977999999999893,hold,100.0,4.8391776038269825,0.0011821244078857873,1.0845668447776833,0.08456684477768328,0.0011750673707294909,4.756505305320502,0.00040037727600467657,-0.007057037156296469,1,2
1979,1.9789999999998928,hold,100.0,4.837990041034103,-0.0011875627928796817,1.0845508705926103,0.08455087059261035,-0.0011711883668602454,4.755334116953642,0.0004001573468099083,0.016374426019436297,1,2
1980,1.9799999999998927,hold,100.0,4.839167494278261,0.0011774532441579666,1.084558284346986,0.08455828434698609,0.0011704394989043123,4.756504556452546,0.00039993736988508724,-0.0070137452536543025,1,2
1981,1.9809999999998926,hold,100.0,4.837984596976855,-0.0011828973014056388,1.0845423587647955,0.08454235876479554,-0.001166571918167548,4.755337984534378,0.0003997180814939114,0.01632538323809076,1,2
1982,1.9819999999998925,hold,100.0,4.839157397485642,0.0011728005087867643,1.0845497289645105,0.08454972896451052,0.001165829879018422,4.756503814413397,0.0003994987456898553,-0.006970629768342316,1,2
1983,1.9829999999998924,hold,100.0,4.837979147280156,-0.001178250205486009,1.0845338517987684,0.08453385179876838,-0.0011619736772846873,4.755341840736112,0.00039928009500672147,0.01627652820132162,1,2
1984,1.9839999999998923,hold,100.0,4.839147313409306,0.001168166129150272,1.084541178620892,0.08454117862089205,0.0011612384390642888,4.756503079175177,0.0003990613972277321,-0.006927690085983254,1,2
1985,1.9849999999998922,hold,100.0,4.837973691976969,-0.0011736214323372351,1.0845253496858933,0.08452534968589331,-0.0011573935723686272,4.7553456856028085,0.00039884338117760295,0.016227859968607993,1,2
1986,1.985999999999892,hold,100.0,4.839137242009758,0.001163550032789118,1.0845326333068412,0.08453263330684124,0.0011566651072886648,4.756502350710097,0.00039862531834845507,-0.006884925500453155,1,2
1987,1.986999999999892,hold,100.0,4.837968231099517,-0.0011690109102406865,1.0845168524175892,0.08451685241758922,-0.0011528315318735656,4.755349519178223,0.00039840793387656655,0.0161793783671209,1,2
1988,1.9879999999998919,hold,100.0,4.839127183247218,0.0011589521477004538,1.0845240930130247,0.08452409301302466,0.0011521098122532411,4.756501628990476,0.00039819050294226876,-0.006842335447212718,1,2
1989,1.9889999999998917,hold,100.0,4.8379627646807535,-0.0011644185664643203,1.0845083599852916,0.0845083599852916,-0.0011482874845255263,4.75535334150595,0.00039797374701402104,0.01613108193879403,1,2
1990,1.9899999999998916,hold,100.0,4.839117137082594,0.0011543724018405754,1.0845155577302177,0.08451555773021768,0.0011475724827676064,4.7565009139887175,0.0003977569449396968,-0.00679991907296903,1,2
1991,1.9909999999998915,hold,100.0,4.837957292752897,-0.0011598443296971794,1.0844998723804358,0.08449987238043577,-0.0011437613593333145,4.755357152629384,0.00039754081454042956,0.016082970363864944,1,2
1992,1.9919999999998914,hold,100.0,4.839107103476454,0.001149810723557465,1.0845070274491482,0.08450702744914818,0.0011430530479654064,4.756500205677349,0.00039732463831118283,-0.006757675592058672,1,2
1993,1.9929999999998913,hold,100.0,4.837951815347818,-0.0011552881286363004,1.084491389594538,0.08449138959453806,-0.0011392530856222088,4.755360952591727,0.00039710913044598093,0.0160350430140916,1,2
1994,1.9939999999998912,hold,100.0,4.8390970823897135,0.001145267041895437,1.0844985021606175,0.0844985021606175,0.0011385514372431083,4.75649950402897,0.00039689357706670453,-0.00671560465232866,1,2
1995,1.994999999999891,hold,100.0,4.837946332497923,-0.0011507498917904257,1.084482911619079,0.08448291161907906,-0.0011347625929476258,4.755364741436023,0.0003966786887603412,0.015987298842799973,1,2
1996,1.995999999999891,hold,100.0,4.83908707378343,0.0011407412855071186,1.084489981855482,0.08448998185548207,0.001134067580252433,4.756498809016275,0.0003964637552554654,-0.006673705254685606,1,2
1997,1.9969999999998909,hold,100.0,4.837940844234998,-0.0011462295484321317,1.0844744384456257,0.08447443844562574,-0.0011302898111484197,4.755368519205127,0.00039624948355221644,0.015939737283711918,1,2
1998,1.9979999999998908,hold,100.0,4.839077077618961,0.001136233383962626,1.0844814665245428,0.0844814665245428,0.0011296014069445365,4.756498120612071,0.0003960351669656929,-0.006631977018089477,1,2
1999,1.9989999999998906,hold,100.0,4.8379353505907465,-0.0011417270282141345,1.084465970065714,0.08446597006571399,-0.0011258346703627226,4.755372285941708,0.00039582150892907095,0.015892357851411902,1,2
2000,1.9999999999998905,hold,100.0,4.839067093857189,0.0011317432664421645,1.0844729561587285,0.08447295615872852,0.001125152847538508,4.756497438789246,0.0003956078063241826,-0.006590418903656449,1,2
