step,time,phase,load,energy,delta_energy,mass,mass_error,W_ext_step,W_ext_cumul,D_pred,D_inferred,snes_it,converged_reason
0,0.0,init,0.0,0.9999999999985447,0.0,1.0,0.0,0.0,0.0,0.0,0.0,0,0
1,0.001,ramp,0.1,1.0003930997572124,0.0003930997586676366,1.0001871889924487,0.0001871889924487391,1.879169839713155e-05,1.879169839713155e-05,5.147772309612153e-05,-0.374308060270505,2,2
2,0.002,ramp,0.2,1.000395120716842,2.0209596296449917e-06,1.0001880955505718,0.0001880955505717541,2.795570313125685e-07,1.9071255428444117e-05,7.169517907387377e-05,-0.001741402598332423,2,2
3,0.003,ramp,0.3,1.0008245854004252,0.0004294646835831806,1.0003747319430072,0.00037473194300718937,5.6304877455958575e-05,7.537613288440269e-05,9.455143246049246e-05,-0.373159806127222,2,2
4,0.004,ramp,0.4,1.000827500293189,2.9148927638278366e-06,1.000375866651879,0.0003758666518789422,7.584013829805285e-07,7.613453426738322e-05,0.00011289694132018838,-0.002156491380847308,2,2
5,0.005,ramp,0.5,1.0012932719139114,0.0004657716207223661,1.0005619796086458,0.0005619796086457907,9.369331059111412e-05,0.00016982784485849734,0.00012922409792791916,-0.372078310131252,2,2
6,0.006,ramp,0.6,1.001297208570094,3.936656182590426e-06,1.0005633253960147,0.0005633253960146689,1.3893745417218132e-06,0.00017121721940021917,0.00014425751207476064,-0.0025472816408686123,2,2
7,0.007,ramp,0.7,1.0017991820765568,0.0005019735064628605,1.0007489286530922,0.0007489286530921735,0.00013094313532895479,0.000302160354729174,0.00015782202118433137,-0.3710303711339058,2,2
8,0.008,ramp,0.8,1.0018043132214849,5.131144928061104e-06,1.0007504949434554,0.0007504949434553598,2.1694122881889748e-06,0.000304329767017363,0.0001708081843830005,-0.0029617326398721296,2,2
9,0.009000000000000001,ramp,0.9,1.002342377372158,0.0005380641506731454,1.0009356016127253,0.000935601612725323,0.00016805176642625355,0.00047238153344361655,0.00018269585599096385,-0.37001238424689187,2,2
10,0.010000000000000002,ramp,1.0,1.002348872548094,6.495175935983255e-06,1.0009373981980965,0.0009373981980964619,3.096361011814604e-06,0.00047547789445543114,0.00019431256596084037,-0.003398814924168651,2,2
11,0.011000000000000003,ramp,1.1,1.0029229114162526,0.000574038868158544,1.0011220198214166,0.0011220198214165755,0.00020501885271342516,0.0006804967471688564,0.00020503744535528085,-0.3690200154451188,2,2
12,0.012000000000000004,ramp,1.2,1.0029309343772281,8.022960975573312e-06,1.0011240548552214,0.0011240548552213792,4.168602660045706e-06,0.0006846653498289021,0.00021566323689486657,-0.003854358315527606,2,2
13,0.013000000000000005,ramp,1.3,1.0035408283908622,0.0006098940136340936,1.0013082013675447,0.0013082013675447257,0.0002418446388644707,0.0009265099886933728,0.0002255218690978518,-0.36804937476962285,2,2
14,0.014000000000000005,ramp,1.4,1.003550537975784,9.709584921857584e-06,1.0013104814686067,0.0013104814686066835,5.384821231637905e-06,0.0009318948099250107,0.0002353898456970827,-0.004324763690219679,2,2
15,0.015000000000000006,ramp,1.5,1.0041961649404127,0.000645626964628665,1.0014941614649864,0.0014941614649863766,0.0002785296055852442,0.001210424415510255,0.00024457199087501167,-0.3670973590434208,2,2
16,0.016000000000000007,ramp,1.6,1.0042077160226615,1.1551082248706379e-05,1.0014966920171295,0.0014966920171295417,6.743866018855509e-06,0.0012171682815291106,0.00025383713180179477,-0.00480721622985087,2,2
17,0.017000000000000008,ramp,1.7,1.0048889519218633,0.0006812358992018819,1.0016799130246772,0.001679913024677182,0.000315074352068636,0.0015322426335977466,0.0002624727854700925,-0.3661615471332459,2,2
18,0.01800000000000001,ramp,1.8,1.0049024961350026,1.3544213139260464e-05,1.0016826984381264,0.0016826984381264065,8.244683566382549e-06,0.001540487317164129,0.0002712441448170558,-0.005299529572877915,2,2
19,0.01900000000000001,ramp,1.9,1.005619215718292,0.000716719583289338,1.0018654671352687,0.0018654671352686947,0.00035147954443121466,0.0018919668615953438,0.000279426891957749,-0.3652400388581234,2,2
20,0.02000000000000001,ramp,2.0,1.005634901986897,1.5686268605152875e-05,1.0018685110483565,0.0018685110483565026,9.886282461688907e-06,0.0019018531440570328,0.000287784578698858,-0.005799986143463968,2,2
21,0.02100000000000001,ramp,2.1,1.0063869791983242,0.0007520772114271157,1.0020508334326264,0.0020508334326263533,0.0003877458892041641,0.002289599033261197,0.00029558440243919346,-0.36433132222295156,2,2
22,0.022000000000000013,ramp,2.2,1.0064049541281725,1.7974929848341148e-05,1.002054138864209,0.002054138864209021,1.1667713602267806e-05,0.002301266746863465,0.0003035892732720077,-0.006307216246073342,2,2
23,0.023000000000000013,ramp,2.3,1.007192262422371,0.0007873082941984855,1.0022360203798786,0.0022360203798785783,0.00042387411841645706,0.002725140865279922,0.00031106010579101353,-0.3634341757820284,2,2
24,0.024000000000000014,ramp,2.4,1.0072126705913145,2.0408168943442107e-05,1.0022395898449834,0.002239589844983403,1.3588058298132287e-05,0.002738728923578054,0.00031875965527274226,-0.006820110645309819,2,2
25,0.025000000000000015,ramp,2.5,1.0080350831702296,0.0008224125789151326,1.0024210354807392,0.002421035480739242,0.00045986498064395096,0.003198593904222005,0.00032594408617029995,-0.36254759827118166,2,2
26,0.026000000000000016,ramp,2.6,1.0080580673493014,2.298417907176109e-05,1.0024248710791475,0.0024248710791474615,1.564642068446392e-05,0.003214240324906469,0.00033337620965731514,-0.00733775838729717,2,2
27,0.027000000000000017,ramp,2.7,1.0089154573426093,0.0008573899933079776,1.002605885443912,0.002605885443911937,0.0004957192353455247,0.0037099595602519938,0.00034030855758804447,-0.3616707579624529,2,2
28,0.028000000000000018,ramp,2.8,1.0089411586669808,2.5701324371407708e-05,1.002609988929089,0.0026099889290889244,1.7841922675989405e-05,0.003727801482927983,0.00034750405539610903,-0.007859401695418303,2,2
29,0.02900000000000002,ramp,2.9,1.0098333992714226,0.0008922406044418185,1.0027905763115548,0.002790576311554771,0.0005314376491147757,0.004259239132042758,0.0003542124479406501,-0.3608029553270429,2,2
30,0.03000000000000002,ramp,3.0,1.0098619573750351,2.8558103612574826e-05,1.0027949491449966,0.0027949491449965613,2.017370049981004e-05,0.0042794128325425685,0.0003611967493859168,-0.008384403112764787,2,2
31,0.03100000000000002,ramp,3.1,1.0107889219639157,0.00092696458888053,1.0029751135609681,0.0029751135609681345,0.0005670209931019359,0.004846433825644505,0.00036770457599823777,-0.35994359577859414,2,2
32,0.03200000000000002,ramp,3.2,1.0108204750870025,3.155312308678049e-05,1.002979756955621,0.002979756955620916,2.2640902252340152e-05,0.004869074727896845,0.0003744989609238292,-0.008912220834440336,2,2
33,0.03300000000000002,ramp,3.3,1.0117820372970174,0.0009615622100149768,1.0031595021861461,0.0031595021861461348,0.0006024700411736278,0.005471544769070473,0.00038082591520199026,-0.359092168841349,2,2
34,0.03400000000000002,ramp,3.4,1.0118167223734595,3.4685076442109164e-05,1.0031644171415417,0.0031644171415416977,2.524268615170112e-05,0.0054967874552221746,0.00038744840098571716,-0.009442390290408043,2,2
35,0.035000000000000024,ramp,3.5,1.0128127561742568,0.0009960338007972691,1.0033437467639357,0.0033437467639356733,0.000637785568542608,0.006134573023764783,0.00039361124565137206,-0.35824823225466107,2,2
36,0.036000000000000025,ramp,3.6,1.0128507089035192,3.795272926243598e-05,1.003348934094907,0.003348934094907108,2.7978219285215456e-05,0.006162551243049998,0.000400077245091135,-0.009974509977220524,2,2
37,0.037000000000000026,ramp,3.7,1.0138810886540968,0.0010303797505775147,1.0035278515083483,0.003527851508348334,0.0006729683506983995,0.006835519593748398,0.0004060903848306448,-0.35741139987911524,2,2
38,0.03800000000000003,ramp,3.8,1.0139224435611092,4.1354907012403075e-05,1.0035333118688432,0.003533311868843203,3.084667671857608e-05,0.006866366270466974,0.00041241320312505566,-0.010508230293826993,2,2
39,0.03900000000000003,ramp,3.9,1.0149870440556148,0.0010646004945056298,1.0037118203155093,0.0037118203155093177,0.0007080191625381437,0.007574385433005117,0.0004182891212713602,-0.3565813319674861,2,2
40,0.04000000000000003,ramp,4.0,1.0150319345416199,4.489048600508916e-05,1.0037175542184187,0.003717554218418684,3.3847240866777535e-05,0.007608232673871895,0.00042448033751260497,-0.011043245138311623,2,2
41,0.04100000000000003,ramp,4.1,1.0161306310468519,0.0010986965052319775,1.0038956568012574,0.0038956568012573634,0.0007429387776481291,0.008351171451520024,0.00043022993428399296,-0.3557577275838484,2,2
42,0.04200000000000003,ramp,4.2,1.0161791894327903,4.855838593842421e-05,1.003901664635183,0.003901664635183044,3.6979101041045356e-05,0.008388150552561069,0.0004362996984870762,-0.011579284897378852,2,2
43,0.04300000000000003,ramp,4.3,1.0173118577188724,0.0011326682860821613,1.0040793643328547,0.004079364332854718,0.0007777279677174853,0.009165878520278553,0.00044193255670671043,-0.354940318364676,2,2
44,0.04400000000000003,ramp,4.4,1.0173642152828632,5.235756399080138e-05,1.0040856463763468,0.004085646376346785,4.0241453103264994e-05,0.009206119973381818,0.00044788982409289064,-0.012116110887536388,2,2
45,0.04500000000000003,ramp,4.5,1.018530731648687,0.0011665163658236555,1.0042629460559334,0.004262946055933359,0.0008123875020766263,0.010018507475458445,0.00045341442052333357,-0.3541288637470292,2,2
46,0.046000000000000034,ramp,4.6,1.0185870186587302,5.6287010043343244e-05,1.00426950248964,0.004269502489639976,4.363349917619232e-05,0.010062140974634638,0.0004592671385443831,-0.012653510867150925,2,2
47,0.047000000000000035,ramp,4.7,1.0197872599530284,0.0012002412942981877,1.004446404917565,0.004446404917564983,0.0008469181473528187,0.010909059121987457,0.0004646910137765232,-0.353323146945369,2,2
48,0.048000000000000036,ramp,4.8,1.019847605695646,6.034574261759573e-05,1.0044532358346594,0.004453235834659397,4.715444733940142e-05,0.01095621356932686,0.0004704462727940089,-0.013191295278194314,2,2
49,0.04900000000000004,ramp,4.9,1.021081449334501,0.0012338436388550367,1.004629743686094,0.004629743686094034,0.0008813206673001352,0.011837534236626994,0.0004757761695742962,-0.3525229715549015,2,2
50,0.05000000000000004,ramp,5.0,1.021145982138933,6.453280443197151e-05,1.004636849101212,0.004636849101212093,5.0803510448687294e-05,0.011888337747075681,0.00048144031934375806,-0.01372929398328422,2,2
51,0.05100000000000004,ramp,5.1,1.0224133061229057,0.001267323983972668,1.004812964968567,0.0048129649685670906,0.0009155958242852502,0.01280393357136093,0.00048668230548967224,-0.3517281596874177,2,2
52,0.05200000000000004,ramp,5.2,1.0224821534855995,6.884736269374692e-05,1.0048203448328645,0.0048203448328645315,5.457999457733091e-05,0.012858513565938262,0.0004922616637720659,-0.01426736811641601,2,2
53,0.05300000000000004,ramp,5.3,1.023782836188816,0.0013006827032164825,1.004996071202216,0.0049960712022159015,0.0009497442154283142,0.013808257781366576,0.0004974202721764036,-0.35093848778816833,2,2
54,0.05400000000000004,ramp,5.4,1.023856124553796,7.328836498010638e-05,1.0050037254055602,0.0050037254055601554,5.84829802141816e-05,0.013866740761580757,0.000502918931400006,-0.01480538476592478,2,2
55,0.05500000000000004,ramp,5.5,1.0251900454843892,0.0013339209305931465,1.0051790647667376,0.005179064766737573,0.000983766978429124,0.014850507740009882,0.0005080012727662225,-0.3501539521640225,2,2
56,0.05600000000000004,ramp,5.6,1.0252679003242977,7.785483990851993e-05,1.005186993106545,0.005186993106544913,6.251169088149398e-05,0.014913019430891376,0.0005134241291609234,-0.015343149027025955,2,2
57,0.057000000000000044,ramp,5.7,1.0266349392380525,0.0013670389137547811,1.0053619478337084,0.005361947833708358,0.0010176646002699144,0.01593068403116129,0.0005184333456086861,-0.3493743134848667,2,2
58,0.058000000000000045,ramp,5.8,1.0267174852736165,8.254603556401285e-05,1.0053701500829075,0.005370150082907532,6.666543229898139e-05,0.01599734946346027,0.0005237850006752339,-0.015880603265031466,2,2
59,0.059000000000000045,ramp,5.9,1.0281175226043822,0.0014000373307656577,1.0055447224991225,0.005544722499122523,0.0010514378700504452,0.017048787333510715,0.0005287253048727985,-0.34859946071521253,2,2
60,0.060000000000000046,ramp,6.0,1.0282048836740185,8.736106963636026e-05,1.0055531983797898,0.005553198379789848,7.094343182485715e-05,0.017119730765335572,0.000534009633985223,-0.016417637811503103,2,2
61,0.06100000000000005,ramp,6.1,1.029637800488791,0.0014329168147724225,1.0057273907540178,0.005727390754017847,0.0010850875368105615,0.018204818302146132,0.0005388848148716197,-0.347829277961861,2,2
62,0.06200000000000005,ramp,6.2,1.0297300995741825,9.229908539154508e-05,1.005736139943776,0.005736139943776086,7.534492904853257e-05,0.018280163231194666,0.0005441053843328443,-0.016954156343012512,2,2
63,0.06300000000000004,ramp,6.3,1.0311957775762148,0.0014656780020323446,1.005909954494473,0.005909954494472958,0.001118614344803178,0.019398777575997846,0.0005489189060452616,-0.3470636572291666,2,2
64,0.06400000000000004,ramp,6.4,1.0312931368162215,9.735924000664475e-05,1.0059189766304897,0.005918976630489681,7.986916873898725e-05,0.019478646744736833,0.0005540789987051738,-0.017490071267657503,2,2
65,0.06500000000000004,ramp,6.5,1.0327914583489308,0.0014983215327093458,1.0060924155290456,0.006092415529045603,0.0011520190348389167,0.02063066577957575,0.0005588340462356123,-0.34630249787042905,2,2
66,0.06600000000000004,ramp,6.6,1.032893999051099,0.00010254070216819677,1.0061017102113852,0.0061017102113851696,8.451539999219109e-05,0.020715181179567943,0.0005639366890771786,-0.018025302176005686,2,2
67,0.06700000000000005,ramp,6.7,1.0344248471015915,0.0015308480504925281,1.0062747755851937,0.006274775585193737,0.0011853023445006132,0.021900483524068558,0.000568636200481201,-0.3455457059919149,2,2
68,0.06800000000000005,ramp,6.8,1.0345326897527987,0.0001078426512071129,1.0062843423799153,0.006284342379915264,8.928287598800307e-05,0.02198976640005656,0.0005736841906953482,-0.01855977521910982,2,2
69,0.06900000000000005,ramp,6.9,1.0360959479547398,0.0015632582019411423,1.006457036315251,0.0064570363152509636,0.001218465008172261,0.02320823140822882,0.000578330883385349,-0.3447931937688813,2,2
70,0.07000000000000005,ramp,7.0,1.0362092122309878,0.00011326427624802626,1.0064668747569654,0.006466874756965391,9.41708539008763e-05,0.023302402262129696,0.0005833268116702874,-0.019093422347149957,2,2
71,0.07100000000000005,ramp,7.1,1.0378047648669801,0.0015955526359923144,1.0066391993015287,0.0066391993015286754,0.0012515077570008,0.024553910019130498,0.0005879232048432891,-0.3440448789915145,2,2
72,0.07200000000000005,ramp,7.2,1.037923569642622,0.00011880477564174541,1.006649308895977,0.006649308895976924,9.917859487680464e-05,0.024653088614007303,0.0005928694759474096,-0.019626180764940767,2,2
73,0.07300000000000005,ramp,7.3,1.039551301645672,0.0016277320030502196,1.0068212660611273,0.006821266061127318,0.0012844313188230202,0.025937519932830323,0.000597417910030992,-0.34330068422719934,2,2
74,0.07400000000000005,ramp,7.4,1.039675765002256,0.0001244633565837816,1.0068316462873312,0.006831646287331239,0.00010430536404853622,0.02604182529687886,0.000602316760830146,-0.02015799253524539,2,2
75,0.07500000000000005,ramp,7.5,1.0413355619570668,0.0016597969548108882,1.0070032380502616,0.007003238050261595,0.001317236418074111,0.02735906171495297,0.0006068194144917799,-0.3425605367367772,2,2
76,0.07600000000000005,ramp,7.6,1.0414658011916555,0.0001302392345887693,1.0070138883625743,0.007013888362574328,0.0001095504305725988,0.027468612145525567,0.000611672929906499,-0.020688804016170497,2,2
77,0.07700000000000005,ramp,7.7,1.0431575493350582,0.0016917481434026715,1.0071851166681614,0.007185116668161351,0.0013499237756863344,0.0288185359212119,0.0006161318350184888,-0.3418243677163371,2,2
78,0.07800000000000006,ramp,7.8,1.0432936809683933,0.00013613163333503486,1.0071960364981314,0.007196036498131386,0.00011491306767991207,0.028933448988891813,0.0006209419620629923,-0.021218565655122798,2,2
79,0.07900000000000006,ramp,7.9,1.0450172671895706,0.0017235862211772979,1.0073669032606423,0.007366903260642266,0.0013824941089856427,0.030315943097877454,0.0006253590169330985,-0.34109211219165514,2,2
80,0.08000000000000006,ramp,8.0,1.045159406973827,0.00014213978425647866,1.0073780920187223,0.007378092018722304,0.00012039255273136809,0.030436335650608822,0.000630127577139845,-0.021747231525110572,2,2
81,0.08100000000000006,ramp,8.1,1.0469147188138168,0.0017553118399897816,1.0075485991233841,0.007548599123384125,0.0014149481315916387,0.03185128378220046,0.000634504558256323,-0.34036370839814284,2,2
82,0.08200000000000006,ramp,8.2,1.0470629818198105,0.00014826300599368736,1.0075600562087066,0.007560056208706589,0.00012598823012971333,0.03197727201233017,0.0006392334747770319,-0.02227477586397403,2,2
83,0.08300000000000006,ramp,8.3,1.0488499073208017,0.0017869255009912433,1.0077302054985449,0.007730205498544862,0.001447286432289559,0.03342455844461973,0.0006435717424719047,-0.3396390687016842,2,2
84,0.08400000000000006,ramp,8.4,1.0490044078598384,0.0001545005390366505,1.007741930289919,0.007741930289919097,0.0001316993849311889,0.03355625782955092,0.0006482625181793731,-0.022801154105461602,2,2
85,0.08500000000000006,ramp,8.5,1.0508228358489002,0.0018184279890618438,1.0079117235963913,0.007911723596391251,0.0014795098224536472,0.03503576765200457,0.0006525639157447609,-0.3389181666081965,2,2
86,0.08600000000000006,ramp,8.6,1.0509836874400367,0.000160851591136435,1.0079237154518925,0.007923715451892521,0.0001375252691273265,0.035173292921131895,0.0006572179656939379,-0.023326322009108478,2,2
87,0.08700000000000006,ramp,8.7,1.0528335073786548,0.0018498199386181025,1.0080931545791143,0.008093154579114303,0.0015116189940741446,0.03668491191520604,0.0006614839674678572,-0.3382009445439579,2,2
88,0.08800000000000006,ramp,8.8,1.0530008228049559,0.00016731542630110674,1.0081054128416755,0.008105412841675541,0.0001434651799482995,0.03682837709515434,0.0006661027053663897,-0.02385024635280725,2,2
89,0.08900000000000007,ramp,8.9,1.0548819247991288,0.0018811019941729068,1.0082744995695263,0.008274499569526306,0.0015436146428743033,0.03837199173802864,0.0006703346950454947,-0.3374873512986035,2,2
90,0.09000000000000007,ramp,9.0,1.05505581611286,0.00017389131373124478,1.008287023567784,0.008287023567784102,0.00014951841784319425,0.03852151015587183,0.0006749194569541539,-0.024372895888050528,2,2
91,0.09100000000000007,ramp,9.1,1.0569680909122052,0.0019122747993451927,1.0084557596531265,0.008455759653126504,0.0015754974612658043,0.04009700761713764,0.0006791187393877908,-0.33677733807938837,2,2
92,0.09200000000000007,ramp,9.2,1.0571486696475576,0.0001805787353523769,1.0084685487279754,0.008468548727975422,0.00015568444266944196,0.040252692059807076,0.0006836708274338859,-0.02489429268293493,2,2
93,0.09300000000000007,ramp,9.3,1.0590920082669792,0.0019433386194216418,1.0086369358722949,0.00863693587229486,0.001607267827632245,0.04185995988743932,0.000687838549755296,-0.3360707917893968,2,2
94,0.09400000000000007,ramp,9.4,1.0592793848517401,0.00018737658476086771,1.0086499892991139,0.00864998929911387,0.00016196228185346402,0.042021922169292784,0.0006923587127121035,-0.025414302907403694,2,2
95,0.09500000000000007,ramp,9.5,1.0612536799803802,0.0019742951286401134,1.0088180292741293,0.008818029274129335,0.0016389272785010585,0.043660849447793845,0.0006964967967706427,-0.3353678501390549,2,2
96,0.09600000000000007,ramp,9.6,1.061447964034486,0.00019428405410581995,1.0088313463242415,0.00883134632424154,0.00016835113750698788,0.043829200585300834,0.000700986418036811,-0.025932916598832068,2,2
97,0.09700000000000007,ramp,9.7,1.0634531083064132,0.002005144271927106,1.0089990408195575,0.008999040819557491,0.0016704759246743432,0.045499676509975176,0.0007050952117091845,-0.334668347252763,2,2
98,0.09800000000000007,ramp,9.8,1.0636544090428215,0.00020130073640833857,1.0090126207769556,0.009012620776955638,0.00017485057970109398,0.04567452708967627,0.0007095555736413446,-0.026450156707244585,2,2
99,0.09900000000000007,ramp,9.9,1.0656902957309973,0.002035886688175781,1.0091799714626792,0.009179971462679237,0.0017019144463944005,0.04737644153607067,0.0007136361178125754,-0.33397224178138035,2,2
100,0.10000000000000007,ramp,10.0,1.0658987216672526,0.0002084259362553631,1.0091938136018117,0.009193813601811707,0.00018145993416845494,0.047557901470239125,0.0007180682298140898,-0.02696600208690816,2,2
101,0.10100000000000008,ramp,10.1,1.0679652446841377,0.0020665230168850357,1.0093608221298478,0.00936082212984779,0.001733243521564274,0.0492911449918034,0.0007221215387284025,-0.33327949532076173,2,2
102,0.10200000000000008,ramp,10.2,1.068180903637157,0.00021565895301933757,1.0093749257153692,0.009374925715369242,0.00018817852177905104,0.049479323513582446,0.0007265263467676761,-0.027480431240286537,2,2
103,0.10300000000000008,ramp,10.3,1.070277957532519,0.0020970538953619666,1.0095415937201015,0.009541593720101549,0.0017644638245027861,0.05124378733808523,0.0007305533783174542,-0.3325900708591805,2,2
104,0.10400000000000008,ramp,10.4,1.070500956623666,0.00022299909114709138,1.0095559580076578,0.00955595800765785,0.00019500566684109257,0.05143879300492633,0.0007349317838625567,-0.027993424305998812,2,2
105,0.10500000000000008,ramp,10.5,1.072628436581296,0.002127479957629852,1.0097222871064138,0.009722287106413763,0.0017955760250780192,0.05323436903000434,0.0007389334436194843,-0.33190393255183276,2,2
106,0.10600000000000008,ramp,10.6,1.0728588822422267,0.00023044566093077812,1.0097369113433075,0.009736911343307453,0.00020194069810922007,0.053436309728113564,0.0007432863068712389,-0.028504962821558046,2,2
107,0.10700000000000008,ramp,10.7,1.0750166840766946,0.0021578018344678984,1.009902903136916,0.009902903136915997,0.0018265807888478637,0.05526289051696143,0.000747263453423333,-0.3312210456200347,2,2
108,0.10800000000000008,ramp,10.8,1.0752546820551632,0.00023799797846857373,1.0099177865628062,0.009917786562806175,0.00020898294867489276,0.05547187346563632,0.0007515915951608293,-0.02901502979368097,2,2
109,0.10900000000000008,ramp,10.9,1.077442702208877,0.0021880201537138877,1.0100834426360443,0.010083442636044326,0.0018574787773014542,0.057329352242937774,0.0007555450443605253,-0.33054137641243353,2,2
110,0.11000000000000008,ramp,11.0,1.0776883575741105,0.00024565536523346587,1.010098584483515,0.010098584483515083,0.0002161317557550481,0.057545483998692824,0.0007598492478551131,-0.029523609478417763,2,2
111,0.11100000000000008,ramp,11.1,1.0799064931143736,0.0022181355402630665,1.0102639064056156,0.010263906405615586,0.0018882706480495776,0.0594337546467424,0.000763779776233866,-0.32986489221348886,2,2
112,0.11200000000000009,ramp,11.2,1.0801599102621922,0.0002534171478185687,1.0102793059007114,0.010279305900711355,0.00022338646052121877,0.05965714110726362,0.0007680607892394225,-0.030030687297349954,2,2
113,0.11300000000000009,ramp,11.3,1.082408058878585,0.0022481486163927755,1.0104442952258519,0.010444295225851885,0.0019189570549583068,0.061576098162221926,0.0007719691368742991,-0.32919156143446876,2,2
114,0.11400000000000009,ramp,11.4,1.0826693415363184,0.0002612826577335081,1.0104599515885861,0.010459951588586147,0.00023074640797784217,0.06180684457019977,0.0007762276736132303,-0.030536249755665944,2,2
115,0.11500000000000009,ramp,11.5,1.084947401537913,0.002278060001594584,1.010624609856283,0.010624609856282996,0.0019495386482422375,0.063756383218442,0.0007801145466219304,-0.32852135335234656,2,2
116,0.11600000000000009,ramp,11.6,1.0852166527690525,0.0002692512311395223,1.0106405223010966,0.010640522301096578,0.00023821094687298427,0.06399459416531499,0.0007843512896972819,-0.031040284266538043,2,2
117,0.11700000000000009,ramp,11.7,1.087524523081828,0.002307870312775462,1.01080485103668,0.010804851036680052,0.0019800160745315856,0.06597461023984658,0.0007882173624548539,-0.3278542382438763,2,2
118,0.11800000000000009,ramp,11.8,1.087801845290686,0.0002773222088578997,1.0108210187728512,0.010821018772851243,0.0002457794296320737,0.06622038966947864,0.0007924329646719246,-0.031542779225826025,2,2
119,0.11900000000000009,ramp,11.9,1.0901394254548042,0.002337580164118336,1.0109850194878518,0.0109850194878518,0.002010389976922087,0.06823077964640073,0.0007962788818097865,-0.3271901871962487,2,2
120,0.12000000000000009,ramp,12.0,1.090424920390932,0.00028549493612772814,1.0110014417199107,0.011001441719910687,0.00025345121230688076,0.06848423085870761,0.0008004739678892167,-0.03204372382084738,2,2
121,0.1210000000000001,ramp,12.1,1.0927921105581142,0.0023671901671822315,1.0111651159124588,0.011165115912458834,0.002040660995013686,0.0705248918537213,0.0008043003461154061,-0.3265291721685454,2,2
122,0.1220000000000001,ramp,12.2,1.0930858793207028,0.00029376876258857543,1.0111817918405195,0.011181791840519484,0.0002612256545330842,0.07078611750825438,0.0008084755142970916,-0.03254310805549121,2,2
123,0.1230000000000001,ramp,12.3,1.0954825802515848,0.0023967009308820675,1.0113451409957324,0.011345140995732361,0.002070829764942689,0.07285694727319707,0.000812282944062648,-0.32587116593937826,2,2
124,0.1240000000000001,ramp,12.4,1.095784723293803,0.00030214304221809485,1.0113620698158803,0.011362069815880282,0.00026910211949514605,0.07312604939269221,0.0008164387676055982,-0.0330409227229488,2,2
125,0.12500000000000008,ramp,12.5,1.098210836355143,0.002426113061340107,1.0115250954061419,0.011525095406141883,0.002100896919408348,0.07522694631210056,0.0008202278146372348,-0.325216141931759,2,2
126,0.12600000000000008,ramp,12.6,1.098521453488279,0.00031061713313595973,1.0115422763107595,0.011542276310759547,0.00027707997389611784,0.07550402628599667,0.0008243648432191544,-0.03353715923984189,2,2
127,0.12700000000000009,ramp,12.7,1.1009768806504039,0.002455427162124879,1.0117049797961353,0.011704979796135273,0.0021308630876964965,0.07763488937369317,0.0008281360499349942,-0.3245640744283826,2,2
128,0.12800000000000009,ramp,12.8,1.1012960710480184,0.0003191903976145216,1.0117224119741817,0.011722411974181668,0.00028515858792889365,0.07792004796162207,0.0008322548109554024,-0.03403180968562797,2,2
129,0.1290000000000001,ramp,12.9,1.1037807148819663,0.002484643833947864,1.0118847948026921,0.011884794802692111,0.002160728895701355,0.08008077685732343,0.0008360086977741194,-0.3239149382465089,2,2
130,0.1300000000000001,ramp,13.0,1.1041085770840633,0.0003278622020970179,1.0119024774399956,0.011902477439995618,0.00029333733525167686,0.0803741141925751,0.000840109697572734,-0.03452486684534103,2,2
131,0.1310000000000001,ramp,13.1,1.1066223407589824,0.0025137636749190673,1.01206454104793,0.012064541047930089,0.0021904949659452043,0.0825646091585203,0.0008438467641281097,-0.32326870897386295,2,2
132,0.1320000000000001,ramp,13.2,1.1069589726759603,0.0003366319169779697,1.0120824733274834,0.012082473327483356,0.0003016155929638193,0.08286622475148413,0.0008479304891190054,-0.035016324014150384,2,2
133,0.1330000000000001,ramp,13.3,1.109501759956272,0.0025427872803116536,1.012244219139708,0.012244219139708079,0.0022201619175975153,0.08508638666908164,0.0008516512153890459,-0.3226253627141382,2,2
134,0.1340000000000001,ramp,13.4,1.1098472588728772,0.0003454989166051803,1.0122624002418812,0.012262400241881188,0.00030999274158303563,0.08539637941066468,0.0008557181331198887,-0.035506175022144655,2,2
135,0.1350000000000001,ramp,13.5,1.1124189741155586,0.002571715242681405,1.0124238296720487,0.012423829672048692,0.002249730366492151,0.08764610977715682,0.0008594229804762637,-0.3219848761892539,2,2
136,0.1360000000000001,ramp,13.6,1.1127734366949236,0.00035446257936500025,1.0124422587748967,0.012442258774896686,0.0003184681650249097,0.08796457794218174,0.0008634735406191467,-0.03599441434009053,2,2
137,0.1370000000000001,ramp,13.7,1.1153739848467696,0.0026005481518460716,1.0126033732257627,0.01260337322576266,0.0022792009251457325,0.09024377886732747,0.0008671629528064852,-0.3213472267003391,2,2
138,0.1380000000000001,ramp,13.8,1.1157375071341198,0.0003635222873501487,1.0126220495052052,0.01262204950520518,0.00032704125058086647,0.09057082011790833,0.0008711975880817271,-0.036481036769282216,2,2
139,0.1390000000000001,ramp,13.9,1.1183667937289705,0.0026292865948507327,1.012782850368864,0.012782850368864063,0.0023085742027743683,0.0928793943206827,0.000874871992130444,-0.3207123920763643,2,2
140,0.1400000000000001,ramp,14.0,1.1187394711555285,0.00037267742655799907,1.0128017729989187,0.012801772998918715,0.00033571138889843997,0.09321510570958115,0.0008788911191732424,-0.0369660376595591,2,2
141,0.1410000000000001,ramp,14.1,1.1213974023114606,0.0026579311559320473,1.0129622616570484,0.01296226165704839,0.002337850805309892,0.09555295651489104,0.0008825509262530074,-0.32008035062215534,2,2
142,0.1420000000000001,ramp,14.2,1.1217793296982714,0.00038192738681086524,1.0129814298100082,0.01298142981000816,0.00034447797396209266,0.09589743448885313,0.0008865549464226474,-0.03744941284877258,2,2
143,0.1430000000000001,ramp,14.3,1.1244658121147908,0.0026864824165193646,1.0131416076340727,0.013141607634072683,0.002367031335416966,0.09826446582427009,0.0008902005526403894,-0.3194510811023988,2,2
144,0.1440000000000001,ramp,14.4,1.1248570836763838,0.0003912715615930207,1.0131610204807557,0.013161020480755736,0.0003533404030733626,0.09861780622734345,0.0008941898527800864,-0.037931158519658066,2,2
145,0.1450000000000001,ramp,14.5,1.127572024631768,0.0027149409553841597,1.013320888832233,0.013320888832232924,0.002396116392508266,0.10101392261985172,0.0008978216399273051,-0.31882456287589356,2,2
146,0.1460000000000001,ramp,14.6,1.127972733979836,0.00040070934806801795,1.0133405455421232,0.013340545542123161,0.0003622980768324018,0.10137622069668412,0.0009017965930755437,-0.03841127123561613,2,2
147,0.1470000000000001,ramp,14.7,1.1307160413281576,0.002743307348321622,1.0135001057727218,0.01350010577272176,0.002425106572762125,0.10380132726944624,0.0009054149293286395,-0.3182007755594971,2,2
148,0.1480000000000001,ramp,14.8,1.1311262814753331,0.00041024014717550017,1.0135200055141613,0.013520005514161326,0.00037135039911885055,0.1041726776685651,0.0009093758953877757,-0.038889748056649624,2,2
149,0.1490000000000001,ramp,14.9,1.1338978636437764,0.0027715821684433095,1.0136792589660197,0.013679258966019736,0.0024540024691367943,0.10662668013770189,0.0009129811359652791,-0.31757969930651514,2,2
150,0.1500000000000001,ramp,15.0,1.1343177270071045,0.00041986336332811014,1.0136994009063567,0.013699400906356685,0.00038049677707390845,0.1070071769147758,0.0009169284623286034,-0.039366586254201696,2,2
151,0.1510000000000001,ramp,15.1,1.1371174929931773,0.0027997659860727886,1.013858348912205,0.013858348912205054,0.002482804671387752,0.10948998158616356,0.0009205209501081362,-0.3169613146850364,2,2
152,0.1520000000000001,ramp,15.2,1.1375470713978153,0.0004295784046379758,1.0138787322179945,0.013878732217994516,0.0003897366210821219,0.10987971820724568,0.0009244549722502037,-0.039841783555853924,2,2
153,0.1530000000000001,ramp,15.3,1.1403749307664675,0.0028278593686521525,1.0140373761013695,0.014037376101369459,0.002511513766082165,0.11239123197332784,0.0009280350383483399,-0.3163456025699874,2,2
154,0.1540000000000001,ramp,15.4,1.1408143154491288,0.000439384682661359,1.0140579999384607,0.014057999938460686,0.0003990693447541806,0.11279030131808203,0.0009319560803797973,-0.04031533790717839,2,2
155,0.1550000000000001,ramp,15.5,1.1436701783300753,0.0028558628809465247,1.0142163410138538,0.014216341013853828,0.0025401303366154497,0.11533043165469747,0.000935524044697624,-0.315732544331075,2,2
156,0.1560000000000001,ramp,15.6,1.144119459942605,0.0004492816125296617,1.0142372045475743,0.014237204547574267,0.0004084943649078257,0.1157389260196053,0.0009394324198878452,-0.040787247621835984,2,2
157,0.1570000000000001,ramp,15.7,1.1470032370273275,0.0028837770847225386,1.0143952441206399,0.01439524412063986,0.0025686549632263503,0.11830758098283164,0.0009429885916248494,-0.31512212149618823,2,2
158,0.1580000000000001,ramp,15.8,1.1474625056402445,0.0004592686129170076,1.0144163465159413,0.014416346515941258,0.0004180111015522485,0.1187255920843839,0.000946884602893754,-0.04125751136475908,2,2
159,0.1590000000000001,ramp,15.9,1.1503741081794387,0.0029116025391942024,1.0145740858836012,0.014574085883601207,0.0025970882230123807,0.12132268030739628,0.000950429281031542,-0.31451431618182174,2,2
160,0.16000000000000011,ramp,16.0,1.1508434532852525,0.00046934510581375655,1.0145954263051464,0.01459542630514643,0.0004276189778691914,0.12175029928526547,0.0009543132214144084,-0.041726127944565164,2,2
161,0.16100000000000012,ramp,16.1,1.1537827930858158,0.0029393398005632676,1.0147528667557948,0.014752866755794791,0.002625430689946467,0.12437572997521194,0.0009578466951733667,-0.31390911061680066,2,2
162,0.16200000000000012,ramp,16.2,1.154262303602544,0.00047951051672812106,1.014774444368116,0.014774444368115924,0.00043731742019613955,0.12481304739540808,0.0009617188482582917,-0.042193096531981514,2,2
163,0.16300000000000012,ramp,16.3,1.1572292930249328,0.0029669894223889326,1.0149315871817186,0.014931587181718609,0.0026536829348905496,0.12746673033029862,0.0009652413975279287,-0.31330648749838297,2,2
164,0.16400000000000012,ramp,16.4,1.1577190572994573,0.0004897642745245179,1.0149534011493069,0.014953401149306877,0.0004471058580106453,0.12791383618830926,0.0009691020378697568,-0.042658416513872595,2,2
165,0.16500000000000012,ramp,16.5,1.160713609254807,0.002994551955349589,1.0151102475976221,0.01511024759762214,0.002681845525611857,0.1305956817139211,0.0009726139336156098,-0.3127064297377322,2,2
166,0.16600000000000012,ramp,16.6,1.1612137150662176,0.0005001058114106893,1.0151322970850623,0.015132297085062252,0.0004569837239118155,0.13105266543783292,0.0009764633271266874,-0.043122087498873855,2,2
167,0.16700000000000012,ramp,16.7,1.1642357430136037,0.003022027947386041,1.0152888484316662,0.015288848431666224,0.0027099190267981174,0.13376258446463105,0.0009799648317744866,-0.3121089205879238,2,2
168,0.16800000000000012,ramp,16.8,1.1647462775765733,0.0005105345629696778,1.0153111326037385,0.015311132603738509,0.0004669504536049474,0.134229534918236,0.000983803236094343,-0.04358410936473043,2,2
169,0.16900000000000012,ramp,16.9,1.1677956955202113,0.003049417943638,1.0154673901042865,0.01546739010428655,0.0027379040000729054,0.1369674389183089,0.0009872946038939439,-0.3115139435650944,2,2
170,0.17000000000000012,ramp,17.0,1.1683167454882954,0.0005210499680841085,1.0154899081260533,0.015489908126053331,0.00047700548588375236,0.13744444440419265,0.0009911222687381638,-0.044044482200356165,2,2
171,0.17100000000000012,ramp,17.1,1.1713934679747249,0.0030767224864294285,1.0156458730282685,0.015645873028268475,0.0027658010040103828,0.14021024540820304,0.0009946037461071567,-0.3109214824190457,2,2
172,0.17200000000000013,ramp,17.2,1.1719251194436209,0.0005316514688959995,1.015668624065173,0.01566862406517311,0.0004871482626149086,0.14069739367081793,0.0009984209135994535,-0.04450320628109083,2,2
173,0.17300000000000013,ramp,17.3,1.175029061559045,0.0031039421154241964,1.015824297609119,0.015824297609118965,0.0027936105941510944,0.14349100426496902,0.0010018927394493107,-0.310331521273102,2,2
174,0.17400000000000013,ramp,17.4,1.175571400069839,0.0005423385107938827,1.0158472808271126,0.01584728082711262,0.0004973782287212015,0.14398838249369023,0.0010056996444341366,-0.04496028207268121,2,2
175,0.17500000000000013,ramp,17.5,1.1787024774372272,0.0031310773673882686,1.0160026642451874,0.01600266424518737,0.0028213333230159925,0.1468097158167062,0.001009162050478621,-0.30974404437227604,2,2
176,0.17600000000000013,ramp,17.6,1.1792555879796656,0.0005531105424383398,1.016025878810717,0.016025878810717042,0.0005076948321663451,0.14731741064887255,0.0010129589208192425,-0.04541571027199469,2,2
177,0.17700000000000013,ramp,17.7,1.182413716756059,0.003158128776393543,1.0161809733278406,0.01618097332784063,0.0028489697401214297,0.150166380388994,0.001016412131867047,-0.30915903627211316,2,2
178,0.17800000000000013,ramp,17.8,1.1829776837717172,0.0005639670156580845,1.0162044184080778,0.016204418408077848,0.0005180975239375582,0.15068447791293155,0.0010201991887272834,-0.045869491720526304,2,2
179,0.17900000000000013,ramp,17.9,1.1861627806455224,0.0031850968738051932,1.0163592252417737,0.01635922524177369,0.002876520391996099,0.15356099830492764,0.0010236434229599792,-0.3085764818090944,2,2
180,0.18000000000000013,ramp,18.0,1.1867376880309692,0.0005749073854468545,1.0163829000045919,0.01638290000459186,0.0005285857580299616,0.1540895840629576,0.0010274208810717971,-0.046321627416892844,2,2
181,0.18100000000000013,ramp,18.1,1.189949670219077,0.0032119821881078092,1.016537420365092,0.016537420365092093,0.0029039858221934496,0.15699356988515106,0.0010308563503074724,-0.30799636591435964,2,2
182,0.18200000000000013,ramp,18.2,1.1905356013291117,0.0005859311100346876,1.016561323979149,0.01656132397914889,0.000539158991431175,0.15753272887658223,0.0010346244182249968,-0.04677211860351258,2,2
183,0.18300000000000013,ramp,18.3,1.1937743865742727,0.003238785245160969,1.0167155590695296,0.016715559069529595,0.002931366571307641,0.16046409544788987,0.0010380513281684376,-0.307418673853328,2,2
184,0.18400000000000014,ramp,18.4,1.1943714242249714,0.0005970376506987396,1.0167396907043924,0.016739690704392407,0.0005498166841061605,0.16101391213199603,0.001041810208510071,-0.04722096659257914,2,2
185,0.18500000000000014,ramp,18.5,1.1976369307930486,0.0032655065680771145,1.0168936417206256,0.016893641720625574,0.002958663176987637,0.16397257530898368,0.0010452287589908067,-0.30684339108947745,2,2
186,0.18600000000000014,ramp,18.6,1.198245157264928,0.0006082264718794139,1.0169180005467888,0.016918000546788825,0.0005605582989802998,0.16453313360796398,0.0010489786486684437,-0.04766817289911414,2,2
187,0.18700000000000014,ramp,18.7,1.2015373039421289,0.0032921466772009023,1.01707166867788,0.017071668677880014,0.0029858761739527764,0.16751900978191675,0.0010523890338673405,-0.3062705032481259,2,2
188,0.18800000000000014,ramp,18.8,1.2021568009832024,0.0006194970410735579,1.0170962538668478,0.017096253866847766,0.0005713833019243407,0.16809039308384108,0.0010561301243047052,-0.048113739149217113,2,2
189,0.18900000000000014,ramp,18.9,1.2054755070733791,0.003318706090176704,1.0172496402949303,0.017249640294930257,0.003013006094007041,0.17110339917784811,0.0010595325329690243,-0.30569999616966326,2,2
190,0.19000000000000014,ramp,19.0,1.2061063559022358,0.0006308488288566672,1.0172744510192695,0.0172744510192695,0.0005822911617394903,0.1716856903395876,0.0010632650103099624,-0.04855766711717689,2,2
191,0.19100000000000014,ramp,19.1,1.2094515412242215,0.0033451853219856886,1.0174275569196793,0.017427556919679343,0.003040053466053204,0.17472574380564082,0.0010666596259583966,-0.30513185593248476,2,2
192,0.19200000000000014,ramp,19.2,1.210093822533065,0.0006422813088435841,1.0174525923531414,0.01745259235314145,0.0005932813501411399,0.17531902515578196,0.0010703836712647739,-0.04899995870244424,2,2
193,0.19300000000000014,ramp,19.3,1.213465407417938,0.0033715848848729912,1.0176054188944534,0.01760541889445344,0.0030670188161082343,0.1783860439718902,0.0010737706723830999,-0.30456606876475695,2,2
194,0.19400000000000014,ramp,19.4,1.214119201375648,0.000653793957710036,1.0176306782119382,0.0176306782119382,0.0006043533417445701,0.17899039731363478,0.001077486461822798,-0.0494406159654659,2,2
195,0.19500000000000015,ramp,19.5,1.21751710666397,0.0033979052883219563,1.0177832265561977,0.017783226556197684,0.0030939026673164408,0.18208429998095121,0.0010808660220492105,-0.3040026210055155,2,2
196,0.19600000000000015,ramp,19.6,1.218182492919078,0.0006653862551080358,1.0178087089338828,0.017808708933882755,0.000615506614049931,0.18269980659500115,0.0010845737270774095,-0.04987964105810489,2,2
197,0.19700000000000015,ramp,19.7,1.2216066399583752,0.003424147039297054,1.0179609802365157,0.01796098023651571,0.0031207055399643403,0.1858205121349655,0.001087946015380325,-0.30344149933271386,2,2
198,0.19800000000000015,ramp,19.8,1.222283697642035,0.0006770576836598874,1.0179866848518615,0.0179866848518615,0.0006267406474264987,0.186447252782392,0.0010916458029096715,-0.050317036233388714,2,2
199,0.19900000000000015,ramp,19.9,1.2257340082839694,0.003450310641934351,1.0181386802618844,0.018138680261884366,0.003147427951495963,0.18959468073388797,0.0010950109837572354,-0.30288269043838784,2,2
200,0.20000000000000015,ramp,20.0,1.2264228160129356,0.0006888077289661787,1.018164606293694,0.018164606293693986,0.000638054925097757,0.1902327356589857,0.0010987030163217798,-0.05075280386842174,2,2
201,0.20100000000000015,ramp,20.1,1.2298992126107628,0.0034763965978272804,1.0183163269537447,0.018316326953744744,0.003174070416526037,0.19340680607551175,0.0011020612498428718,-0.30232618130124345,2,2
202,0.20200000000000015,ramp,20.2,1.230599848490321,0.0007006358795580425,1.0183424735822482,0.018342473582248164,0.0006494489331265148,0.19405625500863827,0.0011057456857547002,-0.051186946431527706,2,2
203,0.20300000000000015,ramp,20.3,1.2341022538961373,0.0035024054058163667,1.0184939206286392,0.018493920628639193,0.0032006334468544255,0.1972568884554927,0.0011090971278933245,-0.30177195896194126,2,2
204,0.20400000000000015,ramp,20.4,1.2348147955230853,0.0007125416269480045,1.018520287035506,0.0185202870355059,0.0006609221604015181,0.1979178106158942,0.0011127741213914281,-0.05161946654648637,2,2
205,0.20500000000000015,ramp,20.5,1.2383431330852832,0.0035283375621979474,1.018671461598339,0.01867146159833899,0.003227117551480185,0.2011449281673744,0.00111611892405414,-0.3012200107177622,2,2
206,0.20600000000000016,ramp,20.6,1.2390676575507453,0.0007245244654621175,1.0186980469667053,0.018698046966705295,0.0006724740986211748,0.20181740226599557,0.0011197886254468922,-0.052050366840942705,2,2
207,0.20700000000000016,ramp,20.7,1.2426218511112357,0.0035541935604903596,1.0188489501699394,0.01884895016993937,0.003253523236615318,0.20507092550261088,0.0011231269366432932,-0.30067032387504167,2,2
208,0.20800000000000016,ramp,20.8,1.2433584350036506,0.0007365838924149326,1.0188757536844917,0.01887575368449168,0.0006841042422792384,0.20575502974489013,0.0011267894924450524,-0.052479650135694215,2,2
209,0.20900000000000016,ramp,20.9,1.246938408895387,0.0035799738917363655,1.0190263866459892,0.019026386645989213,0.0032798510057005068,0.20903488075059062,0.0011301214564226633,-0.30012288603585874,2,2
210,0.21000000000000016,ramp,21.0,1.2476871283032906,0.0007487194079036641,1.0190534074930016,0.01905340749300155,0.0006958120886505183,0.20973069283924115,0.0011337770094835453,-0.05290731925314577,2,2
211,0.21100000000000016,ramp,21.1,1.2512928073475988,0.0036056790443081965,1.0192037713245754,0.019203771324575403,0.0033061013594168705,0.213036794198658,0.0011371027668563077,-0.299577684891326,2,2
212,0.21200000000000016,ramp,21.2,1.2520537378625276,0.0007609305149287593,1.0192310086919054,0.019231008691905416,0.0007075971377767522,0.21374439133643475,0.0011407514564875769,-0.05333337715200713,2,2
213,0.21300000000000016,ramp,21.3,1.2556850473664969,0.003631309503969282,1.0193811044994876,0.0193811044994876,0.003332274795700856,0.2170766661321356,0.0011440711443589957,-0.2990347082684262,2,2
214,0.21400000000000016,ramp,21.4,1.2564582640857807,0.0007732167192837647,1.0194085575766583,0.01940855757665827,0.0007194588924523934,0.217796125024588,0.001147713106451876,-0.05375782683137125,2,2
215,0.21500000000000016,ramp,21.5,1.260115129839628,0.0036568657538473825,1.019558386460231,0.019558386460230892,0.0033583718097578113,0.22115449683434582,0.001151026858533261,-0.2984939440895712,2,2
216,0.21600000000000016,ramp,21.6,1.2609007073692493,0.000785577529621273,1.0195860544384288,0.019586054438428757,0.0007313968582094646,0.2218858936925553,0.0011546622256731966,-0.05418067141180845,2,2
217,0.21700000000000016,ramp,21.7,1.2645830556438122,0.00368234827456293,1.0197356174922085,0.019735617492208535,0.0033843928940759,0.2252702865866312,0.0011579701723960824,-0.2979553804870298,2,2
218,0.21800000000000017,ramp,21.8,1.2653810681012145,0.0007980124574022973,1.0197634995643556,0.019763499564355635,0.000743410543304815,0.22601369712993602,0.0011615990739728148,-0.054601914097482315,2,2
219,0.21900000000000017,ramp,21.9,1.2690888256452988,0.003707757544084256,1.0199127978767546,0.019912797876754595,0.0034103385384392088,0.22942403566837521,0.0011649013425976097,-0.2974190056450471,2,2
220,0.22000000000000017,ramp,22.0,1.2698993466620812,0.0008105210167823618,1.0199408932375218,0.019940893237521795,0.0007554994587046968,0.23017953512707992,0.0011685239049091414,-0.055021558077664956,2,2
221,0.22100000000000017,ramp,22.1,1.273632440699979,0.0037330940378978994,1.0200899278912745,0.020089927891274506,0.003436209229943107,0.23361574435702304,0.0011718206196284571,-0.29688480795479233,2,2
222,0.22200000000000017,ramp,22.2,1.2744555434247564,0.0008231027247773692,1.0201182357370764,0.020118235737076384,0.0007676631180706236,0.23438340747509365,0.0011754369659824503,-0.055439606706745616,2,2
223,0.22300000000000017,ramp,22.3,1.2782139016536438,0.0037583582288873707,1.0202670078092873,0.020267007809287252,0.003462005453006191,0.23784541292809983,0.0011787282480210557,-0.29635277588117975,2,2
224,0.22400000000000017,ramp,22.4,1.2790496587546654,0.0008357571010215725,1.0202955273383978,0.02029552733839779,0.0007799010377463476,0.2386253139658462,0.0011823384988304524,-0.05585606327522497,2,2
225,0.22500000000000017,ramp,22.5,1.2828332093421075,0.003783550587442175,1.0204440379005553,0.020444037900555267,0.00348772768938394,0.24211304165523012,0.001185624466540021,-0.2958228980582348,2,2
226,0.22600000000000017,ramp,22.6,1.2836816930101638,0.0008484836680562324,1.0204727683130463,0.02047276831304634,0.0007922127367449154,0.24290525439197502,0.0011892287394164695,-0.05627093131131699,2,2
227,0.22700000000000017,ramp,22.7,1.2874903645914524,0.003808671581288614,1.0206210184311348,0.02062101843113484,0.003513376418182019,0.24641863081015705,0.0011925095083675577,-0.29529516310659515,2,2
228,0.22800000000000017,ramp,22.8,1.2883516465424618,0.0008612819510094294,1.0206499589289624,0.020649958928962375,0.0008045977367324905,0.24722322854688955,0.0011961079182093496,-0.056684214276938844,2,2
229,0.22900000000000018,ramp,22.9,1.2921853682182571,0.0038337216757953207,1.0207979496634805,0.020797949663480475,0.0035389521158708474,0.2507621806627604,0.0011993836012789065,-0.2947695599244734,2,2
230,0.23000000000000018,ramp,23.0,1.2930595196960368,0.0008741514777796944,1.0208270994504767,0.02082709945047667,0.0008170555620159683,0.25157923622477635,0.0012029762603568872,-0.057095915763726086,2,2
231,0.23100000000000018,ramp,23.1,1.2969182210297658,0.003858701333729009,1.0209748318565193,0.02097483185651927,0.0035644552562980785,0.2551436914810744,0.0012062469678126967,-0.29424607743093034,2,2
232,0.23200000000000018,ramp,23.2,1.297805312808578,0.0008870917788121879,1.0210041901384326,0.021004190138432577,0.00082958573952974,0.25597327722060415,0.0012098339858519144,-0.05750603928244787,2,2
233,0.23300000000000018,ramp,23.3,1.301688923823952,0.0038836110153739334,1.021151665265706,0.021151665265706,0.0035898863107023866,0.25956316353130654,0.001213099825433796,-0.29372470467154677,2,2
234,0.23400000000000018,ramp,23.4,1.3025890262113506,0.0009001023873986824,1.0211812312502198,0.021181231250219756,0.0008421877988203898,0.26040535133012693,0.0012166813096919392,-0.057914588578292604,2,2
235,0.23500000000000018,ramp,23.5,1.3064974773898796,0.003908451178529004,1.0213284501431334,0.02132845014313345,0.003615245747725158,0.2640205970778521,0.0012199423866892998,-0.29320543080384653,2,2
236,0.23600000000000018,ramp,23.6,1.3074106602292308,0.0009131828393511565,1.0213582230398905,0.021358223039890545,0.0008548612720370295,0.2648754583498891,0.0012235184420327611,-0.058321567314127055,2,2
237,0.23700000000000018,ramp,23.7,1.311343882507723,0.003933222278492243,1.0215051867375524,0.021505186737552417,0.003640534033424373,0.2685159923833135,0.0012267748593596407,-0.2926882450678702,2,2
238,0.23800000000000018,ramp,23.8,1.3122702151809191,0.0009263326731960841,1.0215351657581797,0.02153516575817971,0.0008676056939125728,0.26938359807722606,0.0012303455883356394,-0.05872697928351132,2,2
239,0.23900000000000018,ramp,23.9,1.3162281399490539,0.003957924768134724,1.0216818752945347,0.02168187529453469,0.0036657516312906943,0.27304934970851674,0.001233597446602858,-0.2921731368440298,2,2
240,0.24000000000000019,ramp,24.0,1.3171676913790618,0.0009395514300079011,1.0217120596526552,0.021712059652655213,0.0008804206017544854,0.2739297703102712,0.0012371629495095439,-0.05913082825341573,2,2
241,0.2410000000000002,ramp,24.1,1.321150250476886,0.00398255909782419,1.0218585160563987,0.021858516056398658,0.0036908990022549706,0.27762066931252616,0.0012404103470933518,-0.29166009556921924,2,2
242,0.2420000000000002,ramp,24.2,1.3221030891303607,0.0009528386534747302,1.0218889049676607,0.021888904967660716,0.0008933055354302242,0.27851397484795637,0.0012439707220476238,-0.059533118044505985,2,2
243,0.2430000000000002,ramp,24.3,1.3261102148459132,0.004007125715552506,1.022035109262445,0.022035109262444896,0.003715976604705247,0.2822299514526616,0.0012472137551565855,-0.2911491108472594,2,2
244,0.2440000000000002,ramp,24.4,1.3270764087358526,0.0009661938899394595,1.0220657019445,0.022065701944500082,0.0009062600373533383,0.28313621149001494,0.0012507690981580278,-0.059933852586121245,2,2
245,0.2450000000000002,ramp,24.5,1.331108033802643,0.004031625066790445,1.0222116551488365,0.022211655148836495,0.0037409848944982144,0.28687719638451314,0.0012540078608971952,-0.2906401722922308,2,2
246,0.2460000000000002,ramp,24.6,1.3320876504908834,0.0009796166882403146,1.0222424508214478,0.022242450821447823,0.0009192836524725158,0.28779648003698566,0.0012575582658909293,-0.06033303576779875,2,2
247,0.2470000000000002,ramp,24.7,1.336143708085498,0.004056057594614693,1.0223881539488573,0.022388153948857292,0.0037659243249726203,0.2915624043619583,0.0012607928503236962,-0.29013326964207226,2,2
248,0.2480000000000002,ramp,24.8,1.3371368146853215,0.0009931065998234345,1.0224191518338002,0.022419151833800166,0.0009323759282552573,0.29249478029021353,0.0012643384092594805,-0.0607306715681772,2,2
249,0.2490000000000002,ramp,24.9,1.3412172384250687,0.004080423739747152,1.022564605892782,0.022564605892781975,0.0037907953469611044,0.2962855756371746,0.0012675689054666682,-0.28962839278604774,2,2
250,0.25000000000000017,ramp,25.0,1.3422239016036994,0.00100666317863074,1.0225958052139617,0.02259580521396165,0.0009455364146776827,0.2972311120518523,0.001271109708357976,-0.061126763953057384,2,2
251,0.25100000000000017,ramp,25.1,1.346328625544075,0.004104723940375532,1.0227410112080904,0.022741011208090356,0.0038155984088040183,0.30104671046065634,0.001274336204495098,-0.28912553157151366,2,2
252,0.25200000000000017,ramp,25.2,1.3473489115252864,0.0010202859812113996,1.0227724111914858,0.022772411191485764,0.0009587646642105541,0.3020054751248669,0.0012778723394740545,-0.06152131700084542,2,2
253,0.25300000000000017,ramp,25.3,1.3514778701577002,0.004128958632413804,1.0229173701194005,0.022917370119400537,0.0038403339563617797,0.3058458090812287,0.0012810949218268499,-0.2886246760520242,2,2
254,0.25400000000000017,ramp,25.4,1.3525118447242555,0.0010339745665552957,1.0229489699931376,0.022948969993137558,0.0009720602318056686,0.3068178693130344,0.0012846264751976211,-0.061914334749627147,2,2
255,0.25500000000000017,ramp,25.5,1.3566649729736646,0.004153128249409166,1.023093682848636,0.02309368284863611,0.0038650024330265436,0.31068287174606096,0.0012878452282350289,-0.2881258163826223,2,2
256,0.25600000000000017,ramp,25.6,1.3577127014698007,0.0010477284961361022,1.0231254818429423,0.023125481842942275,0.0009854226748858717,0.31166829442094685,0.001291372284526022,-0.06230582125023049,2,2
257,0.2570000000000002,ramp,25.7,1.3618899346922038,0.004177233222403043,1.023269949614996,0.023269949614995955,0.0038896042797349722,0.3155578987006818,0.0012945872909513917,-0.2876289426680706,2,2
258,0.2580000000000002,ramp,25.8,1.3629514820261999,0.0010615473339961046,1.023301946962253,0.023301946962253073,0.000998851553328846,0.31655675025401064,0.0012981099329651682,-0.06269578066725846,2,2
259,0.2590000000000002,ramp,25.9,1.3671527560063965,0.0042012739801966514,1.0234461706350306,0.023446170635030628,0.003914139934982854,0.3204708901889935,0.0013013212737655435,-0.28713404521379765,2,2
260,0.2600000000000002,ramp,26.0,1.3682281866529709,0.001075430646574338,1.023478365569782,0.02347836556978189,0.0010123464294554826,0.32148323661844896,0.0013048395826269642,-0.06308421711885537,2,2
261,0.2610000000000002,ramp,26.1,1.37245343760218,0.004225250949209114,1.0236223461227443,0.023622346122744275,0.003938609834835984,0.3254218464532849,0.0013080473371214533,-0.28664111437312967,2,2
262,0.2620000000000002,ramp,26.2,1.37354281560503,0.0010893780028500277,1.0236547378816645,0.0236547378816645,0.0010259068680177244,0.32644775332130266,0.0013115613923233892,-0.06347113483230336,2,2
263,0.2630000000000002,ramp,26.3,1.3777919801585288,0.004249164553498774,1.0237984762895262,0.02379847628952625,0.003963014412941635,0.33041076773424427,0.001314765638208579,-0.2861501405571395,2,2
264,0.2640000000000002,ramp,26.4,1.3788953691326553,0.0011033889741265401,1.0238310641115234,0.02383106411152336,0.0010395324361875693,0.33145030017043187,0.001318275517657841,-0.06385653793897086,2,2
265,0.2650000000000002,ramp,26.5,1.3831683843474698,0.004273015214814491,1.0239745613443318,0.023974561344331846,0.003987354100540609,0.3354376542709725,0.001321476331052476,-0.2856611142738816,2,2
266,0.2660000000000002,ramp,26.6,1.3842858474817101,0.0011174631342403263,1.0240073444704791,0.02400734447047914,0.0010532227035431072,0.33649087697451563,0.001324982111112218,-0.06424043069721912,2,2
267,0.2670000000000002,ramp,26.7,1.3885826508343089,0.004296803352598744,1.0241506014936634,0.024150601493663437,0.00401162932648148,0.3405025063009971,0.001328179566599977,-0.2851740261172637,2,2
268,0.2680000000000002,ramp,26.8,1.3897142508937423,0.0011316000594334685,1.0241835791672163,0.02418357916721625,0.001066977242055024,0.3415694835430521,0.0013316813221320844,-0.06462281737844451,2,2
269,0.2690000000000002,ramp,26.9,1.3940347802777207,0.004320529383978311,1.0243265969416226,0.024326596941622647,0.00403584051723254,0.34560532406028466,0.0013348754928035316,-0.2846888667457706,2,2
270,0.2700000000000002,ramp,27.0,1.3951805796060115,0.0011457993282908419,1.02435976840803,0.02435976840802989,0.001080795626075997,0.34668611968636065,0.0013383732972082386,-0.06500370221484476,2,2
271,0.2710000000000002,ramp,27.1,1.3995247733297669,0.004344193723755385,1.0245025478899041,0.024502547889904136,0.004059988096892391,0.35074610778325305,0.0013415642547002825,-0.28420562686299383,2,2
272,0.2720000000000002,ramp,27.2,1.4006848338516127,0.001160060521845807,1.0245359123968825,0.024535912396882464,0.0010946774323271587,0.3518407852155802,0.0013450581799557674,-0.06538308951864838,2,2
273,0.2730000000000002,ramp,27.3,1.4050526306361055,0.004367796784492839,1.0246784545379786,0.024678454537978567,0.004084072487203625,0.3559248577027838,0.0013482459944906997,-0.28372429728921406,2,2
274,0.2740000000000002,ramp,27.4,1.4062270138595738,0.0011743832234683005,1.0247120113354262,0.02471201133542622,0.0011086222398871092,0.35703347994267093,0.0013517361111906035,-0.06576098358119131,2,2
275,0.2750000000000002,ramp,27.5,1.4106183528360727,0.004391338976498904,1.0248543170829758,0.024854317082975808,0.00410809410756353,0.36114157405023445,0.0013549208516132514,-0.28324486893537437,2,2
276,0.2760000000000002,ramp,27.6,1.411807119854949,0.00118876701887638,1.02488806542303,0.024888065423029904,0.0011226296301798497,0.3622642036804143,0.0013584072290032552,-0.06613738869653023,2,2
277,0.2770000000000002,ramp,27.7,1.4162219405627081,0.004414820707759004,1.0250301357198395,0.025030135719839475,0.00413205337503652,0.3663962570554508,0.0013615889628174906,-0.28276733272248383,2,2
278,0.2780000000000002,ramp,27.8,1.417425152058943,0.0012032114962348128,1.0250640748568922,0.025064074856892216,0.001136699186960704,0.3675329562424115,0.0013650716688297802,-0.06651230927410884,2,2
279,0.2790000000000002,ramp,27.9,1.421863394442966,0.004438242384023017,1.0252059106413054,0.025205910641305396,0.004155950704366201,0.3716889069467777,0.0013682504622329961,-0.2822916796568157,2,2
280,0.2800000000000002,ramp,28.0,1.423081110536962,0.001217716093996124,1.0252400398150987,0.025240039815098703,0.0011508303787197104,0.3728397373254974,0.0013717298290948103,-0.06688571527641365,2,2
281,0.2810000000000002,ramp,28.1,1.4275427152321654,0.004461604695203292,1.0253816420310309,0.025381642031030882,0.004179786774345983,0.3770195240998434,0.0013749053702022322,-0.281817920857309,2,2
282,0.2820000000000002,ramp,28.2,1.4287749956168287,0.0012322803846633867,1.0254159605055813,0.02541596050558126,0.0011650227283880763,0.3781845468282315,0.0013783813136220284,-0.06725765627531038,2,2
283,0.2830000000000002,ramp,28.3,1.4332599034142115,0.004484907797382753,1.0255573300841367,0.025557330084136742,0.0042035617671155314,0.382388108595347,0.0013815540359958481,-0.28134603026722194,2,2
284,0.2840000000000002,ramp,28.4,1.4345068075407619,0.0012469041265503744,1.025591837120513,0.02559183712051305,0.0011792760008490584,0.38356738459619605,0.0013850265136526494,-0.06762812570131603,2,2
285,0.2850000000000002,ramp,28.5,1.4390149595968562,0.004508152056094339,1.0257329749870874,0.025732974987087376,0.004227276059563068,0.3877946606557591,0.0013881964849763997,-0.28087599653127054,2,2
286,0.2860000000000002,ramp,28.6,1.4402765465170824,0.0012615869202261543,1.0257676698486757,0.025767669848675734,0.0011935897922097875,0.3889882504479689,0.0013916655537841507,-0.0679971280163668,2,2
287,0.2870000000000002,ramp,28.7,1.4448078843836007,0.004531337866518381,1.025908576924296,0.025908576924295934,0.0042509300556680335,0.39323918050363693,0.001394832835033744,-0.28040781085034766,2,2
288,0.2880000000000002,ramp,28.8,1.446084212749088,0.0012763283654873003,1.0259434588767362,0.025943458876736214,0.0012079636978606387,0.39444714420149757,0.0013982985559484284,-0.06836466762666164,2,2
289,0.2890000000000002,ramp,28.9,1.4506386783721,0.004554465623011872,1.0260841360782118,0.026084136078211806,0.004274524158560426,0.398721668360058,0.0014014632070775124,-0.27994146445144574,2,2
290,0.2900000000000002,ramp,29.0,1.4519298064363806,0.0012911280642806666,1.0261192043893879,0.026119204389387862,0.0012223973153110553,0.39994406567536905,0.0014049256405797375,-0.06873074896961129,2,2
291,0.2910000000000002,ramp,29.1,1.4565073421544628,0.004577535718082171,1.0262596526292178,0.02625965262921781,0.004298058769252909,0.404242124444622,0.0014080877205796428,-0.27947694882926155,2,2
292,0.2920000000000002,ramp,29.2,1.457813327775244,0.0013059856207813247,1.0262949065693145,0.026294906569314547,0.0012368902443251654,0.40547901468894715,0.0014115469261958297,-0.06909537645615935,2,2
293,0.2930000000000002,ramp,29.3,1.4624138763171879,0.004600548541943805,1.0264351267558274,0.026435126755827376,0.004321534286540412,0.40980054897548757,0.0014147064930306386,-0.27901425540339303,2,2
294,0.2940000000000002,ramp,29.4,1.463734776958633,0.0013209006414451885,1.0264705655973108,0.026470565597310758,0.0012514420869147874,0.41105199106240237,0.0014181625292628253,-0.06945855453040109,2,2
295,0.2950000000000002,ramp,29.5,1.468358281441292,0.004623504482659024,1.0266105586346272,0.026610558634627246,0.004344951106991828,0.4153969421693942,0.0014213196398573334,-0.27855337566719607,2,2
296,0.2960000000000002,ramp,29.6,1.4696941541762822,0.00133587273499014,1.026646181652241,0.026646181652240974,0.001266052447322083,0.4166629946167163,0.0014247725641809187,-0.06982028766805708,2,2
297,0.2970000000000002,ramp,29.7,1.4743405581025062,0.004646403926223952,1.0267859484403417,0.026785948440341656,0.00436830962495928,0.42103130424167556,0.001427927274431157,-0.2780943012646716,2,2
298,0.2980000000000002,ramp,29.8,1.475691459614793,0.001350901512286784,1.0268217549111285,0.02682175491112848,0.0012807209320075251,0.4223120251736831,0.0014313771433104425,-0.07018058027925887,2,2
299,0.2990000000000002,ramp,29.9,1.4803607068711675,0.00466924725637452,1.0269612963458652,0.026961296345865193,0.004391610232591261,0.4267036354062744,0.0014345295081030214,-0.27763702378325905,2,2
300,0.3000000000000002,ramp,30.0,1.481726693457718,0.001365986586550516,1.0269972855491234,0.026997285549123395,0.0012954471496377333,0.4279990825559121,0.0014379763770117995,-0.07053943691278275,2,2
301,0.3010000000000002,ramp,30.1,1.4864187283125294,0.0046920348548114,1.0271366025222703,0.027136602522270348,0.004414853319838421,0.43241393587575055,0.0014411264502457637,-0.2771815349729787,2,2
302,0.3020000000000002,ramp,30.2,1.4877998558855916,0.0013811275730621908,1.0271727737396614,0.027172773739661427,0.0013102307110739696,0.4337241665868245,0.0014445703736893827,-0.07089686198822123,2,2
303,0.3030000000000002,ramp,30.3,1.4925146229865827,0.0047147671009910574,1.0273118671388852,0.027311867138885226,0.004438039274469261,0.4381622058612938,0.001447718208298852,-0.27672782652179634,2,2
304,0.3040000000000002,ramp,30.4,1.4939109470760343,0.0013963240894516726,1.027348219654294,0.027348219654294015,0.0013250712293602688,0.43948727709065405,0.0014511592398369954,-0.07125286009140386,2,2
305,0.3050000000000002,ramp,30.5,1.498648391448373,0.004737444372338695,1.0274870903632474,0.02748709036324737,0.004461168482077514,0.44394844557273155,0.0014543048878137492,-0.27627589026118105,2,2
306,0.3060000000000002,ramp,30.6,1.500059967203656,0.0014115757552830566,1.0275236234629188,0.02752362346291881,0.0013399683197127797,0.44528841389244433,0.0014577430800821855,-0.0716074355702769,2,2
307,0.3070000000000002,ramp,30.7,1.5048200342478681,0.004760067044212057,1.0276622723612434,0.027662272361243412,0.004484241326096185,0.44977265521854054,0.0014608865924980586,-0.2758257181158727,2,2
308,0.3080000000000002,ramp,30.8,1.5062469164404342,0.0014268821925660369,1.027698985333664,0.027698985333663995,0.0013549215995091026,0.45112757681804966,0.0014643219972308927,-0.07196059305693432,2,2
309,0.3090000000000002,ramp,30.9,1.5110295511138843,0.004782634673450081,1.027837413297857,0.02783741329785694,0.00450725736948669,0.45563483418753636,0.0014674621150992972,-0.27537730396339116,2,2
310,0.3100000000000002,ramp,31.0,1.5124717956374925,0.0014422445236081938,1.0278743054786121,0.027874305478612138,0.001369932097903913,0.4570047662854403,0.0014708968265116035,-0.0723124257042808,2,2
311,0.3110000000000002,ramp,31.1,1.517276943607244,0.004805147969751511,1.028012513340898,0.028012513340897938,0.004530217411234925,0.4615349836966752,0.0014740342881161155,-0.2749305585165859,2,2
312,0.3120000000000002,ramp,31.2,1.5187346042825305,0.0014576606752865207,1.0280495840167274,0.028049584016727414,0.0013849978380778935,0.4629199815347531,0.0014774662935660887,-0.07266283720862711,2,2
313,0.3130000000000002,ramp,31.3,1.523562212070941,0.004827607788410404,1.0281875726455714,0.028187572645571368,0.004553122233866432,0.46747310376861956,0.001480601738038092,-0.27448555454397205,2,2
314,0.3140000000000002,ramp,31.4,1.5250353425426426,0.0014731304717017224,1.0282248211112774,0.028224821111277443,0.0014001186286742334,0.4688732223972938,0.0014840310770291517,-0.07301184302748896,2,2
315,0.3150000000000002,ramp,31.5,1.5298853570240882,0.004850014481445619,1.028362591370784,0.028362591370783896,0.004575972198248309,0.4734491945955421,0.001487164587520808,-0.2740422831973106,2,2
316,0.3160000000000002,ramp,31.6,1.531374010577054,0.0014886535529656797,1.0284000169237804,0.028400016923780358,0.0014152941048071227,0.4748644887003492,0.0014905913142454162,-0.07335944815855698,2,2
317,0.3170000000000002,ramp,31.7,1.5362463789906102,0.004872368413556316,1.028537569674135,0.02853756967413501,0.004598767677034698,0.4794632563773839,0.0014937229437150066,-0.2736007365216177,2,2
318,0.3180000000000002,ramp,31.8,1.5377506085434185,0.0015042295528082672,1.0285751716141749,0.028575171614174888,0.0014305238955124788,0.48089378027289637,0.0014971471086557204,-0.0737056572957884,2,2
319,0.31900000000000023,ramp,31.9,1.5426452784914626,0.004894669948044106,1.0287125077117167,0.02871250771171674,0.004621509041207859,0.4855152893141042,0.0015002769050192748,-0.27316090683624644,2,2
320,0.32000000000000023,ramp,32.0,1.5441651365974403,0.0015198581059776561,1.0287502853408867,0.02875028534088675,0.0014458076310682002,0.4869610969451724,0.0015036985563855062,-0.07405047490945593,2,2
321,0.32100000000000023,ramp,32.1,1.5490820560432186,0.004916919445778323,1.0288874056381072,0.02888740563810721,0.004644196659553672,0.4916052936047261,0.0015068265656448725,-0.2727227862246509,2,2
322,0.32200000000000023,ramp,32.2,1.55061759489246,0.0015355388492415134,1.0289253582607911,0.028925358260791123,0.0014611449436799182,0.49306643854840604,0.0015102457502487092,-0.07439390556159518,2,2
323,0.32300000000000023,ramp,32.3,1.5555567121582707,0.004939117265810644,1.0290622636063844,0.02906226360638442,0.004666830898725348,0.49773326944713137,0.0015133720172066532,-0.27228636708529624,2,2
324,0.32400000000000023,ramp,32.4,1.5571079835796016,0.0015512714213308243,1.029100390529294,0.029100390529293918,0.0014765354675813252,0.4992098049147127,0.0015167887808196223,-0.07473595374949912,2,2
325,0.32500000000000023,ramp,32.5,1.5620692473445592,0.004961263764957646,1.0292370817681444,0.029237081768144435,0.004689412123282945,0.5038992170379957,0.001519913349329098,-0.27185164167470127,2,2
326,0.32600000000000023,ramp,32.6,1.5636363028076645,0.0015670554631053157,1.0292753823002825,0.029275382300282482,0.0014919788390527324,0.5053911958770484,0.0015233277368414235,-0.07507662405258335,2,2
327,0.32700000000000023,ramp,32.7,1.5686196621057737,0.0049833592981092245,1.029411860273521,0.02941186027352094,0.004711940695722012,0.5101031365727704,0.0015264506499191156,-0.2714186023872129,2,2
328,0.32800000000000024,ramp,32.8,1.5702025533957498,0.0015828912899760184,1.0294503337393506,0.029450333739350576,0.0015074753430466526,0.511610611915817,0.0015298633311683347,-0.07541594692936576,2,2
329,0.32900000000000024,ramp,32.9,1.5752079563668422,0.005005402971092421,1.0295865992491262,0.02958659924912621,0.004734415799535368,0.5163450277153524,0.0015329836508020638,-0.2709871715570527,2,2
330,0.33000000000000024,ramp,33.0,1.5768067347161496,0.0015987783493074392,1.029625244981314,0.029625244981313914,0.0015230244099393813,0.5178680521252917,0.0015363943491724188,-0.07575393936805797,2,2
331,0.33100000000000024,ramp,33.1,1.5818341311910527,0.005027396474903023,1.029761298864423,0.029761298864422914,0.004756839057171443,0.5226248911824631,0.001539513097335853,-0.2705574177315805,2,2
332,0.33200000000000024,ramp,33.2,1.5834488470094974,0.0016147158184447452,1.0298001161786292,0.02980011617862921,0.0015386252514491322,0.5241635164339122,0.0015429215710934807,-0.07609056699561302,2,2
333,0.33300000000000024,ramp,33.3,1.5884981870674173,0.005049340057919904,1.0299359592652242,0.029935959265224188,0.004779210730182761,0.528942727164095,0.0015460387942831317,-0.270129327737143,2,2
334,0.33400000000000024,ramp,33.4,1.590128890421442,0.0016307033540245985,1.029974947479683,0.0299749474796831,0.0015542775192340522,0.530497004683329,0.00154944506826587,-0.07642583479054633,2,2
335,0.33500000000000024,ramp,33.5,1.5952001244837166,0.005071234062274721,1.030110580596029,0.03011058059602889,0.0048015311683726756,0.5352985358517017,0.001552560804240647,-0.2697028939020454,2,2
336,0.33600000000000024,ramp,33.6,1.5968468650907048,0.0016467406069882173,1.0301497390312864,0.03014973903128637,0.0015699808596693011,0.536868516711371,0.0015559649166274861,-0.0767597473189162,2,2
337,0.33700000000000024,ramp,33.7,1.601939943923208,0.005093078832503206,1.030285163000025,0.03028516300002493,0.004823800723741088,0.5416923174351121,0.0015590792037372529,-0.2692781087621178,2,2
338,0.33800000000000024,ramp,33.8,1.6036027711531808,0.0016628272299727964,1.0303244909789153,0.03032449097891532,0.0015857349208899692,0.5432780523560021,0.001562481194042055,-0.07709230908282722,2,2
339,0.33900000000000025,ramp,33.9,1.608717645864924,0.0051148747117431,1.0304597066190462,0.03045970661904618,0.0048460197467318855,0.5481240721027341,0.0015655940706588607,-0.2688549650112148,2,2
340,0.34000000000000025,ramp,34.0,1.6103966087425468,0.0016789628776228138,1.030499203466688,0.030499203466687996,0.0016015393530632812,0.5497256114557973,0.0015689939782840654,-0.07742352455953261,2,2
341,0.34100000000000025,ramp,34.1,1.615533230783838,0.005136622041291172,1.0306342115936071,0.03063421159360713,0.004868188585881569,0.5545938000416789,0.001572105482428923,-0.26843345540960345,2,2
342,0.34200000000000025,ramp,34.2,1.6172283779905396,0.0016951472067017193,1.0306738766374366,0.030673876637436592,0.0016173938083676861,0.5562111938500466,0.0015755033463616824,-0.07775339833403314,2,2
343,0.34300000000000025,ramp,34.3,1.6223866991508893,0.005158321160349644,1.03080867806295,0.030808678062949957,0.0048903075877763935,0.561101501437823,0.0015786135155655297,-0.2680135725732502,2,2
344,0.34400000000000025,ramp,34.4,1.6240980790267454,0.0017113798758561227,1.0308485106326608,0.03084851063266081,0.001633297940966065,0.5627347993787891,0.0015820093742872298,-0.07808193489005776,2,2
345,0.34500000000000025,ramp,34.5,1.6292780514331517,0.00517997240640633,1.0309831061649997,0.030983106164999663,0.0049123770970453465,0.5676471764758345,0.0015851182455409079,-0.2675953093609837,2,2
346,0.34600000000000025,ramp,34.6,1.6310057119788102,0.001727660545658427,1.0310231055926293,0.03102310559262933,0.0016492514069864313,0.569296427882821,0.0015885121369947973,-0.07840913867199575,2,2
347,0.34700000000000025,ramp,34.7,1.6362072880938714,0.005201576115061224,1.0311574960364847,0.031157496036484655,0.004934397456370777,0.5742308253391918,0.0015916197467355292,-0.26717865869044666,2,2
348,0.34800000000000025,ramp,34.8,1.637951276972626,0.0017439888787547098,1.0311976616562886,0.031197661656288567,0.0016652538645117578,0.5758960792037036,0.0015950117083208082,-0.078735014242952,2,2
349,0.34900000000000025,ramp,34.9,1.6431744095924266,0.005223132619800452,1.0313318478128528,0.03133184781285281,0.004956369006491423,0.580852448210195,0.0015981180924271832,-0.26676361330902915,2,2
350,0.35000000000000026,ramp,35.0,1.6449347741320917,0.0017603645396651046,1.0313721789614152,0.0313721789614152,0.001681304973567926,0.5825337531837629,0.0016015081609995156,-0.07905956609717871,2,2
351,0.35100000000000026,ramp,35.1,1.6501794163845371,0.005244642252445475,1.031506161628339,0.03150616162833897,0.0049782920862117995,0.5875120452699747,0.001604613354797748,-0.2663501662336755,2,2
352,0.35200000000000026,ramp,35.2,1.6519562035793438,0.0017767871948066727,1.0315466576445116,0.03154665764451159,0.00169740439611496,0.5892094496660897,0.0016080015666761751,-0.07938279869171261,2,2
353,0.35300000000000026,ramp,35.3,1.6572223089221385,0.0052661053427947024,1.0316804376159892,0.031680437615989154,0.005000167032413845,0.5942096166985035,0.001611105604946352,-0.2659383103808576,2,2
354,0.35400000000000026,ramp,35.4,1.6590155654347183,0.0017932565125797773,1.0317210978409026,0.0317210978409026,0.0017135517960341691,0.5959231684945376,0.0016144919959192926,-0.07970471654560811,2,2
355,0.35500000000000026,ramp,35.5,1.6643030876535265,0.005287522218808238,1.0318546759076341,0.031854675907634133,0.0050219941800669085,0.6009451626746045,0.001617594912906088,-0.2655280387413297,2,2
356,0.35600000000000026,ramp,35.6,1.666112859816721,0.0018097721631944452,1.0318954996847163,0.03189549968471628,0.0017297468391169833,0.6026749095137215,0.0016209795182413962,-0.08002532407746198,2,2
357,0.35700000000000026,ramp,35.7,1.6714217530233921,0.005308893206671161,1.032028876633994,0.03202887663399401,0.005043773862235018,0.6077186833759565,0.001624081347661697,-0.2651193444361431,2,2
358,0.35800000000000026,ramp,35.8,1.6732480868423578,0.0018263338189656864,1.032069863308921,0.03206986330892092,0.0017459891930609534,0.6094646725690174,0.0016274642021167198,-0.08034462590473297,2,2
359,0.35900000000000026,ramp,35.9,1.6785783054728922,0.0053302186305344,1.0322030399245985,0.0322030399245985,0.005065506410086833,0.6145301789791042,0.0016305649771696732,-0.2647122204475667,2,2
360,0.36000000000000026,ramp,36.0,1.6804212466267046,0.0018429411538123386,1.0322441888453309,0.03224418884533087,0.001762278527453537,0.6162924575065578,0.0016339461149990082,-0.08066262635880164,2,2
361,0.36100000000000027,ramp,36.1,1.6857727454395892,0.0053514988128846586,1.0323771659078105,0.03237716590781048,0.005087192152907005,0.6213796496594648,0.00163704586837721,-0.26430665997765385,2,2
362,0.36200000000000027,ramp,36.2,1.6876323392833492,0.001859593843759999,1.032418476424578,0.03241847642457807,0.001778614513766142,0.623158264173231,0.0016404253233435644,-0.08097932999385701,2,2
363,0.36300000000000027,ramp,36.3,1.6930050733575224,0.005372734074173158,1.03255125471096,0.0325512547109601,0.005108831418103975,0.6282670955913349,0.0016435240872420256,-0.2639026560691824,2,2
364,0.36400000000000027,ramp,36.4,1.694881364924118,0.0018762915665955227,1.0325927261762378,0.03259272617623776,0.0017949968253422044,0.6300620924166771,0.001646901892625371,-0.08129474125331826,2,2
365,0.36500000000000027,ramp,36.5,1.700275289657434,0.005393924733316124,1.032725306460174,0.03272530646017402,0.005130424531223333,0.6351925169479005,0.0016499996987509398,-0.2635002020927911,2,2
366,0.36600000000000027,ramp,36.6,1.7021683236594032,0.0018930340019691627,1.0327669382287228,0.032766938228722786,0.0018114251373866216,0.6370039420852871,0.0016533758873572087,-0.08160886458254113,2,2
367,0.36700000000000027,ramp,36.7,1.7075833947665244,0.00541507110712125,1.0328993212805677,0.03289932128056772,0.005151971815953454,0.6421559139012406,0.0016564727669399267,-0.26309929116779573,2,2
368,0.36800000000000027,ramp,36.8,1.7094932155979081,0.0019098208313836906,1.0329411127094117,0.03294111270941169,0.001827899126959641,0.6439838130282003,0.0016598473711107507,-0.08192170442404968,2,2
369,0.36900000000000027,ramp,36.9,1.7149293891086157,0.005436173510707576,1.033073299296167,0.03307329929616709,0.005173473594135404,0.6491572866223357,0.0016629433549109627,-0.26269991657217223,2,2
370,0.3700000000000003,ramp,37.0,1.716856040846831,0.0019266517382152681,1.0331152497445353,0.03311524974453528,0.0018444184729669024,0.6510017050953026,0.0016663164065333215,-0.08223326524836572,2,2
371,0.3710000000000003,ramp,37.1,1.7223132731042656,0.005457232257434663,1.0332472406299045,0.03324724062990447,0.005194930185772695,0.6561966352810753,0.0016694115248518367,-0.2623020716619679,2,2
372,0.3720000000000003,ramp,37.2,1.7242567995119327,0.00194352640766704,1.0332893494593272,0.033289349459327156,0.0018609828561469742,0.6580576181372223,0.0016727830553659104,-0.08254355152006575,2,2
373,0.3730000000000003,ramp,37.3,1.7297350471706756,0.005478247658742941,1.0334211454036777,0.03342114540367769,0.005216341909040403,0.6632739600462627,0.0016758773380535913,-0.26190574970253766,2,2
374,0.3740000000000003,ramp,37.4,1.7316954916974117,0.0019604445267360493,1.0334634119779285,0.03346341197792846,0.001877591959064605,0.6651515520053273,0.0016792473784606856,-0.08285256767144437,2,2
375,0.3750000000000003,ramp,37.5,1.7371947117218889,0.005499220024477225,1.0335950137383763,0.033595013738376256,0.005237709080300218,0.6703892610856275,0.0016823408549276663,-0.26151094417700693,2,2
376,0.3760000000000003,ramp,37.6,1.7391721175060546,0.00197740578416572,1.0336374374234756,0.03363743742347558,0.0018942454660974206,0.6722835065517249,0.0016857094358008395,-0.08316031806829943,2,2
377,0.3770000000000003,ramp,37.7,1.7446922671686291,0.005520149662574525,1.0337688457538792,0.03376884575387917,0.005259032014100672,0.6775425385658256,0.0016888021350227082,-0.26111764847385266,2,2
378,0.3780000000000003,ramp,37.8,1.7466866770391871,0.0019944098705579894,1.0338114259180402,0.033811425918040205,0.0019109430634301197,0.6794534816292557,0.0016921692865124725,-0.08346680712786966,2,2
379,0.3790000000000003,ramp,37.9,1.752227713918443,0.0055410368792558895,1.0339426415690312,0.03394264156903115,0.005280311023193533,0.6847337926524492,0.001695261237042278,-0.26072585606235626,2,2
380,0.3800000000000003,ramp,38.0,1.754239170396845,0.0020114564784019517,1.033985377582753,0.033985377582752996,0.0019276844390482197,0.6866614770914974,0.0016986269888870141,-0.08377203935373205,2,2
381,0.3810000000000003,ramp,38.1,1.7598010523757697,0.00556188197892471,1.034116401301705,0.03411640130170501,0.005301546418535653,0.691963023510033,0.001701718218859486,-0.26033556038905675,2,2
382,0.3820000000000003,ramp,38.2,1.7618295976775875,0.002028545301817841,1.0341592925376966,0.03415929253769656,0.0019444692827197557,0.6939074927927528,0.0017050826003911293,-0.08407601909808551,2,2
383,0.3830000000000003,ramp,38.3,1.7674122829418613,0.005582685264273746,1.0342901250688012,0.03429012506880125,0.005322738509309274,0.6992302313020621,0.0017081731375348068,-0.2599467549644716,2,2
384,0.3840000000000003,ramp,38.4,1.7694579589786075,0.0020456760367462135,1.034333170901999,0.034333170901998944,0.0019612972859939987,0.7011915285880561,0.0017115361776882637,-0.08437875075221471,2,2
385,0.3850000000000003,ramp,38.5,1.775061406015023,0.005603447036415465,1.0344638129862385,0.03446381298623846,0.0053438876029204075,0.7065354161909765,0.001714626049329613,-0.2595594334950579,2,2
386,0.3860000000000003,ramp,38.6,1.7771242543958965,0.002062848380873561,1.0345070127938043,0.034507012793804304,0.001978168142188248,0.7085135843331647,0.0017179877766493703,-0.084680238685313,2,2
387,0.3870000000000003,ramp,38.7,1.7827484219903473,0.005624167594450835,1.0346374651689991,0.034637465168999126,0.005364994005013987,0.7138785783381787,0.0017210770097229064,-0.259173589436848,2,2
388,0.3880000000000003,ramp,38.8,1.7848284840240345,0.002080062033687158,1.0346808183303149,0.03468081833031489,0.0019950815463789656,0.7158736598845576,0.0017244374523698999,-0.08498048730819219,2,2
389,0.3890000000000003,ramp,38.9,1.7904733312599759,0.005644847235941386,1.0348110817311402,0.034811081731140225,0.005386058019482071,0.7212597179040398,0.0017275260734258523,-0.2587892164593146,2,2
390,0.3900000000000003,ramp,39.0,1.7925706479564352,0.002097316696459295,1.034854587627799,0.03485458762779903,0.002012037195396415,0.7232717550994362,0.0017308852591852446,-0.08527950106287972,2,2
391,0.3910000000000003,ramp,39.1,1.7982361342131221,0.005665486256686947,1.0349846627857489,0.034984662785748855,0.005407079948471262,0.7286788350479074,0.001733973294394655,-0.25840630821568483,2,2
392,0.3920000000000003,ramp,39.2,1.800350746285147,0.0021146120720247907,1.035028320801565,0.03502832080156493,0.0020290347878078427,0.7307078698357152,0.0017373312506831385,-0.08557728421694803,2,2
393,0.3930000000000003,ramp,39.3,1.8060368312359607,0.005686084950813797,1.0351582084450297,0.035158208445029704,0.005428060092392227,0.7361359299281075,0.0017404187258463857,-0.25802485842156986,2,2
394,0.3940000000000003,ramp,39.4,1.8081687791010432,0.0021319478650825285,1.0352020179660264,0.0352020179660264,0.002046074023920419,0.7381820039520279,0.0017437754797185985,-0.08587384116210935,2,2
395,0.3950000000000003,ramp,39.5,1.8138754227118075,0.005706643610764228,1.0353317188202968,0.03533171882029684,0.005448998749928627,0.7436310027019566,0.0017468624202727648,-0.2576448608356012,2,2
396,0.3960000000000003,ramp,39.6,1.816024746493786,0.0021493237819785183,1.0353756792346864,0.03537567923468643,0.0020631546057580693,0.7456941573077147,0.0017502179984270616,-0.08616917622044891,2,2
397,0.3970000000000003,ramp,39.7,1.821751909020993,0.005727162527207064,1.0355051940219575,0.03550519402195751,0.005469896218050364,0.7511640535257651,0.0017533044294525146,-0.2572663091566993,2,2
398,0.3980000000000003,ramp,39.8,1.8239186485519054,0.0021667395309123982,1.0355493047201343,0.03554930472013429,0.0020802762370619914,0.7532443297628271,0.0017566588582385168,-0.08646329385040684,2,2
399,0.3990000000000003,ramp,39.9,1.829666290541178,0.005747641989272578,1.0356786341595243,0.035678634159524325,0.005490752792014673,0.7587350825548418,0.0017597448044648053,-0.25688919725790504,2,2
400,0.4000000000000003,ramp,40.0,1.8318504853626276,0.002184194821449603,1.0357228945340946,0.03572289453409461,0.002097438623281681,0.7608325211781235,0.001763098109889829,-0.08675619816792207,2,2
401,0.4010000000000003,ramp,40.1,1.837618567646937,0.0057680822843093615,1.0358520393416566,0.035852039341656594,0.005511568765378785,0.7663440899435023,0.0017661835957027037,-0.25651351893057633,2,2
402,0.4020000000000003,ramp,40.2,1.8398202570122275,0.0022016893652905267,1.0358964487874127,0.035896448787412716,0.002114641471562932,0.7684587314150653,0.0017695358034372198,-0.08704789372759479,2,2
403,0.4030000000000003,ramp,40.3,1.8456087407102695,0.0057884836980419685,1.036025409676174,0.03602540967617407,0.005532344430009913,0.7739910758450752,0.0017726208528851693,-0.2561392680320556,2,2
404,0.4040000000000003,ramp,40.4,1.84782796358571,0.0022192228754405185,1.0360699675900789,0.036069967590078855,0.002131884490736775,0.776122960335812,0.0017759719882690073,-0.08733838470374343,2,2
405,0.4050000000000003,ramp,40.5,1.8536368101002716,0.005808846514561594,1.0361987452700185,0.03619874527001854,0.005553080076097467,0.7816760404119094,0.0017790566250696388,-0.2557664384641271,2,2
406,0.4060000000000003,ramp,40.6,1.8558736051670426,0.0022367950667709913,1.036243451051226,0.03624345105122595,0.0021491673913152914,0.7838252078032247,0.0017824067131186367,-0.0876276754556999,2,2
407,0.4070000000000003,ramp,40.7,1.8617027761833356,0.005829171016292989,1.03637204622931,0.03637204622931001,0.005573775992149078,0.7893989837953738,0.0017854909606632144,-0.2553950241439111,2,2
408,0.4080000000000003,ramp,40.8,1.863957181839078,0.0022544056557425307,1.0364168992791312,0.036416899279131165,0.002166489885484555,0.7915654736808583,0.0017888400260745094,-0.08791577025797549,2,2
409,0.4090000000000003,ramp,40.9,1.8698066393231179,0.005849457484039755,1.0365453126593343,0.03654531265933425,0.00559443246501085,0.7971599061458692,0.0017919239074351758,-0.25502501902890506,2,2
410,0.4100000000000003,ramp,41.0,1.8720786936836127,0.002272054360494824,1.036590312381262,0.03659031238126209,0.002183851687091385,0.7993437578329605,0.0017952719745922823,-0.0882026734034388,2,2
411,0.4110000000000003,ramp,41.1,1.8779483998806286,0.005869706197015878,1.0367185446645757,0.03671854466457569,0.0056150497798748734,0.8049588076128354,0.0017983555125288648,-0.2546564171410047,2,2
412,0.4120000000000003,ramp,41.2,1.880238140781449,0.0022897409008204583,1.0367636904642794,0.03676369046427941,0.0022012525116319732,0.8071600601244674,0.001801702605507847,-0.0884883891884851,2,2
413,0.4130000000000003,ramp,41.3,1.8861280582141664,0.005889917432717384,1.0368917423487132,0.036891742348713175,0.005635628220283685,0.8127956883447511,0.0018047858224710014,-0.2542892124336995,2,2
414,0.4140000000000003,ramp,41.4,1.888435523212293,0.002307464998126507,1.0369370336339754,0.03693703363397538,0.002218692076251722,0.8150143804210028,0.0018081319650460313,-0.08877292187478526,2,2
415,0.4150000000000003,ramp,41.5,1.894345614679482,0.005910091467189016,1.0370649058146133,0.0370649058146133,0.005656168068141382,0.8206705484891442,0.0018112148831844433,-0.253923399047634,2,2
416,0.4160000000000003,ramp,41.6,1.8966708410548758,0.002325226375393896,1.0371103419953986,0.037110341995398644,0.0022361700997328817,0.8229067185888771,0.0018145600988331621,-0.08905627566101453,2,2
417,0.4170000000000003,ramp,41.7,1.9026010696295643,0.005930228574688501,1.0372380351643684,0.03723803516436841,0.005676669603716835,0.8285833881925939,0.0018176427399977351,-0.253558970971666,2,2
418,0.4180000000000003,ramp,41.8,1.9049440943869524,0.0023430247573881235,1.0372836156527783,0.03728361565277827,0.0022536863024840577,0.8308370744950779,0.0018209870519051816,-0.0893384549040658,2,2
419,0.4190000000000003,ramp,41.9,1.9108944234149452,0.005950329027992751,1.0374111304992988,0.037411130499298784,0.005697133105665094,0.836534207600743,0.0018240694376567435,-0.2531959223276573,2,2
420,0.4200000000000003,ramp,42.0,1.913255283285296,0.00236085987035084,1.0374568547095981,0.03745685470959814,0.0022712404065312053,0.8388054480072742,0.0018274128687212345,-0.08961946381963459,2,2
421,0.4210000000000003,ramp,42.1,1.9192256763836255,0.005970393098329474,1.0375841919199489,0.037584191919948884,0.005717558851020781,0.844523006858295,0.001830495020333461,-0.252834247308693,2,2
422,0.4220000000000003,ramp,42.2,1.921604407825651,0.0023787314420253836,1.0376300592685046,0.0376300592685046,0.0022888321355154584,0.8468118389938104,0.0018338375931720794,-0.08989930650992513,2,2
423,0.4230000000000003,ramp,42.3,1.9275948288809615,0.0059904210553105575,1.0377572195261073,0.03775721952610733,0.005737947115215608,0.852549786109026,0.0018369195316363927,-0.2524739400949494,2,2
424,0.4240000000000003,ramp,42.4,1.929991468082962,0.0023966392020005056,1.0378032294314508,0.03780322943145076,0.0023064612146790676,0.854856247323705,0.001840261268589291,-0.09017798732143803,2,2
425,0.4250000000000003,ramp,42.5,1.9360018812498658,0.006010413166903872,1.0379302134168162,0.03793021341681624,0.005758298172082484,0.8606145454957875,0.0018433430146210033,-0.25211499482138794,2,2
426,0.4260000000000003,ramp,42.6,1.9384164641311488,0.002414582881282934,1.0379763652995604,0.03797636529956039,0.0023241273708580128,0.8629386728666455,0.001846683937755744,-0.09045551042492121,2,2
427,0.4270000000000003,ramp,42.7,1.9444468338307233,0.006030369699574489,1.0381031736903719,0.03810317369037186,0.0057786122938679844,0.8687172851605135,0.0018497655117988034,-0.25175740570650484,2,2
428,0.4280000000000003,ramp,42.8,1.9468793960432271,0.002432562212503875,1.0381494669732982,0.03814946697329824,0.0023418303324726575,0.8710591154929862,0.001853105642915052,-0.09073188003121731,2,2
429,0.4290000000000003,ramp,42.9,1.952929686961558,0.0060502909183308695,1.0382761004443593,0.03827610044435925,0.005798889751238243,0.8768580052442244,0.0018561870651464332,-0.2514011670926262,2,2
430,0.4300000000000003,ramp,43.0,1.9553802638914297,0.0024505769298717173,1.0383225345523412,0.03832253455234125,0.002359569829524724,0.8792175750737491,0.0018595264257813386,-0.09100710034699346,2,2
431,0.4310000000000003,ramp,43.1,1.9614504409778455,0.006070177086415773,1.038448993775611,0.03844899377561095,0.005819130813284388,0.8850367058870334,0.001862607716115024,-0.2510462731313851,2,2
432,0.43200000000000033,ramp,43.2,1.9639190677469496,0.0024686267691040875,1.0384955681356438,0.03849556813564381,0.002377345593582291,0.8874140514806157,0.0018659463275463326,-0.09128117552179667,2,2
433,0.43300000000000033,ramp,43.3,1.9700090962127692,0.00609002846581963,1.0386218537802756,0.038621853780275606,0.005839335747535879,0.8932533872281516,0.0018690275056394577,-0.25069271828375134,2,2
434,0.43400000000000033,ramp,43.4,1.9724958076802581,0.0024867114674889113,1.0386685678214371,0.03866856782143713,0.0023951573577756188,0.8956485445859272,0.001872365388891055,-0.09155410971329248,2,2
435,0.43500000000000033,ramp,43.5,1.978605652997,0.006109845316741858,1.0387946805537829,0.03879468055378288,0.005859504819966635,0.9015080494058939,0.001875446474146164,-0.25034049677522247,2,2
436,0.43600000000000033,ramp,43.6,1.9811104837608775,0.0025048307638775302,1.0388415337072594,0.0388415337072594,0.002413004856788011,0.9039210542626819,0.00187878364999144,-0.09182590708951918,2,2
437,0.43700000000000033,ramp,43.7,1.9872401116589435,0.006129627898066037,1.0389674741908372,0.03896747419083724,0.005879638295002239,0.9098006925576841,0.0018818646615630296,-0.2499896030637976,2,2
438,0.43800000000000033,ramp,43.8,1.9897630960575743,0.0025229843986307454,1.0390144658899296,0.03901446588992963,0.002430887826848864,0.912231580384533,0.0018852011505302768,-0.09209657178188123,2,2
439,0.43900000000000033,ramp,43.9,1.9959124725246233,0.00614937646704905,1.0391402347855179,0.03914023478551787,0.005899736435524429,0.9181313168200574,0.0018882821073257705,-0.24964003152462122,2,2
440,0.44000000000000034,ramp,44.0,1.998453644638304,0.0025411721136807675,1.0391873644655827,0.039187364465582686,0.002448806005725233,0.9205801228257827,0.0018916179297009876,-0.09236610795553424,2,2
441,0.44100000000000034,ramp,44.1,2.004622735917722,0.006169091279418115,1.0393129624311717,0.03931296243117166,0.005919799502887829,0.9264999223286705,0.001894698850389191,-0.24929177653028584,2,2
442,0.44200000000000034,ramp,44.2,2.007182129570168,0.0025593936524459515,1.0393602295296593,0.03936022952965934,0.002466759132711554,0.9289666814613821,0.001898034026219049,-0.0926345197343973,2,2
443,0.44300000000000034,ramp,44.3,2.013370902159667,0.006188772589498903,1.0394856572204973,0.03948565722049735,0.005939827756922773,0.9349065092183049,0.0019011149292324993,-0.2489448325761305,2,2
444,0.44400000000000034,ramp,44.4,2.0159485509194663,0.002577648759799267,1.0395330611769322,0.03953306117693223,0.0024847469486228694,0.9373912561669278,0.001904449478331017,-0.09290181117639759,2,2
445,0.44500000000000034,ramp,44.5,2.022156971569517,0.006208420650050783,1.039658319245499,0.039658319245498896,0.005959821455943394,0.9433510776228712,0.0019075303818673825,-0.2485991941073894,2,2
446,0.44600000000000034,ramp,44.6,2.0247529087518394,0.0025959371823223165,1.0397058595014936,0.039705859501493634,0.0025027691957866843,0.9458538468186579,0.0019108643238176352,-0.09316798653563217,2,2
447,0.44700000000000034,ramp,44.7,2.0309809444642255,0.00622803571238606,1.0398309485975554,0.03983094859755543,0.005979780856755477,0.9518336276754134,0.0019139452458473958,-0.24825485563058272,2,2
448,0.44800000000000034,ramp,44.8,2.0335952031320135,0.002614258667787972,1.0398786245967622,0.03987862459676217,0.002520825618039537,0.9543544532934529,0.0019172786000067469,-0.09343304974843494,2,2
449,0.44900000000000034,ramp,44.9,2.039842821158425,0.0062476180264114944,1.040003545367382,0.04000354536738193,0.005999706214662926,0.9603541595081159,0.0019203595582736206,-0.2479118117485685,2,2
450,0.45000000000000034,ramp,45.0,2.042475434124057,0.0026326129656322195,1.0400513565555196,0.04005135655551961,0.0025389159607119792,0.9628930754688279,0.001923692343775242,-0.09369700492024022,2,2
451,0.45100000000000035,ramp,45.1,2.048742601964495,0.006267167840437793,1.0401761096450308,0.04017610964503082,0.006019597783482137,0.96891267325231,0.0019267733558040233,-0.24757005695565623,2,2
452,0.45200000000000035,ramp,45.2,2.051393601791288,0.0026509998267929547,1.0402240554699063,0.04022405546990626,0.002557039970624345,0.9714697132229344,0.001930105591562567,-0.09395985616860976,2,2
453,0.45300000000000035,ramp,45.3,2.0576802871926905,0.006286685401402536,1.0403486415199887,0.04034864151998874,0.0060394558155390556,0.9775091690384735,0.0019331866746579427,-0.24722958586348084,2,2
454,0.45400000000000035,ramp,45.4,2.060349706196329,0.0026694190036384846,1.0403967214313887,0.04039672143138873,0.002575197396080977,0.9800843664345545,0.0019365183793720315,-0.09422160755750758,2,2
455,0.45500000000000035,ramp,45.5,2.0666558771510672,0.006306170954738288,1.0405211410810167,0.040521141081016676,0.006059280561686857,0.9861436469962414,0.0019395995506259489,-0.2468903930514313,2,2
456,0.45600000000000035,ramp,45.6,2.069343747401041,0.002687870249973745,1.0405693545308123,0.04056935453081234,0.0025933879868554276,0.9887370349830967,0.0019429307427810867,-0.0944822631183174,2,2
457,0.45700000000000035,ramp,45.7,2.0756693721455233,0.006325624744482283,1.0406936084163143,0.04069360841631431,0.006079072271313599,0.9948161072544103,0.0019460120190752637,-0.2465524731686845,2,2
458,0.45800000000000035,ramp,45.8,2.078375725466594,0.0027063533210709423,1.0407419548584211,0.04074195485842114,0.0026116114941865704,0.9974277187485968,0.0019493427169483518,-0.09474182688437192,2,2
459,0.45900000000000035,ramp,45.9,2.084720772479841,0.006345047013246674,1.040866043613452,0.04086604361345203,0.006098831192341117,1.003526549940938,0.0019524241149562584,-0.24621582090555721,2,2
460,0.46000000000000035,ramp,46.0,2.08744564045346,0.0027248679736189274,1.0409145225037997,0.04091452250379968,0.0026298676707818434,1.00615641761172,0.001955754336618748,-0.095000302837084,2,2
461,0.46100000000000035,ramp,46.1,2.0938100784556797,0.006364438002219863,1.041038446759387,0.04103844675938695,0.006118557571233229,1.0122749751829532,0.001958835872809924,-0.24588043098663392,2,2
462,0.46200000000000035,ramp,46.2,2.0965534924215157,0.0027434139658359946,1.0410870575559459,0.04108705755594588,0.0026481562707883263,1.0149231314537415,0.0019621656361301777,-0.09525769504766836,2,2
463,0.46300000000000036,ramp,46.3,2.1029372903725645,0.00638379795104882,1.0412108179404993,0.0412108179404993,0.00613825165301707,1.0210613831067585,0.0019652473267742845,-0.24554629803174957,2,2
464,0.46400000000000036,ramp,46.4,2.1056992814299234,0.002761991057358859,1.0412595601032264,0.0412595601032264,0.0026664770498046266,1.0237278601565631,0.001968576649421376,-0.09551400755423252,2,2
465,0.46500000000000036,ramp,46.5,2.112102408527975,0.006403127098051797,1.0413831572425276,0.04138315724252761,0.006157913681275086,1.0298857738378382,0.001971658510590209,-0.24521341677671143,2,2
466,0.46600000000000036,ramp,46.6,2.114883007537106,0.0027805990091307464,1.0414320302334295,0.04143203023342945,0.0026848297648580073,1.0325706036026963,0.001974987410037032,-0.09576924427273907,2,2
467,0.46700000000000036,ramp,46.7,2.1213054332173806,0.006422425680274735,1.0415554647506853,0.04155546475068528,0.006177543898162822,1.038748147500859,0.001978069457608231,-0.24488178211191317,2,2
468,0.46800000000000036,ramp,46.8,2.1241046708010245,0.0027992375836438654,1.0416044680337486,0.04160446803374862,0.002703214174406237,1.0414513616752654,0.0019813979511336143,-0.09602340923762837,2,2
469,0.46900000000000036,ramp,46.9,2.13054636473411,0.006441693933085357,1.0417277405495358,0.04172774054953576,0.006197142544411628,1.047648504219677,0.0019844802007945497,-0.24455138867372944,2,2
470,0.47000000000000036,ramp,47.0,2.1333642712788237,0.0028179065447138107,1.0417768735907733,0.04177687359077331,0.002721630038331165,1.0503701342580083,0.0019878083054880513,-0.09627650638264562,2,2
471,0.47100000000000036,ramp,47.1,2.139825203369555,0.006460932090731397,1.0418999847231307,0.04189998472313072,0.0062167098593318235,1.05658684411734,0.0019908907727360556,-0.24422223139957364,2,2
472,0.47200000000000036,ramp,47.2,2.1426618090272065,0.0028366056576514254,1.0419492469905165,0.0419492469905165,0.002740077117923903,1.059326921235264,0.0019942185054983774,-0.09652853972752246,2,2
473,0.47300000000000036,ramp,47.3,2.149141949413074,0.006480140385867639,1.0420721973548872,0.04207219735488721,0.006236246080833867,1.065563167316098,0.0019973012056487,-0.24389430503377138,2,2
474,0.47400000000000037,ramp,47.4,2.1519972841021104,0.002855334689036315,1.0421215883184332,0.042121588318433156,0.002758555175881717,1.0683217224919797,0.002000628583197163,-0.0967795131545982,2,2
475,0.47500000000000037,ramp,47.5,2.1584966031520283,0.006499319049917851,1.0422443785277347,0.04224437852773466,0.00625575144542081,1.0745774739374006,0.002003711531379347,-0.24356760449704104,2,2
476,0.47600000000000037,ramp,47.6,2.161370696558934,0.002874093406905587,1.0422938976593803,0.0422938976593803,0.002777063976301878,1.0773545379137024,0.002007038570249153,-0.09702943060370872,2,2
477,0.47700000000000037,ramp,47.7,2.1678891648718257,0.006518468312891823,1.042416528323975,0.04241652832397502,0.00627522618820336,1.0836297641019057,0.0020101217814155036,-0.24324212468846296,2,2
478,0.47800000000000037,ramp,47.8,2.1707820464524508,0.002892881580625062,1.0424661750976871,0.04246617509768713,0.002795603284672055,1.0864253673865778,0.002013448497962674,-0.09727829595300701,2,2
479,0.47900000000000037,ramp,47.9,2.1773196348558983,0.006537588403447536,1.0425886468254006,0.042588646825400645,0.006294670542906354,1.0927200379294841,0.0020165319868881756,-0.2429178605411822,2,2
480,0.48000000000000037,ramp,48.0,2.18023133383705,0.0029116989811517335,1.042638420717079,0.042638420717078906,0.002814172867862643,1.0955342107973467,0.002019858397292298,-0.09752611328909047,2,2
481,0.48100000000000037,ramp,48.1,2.186788013385728,0.006556679548678002,1.042760734113251,0.04276073411325099,0.0063140847418764355,1.101848295539223,0.002022942178578084,-0.24259480680156614,2,2
482,0.4820000000000004,ramp,48.2,2.189718558766255,0.002930545380527061,1.0428106346007806,0.042810634600780606,0.0028327724941243247,1.1046810680333474,0.002026268298845329,-0.09777288640273624,2,2
483,0.4830000000000004,ramp,48.3,2.1962943007410187,0.006575741974763627,1.0429327902682088,0.04293279026820884,0.006333469016082084,1.1110145370494295,0.0020293523869213976,-0.24227295868154297,2,2
484,0.4840000000000004,ramp,48.4,2.1992437212932003,0.002949420552181614,1.0429828168314397,0.042982816831439674,0.002851401933072553,1.113865938982502,0.0020326782328858343,-0.09801861910906096,2,2
485,0.4850000000000004,ramp,48.5,2.205838497199329,0.006594775906128447,1.0431048153704336,0.04310481537043365,0.006352823595136599,1.1202187625776387,0.0020357626420143705,-0.24195231099184786,2,2
486,0.4860000000000004,ramp,48.6,2.2088068214704206,0.002968324271091838,1.0431549674911744,0.04315496749117442,0.002870060955686341,1.1230888235333252,0.0020390882293420827,-0.09826331540549677,2,2
487,0.4870000000000004,ramp,48.7,2.215420603036608,0.0066137815661875266,1.043276809499581,0.043276809499581015,0.006372148707291199,1.1294609722406164,0.0020421729736186302,-0.24163285889632763,2,2
488,0.4880000000000004,ramp,48.8,2.2184078593499663,0.0029872563133581664,1.0433270866615618,0.04332708666156182,0.002888749334294551,1.132349721574911,0.002045498317809483,-0.09850697906361527,2,2
489,0.4890000000000004,ramp,48.9,2.2250406185266547,0.006632759176688374,1.0434487727347483,0.04344877273474834,0.006391444579452088,1.1387411661543632,0.0020485834111656593,-0.24131459723628587,2,2
490,0.4900000000000004,ramp,49.0,2.228046834983288,0.003006216456633126,1.0434991744236635,0.04349917442366347,0.00290746684257998,1.141648632996943,0.0020519085275556995,-0.0987496140531464,2,2
491,0.4910000000000004,ramp,49.1,2.234698543941665,0.006651708958377078,1.0436207051545163,0.043620705154516326,0.0064107114371716,1.1480593444341147,0.002054993983762887,-0.24099752120547868,2,2
492,0.4920000000000004,ramp,49.2,2.2377237484213595,0.0030252044796945654,1.0436712308579899,0.04367123085798985,0.002926213255566807,1.1509855576896815,0.002058318887527264,-0.09899122412775854,2,2
493,0.4930000000000004,ramp,49.3,2.2443943795518226,0.006670631130463178,1.0437926068369885,0.04379260683698849,0.006429949504669992,1.1574155071943515,0.0020614047201974856,-0.2406816257931859,2,2
494,0.4940000000000004,ramp,49.4,2.24743859971455,0.003044220162727207,1.0438432560445807,0.043843256044580725,0.0029449883496128477,1.1603604955439644,0.0020647294263519563,-0.09923181311435923,2,2
495,0.4950000000000004,ramp,49.5,2.2541281256255217,0.0066895259109718275,1.0439644778597368,0.043964477859736784,0.006449159004841865,1.1668096545488063,0.0020678156489418492,-0.2403669061299624,2,2
496,0.4960000000000004,ramp,49.6,2.257191388912843,0.003063263287321316,1.0440152500629052,0.04401525006290519,0.002963791902394104,1.1697734464512004,0.002071140172345087,-0.09947138492721234,2,2
497,0.4970000000000004,ramp,49.7,2.263899782429503,0.006708393516659861,1.0441363182998096,0.044136318299809574,0.006468340159258747,1.176241786610459,0.0020742267981574847,-0.24005335740111353,2,2
498,0.4980000000000004,ramp,49.8,2.266982116065679,0.003082333636176049,1.04418721299197,0.04418721299197004,0.0029826236929147774,1.1792244103033738,0.002077551153514409,-0.09970994326127151,2,2
499,0.4990000000000004,ramp,49.9,2.273709350228491,0.006727234162811957,1.0443081282338018,0.04430812823380181,0.006487493188175589,1.1857119034915493,0.002080638195699558,-0.2397409746363677,2,2
500,0.5000000000000003,ramp,50.0,2.2768107812219727,0.003101430993481813,1.044359144910271,0.04435914491027093,0.003001483501486344,1.1887133869930357,0.002083962397562708,-0.09994749199546907,2,2
501,0.5010000000000003,ramp,50.1,2.28355682928556,0.006746048063587473,1.0444799077378115,0.04447990773781152,0.0065066183105415105,1.1952200053035773,0.0020870498691225653,-0.2394297530459626,2,2
502,0.5020000000000003,ramp,50.2,2.2866773844302033,0.0031205551446431556,1.0445310458957873,0.04453104589578727,0.0030203711097285574,1.1982403764133058,0.002090373931893866,-0.10018403491459825,2,2
503,0.5030000000000003,ramp,50.3,2.2934422198620474,0.006764835431844141,1.0446516568874211,0.04465165688742112,0.0065257157439975585,1.2047660921573033,0.002093461845683195,-0.23911968784658208,2,2
504,0.5040000000000003,ramp,50.4,2.2965819257383133,0.003139705876265886,1.0447029160260273,0.04470291602602727,0.0030392863005625046,1.207805378457866,0.002096785783617033,-0.10041957570338127,2,2
505,0.5050000000000003,ramp,50.5,2.3033655222174465,0.00678359647913318,1.044823375757748,0.044823375757748085,0.006544785704898943,1.214350164162765,0.002099874152345529,-0.23881077423423738,2,2
506,0.5060000000000003,ramp,50.6,2.306524405193822,0.0031588829763755655,1.0448747553779931,0.044874755377993125,0.003058228858195222,1.2174083930209603,0.002103197979550295,-0.10065411818034348,2,2
507,0.5070000000000003,ramp,50.7,2.3133267366095396,0.006802331415717511,1.0449950644234507,0.04499506442345069,0.00656382840830474,1.223972221429265,0.0021062868157847086,-0.23850300741277106,2,2
508,0.5080000000000003,ramp,50.8,2.3165048228438287,0.003178086234289168,1.0450465640282325,0.04504656402823248,0.0030771985681204025,1.2270494199973854,0.0021096105462250518,-0.10088766616876557,2,2
509,0.5090000000000003,ramp,50.9,2.323325863294513,0.006821040450684102,1.0451667229586747,0.04516672295867474,0.006582844068007139,1.2336322640653925,0.0021126998623916004,-0.23819638267696258,2,2
510,0.5100000000000003,ramp,51.0,2.3265231787348934,0.0031973154403805992,1.0452183420527716,0.04521834205277164,0.003096195217111036,1.2367284592825036,0.0021160235098907697,-0.1011202232695631,2,2
511,0.5110000000000003,ramp,51.1,2.3333629025267015,0.006839723791808083,1.045338351437138,0.045338351437137936,0.006601832896505935,1.2433302921790095,0.0021191133182763863,-0.23789089530214855,2,2
512,0.5120000000000003,ramp,51.2,2.336579472913164,0.003216570386462614,1.0453900895272068,0.0453900895272068,0.0031152185932134483,1.246445510772223,0.0021224368965169845,-0.10135179324916553,2,2
513,0.5130000000000003,ramp,51.3,2.3434378545587795,0.0068583816456153635,1.0455099499320706,0.04550994993207058,0.006620795105045774,1.2530663058772689,0.002125527209272845,-0.23758654056958967,2,2
514,0.5140000000000003,ramp,51.4,2.3466737054244344,0.003235850865654921,1.0455618065266583,0.04556180652665831,0.0031342684857350632,1.256200574363004,0.0021288507318001234,-0.10158237991985795,2,2
515,0.5150000000000003,ramp,51.5,2.353550719641797,0.0068770142173626425,1.045681518516269,0.04568151851626889,0.006639730903610294,1.2628403052666144,0.0021319415609426075,-0.23728331375234835,2,2
516,0.5160000000000003,ramp,51.6,2.356805876313887,0.003255156672089754,1.0457334931257405,0.04573349312574049,0.0031533446852409063,1.2659936499518554,0.002135265041165591,-0.1018119868488477,2,2
517,0.5170000000000003,ramp,51.7,2.3637014980250974,0.006895621711210609,1.0458530572620526,0.04585305726205258,0.0066586405009260346,1.2726522904527815,0.002138356398577631,-0.2369812102845743,2,2
518,0.5180000000000003,ramp,51.8,2.3669759856265,0.003274487601402587,1.045905149398663,0.04590514939866308,0.003172446983548151,1.2758247374363296,0.0021416798497718263,-0.10204061785443587,2,2
519,0.5190000000000003,ramp,51.9,2.3738901899564215,0.006914204329921514,1.0460245662413046,0.046024566241304576,0.00667752410447292,1.2825022615408026,0.0021447717472052397,-0.2366802254485942,2,2
520,0.5200000000000004,ramp,52.0,2.377184033406655,0.0032938434502334246,1.046076775419156,0.046076775419156,0.0031915751737239036,1.2856938367145265,0.0021480951825130538,-0.10226827650952099,2,2
521,0.5210000000000004,ramp,52.1,2.3841167956818206,0.006932762275165594,1.046196045525458,0.046196045525457974,0.006696381920488871,1.2923902186350154,0.0021511876315920973,-0.23638035467672247,2,2
522,0.5220000000000004,ramp,52.2,2.3874300196984573,0.0033132240166366955,1.0462483712605046,0.04624837126050463,0.0032107290500616986,1.295600947685077,0.002154511064025735,-0.10249496657499697,2,2
523,0.5230000000000004,ramp,52.3,2.394381315445732,0.0069512957472745995,1.046367495185502,0.04636749518550198,0.006715214153983324,1.3023161618390602,0.002157604076246377,-0.23608159329127545,2,2
524,0.5240000000000004,ramp,52.4,2.3977139445454885,0.0033326290997566232,1.0464199369955358,0.046419936995535815,0.003229908408101841,1.305546070247162,0.0021609275186897023,-0.10272069165478222,2,2
525,0.5250000000000004,ramp,52.5,2.404683749491038,0.0069698049455495514,1.0465389152920166,0.04653891529201659,0.006734021008728596,1.3122800912558905,0.0021640211054220946,-0.2357839368209557,2,2
526,0.5260000000000004,ramp,52.6,2.4080358079909727,0.003352058499934696,1.0465914726966543,0.04659147269665431,0.0032491130445951744,1.3155292043004856,0.0021673445706317882,-0.10294545533952142,2,2
527,0.5270000000000004,ramp,52.7,2.415024098058981,0.006988290068008496,1.0467103059151273,0.04671030591512726,0.006752802687286425,1.322282006987772,0.002170438743123488,-0.23548738072207057,2,2
528,0.5280000000000004,ramp,52.8,2.418395610077852,0.0033715120188708703,1.0467629784358148,0.046762978435814784,0.00326834275751713,1.3255503497452892,0.0021737622437299074,-0.10316926135374048,2,2
529,0.5290000000000004,ramp,52.9,2.4254023613891595,0.0070067513113074575,1.0468816671245176,0.04688166712451758,0.006771559390998111,1.3323219091362872,0.002176857013106936,-0.23519192030934613,2,2
530,0.5300000000000004,ramp,53.0,2.428793350848515,0.0033909894593553425,1.0469344542845322,0.046934454284532245,0.003287597346060501,1.3356095064823477,0.0021801805616187093,-0.10339211329484128,2,2
531,0.5310000000000004,ramp,53.1,2.435818539719719,0.007025188871204069,1.047052998989475,0.047052998989475014,0.006790291319995218,1.342399797802343,0.0021832759388849695,-0.23489755120885067,2,2
532,0.5320000000000004,ramp,53.2,2.4392290303451363,0.0034104906254173173,1.047105900313917,0.047105900313916926,0.003306876610615948,1.3457066744129589,0.0021865995476877793,-0.10361401480136946,2,2
533,0.5330000000000004,ramp,53.3,2.446272633287203,0.007043602942066851,1.0472243015788578,0.04722430157885782,0.0068089986732061064,1.352515673086165,0.0021896955437297498,-0.23460426886074467,2,2
534,0.5340000000000004,ramp,53.4,2.4497026486093687,0.0034300153221655805,1.0472773165946252,0.047277316594625196,0.0033261803527788996,1.3558418534389438,0.002193019225088624,-0.10383496938668087,2,2
535,0.5350000000000004,ramp,53.5,2.4567646423265326,0.0070619937171638725,1.0473955749611226,0.047395574961122566,0.006827681648375666,1.3626695350873195,0.0021961158506765516,-0.23431206878820643,2,2
536,0.5360000000000004,ramp,53.6,2.4602142056825476,0.003449563356014984,1.0474487031969166,0.04744870319691663,0.003345508375327712,1.3660150434626472,0.0021994396167378627,-0.10405498068727197,2,2
537,0.5370000000000004,ramp,53.7,2.467294567071253,0.007080361388705381,1.0475668192042906,0.04756681920429062,0.0068463404420532345,1.3728613839047006,0.0022025368825262185,-0.23402094665214615,2,2
538,0.5380000000000004,ramp,53.8,2.470763701605742,0.003469134534489271,1.0476200601906114,0.04762006019061138,0.003364860482234366,1.3762262443869349,0.0022058607453195236,-0.10427405225490495,2,2
539,0.5390000000000004,ramp,53.9,2.477862407753221,0.007098706147478762,1.0477380343759817,0.047738034375981675,0.006864975249600743,1.3830912196365357,0.0022089586618483244,-0.23373089787801904,2,2
540,0.5400000000000004,ramp,54.0,2.4813511364195975,0.003488728666376506,1.0477913876451352,0.04779138764513524,0.0033842364786534737,1.386475456115189,0.0022122826332872485,-0.1044921877230323,2,2
541,0.5410000000000004,ramp,54.1,2.488468164602895,0.0071170281832975135,1.0479092205434368,0.047909220543436826,0.006883586265206504,1.3933590423803957,0.002215381210985511,-0.2334419180910095,2,2
542,0.5420000000000004,ramp,54.2,2.491976510164334,0.0035083455614390857,1.0479626856294944,0.04796268562949435,0.0034036361709126827,1.3967626785513083,0.002218705302870078,-0.10470939052640302,2,2
543,0.5430000000000004,ramp,54.3,2.4991118378491235,0.0071353276847894165,1.0480803777734604,0.048080377773460414,0.006902173681889275,1.4036648522331976,0.0022218045520543033,-0.23315400290014124,2,2
544,0.5440000000000004,ramp,54.4,2.502639822879963,0.00352798503083962,1.0481339542122885,0.0481339542122885,0.0034230593665000022,1.4070879115996975,0.002225128776071164,-0.10492566433961767,2,2
545,0.5450000000000004,ramp,54.5,2.509793427719435,0.0071536048394720275,1.0482515061324755,0.04825150613247553,0.00692073769150853,1.414008649291206,0.0022282287069508933,-0.23286714796349767,2,2
546,0.5460000000000004,ramp,54.6,2.5133410746060916,0.0035476468866564304,1.048305193461723,0.048305193461722906,0.0034425058740711234,1.417451155165277,0.002231553074675587,-0.10514101258530693,2,2
547,0.5470000000000004,ramp,54.7,2.520512934439724,0.0071718598336323325,1.0484226056865416,0.04842260568654155,0.006939278484759104,1.4243904336500361,0.0022346536973515186,-0.23258134887322884,2,2
548,0.5480000000000004,ramp,54.8,2.524080265381982,0.003567330942257918,1.0484764034456053,0.04847640344560533,0.003461975503432689,1.4278524091534688,0.0022379782202495545,-0.10535543882522888,2,2
549,0.5490000000000004,ramp,54.9,2.5312703582344875,0.007190092852505714,1.0485936765012798,0.04859367650127977,0.006957796251193622,1.4348102054046623,0.002241079544716626,-0.232296601312092,2,2
550,0.5500000000000004,ramp,55.0,2.534857395246581,0.003587037012093397,1.048647584231333,0.048647584231332974,0.0034814680655415524,1.4382916734702038,0.0022444042341453188,-0.10556894655184461,2,2
551,0.5510000000000004,ramp,55.1,2.542065699326858,0.0072083040802772835,1.0487647186419837,0.04876471864198373,0.006976291179210617,1.4452679646494144,0.0022475062702938626,-0.23201290106666678,2,2
552,0.5520000000000004,ramp,55.2,2.5456724642385673,0.0036067649117090816,1.0488187358859353,0.04881873588593533,0.0035009833725007634,1.4487689480219152,0.0022508311375037515,-0.10578153920831829,2,2
553,0.5530000000000004,ramp,55.3,2.5528989579382855,0.007226493699718173,1.0489357321734794,0.04893573217347935,0.006994763456068802,1.455763711477984,0.0022539338951191997,-0.23173024364937095,2,2
554,0.5540000000000004,ramp,55.4,2.556525472396217,0.0036265144579314956,1.0489898584760367,0.04898985847603665,0.0035205212375513674,1.4592842327155353,0.002257258951255346,-0.10599322038012818,2,2
555,0.5550000000000004,ramp,55.5,2.563770134289074,0.007244661892856996,1.04910671716032,0.04910671716031989,0.007013213267898459,1.4662974459834337,0.002260362440022228,-0.23144862495853671,2,2
556,0.5560000000000004,ramp,55.6,2.5674164197575333,0.0036462854684593538,1.0491609520678764,0.04916095206787641,0.003540081475053926,1.4698375274584876,0.002263687696123316,-0.10620399340542783,2,2
557,0.5570000000000004,ramp,55.7,2.574679228597884,0.007262808840350576,1.0492776736666138,0.04927767366661384,0.007031640799709477,1.4768691682581971,0.0022667919256277357,-0.23116804064109933,2,2
558,0.5580000000000004,ramp,55.8,2.5783453063603057,0.003666077762421782,1.0493320167273377,0.04933201672733767,0.0035596639004997132,1.480428832158697,0.002270117392631305,-0.10641386192206895,2,2
559,0.5590000000000004,ramp,55.9,2.5856262410820836,0.007280934721777932,1.0494486017561033,0.04944860175610333,0.0070500462353784935,1.4874788783940753,0.002273222372355763,-0.23088848639943835,2,2
560,0.5600000000000004,ramp,56.0,2.589312132241826,0.0036858911597423827,1.0495030525199078,0.04950305251990783,0.003579268330504759,1.49105814672458,0.002276548061097457,-0.10662282923762367,2,2
561,0.5610000000000004,ramp,56.1,2.5966111719576794,0.007299039715853439,1.049619501492207,0.04961950149220695,0.007068429757669627,1.4981265764822496,0.0022796538004289015,-0.23060995818381236,2,2
562,0.5620000000000004,ramp,56.2,2.6003168974391766,0.0037057254814971685,1.0496740595106901,0.04967405951069015,0.0035988945827918955,1.5017254710650414,0.0022829797216436104,-0.10683089870527299,2,2
563,0.5630000000000004,ramp,56.3,2.6076340214390976,0.007317123999921016,1.049790372937932,0.04979037293793209,0.007086791548244137,1.5088122626132856,0.0022860862298715702,-0.23033245167687882,2,2
564,0.5640000000000004,ramp,56.4,2.6113596019893164,0.0037255805502187656,1.0498450377644455,0.04984503776444549,0.0036185424761872973,1.5124308050894728,0.002289412394194569,-0.1070380740314683,2,2
565,0.5650000000000004,ramp,56.5,2.618694789739628,0.007335187750311611,1.0499612161559375,0.049961216155937516,0.0071051317876559975,1.5195359368771288,0.002292519680513295,-0.23005596265561393,2,2
566,0.5660000000000004,ramp,56.6,2.6224402459286296,0.0037454561890015725,1.050015987345543,0.05001598734554302,0.0036382118306234057,1.5231741487077524,0.0022958460984818818,-0.10724435837816682,2,2
567,0.5670000000000004,ramp,56.7,2.6297934770710394,0.007353231142409822,1.0501320312085558,0.050132031208555805,0.0071234506553608645,1.5302975993631132,0.0022989541719914035,-0.22978048704895732,2,2
568,0.5680000000000004,ramp,56.8,2.633558829293424,0.0037653522223846103,1.0501869083180135,0.050186908318013534,0.003657902467127039,1.5339555018302402,0.002302280854046985,-0.10744975525757124,2,2
569,0.5690000000000004,ramp,56.9,2.640930084918563,0.007371255625138851,1.05030281815968,0.050302818159680074,0.007141749602224724,1.541097251432465,0.0023053907215480145,-0.2295060229141263,2,2
570,0.5700000000000004,ramp,57.0,2.644715351093975,0.003785266175412083,1.050357800709023,0.05035780070902307,0.0036776119837392237,1.5447748634162042,0.0023087161255041302,-0.10765419167285943,2,2
571,0.5710000000000004,ramp,57.1,2.652104611938757,0.007389260844782086,1.0504735770644091,0.050473577064409136,0.007160028215287897,1.5519348916314921,0.0023118272620404074,-0.22923262949418963,2,2
572,0.5720000000000004,ramp,57.2,2.655909812392189,0.0038052004534319117,1.0505286646185015,0.05052866461850147,0.0036973426971875644,1.5556322343286797,0.002315152960797647,-0.10785775624434736,2,2
573,0.5730000000000004,ramp,57.3,2.6633170585962382,0.0074072462040493114,1.0506443079881018,0.05064430798810182,0.007178285968132463,1.5628105202968121,0.002318264936487028,-0.22896023591684883,2,2
574,0.5740000000000004,ramp,57.4,2.667142213217623,0.003825154621384552,1.0506995001093034,0.05069950010930335,0.0037170941769057953,1.566527614473718,0.002321590950275058,-0.10806044447875685,2,2
575,0.5750000000000004,ramp,57.5,2.6745674251135783,0.007425211895955464,1.05081501099196,0.05081501099196006,0.00719652305728666,1.5737241375310045,0.002324703746255322,-0.228688838668804,2,2
576,0.5760000000000004,ramp,57.6,2.67841255360766,0.0038451284940816954,1.0508703072440762,0.05087030724407615,0.0037368662349187244,1.5774610037659231,0.0023280300810930147,-0.10826225916297105,2,2
577,0.5770000000000004,ramp,57.7,2.6858557116988697,0.007443158091209767,1.0509856861365834,0.050985686136583386,0.007214739657244514,1.5846757434231677,0.002331143701065067,-0.22841843396525283,2,2
578,0.5780000000000004,ramp,57.8,2.689720833598572,0.0038651218997021175,1.0510410860850783,0.05104108608507829,0.003756658696132242,1.5884324021193,0.0023344703647480295,-0.10846320356987542,2,2
579,0.5790000000000004,ramp,57.9,2.6971819185567987,0.007461084958226838,1.0511563334822562,0.05115633348225623,0.007232935940622675,1.5956653380599226,0.0023375848156419023,-0.2281490176041633,2,2
580,0.5800000000000004,ramp,58.0,2.701067053225712,0.0038851346689132704,1.0512118366942325,0.05121183669423246,0.0037764713877813222,1.5994418094477039,0.0023409118169782717,-0.10866328113194818,2,2
581,0.5810000000000004,ramp,58.1,2.708546045890345,0.007478992664633033,1.0513269530888631,0.05132695308886315,0.007251112079092507,1.6066929215267964,0.00234402710652528,-0.22788058554052554,2,2
582,0.5820000000000004,ramp,58.2,2.7124512125237983,0.0039051666334533053,1.0513825591331372,0.05138255913313716,0.0037963041383805877,1.610489225665177,0.00234735445472159,-0.10886249507271756,2,2
583,0.5830000000000004,ramp,58.3,2.719948093900868,0.00749688137706972,1.0514975450159825,0.05149754501598247,0.007269268243361675,1.6177584939085388,0.002350470590915955,-0.2276131337080444,2,2
584,0.5840000000000004,ramp,58.4,2.7238733115272087,0.003925217626340682,1.0515532534630119,0.05155325346301187,0.00381615677755307,1.6215746506860917,0.002353798295321616,-0.10906084878761248,2,2
585,0.5850000000000004,ramp,58.5,2.7313880627885325,0.007514751261323838,1.0516681093228382,0.05166810932283816,0.007287404603126834,1.6288620552892186,0.0023569152862372945,-0.22734665819700364,2,2
586,0.5860000000000004,ramp,58.6,2.7353333502700234,0.003945287481490922,1.051723919744726,0.0517239197447259,0.0038360291359923904,1.632698084425211,0.002360243356234219,-0.10925834549853179,2,2
587,0.5870000000000004,ramp,58.7,2.742865952752083,0.007532602482059669,1.051838646068335,0.051838646068335104,0.007305521327067348,1.6400036057522784,0.0023633612099543625,-0.22708115499232157,2,2
588,0.5880000000000004,ramp,58.8,2.746831328786032,0.003965376033948864,1.0518945580388501,0.051894558038850125,0.003855921045443711,1.643859526797722,0.0023666896549071124,-0.10945498850515331,2,2
589,0.5890000000000004,ramp,58.9,2.7543817639888477,0.007550435202815731,1.0520091553110718,0.05200915531107175,0.00732361858283343,1.6511831453805554,0.0023698083794823992,-0.22681661998230107,2,2
590,0.5900000000000004,ramp,59.0,2.7583672471086724,0.003985483119824718,1.052065168405599,0.05206516840559905,0.0038758323386878777,1.6550589777192433,0.002373137208712434,-0.10965078113683988,2,2
591,0.5910000000000004,ramp,59.1,2.7659354966952114,0.007568249586539011,1.0521796371092866,0.052179637109286636,0.007341696537052,1.6624006742562953,0.0023762568121465867,-0.22655304948701083,2,2
592,0.5920000000000004,ramp,59.2,2.769941105271302,0.004005608576090669,1.0522357509048865,0.052235750904886524,0.0038957628495393205,1.6662964371058346,0.002379586034917821,-0.1098457265513485,2,2
593,0.5930000000000004,ramp,59.3,2.7775271510659527,0.007586045794650609,1.052350091520937,0.05235009152093695,0.00735975535532847,1.673656192461163,0.0023827065251549933,-0.22629043932213908,2,2
594,0.5940000000000004,ramp,59.4,2.78155290330683,0.00402575224087709,1.0524063055962767,0.05240630559627668,0.003915712412829223,1.6775719048739923,0.002386036150667943,-0.11003982804786652,2,2
595,0.5950000000000004,ramp,59.5,2.7891567272948627,0.007603823988032943,1.0525205186036388,0.05252051860363882,0.007377795202259844,1.684949700076252,0.0023891575355864604,-0.226028785773099,2,2
596,0.5960000000000004,ramp,59.6,2.7932026412481195,0.004045913953256708,1.0525768325390352,0.05257683253903522,0.003935680864408211,1.6888853809406603,0.002392487572970445,-0.11023308884849664,2,2
597,0.5970000000000004,ramp,59.7,2.8008242255743316,0.007621584326212183,1.0526909184146886,0.05269091841468865,0.00739581624142183,1.6962811971820821,0.0023956098603831995,-0.225768084790353,2,2
598,0.5980000000000004,ramp,59.8,2.8048903191277565,0.00406609355342491,1.0527473317920795,0.052747331792079466,0.003955668041140295,1.7002368652232225,0.002398940318696736,-0.11042551228461484,2,2
599,0.5990000000000004,ramp,59.9,2.812529646095739,0.00763932696798264,1.052861291011114,0.05286129101111392,0.0074138186353996886,1.707650683858622,0.0024020635163447494,-0.22550833258295175,2,2
600,0.6000000000000004,ramp,60.0,2.816615936978012,0.004086290882272969,1.052917803414023,0.05291780341402297,0.003975673780879056,1.7116263576395012,0.002405394404573197,-0.11061710139391358,2,2
601,0.6010000000000004,ramp,60.1,2.8242729890489944,0.007657052070982218,1.0530316364495798,0.053031636449579755,0.0074318025457659476,1.7190581601852672,0.0024085185201266103,-0.22524952521627006,2,2
602,0.6020000000000004,ramp,60.2,2.8283794948310588,0.004106505782064396,1.0530882474631693,0.053088247463169314,0.003995697922497416,1.7230538581077646,0.002411849847180996,-0.11080785956698018,2,2
603,0.6030000000000004,ramp,60.3,2.836054254623023,0.007674759791964192,1.0532019547864868,0.053201954786486816,0.007449768133099722,1.7305036262408644,0.002414974888239563,-0.22499165886446984,2,2
604,0.6040000000000004,ramp,60.4,2.840180992718688,0.004126738095664884,1.0532586639975359,0.05325866399753587,0.004015740305852544,1.734519366546717,0.002418306662957198,-0.11099778981233949,2,2
605,0.6050000000000004,ramp,60.5,2.8478734430053843,0.007692450286696406,1.0533722460779096,0.05337224607790958,0.007467715556991982,1.741987082103709,0.002421432637048099,-0.22473472970442435,2,2
606,0.6060000000000004,ramp,60.6,2.8520204306726704,0.004146987667286162,1.0534290530747787,0.05342905307477874,0.004035800771783811,1.7460228828754927,0.002424764868191703,-0.11118689550235032,2,2
607,0.6070000000000004,ramp,60.7,2.8597305543826472,0.007710123709976813,1.0535425103796363,0.05354251037963631,0.0074856449760571705,1.7535085278515499,0.002427891782771975,-0.22447873391964224,2,2
608,0.6080000000000004,ramp,60.8,2.863897808724456,0.004167254341808757,1.053599414752277,0.05359941475227692,0.0040558791621199295,1.7575644070136698,0.0024312244790308636,-0.11137517968882754,2,2
609,0.6090000000000004,ramp,60.9,2.8716255889400912,0.007727780215635249,1.0537127477471395,0.05371274774713952,0.007503556547917174,1.765067963561587,0.002434352341485461,-0.22422366771807523,2,2
610,0.6100000000000004,ramp,61.0,2.8758131269053058,0.004187537965214538,1.0537697490870972,0.053769749087097196,0.004075975319667088,1.769143938881254,0.0024376855114754937,-0.1115626455474505,2,2
611,0.6110000000000004,ramp,61.1,2.883558546861847,0.007745419956541433,1.0538829582356426,0.0538829582356426,0.007521450429230803,1.7766653893104847,0.002440814329119855,-0.22396952731063013,2,2
612,0.6120000000000004,ramp,61.2,2.887766385246306,0.004207838384458817,1.05394005613603,0.053940056136029924,0.004096089088196827,1.7807614783986816,0.002444147981384096,-0.11174929626199016,2,2
613,0.6130000000000004,ramp,61.3,2.8955294283309323,0.0077630430846262755,1.054053141900014,0.05405314190001409,0.007539326775678948,1.7883008051743605,0.002447277761462594,-0.22371630894732747,2,2
614,0.6140000000000004,ramp,61.4,2.899757583778276,0.004228155447343784,1.0541103359555408,0.05411033595554082,0.00411622031246205,1.7924170254868226,0.0024506119044719644,-0.11193513488173476,2,2
615,0.6150000000000004,ramp,61.5,2.9075382335291162,0.007780649750840141,1.0542232987948632,0.054223298794863206,0.007557185741986127,1.7999742112288086,0.002453742654160361,-0.2234640088540135,2,2
616,0.6160000000000004,ramp,61.6,2.911786722531981,0.004248489002864897,1.0542805886018245,0.0542805886018245,0.004136368838153579,1.8041105800669621,0.002457077296313077,-0.11212016471131778,2,2
617,0.6170000000000004,ramp,61.7,2.9195849626371695,0.00779824010518837,1.0543934289745067,0.05439342897450672,0.007575027481922079,1.8116856075488843,0.002460209022719307,-0.22321262326629054,2,2
618,0.6180000000000004,ramp,61.8,2.923853801537773,0.004268838900603367,1.0544508141307374,0.05445081413073738,0.004156534511933421,1.8158421420608177,0.002463544172342872,-0.11230438866994576,2,2
619,0.6190000000000004,ramp,61.9,2.9316696158345925,0.007815814296819656,1.0545635324930116,0.0545635324930116,0.00759285214829574,1.8234349942091135,0.0024666768825058103,-0.2229621485239164,2,2
620,0.6200000000000004,ramp,62.0,2.9359588208260146,0.0042892049914220465,1.0546210125978874,0.05462101259788743,0.0041767171814152525,1.8276117113905288,0.0024700125478571786,-0.11248781000679393,2,2
621,0.6210000000000004,ramp,62.1,2.9437921932999025,0.007833372473887934,1.054733609404089,0.05473360940408889,0.007610659892970058,1.835222371283499,0.002473146248748948,-0.2227125809178762,2,2
622,0.6220000000000004,ramp,62.2,2.9481017804267813,0.004309587126878789,1.0547911840585893,0.05479118405858929,0.00419691669515446,1.8394192879786535,0.0024764824380157794,-0.11267043172432864,2,2
623,0.6230000000000004,ramp,62.3,2.955952695210409,0.007850914783627871,1.0549036597612247,0.05490365976122469,0.007628450866867446,1.8470477388455209,0.0024796171365410176,-0.22246391676042537,2,2
624,0.6240000000000004,ramp,62.4,2.9602826803699895,0.004329985159580385,1.0549613285678539,0.05496132856785385,0.004217132902644209,1.851264871748165,0.0024829538578414584,-0.11285225693617641,2,2
625,0.6250000000000004,ramp,62.5,2.9681511217423235,0.007868441372334,1.0550736836176189,0.055073683617618885,0.007646225219975247,1.8589110969681402,0.0024860895608396745,-0.222216152358754,2,2
626,0.6260000000000004,ramp,62.6,2.972501520685368,0.004350398943044453,1.055131446180427,0.05513144618042709,0.0042373656543157855,1.863148462622456,0.002489426822223249,-0.11303328872866794,2,2
627,0.6270000000000004,ramp,62.7,2.980387473070789,0.007885952385421113,1.0552436810261812,0.05524368102618116,0.007663983101346177,1.870812445723802,0.0024925635364685017,-0.22196928407493613,2,2
628,0.6280000000000004,ramp,62.8,2.984758301402541,0.0043708283317518415,1.0553015369507392,0.05530153695073925,0.004257614801526538,1.8750700605253285,0.002495901345917191,-0.1132135302253038,2,2
629,0.6290000000000004,ramp,62.9,2.9926617493698773,0.00790344796733633,1.0554136520395216,0.055413652039521644,0.00768172465910517,1.8827517851844338,0.0024990390781187825,-0.22172330823116027,2,2
630,0.6300000000000004,ramp,63.0,2.997053022550749,0.004391273180871735,1.0554716009329979,0.055471600932997855,0.00427788019657022,1.887029665381004,0.0025023774435477624,-0.11339298430151565,2,2
631,0.6310000000000004,ramp,63.1,3.0049739508125346,0.007920928261785587,1.0555835967100682,0.055583596710068184,0.007699450040449027,1.894729115421453,0.002505516200350839,-0.22147822133655998,2,2
632,0.6320000000000005,ramp,63.2,3.00938568415931,0.0044117333467754705,1.0556416381810656,0.0556416381810656,0.004298161692649447,1.8990272771141024,0.002508855129608,-0.11357165412602312,2,2
633,0.6330000000000005,ramp,63.3,3.017324077570533,0.007938393411222933,1.0557535150899011,0.05575351508990112,0.007717159391674548,1.9067444365057769,0.0025119949175962343,-0.22123401954838445,2,2
634,0.6340000000000005,ramp,63.4,3.0217562862571783,0.004432208686645289,1.0558116487485822,0.05581164874858224,0.004318459143880784,1.9110628956496576,0.0025153344184643996,-0.11374954276450501,2,2
635,0.6350000000000005,ramp,63.5,3.0297121298149055,0.00795584355772716,1.0559234072308201,0.05592340723082012,0.007734852858149967,1.9187977485078076,0.0025184752441565245,-0.22099069957719294,2,2
636,0.6360000000000005,ramp,63.6,3.0341648288733074,0.004452699058401954,1.0559816326889124,0.05598163268891243,0.004338772405301769,1.9231365209131093,0.00252181532435379,-0.11392665310018535,2,2
637,0.6370000000000005,ramp,63.7,3.0421381077152367,0.007973278841929332,1.0560932731844426,0.05609327318444257,0.007752530584341817,1.930889051497451,0.0025249571942082398,-0.22074825758751532,2,2
638,0.6380000000000005,ramp,63.8,3.046611312036341,0.004473204321104429,1.0561515900550975,0.05615159005509751,0.004359101332840377,1.9352481528302914,0.002528297861386719,-0.1141029882640518,2,2
639,0.6390000000000005,ramp,63.9,3.054602011440277,0.007990699403936041,1.0562631130020592,0.05626311300205922,0.00777019271382086,1.9430183455441123,0.002531440781801575,-0.22050669011518167,2,2
640,0.6400000000000005,ramp,64.0,3.0590957357748203,0.004493724334543092,1.056321520899998,0.05632152089999809,0.004379445783339932,1.9473977913274523,0.002534782043551472,-0.11427855120316015,2,2
641,0.6410000000000005,ramp,64.1,3.067103841157711,0.008008105382890651,1.0564329267346888,0.056432926734688804,0.007787839389247507,1.9551856307166997,0.0025379260208620576,-0.2202659936431442,2,2
642,0.6420000000000005,ramp,64.2,3.071618100117057,0.004514258959345874,1.0564914252761106,0.05649142527611062,0.004399805614528117,1.9595854363312277,0.002541267884709316,-0.11445334481775642,2,2
643,0.6430000000000005,ramp,64.3,3.079643597034096,0.008025496917039021,1.0566027144331387,0.05660271443313869,0.007805470752401015,1.9673909070836288,0.0025444129251931645,-0.22002616463800626,2,2
644,0.6440000000000005,ramp,64.4,3.084178405091408,0.004534808057312212,1.0566613032357604,0.05666130323576035,0.004420180685024715,1.9718110877686537,0.0025477553986014718,-0.1146273722874968,2,2
645,0.6450000000000005,ramp,64.5,3.0922212792350505,0.008042874143642464,1.0567724761479547,0.056772476147954665,0.007823086944174003,1.9796341747128277,0.0025509015084765507,-0.21978719946846165,2,2
646,0.6460000000000005,ramp,64.6,3.0967766507257632,0.004555371490712723,1.0568311548309253,0.05683115483092527,0.004440570854329985,1.9840747455671577,0.002554244598847664,-0.11480063638273814,2,2
647,0.6470000000000005,ramp,64.7,3.1048368879251673,0.008060237199404074,1.0569422119293768,0.05694221192937676,0.007840688104574396,1.9919154336717322,0.0025573917842731226,-0.21954909482967827,2,2
648,0.6480000000000005,ramp,64.8,3.109412837048189,0.0045759491230215055,1.0570009801133868,0.057000980113386834,0.004460975982836783,1.9963764096545689,0.0025607354989481677,-0.11497314018472232,2,2
649,0.6490000000000005,ramp,64.9,3.1174904232679803,0.008077586219791488,1.0571119218274603,0.05711192182746028,0.007858274372719569,2.0042346840272884,0.002563883766024852,-0.21931184707191936,2,2
650,0.6500000000000005,ramp,65.0,3.1220869640863036,0.00459654081832328,1.0571707791346274,0.057170779134627425,0.004481395931811624,2.0087160799591,0.0025672281122846316,-0.11514488651165593,2,2
651,0.6510000000000005,ramp,65.1,3.130181885425972,0.008094921339668382,1.0572816058919468,0.05728160589194675,0.007875845886867796,2.016591925845968,0.0025703774670560236,-0.21907545280058607,2,2
652,0.6520000000000005,ramp,65.2,3.1347990318678276,0.004617146441855624,1.0573405519459267,0.05734055194592669,0.004501830563382356,2.0210937564093503,0.0025737224521198386,-0.11531587847326846,2,2
653,0.6530000000000005,ramp,65.3,3.1429112745607397,0.008112242692912108,1.0574512641723868,0.05745126417238677,0.007893402784414074,2.0289871591937643,0.002576872900575353,-0.21883990849803392,2,2
654,0.6540000000000005,ramp,65.4,3.147549040420094,0.004637765859354381,1.0575102985982383,0.05751029859823831,0.00452227974054178,2.0335094389343062,0.0025802185316039883,-0.11548611881260096,2,2
655,0.6550000000000005,ramp,65.5,3.15567859083278,0.008129550412685926,1.0576208967180352,0.057620896718035164,0.00791094520188192,2.041420384136188,0.002583370079674013,-0.21860521080400638,2,2
656,0.6560000000000005,ramp,65.6,3.16033698977044,0.004658398937659847,1.0576800191423197,0.05768001914231968,0.00454274332714612,2.0459631274633345,0.0025867163637687787,-0.11565561051372647,2,2
657,0.6570000000000005,ramp,65.7,3.168483834401706,0.008146844631266248,1.0577905035779414,0.057790503577941355,0.007928473274950956,2.0538916007382855,0.002589869017331404,-0.2183713563152917,2,2
658,0.6580000000000005,ramp,65.8,3.1731628799461316,0.004679045544425442,1.0578497136286549,0.057849713628654875,0.00456322118790761,2.058454821926193,0.0025932159615361513,-0.11582435651783222,2,2
659,0.6590000000000005,ramp,65.9,3.1813270054260334,0.008164125479901863,1.057960084800885,0.05796008480088499,0.007945987138423791,2.066400809064617,0.0025963697264118177,-0.21813834147807118,2,2
660,0.6600000000000005,ramp,66.0,3.1860267109740263,0.004699705547992927,1.0580193821074868,0.058019382107486805,0.004583713188398704,2.0709845222530157,0.0025997173377128287,-0.11599235959422298,2,2
661,0.6610000000000005,ramp,66.1,3.1942081040633723,0.008181393089345956,1.0581296404354192,0.05812964043541924,0.007963486926262713,2.0789480091792782,0.0026028722196690473,-0.21790616308324343,2,2
662,0.6620000000000005,ramp,66.2,3.1989284828811284,0.00472037881775611,1.0581890246288037,0.05818902462880371,0.004604219195036208,2.0835522283743146,0.0026062205049951015,-0.1161596227199019,2,2
663,0.6630000000000005,ramp,66.3,3.2071271304702798,0.008198647589151342,1.0582991705298108,0.05829917052981082,0.007980972771593441,2.091533201145908,0.0026093765097461095,-0.21767481755790088,2,2
664,0.6640000000000005,ramp,66.4,3.211868195694101,0.004741065223821117,1.0583586412423478,0.0583586412423478,0.004624739075067131,2.096157940220975,0.002612725475969879,-0.11632614875398649,2,2
665,0.6650000000000005,ramp,66.5,3.2200840848024734,0.008215889108372565,1.058468675132224,0.05846867513222409,0.007998444806696117,2.104156385027671,0.002615882609176063,-0.21744430167644838,2,2
666,0.6660000000000005,ramp,66.6,3.2248458494396246,0.004761764637151167,1.0585282319976494,0.05852823199764945,0.00464527269658553,2.1088016577242565,0.002619232263113492,-0.11649194056563647,2,2
667,0.6670000000000005,ramp,66.7,3.2330789672146567,0.008233117775032106,1.0586381542903947,0.05863815429039465,0.008015903163025294,2.1168175608872817,0.002622390530384469,-0.21721461200681183,2,2
668,0.6680000000000005,ramp,66.8,3.237861444144163,0.004782476929506174,1.0586977969439464,0.05869779694394639,0.004665819928513355,2.121483380815795,0.002625740878796706,-0.11665700099281959,2,2
669,0.6690000000000005,ramp,66.9,3.2461117778605884,0.008250333716425473,1.0588076080519873,0.05880760805198726,0.008033347971187342,2.129516728786982,0.0026289002856883063,-0.21698574523813102,2,2
670,0.6700000000000005,ramp,67.0,3.250914979834011,0.004803201973422766,1.058867336130292,0.05886733613029205,0.004686380640610409,2.1342031094275926,0.0026322513352815885,-0.11682133281235713,2,2
671,0.6710000000000005,ramp,67.1,3.259182516892973,0.008267537058961771,1.0589770364643616,0.05897703646436159,0.008050779360978665,2.1422538887885714,0.0026354118872996836,-0.2167576979831068,2,2
672,0.6720000000000005,ramp,67.2,3.2640064565354043,0.004823939642431441,1.059036849605452,0.05903684960545208,0.004706954703449928,2.146960843492021,0.002638763644725652,-0.11698493898151287,2,2
673,0.6730000000000005,ramp,67.3,3.2722911844638602,0.008284727928455915,1.0591464395746386,0.05914643957463861,0.008068197461369749,2.1550290409533908,0.0026419253473250067,-0.2165304670861661,2,2
674,0.6740000000000005,ramp,67.4,3.27713587427447,0.004844689810609815,1.0592063374180074,0.059206337418007404,0.004727541988424184,2.159756582941815,0.0026452778191814468,-0.11714782218563094,2,2
675,0.6750000000000005,ramp,67.5,3.2854377807241026,0.008301906449632579,1.059315817429754,0.05931581742975389,0.00808560240051524,2.16784218534233,0.002648440677766762,-0.21630404911733916,2,2
676,0.6760000000000005,ramp,67.6,3.2903032330770596,0.004865452352956989,1.059375799616253,0.059375799616252944,0.004748142367742205,2.1725903277100724,0.0026517938705981833,-0.11730998521478422,2,2
677,0.6770000000000005,ramp,67.7,3.298622305823627,0.00831907274656718,1.0594851700763872,0.059485170076387206,0.008102994305764605,2.180693322015837,0.002654957890524617,-0.21607844080257474,2,2
678,0.6780000000000005,ramp,67.8,3.3035085329691296,0.004886227145502797,1.0595452362483175,0.059545236248317535,0.004768755714420883,2.1854620777302576,0.002658311810822777,-0.11747143108191416,2,2
679,0.6790000000000005,ramp,67.9,3.3118447599116347,0.008336226942505132,1.059654497560972,0.059654497560972075,0.00812037330364856,2.193582451033906,0.0026614769973958524,-0.21585363885657202,2,2
680,0.6800000000000005,ramp,68.0,3.3167517739762538,0.00490701406461902,1.0597146473620036,0.0597146473620036,0.004789381902288243,2.198371832936194,0.0026648316516006453,-0.11763216233077675,2,2
681,0.6810000000000005,ramp,68.1,3.3251051431363035,0.008353369160049695,1.0598237999297946,0.059823799929794585,0.008137739519899162,2.2065095724560932,0.002667998010077593,-0.21562964015053343,2,2
682,0.6820000000000005,ramp,68.2,3.3300329561241817,0.004927812987878255,1.059884033004989,0.05988403300498901,0.004810020805968995,2.211319593262062,0.002671353404576311,-0.11779218190926047,2,2
683,0.6830000000000005,ramp,68.3,3.3384034556449347,0.008370499520752972,1.0599930772288235,0.05999307722882352,0.008155093079452468,2.2194746863415147,0.002674520940166814,-0.2154064413005044,2,2
684,0.6840000000000005,ramp,68.4,3.3433520794382177,0.00494862379328298,1.0600533932246514,0.06005339322465142,0.004830672300881939,2.2243053586423964,0.0026778770812959326,-0.11795149240104076,2,2
685,0.6850000000000005,ramp,68.5,3.3517396975838327,0.008387618145615061,1.060162329503886,0.060162329503886,0.00817243410645132,2.2324777927488477,0.002681045799161182,-0.2151840391637419,2,2
686,0.6860000000000005,ramp,68.6,3.356709143943765,0.004969446359932128,1.0602227280682133,0.06022272806821327,0.004851336263236338,2.237329129012084,0.0026844026932059846,-0.11811009669579052,2,2
687,0.6870000000000005,ramp,68.7,3.3651138690985367,0.008404725154771864,1.060331556800557,0.06033155680055691,0.008189762724253489,2.2455188917363373,0.002687572598461276,-0.21496243051837524,2,2
688,0.6880000000000005,ramp,68.8,3.3701041496660924,0.004990280567555683,1.0603920375825808,0.060392037582580826,0.004872012570034654,2.250390904306372,0.0026909302516578315,-0.11826799752102847,2,2
689,0.6890000000000005,ramp,68.9,3.3785259703336683,0.008421820667575908,1.0605007591641993,0.06050075916419928,0.008207079055421078,2.258597983361793,0.002694101349369871,-0.21474161215482948,2,2
690,0.6900000000000005,ramp,69.0,3.3835370966302536,0.005011126296585289,1.0605613218145062,0.06056132181450624,0.00489270109905564,2.2634906844608484,0.00269745976790201,-0.11842519752964902,2,2
691,0.6910000000000005,ramp,69.1,3.391976001432868,0.008438904802614555,1.060669936639929,0.060669936639929034,0.008224383221746099,2.2717150676825946,0.0027006320630953403,-0.21452158086845627,2,2
692,0.6920000000000005,ramp,69.2,3.39700798486136,0.00503198342849176,1.0607305808105096,0.06073058081050964,0.0049134017288593205,2.276628469411454,0.002703991253099439,-0.1185816996324392,2,2
693,0.6930000000000005,ramp,69.3,3.405463962539014,0.008455977677654047,1.0608390892727277,0.06083908927272774,0.008241675344241264,2.284870144755695,0.002707164750748886,-0.21430233341278304,2,2
694,0.6940000000000005,ramp,69.4,3.4105168143841675,0.005052851845153583,1.060899814616883,0.0608998146168831,0.004934114338783188,2.2898042590944785,0.0027105247183117375,-0.1187375063703951,2,2
695,0.6950000000000005,ramp,69.5,3.418989853794095,0.008473039409927274,1.0610082171072726,0.061008217107272555,0.008258955543143685,2.2980632146376223,0.002713699423349597,-0.21408386678358968,2,2
696,0.6960000000000005,ramp,69.6,3.4240635852235113,0.005073731429416473,1.0610690232797064,0.061069023279706425,0.0049548388089218,2.3030180534465443,0.002717060174508527,-0.11889262049467278,2,2
697,0.6970000000000005,ramp,69.7,3.43255367533919,0.008490090115678584,1.0611773201881112,0.06117732018811117,0.008276223937941703,2.3112942773844862,0.0027202360918226172,-0.21386617773688082,2,2
698,0.6980000000000005,ramp,69.8,3.437648297404077,0.005094622064887311,1.061238206844858,0.061238206844858034,0.004975575020148534,2.3162698524046346,0.0027235976325684927,-0.11904704473877664,2,2
699,0.6990000000000005,ramp,69.9,3.446155427314584,0.008507129910506617,1.061346398559535,0.061346398559535054,0.008293480647326401,2.324563333051961,0.002726774767000621,-0.21364926318021524,2,2
700,0.7000000000000005,ramp,70.0,3.4512709509504322,0.00511552363584844,1.0614073653579634,0.06140736535796343,0.00499632285409934,2.3295596559060603,0.0027301371032756984,-0.1192007817491002,2,2
701,0.7010000000000005,ramp,70.1,3.4597951098595905,0.008524158909158253,1.061515452265627,0.061515452265626935,0.00831072578925837,2.3378703816953186,0.002733315459625399,-0.2134331198998824,2,2
702,0.7020000000000005,ramp,70.2,3.4649315458869094,0.005136436027318947,1.0615764988644694,0.061576498864469364,0.0050170821931528635,2.3428874638884714,0.0027366785973247966,-0.11935383416608342,2,2
703,0.7030000000000005,ramp,70.3,3.473472723112862,0.008541177225952712,1.0616844813502893,0.061684481350289255,0.008327959480941154,2.3512154233694127,0.002739858180348541,-0.21321774501155757,2,2
704,0.7040000000000005,ramp,70.4,3.478630082238052,0.0051573591251896644,1.0617456074096179,0.061745607409617875,0.005037852920447327,2.35625327628986,0.002743222125320518,-0.1195062047423378,2,2
705,0.7050000000000005,ramp,70.5,3.4871882672120176,0.008558184973965766,1.061853485857211,0.061853485857211066,0.008345181838816263,2.3645984581286763,0.0027464029397315237,-0.2130031351495025,2,2
706,0.7060000000000005,ramp,70.6,3.4923665600279516,0.005178292815934071,1.0619146910384112,0.061914691038411185,0.005058634919870993,2.369657093048547,0.002749767697778292,-0.11965789606307835,2,2
707,0.7070000000000005,ramp,70.7,3.5009417422939553,0.008575182266003623,1.0620224658298743,0.06202246582987425,0.008362392978599678,2.378019486027147,0.002752949748247681,-0.21278928740394407,2,2
708,0.7080000000000005,ramp,70.8,3.5061409792808007,0.005199236986845435,1.0620837497956712,0.06208374979567122,0.005079428076042773,2.38309891410319,0.0027563153251253104,-0.11980891080266148,2,2
709,0.7090000000000005,ramp,70.9,3.5147331484947273,0.008592169213926582,1.0621914213115433,0.062191421311543316,0.008379593015247185,2.3914785071184372,0.0027594986162820614,-0.21257619867939662,2,2
710,0.7100000000000005,ramp,71.0,3.5199533400206775,0.005220191525950213,1.062252783726004,0.06225278372600407,0.005100232274340145,2.3965787393927775,0.002762865017700917,-0.11995925161006805,2,2
711,0.7110000000000005,ramp,71.1,3.528562485949519,0.008609145928841322,1.0623603523453338,0.06236035234533377,0.008396782062982429,2.4049755214557598,0.002766049554133337,-0.21236386585889339,2,2
712,0.7120000000000005,ramp,71.2,3.533803642271432,0.005241156321913021,1.062421792873815,0.06242179287381511,0.00512104740087423,2.410096568856634,0.002769416785759093,-0.12010892103879109,2,2
713,0.7130000000000005,ramp,71.3,3.5424297547926984,0.008626112521266549,1.0625292589740996,0.06252925897409956,0.008413960235290367,2.4185105290919244,0.00277260257201348,-0.21215228597618213,2,2
714,0.7140000000000005,ramp,71.4,3.5476918860569873,0.005262131264288872,1.0625907772832712,0.06259077728327123,0.005141873342468547,2.423652402434393,0.0027759706394657213,-0.12025792182032441,2,2
715,0.7150000000000005,ramp,71.5,3.556334955157843,0.008643069100855882,1.0626981412405487,0.06269814124054873,0.008431127644952711,2.4320835300793457,0.002779157680050302,-0.21194145590317132,2,2
716,0.7160000000000005,ramp,71.6,3.5616180714010106,0.005283116243167463,1.0627597369984036,0.06275973699840365,0.005162709986680389,2.437246240066026,0.002782526588905242,-0.12040625648707375,2,2
717,0.7170000000000005,ramp,71.7,3.5702780871778215,0.008660015776810859,1.0628669991871698,0.06286699918716976,0.008448284404008462,2.4456945244700345,0.0027857148882856372,-0.21173137280239632,2,2
718,0.7180000000000005,ramp,71.8,3.5755822003743702,0.0053041131965487764,1.0629286720891071,0.06292867208910713,0.005183559216770488,2.450878083686805,0.0027890853041202496,-0.12055397977828869,2,4
719,0.7190000000000005,ramp,71.9,3.584259149208807,0.008676948834436704,1.0630358328308087,0.06303583283080871,0.008465426903642402,2.4593435105904473,0.0027922738294503184,-0.21152193079430198,2,2
720,0.7200000000000005,ramp,72.0,3.589584270725912,0.005325121517104847,1.0630975825701021,0.06309758257010212,0.005204420429356702,2.464547931019804,0.002795645408025035,-0.12070108774814552,2,4
721,0.7210000000000005,ramp,72.1,3.5982781431518935,0.008693872425981741,1.063204642239319,0.0632046422393191,0.008482559190569523,2.4730304902103737,0.0027988352099491093,-0.21131323541221866,2,2
722,0.7220000000000005,ramp,72.2,3.6036242826926577,0.005346139540764128,1.0632664684873943,0.06326646848739426,0.005225292004434457,2.4782557822148084,0.00280220766530093,-0.12084753632967109,2,4
723,0.7230000000000005,ramp,72.3,3.6123350691342986,0.008710786441640916,1.063373427454484,0.06337342745448393,0.008499681163177073,2.4867554633779854,0.0028053987521967578,-0.2111052784638436,2,2
724,0.7240000000000005,ramp,72.4,3.6177022363115765,0.005367167177277921,1.0634353298843195,0.06343532988431955,0.00524617384839997,2.492001637226385,0.002808772070885261,-0.12099332887795071,2,4
725,0.7250000000000005,ramp,72.5,3.626429927288127,0.008727690976550573,1.0635421885180052,0.0635421885180052,0.008516792919718384,2.5005184301461036,0.002811964444030416,-0.2108980568321893,2,2
726,0.7260000000000005,ramp,72.6,3.631818131608267,0.005388204320139867,1.0636041668039073,0.06360416680390735,0.00526706585235366,2.5057854959984573,0.0028153386278576904,-0.12113846778620627,2,4
727,0.7270000000000005,ramp,72.7,3.640562717743422,0.008744586135155163,1.063710925471444,0.06371092547144408,0.00853389456763053,2.514319390566088,0.00281853228999892,-0.2106915675246339,2,2
728,0.7280000000000005,ramp,72.8,3.64597196860662,0.00540925086319799,1.0637729792890034,0.06377297928900338,0.005287967907521073,2.519607358473609,0.002821907343038071,-0.12128295567691641,2,4
729,0.7290000000000005,ramp,72.9,3.6547334406288936,0.008761472022273509,1.0638796383561433,0.0638796383561433,0.008550986214701557,2.5281583446883107,0.002825102297686727,-0.21048580757195184,2,2
730,0.7300000000000005,ramp,73.0,3.6601637473299986,0.005430306701105003,1.0639417673822134,0.06394176738221335,0.005308879905970736,2.5334672245942813,0.002828478224605189,-0.12142679513426745,2,4
731,0.7310000000000005,ramp,73.1,3.6689420960722683,0.008778348742269682,1.064048327213289,0.06404832721328901,0.00856806796823672,2.542035292562518,0.0028316744755883185,-0.21028077403296117,2,2
732,0.7320000000000005,ramp,73.2,3.6743934678014423,0.005451371729173982,1.0641105311259607,0.06411053112596066,0.005329801740519932,2.547365094303038,0.002835051281263094,-0.12156998865404944,2,4
733,0.7330000000000005,ramp,73.3,3.6831886842003145,0.008795216398872263,1.0642169920838507,0.06421699208385068,0.008585139934921283,2.5559502342379594,0.002838248832540507,-0.21007646395098006,2,2
734,0.7340000000000005,ramp,73.4,3.688661130043864,0.005472445843549334,1.0642792705624975,0.06427927056249749,0.005350733304707509,2.561300967542667,0.0028416265219283056,-0.12171253884182484,2,4
735,0.7350000000000005,ramp,73.5,3.6974732051391177,0.008812075095253835,1.0643856330086374,0.06438563300863742,0.008602202220771179,2.569903169763438,0.0028448253775111843,-0.20987287448265626,2,2
736,0.7360000000000005,ramp,73.6,3.7029667340799435,0.005493528940825776,1.0644479857338682,0.06444798573386823,0.005371674492773124,2.575274844256211,0.0028482039555952376,-0.12185444805265164,2,4
737,0.7370000000000005,ramp,73.7,3.7117956590138848,0.008828924933941273,1.064554250028235,0.064554250028235,0.008619254931143292,2.5838940991873542,0.002851404119507978,-0.20967000279798093,2,2
738,0.7380000000000005,ramp,73.8,3.7173102799323434,0.005514620918458668,1.0646166766819494,0.06461667668194937,0.0053926251996332195,2.5892867243869873,0.0028547835912698318,-0.12199571882544856,2,4
739,0.7390000000000005,ramp,73.9,3.7261560459490024,0.008845766016658985,1.0647228431831153,0.06472284318311528,0.008636298170723955,2.597923022557711,0.00285798506753279,-0.20946784593502998,2,2
740,0.7400000000000005,ramp,74.0,3.7316917676235573,0.00553572167455485,1.0647853434484276,0.06478534344842757,0.005413585320887876,2.603336607878599,0.0028613654379378187,-0.1221363536669743,2,4
741,0.7410000000000005,ramp,74.1,3.7405543660681877,0.008862598444630443,1.0648914125135127,0.06489141251351271,0.008653332043527494,2.6119899399221267,0.0028645682305561745,-0.20926640110294908,2,2
742,0.7420000000000005,ramp,74.2,3.746111197175976,0.005556831107788263,1.0649539860747672,0.06495398607476721,0.005434554752808429,2.617424494674935,0.0028679495045460645,-0.12227635497983387,2,4
743,0.7430000000000005,ramp,74.3,3.754990619494302,0.008879422318325947,1.0650599580594988,0.06505995805949882,0.008670356652912024,2.626094851327847,0.0028711536175044234,-0.2090656654139232,2,2
744,0.7440000000000005,ramp,74.4,3.76056856861197,0.0055779491176681795,1.06512260460235,0.06512260460235009,0.005455533392328138,2.631550384720175,0.0028745357999924812,-0.12241572534004135,2,4
745,0.7450000000000006,ramp,74.5,3.7694648063496414,0.008896237737671342,1.0652284798609966,0.06522847986099656,0.008687372101571514,2.6402377568217466,0.0028777412372484484,-0.2088656360998281,2,2
746,0.7460000000000006,ramp,74.6,3.7750638819536837,0.0055990756040422696,1.0652911990722227,0.0652911990722227,0.005476521137035514,2.645714277958782,0.0028811243331165193,-0.12255446700675572,2,4
747,0.7470000000000006,ramp,74.7,3.7839769267554875,0.008913044801803771,1.0653969779577124,0.06539697795771238,0.008704378491552082,2.6544186564503343,0.0028843310986021507,-0.20866631025168864,2,2
748,0.7480000000000006,ramp,74.8,3.7895971372234154,0.005620210467927933,1.0654597695253956,0.06545976952539556,0.00549751788518643,2.6599161743355206,0.0028877151126993836,-0.12269258274150326,2,4
749,0.7490000000000006,ramp,74.9,3.798526980832661,0.008929843609245758,1.0655654523892053,0.0655654523892053,0.008721375924231207,2.668637550259752,0.0028909232103167255,-0.20846768501455065,2,2
750,0.7500000000000006,ramp,75.0,3.804168334443041,0.005641353610379873,1.065628316002621,0.06562831600262098,0.005518523535678144,2.67415607379543,0.0028943081474568045,-0.12283007470172916,2,4
751,0.7510000000000006,ramp,75.1,3.8131149687012025,0.008946634258161446,1.0657339031948518,0.06573390319485184,0.008738364500353231,2.6828944382957833,0.00289751758107947,-0.20826975780821425,2,2
752,0.7520000000000006,ramp,75.2,3.818777473634774,0.005662504933571455,1.0657968385444943,0.06579683854449425,0.0055395379880660124,2.688433976283849,0.00290090344604207,-0.12296694550544256,2,4
753,0.7530000000000006,ramp,75.3,3.8277408870347482,0.008963413399974307,1.0659023304006412,0.0659023304006412,0.008755340897889267,2.6971893171817385,0.002904112284274725,-0.20807250208504033,2,2
754,0.7540000000000006,ramp,75.4,3.833424557573029,0.005683670538280783,1.0659653372580944,0.06596533725809439,0.005560567182190578,2.702749884363929,0.002907502077584545,-0.12310335609020447,2,4
755,0.7550000000000006,ramp,75.5,3.8424047401303323,0.008980182557303262,1.0660707340689048,0.06607073406890485,0.00877230673484762,2.711522191098777,0.0029107113589315163,-0.2078758224556415,2,2
756,0.7560000000000006,ramp,75.6,3.8481095835068633,0.005704843376530988,1.0661338121165453,0.06613381211654534,0.005581604246388088,2.7171037953451647,0.002914102064905941,-0.12323913014289974,2,4
757,0.7570000000000006,ramp,75.7,3.85710652744191,0.008996943935046797,1.0662391142294536,0.06623911422945361,0.008789264099607237,2.725893059444772,0.0029173126540058855,-0.2076798354395601,2,2
758,0.7580000000000006,ramp,75.8,3.8628325514756887,0.005726024033778643,1.0663022631601051,0.06630226316010512,0.005602649746174792,2.7314957091909466,0.002920704254663139,-0.1233742876038512,2,4
759,0.7590000000000006,ramp,75.9,3.8718462490444647,0.009013697568776013,1.066407470920366,0.06640747092036592,0.00880621303206294,2.7403019222230096,0.0029239162098215836,-0.20748453671307412,2,2
760,0.7600000000000006,ramp,76.0,3.8775934614954672,0.005747212451002515,1.0664706904285028,0.06647069042850284,0.005623703619320252,2.7459256258423297,0.0029273087170376194,-0.1235088316822626,2,4
761,0.7610000000000006,ramp,76.1,3.8866239050469256,0.009030443551458323,1.0665758041800182,0.06657580418001818,0.008823153628007839,2.7547487794703374,0.0029305220514700622,-0.20728992345048386,2,2
762,0.7620000000000006,ramp,76.2,3.892392313584721,0.0057684085377953664,1.0666390939614183,0.06663909396141832,0.005644765772684099,2.7603935452430215,0.0029339154739174977,-0.12364276511126707,2,4
763,0.7630000000000006,ramp,76.3,3.901439495562637,0.009047181977916097,1.0667441140467127,0.06674411404671265,0.00884008598518064,2.769233631228202,0.0029371301942739307,-0.20709599273545723,2,2
764,0.7640000000000006,ramp,76.4,3.9072291077632055,0.005789612200568506,1.0668074737983486,0.06680747379834862,0.005665836110320354,2.7748994673385226,0.00294052453855472,-0.12377609024815175,2,4
765,0.7650000000000006,ramp,76.5,3.9162930207057647,0.00906391294255915,1.0669124005585833,0.06691240055858327,0.008857010200462175,2.7837564775389847,0.0029437406497499897,-0.20690274209697426,2,2
766,0.7660000000000006,ramp,76.6,3.922103844051472,0.005810823345707483,1.0669758299786494,0.06697582997864937,0.005686914536297396,2.789443392075282,0.002947135921523808,-0.12390880941008739,2,4
767,0.7670000000000006,ramp,76.7,3.9311844805902316,0.009080636538759457,1.067080663753681,0.06708066375368094,0.008873926369950243,2.7983173184452323,0.002950353427797118,-0.2067101688092137,2,2
768,0.7680000000000006,ramp,76.8,3.93701652247023,0.0058320418799984175,1.0671441625414944,0.06714416254149436,0.005708000955119372,2.8040253194003517,0.002953749632263139,-0.12404092487904549,2,4
769,0.7690000000000006,ramp,76.9,3.946113875329396,0.009097352859166019,1.067248903669822,0.06724890366982206,0.008890834589019543,2.8129161539893714,0.002956968537521605,-0.20651827014647564,2,2
770,0.7700000000000006,ramp,77.0,3.9519671430405205,0.005853267711124488,1.067312471525956,0.0673124715259561,0.005729095271847036,2.8186452492612184,0.002960365679628276,-0.12417243927745174,2,4
771,0.7710000000000006,ramp,77.1,3.9610812050362565,0.009114061995735945,1.0674171203447305,0.06741712034473046,0.008907734952397906,2.8275529842136162,0.0029635859875902005,-0.20632704333803895,2,2
772,0.7720000000000006,ramp,77.2,3.966955705783011,0.005874500746754663,1.0674807569708744,0.06748075697087441,0.005750197392099684,2.8333031816057157,0.0029669840721269557,-0.12430335465497908,2,4
773,0.7730000000000006,ramp,77.3,3.976086469823044,0.00913076404003288,1.0675853138159161,0.06758531381591615,0.008924627554213265,2.842227809159929,0.002970205786391083,-0.20613648581961455,2,2
774,0.7740000000000006,ramp,77.4,3.9819822107185425,0.005895740895498491,1.0676490189149805,0.06764901891498054,0.0057713072220824,2.8479991163820113,0.002973604818041096,-0.1244336734160913,2,4
775,0.7750000000000006,ramp,77.5,3.991129669801379,0.009147459082836651,1.0677534841207776,0.06775348412077764,0.008941512487957512,2.856940628869969,0.0029768279421219365,-0.20594659487913924,2,2
776,0.7760000000000006,ramp,77.6,3.9970466578680623,0.005916988066683171,1.0678172573967875,0.06781725739678746,0.0057924246686080864,2.862733053538577,0.0029802279254863505,-0.12456339807508446,2,4
777,0.7770000000000006,ramp,77.7,4.006210805082578,0.009164147214515417,1.0679216312965152,0.06792163129651518,0.008958389846525616,2.8716914433851026,0.002983452462834577,-0.20575736798980093,2,2
778,0.7780000000000006,ramp,77.8,4.012149047252291,0.00593824216971317,1.0679854724546987,0.06798547245469866,0.005813549639055364,2.877504993024158,0.002986853402448794,-0.12469253065780679,2,4
779,0.7790000000000006,ramp,77.9,4.021329875776786,0.009180828524494977,1.068089755380239,0.06808975538023909,0.008975259722237183,2.886480252746395,0.0029900793564652532,-0.20556880225779464,2,2
780,0.7800000000000006,ramp,78.0,4.0272893788918,0.005959503115014364,1.0681536641269294,0.06815366412692936,0.005834682041392571,2.8923149347877875,0.0029934812568079006,-0.12482107362179334,2,4
781,0.7810000000000006,ramp,78.1,4.036486881993807,0.009197503102006621,1.06825785640882,0.0682578564088201,0.008992122206802658,2.90130705699459,0.0029967086308482723,-0.20538089520396283,2,2
782,0.7820000000000006,ramp,78.2,4.042467652807327,0.005980770813519776,1.068321832451553,0.0683218324515531,0.0058558217841787686,2.907162878778769,0.003000111496350104,-0.12494902934100711,2,4
783,0.7830000000000006,ramp,78.3,4.051681823842943,0.009214171035615948,1.0684259344190168,0.06842593441901679,0.009008977391359033,2.916171856170128,0.003003340293731879,-0.20519364425691453,2,2
784,0.7840000000000006,ramp,78.4,4.057683869019504,0.006002045176561666,1.068489977466442,0.06848997746644203,0.005876968776541713,2.92204882494667,0.003006744128777247,-0.12507640001995293,2,4
785,0.7850000000000006,ramp,78.5,4.066914701432635,0.00923083241313094,1.0685939894474341,0.06859398944743411,0.009025825366461834,2.9310746503131315,0.0030099743527829026,-0.20500704666910619,2,2
786,0.7860000000000006,ramp,78.6,4.072938027548584,0.0060233261159483575,1.0686580992093462,0.06865809920934618,0.005898122928198919,2.9369727732413304,0.003013379161714035,-0.12520318774943834,2,4
787,0.7870000000000006,ramp,78.7,4.082185514870705,0.00924748732212155,1.0687620215305165,0.06876202153051647,0.00904266622207953,2.94601543946341,0.0030166108155930227,-0.20482110004202067,2,2
788,0.7880000000000006,ramp,78.8,4.088230128415265,0.006044613544560207,1.0688261977178584,0.06882619771785836,0.005919284149439701,2.9519347236128497,0.0030200166027110225,-0.1253293951205053,2,4
789,0.7890000000000006,ramp,78.9,4.097494264264437,0.00926413584917185,1.0689300307045593,0.06893003070455928,0.009059500047611196,2.9609942236604607,0.0030232496896831196,-0.20463580156065453,2,2
790,0.7900000000000006,ramp,79.0,4.103560171639748,0.006065907375310431,1.0689942730293909,0.06899427302939087,0.005940452351113654,2.9669346760115745,0.0030266564592508365,-0.12545502419677654,2,4
791,0.7910000000000006,ramp,79.1,4.112840949720463,0.009280778080715812,1.0690980170057152,0.06909801700571516,0.009076326931902872,2.976011002943477,0.0030298909825053097,-0.20445114881294071,2,2
792,0.7920000000000006,ramp,79.2,4.118928157242318,0.006087207521854765,1.0691623251812212,0.06916232518122123,0.005961627444642463,2.9819726303881198,0.0030332987387483162,-0.1255800772123018,2,4
793,0.7930000000000006,ramp,79.3,4.1282255713448155,0.009297414102497292,1.069265980469951,0.06926598046995092,0.00909314696321387,2.991065777351334,0.003036534701446818,-0.20426713928342263,2,2
794,0.7940000000000006,ramp,79.4,4.134334085243216,0.006108513898400503,1.0693303542104726,0.06933035421047262,0.005982809342018283,2.997048586693352,0.0030399434485532074,-0.12570455638221972,2,4
795,0.7950000000000006,ramp,79.5,4.1436481292427185,0.00931404399950253,1.0694339211331478,0.06943392113314784,0.009109960229258656,3.006158546922611,0.003043180853830319,-0.2040837702438746,2,2
796,0.7960000000000006,ramp,79.6,4.149777955662589,0.00612982641987081,1.0694983601540846,0.06949836015408462,0.006003997955763955,3.012162544878375,0.0030465905959526193,-0.12582846410685508,2,4
797,0.7970000000000006,ramp,79.7,4.15910862351902,0.009330667856430885,1.0696018390309674,0.0696018390309674,0.009126766817202809,3.0212893116955777,0.003049829446915609,-0.20390103922807676,2,2
798,0.7980000000000006,ramp,79.8,4.16525976852046,0.006151145001440206,1.0696663430488957,0.06966634304889574,0.00602519319898456,3.027314504894562,0.003053240188171518,-0.12595180245564622,2,4
799,0.7990000000000006,ramp,79.9,4.1746070542779306,0.009347285757470125,1.0697697341989556,0.0697697341989556,0.009143566813631472,3.0364580717081937,0.00305648048790174,-0.20371894383865335,2,2
800,0.8000000000000006,ramp,80.0,4.180779523836806,0.006172469558875626,1.0698343029315263,0.06983430293152626,0.006046394985325322,3.042504466693519,0.0030598922323742486,-0.12607457355030394,2,4
801,0.8010000000000006,ramp,80.1,4.1901434216227464,0.009363897785940267,1.069937606672535,0.06993760667253501,0.009160360304608626,3.0516648269981275,0.003063133983928297,-0.20353748133164137,2,2
802,0.8020000000000006,ramp,80.2,4.196337221631682,0.006193800008935213,1.07000223983849,0.07000223983849008,0.006067603228984808,3.0577324302271123,0.0030665467356664395,-0.1261967799504049,2,4
803,0.8030000000000006,ramp,80.3,4.20571772565666,0.009380504024978364,1.0701054564869479,0.07010545648694788,0.009177147375613853,3.066909577602726,0.003069789942074489,-0.20335664936451184,2,2
804,0.8040000000000006,ramp,80.4,4.211932861924917,0.006215136268257204,1.0701701538061459,0.07017015380614589,0.006088817844717937,3.072998395447444,0.0030732037050935778,-0.12631842353926728,2,4
805,0.8050000000000006,ramp,80.5,4.22132996648182,0.009397104556902569,1.0702732836773157,0.07027328367731567,0.00919392811161456,3.0821923235590583,0.003076448369362125,-0.20317644528800893,2,2
806,0.8060000000000006,ramp,80.6,4.22756644473612,0.006236478254300515,1.070338044870712,0.07033804487071205,0.006110038747796999,3.0883023623068553,0.003079863147644271,-0.1264395065035161,2,4
807,0.8070000000000006,ramp,80.7,4.236980144200007,0.00941369946388626,1.0704410882785704,0.07044108827857043,0.009210702597042245,3.0975130649038976,0.003083109272756135,-0.20299686684401538,2,2
808,0.8080000000000006,ramp,80.8,4.243237970085304,0.006257825885297663,1.070505913068234,0.07050591306823395,0.00613126585403498,3.1036443307579327,0.0030865250702501387,-0.12656003126268292,2,4
809,0.8090000000000006,ramp,80.9,4.252668258912428,0.009430288827124045,1.0706088703255765,0.0706088703255765,0.009227470915773419,3.1128718016737063,0.0030897726591626365,-0.20281791135062613,2,2
810,0.8100000000000006,ramp,81.0,4.258947437991776,0.006279179079347941,1.070673758434616,0.07067375843461599,0.00615249907979985,3.119024300753506,0.003093189479786943,-0.12667999954809034,2,4
811,0.8110000000000006,ramp,81.1,4.26839431071944,0.00944687272766398,1.0707766298529797,0.07077662985297972,0.009244233151154775,3.1282685339046608,0.003096438535434626,-0.2026395765092042,2,2
812,0.8120000000000006,ramp,81.2,4.274694848475448,0.00630053775600814,1.0708415810056167,0.07084158100561666,0.006173738341973278,3.134442272246634,0.0030998563830730696,-0.1267994140348623,2,4
813,0.8130000000000006,ramp,81.3,4.2841582997211445,0.009463451245696142,1.070944366895356,0.07094436689535599,0.009260989386012462,3.1437032616326466,0.003103106908367132,-0.2024618596836794,2,2
814,0.8140000000000006,ramp,81.4,4.290480201555573,0.006321901834428267,1.0710093808168637,0.0710093808168637,0.006194983557977303,3.1498982451906237,0.0031065257868735916,-0.1269182764509647,2,4
815,0.8150000000000006,ramp,81.5,4.299960226016862,0.009480024461288927,1.07111208148708,0.07111208148708004,0.009277739702638135,3.159175984893262,0.0031097777847026017,-0.20228475865079198,2,2
816,0.8160000000000006,ramp,81.6,4.306303497251786,0.006343271234924508,1.071177157903818,0.07117715790381807,0.006216234645735522,3.1653922195389974,0.003113197697898086,-0.1270365891889863,2,4
817,0.8170000000000006,ramp,81.7,4.315800089705315,0.009496592453528407,1.0712797736624022,0.07127977366240223,0.009294484182818506,3.174686703721816,0.0031164511711272835,-0.20210827070990187,2,2
818,0.8180000000000006,ramp,81.8,4.322164735583266,0.006364645877951602,1.0713449123018328,0.07134491230183282,0.006237491523710879,3.1809241952455265,0.003119872122803492,-0.12715435424072355,2,4
819,0.8190000000000006,ramp,81.9,4.331677890884903,0.009513155301636544,1.0714474434554568,0.07144744345545684,0.009311222907804147,3.1902354181533306,0.003123127074275569,-0.2019323938323974,2,2
820,0.8200000000000006,ramp,82.0,4.338063916569556,0.006386025684653518,1.0715126440460667,0.07151264404606672,0.006258754110880492,3.196494172264211,0.0031265490681919444,-0.1272715737730256,2,4
821,0.8210000000000006,ramp,82.1,4.347593629653016,0.009529713083459512,1.0716150909002324,0.07161509090023244,0.009327955958331507,3.2058221282225423,0.0031298055007277182,-0.2017571251280055,2,2
822,0.8220000000000006,ramp,82.2,4.354001040229726,0.006407410576709793,1.0716803531715826,0.07168035317158261,0.006280022326732171,3.2121021505492746,0.0031332285406137357,-0.1273882499776219,2,4
823,0.8230000000000006,ramp,82.3,4.363547306106838,0.009546265877112603,1.0717827160305662,0.07178271603056618,0.009344683414634208,3.221446833963909,0.0031364864570123073,-0.20158246247839462,2,2
824,0.8240000000000006,ramp,82.4,4.369976106583054,0.006428800476215635,1.0718480397132546,0.0718480397132546,0.006301296091263267,3.227748130055172,0.0031399105465666232,-0.12750438495236735,2,4
825,0.8250000000000006,ramp,82.5,4.379538920342901,0.009562813759846911,1.0719503188801838,0.07195031888018377,0.009361405356438576,3.2371095354116104,0.0031431699496048643,-0.20140840340833466,2,2
826,0.8260000000000006,ramp,82.6,4.385989115648444,0.00645019530554336,1.0720157037058948,0.07201570370589483,0.006322575324969458,3.2434321107365798,0.0031465950924968677,-0.12761998057390228,2,4
827,0.8270000000000006,ramp,82.7,4.395568472457122,0.009579356808678163,1.0721178994826448,0.0721178994826448,0.0093781218629587,3.2528102325995385,0.0031498559849300035,-0.2012349457194626,2,2
828,0.8280000000000006,ramp,82.8,4.402040067445178,0.006471594988055607,1.072183345184054,0.0721833451840539,0.006343859948873984,3.2591540925484126,0.003153282184799541,-0.1277350391816227,2,4
829,0.8290000000000006,ramp,82.9,4.41163596254496,0.00959589509978187,1.0722854578714058,0.07228545787140583,0.009394833012909987,3.2685489255613227,0.003156544569362025,-0.20106208687188307,2,2
830,0.8300000000000006,ramp,83.0,4.418128961992069,0.006492999447109682,1.072350964182266,0.07235096418226594,0.0063651498844709544,3.2749140754457935,0.0031599718298182373,-0.12784956263872746,2,4
831,0.8310000000000006,ramp,83.1,4.427741390701124,0.009612428709054655,1.0724529940797558,0.0724529940797558,0.009411538884499205,3.284325614330293,0.0031632357092229737,-0.20088982455544918,2,2
832,0.8320000000000006,ramp,83.2,4.434255799308119,0.006514408606994593,1.0725185607348788,0.07251856073487883,0.006386445053794286,3.290712059384087,0.0031666640338474028,-0.12796355320030678,2,4
833,0.8330000000000006,ramp,83.3,4.4438847570198945,0.009628957711775854,1.0726205081408746,0.07262050814087462,0.009428239555438868,3.300140298939526,0.003169929410786347,-0.20071815633698578,2,2
834,0.8340000000000006,ramp,83.4,4.450420579412186,0.006535822392291557,1.0726861348760932,0.07268613487609321,0.006407745379330433,3.3065480443188564,0.00317335880313071,-0.12807701296112423,2,4
835,0.8350000000000006,ramp,83.5,4.46006606159506,0.009645482182873977,1.072788000087823,0.07278800008782293,0.009444935102967735,3.315992979421824,0.0031766256802752534,-0.2005470799062419,2,2
836,0.8360000000000006,ramp,83.6,4.466623302322871,0.006557240727810942,1.0728536866399605,0.0728536866399605,0.006429050784068304,3.3224220302058924,0.0031800561438631624,-0.12818994374263862,2,4
837,0.8370000000000006,ramp,83.7,4.476285304519912,0.009662002197041275,1.0729554699534898,0.07295546995348978,0.00946162560383138,3.331883655809724,0.003183324523864491,-0.20037659320989476,2,2
838,0.8380000000000006,ramp,83.8,4.482863968059064,0.006578663539151819,1.0730212160604495,0.07302121606044953,0.0064503611914813914,3.338334017001205,0.0031867560621903507,-0.12830234767042745,2,4
839,0.8390000000000006,ramp,83.9,4.492542485886919,0.009678517827855337,1.073122917770674,0.07312291777067403,0.009478311134275368,3.3478123281354804,0.003190025947678625,-0.20020669357996915,2,2
840,0.8400000000000006,ramp,84.0,4.499142576639437,0.006600090752517218,1.0731887231713666,0.0731887231713666,0.00647167652554237,3.354284004661023,0.003193458564209967,-0.12841422697484808,2,4
841,0.8410000000000006,ramp,84.1,4.508837605788187,0.009695029148750756,1.0732903435720214,0.07329034357202135,0.009494991770062043,3.363778996431085,0.0031967299577955978,-0.20003737868871246,2,2
842,0.8420000000000006,ramp,84.2,4.515459128082425,0.006621522294238069,1.073356208006341,0.07335620800634102,0.006492996710703521,3.3702719931417886,0.0032001636559713027,-0.12852558353454793,2,4
843,0.8430000000000006,ramp,84.3,4.525170664315431,0.009711536233005802,1.0734577473900764,0.07345774739007638,0.009511667586482708,3.3797836607282714,0.0032034365602448506,-0.19986864652309436,2,2
844,0.8440000000000006,ramp,84.4,4.5318136224065615,0.006642958091130247,1.0735236705989593,0.07352367059895926,0.006514321671884999,3.3862979824001562,0.0032068713434762097,-0.12863641924524757,2,4
845,0.8450000000000006,ramp,84.5,4.541541661559582,0.00972803915302034,1.0736251292572008,0.07362512925720077,0.009528338658351771,3.395826321058508,0.0032101457610081677,-0.19970049466856882,2,2
846,0.8460000000000006,ramp,84.6,4.548206059630518,0.006664398070935995,1.073691110982579,0.07369111098257908,0.006535651334475553,3.4023619723929834,0.0032135816326795113,-0.128746736460442,2,4
847,0.8470000000000006,ramp,84.7,4.557950597611216,0.009744537980697743,1.0737924892056814,0.07379248920568138,0.009545005060020378,3.411906977453004,0.003216857566020659,-0.19953292067736472,2,2
848,0.8480000000000006,ramp,84.8,4.564636439772374,0.006685842161158639,1.07385852919052,0.07385852919052005,0.006556985624352543,3.4184639630773566,0.003220294529489218,-0.1288565368060962,2,4
849,0.8490000000000006,ramp,84.9,4.574397472560323,0.009761032787948487,1.0739598272676691,0.07395982726766914,0.00956166686533923,3.4280256299426957,0.003223571981171294,-0.1993659226092563,2,2
850,0.8500000000000006,ramp,85.0,4.5811047628507024,0.006707290290379753,1.0740259252559072,0.07402592525590723,0.006578324467865162,3.434603954410561,0.003227010039767136,-0.12896582251459027,2,4
851,0.8510000000000006,ramp,85.1,4.590882286496354,0.009777523645651875,1.0741271434751711,0.07412714347517113,0.00957832414770872,3.4441822785582694,0.003230289012301979,-0.19919949794315606,2,2
852,0.8520000000000006,ramp,85.2,4.597611028883667,0.006728742387312359,1.0741932992117484,0.07419329921174844,0.0065996677918281395,3.4507819463500975,0.0032337281693291487,-0.12907459548421907,2,4
853,0.8530000000000006,ramp,85.3,4.60740503950829,0.009794010624623262,1.0742944378600898,0.07429443786008982,0.009594976980062755,3.4603769233301604,0.0032370086652100797,-0.1990336445605069,2,2
854,0.8540000000000006,ramp,85.4,4.61415523788948,0.0067501983811899535,1.0743606510909232,0.07436065109092316,0.00662101552349574,3.4669979388536563,0.0032404489239455684,-0.12918285769421364,2,4
855,0.8550000000000006,ramp,85.5,4.623965731684464,0.009810493794984332,1.0744617104541887,0.0744617104541887,0.009611625434888981,3.476609564288545,0.0032437309456465812,-0.19886836009535072,2,2
856,0.8560000000000006,ramp,85.6,4.630737389886244,0.006771658201779829,1.074527980926206,0.07452798092620605,0.0066423675906041235,3.483251931879149,0.003247172309342034,-0.1292906111757053,2,4
857,0.8570000000000007,ramp,85.7,4.6405643631129525,0.009826973226708446,1.0746289612891078,0.07462896128910779,0.00962826958419376,3.492880201463343,0.0032504558593182673,-0.198703642514687,2,2
858,0.8580000000000007,ramp,85.8,4.647357484892085,0.006793121779132605,1.0746952887502332,0.07469528875023324,0.006663723921344691,3.4995439253846876,0.003253898331199158,-0.12939785778791346,2,4
859,0.8590000000000007,ramp,85.9,4.657200933881132,0.009843448989046877,1.0747961903963783,0.0747961903963783,0.00964490949953605,3.5091888348842235,0.0032571834118871813,-0.198539489510827,2,2
860,0.8600000000000007,ramp,86.0,4.664015522925051,0.0068145890439188506,1.0748625745954756,0.07486257459547563,0.006685084444360714,3.5158739193285844,0.003260626995153459,-0.12950459955813654,2,4
861,0.8610000000000007,ramp,86.1,4.673875444075945,0.009859921150893847,1.0749633978074324,0.07496339780743244,0.009661545252017461,3.525535464580602,0.0032639136089710895,-0.1983758988763854,2,2
862,0.8620000000000007,ramp,86.2,4.6807115040031,0.0068360599271555245,1.0750298384943435,0.07502983849434353,0.0067064490887574334,3.5322419136693597,0.0032673583067978325,-0.129610838398091,2,4
863,0.8630000000000007,ramp,86.3,4.690587893783738,0.009876389780638206,1.0751305835534881,0.07513058355348812,0.009678176912291994,3.5419200905816517,0.0032706464561446536,-0.19821286834621232,2,2
864,0.8640000000000007,ramp,86.4,4.697445428144006,0.006857534360267259,1.075197080479079,0.07519708047907891,0.006727817784075833,3.5486479083657274,0.0032740922716811313,-0.12971657619142551,2,4
865,0.8650000000000007,ramp,86.5,4.707338283090417,0.009892854946411234,1.075297747665735,0.07529774766573505,0.009694804550565343,3.558342712916293,0.003277381958938779,-0.19805039584589074,2,2
866,0.8660000000000007,ramp,86.6,4.714217295365865,0.006879012275447849,1.075364300581811,0.07536430058181098,0.00674919046030247,3.565091903376595,0.0032808288953095105,-0.12982181514537872,2,4
867,0.8670000000000007,ramp,86.7,4.724126612081371,0.009909316715506655,1.0754648901752297,0.07546489017522973,0.009711428236612992,3.574803331613208,0.0032841201228410895,-0.1978884788936628,2,2
868,0.8680000000000007,ramp,86.8,4.731027105686112,0.006900493604740987,1.075531498834516,0.07553149883451593,0.006770567047872206,3.5815738986610803,0.0032875681831468313,-0.12992655686878093,2,4
869,0.8690000000000007,ramp,86.9,4.740952880841668,0.009925775155555705,1.0756320111128872,0.0756320111128872,0.009728048039746064,3.5913019467008263,0.0032908609532971964,-0.19772711580964136,2,2
870,0.8700000000000007,ramp,87.0,4.747874859122678,0.006921978281010155,1.075698675269125,0.0756986752691251,0.006791947477665579,3.5980938941784917,0.0032943101406138244,-0.13003080334457548,2,4
871,0.8710000000000007,ramp,87.1,4.757817089455637,0.009942230332958601,1.0757991105095026,0.07579911050950261,0.009744664028836069,3.6078385582073276,0.003297604455710339,-0.19756630412253243,2,2
872,0.8720000000000007,ramp,87.2,4.76476055569326,0.006943466237623319,1.0758658299173591,0.07586582991735913,0.006813331681011489,3.614651889888339,0.0033010547730898897,-0.13013455661183004,2,4
873,0.8730000000000007,ramp,87.3,4.774719238007289,0.009958682314028522,1.075966188395766,0.07596618839576608,0.009761276272333483,3.6244131661606724,0.0033043506354423014,-0.1974060416950387,2,2
874,0.8740000000000007,ramp,87.4,4.7816841954152585,0.006964957407969763,1.0760329628108778,0.07603296281087779,0.00683471958964597,3.6312478857503185,0.0033078020859127126,-0.13023781832379333,2,4
875,0.8750000000000007,ramp,87.5,4.791659326580044,0.009975131164785545,1.0761332448022356,0.0761332448022356,0.009777884838236484,3.641025770588555,0.0033110994978125343,-0.19724632654906024,2,2
876,0.8760000000000007,ramp,87.6,4.798645778306362,0.006986451726318066,1.0762000739811879,0.07620007398118789,0.0068561111357652955,3.6478818817243206,0.003314552084378618,-0.13034059055277036,2,4
877,0.8770000000000007,ramp,87.7,4.8086373552567885,0.009991576950426406,1.0763002797593832,0.07630027975938325,0.009794489794132869,3.6576763715184533,0.0033178510481002253,-0.19708715629353743,2,2
878,0.8780000000000007,ramp,87.8,4.815645304383981,0.007007949127192603,1.076367163459697,0.07636716345969696,0.0068775062519755995,3.664553877770429,0.0033213047737434887,-0.13044287521700362,2,4
879,0.8790000000000007,ramp,87.9,4.825653324120233,0.010008019736251761,1.0764672932975532,0.0764672932975532,0.009811091207171519,3.6743649689776006,0.0033246052915440224,-0.19692852908024214,2,2
880,0.8800000000000007,ramp,88.0,4.832682773665694,0.007029449545461475,1.0765342312776713,0.07653423127767134,0.00689890487131184,3.6812638738489123,0.003328060159221934,-0.13054467414963436,2,4
881,0.8810000000000007,ramp,88.1,4.842707233252297,0.01002445958660303,1.0766342854469464,0.07663428544694639,0.00982768914407236,3.691091562992985,0.0033313622333410943,-0.19677044253066897,2,2
882,0.8820000000000007,ramp,88.2,4.849758186168651,0.007050952916353381,1.076701277466275,0.07670127746627498,0.006920306927258777,3.6980118699202436,0.003334818245989757,-0.13064598909460437,2,4
883,0.8830000000000007,ramp,88.3,4.859799082734542,0.010040896565890911,1.0768012562376779,0.07680125623767786,0.00984428367112627,3.70785615359137,0.0033381218786501994,-0.19661289476464136,2,2
884,0.8840000000000007,ramp,88.4,4.86687154191026,0.007072459175718748,1.0768683020565541,0.07686830205655415,0.006941712353704495,3.714797865945074,0.0033415790391816565,-0.1307468220142537,2,4
885,0.8850000000000007,ramp,88.5,4.876928872648017,0.010057330737756942,1.0769682056997671,0.07696820569976714,0.009860874854209632,3.724658740799284,0.00334488423258838,-0.19645588354730986,2,2
886,0.8860000000000007,ramp,88.6,4.8840228409078925,0.007093968259875183,1.077035305079425,0.07703530507942502,0.00696312108495155,3.7316218618842356,0.0033483425438942224,-0.13084717492363276,2,4
887,0.8870000000000007,ramp,88.7,4.894096603073381,0.010073762165488276,1.0771351338630577,0.0771351338630577,0.009877462758785758,3.7414993246430215,0.003351649300235676,-0.1962994067025176,2,2
888,0.8880000000000007,ramp,88.8,4.901212081410977,0.00711547833759596,1.077202286541585,0.0772022865415849,0.006984531337814924,3.748483855980836,0.0033551084091353127,-0.13094699978103558,2,2
889,0.8890000000000007,ramp,88.9,4.9113022756569125,0.010090194245935713,1.0773020407698168,0.07730204076981684,0.009894050710435115,3.7583779066912713,0.003358417285557222,-0.19614353550059804,2,2
890,0.8900000000000007,ramp,89.0,4.918439265374804,0.007136989717891673,1.0773692464996434,0.07736924649964338,0.007005943389746864,3.765383850081018,0.003361877385593666,-0.13104632814480918,2,2
891,0.8910000000000007,ramp,89.1,4.928545888899103,0.010106623524299252,1.0774689264369668,0.07746892643696679,0.009910635333749787,3.7752944854147676,0.0033651878206110084,-0.19598819054946445,2,2
892,0.8920000000000007,ramp,89.2,4.935704392671131,0.007158503772027203,1.0775361849827068,0.07753618498270676,0.007027358588964019,3.782321844003732,0.003368649074974,-0.13114518306318357,2,2
893,0.8930000000000007,ramp,89.3,4.945827442882138,0.010123050211007012,1.0776357908941356,0.07763579089413564,0.00992721683811115,3.792249060841843,0.0033719610677339826,-0.19583337289586117,2,2
894,0.8940000000000007,ramp,89.4,4.9530074633077,0.007180020425562539,1.0777031020211663,0.07770310202116626,0.007048776859584281,3.7992978377014275,0.003375423489401947,-0.13124356597825781,2,2
895,0.8950000000000007,ramp,89.5,4.963146937683375,0.010139474375674418,1.0778026341707385,0.07780263417073852,0.009943795295146735,3.8092416329965744,0.00337873704358723,-0.19567908052768243,2,2
896,0.8960000000000007,ramp,89.6,4.970348477299733,0.007201539616358055,1.0778699976453325,0.07786999764533253,0.007070198137623637,3.816311831134198,0.003382200637093359,-0.13134147873441765,2,2
897,0.8970000000000007,ramp,89.7,4.980504373380681,0.010155896080948246,1.0779694562961353,0.07796945629613528,0.009960370769251466,3.8262722019034494,0.0033855157556874705,-0.1955253116967797,2,2
898,0.8980000000000007,ramp,89.8,4.987727434663681,0.007223061282999765,1.0780368718854876,0.07803687188548758,0.007091622359954128,3.8333638242634036,0.0033889805242958903,-0.13143892304563753,2,2
899,0.8990000000000007,ramp,89.9,4.997899750051406,0.010172315387725561,1.0781362572995283,0.07813625729952833,0.009976943323696457,3.8433407675871,0.003392297209870423,-0.19537206402910415,2,2
900,0.9000000000000007,ramp,90.0,5.005144328249133,0.0072445781977270585,1.078203724703524,0.0782037247035241,0.007113042432982062,3.850453810020082,0.0033957610115805596,-0.1315357647449968,2,2
901,0.9010000000000007,ramp,90.1,5.015333073866049,0.010188745616916073,1.0783030372855424,0.07830303728554244,0.00999352599521202,3.860447336015294,0.0033990826126514594,-0.19521962170405277,2,2
902,0.9020000000000007,ramp,90.2,5.022599166165676,0.007266092299627047,1.078370556207613,0.07837055620761291,0.007134460289393094,3.867581796304687,0.0034025465745043163,-0.13163201023395302,2,2
903,0.9030000000000007,ramp,90.3,5.032804338822913,0.010205172657236972,1.0784697962073144,0.07846979620731442,0.010010104979992282,3.877591901284679,0.003405869742361618,-0.1950676772446893,2,2
904,0.9040000000000007,ramp,90.4,5.040091947559981,0.007287608737067686,1.0785373664184599,0.07853736641845988,0.007155880942215231,3.8847477822268943,0.0034093348189400624,-0.13172779485245456,2,2
905,0.9050000000000007,ramp,90.5,5.050313545017196,0.010221597457214848,1.078636534094068,0.07863653409406801,0.010026681210763633,3.894774463437658,0.0034126595312036134,-0.19491624645121516,2,2
906,0.9060000000000007,ramp,90.6,5.057622672395823,0.0073091273786269895,1.0787041553653052,0.07870415536530517,0.0071773042596196095,3.9019517676972777,0.0034161257873148963,-0.13182311900738,2,2
907,0.9070000000000007,ramp,90.7,5.067860692514938,0.010238020119115454,1.0788032509745367,0.07880325097453666,0.01004325479082795,3.9119950224881057,0.003419452053004708,-0.19476532828750434,2,2
908,0.9080000000000007,ramp,90.8,5.075191340682637,0.0073306481676986834,1.0788709230777722,0.07887092307777221,0.007198730183608325,3.919193752671714,0.0034229195032418167,-0.1319179840903583,2,2
909,0.9090000000000007,ramp,90.9,5.085445781384697,0.010254440702060386,1.0789699468773322,0.07896994687733216,0.010059825781214891,3.929253578452929,0.0034262473278371575,-0.19461492084549453,2,2
910,0.9100000000000007,ramp,91.0,5.092797952436838,0.007352171052140477,1.079037669585443,0.0790376695854429,0.007220158659879899,3.936473737112809,0.003429715979378548,-0.13201239226057812,2,2
911,0.9110000000000007,ramp,91.1,5.103068811696896,0.010270859260057996,1.079136621831022,0.0791366218310221,0.01007639423811766,3.9465501313509264,0.0034330453661118704,-0.19446502194033627,2,2
912,0.9120000000000007,ramp,91.2,5.110442507676303,0.007373695979406847,1.0792043949177967,0.07920439491779674,0.00724158963410612,3.9537917209850324,0.0034365152241328835,-0.13210634530072712,2,2
913,0.9130000000000007,ramp,91.3,5.120729783522378,0.010287275846075694,1.0793032758640224,0.07930327586402242,0.010092960216648138,3.9638846812016806,0.0034398461752452956,-0.19431562942755568,2,2
914,0.9140000000000007,ramp,91.4,5.128125006419356,0.0073952228969780265,1.0793710991042256,0.07937109910422557,0.007263023051934507,3.971147704253615,0.003443317244109264,-0.13219984504351992,2,2
915,0.9150000000000007,ramp,91.5,5.138428696932101,0.010303690512744268,1.0794699090047033,0.0794699090047033,0.010109523771435742,3.981257228025051,0.00344664976138926,-0.1941667413085258,2,2
916,0.9160000000000007,ramp,91.6,5.145845448684663,0.0074167517525625115,1.0795377821739927,0.07953778217399265,0.007284458859191632,3.988541686884243,0.0034501220450412146,-0.13229289337087988,2,2
917,0.9170000000000007,ramp,91.7,5.156165551997117,0.01032010331245381,1.0796365212813186,0.0796365212813186,0.010126084956712628,3.9986677718409553,0.0034534561300568027,-0.19401835574118195,2,2
918,0.9180000000000007,ramp,91.8,5.163603834491032,0.007438282493914983,1.0797044441562633,0.07970444415626332,0.007305897001938382,4.005973668842894,0.003456929632187544,-0.13238549197660057,2,2
919,0.9190000000000007,ramp,91.9,5.173940348787784,0.01033651429675242,1.079803112721996,0.07980311272199603,0.010142643826394246,4.016116312669288,0.0034602652863935054,-0.19387047035817304,2,2
920,0.9200000000000007,ramp,92.0,5.181400163857187,0.007459815069402964,1.0798710850801154,0.07987108508011542,0.007327337426463873,4.023443650095752,0.003463740010521603,-0.13247764293909148,2,2
921,0.9210000000000007,ramp,92.1,5.191753087374582,0.010352923517394252,1.0799696833547792,0.07996968335477916,0.010159200434108978,4.033602850529861,0.0034670772353146864,-0.19372308328527432,2,2
922,0.9220000000000007,ramp,92.2,5.199234436801804,0.007481349427222561,1.0800377049744845,0.08003770497448448,0.00734878007932603,4.040951630609187,0.0034705531848303237,-0.13256934789653094,2,2
923,0.9230000000000007,ramp,92.3,5.209603767827269,0.010369331025464668,1.0801362332076334,0.08013623320763341,0.010175754833190718,4.051127385442378,0.0034738919815775096,-0.19357619227394934,2,2
924,0.9240000000000007,ramp,92.4,5.217106653343433,0.007502885516164071,1.0802043038682256,0.08020430386822563,0.007370224907362896,4.0584976103497405,0.0034773691597693667,-0.132660608801175,2,2
925,0.9250000000000007,ramp,92.5,5.227492390215647,0.010385736872214224,1.0803027623083852,0.08030276230838518,0.010192307076662506,4.068689917426403,0.0034807095298250617,-0.1934297955517184,2,2
926,0.9260000000000007,ramp,92.6,5.235016813500623,0.007524423284976045,1.080370881790082,0.0803708817900819,0.007391671857691118,4.076081589284095,0.0034841879398953665,-0.13275142728492745,2,2
927,0.9270000000000007,ramp,92.7,5.245418954609115,0.010402141108492025,1.0804692706847885,0.08046927068478849,0.010208857217277477,4.086290446501372,0.0034875298846102545,-0.19328389121454728,2,2
928,0.9280000000000007,ramp,92.8,5.252964917291874,0.007545962682758756,1.0805374387687106,0.08053743876871056,0.007413120877709547,4.093703567379081,0.003491009529687719,-0.1328418050492086,2,2
929,0.9290000000000007,ramp,92.9,5.263383461076383,0.01041854378450946,1.0806357583644697,0.08063575836446968,0.010225405307477179,4.103928972686559,0.003494353050413743,-0.19313847703228068,2,2
930,0.9300000000000007,ramp,93.0,5.270950964735645,0.007567503659261732,1.0807039748326204,0.08070397483262037,0.007434571915116391,4.111363544601675,0.003497833933561447,-0.13293174414534104,2,2
931,0.9310000000000007,ramp,93.1,5.281385909686131,0.010434944950485914,1.0808022253749954,0.08080222537499537,0.010241951399414306,4.121605496001089,0.00350117903165543,-0.19299355107160743,2,2
932,0.9320000000000007,ramp,93.2,5.288974955850221,0.00758904616408973,1.0808704900102417,0.08087049001024171,0.007456024917900281,4.129061520918989,0.0035046611558762395,-0.1330212461894487,2,2
933,0.9330000000000007,ramp,93.3,5.299426300506564,0.010451344656343231,1.0809686717438263,0.08096867174382627,0.010258495544941822,4.13932001646393,0.003508007832701309,-0.19284911140140906,2,2
934,0.9340000000000007,ramp,93.4,5.307036890653836,0.007610590147272056,1.081036984329931,0.081036984329931,0.00747747983434342,4.146797496298274,0.0035114912009423516,-0.1331103129286358,2,2
935,0.9350000000000007,ramp,93.5,5.317504633605519,0.010467742951682624,1.081135097498276,0.08113509749827608,0.01027503779560443,4.157072534093878,0.0035148394578686077,-0.19270515607819338,2,2
936,0.9360000000000007,ramp,93.6,5.325136769164677,0.007632135559158648,1.0812034578199081,0.08120345781990812,0.007498936613028659,4.164571470706907,0.00351832407302665,-0.13319894612998875,2,2
937,0.9370000000000007,ramp,93.7,5.335620909050437,0.010484139885759802,1.0813015026656116,0.08130150266561165,0.01029157820267444,4.1748630489095815,0.00352167391143105,-0.19256168308536165,2,2
938,0.9380000000000007,ramp,93.8,5.343274591400936,0.007653682350499125,1.081369910508279,0.08136991050827902,0.007520395202840728,4.182383444112422,0.003525159776354666,-0.13328714765839694,2,2
939,0.9390000000000007,ramp,93.9,5.353775126908458,0.010500535507521391,1.081467887273021,0.08146788727302101,0.010308116817084687,4.192691560929507,0.003528511197620919,-0.1924186904367041,2,2
940,0.9400000000000007,ramp,94.0,5.361450357380526,0.007675230472067973,1.0815363424231028,0.08153634242310281,0.007541855552964141,4.2002334164824715,0.0035319983151128774,-0.13337491910383245,2,2
941,0.9410000000000007,ramp,94.1,5.371967287246356,0.010516929865830527,1.0816342513475048,0.0816342513475048,0.010324653689485453,4.210558070171957,0.00353535132063117,-0.19227617634507385,2,2
942,0.9420000000000007,ramp,94.2,5.3796640671214115,0.0076967798750553484,1.0817027535922654,0.08170275359226542,0.007563317612896668,4.218121387784854,0.0035388396934521948,-0.13346226215868018,2,2
943,0.9430000000000007,ramp,94.3,5.39019739013047,0.010533323009058293,1.081800594916094,0.08180059491609404,0.010341188870209822,4.228462576655064,0.003542194284618467,-0.19213413884847097,2,2
944,0.9440000000000007,ramp,94.4,5.397915720641585,0.007718330511115035,1.0818691440436192,0.08186914404361922,0.007584781332438448,4.236047357987502,0.0035456839154873747,-0.13354917867658672,2,2
945,0.9450000000000007,ramp,94.5,5.40846543562685,0.010549714985264913,1.0819669180056113,0.08196691800561129,0.010357722409296208,4.246405080396798,0.0035490400937026336,-0.19199257596870523,2,2
946,0.9460000000000007,ramp,94.6,5.416205317958722,0.007739882331872394,1.0820355138048716,0.08203551380487162,0.007606246661680008,4.254011327058478,0.0035525309853011795,-0.13363567019238595,2,2
947,0.9470000000000007,ramp,94.7,5.426771423801023,0.010566105842300999,1.0821332206428735,0.08213322064287354,0.010374254356477128,4.264385581414955,0.0035558887519697305,-0.19185148582387054,2,2
948,0.9480000000000007,ramp,94.8,5.4345328590907265,0.0077614352897033,1.0822018629036885,0.08220186290368847,0.007627713551035315,4.272013294965991,0.003559380906941843,-0.13372173866798512,2,2
949,0.9490000000000007,ramp,94.9,5.445115354718347,0.010582495627620148,1.0822995028545181,0.08229950285451815,0.010390784761162163,4.2824040797271525,0.0035627402634721473,-0.19171086645798466,2,2
950,0.9500000000000007,ramp,95.0,5.452898344055108,0.007782989336761581,1.0823681913675456,0.08236819136754558,0.007649181951234736,4.290053261678387,0.003566233684426667,-0.13380738552684537,2,2
951,0.9510000000000007,ramp,95.1,5.4634972284436145,0.010598884388506313,1.082465764667164,0.08246576466716404,0.010407313672440728,4.300460575350828,0.003569594632229738,-0.19157071606558557,2,2
952,0.9520000000000007,ramp,95.2,5.471301772869503,0.0078045444258885155,1.0825344992239025,0.08253449922390255,0.0076706518133254015,4.308131227164153,0.00357308932174189,-0.133892612563114,2,2
953,0.9530000000000007,ramp,95.3,5.481917045041596,0.010615272172093349,1.082632006107295,0.08263200610729493,0.010423841139104564,4.318555068303257,0.0035764518622302204,-0.19143103298878417,2,2
954,0.9540000000000007,ramp,95.4,5.4897431455515235,0.007826100509927159,1.0827007865000928,0.08270078650009283,0.007692123088651883,4.326247191391909,0.003579947822843059,-0.13397742127527548,2,2
955,0.9550000000000007,ramp,95.5,5.500374804576164,0.01063165902464025,1.0827982272013266,0.08279822720132657,0.0104403672096368,4.336687558601546,0.0035833119574301235,-0.19129181500344983,2,2
956,0.9560000000000007,ramp,95.6,5.508222462118773,0.007847657542609632,1.0828670532233624,0.08286705322336241,0.007713595728874282,4.34440115433042,0.003586809191655431,-0.13406181373534948,2,2
957,0.9570000000000007,ramp,95.7,5.518870507111256,0.010648044992482397,1.0829644279755408,0.08296442797554082,0.010456891932190134,4.35485804626261,0.0035901749217558776,-0.1911530602922637,2,2
958,0.9580000000000007,ramp,95.8,5.526739722588472,0.007869215477215974,1.0830332994208225,0.08303329942082249,0.007735069685969647,4.362593115948579,0.0035936734320751924,-0.13414579124632672,2,2
959,0.9590000000000007,ramp,95.9,5.537404152710222,0.010664430121750001,1.0831306084561712,0.08313060845617115,0.010473415354617318,4.373066531303197,0.003597040759102268,-0.19101476713268353,2,2
960,0.9600000000000007,ramp,96.0,5.545294926978096,0.007890774267874434,1.083199525119535,0.08319952511953499,0.00775654491223674,4.380823076215433,0.003600540547969693,-0.13422935563769423,2,2
961,0.9610000000000007,ramp,96.1,5.555975741436242,0.01068081445814606,1.0832967686693769,0.08329676866937685,0.010489937524444468,4.391313013739878,0.003603909473335993,-0.19087693370159128,2,2
962,0.9620000000000007,ramp,96.2,5.563888075304938,0.007912333868695498,1.0833657303464677,0.08336573034646766,0.007778021360295415,4.399091035100174,0.0036074105431771583,-0.13431250840008346,2,2
963,0.9630000000000007,ramp,96.3,5.574585273351959,0.010697198047020962,1.0834629086411343,0.08346290864113426,0.01050645848887179,4.409597493589046,0.003610781068293763,-0.1907395581491715,2,2
964,0.9640000000000007,ramp,96.4,5.582519167586334,0.00793389423437496,1.0835319151284604,0.08353191512846037,0.007799498983063134,4.417396992572109,0.0036142834215076216,-0.13439525131182709,2,2
965,0.9650000000000007,ramp,96.5,5.593232748519672,0.010713580933337852,1.083629028397427,0.08362902839742703,0.010522978294819433,4.427919970866928,0.0036176555477835516,-0.19060263851841847,2,2
966,0.9660000000000007,ramp,96.6,5.6011882038393175,0.007955455319645921,1.0836980794922746,0.08369807949227459,0.007820977733770303,4.4357409486006985,0.0036211591867442335,-0.134477585875618,2,2
967,0.9670000000000007,ramp,96.7,5.6119181670013925,0.010729963162074974,1.0837951279641054,0.08379512796410538,0.010539496988872743,4.446280445589571,0.0036245329155853248,-0.19046617320223058,2,2
968,0.9680000000000007,ramp,96.8,5.619895184081178,0.00797701707978593,1.0838642234645801,0.08386422346458011,0.007842457565973304,4.454122903155545,0.00362803784264098,-0.13455951381262723,2,2
969,0.9690000000000007,ramp,96.9,5.6306415288586065,0.010746344777428085,1.0839612073669271,0.08396120736692714,0.010556014617295845,4.464678917772841,0.003631413175450238,-0.19033016013223977,2,2
970,0.9700000000000008,ramp,97.0,5.63864010832906,0.00799857947045357,1.0840303470719534,0.08403034707195345,0.007863938433548663,4.47254285620639,0.003634919392926481,-0.13464103690490753,2,2
971,0.9710000000000008,ramp,97.1,5.649402834152731,0.010762725823671104,1.0841272666315784,0.08412726663157843,0.010572531226042441,4.4831153874324325,0.0036382963311024797,-0.190194597628663,2,2
972,0.9720000000000008,ramp,97.2,5.65742297659968,0.008020142446948597,1.084196450340876,0.08419645034087608,0.007885420290686779,4.491000807723119,0.0036418038413002845,-0.13472215626181802,2,2
973,0.9730000000000008,ramp,97.3,5.668202082944559,0.010779106344878997,1.084293305783632,0.08429330578363192,0.010589046860738655,4.501589854583858,0.0036451823862381936,-0.19005948414034177,2,2
974,0.9740000000000008,ramp,97.4,5.6762437889104485,0.008041705965889712,1.0843625332977473,0.08436253329774734,0.007906903091887244,4.509496757675746,0.003648691191437834,-0.13480287400246746,2,2
975,0.9750000000000008,ramp,97.5,5.687039275294819,0.01079548638437089,1.0844593248486147,0.08445932484861474,0.010605561566722922,4.5201023192424685,0.0036520713445271557,-0.18992481764796773,2,2
976,0.9760000000000008,ramp,97.6,5.695102545278035,0.008063269983215271,1.0845285959688613,0.08452859596886131,0.007928386791964767,4.528030706034433,0.003655581446986539,-0.13488319125050385,2,2
977,0.9770000000000008,ramp,97.7,5.70591441126328,0.010811865985245639,1.0846253238519221,0.08462532385192212,0.010622075388987686,4.538652781423421,0.0036589632096120663,-0.18979059625795316,2,2
978,0.9780000000000008,ramp,97.8,5.713999245719443,0.008084834456163037,1.0846946383804181,0.08469463838041813,0.007949871346070397,4.546602652769492,0.0036624746115678695,-0.13496311009263995,2,2
979,0.9790000000000008,ramp,97.9,5.724827490909966,0.010828245190523056,1.0847913028188871,0.08479130281888714,0.010638588372216037,4.557241241141708,0.003665857985109534,-0.18965681830701922,2,2
980,0.9800000000000008,ramp,98.0,5.732933890251503,0.008106399341536452,1.084860660558554,0.08486066055855401,0.00797135670965308,4.565212597851361,0.003669370688778318,-0.13504263188337215,2,2
981,0.9810000000000008,ramp,98.1,5.743778514294468,0.010844624042965378,1.0849572617747483,0.08495726177474827,0.010655100560786467,4.575867698412147,0.0036727556746096674,-0.18952348217891185,2,2
982,0.9820000000000008,ramp,98.2,5.7519064788909535,0.008127964596485349,1.0850266625292724,0.08502666252927238,0.007992842838477189,4.583860541250624,0.003676269682188118,-0.1351217580081599,2,2
983,0.9830000000000008,ramp,98.3,5.7627674814756595,0.010861002584706014,1.0851232007446638,0.08512320074466384,0.010671611998744949,4.59453215324937,0.003679656281677075,-0.18939058596106548,2,2
984,0.9840000000000008,ramp,98.4,5.770917011654542,0.008149530178882536,1.0851926443185402,0.08519264431854023,0.00801432968862734,4.602546482937997,0.003683171595342138,-0.13520049025519607,2,2
985,0.9850000000000008,ramp,98.5,5.781794392512375,0.010877380857833074,1.0852891197536965,0.08528911975369646,0.010688122729862557,4.61323460566786,0.00368655980985079,-0.1892581279705173,2,2
986,0.9860000000000008,ramp,98.6,5.7899654885592255,0.008171096046850401,1.0853586059521858,0.0853586059521858,0.008035817216476839,4.621270422884337,0.0036900764317617566,-0.1352788303735624,2,2
987,0.9870000000000008,ramp,98.7,5.800859247463138,0.01089375890391242,1.0854550188268128,0.08545501882681283,0.010704632797572562,4.6319750556819095,0.003693466262644274,-0.18912610633985832,2,2
988,0.9880000000000008,ramp,98.8,5.809051909621244,0.008192662158106323,1.0855245474559854,0.08552454745598537,0.008057305378732312,4.6400323610606415,0.003696984194941827,-0.13535677937401117,2,2
989,0.9890000000000008,ramp,98.9,5.819962046385887,0.010910136764643141,1.0856208979889204,0.08562089798892036,0.010721142244995149,4.650753503305637,0.003700375643546347,-0.18899451964799266,2,2
990,0.9900000000000008,ramp,99.0,5.828176274857397,0.008214228471509877,1.0856904688555948,0.08569046885559484,0.008078794132412543,4.65883229743805,0.003703894888353349,-0.1354343390973338,2,2
991,0.9910000000000008,ramp,99.1,5.839102789338277,0.010926514480879668,1.085786757264858,0.08578675726485807,0.01073765111493297,4.669569948552983,0.003707287956020986,-0.18886336594669748,2,2
992,0.9920000000000008,ramp,99.2,5.847338584284229,0.008235794945951724,1.0858563701766182,0.08585637017661818,0.008100283434856555,4.67767023198784,0.003710808515443452,-0.13551151109516926,2,2
993,0.9930000000000008,ramp,99.3,5.858281476377742,0.010942892093513734,1.0859525966793158,0.08595259667931576,0.010754159449885156,4.688424391437724,0.0037142032035078847,-0.188732643628578,2,2
994,0.9940000000000008,ramp,99.4,5.8665388379184655,0.008257361540723096,1.0860222514445106,0.08602225144451059,0.008121773243703122,4.696546164681427,0.0037177250796350514,-0.13558829701997357,2,2
995,0.9950000000000008,ramp,99.5,5.877498107561157,0.010959269642691893,1.0861184162569673,0.08611841625696726,0.010770667292041243,4.707316831973468,0.0037211213894223355,-0.1886023506506504,2,2
996,0.9960000000000008,ramp,99.6,5.885777035776343,0.008278928215185388,1.086188112684747,0.08618811268474702,0.008143263516887775,4.715460095490356,0.0037246445843264675,-0.13566469829761305,2,2
997,0.9970000000000008,ramp,99.7,5.896752682945445,0.010975647169102487,1.0862842160223525,0.08628421602235248,0.010787174683281726,4.726247270173638,0.003728042517155629,-0.18847248582076065,2,2
998,0.9980000000000008,ramp,99.8,5.905053177874372,0.008300494928926483,1.0863539539226064,0.08635395392260636,0.008164754212678987,4.734412024386317,0.0037315670328935883,-0.13574071624749584,2,2
999,0.9990000000000008,ramp,99.9,5.916045202586652,0.010992024712280113,1.086449995999959,0.08644999599995895,0.0108036816651824,4.745215706051499,0.003734966590075541,-0.1883430470977134,2,2
1000,1.0000000000000007,ramp,100.0,5.924367264229015,0.008322061642362932,1.0865197751833338,0.08651977518333376,0.008186245289642584,4.753401951341141,0.003738492428689003,-0.13581635272034812,2,2
1001,1.0010000000000006,hold,100.0,5.916238720275239,-0.008128543953775491,1.0864285443293824,0.0864285443293824,-0.007942502080072343,4.745459449261069,0.003576734330223582,0.18604187370314765,2,2
1002,1.0020000000000004,hold,100.0,5.924403936400491,0.008165216125251895,1.0864969803364402,0.08649698033644015,0.00803184628310094,4.75349129554417,0.003498763816299946,-0.13336984215095438,2,2
1003,1.0030000000000003,hold,100.0,5.916293278306494,-0.008110658093997358,1.086406059186076,0.08640605918607602,-0.007925371897768466,4.745565923646401,0.0034405013287912185,0.18528619622889228,2,2
1004,1.0040000000000002,hold,100.0,5.9244099972076505,0.008116718901156617,1.0864741307471102,0.08647413074711019,0.007983971324670644,4.753549894971072,0.003392176801476179,-0.13274757648597257,2,2
1005,1.0050000000000001,hold,100.0,5.916323327251041,-0.008086669956609782,1.0863835426260362,0.0863835426260362,-0.00790214006698825,4.745647754904084,0.0033502835156360294,0.18452988962153194,2,2
1006,1.006,hold,100.0,5.924401580881245,0.008078253630204202,1.0864513242940304,0.08645132429403035,0.00794600649574573,4.75359376139983,0.003312865161299622,-0.1322471344584724,2,2
1007,1.007,hold,100.0,5.916342176626099,-0.008059404255146063,1.0863610842892917,0.08636108428929168,-0.007875641988653462,4.745718119411176,0.003278921296681778,0.18376226649260105,2,2
1008,1.0079999999999998,hold,100.0,5.924384844281722,0.008042667655622893,1.086428591506164,0.086428591506164,0.007910904171626532,4.7536290235828025,0.0032476431574291888,-0.13176348399636037,2,2
1009,1.0089999999999997,hold,100.0,5.916354222487316,-0.008030621794405945,1.0863387041685288,0.08633870416852885,-0.007847625190654406,4.745781398392148,0.003218620033565732,0.1829966037515396,2,2
1010,1.0099999999999996,hold,100.0,5.924362662294658,0.008008439807341894,1.0864059419230911,0.08640594192309115,0.007877158983499333,4.753658557375647,0.003191407137526239,-0.13128082384256112,2,2
1011,1.0109999999999995,hold,100.0,5.916361584322797,-0.008001077971861115,1.086316407605962,0.08631640760596193,-0.007818840246266117,4.745839717129381,0.003165809613338804,0.1822377255949973,2,2
1012,1.0119999999999993,hold,100.0,5.924336607617085,0.007975023294288341,1.0863833778687106,0.08638337786871064,0.007844227559158057,4.753683944688539,0.0031415398958733257,-0.13079573513028428,2,2
1013,1.0129999999999992,hold,100.0,5.916365481818382,-0.007971125798702516,1.086294195286452,0.08629419528645199,-0.0077896388775333236,4.745894305811006,0.003118501381027554,0.1814869211691928,2,2
1014,1.0139999999999991,hold,100.0,5.924307642534409,0.007942160716026159,1.086360898915373,0.08636089891537302,0.0078118531693149185,4.753706158980321,0.003096487694608663,-0.13030754671124015,2,2
1015,1.014999999999999,hold,100.0,5.9163666924810805,-0.007940950053328066,1.0862720661229956,0.08627206612299565,-0.007760205785989598,4.745945953194331,0.0030754532839119917,0.18074426733846824,2,2
1016,1.015999999999999,hold,100.0,5.92427640409824,0.007909711617159587,1.0863385035267568,0.08633850352675676,0.007779895245455836,4.753725848439787,0.0030552389895859415,-0.1298163717037507,2,2
1017,1.0169999999999988,hold,100.0,5.916365747059817,-0.007910657038422642,1.0862500183205421,0.08625001832054213,-0.007730647594250901,4.745995200845536,0.00303582822446408,0.18000944417174025,2,2
1018,1.0179999999999987,hold,100.0,5.924243342860508,0.007877595800690251,1.0863161897461522,0.08631618974615218,0.007748273213980457,4.753743474059517,0.0030170919543733242,-0.12932258670979474,2,2
1019,1.0189999999999986,hold,100.0,5.916363023166506,-0.007880319694002047,1.0862280497686059,0.08622804976860587,-0.007701037530622951,4.746042436528894,0.002999030413920794,0.17928216337909605,2,2
1020,1.0199999999999985,hold,100.0,5.92420878061846,0.00784575745195415,1.0862939554396087,0.08629395543960872,0.007716930792101255,4.7537593673209955,0.0029815353959017775,-0.12882665985289482,2,2
1021,1.0209999999999984,hold,100.0,5.916358807837661,-0.007849972780798353,1.0862061584116653,0.08620615841166535,-0.007671410954259338,4.746087956366736,0.0029646179859602827,0.178561826539015,2,2
1022,1.0219999999999982,hold,100.0,5.924172965483331,0.007814157645669617,1.0862717985049766,0.08627179850497657,0.007685828764548198,4.753773785131284,0.0029481842724998586,-0.12832888112141935,2,2
1023,1.0229999999999981,hold,100.0,5.916353318945379,-0.007819646537951641,1.0861843421735076,0.08618434217350757,-0.007641798494917747,4.7461319866363665,0.002932252554077324,0.1778480430338937,2,2
1024,1.023999999999998,hold,100.0,5.924136089738392,0.007782770793012261,1.0862497168958472,0.08624971689584715,0.007654941183890913,4.753786927820258,0.0029167394957727148,-0.12782960912134828,2,2
1025,1.024999999999998,hold,100.0,5.91634672793738,-0.007789361801012085,1.0861625990579558,0.08616259905795576,-0.007612221354330713,4.746174706465927,0.0029016681893475295,0.1771404466813717,2,2
1026,1.0259999999999978,hold,100.0,5.924098306145851,0.007751578208471166,1.0862277086567207,0.08622770865672069,0.00762424904545955,4.753798955511387,0.00288696339311911,-0.12732916301161618,2,2
1027,1.0269999999999977,hold,100.0,5.91633917245068,-0.007759133695170561,1.086140927166274,0.08614092716627408,-0.007582694984680636,4.746216260526706,0.002872651420811706,0.17643871048992568,2,2
1028,1.0279999999999976,hold,100.0,5.924059738336524,0.007720565885843911,1.0862057719335663,0.08620577193356627,0.007593738060984785,4.753809998587691,0.0028586634004614787,-0.1268278248591258,2,2
1029,1.0289999999999975,hold,100.0,5.916330764865629,-0.007728973470895184,1.0861193247023355,0.08611932470233552,-0.0075532309268242365,4.746256767660867,0.0028450278162866854,0.17574254407094758,2,2
1030,1.0299999999999974,hold,100.0,5.924020487931897,0.00768972306626825,1.0861839049752142,0.08618390497521422,0.007563397223458183,4.753820164884325,0.002831680930498212,-0.12632584281006745,2,2
1031,1.0309999999999973,hold,100.0,5.91632159827493,-0.007698889656967189,1.0860977899712916,0.08609778997129158,-0.007523837966950563,4.746296326917374,0.0028186526766676464,0.17505169001662615,2,2
1032,1.0319999999999971,hold,100.0,5.923980639581439,0.00765904130650874,1.086162106130012,0.08616210613001196,0.007533217870403045,4.753829544787777,0.002805883540557215,-0.12582343610569555,2,2
1033,1.032999999999997,hold,100.0,5.916311750761768,-0.007668888819670983,1.086076321375164,0.08607632137516408,-0.007494522900097424,4.746335021887679,0.0027934044004669315,0.1743659195735589,2,2
1034,1.033999999999997,hold,100.0,5.923940264613918,0.007628513852150576,1.0861403738406021,0.08614037384060214,0.007503193054434369,4.753838214942114,0.0027811592782714407,-0.1253207977162064,2,2
1035,1.0349999999999968,hold,100.0,5.916301288535367,-0.007638976078551352,1.0860549174069833,0.08605491740698334,-0.007465291050071408,4.746372923892043,0.0027691796380629598,0.1736850284799439,2,2
1036,1.0359999999999967,hold,100.0,5.923899423742887,0.0075981352075196185,1.0861187066376201,0.08611870663762011,0.007473317108875156,4.753846241000918,0.0027574125078872235,-0.12481809864446289,2,2
1037,1.0369999999999966,hold,100.0,5.916290268276169,-0.0076091554667172545,1.0860335766444893,0.0860335766444893,-0.007436146632673482,4.746410094368245,0.00274588967895361,0.17300883404377207,2,2
1038,1.0379999999999965,hold,100.0,5.92385816910749,0.007567900831320529,1.0860971031334232,0.08609710313342323,0.007443585340735107,4.75385367970898,0.0027345607693390578,-0.12431549058542195,2,2
1039,1.0389999999999964,hold,100.0,5.916278738920816,-0.007579430186673619,1.0860122977437756,0.08601229774377561,-0.007407093015076444,4.746446586693904,0.002723457709043123,0.17233717159717554,2,2
1040,1.0399999999999963,hold,100.0,5.923816545838473,0.0075378069176563756,1.0860755620157974,0.08607556201579736,0.007413993809177144,4.753860580503081,0.002712532374003343,-0.1238131084792312,2,2
1041,1.0409999999999962,hold,100.0,5.916266743040735,-0.007549802797737648,1.0859910794333758,0.0859910794333758,-0.007378132904831367,4.746482447598249,0.002701816694876545,0.17166989290628118,2,2
1042,1.041999999999996,hold,100.0,5.923774593276263,0.007507850235527691,1.0860540820420843,0.08605408204208431,0.007384539162744992,4.753866986760994,0.0026912645364099387,-0.12331107278269922,2,2
1043,1.042999999999996,hold,100.0,5.916254317923222,-0.00752027535304034,1.085969920508522,0.08596992050852204,-0.007349268489892251,4.746517718271102,0.002680907728127345,0.17100686314808905,2,2
1044,1.0439999999999958,hold,100.0,5.923732345932522,0.007478028009299642,1.0860326620338798,0.08603266203387983,0.007355218517725871,4.753872936788828,0.0026707019027809556,-0.12280949157377104,2,2
1045,1.0449999999999957,hold,100.0,5.916241496428535,-0.007490849503986929,1.085948819825973,0.08594881982597302,-0.007320501544063371,4.746552435244765,0.0026606787136164976,0.17034795992355856,2,2
1046,1.0459999999999956,hold,100.0,5.923689834256504,0.007448337827969276,1.0860113008718866,0.08601130087188658,0.00732602936591857,4.7538784646106835,0.002650795378024665,-0.12230846205070564,2,2
1047,1.0469999999999955,hold,100.0,5.916228307677719,-0.0074615265787851826,1.0859277762992896,0.0859277762992896,-0.007291833507462849,4.746586631103221,0.002641083317580893,0.16969307132233372,2,2
1048,1.0479999999999954,hold,100.0,5.923647085252766,0.007418777575046498,1.0859899974914482,0.0859899974914482,0.007296969503778404,4.753883600607,0.002631501180396556,-0.12180807126809401,2,2
1049,1.0489999999999953,hold,100.0,5.916214777609647,-0.007432307643118641,1.0859067888944554,0.08590678889445535,-0.007263265548759774,4.74662033505824,0.0026220801157662804,0.16904209435886652,2,2
1050,1.0499999999999952,hold,100.0,5.923604122985207,0.007389345375560019,1.085968750878403,0.08596875087840306,0.007268036977305029,4.7538883720355445,0.002612780072058118,-0.12130839825499028,2,2
1051,1.050999999999995,hold,100.0,5.9162009294365845,-0.007403193548622511,1.0858858566259821,0.08588585662598214,-0.0072347986138724,4.746653573421672,0.0026036318968262794,0.16839493475011116,2,2
1052,1.051999999999995,hold,100.0,5.923560968989834,0.00736003955324982,1.0859475600653055,0.08594756006530546,0.007239230038706496,4.753892803460379,0.002594596727124755,-0.12080951454332411,2,2
1053,1.0529999999999948,hold,100.0,5.916186784020576,-0.007374184969258124,1.085864978553238,0.08586497855323794,-0.007206433464383923,4.746686369995995,0.0025857050877765705,0.16775150487420132,2,2
1054,1.0539999999999947,hold,100.0,5.923517642617239,0.007330858596662715,1.085926424127969,0.08592642412796891,0.007210547111956342,4.7538969171079515,0.002576919208328638,-0.1203114847063728,2,2
1055,1.0549999999999946,hold,100.0,5.916172360184685,-0.007345282432553724,1.0858441537773127,0.08584415377731269,-0.007178170708310329,4.746718746399641,0.0025682692763493594,0.1671117242433946,2,2
1056,1.0559999999999945,hold,100.0,5.923474161317886,0.007301801133200669,1.0859053421824936,0.08590534218249357,0.007181986765203055,4.753900733164844,0.002559718530322459,-0.11981436799761436,2,2
1057,1.0569999999999944,hold,100.0,5.916157674975467,-0.007316486342419104,1.0858233814380052,0.08582338143800516,-0.007150010824768152,4.746750722340076,0.002551296810998895,0.16647551765095175,2,2
1058,1.0579999999999943,hold,100.0,5.92343054088213,0.007272865906663206,1.0858843133822909,0.08588431338229086,0.007153547688441377,4.753904270028517,0.0025429682927199963,-0.11931821822182882,2,2
1059,1.0589999999999942,hold,100.0,5.91614274388286,-0.007287796999269958,1.085802660711148,0.08580266071114795,-0.007121954184100038,4.746782315844417,0.002534762463671355,0.16584281516991967,2,2
1060,1.059999999999994,hold,100.0,5.923386795642275,0.0072440517594154485,1.0858633369156305,0.08586333691563053,0.007125228675351573,4.753907544519769,0.0025266443697308724,-0.11882308406387532,2,2
1061,1.060999999999994,hold,100.0,5.916127581026957,-0.007259214615318754,1.085781990806178,0.0857819908061781,-0.007094001064300904,4.746813543455468,0.002518643143709897,0.16521355101785026,2,2
1062,1.0619999999999938,hold,100.0,5.923342938645401,0.007215357618444607,1.0858424120032686,0.08584241200326859,0.00709702860832554,4.753910572063793,0.0025107246460777414,-0.11832901011906652,2,2
1063,1.0629999999999937,hold,100.0,5.916112199316873,-0.007230739328528024,1.0857613709638814,0.08576137096388137,-0.007066151664511295,4.746844420399282,0.0025029176537290916,0.1645876640167295,2,2
1064,1.0639999999999936,hold,100.0,5.9232989818008095,0.007186782483936227,1.0858215378963474,0.08582153789634739,0.0070689464461378675,4.75391336684542,0.00249518879103525,-0.11783603779835956,2,2
1065,1.0649999999999935,hold,100.0,5.916096610587697,-0.00720237121311218,1.0857408004544082,0.08574080045440824,-0.007038406116292028,4.746874960729127,0.0024875664801745183,0.163965096820152,2,2
1066,1.0659999999999934,hold,100.0,5.923254936005989,0.0071583254182918665,1.0858007138744101,0.08580071387441013,0.007040981213661456,4.753915941942789,0.0024800180640731323,-0.11734420463041083,2,2
1067,1.0669999999999933,hold,100.0,5.916080825717771,-0.0071741102882185714,1.0857202785754012,0.08572027857540121,-0.007010764492947085,4.746905177449841,0.002472571612729927,0.16334579527148632,2,2
1068,1.0679999999999932,hold,100.0,5.923210811255715,0.007129985537944528,1.085779939243661,0.0857799392436609,0.007013131993253465,4.753918309443095,0.002465195146867525,-0.11685354469106231,2,2
1069,1.068999999999993,hold,100.0,5.916064854730184,-0.007145956525531183,1.0856998046502448,0.08569980465024485,-0.006983226817411929,4.746935082625683,0.0024579163878611357,0.1627297081192537,2,2
1070,1.069999999999993,hold,100.0,5.923166616737982,0.007101762007797774,1.0857592133353176,0.08575921333531755,0.006985397917543258,4.7539204805432265,0.002450703997436277,-0.11636409025451554,2,2
1071,1.0709999999999928,hold,100.0,5.91604870688189,-0.007117909856091842,1.0856793780266067,0.08567937802660675,-0.006955793068888189,4.746964687474338,0.002443585352669863,0.1621167872036533,2,2
1072,1.0719999999999927,hold,100.0,5.923122360914897,0.007073654033007415,1.0857385355041123,0.08573853550411226,0.006957778163276667,4.753922465637615,0.0024365297229406086,-0.11587586973074801,2,2
1073,1.0729999999999926,hold,100.0,5.916032390740139,-0.007089970174757987,1.085658998074912,0.08565899807491206,-0.006928463188452478,4.746994002449163,0.002429564145925808,0.1615069863055091,2,2
1074,1.0739999999999925,hold,100.0,5.923078051596418,0.007045660856278779,1.0857179051269414,0.08571790512694144,0.00693027194612771,4.75392427439529,0.0024226584683147492,-0.11538891015106921,2,2
1075,1.0749999999999924,hold,100.0,5.916015914249844,-0.00706213734657446,1.085638664187073,0.085638664187073,-0.0069012370838872255,4.747023037311403,0.002415839393701887,0.16090026268723423,2,2
1076,1.0759999999999923,hold,100.0,5.923033696002442,0.00701778175259804,1.0856973216015768,0.08569732160157684,0.0069028785162530675,4.753925915827656,0.0024090773183820654,-0.11490323634497264,2,2
1077,1.0769999999999922,hold,100.0,5.915999284794127,-0.007034411208314495,1.0856183757752518,0.08561837577525178,-0.00687411463377736,4.747051801193879,0.0024023986174798134,0.16029657453713475,2,2
1078,1.077999999999992,hold,100.0,5.922989300819316,0.006990016025189227,1.0856767843455033,0.0856767843455033,0.00687559715445958,4.753927398348338,0.0023957742115148064,-0.11441887072964704,2,2
1079,1.078999999999992,hold,100.0,5.9159825092452625,-0.007006791574053928,1.0855981322707864,0.08559813227078639,-0.006847095690999821,4.747080302657339,0.0023892301529541155,0.1596958830541069,2,2
1080,1.0799999999999919,hold,100.0,5.922944872248786,0.006962363003523819,1.0856562927948252,0.08565629279482523,0.006848427168889269,4.753928729826228,0.0023827378632177492,-0.1139358346345506,2,2
1081,1.0809999999999917,hold,100.0,5.915965594012664,-0.006979278236122433,1.0855779331230755,0.08557793312307549,-0.006820180085824588,4.747108549740403,0.00237632307804992,0.15909815029784435,2,2
1082,1.0819999999999916,hold,100.0,5.922900416051534,0.006934822038870081,1.085635846403304,0.08563584640330402,0.006821367892231074,4.753929917632634,0.00236995769827433,-0.11345414663900717,2,2
1083,1.0829999999999915,hold,100.0,5.915948545082614,-0.006951870968920026,1.0855577777986536,0.08555777779865359,-0.006793367628542526,4.747136550004091,0.002363667148909714,0.15850334037750044,2,2
1084,1.0839999999999914,hold,100.0,5.922855937586756,0.006907392504142074,1.0856154446413853,0.08561544464138526,0.0067944186792028086,4.753930968683294,0.002357423790315312,-0.11297382493926506,2,2
1085,1.0849999999999913,hold,100.0,5.915931368055704,-0.006924569531052249,1.0855376657803537,0.08553766578035371,-0.006766658111732999,4.747164310571561,0.002351252742796731,0.15791141931925048,2,2
1086,1.0859999999999912,hold,100.0,5.922811441846133,0.006880073790429542,1.085595086995419,0.08559508699541896,0.006767578904401411,4.753931889475963,0.002345126807838688,-0.11249488602813051,2,2
1087,1.086999999999991,hold,100.0,5.915914068179748,-0.00689737366638532,1.0855175965663704,0.08551759656637037,-0.006740051312307813,4.747191838163655,0.0023390708070234294,0.15732235407750744,2,2
1088,1.087999999999991,hold,100.0,5.922766933484537,0.006852865304789013,1.085574772966712,0.08557477296671201,0.006740847960439018,4.753932686124094,0.002333057965860487,-0.11201734434999541,2,2
1089,1.0889999999999909,hold,100.0,5.915896650378246,-0.0068702831062905645,1.0854975696696123,0.0854975696696123,-0.006713546993233822,4.74721913913086,0.002327112813146597,0.15673611305674212,2,2
1090,1.0899999999999908,hold,100.0,5.922722416848996,0.006825766470749173,1.0855545020709645,0.08555450207096449,0.006714225256264882,4.753933364387125,0.0023212089824946464,-0.11154121448429116,2,2
1091,1.0909999999999906,hold,100.0,5.915879119278025,-0.0068432975709704635,1.0854775846168343,0.0854775846168343,-0.006687144905081482,4.747246219482044,0.002315370715779724,0.15615266588898166,2,2
1092,1.0919999999999905,hold,100.0,5.922677896002372,0.006798776724346922,1.0855342738374583,0.08553427383745826,0.006687710215709658,4.753933929697753,0.0023095720398620826,-0.1110665086372642,2,2
1093,1.0929999999999904,hold,100.0,5.915861479231401,-0.006816416770971223,1.0854576409481607,0.08545764094816066,-0.006660844787395856,4.747273084910358,0.002303836915467536,0.15557198357536717,2,2
1094,1.0939999999999903,hold,100.0,5.922633374746606,0.00677189551520474,1.085514087808437,0.08551408780843706,0.006661302276249271,4.753934387186607,0.002298139748813177,-0.1105932389554691,2,2
1095,1.0949999999999902,hold,100.0,5.9158437397128365,-0.006789635033769059,1.08543773824187,0.08543773824187006,-0.006634641040937635,4.74729974614567,0.002292504309053575,0.15499399283142382,2,2
1096,1.09599999999999,hold,100.0,5.922588852182259,0.006745112469422665,1.0854939434686026,0.08549394346860262,0.006634991244391666,4.753934737390061,0.0022869051220700087,-0.11012122503099853,2,2
1097,1.09699999999999,hold,100.0,5.915825898235717,-0.0067629539465423605,1.0854178760293094,0.08541787602930939,-0.006608535365186805,4.747326202024874,0.002281365926423862,0.1544185813555556,2,2
1098,1.0979999999999899,hold,100.0,5.922544336181891,0.006718437946173772,1.08547384045621,0.08547384045621009,0.006608787258788719,4.753934989283663,0.002275861529702828,-0.10965068738505272,2,2
1099,1.0989999999999898,hold,100.0,5.915807959307554,-0.006736376874336258,1.0853980538943564,0.0853980538943564,-0.0065825310168738695,4.747352458266789,0.0022704153979998514,0.15384585746238896,2,2
1100,1.0999999999999897,hold,100.0,5.92249982985142,0.006691870543865441,1.085453778348246,0.08545377834824608,0.0065826889253998554,4.753935147192189,0.0022650026891475575,-0.1091816184655859,2,2
1101,1.1009999999999895,hold,100.0,5.915789926433881,-0.006709903417538854,1.0853782714244642,0.08537827142446419,-0.006556627623325326,4.747378519568864,0.0022596466025943955,0.15327579421352786,2,2
1102,1.1019999999999894,hold,100.0,5.922455336136782,0.00666540970290086,1.0854337567329602,0.08543375673296016,0.006556695677162487,4.753935215246027,0.00225432263530832,-0.10871402573837258,2,2
1103,1.1029999999999893,hold,100.0,5.915771802891,-0.0066835332457815255,1.0853585282173368,0.0853585282173368,-0.0065308248789039715,4.747404390367123,0.002249053725555298,0.15270836687755404,2,2
1104,1.1039999999999892,hold,100.0,5.922410857804504,0.006639054913503806,1.0854137752089357,0.08541377520893567,0.006530806996781864,4.753935197363905,0.0022438156989721555,-0.10824791672194196,2,2
1105,1.104999999999989,hold,100.0,5.915753591776918,-0.006657266027586317,1.085338823880709,0.0853388238807089,-0.006505122475968451,4.747430074887936,0.0022386312379436427,0.15214355161786638,2,2
1106,1.105999999999989,hold,100.0,5.922366397455319,0.006612805678400946,1.0853938333846949,0.08539383338469486,0.006505022379773978,4.753935097267711,0.002233476486891714,-0.10778329862696795,2,2
1107,1.1069999999999889,hold,100.0,5.915735296028353,-0.006631101426965991,1.08531915803202,0.08531915803202006,-0.006479520101754584,4.747455577165956,0.0022283738774739477,0.15158132521140688,2,2
1108,1.1079999999999888,hold,100.0,5.922321957536092,0.006586661507739677,1.085373930878252,0.08537393087825196,0.0064793413303627515,4.753934918496319,0.00222329986354739,-0.1073201773769258,2,2
1109,1.1089999999999887,hold,100.0,5.9157169184316665,-0.006605039104425892,1.085299530297988,0.08529953029798798,-0.006454017438962536,4.747480901057356,0.002218276631053685,0.15102166546335574,2,2
1110,1.1099999999999886,hold,100.0,5.922277540350802,0.006560621919135201,1.0853540673167037,0.0853540673167037,0.006453763360368027,4.7539346644177245,0.002213280934426376,-0.1068585587671745,2,2
1111,1.1109999999999884,hold,100.0,5.915698461633985,-0.006579078716816511,1.0852799403141637,0.08527994031416375,-0.0064286141662925275,4.747506050251432,0.0022083347187623462,0.1504645505239835,2,2
1112,1.1119999999999883,hold,100.0,5.922233148070529,0.006534686436543424,1.0853342423358352,0.0853342423358352,0.006428287988603309,4.753934338240035,0.0022034150306671544,-0.10639844794011528,2,2
1113,1.1129999999999882,hold,100.0,5.9156799281524535,-0.006553219918075115,1.0852603877246478,0.08526038772464783,-0.006403309958982507,4.747531028281053,0.0021985435791273674,0.14990995909260757,2,2
1114,1.113999999999988,hold,100.0,5.9221887827422846,0.006508854589831081,1.0853144555798104,0.08531445557981043,0.006402914740444304,4.753933943021497,0.0021936976949366764,-0.10593984938677727,2,2
1115,1.114999999999988,hold,100.0,5.915661320382063,-0.006527462360221392,1.0852408721817006,0.08524087218170062,-0.006378104489214829,4.747555838532283,0.002188898855571232,0.149357871006563,2,2
1116,1.115999999999988,hold,100.0,5.922144446297087,0.006483125915023535,1.0852947067008591,0.08529470670085915,0.006377643147389503,4.753933481679672,0.0021841246684199647,-0.10548276763403235,2,2
1117,1.1169999999999878,hold,100.0,5.91564264060468,-0.006501805692407103,1.085221393345443,0.0852213933454431,-0.006352997426458158,4.747580484253214,0.002179396383917732,0.14880826594894542,2,2
1118,1.1179999999999877,hold,100.0,5.922100140557181,0.006457499952501777,1.0852749953588972,0.08527499535889715,0.006352472746702462,4.7539329569999165,0.0021746918788186002,-0.10502720579931568,2,2
1119,1.1189999999999876,hold,100.0,5.915623890994899,-0.006476249562282099,1.0852019508835922,0.08520195088359217,-0.006327988437797822,4.747604968562118,0.00217003218085827,0.14826112448427728,2,2
1120,1.1199999999999875,hold,100.0,5.922055871456567,0.006431980461667486,1.0852553213157263,0.08525532131572633,0.006327407094122002,4.75393237565624,0.00216539541700124,-0.1045733675454838,2,2
1121,1.1209999999999873,hold,100.0,5.91560506939347,-0.006450802063096894,1.0851825444816543,0.0851825444816543,-0.006303085467680131,4.74762929018856,0.0021608024367335416,0.14771659541676363,2,2
1122,1.1219999999999872,hold,100.0,5.922011636615979,0.006406567222509096,1.0852356841520263,0.08523568415202631,0.006302446197931915,4.753931736386492,0.0021562315797407695,-0.10412102457718099,2,2
1123,1.1229999999999871,hold,100.0,5.915586182008757,-0.006425454607222214,1.085163173810086,0.08516317381008598,-0.006278280111757237,4.747653456274735,0.002151703495169865,0.14717449546497713,2,2
1124,1.123999999999987,hold,100.0,5.921967437385689,0.006381255376932238,1.0852160835480942,0.08521608354809418,0.006277585165839077,4.753931041440574,0.0021471967747067875,-0.10367021109316046,2,2
1125,1.124999999999987,hold,100.0,5.91556723073692,-0.006400206648769391,1.0851438385579142,0.08514383855791419,-0.0062535718451446586,4.74767746959543,0.0021427318546750037,0.14663480362473238,2,2
1126,1.1259999999999868,hold,100.0,5.92192327520557,0.006356044468650346,1.0851965191920507,0.08519651919205073,0.006252823539664794,4.753930293135094,0.0021382875727464622,-0.1032209289855519,2,2
1127,1.1269999999999867,hold,100.0,5.915548217386236,-0.006375057819333563,1.0851245384205128,0.08512453842051282,-0.006228960317249531,4.747701332817845,0.0021338841563716365,0.14609750208403188,2,2
1128,1.1279999999999866,hold,100.0,5.9218791514461095,0.006330934059873172,1.0851769907784836,0.08517699077848362,0.006228160880182701,4.753929493698028,0.0021295006833761607,-0.10277317969047128,2,2
1129,1.1289999999999865,hold,100.0,5.915529143687384,-0.006350007758725518,1.0851052730994402,0.08510527309944016,-0.00620444518507407,4.747725048512954,0.0021251571761837502,0.14556257365144765,2,2
1130,1.1299999999999863,hold,100.0,5.921835067404947,0.006305923717563111,1.0851574980080458,0.08515749800804584,0.006203596752859904,4.753928645265813,0.0021208329471801212,-0.10232696470320687,2,2
1131,1.1309999999999862,hold,100.0,5.9155100112979255,-0.006325056107021609,1.0850860423022788,0.08508604230227879,-0.006180026105561361,4.747748619160252,0.0021165478175013443,0.14503000146024858,2,2
1132,1.1319999999999861,hold,100.0,5.921791024310232,0.006281013012306325,1.0851380405873632,0.08513804058736318,0.006179130726990491,4.753927749887242,0.0021122813287291846,-0.10188228531583364,2,2
1133,1.132999999999986,hold,100.0,5.915490821806381,-0.006300202503850549,1.0850668457424852,0.08506684574248524,-0.006155702734965085,4.747772047152277,0.0021080531043461736,0.14449976888546417,2,2
1134,1.133999999999986,hold,100.0,5.921747023324263,0.006256201517881976,1.0851186182288408,0.08511861822884081,0.006154762375612922,4.75392680952789,0.0021038429099822374,-0.10143914226905422,2,2
1135,1.1349999999999858,hold,100.0,5.915471576735576,-0.0062754465886873945,1.0850476831391043,0.08504768313910427,-0.0061314747288791615,4.747795334799011,0.002099670174999169,0.14397185980823296,2,2
1136,1.1359999999999857,hold,100.0,5.921703065546961,0.0062314888113848,1.0850992306504315,0.08509923065043146,0.006130491275381404,4.753925826074392,0.0020955148841308125,-0.10099753600339555,2,2
1137,1.1369999999999856,hold,100.0,5.915452277546593,-0.006250788000367713,1.0850285542166707,0.08502855421667066,-0.006107341742386399,4.747818484332005,0.0020913962760524714,0.14344625798131358,2,2
1138,1.1379999999999855,hold,100.0,5.921659152019754,0.00620687447316115,1.0850798775754473,0.08507987757544733,0.0061063170064362534,4.753924801338441,0.0020872945498504143,-0.10055746672489682,2,2
1139,1.1389999999999854,hold,100.0,5.915432925641526,-0.006226226378228006,1.0850094587049997,0.08500945870499965,-0.006083303430090085,4.747841497908351,0.002083228756852456,0.14292294813792078,2,2
1140,1.1399999999999852,hold,100.0,5.921615283728681,0.006182358087154505,1.085060558732429,0.0850605587324289,0.006082239152266564,4.753923737060617,0.002079179305926982,-0.1001189348879411,2,2
1141,1.1409999999999851,hold,100.0,5.915413522367502,-0.006201761361178448,1.0849903963389647,0.08499039633896466,-0.006059359446319427,4.747864377614298,0.0020751650643020124,0.14240191485902134,2,2
1142,1.141999999999985,hold,100.0,5.921571461607142,0.006157939239639809,1.0850412738549735,0.08504127385497351,0.006058257299606665,4.753922634913905,0.002071166646229073,-0.09968194003314411,2,2
1143,1.142999999999985,hold,100.0,5.915394069018813,-0.006177392588329056,1.0849713668584715,0.08497136685847151,-0.0060355094451823126,4.747887125468722,0.002067202737995179,0.14188314314674336,2,2
1144,1.1439999999999848,hold,100.0,5.921527686539036,0.006133617520222678,1.0850220226815226,0.08502202268152259,0.006034371038335128,4.753921496507057,0.002063254154998259,-0.09924648188755057,2,2
1145,1.1449999999999847,hold,100.0,5.915374566840197,-0.006153119698838694,1.0849523700081098,0.08495237000810985,-0.006011753080698281,4.747909743426359,0.002059339405657484,0.14136661814041251,2,2
1146,1.1459999999999846,hold,100.0,5.921483959361282,0.006109392521085333,1.085002804955261,0.08500280495526091,0.00601057996134843,4.753920323387707,0.002055439502434151,-0.09881255973690287,2,2
1147,1.1469999999999845,hold,100.0,5.915355017028825,-0.006128942332456866,1.084933405537203,0.08493340553720308,-0.005988090006869142,4.747932233380838,0.002051572778870113,0.1408523255877238,2,2
1148,1.1479999999999844,hold,100.0,5.921440280866452,0.006085263837626975,1.084983620423992,0.08498362042399199,0.005986883664474135,4.753919117045312,0.002047720440552052,-0.09838017315284049,2,2
1149,1.1489999999999843,hold,100.0,5.915335420737419,-0.00610486012903344,1.084914473199503,0.08491447319950307,-0.005964519877782807,4.747954597167529,0.0020439006490551564,0.14034025125063324,2,2
1150,1.1499999999999841,hold,100.0,5.921396651804822,0.006061231067403305,1.0849644688399012,0.08496446883990116,0.005963281746379889,4.753917878913908,0.002040094799291918,-0.09794932102341614,2,2
1151,1.150999999999984,hold,100.0,5.915315779076071,-0.006080872728751352,1.0848955727531637,0.08489557275316373,-0.0059410423476686436,4.74797683656624,0.0020363208837042355,0.13983038108270843,2,2
1152,1.151999999999984,hold,100.0,5.921353072886562,0.006037293810491562,1.0849453499595363,0.08494534995953629,0.005939773808468001,4.7539166103747075,0.0020325604828613166,-0.09752000202356124,2,2
1153,1.1529999999999838,hold,100.0,5.915296093114539,-0.006056979772023574,1.0848767039605545,0.08487670396055447,-0.005917657070974825,4.747998953303733,0.0020288314228313234,0.1393227010487493,2,2
1154,1.1539999999999837,hold,100.0,5.9213095447843465,0.006013451669807601,1.0849262635435855,0.08492626354358546,0.0059163594548187065,4.753915312758552,0.002025115466295353,-0.09709221498889475,2,2
1155,1.1549999999999836,hold,100.0,5.915276363883666,-0.0060331809006806125,1.0848578665881512,0.0848578665881512,-0.005894363702464795,4.7480209490560865,0.0020214302756351803,0.1388171982158173,2,2
1156,1.1559999999999835,hold,100.0,5.921266068134319,0.0059897042506529274,1.0849072093568457,0.0849072093568457,0.005893038292119275,4.753913987348206,0.0020177577922173384,-0.09666595853365274,2,2
1157,1.1569999999999834,hold,100.0,5.915256592378476,-0.0060094757558424305,1.0848390604064047,0.08483906040640465,-0.005871161897248879,4.748042825450957,0.002014115517355115,0.13831385859355144,2,2
1158,1.1579999999999833,hold,100.0,5.921222643539013,0.005966051160537056,1.0848881871679932,0.08488818716799318,0.00586980992959048,4.753912635380548,0.0020104855677866213,-0.0962412309465756,2,2
1159,1.1589999999999832,hold,100.0,5.915236779558454,-0.005985863980559003,1.0848202851896582,0.08482028518965823,-0.005848051310875176,4.748064584069673,0.002006885286307525,0.1378126696838268,2,2
1160,1.159999999999983,hold,100.0,5.921179271567766,0.0059424920093116285,1.0848691967496074,0.08486919674960736,0.005846673978896988,4.75391125804857,0.0020032969618205385,-0.09581803041464054,2,2
1161,1.160999999999983,hold,100.0,5.915216926350162,-0.005962345217604081,1.0848015407159968,0.08480154071599677,-0.005825031599318542,4.748086226449251,0.001999737781090038,0.1373136182855391,2,2
1162,1.1619999999999828,hold,100.0,5.921135952759857,0.005919026409695327,1.0848502378779132,0.08485023787791324,0.005823630054125534,4.753909856503377,0.0019961902020786287,-0.09539635556979342,2,2
1163,1.1629999999999827,hold,100.0,5.915197033648885,-0.0059389191109726625,1.0847828267671586,0.08478282676715865,-0.0058021024191269735,4.74810775408425,0.0019926712579426474,0.13681669184568893,2,2
1164,1.1639999999999826,hold,100.0,5.92109268762428,0.005895653975395376,1.0848313103328335,0.08483131033283353,0.005800677771717952,4.753908431855968,0.001989163572697398,-0.09497620367742397,2,2
1165,1.1649999999999825,hold,100.0,5.91517710231929,-0.005915585304990145,1.084764143128473,0.08476414312847291,-0.005779263427393341,4.748129168428575,0.001985684028254272,0.13632187759680425,2,2
1166,1.1659999999999824,hold,100.0,5.921049476642681,0.00587237432339105,1.0848124138977429,0.08481241389774286,0.005777816750389982,4.753906985178965,0.0019822154117665864,-0.09455757300106792,2,2
1167,1.1669999999999823,hold,100.0,5.915157133197551,-0.005892343445129455,1.0847454895886584,0.08474548958865835,-0.005756514281806921,4.748150470897158,0.0019787744562056783,0.1358291633225348,2,2
1168,1.1679999999999822,hold,100.0,5.921006320269909,0.005849187072357154,1.0847935483594706,0.08479354835947062,0.0057550466111005085,4.753905517508258,0.0019753441090368255,-0.09414046125664523,2,2
1169,1.168999999999982,hold,100.0,5.915137127092134,-0.00586919317777479,1.084726865939848,0.0847268659398479,-0.005733854640717975,4.74817166286754,0.001971940956539539,0.13533853705681442,2,2
1170,1.169999999999982,hold,100.0,5.920963218935331,0.005826091843196934,1.0847747135081784,0.08477471350817845,0.0057323669770262525,4.753904029844566,0.0019685481037502164,-0.09372486617068194,2,2
1171,1.1709999999999818,hold,100.0,5.9151170847856935,-0.005846134149637194,1.084708271977421,0.08470827197742103,-0.005711284163169352,4.748192745681397,0.001965181992449836,0.13484998646784255,2,2
1172,1.1719999999999817,hold,100.0,5.920920173044088,0.005803088258394595,1.0847559091372665,0.0847559091372665,0.0057097774734738895,4.753902523154871,0.001961825882586035,-0.09331078492070578,2,2
1173,1.1729999999999816,hold,100.0,5.915097007035336,-0.00582316600875199,1.0846897074999566,0.08468970749995663,-0.005688802508913985,4.748213720645957,0.0019584960735820243,0.1343634998380045,2,2
1174,1.1739999999999815,hold,100.0,5.920877182978481,0.0057801759431450606,1.0847371350432478,0.08473713504324776,0.005687277727857221,4.7539009983738145,0.001955175977714169,-0.09289821528783974,2,2
1175,1.1749999999999814,hold,100.0,5.915076894574427,-0.005800288404054221,1.0846711723091158,0.0846711723091158,-0.005666409338441461,4.748234589035373,0.0019518817541376442,0.13387906561275995,2,2
1176,1.1759999999999813,hold,100.0,5.920834249098518,0.005757354524090985,1.084718391025803,0.08471839102580292,0.00566486736966593,4.75389945640504,0.0019485969649495533,-0.09248715442505481,2,2
1177,1.1769999999999812,hold,100.0,5.915056748113628,-0.00577750098489016,1.0846526662095899,0.08465266620958989,-0.00564410431305061,4.748255352091989,0.0019453376310768562,0.13339667183955017,2,2
1178,1.177999999999981,hold,100.0,5.92079137174383,0.0057346236302020515,1.0846996768875226,0.08469967688752256,0.0056425460304244755,4.753897898122413,0.0019420874620005401,-0.092077599777576,2,2
1179,1.178999999999981,hold,100.0,5.9150365683410335,-0.005754803402796327,1.0846341890090083,0.08463418900900832,-0.005621887094829529,4.748276011027584,0.0019388623424119675,0.13291630796679818,2,2
1180,1.1799999999999808,hold,100.0,5.920748551233069,0.005711982892035117,1.0846809924339602,0.08468099243396021,0.005620313343643017,4.753896324371227,0.0019356461268071896,-0.09166954839209991,2,2
1181,1.1809999999999807,hold,100.0,5.915016355924421,-0.0057321953086475474,1.0846157405178931,0.08461574051789311,-0.005599757346708215,4.748296567024519,0.0019324545655877092,0.13243796193933288,2,2
1182,1.1819999999999806,hold,100.0,5.920705787866517,0.005689431942095702,1.0846623374734952,0.08466233747349516,0.00559816894480339,4.753894735969322,0.0019292716559615587,-0.09126299729231203,2,2
1183,1.1829999999999805,hold,100.0,5.914996111511083,-0.005709676355433402,1.084597320549514,0.08459732054951408,-0.005577714732469636,4.748317021236852,0.0019261130159415893,0.1319616229637655,2,2
1184,1.1839999999999804,hold,100.0,5.920663081925879,0.005666970414795358,1.0846437118172976,0.08464371181729757,0.005576112471315332,4.753893133708168,0.0019229627832072435,-0.09085794348002649,2,2
1185,1.1849999999999803,hold,100.0,5.914975835728967,-0.005687246196911744,1.084578928919907,0.08457892891990704,-0.005555758916780845,4.748337374791387,0.0019198364452404696,0.13148728013089894,2,2
1186,1.1859999999999802,hold,100.0,5.920620433675477,0.005644597946510288,1.0846251152792508,0.08462511527925076,0.005554143562477956,4.753891518353864,0.0019167182780120491,-0.0904543840323322,2,2
1187,1.18699999999998,hold,100.0,5.914955529187797,-0.005664904487680644,1.0845605654477506,0.08456056544775059,-0.00553388956519177,4.748357628788672,0.0019136236402886191,0.13101492248887395,2,2
1188,1.18799999999998,hold,100.0,5.92057784336284,0.005622314175043108,1.0846065476758329,0.08460654767583287,0.005532261859468219,4.75388989064814,0.0019105369442101203,-0.09005231557488932,2,2
1189,1.1889999999999799,hold,100.0,5.914935192479277,-0.005642650883562972,1.0845422299543404,0.08454222995434035,-0.00551210634419324,4.748377784303947,0.0019074734216025689,0.13054453936973184,2,2
1190,1.1899999999999797,hold,100.0,5.920535311219772,0.0056001187404950414,1.084588008826173,0.08458800882617301,0.005510467005302652,4.75388825130925,0.0019044176187087594,-0.08965173519238923,2,2
1191,1.1909999999999796,hold,100.0,5.914914826178269,-0.0056204850415024765,1.084523922263457,0.08452392226345706,-0.00549040892118555,4.748397842388064,0.0019013846421496363,0.13007612031692636,2,2
1192,1.1919999999999795,hold,100.0,5.9204928374624695,0.005578011284200102,1.08456949855185,0.08456949855184992,0.005488758644811161,4.7538866010328755,0.001898359170257676,-0.08925263938894083,2,2
1193,1.1929999999999794,hold,100.0,5.914894430843405,-0.005598406619064633,1.0845056422013997,0.08450564220139967,-0.005468796964530434,4.748417804068345,0.0018953561861458272,0.12960965453419868,2,2
1194,1.1939999999999793,hold,100.0,5.9204504222926495,0.005555991449244679,1.08455101667693,0.0845510166769301,0.005467136424608895,4.753884940492954,0.0018923604982749585,-0.08885502463578439,2,2
1195,1.1949999999999792,hold,100.0,5.914874007017125,-0.00557641527552466,1.0844873895968654,0.08448738959686541,-0.005447270143548883,4.748437670349405,0.0018893869679101462,0.12914513197577732,2,2
1196,1.195999999999979,hold,100.0,5.920408065898303,0.005534058881178083,1.0845325630278735,0.08453256302787349,0.005445599993091127,4.753883270342496,0.0018864205317286216,-0.088458888086956,2,2
1197,1.196999999999979,hold,100.0,5.914853555227524,-0.005554510670778612,1.0844691642809006,0.08446916428090057,-0.005425828128557656,4.7484574422139385,0.0018834759307716665,0.12868254222095626,2,2
1198,1.1979999999999789,hold,100.0,5.92036576845375,0.005512213226225526,1.0845141374335059,0.08451413743350589,0.0054241490003872385,4.753881591214326,0.001880538228069007,-0.08806422583828785,2,2
1199,1.1989999999999787,hold,100.0,5.914833075987631,-0.00553269246611876,1.0844509660868722,0.08445096608687219,-0.005404470590846903,4.7484771206234795,0.0018776220460270784,0.12822187527185713,2,2
1200,1.1999999999999786,hold,100.0,5.920323530120487,0.00549045413285576,1.084495739724905,0.0844957397249051,0.005402783098345029,4.753879903721825,0.0018747125722101778,-0.08767103451073117,2,2
1201,1.2009999999999785,hold,100.0,5.914812569796732,-0.0055109603237548654,1.084432794850378,0.08443279485037802,-0.005383197202706308,4.748496706519118,0.0018718243119452485,0.1277631210485578,2,2
1202,1.2019999999999784,hold,100.0,5.920281351047914,0.005468781251182442,1.0844773697353878,0.08447736973538778,0.005381501940508374,4.753878208459627,0.001868942575557434,-0.08727931067406806,2,2
1203,1.2029999999999783,hold,100.0,5.914792037140963,-0.005489313906951843,1.0844146504092103,0.08441465040921026,-0.00536200763745346,4.7485162008221735,0.0018660817528167264,0.12730626949838258,2,2
1204,1.2039999999999782,hold,100.0,5.920239231373511,0.005447194232548469,1.0844590273004993,0.08445902730049926,0.005360305182125646,4.753876506004299,0.0018632272750780656,-0.08688905042282274,2,2
1205,1.204999999999978,hold,100.0,5.9147714784930665,-0.005467752880444543,1.0843965326033345,0.08439653260333446,-0.005340901569430483,4.748535604434869,0.0018603934180451735,0.12685131101405986,2,2
1206,1.205999999999978,hold,100.0,5.920197171223544,0.005425692730477216,1.0844407122579118,0.08444071225791183,0.005339192480074733,4.7538747969149435,0.0018575657324133364,-0.08650025040248324,2,2
1207,1.2069999999999779,hold,100.0,5.914750894313724,-0.005446276909819581,1.084378441274832,0.08437844127483207,-0.005319878674002177,4.7485549182409414,0.0018547583812793843,0.1263982358174036,2,2
1208,1.2079999999999778,hold,100.0,5.920155170713444,0.005404276399719521,1.0844224244473477,0.08442242444734771,0.005318163492894931,4.753873081733836,0.0018519570330293041,-0.08611290682458954,2,2
1209,1.2089999999999776,hold,100.0,5.914730285051699,-0.005424885661744483,1.0843603762677732,0.08436037626777315,-0.005298938627565479,4.7485741431062705,0.0018491757395828123,0.12594703417900377,2,2
1210,1.2099999999999775,hold,100.0,5.920113229948347,0.005382944896648034,1.084404163710636,0.08440416371063608,0.005297217880730664,4.753871360987001,0.001846400285405124,-0.08572701591737057,2,2
1211,1.2109999999999774,hold,100.0,5.914709651144074,-0.005403578804273224,1.0843423374283163,0.08434233742831632,-0.005278081107588175,4.7485932798794135,0.0018436446126390517,0.12549769668504865,2,2
1212,1.2119999999999773,hold,100.0,5.920071349023518,0.005361697879443739,1.084385929891575,0.084385929891575,0.005276355305360776,4.753869635184774,0.0018408946202551823,-0.08534257408296299,2,2
1213,1.2129999999999772,hold,100.0,5.914688993017043,-0.005382356006474964,1.0843243246045424,0.08432432460454242,-0.0052573057925894146,4.748612329392184,0.001838164141991467,0.1250502138855497,2,2
1214,1.213999999999977,hold,100.0,5.92002952802437,0.005340535007327674,1.084367722835912,0.0843677228359121,0.005255575430129666,4.753867904822314,0.0018354391897854744,-0.08495957719800803,2,2
1215,1.214999999999977,hold,100.0,5.914668311085704,-0.005361216938666757,1.084306337646473,0.084306337646473,-0.005236612362134844,4.748631292460178,0.0018327334903148911,0.12460457653191373,2,2
1216,1.2159999999999769,hold,100.0,5.91998776702745,0.005319455941746654,1.0843495423913492,0.08434954239134917,0.005234877919961081,4.75386617038014,0.0018300331669807816,-0.08457802178557255,2,2
1217,1.2169999999999768,hold,100.0,5.914647605755374,-0.005340161272076038,1.0842883764059952,0.08428837640599518,-0.0052160004968632686,4.748650169883277,0.0018273518407182776,0.12416077521276973,2,2
1218,1.2179999999999767,hold,100.0,5.919946066100396,0.005298460345021461,1.0843313884074395,0.08433138840743948,0.005214262441330893,4.753864432324607,0.0018246757449219258,-0.08419790369056795,2,2
1219,1.2189999999999765,hold,100.0,5.914626877421233,-0.005319188679163034,1.0842704407368722,0.08427044073687218,-0.005195469878489355,4.748668962446118,0.0018220183960759757,0.12371880067367849,2,2
1220,1.2199999999999764,hold,100.0,5.919904425302617,0.005277547881384237,1.084313260735594,0.08431326073559409,0.005193728662278778,4.753862691108397,0.001819366136131208,-0.0838192191054592,2,2
1221,1.2209999999999763,hold,100.0,5.91460612646879,-0.00529829883382682,1.084252530494665,0.08425253049466508,-0.00517502018981625,4.748687670918581,0.0018167323783872013,0.1232786440105698,2,2
1222,1.2219999999999762,hold,100.0,5.919862844685131,0.005256718216340772,1.084295159228998,0.084295159228998,0.005173276252354271,4.753860947170935,0.0018141035719448076,-0.08344196398650093,2,2
1223,1.222999999999976,hold,100.0,5.914585353274294,-0.0052774914108368876,1.0842346455366776,0.08423464553667759,-0.0051546511147179085,4.748706296056217,0.0018114930281609098,0.12284029611897909,2,2
1224,1.223999999999976,hold,100.0,5.91982132429154,0.005235971017246044,1.0842770837426203,0.08427708374262033,0.005152904882634875,4.7538592009388525,0.0018088873019107337,-0.08306613461116913,2,2
1225,1.2249999999999759,hold,100.0,5.914564558205226,-0.005256766086313647,1.0842167857219782,0.08421678572197822,-0.005134362338150043,4.748724838600703,0.001806299603826385,0.12240374816360408,2,2
1226,1.2259999999999758,hold,100.0,5.919779864157629,0.005215305952402716,1.0842590341331613,0.08425903413316127,0.005132614225682569,4.753857452826385,0.0018037165932112708,-0.08269172672014692,2,2
1227,1.2269999999999757,hold,100.0,5.91454374162033,-0.005236122537299437,1.0841989509113277,0.08419895091132767,-0.005114153546167766,4.748743299280218,0.0018011513811671642,0.12196899113167073,2,2
1228,1.2279999999999756,hold,100.0,5.919738464312399,0.00519472269206922,1.0842410102590174,0.08424101025901742,0.005112403955560626,4.753855703235779,0.0017985907301081025,-0.08231873650859418,2,2
1229,1.2289999999999754,hold,100.0,5.914522903869944,-0.0052155604424548585,1.0841811409671451,0.08418114096714513,-0.0050940244259110225,4.748761678809868,0.001796047652777598,0.12153601654383596,2,2
1230,1.2299999999999753,hold,100.0,5.91969712477764,0.005174220907695926,1.0842230119802265,0.08422301198022653,0.0050922737478007836,4.753853952557669,0.0017935090134100515,-0.08194715989514201,2,2
1231,1.2309999999999752,hold,100.0,5.914502045296482,-0.00519507948115816,1.084163355753479,0.08416335575347911,-0.005073974665611654,4.748779977892057,0.0017909877275406694,0.12110481554650654,2,2
1232,1.2319999999999751,hold,100.0,5.919655845568611,0.005153800272129416,1.0842050391584739,0.08420503915847388,0.005072223279393778,4.75385220117145,0.0017884707599611646,-0.08157699273563836,2,2
1233,1.232999999999975,hold,100.0,5.914481166234708,-0.005174679333903143,1.0841455951359649,0.08414559513596487,-0.005054003954594632,4.748798197216856,0.0017859709301267916,0.12067537930851059,2,2
1234,1.233999999999975,hold,100.0,5.919614626694322,0.00513346045961427,1.0841870916570266,0.08418709165702665,0.005052252228774852,4.753850449445631,0.0017834753021492547,-0.08120823083941804,2,2
1235,1.2349999999999748,hold,100.0,5.914460267011464,-0.005154359682858711,1.0841278589818455,0.0841278589818455,-0.0050341119832953895,4.748816337462335,0.0017809966005114149,0.12024769956332174,2,2
1236,1.2359999999999747,hold,100.0,5.9195734681578305,0.005113201146366819,1.0841691693407256,0.0841691693407256,0.005032360275841769,4.753848697738177,0.0017785219874330014,-0.08084087052505004,2,2
1237,1.2369999999999746,hold,100.0,5.914439347946663,-0.005134120211167215,1.08411014715986,0.08411014715985998,-0.005014298443254778,4.748834399294922,0.0017760640935117686,0.11982176791243675,2,2
1238,1.2379999999999745,hold,100.0,5.919532369955824,0.005093022009161174,1.084151272075946,0.08415127207594608,0.005012547101912592,4.753846946396835,0.0017736101778878018,-0.08047490724858233,2,2
1239,1.2389999999999743,hold,100.0,5.9144184093532,-0.005113960602624701,1.0840924595402706,0.08409245954027056,-0.004994563027103507,4.748852383369732,0.0017711727783410304,0.11939757552119346,2,2
1240,1.2399999999999742,hold,100.0,5.919491332079702,0.0050729227265025045,1.084133399730561,0.08413339973056111,0.0049928123897109615,4.7538451957594425,0.001768739249768096,-0.08011033679154299,2,2
1241,1.2409999999999741,hold,100.0,5.914397451536814,-0.005093880542887952,1.0840747959948285,0.08407479599482848,-0.004974905428572715,4.74887029033087,0.0017663220381793562,0.11897511431523729,2,2
1242,1.241999999999974,hold,100.0,5.919450354515668,0.005052902978853524,1.0841155521739503,0.08411555217395028,0.004973155823356199,4.753843446154226,0.0017639085930870547,-0.07974715549732489,2,2
1243,1.242999999999974,hold,100.0,5.914376474796972,-0.005073879718695551,1.0840571563967203,0.08405715639672029,-0.004955325342496574,4.7488881208117295,0.001761511269761125,0.11855437619897723,2,2
1244,1.2439999999999738,hold,100.0,5.919409437244199,0.00503296244722673,1.084097729276895,0.08409772927689496,0.004953577088390785,4.75384169790012,0.0017591176112111942,-0.07938535883594486,2,2
1245,1.2449999999999737,hold,100.0,5.914355479426732,-0.005053957817467314,1.0840395406205674,0.0840395406205674,-0.004935822464833411,4.748905875435287,0.0017567398829777094,0.1181353526339031,2,2
1246,1.2459999999999736,hold,100.0,5.919368580240999,0.005013100814267091,1.084079930911624,0.08407993091162402,0.0049340758717285015,4.7538399513070155,0.0017543657204707555,-0.0790249425385893,2,2
1247,1.2469999999999735,hold,100.0,5.914334465712821,-0.005034114528177369,1.0840219485423634,0.08402194854236344,-0.0049163964926168865,4.748923554814398,0.0017520073004945005,0.11771803556048267,2,2
1248,1.2479999999999734,hold,100.0,5.919327783477286,0.004993317764464322,1.084062156951776,0.0840621569517761,0.004914651861650837,4.75383820667605,0.0017496523497838611,-0.07866590281348489,2,2
1249,1.2489999999999732,hold,100.0,5.914313433936011,-0.005014349541275109,1.084004380039506,0.08400438003950605,-0.004897047124002489,4.748941159552047,0.0017473129573825053,0.11730241727262065,2,2
1250,1.2499999999999731,hold,100.0,5.919287046918881,0.004973612982870357,1.0840444072723454,0.08404440727234541,0.004895304747803272,4.753836464299851,0.00174497694029486,-0.07830823506708474,2,2
1251,1.250999999999973,hold,100.0,5.914292384371392,-0.004994662547488815,1.083986834990725,0.0839868349907249,-0.0048777740582348576,4.748958690241616,0.0017426563007628345,0.11688848925395755,2,2
1252,1.251999999999973,hold,100.0,5.919246370527841,0.004953986156448487,1.084026681749682,0.08402668174968198,0.0048760342211954435,4.753834724462811,0.0017403389450253682,-0.07795193525304313,2,2
1253,1.2529999999999728,hold,100.0,5.914271317288541,-0.004975053239300031,1.083969313276067,0.08396931327606705,-0.0048585769956807304,4.74897614746713,0.0017380367894645752,0.11647624361930085,2,2
1254,1.2539999999999727,hold,100.0,5.919205754261687,0.004934436973146106,1.0840089802614303,0.08400898026143033,0.0048568399741843755,4.7538329874413146,0.0017357378285381504,-0.07759699896173027,2,2
1255,1.2549999999999726,hold,100.0,5.914250232951199,-0.004955521310487931,1.083951814776874,0.08395181477687408,-0.0048394556378021526,4.748993531803513,0.0017334538936944332,0.11606567268577887,2,2
1256,1.2559999999999725,hold,100.0,5.91916519807382,0.00491496512262124,1.083991302686568,0.08399130268656796,0.0048377217004612946,4.753831253503974,0.0017311730666128512,-0.0772434221599453,2,2
1257,1.2569999999999724,hold,100.0,5.914229131618221,-0.004936066455599075,1.0839343393757894,0.08393433937578942,-0.004820409687165678,4.749010843816809,0.0017289070947183504,0.11565676843339721,2,2
1258,1.2579999999999723,hold,100.0,5.919124701913704,0.004895570295483154,1.0839736489053677,0.08397364890536774,0.004818679095043648,4.753829522911852,0.001726644145933356,-0.07689120043950608,2,2
1259,1.2589999999999721,hold,100.0,5.9142080135430035,-0.004916688370700584,1.0839168869566747,0.08391688695667465,-0.004801438847434955,4.749028084064417,0.0017243958845543504,0.1152495232656283,2,2
1260,1.259999999999972,hold,100.0,5.9190842657267995,0.004876252183795948,1.0839560187992539,0.08395601879925385,0.004799711854260945,4.753827795918678,0.0017221505637859907,-0.07654032953500339,2,2
1261,1.260999999999972,hold,100.0,5.9141868789741725,-0.004897386752626964,1.083899457404635,0.083899457404635,-0.004782542823369602,4.749045253095308,0.0017199197656760099,0.11484392925736192,2,2
1262,1.2619999999999718,hold,100.0,5.919043889455487,0.004857010481314816,1.0839384122510016,0.08393841225100163,0.004780819675767021,4.753826072771075,0.00171769182776814,-0.07619080554779542,2,2
1263,1.2629999999999717,hold,100.0,5.9141657281556235,-0.004878161299863848,1.083882050605987,0.08388205060598697,-0.004763721320837468,4.749062351450237,0.0017154782507265427,0.11443997902637996,2,2
1264,1.2639999999999716,hold,100.0,5.919003573037758,0.004837844882134235,1.083920829144509,0.08392082914450905,0.004762002258497218,4.753824353708734,0.00171326745550743,-0.0758426236370166,2,2
1265,1.2649999999999715,hold,100.0,5.914144561326362,-0.004859011711396022,1.0838646664482339,0.08386466644823387,-0.00474497404679846,4.749079379661936,0.0017110708622423102,0.11403766459756187,2,2
1266,1.2659999999999714,hold,100.0,5.918963316408943,0.004818755082581561,1.0839032693649235,0.08390326936492354,0.004743259302688429,4.753822638964624,0.0017088769743898741,-0.07549577989313191,2,2
1267,1.2669999999999713,hold,100.0,5.914123378720994,-0.004839937687949103,1.0838473048200141,0.08384730482001412,-0.0047263007092924565,4.749096338255331,0.0017066971323860872,0.11363697865664646,2,2
1268,1.2679999999999712,hold,100.0,5.918923119500679,0.0047997407796849245,1.0838857327985225,0.08388573279852252,0.004724590509868924,4.7538209287652,0.0017045199212979572,-0.07515026981600066,2,2
1269,1.268999999999971,hold,100.0,5.9141021805695235,-0.004820938931155538,1.0838299656111983,0.08382996561119826,-0.0047077010174901915,4.74911322774771,0.0017023566026892853,0.11323791366534691,2,2
1270,1.269999999999971,hold,100.0,5.91888298224162,0.004780801672096047,1.083868219332753,0.0838682193327529,0.004705995582844758,4.753819223330555,0.0017001958423571357,-0.07480608925128883,2,2
1271,1.2709999999999708,hold,100.0,5.914080967098094,-0.004802015143525296,1.0838126487126858,0.08381264871268579,-0.004689174681634022,4.7491300486489205,0.0016980488238030058,0.11284046189127382,2,2
1272,1.2719999999999707,hold,100.0,5.918842904557677,0.004761937459583088,1.0838507288561923,0.08385072885619227,0.004687474225693817,4.7538175228746145,0.001695904292690929,-0.0744632338892711,2,2
1273,1.2729999999999706,hold,100.0,5.914059738528145,-0.004783166029532104,1.083795354016522,0.08379535401652194,-0.004670721413062882,4.749146801461552,0.0016937733552572015,0.11244461646922263,2,2
1274,1.2739999999999705,hold,100.0,5.9188028863712,0.004743147843054629,1.0838332612584922,0.08383326125849222,0.004669026143731214,4.753815827605283,0.001691644836184453,-0.07412169932341506,2,2
1275,1.2749999999999704,hold,100.0,5.914038495077475,-0.00476439129372519,1.08377808141589,0.08377808141588994,-0.004652340924180523,4.749163486681103,0.001689529765228105,0.11205036954466639,2,2
1276,1.2759999999999703,hold,100.0,5.918762927602369,0.004724432524894517,1.0838158164304745,0.08381581643047453,0.004650651043546878,4.75381413772465,0.0016874170452554117,-0.07378148134763902,2,2
1277,1.2769999999999702,hold,100.0,5.914017236959782,-0.004745690642587341,1.083760830804959,0.08376083080495911,-0.0046340329285146,4.749180104796135,0.0016853176303129218,0.11165771407274129,2,2
1278,1.27799999999997,hold,100.0,5.918723028168277,0.004705791208494681,1.0837983942639409,0.08379839426394087,0.004632348632986576,4.753812453429122,0.0016832205006328713,-0.07344257550810467,2,2
1279,1.27899999999997,hold,100.0,5.91399596438486,-0.004727063783416696,1.0837436020790074,0.08374360207900744,-0.004615797140662349,4.7491966562884596,0.0016811365353125254,0.11126664275434676,2,2
1280,1.2799999999999698,hold,100.0,5.918683187983745,0.004687223598884849,1.0837809946518169,0.08378099465181688,0.004614118621111311,4.753810774909571,0.0016790547911431813,-0.07310497777353753,2,2
1281,1.2809999999999697,hold,100.0,5.913974677558931,-0.004708510424813461,1.083726395134346,0.0837263951343461,-0.004597633276294889,4.749213141633276,0.0016769860730207055,0.11087714851857211,2,2
1282,1.2819999999999696,hold,100.0,5.9186434069608795,0.0046687294019482906,1.0837636174880332,0.08376361748803318,0.004595960718231075,4.753809102351507,0.0016749195135028585,-0.07276868371721562,2,2
1283,1.2829999999999695,hold,100.0,5.913953376684789,-0.004690030276090162,1.083709209868293,0.083709209868293,-0.004579541052176631,4.74922956129933,0.0016728658440203813,0.11048922391353101,2,2
1284,1.2839999999999694,hold,100.0,5.918603685009549,0.004650308324759322,1.083746262667583,0.0837462626675829,0.004577874635868519,4.753807435935199,0.0016708142721180504,-0.07243368889080312,2,2
1285,1.2849999999999693,hold,100.0,5.913932061961422,-0.0046716230481269605,1.0836920461791721,0.08369204617917214,-0.004561520186139404,4.74924591574906,0.0016687754564864436,0.1101028619875568,2,2
1286,1.2859999999999692,hold,100.0,5.9185640220370175,0.004631960075595742,1.0837289300864246,0.08372893008642457,0.004559860086777252,4.753805775835837,0.0016667386788904817,-0.07209998881849057,2,2
1287,1.286999999999969,hold,100.0,5.913910733584235,-0.004653288452782789,1.083674903966295,0.08367490396629496,-0.004543570397094831,4.749262205438742,0.001664714525994688,0.10971805568795769,2,2
1288,1.287999999999969,hold,100.0,5.918524417949059,0.004613684364824344,1.0837116196415228,0.08371161964152285,0.004541916784909211,4.753804122223651,0.001662692353029848,-0.07176757991513276,2,2
1289,1.2889999999999688,hold,100.0,5.913889391745856,-0.0046350262032026635,1.0836577831299505,0.08365778312995054,-0.004525691405039267,4.749278430818612,0.0016606826753371633,0.10933479816339647,2,2
1290,1.2899999999999687,hold,100.0,5.9184848726483255,0.004595480902469085,1.0836943312308362,0.08369433123083625,0.004524044445436033,4.753802475264048,0.001658674920871371,-0.0714364570330514,2,2
1291,1.2909999999999686,hold,100.0,5.913868036635188,-0.004616836013137338,1.0836406835713706,0.08364068357137056,-0.00450788293101745,4.7492945923330305,0.0016566795343428357,0.10895308211988745,2,2
1292,1.2919999999999685,hold,100.0,5.918445386036249,0.004577349401061248,1.0836770647532388,0.08367706475323877,0.004506242784701474,4.753800835117732,0.0016546860156998995,-0.07110661635977444,2,2
1293,1.2929999999999684,hold,100.0,5.913846668438363,-0.004598717597886548,1.0836236051927661,0.08362360519276613,-0.004490144697150926,4.7493106904205815,0.0016527047397041407,0.10857290073562186,2,2
1294,1.2939999999999683,hold,100.0,5.918405958012051,0.004559289573688119,1.0836598201086154,0.08365982010861539,0.004488511520262726,4.753799201940844,0.001650725277578957,-0.07077805342539309,2,2
1295,1.2949999999999682,hold,100.0,5.913825287338107,-0.004580670673943743,1.0836065478972108,0.08360654789721078,-0.004472476426630612,4.749326725514214,0.001648757934808999,0.10819424731313074,2,2
1296,1.295999999999968,hold,100.0,5.918366588472902,0.004541301134795006,1.0836425971977093,0.08364259719770928,0.004470850370855604,4.75379757588507,0.001646792353185393,-0.07045076393940186,2,2
1297,1.296999999999968,hold,100.0,5.9138038935143555,-0.004562694958546665,1.0835895115887537,0.08358951158875372,-0.0044548778437074575,4.749342698041363,0.001644838769577824,0.10781711483920722,2,2
1298,1.2979999999999678,hold,100.0,5.91832727731442,0.004523383800064451,1.0836253959222335,0.0836253959222335,0.0044532590563833,4.753795957097746,0.0016428868956488575,-0.07012474368115092,2,2
1299,1.2989999999999677,hold,100.0,5.9137824871439655,-0.004544790170454505,1.0835724961722932,0.08357249617229323,-0.004437348673684631,4.749358608424061,0.0016409469003054317,0.10744149676987329,2,2
1300,1.2999999999999676,hold,100.0,5.918288024430193,0.004505537286227934,1.0836082161847684,0.08360821618476844,0.0044357372979406395,4.753794345722002,0.001639008564396263,-0.06979998828729461,2,2
1301,1.3009999999999675,hold,100.0,5.913761068401341,-0.00452695602885278,1.0835555015536387,0.08355550155363867,-0.004419888642944377,4.749374457079058,0.0016370819895081617,0.10706738590840308,2,2
1302,1.3019999999999674,hold,100.0,5.918248829712442,0.004487761311101401,1.0835910578888153,0.08359105788881527,0.004418284817769456,4.753792741896827,0.0016351570250010823,-0.06947649333194535,2,2
1303,1.3029999999999673,hold,100.0,5.913739637457748,-0.004509192254693595,1.083538527639461,0.0835385276394609,-0.00440249747888321,4.7493902444179446,0.0016332437057750698,0.10669477581038474,2,2
1304,1.3039999999999672,hold,100.0,5.918209693051638,0.00447005559388991,1.0835739209387205,0.08357392093872051,0.004400901339273634,4.753791145757218,0.001631331949036964,-0.06915425461627607,2,2
1305,1.304999999999967,hold,100.0,5.913718194481784,-0.004491498569854535,1.0835215743373139,0.08352157433731389,-0.004385174909989874,4.749405970847229,0.0016294317236242503,0.10632365986466136,2,2
1306,1.305999999999967,hold,100.0,5.91817061433657,0.0044524198547861715,1.0835568052397226,0.08355680523972264,0.004383586587023496,4.753789557434252,0.0016275330139359564,-0.06883326776267566,2,2
1307,1.3069999999999669,hold,100.0,5.913696739639612,-0.004473874696958369,1.0835046415555576,0.08350464155555759,-0.0043679206657741484,4.749421636768478,0.0016256457233625092,0.10595403118422025,2,2
1308,1.3079999999999667,hold,100.0,5.918131593454996,0.004434853815384443,1.0835397106978955,0.08353971069789545,0.004366340286710769,4.753787977055189,0.0016237599028507245,-0.06851352867367436,2,2
1309,1.3089999999999666,hold,100.0,5.913675273094688,-0.004456320360308297,1.0834877292033993,0.08348772920339931,-0.004350734476790666,4.749437242578398,0.0016218853909503272,0.10558588351763064,2,2
1310,1.3099999999999665,hold,100.0,5.91809263029281,0.004417357198121863,1.0835226372201359,0.08352263722013586,0.004349162165190116,4.753786404743588,0.001620012304521,-0.0681950329317468,2,2
1311,1.3109999999999664,hold,100.0,5.913653795008002,-0.004438835284807929,1.0834708371908712,0.08347083719087123,-0.004333616074650464,4.749452788668937,0.0016181504178698397,0.10521921015746535,2,2
1312,1.3119999999999663,hold,100.0,5.918053724734744,0.00439992972674208,1.083505584714194,0.08350558471419389,0.004332051950443568,4.753784840619381,0.001616289913143938,-0.06787777629851162,2,2
1313,1.3129999999999662,hold,100.0,5.913632305538318,-0.004421419196425802,1.0834539654288307,0.08345396542883066,-0.00431656519199504,4.749468275427386,0.001614440500997264,0.10485400443076189,2,2
1314,1.313999999999966,hold,100.0,5.918014876664221,0.004382571125902679,1.0834885530885958,0.08348855308859582,0.004315009371575701,4.753783284798962,0.001612592428248103,-0.06756175432697832,2,2
1315,1.314999999999966,hold,100.0,5.913610804841606,-0.004404071822614597,1.083437113828891,0.08343711382889096,-0.004299581562493067,4.749483703236469,0.0016107553424786923,0.10449026012152983,2,2
1316,1.3159999999999659,hold,100.0,5.917976085963442,0.004365281121835984,1.0834715422526913,0.08347154225269127,0.004298034158830894,4.7537817373952995,0.0016089195545712818,-0.06724696300509057,2,2
1317,1.3169999999999658,hold,100.0,5.913589293071712,-0.004386792891730273,1.083420282303471,0.0834202823034711,-0.004282664920864602,4.749499072474435,0.0016070946496097472,0.10412797086567158,2,2
1318,1.3179999999999656,hold,100.0,5.917937352513317,0.004348059441605656,1.0834545521166477,0.08345455211664765,0.004281126043554312,4.753780198517989,0.0016052710019418342,-0.0669333980513444,2,2
1319,1.3189999999999655,hold,100.0,5.913567770380595,-0.004369582132722094,1.083403470765758,0.08340347076575805,-0.004265815002839448,4.749514383515149,0.0016034581347183436,0.1037671298826457,2,2
1320,1.3199999999999654,hold,100.0,5.917898676193625,0.004330905813029418,1.0834375825913731,0.08343758259137313,0.004264284758205799,4.7537786682733545,0.0016016464851631028,-0.06662105482361895,2,2
1321,1.3209999999999653,hold,100.0,5.913546236917272,-0.004352439276352982,1.0833866791297302,0.08338667912973019,-0.004249031545176595,4.749529636728178,0.0015998455150513223,0.1034077311763866,2,2
1322,1.3219999999999652,hold,100.0,5.917860056883192,0.004313819965919841,1.083420633588542,0.0834206335885419,0.004247510036354721,4.7537771467645324,0.0015980457239016274,-0.06630992956511983,2,2
1323,1.322999999999965,hold,100.0,5.913524692829403,-0.004335364053788204,1.0833699073100649,0.08336990731006488,-0.00423231428566323,4.749544832478869,0.0015962565126637518,0.10304976812497424,2,2
1324,1.323999999999965,hold,100.0,5.917821494459736,0.004296801630332858,1.0834037050205834,0.08340370502058336,0.004230801612676385,4.753775634091546,0.0015944684425781056,-0.06600001765647359,2,2
1325,1.3249999999999649,hold,100.0,5.913503138261904,-0.004318356197832607,1.083353155222215,0.08335315522221509,-0.004215662963107712,4.749559971128438,0.0015926908543116276,0.10269323472489496,2,2
1326,1.3259999999999648,hold,100.0,5.91778298879988,0.004279850537976415,1.0833867968007043,0.08338679680070427,0.0042141592229330005,4.7537741303513705,0.0015909143702616934,-0.06569131504341463,2,2
1327,1.3269999999999647,hold,100.0,5.91348157335788,-0.004301415441999801,1.083336422782382,0.08333642278238207,-0.004199077317326374,4.749575053034044,0.0015891482713475732,0.10233812467342653,2,2
1328,1.3279999999999645,hold,100.0,5.917744539779312,0.0042629664214315355,1.0833699088428277,0.08336990884282769,0.00419758260397443,4.753772635638018,0.0015873832405668901,-0.06538381745710506,2,2
1329,1.3289999999999644,hold,100.0,5.9134599982585545,-0.004284541520757301,1.0833197099074445,0.08331970990744453,-0.004182557089151915,4.7495900785488665,0.001585628499619446,0.10198443160538626,2,2
1330,1.3299999999999643,hold,100.0,5.91770614727284,0.00424614901428555,1.083353041061583,0.08335304106158303,0.004181071493751325,4.753771150042618,0.0015838747915538898,-0.06507752053422441,2,2
1331,1.3309999999999642,hold,100.0,5.913438413102971,-0.004267734169869364,1.0833030165149795,0.08330301651497951,-0.0041661020204271145,4.7496050480221905,0.0015821312793715932,0.10163214944224931,2,2
1332,1.331999999999964,hold,100.0,5.917667811154416,0.004229398051445621,1.0833361933723697,0.08333619337236975,0.004164625631275245,4.753769673653466,0.0015803887656309122,-0.06477242017037618,2,2
1333,1.332999999999964,hold,100.0,5.913416818028333,-0.004250993126083458,1.0832863425233379,0.08328634252333789,-0.004149711854001488,4.749619961799464,0.0015786563551490503,0.10128127208196974,2,2
1334,1.3339999999999639,hold,100.0,5.917629531297243,0.004212713268910484,1.083319365691208,0.0833193656912079,0.004148244756641232,4.7537682065561055,0.0015769249094600086,-0.064468512269252,2,2
1335,1.3349999999999638,hold,100.0,5.913395213170173,-0.0042343181270707575,1.083269687851482,0.08326968785148203,-0.004133386333725422,4.74963482022238,0.0015752034757042454,0.10093179334533589,2,2
1336,1.3359999999999637,hold,100.0,5.917591307573611,0.004196094403438266,1.0833025579349007,0.08330255793490071,0.004131928611008706,4.753766748833389,0.0015734829738647184,-0.06416579242956004,2,2
1337,1.3369999999999636,hold,100.0,5.9133735986618285,-0.004217708911782303,1.0832530524191022,0.08325305241910219,-0.004117125204444469,4.749649623628945,0.0015717723939061494,0.10058370733783371,2,2
1338,1.3379999999999634,hold,100.0,5.917553139854782,0.004179541192953273,1.0832857700208844,0.08328577002088444,0.004115676936607875,4.7537653005655525,0.001570062713740896,-0.06386425634539832,2,2
1339,1.3389999999999633,hold,100.0,5.9133519746351695,-0.004201165219612335,1.0832364361465576,0.08323643614655762,-0.004100928212003679,4.749664372353549,0.001568362866652093,0.10023700760865631,2,2
1340,1.3399999999999632,hold,100.0,5.917515028011909,0.004163053376739612,1.0832690018673017,0.08326900186730168,0.004099489476702577,4.753763861830252,0.0015666638879692715,-0.06356390003703447,2,2
1341,1.340999999999963,hold,100.0,5.913330341220094,-0.00418468679181494,1.0832198389548637,0.08321983895486373,-0.004084795103234606,4.749679066727017,0.0015649746547818876,0.09989168858033376,2,2
1342,1.341999999999963,hold,100.0,5.917476971914989,0.004146630694894959,1.083252253392941,0.08325225339294096,0.0040833659756481155,4.753762432702666,0.0015632862593309067,-0.06326471924684388,2,2
1343,1.342999999999963,hold,100.0,5.913308698544876,-0.0041682733701131625,1.083203260765653,0.08320326076565299,-0.004068725625973182,4.749693707076693,0.001561607522993992,0.09954774413998072,2,2
1344,1.3439999999999628,hold,100.0,5.917438971433642,0.004130272888765774,1.0832355245172498,0.0832355245172498,0.004067306178813264,4.753761013255506,0.001559929594424723,-0.06296670995250934,2,2
1345,1.3449999999999627,hold,100.0,5.913287046736248,-0.004151924697393561,1.0831867015012548,0.08318670150125484,-0.004052719529017055,4.7497082937264885,0.001558261239764325,0.09920516837650609,2,2
1346,1.3459999999999626,hold,100.0,5.91740102643659,0.004113979700341552,1.0832188151603512,0.08321881516035123,0.004051309832632247,4.7537596035591205,0.001556593663586973,-0.06266986770930502,2,2
1347,1.3469999999999624,hold,100.0,5.913265385919168,-0.00413564051742199,1.0831701610846187,0.08317016108461872,-0.0040367765621705225,4.74972282699695,0.0015549355772669303,0.09886395525146759,2,2
1348,1.3479999999999623,hold,100.0,5.917363136792074,0.00409775087290587,1.083202125242998,0.08320212524299797,0.004035376684566557,4.7537582036815165,0.0015532782408131751,-0.062374188339312485,2,2
1349,1.3489999999999622,hold,100.0,5.91324371621688,-0.004119420575193544,1.0831536394393178,0.08315363943931775,-0.004020896476202317,4.749737307205314,0.001551630311296731,0.09852409899122755,2,2
1350,1.3499999999999621,hold,100.0,5.917325302367855,0.004081586150975092,1.0831854546865705,0.08318545468657046,0.004019506483115512,4.75375681368843,0.0015499831036820417,-0.062079667859579746,2,2
1351,1.350999999999962,hold,100.0,5.913222037751199,-0.0041032646166563325,1.083137136489552,0.0831371364895519,-0.0040050790228547215,4.749751734665575,0.0015483452211945603,0.09818559380161095,2,2
1352,1.351999999999962,hold,100.0,5.9172875230311694,0.004065485279970638,1.0831688034130589,0.08316880341305888,0.004003698977808411,4.753755433643383,0.001546708033281132,-0.06178630216222697,2,2
1353,1.3529999999999618,hold,100.0,5.913200350642508,-0.004087172388661742,1.0831206521601127,0.08312065216011266,-0.003989323954862311,4.749766109688521,0.001545080089773715,0.0978484337994306,2,2
1354,1.3539999999999617,hold,100.0,5.917249798648728,0.004049448006219869,1.0831521713451173,0.08315217134511732,0.003987953919200983,4.753754063607722,0.0015434528141346994,-0.06149408701888563,2,2
1355,1.3549999999999616,hold,100.0,5.913178655009556,-0.004071143639171382,1.0831041863764272,0.08310418637642725,-0.003973631025902383,4.74978043258182,0.001541834703248916,0.09751261326899907,2,2
1356,1.3559999999999615,hold,100.0,5.917212129086652,0.0040334740770955335,1.0831355584059843,0.0831355584059843,0.003972271058856268,4.753752703640676,0.0015402172341333316,-0.06120301823926526,2,2
1357,1.3569999999999613,hold,100.0,5.913156950969679,-0.0040551781169728685,1.0830877390644829,0.08308773906448286,-0.003957999990633074,4.749794703650043,0.0015386088511666336,0.09717812633979438,2,2
1358,1.3579999999999612,hold,100.0,5.917174514210824,0.004017563241145439,1.0831189645194716,0.08311896451947165,0.003956650149354348,4.753751353799397,0.0015370010844652786,-0.060913091791090467,2,2
1359,1.3589999999999611,hold,100.0,5.913135238638628,-0.004039275572195855,1.0830713101508807,0.08307131015088065,-0.003942430604652965,4.7498089231947445,0.0015354023263373852,0.09684496754289,2,2
1360,1.359999999999961,hold,100.0,5.917136953886509,0.004001715247880178,1.0831023896100431,0.08310238961004313,0.003941090944282269,4.753750014139027,0.0015338041595497035,-0.06062430359790854,2,2
1361,1.360999999999961,hold,100.0,5.9131135181310714,-0.004023435755437177,1.08305489956281,0.08305489956280998,-0.003926922624547958,4.749823091514479,0.0015322149247698918,0.09651313088921906,2,2
1362,1.3619999999999608,hold,100.0,5.917099447978572,0.003985929847500458,1.0830858336027118,0.08308583360271182,0.003925593198254422,4.7537486847127335,0.001530626256971507,-0.06033664924603565,2,2
1363,1.3629999999999607,hold,100.0,5.913091789559807,-0.004007658418764493,1.083038507227983,0.0830385072279829,-0.0039114758078438614,4.749837208904889,0.0015290464456066877,0.09618261092063113,2,2
1364,1.3639999999999606,hold,100.0,5.91706199635175,0.003970206791942488,1.0830692964230562,0.08306929642305616,0.003910156666856346,4.753747365571746,0.001527467177417755,-0.060050125086141826,2,2
1365,1.3649999999999605,hold,100.0,5.9130700530369165,-0.003991943314833435,1.0830221330747585,0.08302213307475848,-0.0038960899130182068,4.7498512756587274,0.0015258966910613218,0.09585340181522814,2,2
1366,1.3659999999999604,hold,100.0,5.917024598870306,0.003954545833389389,1.0830527779972763,0.08305277799727628,0.0038947811066868906,4.753746056765414,0.0015243267246159381,-0.05976472670249843,2,2
1367,1.3669999999999602,hold,100.0,5.913048308672547,-0.003976290197758914,1.0830057770319683,0.08300577703196832,-0.003880764699501997,4.749865292065913,0.0015227654663574164,0.09552549825691657,2,2
1368,1.3679999999999601,hold,100.0,5.916987255398052,0.003938946725504877,1.0830362782521101,0.08303627825211013,0.0038794662753330357,4.753744758341246,0.0015212047052734514,-0.05948045017184142,2,2
1369,1.36899999999996,hold,100.0,5.913026556575846,-0.003960698822205622,1.0829894390290766,0.08298943902907663,-0.003865499927657728,4.749879258413588,0.001519652579668912,0.09519889454789356,2,2
1370,1.36999999999996,hold,100.0,5.916949965798576,0.003923409222729823,1.083019797114839,0.08301979711483898,0.0038642119313514987,4.75374347034494,0.0015181009290187511,-0.05919729137832466,2,2
1371,1.3709999999999598,hold,100.0,5.913004796854727,-0.003945168943848998,1.0829731189960101,0.08297311899601012,-0.003850295358800212,4.7498931749861395,0.0015165578420619004,0.09487358504878599,2,2
1372,1.3719999999999597,hold,100.0,5.916912729935482,0.003907933080754766,1.0830033345132926,0.08300333451329256,0.00384901783430339,4.753742192820443,0.001515015208343948,-0.05891524645137633,2,2
1373,1.3729999999999596,hold,100.0,5.91298302961575,-0.0039297003197313884,1.0829568168632973,0.08295681686329726,-0.0038351507551647405,4.749907042065279,0.0015134810674380982,0.09454956456664797,2,2
1374,1.3739999999999595,hold,100.0,5.916875547671396,0.0038925180556459438,1.0829868903759123,0.08298689037591234,0.0038338837447045833,4.753740925809983,0.0015119473585489237,-0.05863431094136045,2,2
1375,1.3749999999999594,hold,100.0,5.912961254964474,-0.003914292706922673,1.0829405325619894,0.08294053256198941,-0.0038200658799492568,4.749920859930033,0.0015104220724793073,0.09422682697341617,2,2
1376,1.3759999999999593,hold,100.0,5.916838418869532,0.003877163905058545,1.0829704646315896,0.08297046463158964,0.00381880942408031,4.753739669354114,0.0015088971976864563,-0.058354480978234716,2,2
1377,1.3769999999999591,hold,100.0,5.912939473004625,-0.0038989458649068,1.0829242660236413,0.08292426602364134,-0.0038050404972706,4.749934628856844,0.001507380676593695,0.09390536763619972,2,2
1378,1.377999999999959,hold,100.0,5.916801343392372,0.0038618703877464355,1.0829540572097827,0.08295405720978266,0.0038037946348918167,4.753738423491735,0.0015058645465090693,-0.0580757528546188,2,2
1379,1.378999999999959,hold,100.0,5.912917683839645,-0.003883659552727181,1.082908017180336,0.08290801718033602,-0.0037900743721640466,4.749948349119571,0.0015043567018628251,0.09358518056313452,2,2
1380,1.3799999999999588,hold,100.0,5.916764321102397,0.0038466372627521395,1.0829376680405127,0.08293766804051272,0.0037888391405766384,4.753737188260148,0.0015028492284169463,-0.05779812217550102,2,2
1381,1.3809999999999587,hold,100.0,5.912895887571105,-0.0038684335312915152,1.082891785964661,0.08289178596466096,-0.003775167270593489,4.749962020989554,0.0015013499729904193,0.09326626069802636,2,2
1382,1.3819999999999586,hold,100.0,5.916727351861692,0.0038314642905863394,1.082921297054247,0.082921297054247,0.0037739427055230963,4.753735963695077,0.0014998510694071631,-0.057521585063243126,2,2
1383,1.3829999999999585,hold,100.0,5.912874084299924,-0.003853267561767737,1.082875572309731,0.08287557230973097,-0.003760318959443199,4.749975644735634,0.0014983603172522976,0.09294860232453815,2,2
1384,1.3839999999999584,hold,100.0,5.916690435532551,0.0038163512326274684,1.082904944182003,0.0829049441820029,0.003759105095089857,4.753734749830723,0.001496869898024142,-0.05724613753761145,2,2
1385,1.3849999999999583,hold,100.0,5.912852274125637,-0.0038381614069145087,1.0828593761491434,0.0828593761491434,-0.0037455292065145785,4.749989220624209,0.0014953875644471346,0.0926322003999302,2,2
1386,1.3859999999999582,hold,100.0,5.916653571976704,0.003801297851067531,1.082888609355342,0.08288860935534204,0.0037443260755693573,4.753733546699778,0.0014939055453112031,-0.05697177549817377,2,2
1387,1.386999999999958,hold,100.0,5.912830457146851,-0.0038231148298537576,1.0828431974169919,0.08284319741699187,-0.003730797780516864,4.750002748919261,0.0014924315468488956,0.09231704933689369,2,2
1388,1.387999999999958,hold,100.0,5.916616761056046,0.003786303909195432,1.082872292506274,0.08287229250627393,0.0037296054142130007,4.753732354333474,0.001490957844763396,-0.05669849498243133,2,2
1389,1.3889999999999578,hold,100.0,5.912808633460857,-0.0038081275951888927,1.0828270360478651,0.08282703604786512,-0.0037161244510834504,4.750016229882391,0.001489492099160059,0.0920031441054422,2,2
1390,1.3899999999999577,hold,100.0,5.916580002632348,0.0037713691714911235,1.0828559935672937,0.08285599356729367,0.0037149428792193993,4.7537311727616105,0.0014880266322812852,-0.05642629227172423,2,2
1391,1.3909999999999576,hold,100.0,5.9127868031641535,-0.0037931994681947856,1.0828108919768291,0.08281089197682912,-0.003701508988742698,4.750029663772867,0.0014865690584659182,0.09169047945208758,2,2
1392,1.3919999999999575,hold,100.0,5.916543296567074,0.003756493402920391,1.0828397124714142,0.0828397124714142,0.0037003382397175102,4.753730002012585,0.0014851117461260608,-0.0561551632028809,2,2
1393,1.3929999999999574,hold,100.0,5.912764966352183,-0.0037783302148906017,1.0827947651394345,0.08279476513943451,-0.0036869511649305457,4.750043050847654,0.0014836622641903158,0.091379049960056,2,2
1394,1.3939999999999573,hold,100.0,5.916506642721659,0.003741676369475755,1.0828234491521496,0.08282344915214956,0.0036857912657631492,4.753728842113417,0.0014822130268752395,-0.055885103712605654,2,2
1395,1.3949999999999572,hold,100.0,5.912743123119197,-0.0037635196024616846,1.0827786554716878,0.08277865547168783,-0.0036724507519776744,4.750056391361439,0.0014807715580518763,0.09106885048401017,2,2
1396,1.395999999999957,hold,100.0,5.916470040957692,0.003726917838494437,1.082807203543451,0.08280720354345106,0.0036713017283566216,4.753727693089796,0.0014793303173800075,-0.055616110137815186,2,2
1397,1.396999999999957,hold,100.0,5.912721273558629,-0.0037487673990623804,1.0827625629100635,0.08276256291006345,-0.0036580075231228385,4.750069685566673,0.0014778967840216963,0.09075987593954198,2,2
1398,1.3979999999999568,hold,100.0,5.916433491136637,0.0037122175780073263,1.0827909755797678,0.08279097557976778,0.0036568693994308674,4.753726554966104,0.001476463462723087,-0.05534817857645894,2,2
1399,1.3989999999999567,hold,100.0,5.912699417763053,-0.0037340733735833354,1.0827464873915278,0.08274648739152779,-0.003643621252488391,4.750082933713616,0.0014750377882818497,0.09045212109494438,2,2
1400,1.3999999999999566,hold,100.0,5.916396993119547,0.003697575356493843,1.0827747651960187,0.08277476519601867,0.003642494051809729,4.753725427765425,0.001473612310177614,-0.0550813046841141,2,2
1401,1.4009999999999565,hold,100.0,5.912677555823759,-0.003719437295788275,1.0827304288534585,0.0827304288534585,-0.0036292917150746967,4.750096136050351,0.001472194419184701,0.09014558071357816,2,2
1402,1.4019999999999564,hold,100.0,5.916360546767908,0.003682990944149367,1.082758572327548,0.08275857232754791,0.003628175459265315,4.753724311509616,0.001470776709167174,-0.054815484884051906,2,2
1403,1.4029999999999563,hold,100.0,5.912655687831254,-0.003704858936654176,1.082714387233689,0.08271438723368907,-0.0036150186868103727,4.750109292822806,0.001469366527213362,0.08984024984380351,2,2
1404,1.4039999999999562,hold,100.0,5.916324151943088,0.003668464111833636,1.0827423969101977,0.08274239691019769,0.0036139133964889283,4.753723206219295,0.0014679565112266889,-0.05455071534470751,2,2
1405,1.404999999999956,hold,100.0,5.912633813875167,-0.003690338067920962,1.0826983624705564,0.0826983624705564,-0.0036008019444693923,4.750122404274825,0.0014665539649429337,0.08953612345156958,2,2
1406,1.405999999999956,hold,100.0,5.916287808506311,0.0036539946311444638,1.0827262388802297,0.08272623888022967,0.0035997076390459244,4.753722111913871,0.0014651515699638747,-0.05428699209853935,2,2
1407,1.4069999999999558,hold,100.0,5.912611934044198,-0.003675874462113704,1.0826823545027384,0.08268235450273842,-0.0035866412656995754,4.750135470648171,0.0014637565870026792,0.08923319641412865,2,2
1408,1.4079999999999557,hold,100.0,5.916251516318747,0.0036395822745491913,1.0827100981743742,0.08271009817437425,0.0035855579634272864,4.753721028611599,0.0014623617410221014,-0.05402431112190489,2,2
1409,1.4089999999999556,hold,100.0,5.912590048426215,-0.0036614678925319666,1.0826663632694333,0.08266636326943333,-0.0035725364290530746,4.750148492182546,0.0014609742500389924,0.08893146347889197,2,2
1410,1.4099999999999555,hold,100.0,5.916215275242029,0.003625226815814564,1.0826939747298188,0.08269397472981876,0.0035714641470364554,4.753719956329582,0.001459586882043567,-0.05376266877810858,2,2
1411,1.4109999999999554,hold,100.0,5.912568157108032,-0.003647118133997651,1.0826503887102243,0.08265038871022434,-0.0035584872139349886,4.750161469115647,0.0014582068126791933,0.08863092006266247,2,2
1412,1.4119999999999553,hold,100.0,5.916179085137197,0.0036109280291656276,1.0826778684841334,0.08267786848413339,0.003557425968158562,4.753718895083805,0.001456826852633649,-0.05350206100706569,2,2
1413,1.4129999999999552,hold,100.0,5.912546260175795,-0.003632824961401937,1.0826344307651257,0.08263443076512567,-0.003544493400633101,4.750174401683172,0.001455454135496165,0.08833156076883597,2,2
1414,1.413999999999955,hold,100.0,5.9161429458660795,0.0035966856902840405,1.0826617793753548,0.0826617793753548,0.0035434432059841194,4.753717844889157,0.001454081514325838,-0.05324248429992113,2,2
1415,1.414999999999955,hold,100.0,5.912524357714728,-0.0036185881513510765,1.0826184893745994,0.08261848937459937,-0.0035305547702966394,4.75018729011886,0.0014527160809737183,0.08803338105443709,2,2
1416,1.4159999999999549,hold,100.0,5.91610685728979,0.0035824995750619593,1.082645707341935,0.0826457073419351,0.003529515640590364,4.75371680575945,0.0014513507305475755,-0.05298393447159509,2,2
1417,1.4169999999999547,hold,100.0,5.912502449809155,-0.0036044074806351745,1.0826025644794843,0.08260256447948433,-0.0035166711049363433,4.750200134654514,0.001449992513472878,0.08773637569883114,2,2
1418,1.4179999999999546,hold,100.0,5.91607081926998,0.0035683694608250605,1.0826296523227856,0.08262965232278563,0.003515643052947893,4.753715777707462,0.0014486343665868252,-0.05272640787716727,2,2
1419,1.4189999999999545,hold,100.0,5.912480536542731,-0.003590282727249594,1.0825866560210475,0.08258665602104753,-0.0035028421874347725,4.750212935520027,0.001447283299198631,0.08744053981482157,2,2
1420,1.4199999999999544,hold,100.0,5.916034831668281,0.0035542951255500554,1.0826136142571603,0.0826136142571603,0.003501825224900143,4.753714760744927,0.0014459322895592173,-0.05246990064991259,2,2
1421,1.4209999999999543,hold,100.0,5.9124586179981256,-0.0035762136701551483,1.082570763940957,0.08257076394095697,-0.0034890678015051923,4.750225692943422,0.0014445883061676872,0.08714586864995606,2,2
1422,1.4219999999999542,hold,100.0,5.915998894346403,0.0035402763482776933,1.082597593084821,0.08259759308482106,0.003488061939162463,4.753713754882584,0.0014432443683762282,-0.05221440911523049,2,2
1423,1.422999999999954,hold,100.0,5.912436694257371,-0.003562200089032075,1.0825548881812996,0.08255488818129963,-0.0034753477317254018,4.750238407150859,0.001441907404176678,0.08685235730667307,2,2
1424,1.423999999999954,hold,100.0,5.915963007166047,0.003526312908675777,1.0825815887458266,0.08258158874582655,0.003474352979329411,4.753712760130188,0.0014405704737136687,-0.051959929346366215,2,2
1425,1.4249999999999539,hold,100.0,5.912414765401725,-0.00354824176432178,1.0825390286845478,0.08253902868454777,-0.003461681763523428,4.750251078366665,0.0014392404647713213,0.08656000079835212,2,2
1426,1.4259999999999537,hold,100.0,5.9159271699892315,0.003512404587506346,1.0825656011807478,0.08256560118074785,0.003460698129883713,4.753711776496549,0.0014379104779810295,-0.05170645762263282,2,2
1427,1.4269999999999536,hold,100.0,5.912392831511608,-0.003534338477623855,1.0825231853935535,0.08252318539355352,-0.0034480696831907373,4.750263706813358,0.001436587361215983,0.08626879443311783,2,2
1428,1.4279999999999535,hold,100.0,5.91589138267803,0.0034985511664222813,1.0825496303304862,0.08254963033048623,0.0034470971761667224,4.7537108039895255,0.0014352642552917106,-0.05145399025555889,2,2
1429,1.4289999999999534,hold,100.0,5.912370892666593,-0.0035204900114367277,1.0825073582515816,0.08250735825158162,-0.003434511277850406,4.750276292711675,0.00143394796846401,0.08597873358632147,2,2
1430,1.4299999999999533,hold,100.0,5.915855645094357,0.0034847524277639153,1.0825336761363455,0.08253367613634555,0.0034335499043870324,4.753709842616062,0.0014326316814334116,-0.05120252337688282,2,2
1431,1.4309999999999532,hold,100.0,5.912348948945848,-0.003506696148509292,1.0824915472022805,0.08249154720228047,-0.0034210063354638224,4.750288836280598,0.0014313221631287716,0.0856898130454694,2,2
1432,1.431999999999953,hold,100.0,5.915819955525734,0.0034710065798861933,1.0825177385275118,0.08251773852751176,0.0034200545507361846,4.7537088908313345,0.0014300126295112273,-0.05095202915000874,2,2
1433,1.432999999999953,hold,100.0,5.912327001710977,-0.003492953814757449,1.082475752205324,0.0824757522053241,-0.003407551842712289,4.750301338988622,0.0014287098256103923,0.08540197204516022,2,2
1434,1.4339999999999529,hold,100.0,5.915784315642387,0.003457313931410688,1.0825018174614738,0.08250181746147378,0.0034066114298203372,4.753707950418443,0.0014274069894016752,-0.050702501590350973,2,2
1435,1.4349999999999528,hold,100.0,5.912305049747503,-0.0034792658948843425,1.0824599731895528,0.08245997318955278,-0.0033941506271628953,4.75031379979128,0.0014261108335092453,0.0851152677214472,2,2
1436,1.4359999999999526,hold,100.0,5.915748725116772,0.003443675369268817,1.0824859128784896,0.08248591287848961,0.00339322140506782,4.753707021196347,0.0014248146352070536,-0.050453964200997035,2,2
1437,1.4369999999999525,hold,100.0,5.912283093128316,-0.0034656319884556197,1.082444210099657,0.08244421009965697,-0.0033808022975107205,4.750326218898836,0.0014235250683030949,0.08482969094489919,2,2
1438,1.4379999999999524,hold,100.0,5.915713183797044,0.003430090668727459,1.0824700247211827,0.0824700247211827,0.00337988425547322,4.753706103154309,0.0014222354491351074,-0.05020641325423911,2,2
1439,1.4389999999999523,hold,100.0,5.912261131926082,-0.0034520518709619807,1.082428462880717,0.08242846288071703,-0.0033675066342917425,4.7503385965200176,0.001420952412970428,0.0845452366702382,2,2
1440,1.4399999999999522,hold,100.0,5.915677691542622,0.0034165596165403045,1.0824541529327505,0.08245415293275049,0.003366599771431492,4.753705196291449,0.0014196693149272181,-0.049959845108812385,2,2
1441,1.440999999999952,hold,100.0,5.912239166214432,-0.0034385253281898898,1.0824127314781518,0.08241273147815176,-0.00335426342757933,4.75035093286387,0.0014183927520109959,0.08426190061055962,2,2
1442,1.441999999999952,hold,100.0,5.915642248214551,0.003403082000119184,1.0824382974567048,0.08243829745670483,0.003353367744119081,4.753704300607989,0.00141711611783541,-0.04971425600010324,2,2
1443,1.4429999999999519,hold,100.0,5.91221719606769,-0.003425052146861063,1.0823970158378255,0.08239701583782555,-0.0033410724693004553,4.7503632281386885,0.0014158459714222994,0.08397967756060754,2,2
1444,1.4439999999999518,hold,100.0,5.915606853675205,0.003389657607514529,1.0824224582370248,0.08242245823702476,0.0033401879653147445,4.7537034161040035,0.001414575744597432,-0.04946964219978457,2,2
1445,1.4449999999999517,hold,100.0,5.912195221559385,-0.0034116321158199625,1.0823813159059277,0.08238131590592768,-0.003327933552469085,4.750375482551535,0.0014133119586749042,0.08369856335087733,2,2
1446,1.4459999999999515,hold,100.0,5.915571507787181,0.003376286227796399,1.0824066352179869,0.08240663521798686,0.0033270602275404047,4.753702542779076,0.0014120480834118605,-0.049226000255994315,2,2
1447,1.4469999999999514,hold,100.0,5.912173242763025,-0.0033982650241561885,1.0823656316290335,0.08236563162903354,-0.0033148464709849635,4.75038769630809,0.001410790602687946,0.083418553171225,2,2
1448,1.4479999999999513,hold,100.0,5.91553621041347,0.003362967650445192,1.0823908283442956,0.08239082834429556,0.0033139843240925066,4.753701680632183,0.0014095330239136813,-0.0489833263526856,2,2
1449,1.4489999999999512,hold,100.0,5.912151259751551,-0.0033849506619194614,1.0823499629540316,0.08234996295403163,-0.0033018110196207165,4.750399869612562,0.0014082817938050442,0.08313964229874488,2,2
1450,1.449999999999951,hold,100.0,5.915500961417337,0.0033497016657859646,1.0823750375610046,0.08237503756100462,0.0033009600490870685,4.753700829661649,0.0014070304571506516,-0.04874161669889609,2,2
1451,1.450999999999951,hold,100.0,5.912129272596963,-0.0033716888203736417,1.0823343098282177,0.08233430982821766,-0.003288826993956191,4.750412002667693,0.0014057854237708198,0.08286182641745057,2,2
1452,1.4519999999999509,hold,100.0,5.91546576066245,0.003336488065486698,1.0823592628134444,0.08235926281344441,0.0032879871974492445,4.753699989865142,0.0014045402755599073,-0.04850086803745348,2,2
1453,1.4529999999999508,hold,100.0,5.912107281371127,-0.0033584792913226025,1.0823186721991715,0.08231867219917155,-0.0032758941904289457,4.750424095674713,0.0014033013857079636,0.08258510089365674,2,2
1454,1.4539999999999507,hold,100.0,5.915430608012395,0.0033233266412677764,1.0823435040474443,0.08234350404744428,0.003275065564946591,4.75369916123966,0.0014020623729451749,-0.048261076321185446,2,2
1455,1.4549999999999506,hold,100.0,5.912085286336355,-0.0033453216760399584,1.0823030500189006,0.08230305001890059,-0.0032630122233828288,4.750436149016277,0.0014008295763360274,0.08230945265712969,2,2
1456,1.4559999999999504,hold,100.0,5.915395503134399,0.0033102167980443298,1.0823277612086697,0.08232776120866969,0.003262194568696344,4.753698343584974,0.0013995966468291455,-0.04802222934798591,2,2
1457,1.4569999999999503,hold,100.0,5.912063287315759,-0.003332215818640627,1.0822874432299554,0.0822874432299554,-0.003250180929811816,4.750448162655162,0.0013983698893089728,0.08203488882881083,2,2
1458,1.4579999999999502,hold,100.0,5.915360446107687,0.0032971587919288226,1.0823120342440344,0.08231203424403444,0.003249374455868287,4.75369753711103,0.0013971429912431731,-0.04778433606053567,2,2
1459,1.4589999999999501,hold,100.0,5.912041284434925,-0.0033191616727625828,1.0822718517825967,0.08227185178259666,-0.0032374002705743104,4.750460136840456,0.001395922221617849,0.08176140218827234,2,2
1460,1.45999999999995,hold,100.0,5.915325436786603,0.0032841523516777826,1.082296323100274,0.08229632310027402,0.0032366049625010954,4.7536967418029565,0.0013947013039786204,-0.04754738917668718,2,2
1461,1.46099999999995,hold,100.0,5.912019277763867,-0.0033061590227356774,1.0822562756258283,0.08225627562582827,-0.003224670034754769,4.750472071768201,0.001393486471679838,0.08148898798090824,2,2
1462,1.4619999999999498,hold,100.0,5.915290475034007,0.003271197270140469,1.0822806277244803,0.0822806277244803,0.003223885884876821,4.753695957653078,0.00139227148408813,-0.047311385263648205,2,2
1463,1.4629999999999497,hold,100.0,5.911997267370592,-0.003293207663415565,1.0822407147089197,0.0822407147089197,-0.003211990021432262,4.750483967631646,0.0013910625391786028,0.08121764198330307,2,2
1464,1.4639999999999496,hold,100.0,5.91525556071382,0.00325829334322858,1.082264948064086,0.08226494806408602,0.0032112170226153516,4.753695184654261,0.0013898534318826552,-0.0470763206132283,2,2
1465,1.4649999999999495,hold,100.0,5.911975253322726,-0.003280307391094084,1.0822251689814417,0.08222516898144172,-0.0031993600314478158,4.7504958246228135,0.0013886503250462889,0.0809473596462681,2,2
1466,1.4659999999999493,hold,100.0,5.915220693690915,0.0032454403681887456,1.0822492840668574,0.08224928406685739,0.003198598176318258,4.753694422799132,0.001387447048911872,-0.046842191870487444,2,2
1467,1.4669999999999492,hold,100.0,5.9119532356877045,-0.0032674580032105993,1.0822096383933009,0.08220963839330087,-0.0031867798666069184,4.750507642932525,0.0013862497314440273,0.08067813660368088,2,2
1468,1.4679999999999491,hold,100.0,5.915185873830172,0.0032326381424674366,1.0822336356808815,0.08223363568088149,0.0031860291473652814,4.75369367207989,0.0013850522379443976,-0.04660899510215526,2,2
1469,1.468999999999949,hold,100.0,5.911931214532134,-0.0032546592980375877,1.0821941228947485,0.08219412289474848,-0.003174249329546305,4.750519422750344,0.0013838606617420839,0.08040996849128286,2,2
1470,1.469999999999949,hold,100.0,5.915151100997182,0.003219886465047672,1.0822180028545771,0.08221800285457714,0.003173509737907494,4.753692932488251,0.0013826689029485567,-0.046376727140178244,2,2
1471,1.4709999999999488,hold,100.0,5.911909189922685,-0.003241911074496784,1.0821786224363226,0.08217862243632257,-0.003161768223718584,4.750531164264532,0.0013814830205008074,0.08014285077819969,2,2
1472,1.4719999999999487,hold,100.0,5.9151163750577345,0.003207185135049251,1.0822023855366534,0.08220238553665338,0.0031610397509004395,4.753692204015433,0.001380296949073226,-0.04614538414881132,2,2
1473,1.4729999999999486,hold,100.0,5.911887161924911,-0.0032292131328235385,1.0821631369688431,0.08216313696884314,-0.0031493363533916774,4.750542867662041,0.0013791167134517331,0.07987677943186106,2,2
1474,1.4739999999999485,hold,100.0,5.915081695878003,0.0031945339530921046,1.0821867836761878,0.08218678367618781,0.003148618990094123,4.753691486652135,0.00137793628262908,-0.045914962997981465,2,2
1475,1.4749999999999484,hold,100.0,5.911865130604473,-0.003216565273530314,1.0821476664435015,0.08214766644350147,-0.0031369535236095963,4.7505545331285255,0.0013767616474790185,0.0796117499207178,2,2
1476,1.4759999999999482,hold,100.0,5.915047063324344,0.0031819327198716607,1.0821711972225334,0.08217119722253341,0.003136247260005001,4.75369078038853,0.0013755868110703784,-0.04568545986665968,2,2
1477,1.4769999999999481,hold,100.0,5.911843096025943,-0.0032039672984014445,1.082132210811744,0.08213221081174393,-0.0031246195401924736,4.750566160848338,0.0013744177306012964,0.07934775820897087,2,2
1478,1.477999999999948,hold,100.0,5.915012477263442,0.0031693812374991026,1.0821556261253493,0.08215562612534932,0.003123924365941563,4.75369008521428,0.00137324844297685,-0.04545687155753982,2,2
1479,1.478999999999948,hold,100.0,5.911821058253951,-0.0031914190094912698,1.0821167700253598,0.08211677002535978,-0.003112334209735883,4.750577751004544,0.0013720848719538871,0.07908479975538658,2,2
1480,1.4799999999999478,hold,100.0,5.914977937562253,0.0031568793083023294,1.0821400703346504,0.08214007033465043,0.003111650113997741,4.7536894011185415,0.0013709210880362263,-0.0452291943045884,2,2
1481,1.4809999999999477,hold,100.0,5.911799017352258,-0.0031789202099954394,1.0821013440363834,0.08210134403638336,-0.0031000973396247407,4.750589303778916,0.001369762981771423,0.07882287037069878,2,2
1482,1.4819999999999476,hold,100.0,5.914943444088086,0.0031444267358287092,1.0821245298006854,0.08212452980068541,0.0030994243110583097,4.7536887280899744,0.0013686046570267855,-0.045002424770399556,2,2
1483,1.4829999999999475,hold,100.0,5.911776973384331,-0.0031664707037553086,1.0820859327971843,0.08208593279718435,-0.003087908737999381,4.750600819351975,0.0013674519713705528,0.07856196575592748,2,2
1484,1.4839999999999474,hold,100.0,5.914908996708489,0.003132023324157629,1.0821090044740738,0.08210900447407377,0.0030872467647646736,4.75368806611674,0.0013662990618003995,-0.04477655939295541,2,2
1485,1.4849999999999473,hold,100.0,5.9117549264129625,-0.003154070295526168,1.08207053626043,0.08207053626042993,-0.0030757682137673038,4.750612297902973,0.0013651517531331992,0.07830208175886415,2,2
1486,1.4859999999999471,hold,100.0,5.914874595291369,0.003119668878406756,1.0820934943056888,0.0820934943056888,0.0030751172835506136,4.753687415186524,0.0013640042152660828,-0.04455159485614252,2,2
1487,1.486999999999947,hold,100.0,5.91173287650042,-0.00314171879094971,1.0820551543790295,0.08205515437902955,-0.0030636755765978607,4.750623739609925,0.0013628622404901394,0.0780432143518495,2,2
1488,1.487999999999947,hold,100.0,5.9148402397048,0.00310736320438032,1.0820779992467202,0.08207799924672021,0.0030630356766035696,4.753686775286529,0.0013617200313733883,-0.04432752777675051,2,2
1489,1.4889999999999468,hold,100.0,5.9117108237086615,-0.0031294159961383627,1.0820397871062235,0.0820397871062235,-0.0030516306369065644,4.750635144649623,0.001360583347904688,0.0777853592317983,2,2
1490,1.4899999999999467,hold,100.0,5.9148059298171844,0.003095106108522927,1.0820625192486215,0.08206251924862151,0.003051001753884812,4.753686146403508,0.0013594464250965466,-0.04410435463811498,2,2
1491,1.4909999999999466,hold,100.0,5.911688768099252,-0.0031171617179328592,1.0820244343955354,0.08202443439553542,-0.0030396332058889248,4.750646513197619,0.0013583149908570162,0.07752851204393447,2,2
1492,1.4919999999999465,hold,100.0,5.914771665497376,0.0030828973981247287,1.082047054263179,0.08204705426317904,0.0030390153261392115,4.753685528523758,0.0013571833124186876,-0.04388207198551723,2,2
1493,1.4929999999999464,hold,100.0,5.911666709732854,-0.003104955764522188,1.0820090962007407,0.0820090962007407,-0.0030276830954852106,4.750657845428273,0.0013560570858282847,0.07727266903697748,2,2
1494,1.4939999999999463,hold,100.0,5.914737446614344,0.003070736881490177,1.0820316042424383,0.08203160424243827,0.003027076204856991,4.75368492163313,0.0013549306103164296,-0.043660676633186166,2,2
1495,1.4949999999999461,hold,100.0,5.911644648670079,-0.00309279794426498,1.0819937724759106,0.08199377247591055,-0.0030157801183768092,4.750669141514753,0.0013538095502857329,0.07701782588817076,2,2
1496,1.495999999999946,hold,100.0,5.914703273037421,0.0030586243673420555,1.0820161691387291,0.08201616913872911,0.0030151842022904376,4.753684325717043,0.0013526882367446559,-0.04344016505161783,2,2
1497,1.496999999999946,hold,100.0,5.911622584971048,-0.003080688066373405,1.0819784631754106,0.08197846317541058,-0.0030039240879964797,4.7506804016290465,0.001351572302667323,0.07676397837692514,2,2
1498,1.4979999999999458,hold,100.0,5.914669144636195,0.0030465596651474414,1.0820007489046988,0.08200074890469877,0.003003339131440785,4.753683740760487,0.0013504561106218037,-0.04322053370665619,2,2
1499,1.4989999999999457,hold,100.0,5.911600518695035,-0.003068625941160086,1.0819631682538424,0.08196316825384242,-0.0029921148185143745,4.750691625941973,0.0013493452623671316,0.07651112264571132,2,2
1500,1.4999999999999456,hold,100.0,5.914635061280718,0.003034542585682587,1.0819853434931994,0.08198534349319941,0.0029915408060667598,4.753683166748039,0.001348234151815119,-0.043001779615827164,2,2
1501,1.5009999999999455,hold,100.0,5.911578449901457,-0.003056611379260943,1.0819478876660882,0.08194788766608818,-0.0029803521248383397,4.7507028146232,0.0013471283497210186,0.07625925442260317,2,2
1502,1.5019999999999454,hold,100.0,5.914601022841182,0.0030225729397246326,1.081969952857436,0.08196995285743602,0.0029797890406706804,4.753682603663871,0.0013460222811263445,-0.042783899053952176,2,2
1503,1.5029999999999453,hold,100.0,5.911556378648632,-0.0030446441925500167,1.0819326213673246,0.0819326213673246,-0.0029686358226195565,4.750713967841252,0.0013449214859922204,0.0760083699304602,2,2
1504,1.5039999999999452,hold,100.0,5.914567029188175,0.0030106505395437466,1.081954576950856,0.08195457695085606,0.002968083650508337,4.75368205149176,0.0013438204202777964,-0.042566889035409484,2,2
1505,1.504999999999945,hold,100.0,5.911534304994963,-0.0030327241932122107,1.081917369312971,0.08191736931297089,-0.0029569657282488993,4.750725085763511,0.0013427245933576323,0.07575846496331133,2,2
1506,1.505999999999945,hold,100.0,5.914533080192464,0.0029987751975006915,1.0819392157271754,0.08193921572717544,0.0029564244515881224,4.753681510215099,0.0013416284918983984,-0.04235074591256915,2,2
1507,1.5069999999999448,hold,100.0,5.911512228998175,-0.003020851194288632,1.0819021314586992,0.08190213145869918,-0.002945341658844135,4.750736168556255,0.0013405375948939418,0.07550953544449698,2,2
1508,1.5079999999999447,hold,100.0,5.91449917572535,0.0029869467271748107,1.0819238691404063,0.08192386914040628,0.0029448112606371094,4.753680979816892,0.001339446419510198,-0.04213546653770127,2,2
1509,1.5089999999999446,hold,100.0,5.911490150715611,-0.003009025009738764,1.081886907760481,0.08188690776048091,-0.0029337634322476698,4.750747216384644,0.0013383604145641862,0.07526157749109408,2,2
1510,1.5099999999999445,hold,100.0,5.914465315658228,0.00297516494261707,1.0819085371447674,0.08190853714476742,0.002933243895140651,4.753680460279785,0.0013372741275150305,-0.04192104747641895,2,2
1511,1.5109999999999444,hold,100.0,5.91146807020408,-0.0029972454541482563,1.0818716981744994,0.08187169817449935,-0.002922230867041229,4.750758229412744,0.0013361929772048463,0.07501458710702748,2,2
1512,1.5119999999999443,hold,100.0,5.914431499863072,0.0029634296589922116,1.0818932196947988,0.08189321969479879,0.002921722173306301,4.753679951586051,0.0013351115411814525,-0.041707485685910525,2,2
1513,1.5129999999999442,hold,100.0,5.911445987520111,-0.002985512342961627,1.081856502657245,0.08185650265724509,-0.0029107437825075105,4.750769207803543,0.00133403520851254,0.0747685604541165,2,2
1514,1.513999999999944,hold,100.0,5.9143977282118225,0.0029517406917118905,1.0818779167453152,0.0818779167453152,0.0029102459140724077,4.7536794537176155,0.0013329585866320003,-0.04149477763948275,2,2
1515,1.514999999999944,hold,100.0,5.911423902719693,-0.002973825492129656,1.0818413211653959,0.08184132116539589,-0.0028993019986645985,4.750780151718951,0.001331887035031486,0.07452349346505739,2,2
1516,1.5159999999999438,hold,100.0,5.914364000577056,0.0029400978573628223,1.0818626282513117,0.08186262825131174,0.0028988149370982315,4.753678966656049,0.00133081519083037,-0.04128292026459078,2,2
1517,1.5169999999999437,hold,100.0,5.911401815858691,-0.0029621847183642913,1.0818261536559481,0.08182615365594814,-0.0028879053362239468,4.750791061319825,0.001329748384140996,0.07427938214034455,2,2
1518,1.5179999999999436,hold,100.0,5.914330316831601,0.002928500972909198,1.0818473541681186,0.08184735416811861,0.0028874290627748265,4.7536784903826,0.0013286812815692566,-0.04107191013437168,2,2
1519,1.5189999999999435,hold,100.0,5.911379726992219,-0.002950589839382012,1.0818110000861214,0.08181100008612141,-0.0028765536166422993,4.750801936765958,0.001327619184043179,0.0740362227397125,2,2
1520,1.5199999999999434,hold,100.0,5.914296676848352,0.002916949856133222,1.081832094451291,0.08183209445129092,0.0028760881122102716,4.753678024878169,0.001326556787458038,-0.04086174392295026,2,2
1521,1.5209999999999433,hold,100.0,5.911357636175008,-0.002939040673343385,1.081795860413355,0.08179586041335507,-0.002865246662056245,4.750812778216113,0.0013254993637508842,0.07379401128713992,2,2
1522,1.5219999999999432,hold,100.0,5.91426308050095,0.002905444325941531,1.0818168490566333,0.08181684905663333,0.002864791907240199,4.753677570123353,0.0013244416379109658,-0.040652418701331815,2,2
1523,1.522999999999943,hold,100.0,5.911335543461509,-0.0029275370394410416,1.0817807345953834,0.08178073459538338,-0.002853984295343953,4.750823585828009,0.0013233888530758372,0.0735527440970888,2,2
1524,1.523999999999943,hold,100.0,5.914229527663063,0.0028939842015542894,1.0818016179401888,0.08180161794018881,0.0028535402704089633,4.753677126098418,0.0013223357631352438,-0.040443931145326024,2,2
1525,1.5249999999999428,hold,100.0,5.911313448905973,-0.0029160787570905455,1.0817656225901273,0.08176562259012732,-0.0028427663400465175,4.750834359758371,0.0013212875826170826,0.07331241704402808,2,2
1526,1.5259999999999427,hold,100.0,5.9141960182087265,0.002882569302753879,1.0817864010582856,0.08178640105828561,0.0028423330249671966,4.753676692783338,0.001320239094119662,-0.04023627778668246,2,2
1527,1.5269999999999426,hold,100.0,5.911291352561895,-0.0029046656468318943,1.0817505243558019,0.08175052435580188,-0.002831592620452199,4.750845100162886,0.0013191954837494938,0.07307302637969519,2,2
1528,1.5279999999999425,hold,100.0,5.914162552012547,0.002871199450652284,1.0817711983674965,0.08177119836749647,0.0028311699948902333,4.753676270157777,0.0013181515626231957,-0.04002945576205095,2,2
1529,1.5289999999999424,hold,100.0,5.911269254482637,-0.002893297529910299,1.081735439850818,0.0817354398508181,-0.0028204629615122077,4.750855807196264,0.0013171124886125324,0.07283456839809153,2,2
1530,1.5299999999999423,hold,100.0,5.914129128948964,0.0028598744663277387,1.0817560098245789,0.08175600982457887,0.0028200510048477763,4.753675858201112,0.0013160731011639202,-0.039823461479962345,2,2
1531,1.5309999999999422,hold,100.0,5.911247154720921,-0.0028819742280434824,1.0817203690338646,0.08172036903386459,-0.002809377188900921,4.750866481012212,0.0013150385300992828,0.07259703914256135,2,2
1532,1.531999999999942,hold,100.0,5.914095748893324,0.0028485941724030184,1.0817408353865992,0.08174083538659915,0.002808975880219375,4.753675456892431,0.0013140036430079657,-0.039618292183643544,2,2
1533,1.532999999999942,hold,100.0,5.91122505332925,-0.0028706955640736,1.0817053118638145,0.08170531186381447,-0.002798335128963608,4.750877121763467,0.001312973541845556,0.07236043510999192,2,2
1534,1.5339999999999419,hold,100.0,5.914062411720983,0.002837358391732714,1.0817256750108555,0.08172567501085548,0.002797944447075232,4.753675066210542,0.0013119431221589543,-0.039413944657481874,2,2
1535,1.5349999999999417,hold,100.0,5.911202950360067,-0.0028594613609156383,1.0816902682998306,0.08169026829983062,-0.002787336608751298,4.750887729601791,0.0013109174582192004,0.07212475216434015,2,2
1536,1.5359999999999416,hold,100.0,5.914029117307518,0.0028261669474503037,1.0817105286548299,0.08171052865482986,0.00278695653219959,4.753674686133991,0.0013098914733472658,-0.039210415250713615,2,2
1537,1.5369999999999415,hold,100.0,5.911180845864774,-0.0028482714427440214,1.081675238301227,0.08167523830122692,-0.0027763814559990463,4.750898304677992,0.0013088702143097646,0.07188998674497511,2,2
1538,1.5379999999999414,hold,100.0,5.913995865529288,0.002815019664514473,1.081695396276292,0.08169539627629208,0.0027760119630514234,4.753674316641043,0.0013078486320197106,-0.03900770146304973,2,2
1539,1.5389999999999413,hold,100.0,5.911158739894889,-0.0028371256343993068,1.0816602218276423,0.08166022182764232,-0.002765469499123043,4.75090884714192,0.001306831745918035,0.07165613527626395,2,2
1540,1.5399999999999412,hold,100.0,5.913962656262555,0.0028039163676663037,1.0816802778332555,0.08168027783325549,0.0027651105677932372,4.753673957709713,0.0013058145343293364,-0.03880579987306648,2,2
1541,1.540999999999941,hold,100.0,5.911136632501546,-0.0028260237610089334,1.0816452188388495,0.08164521883884945,-0.0027546005672278457,4.750919357142486,0.0013048019895460438,0.07142319378108768,2,2
1542,1.541999999999941,hold,100.0,5.913929497787311,0.002792865285765167,1.0816651731901399,0.08166517319013988,0.00275426079310536,4.753673617935592,0.0013037891117016402,-0.03860449265980685,1,2
1543,1.5429999999999409,hold,100.0,5.911114520834957,-0.002814976952354442,1.0816302289258743,0.08163022892587435,-0.0027437851615883606,4.750929832774003,0.0013027808557396297,0.07119179076608148,1,2
1544,1.5439999999999408,hold,100.0,5.913896381577109,0.0027818607421519204,1.0816500821828912,0.08165008218289116,0.002743456418008726,4.753673289192012,0.0013017722819497525,-0.03840432414319418,1,2
1545,1.5449999999999406,hold,100.0,5.9110924029746545,-0.0028039786024542934,1.081615252309593,0.08161525230959299,-0.0027330176099584404,4.750940271582054,0.0013007683038585528,0.07096099249585298,1,2
1546,1.5459999999999405,hold,100.0,5.913863306878811,0.002770903904156796,1.0816350049566694,0.08163500495666942,0.0027326987883999473,4.753672970370453,0.0012997640073962606,-0.03820511575684891,1,2
1547,1.5469999999999404,hold,100.0,5.9110702834461515,-0.002793023432659858,1.081600289040129,0.08160028904012906,-0.002722292361444883,4.7509506780090085,0.0012987642779297085,0.07073107121497497,1,2
1548,1.5479999999999403,hold,100.0,5.913830273822672,0.002759990376520527,1.0816199414869123,0.08161994148691232,0.002721983658232346,4.753672661667241,0.0012977642282199435,-0.03800671828818082,1,2
1549,1.5489999999999402,hold,100.0,5.911048162651838,-0.002782111170834156,1.0815853390898513,0.08158533908985133,-0.0027116091378697783,4.750961052529371,0.0012967687172208689,0.07050203296437782,1,2
1550,1.54999999999994,hold,100.0,5.9137972824044285,0.002749119752590623,1.0816048917387826,0.0816048917387826,0.0027113106354219136,4.753672363164793,0.001295772884057812,-0.03780911716870939,1,2
1551,1.55099999999994,hold,100.0,5.911026040727057,-0.0027712416773715276,1.0815704024238484,0.08157040242384839,-0.0027009677994897794,4.750971395365304,0.0012947815616070292,0.07027387788174823,1,2
1552,1.5519999999999399,hold,100.0,5.913764332554577,0.0027382918275202783,1.0815898556745045,0.0815898556745045,0.002700679520811527,4.753672074886115,0.0012937899151166609,-0.037612306708751514,1,2
1553,1.5529999999999398,hold,100.0,5.911003917755185,-0.0027604147993924855,1.081555479005292,0.08155547900529192,-0.0026903681953985006,4.750981706690716,0.0012928027515983853,0.07004660399398485,1,2
1554,1.5539999999999397,hold,100.0,5.913731424178793,0.0027275064236080837,1.0815748332552206,0.08157483325522064,0.002690090140436033,4.753671796831152,0.001291815262227856,-0.03741628317205066,1,2
1555,1.5549999999999395,hold,100.0,5.910981793802462,-0.002749630376331247,1.0815405687967752,0.08154056879677518,-0.002679810167945318,4.750991986663206,0.0012908322283365118,0.06982020838592869,1,2
1556,1.5559999999999394,hold,100.0,5.913698557171864,0.0027167633694027415,1.0815598244417373,0.08155982444173726,0.002679542326634361,4.75367152898984,0.001289848866848288,-0.03722104276838046,1,2
1557,1.5569999999999393,hold,100.0,5.91095966892699,-0.002738888244874005,1.0815256717606276,0.08152567176062764,-0.002669293557071019,4.751002235432769,0.0012888699335872398,0.06959468780298565,1,2
1558,1.5579999999999392,hold,100.0,5.913665731423708,0.002706062496717898,1.0815448291947416,0.0815448291947416,0.002669035914360798,4.753671271347129,0.0012878906710541442,-0.03702658235709994,1,2
1559,1.558999999999939,hold,100.0,5.910937543182693,-0.0027281882410150615,1.0815107878591785,0.08151078785917854,-0.00265881820203623,4.751012453145093,0.0012869158097327776,0.06937003897883147,1,2
1560,1.559999999999939,hold,100.0,5.91363294682147,0.002695403638776739,1.0815298474749215,0.08152984747492154,0.002658570740081677,4.7536710238851745,0.0012859406175337131,-0.03683289869506204,1,2
1561,1.5609999999999389,hold,100.0,5.9109154166208295,-0.002717530200640361,1.0814959170547853,0.08149591705478532,-0.002648383942108451,4.751022639943066,0.0012849697997636509,0.06914625853191025,1,2
1562,1.5619999999999388,hold,100.0,5.913600203251094,0.002684786630264391,1.0815148792430944,0.08151487924309442,0.0026481466413325735,4.753670786584399,0.0012839986495792322,-0.03663998893181728,1,2
1563,1.5629999999999387,hold,100.0,5.910893289291052,-0.0027069139600417458,1.0814810593098843,0.08148105930988425,-0.0026379906168564494,4.751032795967543,0.001283031847270611,0.0689233431852964,1,2
1564,1.5639999999999386,hold,100.0,5.913567500597322,0.0026742113062701023,1.0814999244601564,0.08149992446015641,0.0026377634565125318,4.753670559424055,0.0012820647110789664,-0.03644784975757051,1,2
1565,1.5649999999999384,hold,100.0,5.91087116124164,-0.0026963393556824755,1.0814662145871141,0.08146621458711412,-0.0026276380662884945,4.751042921357767,0.0012811018964363817,0.068701289393981,1,2
1566,1.5659999999999383,hold,100.0,5.913534838744827,0.0026636775031869675,1.0814849830871878,0.08148498308718777,0.002627421024819427,4.753670342382587,0.001280138746509216,-0.03625647836754059,1,2
1567,1.5669999999999382,hold,100.0,5.9108490325199945,-0.0026858062248322767,1.081451382849184,0.08145138284918407,-0.002617326130952331,4.7510530162516345,0.0012791798920278683,0.06848009387994558,1,2
1568,1.567999999999938,hold,100.0,5.913502217577898,0.002653185057903684,1.0814700550854373,0.08147005508543725,0.0026171191861462124,4.753670135437781,0.0012782207009262036,-0.03606587175747182,1,2
1569,1.568999999999938,hold,100.0,5.910826903172839,-0.0026753144050593036,1.0814365640590329,0.08143656405903288,-0.0026070546519123263,4.751063080785868,0.001277265779388048,0.06825975314697727,1,2
1570,1.569999999999938,hold,100.0,5.913469636980929,0.002642733808090547,1.0814551404163033,0.0814551404163033,0.002606857781079483,4.753669938566947,0.0012763105199585325,-0.03587602701106418,1,2
1571,1.5709999999999378,hold,100.0,5.910804773246242,-0.0026648637346875503,1.0814217581797387,0.08142175817973873,-0.0025968234708480748,4.751073115096099,0.0012753595044282127,0.06804026383947555,1,2
1572,1.5719999999999377,hold,100.0,5.913437096838227,0.002632323591985397,1.081440239041381,0.08144023904138109,0.002596636650887923,4.753669751746987,0.0012744081497990999,-0.035686941097474306,1,2
1573,1.5729999999999376,hold,100.0,5.910782642785745,-0.0026544540524824356,1.0814069651745875,0.08140696517458745,-0.0025866324300134694,4.751083119316974,0.0012734610136203902,0.06782162246896616,1,2
1574,1.5739999999999374,hold,100.0,5.913404597034315,0.0026219542485703684,1.0814253509224676,0.08142535092246761,0.0025864556374564167,4.75366957495443,0.0012725135371977146,-0.03549861111395167,1,2
1575,1.5749999999999373,hold,100.0,5.910760511836398,-0.0026440851979172564,1.081392185007001,0.08139218500700096,-0.002576481372243546,4.7510930935821865,0.0012715702539896228,0.06760382567371023,1,2
1576,1.5759999999999372,hold,100.0,5.913372137453869,0.0026116256174706365,1.0814104760214998,0.08141047602149976,0.002576314583335575,4.753669408165522,0.0012706266294534659,-0.03531103413506164,1,2
1577,1.5769999999999371,hold,100.0,5.910738380442704,-0.002633757011164306,1.0813774176405997,0.08137741764059969,-0.0025663701409876357,4.751103038024534,0.0012696871731065148,0.0673868701766703,1,2
1578,1.577999999999937,hold,100.0,5.913339717981674,0.002601337538969517,1.0813956143006285,0.08139561430062847,0.002566213331700575,4.753669251356235,0.0012687473744073343,-0.035124207268942116,1,2
1579,1.578999999999937,hold,100.0,5.910716248648997,-0.0026234693326765424,1.08136266303919,0.08136266303918993,-0.0025562985802881563,4.751112952775947,0.0012678117190799932,0.06717075238838605,1,2
1580,1.5799999999999368,hold,100.0,5.9133073385031505,0.002591089854153239,1.0813807657222039,0.08138076572220387,0.002556151726339039,4.753669104502286,0.0012668757204349526,-0.03493812781420018,1,2
1581,1.5809999999999367,hold,100.0,5.910694116499131,-0.0026132220040198106,1.0813479211667592,0.08134792116675915,-0.002546266534793996,4.751122837967492,0.001265943840549942,0.06695546922581451,1,2
1582,1.5819999999999366,hold,100.0,5.913274998903432,0.0025808824043016543,1.081365930248746,0.08136593024874594,0.0025461296116893106,4.7536689675791814,0.0012650116164393647,-0.03475279261234369,1,2
1583,1.5829999999999365,hold,100.0,5.910671984036417,-0.0026030148670157516,1.081333191987479,0.0813331919874789,-0.002536273849755088,4.751132693729426,0.0012640834866802448,0.06674101726066375,1,2
1584,1.5839999999999363,hold,100.0,5.913242699068204,0.002570715031787074,1.0813511078429625,0.08135110784296251,0.002536146832793551,4.753668840562219,0.0012631550118440626,-0.03456819899352306,1,2
1585,1.5849999999999362,hold,100.0,5.910649851304059,-0.0025928477641450343,1.081318475465708,0.08131847546570792,-0.002526320371028375,4.751142520191191,0.0012622306071515775,0.06652739311665927,1,2
1586,1.5859999999999361,hold,100.0,5.9132104388834765,0.0025605875794179056,1.0813362984677632,0.08133629846776325,0.002526203235313527,4.753668723426505,0.0012613058565858538,-0.034384344104378385,1,2
1587,1.586999999999936,hold,100.0,5.910627718344819,-0.0025827205386574903,1.0813037715659588,0.0813037715659588,-0.002516405945064163,4.7511523174814405,0.0012603851521547345,0.06631459359332731,1,2
1588,1.587999999999936,hold,100.0,5.9131782182354895,0.0025504998906704657,1.0813215020862263,0.08132150208622635,0.0025162986655042413,4.753668616146944,0.001259464101108277,-0.034201225166224404,1,2
1589,1.5889999999999358,hold,100.0,5.9106055852012185,-0.0025726330342710213,1.0812890802529493,0.08128908025294934,-0.0025065304188902652,4.751162085728054,0.001258547072383592,0.06610261538075607,1,2
1590,1.5899999999999357,hold,100.0,5.913146037010603,0.0025404518093843365,1.0813067186616432,0.08130671866164318,0.002506432970240279,4.753668518698294,0.0012576296963546223,-0.034018839144057435,1,2
1591,1.5909999999999356,hold,100.0,5.910583451915363,-0.0025625850952399887,1.081274401491567,0.08127440149156695,-0.002496693640168253,4.751171825058126,0.001256716319028703,0.06589145507173572,1,2
1592,1.5919999999999355,hold,100.0,5.9131138950957975,0.002530443180434716,1.0812919481574585,0.08129194815745855,0.002496605997014655,4.753668431055141,0.00125580259376149,-0.03383718342006092,1,2
1593,1.5929999999999354,hold,100.0,5.910561318529238,-0.0025525765665594946,1.0812597352469064,0.08125973524690644,-0.00248689545713041,4.751181535598011,0.0012548928437705056,0.06568110942908444,1,2
1594,1.5939999999999352,hold,100.0,5.91308179237808,0.0025204738488415757,1.0812771905373288,0.08127719053732885,0.002486817593902203,4.753668353191913,0.0012539827452521313,-0.03365625493937253,1,2
1595,1.5949999999999351,hold,100.0,5.910539185084277,-0.0025426072938028454,1.0812450814841827,0.08124508148418275,-0.0024771357185985237,4.751191217473314,0.0012530765987729833,0.06547157520432177,1,2
1596,1.595999999999935,hold,100.0,5.91304972874509,0.002510543660813269,1.0812624457650635,0.08126244576506347,0.0024770676095720616,4.753668285082886,0.0012521701032301754,-0.03347605124120762,1,2
1597,1.596999999999935,hold,100.0,5.910517051621812,-0.002532677123277871,1.081230440168822,0.08123044016882197,-0.0024674142739916378,4.751200870808895,0.0012512675366771729,0.06526284928623331,1,2
1598,1.5979999999999348,hold,100.0,5.9130177040844085,0.0025006524625963422,1.0812477138046797,0.08124771380467966,0.002467355893310044,4.753668226702205,0.0012503646205731594,-0.03329656928629816,1,2
1599,1.5989999999999347,hold,100.0,5.910494918182769,-0.002522785901639679,1.08121581126644,0.08121581126644006,-0.00245773097330991,4.751210495728895,0.0012494656105951061,0.06505492832976911,1,2
1600,1.5999999999999346,hold,100.0,5.912985718284167,0.0024908001013983494,1.0812329946203765,0.08123299462037648,0.0024576822949742864,4.753668178023869,0.0012485662506263883,-0.033117806424062986,1,2
1601,1.6009999999999345,hold,100.0,5.910472784808025,-0.0025129334761420097,1.0812011947428048,0.08120119474280485,-0.0024480856671492864,4.75122009235672,0.001247670774103288,0.06484780899272333,1,2
1602,1.6019999999999344,hold,100.0,5.912953771232868,0.002480986424842513,1.0812182881764996,0.08121828817649956,0.002448046665037769,4.753668139021757,0.0012467749471968585,-0.032939759804743916,1,2
1603,1.6029999999999343,hold,100.0,5.910450651537748,-0.0025031196951195156,1.0811865905638647,0.08118659056386468,-0.002438478206684061,4.751229660815073,0.0012458829812370654,0.06464148843545467,1,2
1604,1.6039999999999341,hold,100.0,5.912921862819232,0.002471211281483754,1.081203594437598,0.08120359443759795,0.0024384488545379493,4.753668109669611,0.0012449906645470709,-0.03276242694580465,1,2
1605,1.604999999999934,hold,100.0,5.910428518412445,-0.002493344406786946,1.0811719986957313,0.08117199869573133,-0.002428908443655654,4.751239201225956,0.0012441021864842419,0.064435963131292,1,2
1606,1.605999999999934,hold,100.0,5.912889992932226,0.0024614745197810706,1.0811889133684394,0.08118891336843936,0.0024288887151103795,4.753668089941066,0.0012432133573892633,-0.032585804670691096,1,2
1607,1.6069999999999338,hold,100.0,5.910406385471726,-0.002483607460500359,1.0811574191046933,0.08115741910469332,-0.002419376230416737,4.75124871371065,0.0012423283447794962,0.06423123008362196,1,2
1608,1.6079999999999337,hold,100.0,5.91285816146136,0.0024517759896340863,1.081174244933874,0.08117424493387393,0.002419366098988728,4.753668079809639,0.0012414429808795516,-0.032409890645358416,1,2
1609,1.6089999999999336,hold,100.0,5.910384252755463,-0.002473908705896477,1.0811428517572172,0.08114285175721725,-0.0024098814198739273,4.751258198389765,0.0012405614114983352,0.06402728602254974,1,2
1610,1.6099999999999335,hold,100.0,5.912826368296153,0.0024421155406892936,1.0811595890989782,0.08115958909897825,0.0024098808589599644,4.753668079248725,0.0012396794906120562,-0.03223468172932915,1,2
1611,1.6109999999999334,hold,100.0,5.9103621203027075,-0.0024642479934451345,1.0811282966199298,0.08112829661992982,-0.002400423865520691,4.751267655383204,0.0012388013424515858,0.06382412792444325,1,2
1612,1.6119999999999333,hold,100.0,5.912794613326809,0.002432493024101312,1.081144945829036,0.08114494582903609,0.0024004328484237697,4.753668088231628,0.001237922842613317,-0.03206017567754238,1,2
1613,1.6129999999999332,hold,100.0,5.910339988153,-0.0024546251738088998,1.0811137536596302,0.08111375365963025,-0.0023910034214138023,4.751277084810214,0.0012370480938796629,0.06362175239509743,1,2
1614,1.613999999999933,hold,100.0,5.912762896443736,0.0024229082907361033,1.081130315089449,0.0811303150894489,0.002391021921318784,4.753668106731532,0.001236172993336672,-0.03188636941731928,1,2
1615,1.614999999999933,hold,100.0,5.910317856344864,-0.002445040098871587,1.0810992228432585,0.08109922284325854,-0.002381619942177528,4.751286486789355,0.0012353016224470556,0.063420156694059,1,2
1616,1.6159999999999328,hold,100.0,5.91273121753742,0.002413361192555641,1.081115696845817,0.0811156968458171,0.0023816479321838646,4.753668134721539,0.0012344298996569622,-0.031713260371776276,1,2
1617,1.6169999999999327,hold,100.0,5.910295724917183,-0.002435492620237234,1.0810847041379812,0.08108470413798119,-0.0023722732830263214,4.751295861438512,0.001233561885236919,0.06321933721091261,1,2
1618,1.6179999999999326,hold,100.0,5.912699576499241,0.0024038515820583584,1.0811010910638963,0.08110109106389629,0.002372310736129781,4.753668172174642,0.0012326935188647834,-0.03154084592857723,1,2
1619,1.6189999999999325,hold,100.0,5.91027359390803,-0.0024259825912107402,1.0810701975110273,0.08107019751102729,-0.002362963299705425,4.751305208874936,0.0012318288397456683,0.06301929150531521,1,2
1620,1.6199999999999324,hold,100.0,5.912667973220345,0.002394379312314676,1.0810864977095924,0.08108649770959242,0.002363010188812827,4.75366821906375,0.0012309638086615187,-0.031369123501849214,1,2
1621,1.6209999999999323,hold,100.0,5.910251463355758,-0.0024165098645871907,1.0810557029298955,0.0810557029298955,-0.002353689848554839,4.751314529215195,0.0012301024438776868,0.06282001603235154,1,2
1622,1.6219999999999322,hold,100.0,5.912636407592285,0.002384944236527353,1.0810719167490337,0.08107191674903369,0.0023537461464764797,4.7536682753616715,0.0012292407271537855,-0.03119809005087352,1,2
1623,1.622999999999932,hold,100.0,5.910229333298101,-0.002407074294183964,1.0810412203621946,0.08104122036219463,-0.0023444527864535623,4.751323822575218,0.0012283826559401983,0.06262150773040168,1,2
1624,1.623999999999932,hold,100.0,5.912604879507339,0.0023755462092376334,1.0810573481485013,0.0810573481485013,0.002344518465941592,4.753668341041159,0.0012275242328484838,-0.031027743296041348,1,2
1625,1.6249999999999318,hold,100.0,5.91020720377271,-0.0023976757346293454,1.0810267497756647,0.08102674977566471,-0.0023352519708728877,4.751333089070286,0.0012266694346380297,0.06242376375645763,1,2
1626,1.6259999999999317,hold,100.0,5.912573388857689,0.002366185084979655,1.0810427918743784,0.08104279187437835,0.002335327004556921,4.753668416074843,0.001225814284647663,-0.030858080422733938,1,2
1627,1.6269999999999316,hold,100.0,5.910185074817225,-0.0023883140404645786,1.0810122911382853,0.08101229113828534,-0.002326087259789931,4.751342328815054,0.001224962739068661,0.06222678067464762,1,2
1628,1.6279999999999315,hold,100.0,5.91254193553629,0.002356860719065601,1.0810282478932958,0.08102824789329577,0.0023261716202543775,4.753668500435308,0.001224110841843449,-0.030689098811223503,1,2
1629,1.6289999999999314,hold,100.0,5.910162946468466,-0.0023789890678242998,1.0809978444181036,0.08099784441810365,-0.002316958511787209,4.751351541923521,0.0012232625287172151,0.06203055603709075,1,2
1630,1.6299999999999313,hold,100.0,5.912510519435789,0.0023475729673227974,1.081013716171995,0.08101371617199504,0.0023170521715380693,4.753668594095059,0.0012224138641131277,-0.03052079578472807,1,2
1631,1.6309999999999312,hold,100.0,5.910140818763257,-0.002369700672531394,1.0809834095833684,0.08098340958336836,-0.0023078655859993624,4.751360728509059,0.0012215687634515673,0.06183508653203164,1,2
1632,1.631999999999931,hold,100.0,5.912479140449902,0.0023383216866443846,1.080999196677388,0.08099919667738797,0.002307968517452098,4.753668697026511,0.0012207233115144346,-0.030353169192286374,1,2
1633,1.632999999999931,hold,100.0,5.91011869173893,-0.002360448710971852,1.0809689866025267,0.08096898660252672,-0.00229880834205574,4.751369888684455,0.0012198814035174889,0.06164036891611203,1,2
1634,1.6339999999999308,hold,100.0,5.912447798472057,0.0023291067331268067,1.0809846893765636,0.08098468937656356,0.0022989205175627516,4.753668809202018,0.001219039144480529,-0.030186215564055076,1,2
1635,1.6349999999999307,hold,100.0,5.910096565431298,-0.0023512330407591264,1.0809545754440897,0.08095457544408968,-0.00228978664018417,4.751379022561833,0.001218200409533997,0.06144640057495661,1,2
1636,1.6359999999999306,hold,100.0,5.912416493396401,0.0023199279651038296,1.080970194236749,0.0809701942367489,0.002289908032047998,4.753668930593881,0.0012173613238154405,-0.030019933055831435,1,2
1637,1.6369999999999305,hold,100.0,5.910074439877021,-0.002342053519380549,1.0809401760767714,0.0809401760767714,-0.0022808003411594153,4.751388130252722,0.0012165257424885745,0.06125317822113386,1,2
1638,1.6379999999999304,hold,100.0,5.912385225117183,0.002310785240162261,1.080955711225362,0.08095571122536205,0.0022809309216007237,4.753669061174323,0.0012156898106893764,-0.029854318561537124,1,2
1639,1.6389999999999303,hold,100.0,5.9100523151117095,-0.002332910005473643,1.0809257884694454,0.08092578846944543,-0.002271849306279639,4.751397211868043,0.0012148573637325549,0.061060699194003844,1,2
1640,1.6399999999999302,hold,100.0,5.912353993529056,0.002301678417346409,1.0809412403099294,0.08094124030992944,0.002271989047464333,4.753669200915508,0.0012140245666342443,-0.029689369882075767,1,2
1641,1.64099999999993,hold,100.0,5.910030191171495,-0.002323802357560467,1.0809114125911263,0.08091141259112633,-0.002262933397399431,4.751406267518108,0.001213195234976734,0.06086896016103613,1,2
1642,1.64199999999993,hold,100.0,5.912322798527111,0.002292607355615317,1.0809267814581662,0.08092678145816623,0.0022630822714363157,4.753669349789544,0.0012123655535388963,-0.029525084179001307,1,2
1643,1.6429999999999298,hold,100.0,5.910008068091636,-0.002314730435474921,1.0808970484109388,0.08089704841093881,-0.002254052476899261,4.751415297312645,0.0012115393182867446,0.06067795857566012,1,2
1644,1.6439999999999297,hold,100.0,5.9122916400068295,0.002283571915193683,1.080912334637936,0.0809123346379359,0.0022542104558358456,4.753669507768481,0.0012107127336450333,-0.029361459357837242,1,2
1645,1.6449999999999296,hold,100.0,5.909985945907928,-0.0023056940989016894,1.0808826958982514,0.08088269589825137,-0.0022452064077074993,4.751424301360774,0.0012098895760786115,0.06048769119419012,1,2
1646,1.6459999999999295,hold,100.0,5.912260517863469,0.0022745719555414823,1.0808978998172638,0.08089789981726381,0.0022453734635442995,4.753669674824318,0.0012090660695425288,-0.029198491997182822,1,2
1647,1.6469999999999294,hold,100.0,5.909963824655012,-0.0022966932084571567,1.0808683550224731,0.08086835502247314,-0.002236395053283352,4.751433279771034,0.0012082459711146487,0.06029815517380466,1,2
1648,1.6479999999999293,hold,100.0,5.912229431993389,0.002265607338376441,1.0808834769643025,0.08088347696430254,0.0022365711579660436,4.7536698509290005,0.001207425524165296,-0.029036180410397204,1,2
1649,1.6489999999999292,hold,100.0,5.9099417043679185,-0.0022877276254700263,1.080854025753233,0.08085402575323308,-0.0022276182776322343,4.751442232651368,0.0012066084664988832,0.06010934783779202,1,2
1650,1.649999999999929,hold,100.0,5.912198382292794,0.002256677924875383,1.0808690660473939,0.08086906604739386,0.002227803403067848,4.753670036054436,0.0012057910607870162,-0.02887452180753503,1,2
1651,1.650999999999929,hold,100.0,5.909919585081512,-0.002278797211282324,1.0808397080602796,0.08083970806027962,-0.0022188759452783408,4.751451160109158,0.001204977025673158,0.059921266003983266,1,2
1652,1.6519999999999289,hold,100.0,5.9121673686582845,0.0022477835767729104,1.080854667034987,0.080854667034987,0.002219070063315464,4.753670230172474,0.0012041626430168964,-0.028713513457446355,1,2
1653,1.6529999999999287,hold,100.0,5.909897466830097,-0.002269901828187315,1.0808254019135024,0.0808254019135024,-0.0022101679212868687,4.751460062251187,0.0012033516124126155,0.059733906900446415,1,2
1654,1.6539999999999286,hold,100.0,5.912136390986751,0.00223892415665361,1.080840279895713,0.08084027989571307,0.002210371003739968,4.753670433254927,0.00120254023479553,-0.02855315291364199,1,2
1655,1.6549999999999285,hold,100.0,5.90987534964796,-0.0022610413387909034,1.080811107282942,0.08081110728294205,-0.0022014940712410842,4.7514689391836855,0.0012017321908219898,0.05954726754981918,1,2
1656,1.6559999999999284,hold,100.0,5.91210544917577,0.002230099527809948,1.0808259045983315,0.0808259045983315,0.002201706089886633,4.753670645273572,0.0012009238003910542,-0.02839343792331462,1,2
1657,1.6569999999999283,hold,100.0,5.9098532335693905,-0.0022522156063793375,1.0807968241387664,0.08079682413876643,-0.002192854261258757,4.751477791012313,0.0012001187253312686,0.059361345120580514,1,2
1658,1.6579999999999282,hold,100.0,5.912074543122774,0.0022213095533833993,1.0808115411117662,0.08081154111176625,0.002193075187817667,4.753670866200131,0.0011993133043947894,-0.028234365565732444,1,2
1659,1.658999999999928,hold,100.0,5.909831118627818,-0.002243424494955626,1.080782552451329,0.08078255245132904,-0.002184248357963915,4.751486617842167,0.00119851118069191,0.059176136991710704,1,2
1660,1.659999999999928,hold,100.0,5.912043672725923,0.002212554098104391,1.080797189405086,0.08079718940508607,0.002184478164138955,4.753671096006306,0.001197708711717697,-0.02807593396543604,1,2
1661,1.6609999999999279,hold,100.0,5.909809004857122,-0.002234667868800777,1.080768292191058,0.08076829219105797,-0.002175676228525417,4.751495419777781,0.0011969095219727679,0.058991640275360066,1,2
1662,1.6619999999999278,hold,100.0,5.91201283788318,0.0022038330260585326,1.0807828494474851,0.08078284944748515,0.0021759148859813735,4.753671334663762,0.0011961099875860898,-0.027918140077159113,1,2
1663,1.6629999999999276,hold,100.0,5.90978689229086,-0.0022259455923201443,1.080754043328569,0.08075404332856895,-0.002167137740618678,4.751504196923143,0.0011953137145564543,0.05880785170146643,1,2
1664,1.6639999999999275,hold,100.0,5.911982038493376,0.0021951462025153745,1.0807685212083227,0.08076852120832267,0.002167385220969549,4.753671582144113,0.0011945170975381223,-0.02776098154582546,1,2
1665,1.6649999999999274,hold,100.0,5.909764780961934,-0.002217257531441419,1.0807398058346211,0.08073980583462115,-0.0021586327624308135,4.751512949381683,0.0011937237241353546,0.05862476901060537,1,2
1666,1.6659999999999273,hold,100.0,5.911951274455484,0.0021864934935500457,1.0807542046570757,0.08075420465707572,0.0021588890372918968,4.753671838418975,0.0011929300074199165,-0.027604456258148967,1,2
1667,1.6669999999999272,hold,100.0,5.909742670903704,-0.0022086035517805414,1.0807255796800457,0.08072557968004568,-0.002150161162682282,4.751521677256292,0.0011921395167078916,0.058442389098259384,1,2
1668,1.667999999999927,hold,100.0,5.911920545668528,0.002177874764824672,1.0807398997633941,0.08073989976339413,0.0021504262036174428,4.75367210345991,0.0011913486833817289,-0.027448561207229355,1,2
1669,1.668999999999927,hold,100.0,5.909720562148748,-0.0021999835197803463,1.080711364835891,0.08071136483589103,-0.002141722810589954,4.75153038064932,0.0011905610585749291,0.05826070919039226,1,2
1670,1.6699999999999269,hold,100.0,5.911889852032444,0.002169289883696024,1.0807256064970558,0.08072560649705585,0.002141996589146349,4.753672377238466,0.0011897730918744645,-0.027293294549674864,1,2
1671,1.6709999999999268,hold,100.0,5.909698454729835,-0.0021913973026093103,1.0806971612733025,0.08069716127330251,-0.002133317575890012,4.751539059662576,0.0011889883163361111,0.0580797267192984,1,2
1672,1.6719999999999267,hold,100.0,5.911859193446753,0.0021607387169177983,1.0807113248279718,0.08071132482797183,0.00213360006358533,4.753672659726162,0.001188203199645941,-0.027138653332468322,1,2
1673,1.6729999999999265,hold,100.0,5.909676348679259,-0.0021828447674936413,1.080682968963556,0.08068296896355598,-0.002124945328822258,4.751547714397339,0.0011874212568862067,0.05789943867138322,1,2
1674,1.6739999999999264,hold,100.0,5.911828569811945,0.002152221132686094,1.080697054726196,0.08069705472619604,0.0021252364971626695,4.753672950894502,0.0011866389737373608,-0.026984635523424547,1,2
1675,1.6749999999999263,hold,100.0,5.909654244029359,-0.0021743257825859175,1.0806687878780836,0.08066878787808363,-0.0021166059401467605,4.751556344954355,0.001185859847411596,0.057719842439156975,1,2
1676,1.6759999999999262,hold,100.0,5.911797981028561,0.002143736999201451,1.080682796161926,0.08068279616192608,0.002116905760611767,4.753673250714966,0.0011850803814798655,-0.026831238589684198,1,2
1677,1.676999999999926,hold,100.0,5.9096321408121995,-0.0021658402163611257,1.0806546179884193,0.08065461798841933,-0.0021082992811265293,4.751564951433839,0.0011843040553868864,0.057540935234596385,1,2
1678,1.677999999999926,hold,100.0,5.911767426997312,0.002135286185112939,1.0806685491055077,0.08066854910550769,0.0021086077251741484,4.753673559159013,0.0011835273904909206,-0.026678459938790644,1,2
1679,1.6789999999999259,hold,100.0,5.9096100390595305,-0.0021573879377818628,1.0806404592662529,0.08064045926625285,-0.002100025223519261,4.7515735339354945,0.0011827538485713381,0.05736271426260179,1,2
1680,1.6799999999999258,hold,100.0,5.911736907619415,0.0021268685598840875,1.0806543135273778,0.08065431352737784,0.0021003422625894093,4.753673876198084,0.0011819799686711102,-0.026526297294678265,1,2
1681,1.6809999999999257,hold,100.0,5.909587938802987,-0.0021489688164280096,1.080626311683402,0.08062631168340206,-0.0020917836395749493,4.751582092558509,0.0011812091950054986,0.05718517685306037,1,2
1682,1.6819999999999256,hold,100.0,5.9117064227965255,0.0021184839935388666,1.080640089398176,0.08064008939817602,0.0020921092451114233,4.753674201803621,0.0011804380842005957,-0.0263747484274433,1,2
1683,1.6829999999999254,hold,100.0,5.90956584007416,-0.0021405827223652807,1.0806121752117832,0.08061217521178321,-0.002083574402078836,4.7515906274015425,0.0011796700630080307,0.05700832028644482,1,2
1684,1.6839999999999253,hold,100.0,5.911675972430548,0.002110132356388128,1.0806258766886072,0.08062587668860721,0.0020839085454909356,4.753674535947034,0.0011789017055359302,-0.026223810897192407,1,2
1685,1.6849999999999252,hold,100.0,5.909543742904276,-0.0021322295262722335,1.0805980498234975,0.0805980498234975,-0.0020753973842780223,4.751599138562756,0.0011781364211721963,0.056832141994211244,1,2
1686,1.6859999999999251,hold,100.0,5.9116455564233075,0.0021018135190313814,1.0806116753695703,0.08061167536957026,0.0020757400369643517,4.75367487859972,0.0011773708014066549,-0.02607348206702968,1,2
1687,1.686999999999925,hold,100.0,5.909521647324298,-0.002123909099009502,1.0805839354907303,0.08058393549073029,-0.002067252459916702,4.751607626139804,0.0011766082383627733,0.05665663909280036,1,2
1688,1.687999999999925,hold,100.0,5.911615174677536,0.0020935273532378673,1.0805974854120528,0.0805974854120528,0.002067603593281419,4.753675229733085,0.001175845340812272,-0.02592375995644821,1,2
1689,1.6889999999999248,hold,100.0,5.909499553365315,-0.0021156213122210943,1.0805698321858213,0.08056983218582126,-0.00205913950325346,4.751616090229832,0.0011750854837127148,0.05648180896763435,1,2
1690,1.6899999999999247,hold,100.0,5.911584827095968,0.0020852737306533697,1.080583306787182,0.08058330678718195,0.0020594990886873294,4.75367558931852,0.00117432529301888,-0.025774641966040332,1,2
1691,1.6909999999999246,hold,100.0,5.909477461057917,-0.0021073660380510617,1.080555739881198,0.08055573988119802,-0.0020510583890437574,4.751624530929476,0.0011735681266201357,0.05630764900730429,1,2
1692,1.6919999999999245,hold,100.0,5.911554513581619,0.0020770525237017168,1.0805691394662393,0.08056913946623934,0.0020514263979271455,4.7536759573274034,0.0011728106275561195,-0.02562612577457126,1,2
1693,1.6929999999999243,hold,100.0,5.909455370432557,-0.0020991431490617884,1.080541658549466,0.08054165854946604,-0.002043008992505828,4.751632948334898,0.001172056136745206,0.056134156555960255,1,2
1694,1.6939999999999242,hold,100.0,5.911524234037987,0.002068863605430238,1.0805549834206174,0.0805549834206174,0.0020433853962196565,4.753676333731117,0.0011713013142141727,-0.02547820921058137,1,2
1695,1.6949999999999241,hold,100.0,5.909433281519839,-0.0020909525181478372,1.0805275881633174,0.0805275881633174,-0.002034991189363744,4.751641342541753,0.0011705494840069117,0.05596132878409304,1,2
1696,1.695999999999924,hold,100.0,5.911493988368798,0.0020607068489582048,1.080540838621826,0.08054083862182604,0.0020353759592772335,4.753676718501031,0.0011697973230405515,-0.025330889680971313,1,2
1697,1.696999999999924,hold,100.0,5.90941119434968,-0.0020827940191177063,1.0805135286955756,0.0805135286955756,-0.0020270048558092947,4.751649713645222,0.0011690481385802805,0.0557891633084116,1,2
1698,1.6979999999999238,hold,100.0,5.91146377647811,0.0020525821284298473,1.0805267050415641,0.08052670504156412,0.0020273979632946283,4.753677111608516,0.0011682986243372363,-0.02518416513521901,1,2
1699,1.6989999999999237,hold,100.0,5.909389108952167,-0.0020746675259424308,1.080499480119191,0.08049948011919095,-0.002019049868542895,4.751658061739973,0.001167552070893152,0.05561765739953584,1,2
1700,1.6999999999999236,hold,100.0,5.911433598270124,0.0020444893179565327,1.0805125826515563,0.08051258265155625,0.0020194512849829307,4.753677513024956,0.0011668051886576285,-0.025038032973601944,1,2
1701,1.7009999999999235,hold,100.0,5.909367025357038,-0.0020665729130859845,1.0804854424072234,0.08048544240722344,-0.0020111261047472285,4.751666386920208,0.0011660612516234496,0.05544680833875597,1,2
1702,1.7019999999999234,hold,100.0,5.911403453649965,0.0020364282929268285,1.0804984714237356,0.08049847142373556,0.0020115358015238296,4.753677922721732,0.001165316986803726,-0.024892491402998904,1,2
1703,1.7029999999999232,hold,100.0,5.909344943594034,-0.002058510055930718,1.080471415532894,0.08047141553289405,-0.0020032334420748603,4.751674689279657,0.001164575651696147,0.055276613855857575,1,2
1704,1.7039999999999231,hold,100.0,5.9113733425220865,0.0020283989280525105,1.0804843713301244,0.08048437133012443,0.0020036513905465512,4.753678340670203,0.001163833989823139,-0.024747537505959323,1,2
1705,1.704999999999923,hold,100.0,5.909322863692488,-0.0020504788295987453,1.0804573994695013,0.08045739946950126,-0.001995371758630767,4.751682968911572,0.0011630952422805388,0.05510707096797844,1,2
1706,1.705999999999923,hold,100.0,5.911343264792133,0.002020401099644964,1.080470282342922,0.08047028234292197,0.001995797930194403,4.753678766841767,0.0011623561690063595,-0.024603169450561,1,2
1707,1.7069999999999228,hold,100.0,5.909300785681722,-0.0020424791104103335,1.0804433941904756,0.08044339419047564,-0.001987540933047802,4.751691225908719,0.0011616199947872229,0.05493817736253138,1,2
1708,1.7079999999999227,hold,100.0,5.911313220365558,0.0020124346838352736,1.080456204434333,0.0804562044343331,0.0019879752990874834,4.753679201207807,0.001160883495883874,-0.024459384747790164,1,2
1709,1.7089999999999226,hold,100.0,5.909278709590804,-0.002034510774753251,1.0804293996693566,0.08042939966935658,-0.001979740844400291,4.751699460363406,0.0011601498808656108,0.05476993035296012,1,2
1710,1.7099999999999225,hold,100.0,5.9112832091483405,0.0020044995575361213,1.0804421375768305,0.0804421375768305,0.001980183376312598,4.753679643739719,0.0011594159422234893,-0.024316181223523088,1,2
1711,1.7109999999999224,hold,100.0,5.9092566354487674,-0.002026573699573042,1.0804154158798356,0.08041541587983558,-0.001971971372245464,4.751707672367474,0.001158684872400881,0.054602327327578186,1,2
1712,1.7119999999999223,hold,100.0,5.911253231046729,0.0019965955979612815,1.0804280817428875,0.08042808174288751,0.0019724220414314556,4.753680094408906,0.0011579534800274785,-0.02417355652982586,1,2
1713,1.7129999999999221,hold,100.0,5.909234563284134,-0.002018667762595072,1.0804014427956963,0.08040144279569628,-0.001964232396600485,4.751715862012305,0.0011572249415115249,0.054435365994587315,1,2
1714,1.713999999999922,hold,100.0,5.911223285967194,0.0019887226830599403,1.0804140369052126,0.08041403690521265,0.0019646911744790625,4.7536805531867845,0.001156496081530088,-0.02403150858087781,1,2
1715,1.714999999999922,hold,100.0,5.909212493125736,-0.002010792841457665,1.0803874803908315,0.08038748039083154,-0.001956523797971713,4.7517240293888126,0.0011557700605464851,0.05426904348595184,1,2
1716,1.7159999999999218,hold,100.0,5.91119337381666,0.0019808806909242804,1.0804000030365288,0.08040000303652883,0.00195699065596985,4.753681020044782,0.001155043719194788,-0.023890034954430345,1,2
1717,1.7169999999999217,hold,100.0,5.909190425001956,-0.0020029488147041974,1.0803735286392593,0.08037352863925928,-0.001948845457326419,4.751732174587456,0.0011543202020828018,0.05410335737777842,1,2
1718,1.7179999999999216,hold,100.0,5.911163494502225,0.001973069500269098,1.0803859801097302,0.08038598010973019,0.0019493203668792265,4.753681494954336,0.0011535963657116532,-0.023749133389871405,1,2
1719,1.7189999999999215,hold,100.0,5.909168358940739,-0.0019951355614864497,1.0803595875151177,0.08035958751511774,-0.0019411972560828361,4.751740297698253,0.0011528753389226441,0.053938305403613544,1,2
1720,1.7199999999999214,hold,100.0,5.911133647931447,0.001965288990708025,1.080371968097841,0.08037196809784097,0.0019416801886335726,4.753681977886886,0.0011521539939947552,-0.023608802074452477,1,2
1721,1.7209999999999213,hold,100.0,5.909146294970671,-0.001987352960775901,1.0803456569926557,0.08034565699265572,-0.0019335790761263317,4.7517483988107605,0.001151435444091079,0.05377388464956932,1,2
1722,1.7219999999999211,hold,100.0,5.911103834012014,0.0019575390413431037,1.0803579669739676,0.08035796697396758,0.001934070003157737,4.753682468813918,0.0011507165771797768,-0.02346903818536668,1,2
1723,1.722999999999921,hold,100.0,5.9091242331192,-0.001979600892814126,1.0803317370462433,0.0803317370462433,-0.0019259907998398407,4.751756478014078,0.001150000490833431,0.053610092974285546,1,2
1724,1.723999999999921,hold,100.0,5.911074052651958,0.0019498195327578571,1.0803439767113638,0.08034397671136384,0.0019264896928261924,4.753682967706904,0.001149284088621329,-0.023329839931664684,1,2
1725,1.7249999999999208,hold,100.0,5.909102173414195,-0.0019718792377627636,1.0803178276503145,0.08031782765031448,-0.0019184323100181644,4.7517645353968865,0.0011485704526127388,0.05344692774459921,1,2
1726,1.7259999999999207,hold,100.0,5.911044303759706,0.0019421303455109395,1.0803299972833798,0.08032999728337975,0.0019189391404594847,4.753683474537346,0.0011478565018905585,-0.02319120505145486,1,2
1727,1.7269999999999206,hold,100.0,5.909080115883389,-0.001964187876316359,1.0803039287795115,0.08030392877951154,-0.0019109034899328717,4.751772571047413,0.0011471453031073788,0.05328438638348729,1,2
1728,1.7279999999999205,hold,100.0,5.911014587243973,0.0019344713605837782,1.080316028663519,0.08031602866351895,0.001911418229343765,4.753683989276756,0.001146433790772806,-0.023053131240013305,1,2
1729,1.7289999999999204,hold,100.0,5.909058060554172,-0.0019565266898009526,1.0802900404084854,0.08029004040848542,-0.0019034042233168806,4.75178058505344,0.0011457250162087084,0.05312246648407192,1,2
1730,1.7299999999999203,hold,100.0,5.910984903013776,0.001926842459603506,1.080302070825333,0.08030207082533303,0.0019039268432463315,4.753684511896686,0.0011450159292650296,-0.02291561635717459,1,2
1731,1.7309999999999202,hold,100.0,5.909036007453563,-0.0019488955602131597,1.0802761625120514,0.08027616251205139,-0.0018959343943698154,4.751788577502316,0.0011443095660184533,0.05296116584334429,1,2
1732,1.73199999999992,hold,100.0,5.910955250978188,0.001919243524625358,1.0802881237425648,0.08028812374256478,0.0018964648663716602,4.753685042368687,0.0011436028915735924,-0.02277865825369785,1,2
1733,1.73299999999992,hold,100.0,5.909013956608808,-0.0019412943693799534,1.0802622950651297,0.08026229506512972,-0.0018884938877169685,4.7517965484809706,0.001142898926846662,0.05280048166298487,1,2
1734,1.7339999999999198,hold,100.0,5.9109256310470295,0.001911674438221489,1.0802741873890107,0.08027418738901071,0.001889032183368083,4.753685580664339,0.001142194652111781,-0.022642254853405975,1,2
1735,1.7349999999999197,hold,100.0,5.908991908046887,-0.0019337230001426065,1.0802484380427588,0.08024843804275883,-0.00188108258844991,4.751804498075889,0.001141493073209137,0.05264041169269649,1,2
1736,1.7359999999999196,hold,100.0,5.910896043130027,0.0019041350831399129,1.080260261738605,0.08026026173860501,0.001881628679363664,4.753686126755253,0.0011407911854976584,-0.02250640377624881,1,2
1737,1.7369999999999195,hold,100.0,5.908969861794574,-0.001926181335452526,1.0802345914200489,0.08023459142004885,-0.001873700382115618,4.751812426373137,0.001140091979825206,0.052480953336907825,1,2
1738,1.7379999999999194,hold,100.0,5.910866487137497,0.0018966253429226754,1.0802463467654198,0.08024634676541975,0.00187425423991476,4.753686680613051,0.0011393924665515978,-0.022371103007915328,1,2
1739,1.7389999999999193,hold,100.0,5.908947817878295,-0.0019186692592016996,1.0802207551722445,0.08022075517224447,-0.0018663471546983515,4.751820333458353,0.0011386956216155686,0.05232210450334808,1,2
1740,1.7399999999999192,hold,100.0,5.910836962979787,0.0018891451014919625,1.080232442443562,0.08023244244356209,0.0018669087510328431,4.753687242209386,0.0011379984702942624,-0.02223635045911932,1,2
1741,1.740999999999919,hold,100.0,5.9089257763246845,-0.0019111866551027035,1.080206929274716,0.08020692927471607,-0.0018590227926242302,4.751828219416762,0.0011373039736999643,0.052163862478473225,1,2
1742,1.741999999999919,hold,100.0,5.910807470567717,0.001881694243032861,1.0802185487473537,0.08021854874735368,0.001859592099177844,4.75368781151594,0.0011366091719441918,-0.022102143855016847,1,2
1743,1.7429999999999188,hold,100.0,5.908903737159958,-0.0019037334077589563,1.0801931137028902,0.08019311370289017,-0.001851727182778718,4.751836084333161,0.0011359170113949457,0.05200622498023827,1,2
1744,1.7439999999999187,hold,100.0,5.910778009812393,0.001874272652434783,1.080204665651125,0.08020466565112505,0.001852304171253631,4.753688388504415,0.0011352245469157809,-0.02196848118115203,1,2
1745,1.7449999999999186,hold,100.0,5.908881700410317,-0.0018963094020758575,1.080179308432328,0.0801793084323279,-0.0018444602124762703,4.7518439282919385,0.001134534710211853,0.051849189599587196,1,2
1746,1.7459999999999185,hold,100.0,5.910748580625264,0.0018668802149468533,1.0801907931294026,0.08019079312940258,0.001845044854604513,4.753688973146543,0.0011338445708169557,-0.02183536034234038,1,2
1747,1.7469999999999184,hold,100.0,5.908859666101739,-0.0018889145235254645,1.0801655134387191,0.08016551343871914,-0.0018372217694779256,4.751851751377066,0.001133157045854513,0.05169275404753892,1,2
1748,1.7479999999999183,hold,100.0,5.910719182917877,0.0018595168161379405,1.0801769311567582,0.08017693115675817,0.0018378140370243904,4.75368956541409,0.0011324692194472049,-0.021702779113550112,1,2
1749,1.7489999999999182,hold,100.0,5.908837634260082,-0.0018815486577947738,1.080151728697792,0.08015172869779197,-0.0018300117419837861,4.751859553672107,0.0011317839942172514,0.05153691581098762,1,2
1750,1.749999999999918,hold,100.0,5.910689816602286,0.0018521823422039674,1.0801630797078856,0.08016307970788561,0.0018306116067426067,4.75369016527885,0.0011310984687954312,-0.0215707354613607,1,2
1751,1.750999999999918,hold,100.0,5.908815604910966,-0.0018742116913195161,1.0801379541854377,0.08013795418543768,-0.001822830018632075,4.751867335260218,0.0011304155313827291,0.051381672687441204,1,2
1752,1.7519999999999178,hold,100.0,5.910660481590661,0.0018448766796943517,1.0801492387576273,0.08014923875762725,0.0018234374524245657,4.753690772712642,0.0011297322950378082,-0.02143922726978594,1,2
1753,1.7529999999999177,hold,100.0,5.908793578079925,-0.001866903510736151,1.080124189877634,0.08012418987763392,-0.0018156764885058144,4.751875096224136,0.001129051633619898,0.05122702223033654,1,2
1754,1.7539999999999176,hold,100.0,5.910631177795523,0.0018375997155981594,1.0801354082808903,0.08013540828089027,0.001816291463190684,4.753691387687327,0.0011283706745358378,-0.021308252407475393,1,2
1755,1.7549999999999175,hold,100.0,5.9087715537923255,-0.001859624003197169,1.0801104357504403,0.0801104357504403,-0.0018085510411050597,4.751882836646222,0.0011276922773820594,0.0510729620921092,1,2
1756,1.7559999999999174,hold,100.0,5.910601905129849,0.001830351337523517,1.0801215882526873,0.08012158825268734,0.0018091735285669672,4.753692010174789,0.0011270135838343076,-0.021177808956549794,1,2
1757,1.7569999999999173,hold,100.0,5.908749532073511,-0.0018523730563382301,1.0800966917800572,0.08009669178005718,-0.001801453566373847,4.751890556608415,0.0011263374393046895,0.05091948996438305,1,2
1758,1.7579999999999172,hold,100.0,5.910572663506647,0.0018231314331362825,1.0801077786481577,0.08010777864815766,0.0018020835385357291,4.753692640146951,0.0011256609996592672,-0.021047894600553306,1,2
1759,1.758999999999917,hold,100.0,5.908727512948348,-0.0018451505582994798,1.0800829579427367,0.08008295794273668,-0.0017943839546776853,4.7518982561922725,0.0011249870962036785,0.050766603621794526,1,2
1760,1.759999999999917,hold,100.0,5.910543452839324,0.0018159398909762814,1.0800939794425357,0.08009397944253571,0.0017950213834842007,4.753693277575756,0.00112431289891611,-0.02091850749208067,1,2
1761,1.7609999999999169,hold,100.0,5.908705496441993,-0.0018379563973311974,1.0800692342148783,0.08006923421487833,-0.001787342096806272,4.75190593547895,0.0011236412250731976,0.050614300524925514,1,2
1762,1.7619999999999167,hold,100.0,5.910514273041867,0.0018087765998746619,1.0800801906111552,0.08008019061115523,0.0017879869542654619,4.753693922433215,0.0011229692586876019,-0.020789645609200005,1,2
1763,1.7629999999999166,hold,100.0,5.9086834825792,-0.001830790462667764,1.0800555205729399,0.08005552057293985,-0.0017803278840049079,4.751913594549211,0.0011222998030839136,0.05046257866285616,1,2
1764,1.7639999999999165,hold,100.0,5.910485124027879,0.0018016414486794474,1.0800664121294568,0.08006641212945675,0.0017809801421277138,4.753694574691338,0.0011216300562320515,-0.020661306551733594,1,2
1765,1.7649999999999164,hold,100.0,5.9086614713843835,-0.001823652643495599,1.08004181699352,0.08004181699351998,-0.0017733412079221956,4.751921233483416,0.0011209628075809716,0.05031143557340345,1,2
1766,1.7659999999999163,hold,100.0,5.910456005711802,0.0017945343274181624,1.0800526439729878,0.08005264397298784,0.0017740008387854352,4.753695234322201,0.0011202952689812744,-0.02053348863272726,1,2
1767,1.7669999999999162,hold,100.0,5.908639462882284,-0.001816542829518042,1.0800281234532578,0.08002812345325783,-0.0017663819606340543,4.7519288523615675,0.0011196302160822438,0.050160868883987596,1,2
1768,1.767999999999916,hold,100.0,5.910426918008413,0.0017874551261289895,1.0800388861173942,0.08003888611739418,0.001767048936324937,4.753695901297893,0.0011189648745389019,-0.020406189804052406,1,2
1769,1.768999999999916,hold,100.0,5.908617457097109,-0.0018094609113035176,1.0800144399289537,0.08001443992895374,-0.0017594500346325794,4.75193645126326,0.0011183020062763302,0.05001087667093817,1,2
1770,1.7699999999999159,hold,100.0,5.910397860832269,0.0017804037351600854,1.0800251385384345,0.08002513853843451,0.0017601243273006621,4.753696575590561,0.0011176388506784264,-0.020279407859423317,1,2
1771,1.7709999999999158,hold,100.0,5.90859545405312,-0.0018024067791495568,1.0800007663974747,0.08000076639747467,-0.0017525453228473692,4.751944030267714,0.0011169781560209497,0.04986145630218766,1,2
1772,1.7719999999999156,hold,100.0,5.910368834098644,0.0017733800455248527,1.0800114012119393,0.08001140121193928,0.001753226904665638,4.753697257172379,0.001116317175341442,-0.020153140859214668,1,2
1773,1.7729999999999155,hold,100.0,5.908573453774395,-0.0017953803242498623,1.0799871028357784,0.07998710283577837,-0.0017456677186099083,4.751951589453769,0.0011156586433409112,0.049712605639953916,1,2
1774,1.7739999999999154,hold,100.0,5.910339837722944,0.0017663839485493327,1.0799976741138668,0.07999767411386682,0.0017463565617956015,4.753697946015565,0.0011149998266358511,-0.02002738675373119,1,2
1775,1.7749999999999153,hold,100.0,5.90855145628487,-0.001788381438073472,1.0799734492209265,0.07997344922092653,-0.001738817115681633,4.751959128899884,0.0011143434464264876,0.04956432239183891,1,2
1776,1.7759999999999152,hold,100.0,5.910310871620961,0.0017594153360906972,1.0799839572202694,0.07998395722026941,0.0017395131924965003,4.75369864209238,0.001113686782834054,-0.01990214359419689,1,2
1777,1.776999999999915,hold,100.0,5.9085294616081905,-0.0017814100127706567,1.0799598055300694,0.07995980553006943,-0.001731993408234957,4.751966648684145,0.0011130325436316064,0.04941660453569975,1,2
1778,1.777999999999915,hold,100.0,5.910281935708608,0.001752474100417345,1.0799702505072852,0.07997025050728523,0.0017326966909718975,4.753699345375117,0.0011123780223713452,-0.0197774094454475,1,2
1779,1.7789999999999149,hold,100.0,5.908507469768089,-0.001774465940519221,1.0799461717404566,0.0799461717404566,-0.0017251964908452267,4.751974148884272,0.0011117259134721788,0.04926944967399423,1,2
1780,1.7799999999999148,hold,100.0,5.9102530299022185,0.0017455601341298532,1.079956553951172,0.07995655395117196,0.0017259069518503522,4.753700055836122,0.001111073523844028,-0.019653182279501073,1,2
1781,1.7809999999999147,hold,100.0,5.908485480788112,-0.0017675491141062594,1.0799325478294535,0.07993254782945347,-0.0017184262585261915,4.751981629577595,0.001110423534624286,0.04912285558006792,1,2
1782,1.7819999999999145,hold,100.0,5.910224154118245,0.0017386733301325563,1.0799428675282752,0.07994286752827517,0.001719143870180411,4.753700773447775,0.001109773266007785,-0.019529459952145282,1,2
1783,1.7829999999999144,hold,100.0,5.90846349469157,-0.0017606594266750264,1.079918933774476,0.0799189337744759,-0.0017116826066774463,4.751989090841098,0.001109125385922552,0.04897681999758009,1,2
1784,1.7839999999999143,hold,100.0,5.9101953082736784,0.001731813582108721,1.0799291912150266,0.07992919121502662,0.0017124073414134181,4.753701498182512,0.0011084772277760117,-0.019406240695302904,1,2
1785,1.7849999999999142,hold,100.0,5.908441511501541,-0.0017537967721370507,1.0799053295530563,0.07990532955305629,-0.0017049654311312805,4.75199653275138,0.0011078314463585533,0.04883134100577011,1,2
1786,1.785999999999914,hold,100.0,5.9101664922855335,0.0017249807839920805,1.0799155249879464,0.0799155249879464,0.001705697261416059,4.753702230012796,0.0011071853882182283,-0.019283522576021447,1,2
1787,1.786999999999914,hold,100.0,5.908419531241255,-0.0017469610442786276,1.0798917351428468,0.07989173514284675,-0.0016982746281003216,4.752003955384696,0.0011065416950790138,0.048686416178306054,1,2
1788,1.7879999999999139,hold,100.0,5.9101377060712315,0.0017181748299766042,1.0799018688237092,0.0799018688237092,0.001699013526448135,4.753702968911144,0.0011058977265582957,-0.019161303528469245,1,2
1789,1.7889999999999138,hold,100.0,5.9083975539336935,-0.0017401521375379758,1.07987815052151,0.07987815052151004,-0.0016916100942234076,4.752011358816921,0.0011052561113843238,0.04854204331456824,1,2
1790,1.7899999999999137,hold,100.0,5.91010894954842,0.0017113956147261078,1.0798882226990336,0.07988822269903362,0.0016923560331997558,4.75370371485012,0.0011046142221729032,-0.01903958152635202,1,2
1791,1.7909999999999136,hold,100.0,5.9083755796016195,-0.0017333699468000674,1.079864575666896,0.07986457566689609,-0.0016849717265460934,4.752018743123574,0.0011039746747269652,0.04839822025397397,1,2
1792,1.7919999999999134,hold,100.0,5.910080222634974,0.0017046430333547136,1.0798745865907173,0.07987458659071733,0.0016857246787551283,4.753704467802329,0.0011033348545900373,-0.0189183545995853,1,2
1793,1.7929999999999133,hold,100.0,5.9083536082676655,-0.0017266143673086987,1.0798510105568846,0.0798510105568846,-0.001678359422505667,4.752026108379823,0.0011026973647097003,0.04825494480303156,1,2
1794,1.7939999999999132,hold,100.0,5.9100515252494645,0.001697916981798997,1.079860960475705,0.07986096047570501,0.0016791193605975865,4.75370522774042,0.0011020596034872518,-0.01879762120141049,1,2
1795,1.794999999999913,hold,100.0,5.90833163995434,-0.00171988529512479,1.0798374551694725,0.0798374551694725,-0.001671773079939021,4.752033454660482,0.0011014241610843112,0.04811221518576905,1,2
1796,1.795999999999913,hold,100.0,5.910022857309949,0.0016912173556091759,1.0798473443309895,0.0798473443309895,0.0016725399766216427,4.753705994637103,0.0011007884486902684,-0.018677378987533126,1,2
1797,1.796999999999913,hold,100.0,5.908309674684215,-0.0017131826257337224,1.079823909482717,0.07982390948271689,-0.0016652125971029753,4.752040782040001,0.0011001550437498707,0.04797002863074712,1,2
1798,1.7979999999999128,hold,100.0,5.909994218735456,0.0016845440512405219,1.0798337381336962,0.07983373813369621,0.001665986425118107,4.753706768465119,0.001099521370171383,-0.018557626122414975,1,2
1799,1.7989999999999127,hold,100.0,5.908287712479342,-0.0017065062561139044,1.0798103734747921,0.07981037347479214,-0.0016586778726259712,4.752048090592493,0.001098889992751237,0.047828383487933224,1,2
1800,1.7999999999999126,hold,100.0,5.909965609445053,0.0016778969657114118,1.0798201418610234,0.07982014186102337,0.0016594586047732082,4.753707549197266,0.0010982583480479426,-0.018438360938203547,1,2
1801,1.8009999999999124,hold,100.0,5.908265753362007,-0.0016998560830465692,1.079796847123942,0.07979684712394208,-0.0016521688055625523,4.752055380391703,0.0010976289882776641,0.04768727748401692,1,2
1802,1.8019999999999123,hold,100.0,5.909937029357894,0.0016712759958874557,1.0798065554902392,0.07980655549023918,0.0016529564146831996,4.753708336806387,0.0010969993625808867,-0.018319581204256093,1,2
1803,1.8029999999999122,hold,100.0,5.908243797354192,-0.0016932320037019721,1.079783330408529,0.07978333040852892,-0.0016456852953281335,4.752062651511059,0.0010963720106612785,0.04754670837383863,1,2
1804,1.8039999999999121,hold,100.0,5.909908478393704,0.001664681039511784,1.0797929789987457,0.07979297899874571,0.0016464797543103496,4.753709131265369,0.0010957443941732674,-0.018201285201434325,1,2
1805,1.804999999999912,hold,100.0,5.908221844477748,-0.001686633915955582,1.0797698233069537,0.0797698233069537,-0.0016392272417502403,4.752069904023619,0.001095119040375454,0.04740667420534178,1,2
1806,1.805999999999912,hold,100.0,5.9098799564722375,0.0016581119944891753,1.079779412364,0.0797794123640001,0.0016400285235462113,4.7537099325471655,0.0010944934233688027,-0.018083470942963996,1,2
1807,1.8069999999999118,hold,100.0,5.908199894754487,-0.0016800617177503696,1.079756325797765,0.07975632579776493,-0.0016327945450564038,4.752077138002109,0.0010938700580336359,0.047267172693965825,1,2
1808,1.8079999999999117,hold,100.0,5.909851463513769,0.0016515687592821848,1.0797658555635765,0.07976585556357652,0.0016336026226507281,4.75371074062476,0.0010932464308503961,-0.0179661366314567,1,2
1809,1.8089999999999116,hold,100.0,5.908177948205931,-0.0016735153078384357,1.0797428378595233,0.0797428378595233,-0.001626387105850861,4.752084353518908,0.001092625044387729,0.04712820198757468,1,2
1810,1.8099999999999115,hold,100.0,5.90982299943866,0.0016450512327290667,1.079752308575141,0.07975230857514104,0.001627201952299098,4.753711555471208,0.0010920033974388375,-0.017849280429968646,1,2
1811,1.8109999999999113,hold,100.0,5.908156004853734,-0.0016669945849256962,1.0797293594709698,0.07972935947096982,-0.0016200048251431782,4.752091550646065,0.0010913839803267133,0.046989759782518035,1,2
1812,1.8119999999999112,hold,100.0,5.909794564167492,0.0016385593137577814,1.0797387713763966,0.07973877137639662,0.0016208264135253198,4.75371237705959,0.0010907643040912658,-0.017732900232461612,1,2
1813,1.8129999999999111,hold,100.0,5.90813406471898,-0.0016604994485120983,1.0797158906108222,0.07971589061082218,-0.0016136476042952056,4.7520987294552945,0.0010901468468754011,0.04685184421689267,1,2
1814,1.813999999999911,hold,100.0,5.909766157621331,0.0016320929023514452,1.079725243945216,0.07972524394521607,0.0016144759077676909,4.753713205363062,0.0010895291318998726,-0.017616994583754358,1,2
1815,1.814999999999911,hold,100.0,5.908112127823179,-0.0016540297981526564,1.0797024312579513,0.07970243125795129,-0.001607315345104898,4.752105890017957,0.0010889136251928202,0.04671445304775838,1,2
1816,1.8159999999999108,hold,100.0,5.909737779721208,0.0016256518980295454,1.0797117262594964,0.07971172625949641,0.001608150336865913,4.753714040354823,0.0010882978620904843,-0.017501561163632332,1,2
1817,1.8169999999999107,hold,100.0,5.908090194187256,-0.0016475855339521672,1.079688981391309,0.07968898139130909,-0.0016010079497194856,4.752113032405104,0.0010876842965711116,0.046577584232681664,1,2
1818,1.8179999999999106,hold,100.0,5.9097094303888404,0.0016192362015843287,1.0796982182972603,0.07969821829726031,0.0016018496030240016,4.753714882008128,0.0010870704760213726,-0.01738659856032705,1,2
1819,1.8189999999999105,hold,100.0,5.908068263832284,-0.0016411665565563283,1.0796755409899281,0.07967554098992813,-0.0015947253206902807,4.752120156687438,0.001086458842433961,0.046441235866047544,1,2
1820,1.8199999999999104,hold,100.0,5.909681109545765,0.0016128457134811924,1.079684720036583,0.07968472003658289,0.0015955736088449151,4.753715730296283,0.0010858469551816346,-0.017272104636277322,1,2
1821,1.8209999999999102,hold,100.0,5.908046336779143,-0.0016347727666223832,1.0796621100329136,0.07966211003291357,-0.0015884673609378914,4.752127262935344,0.0010852372443355305,0.04630540568449182,1,2
1822,1.8219999999999101,hold,100.0,5.909652817114065,0.0016064803349218337,1.079671231455657,0.07967123145565691,0.0015893222572948033,4.753716585192639,0.0010846272811901503,-0.01715807762703043,1,2
1823,1.82299999999991,hold,100.0,5.90802441304848,-0.001628404065584732,1.0796486884994259,0.07964868849942586,-0.0015822339737576313,4.752134351218881,0.0010840194839588837,0.04617009182710072,1,2
1824,1.82399999999991,hold,100.0,5.909624553016039,0.0016001399675591443,1.079657752532755,0.07965775253275509,0.001583095451732834,4.753717446670614,0.001083411435794216,-0.017044515826310398,1,2
1825,1.8249999999999098,hold,100.0,5.908002492661026,-0.0016220603550127777,1.0796352763687718,0.07963527636877177,-0.001576025062833674,4.752141421607781,0.0010828055431149487,0.046035292179103654,1,2
1826,1.8259999999999097,hold,100.0,5.909596317173926,0.0015938245128994666,1.07964428324621,0.07964428324621009,0.0015768930958924468,4.753718314703673,0.0010821994008681718,-0.01693141700701982,1,2
1827,1.8269999999999096,hold,100.0,5.907980575637125,-0.0016157415368009964,1.0796218736202967,0.07962187362029671,-0.001569840532223923,4.752148474171449,0.001081595403741015,0.04590100457707341,1,2
1828,1.8279999999999095,hold,100.0,5.909568109510891,0.0015875338737663114,1.079630823574488,0.07963082357448803,0.0015707150938912469,4.75371918926534,0.0010809911584122316,-0.016818779875064523,1,2
1829,1.8289999999999094,hold,100.0,5.907958661997331,-0.0016094475135597364,1.0796084802334394,0.07960848023343936,-0.001563680286367921,4.752155508978972,0.0010803890478997145,0.04576722719181543,1,2
1830,1.8299999999999093,hold,100.0,5.909539929949863,0.001581267952531995,1.079617373496093,0.07961737349609299,0.001564561350215983,4.753720070329188,0.001079786690551227,-0.016706602316011964,1,2
1831,1.8309999999999091,hold,100.0,5.907936751761685,-0.0016031781881782337,1.0795950961876957,0.07959509618769567,-0.0015575442300674641,4.752162526099121,0.0010791864577775773,0.04563395811076954,1,2
1832,1.831999999999909,hold,100.0,5.909511778414075,0.0015750266523895107,1.079603932989637,0.07960393298963697,0.0015584317697348536,4.753720957868856,0.0010785859795333656,-0.01659488265465703,1,2
1833,1.832999999999909,hold,100.0,5.907914844950462,-0.0015969334636123378,1.0795817214627002,0.07958172146270015,-0.0015514322685135449,4.752169525600342,0.0010779876156839308,0.0455011950987929,1,2
1834,1.8339999999999088,hold,100.0,5.909483654827223,0.0015688098767610015,1.0795905020338104,0.07959050203381035,0.001552326257685656,4.753721851858028,0.0010773890077289195,-0.016483619075345537,1,2
1835,1.8349999999999087,hold,100.0,5.9078929415835,-0.001590713243722952,1.0795683560380935,0.07956835603809354,-0.001545344307250947,4.752176507550777,0.0010767925040496523,0.04536893647200503,1,2
1836,1.8359999999999086,hold,100.0,5.909455559112923,0.0015626175294229938,1.0795770806074036,0.07957708060740365,0.0015462447196705118,4.7537227522704475,0.0010761957576292487,-0.016372809752482037,1,2
1837,1.8369999999999085,hold,100.0,5.907871041680892,-0.0015845174320316957,1.0795549998936467,0.07955499989364667,-0.0015392802522088474,4.752183472018238,0.001075601105425971,0.04523717982284829,1,2
1838,1.8379999999999084,hold,100.0,5.909427491195395,0.0015564495145028445,1.0795636686892514,0.07956366868925135,0.0015401870616843331,4.753723659079923,0.0010750062118453836,-0.01626245281851138,1,2
1839,1.8389999999999083,hold,100.0,5.907849145262222,-0.0015783459331721872,1.0795416530092024,0.07954165300920235,-0.0015332400096787035,4.752190419070244,0.0010744134024832726,0.04510592349348365,1,2
1840,1.8399999999999082,hold,100.0,5.909399450999029,0.0015503057368064788,1.0795502662583187,0.07955026625831874,0.0015341531900653772,4.753724572260309,0.0010738203531069847,-0.016152546741101573,1,2
1841,1.840999999999908,hold,100.0,5.907827252347168,-0.0015721986518606457,1.0795283153646555,0.07952831536465554,-0.001527223486319344,4.75219734877399,0.0010732293780100343,0.04497516554130163,1,2
1842,1.841999999999908,hold,100.0,5.909371438448322,0.0015441861011540325,1.0795368732936075,0.07953687329360748,0.0015281430115290733,4.753725491785519,0.0010726381642611593,-0.016043089624959237,1,2
1843,1.8429999999999078,hold,100.0,5.907805362955342,-0.0015660754929802678,1.0795149869400122,0.07951498694001224,-0.0015212305891454977,4.752204261196374,0.0010720490149114974,0.04484490383477009,1,2
1844,1.8439999999999077,hold,100.0,5.909343453468166,0.001538090512823942,1.0795234897742254,0.07952348977422541,0.001522156433161892,4.753726417629536,0.0010714596282712673,-0.01593407966204996,1,2
1845,1.8449999999999076,hold,100.0,5.9077834771060385,-0.0015599763621274576,1.0795016677153535,0.0795016677153535,-0.0015152612255633392,4.752211156403972,0.0010708722962086796,0.04471513656411838,1,2
1846,1.8459999999999075,hold,100.0,5.909315495983757,0.0015320188777181443,1.0795101156793598,0.07951011567935984,0.0015161933624063828,4.753727349766379,0.0010702847282158547,-0.015825515311761486,1,2
1847,1.8469999999999074,hold,100.0,5.907761594818676,-0.0015539011650806955,1.0794883576707974,0.07948835767079743,-0.0015093153033009861,4.752218034463078,0.001069699205037227,0.04458586177970942,1,2
1848,1.8479999999999073,hold,100.0,5.909287565920162,0.0015259711014863342,1.0794967509882707,0.07949675098827069,0.001510253707072488,4.753728288170151,0.0010691134472875516,-0.015717394413846144,1,2
1849,1.8489999999999072,hold,100.0,5.907739716112353,-0.0015478498078094205,1.0794750567865792,0.07947505678657918,-0.0015033927304957122,4.752224895439655,0.001068529724646278,0.0444570773137083,1,2
1850,1.849999999999907,hold,100.0,5.9092596632032315,0.0015199470908786594,1.079483395680309,0.07948339568030893,0.001504337375338974,4.753729232814994,0.001067945768791903,-0.015609715539685425,1,2
1851,1.850999999999907,hold,100.0,5.907717841006118,-0.0015418221971135182,1.079461765042987,0.07946176504298696,-0.0014974934156065662,4.752231739399387,0.0010673638383973357,0.04432878150695198,1,2
1852,1.8519999999999068,hold,100.0,5.909231787758859,0.001513946752741191,1.0794700497348904,0.07947004973489036,0.0014984442757341265,4.753730183675121,0.0010667816761462847,-0.01550247700706441,1,2
1853,1.8529999999999067,hold,100.0,5.907695969518981,-0.0015358182398781395,1.0794484824204236,0.07944848242042357,-0.001491617267471081,4.75223856640765,0.001066201529763242,0.0442009724070584,1,2
1854,1.8539999999999066,hold,100.0,5.909203939512989,0.0015079699940079294,1.0794567131315382,0.07945671313153824,0.0014925743171455253,4.7537311407247955,0.0010656211528789865,-0.015395676862404095,1,2
1855,1.8549999999999065,hold,100.0,5.907674101669675,-0.0015298378433135085,1.0794352088993115,0.07943520889931155,-0.001485764195274786,4.752245376529521,0.0010650427823271449,0.04407364803872245,1,2
1856,1.8559999999999064,hold,100.0,5.909176118392145,0.0015020167224699676,1.0794433858498045,0.07944338584980448,0.0014867274088269339,4.753732103938348,0.001064464182627867,-0.015289313643033781,1,2
1857,1.8569999999999063,hold,100.0,5.907652237477015,-0.001523880915130782,1.0794219444602027,0.07942194446020268,-0.0014799341085613873,4.752252169829787,0.0010638875797813587,0.043946806569394606,1,2
1858,1.8579999999999062,hold,100.0,5.9091483243227625,0.0014960868457478682,1.0794300678693753,0.07943006786937534,0.001480903460373455,4.75373307329016,0.001063310749139544,-0.015183385374413147,1,2
1859,1.858999999999906,hold,100.0,5.907630376959598,-0.0015179473631645735,1.0794086890836614,0.07940868908366139,-0.0014741269172223817,4.752258946372938,0.0010627359059263003,0.04382044594219178,1,2
1860,1.859999999999906,hold,100.0,5.909120557231783,0.001490180272185171,1.079416759169985,0.07941675916998503,0.0014751023817432911,4.753734048754681,0.0010621608362682662,-0.015077890441879795,1,2
1861,1.8609999999999058,hold,100.0,5.90760852013584,-0.001512037095943164,1.0793954427503794,0.07939544275037935,-0.0014683425315142353,4.752265706223167,0.0010615877446696162,0.04369456442892866,1,2
1862,1.8619999999999057,hold,100.0,5.909092817046393,0.0014842969105535175,1.079403459731426,0.07940345973142593,0.001469324083257608,4.753735030306424,0.0010610144279749314,-0.014972827295909544,1,2
1863,1.8629999999999056,hold,100.0,5.907586667024188,-0.0015061500222053326,1.079382205441116,0.07938220544111596,-0.001462580862057316,4.752272449444367,0.0010604430800250232,0.04356916014801662,1,2
1864,1.8639999999999055,hold,100.0,5.9090651036938215,0.0014784366696334317,1.0793901695336237,0.07939016953362366,0.0014635684755929732,4.75373601791996,0.0010598715083259683,-0.014868194040458527,1,2
1865,1.8649999999999054,hold,100.0,5.907564817642896,-0.0015002860509252258,1.0793689771366775,0.07936897713667745,-0.0014568418197922594,4.752279176100167,0.0010593018961113142,0.0434442311329664,1,2
1866,1.8659999999999053,hold,100.0,5.909037417101733,0.0014725994588369318,1.0793768885565245,0.07937688855652447,0.0014578354697398089,4.753737011569907,0.0010587320614925163,-0.014763989097122884,1,2
1867,1.8669999999999052,hold,100.0,5.907542972010012,-0.0014944450917209195,1.0793557578179578,0.07935575781795778,-0.001451125316019521,4.752285886253888,0.0010581641771514824,0.04331977570139851,1,2
1868,1.867999999999905,hold,100.0,5.909009757198018,0.0014667851880059146,1.0793636167801783,0.07936361678017834,0.0014521249770781998,4.753738011230966,0.0010575960717492756,-0.014660210927714854,1,2
1869,1.868999999999905,hold,100.0,5.907521130143922,-0.0014886270540959146,1.0793425474659277,0.07934254746592773,-0.0014454312623953913,4.752292579968571,0.0010570299074715364,0.043195791700523276,1,2
1870,1.8699999999999048,hold,100.0,5.9089821239106275,0.0014609937667051653,1.0793503541847094,0.07935035418470937,0.0014464369093085796,4.753739016877879,0.0010564635234736146,-0.014556857396585791,1,2
1871,1.8709999999999047,hold,100.0,5.907499292062251,-0.0014828318483761649,1.0793293460615956,0.07932934606159558,-0.0014397595709063002,4.752299257306973,0.0010558990714997604,0.043072277469864695,1,2
1872,1.8719999999999046,hold,100.0,5.908954517168056,0.0014552251058050913,1.0793371007503267,0.07933710075032674,0.0014407711785028893,4.753740028485476,0.0010553344011445687,-0.01445392730220203,1,2
1873,1.8729999999999045,hold,100.0,5.907477457782866,-0.0014770593851904934,1.0793161535861273,0.07931615358612731,-0.0014341101539167608,4.752305918331559,0.0010547716537656188,0.04294923127373261,1,2
1874,1.8739999999999044,hold,100.0,5.908926936898646,0.0014494791157799725,1.0793238564572643,0.07932385645726425,0.0014351276970568454,4.753741046028616,0.0010542086893419072,-0.014351418723127039,1,2
1875,1.8749999999999043,hold,100.0,5.9074556273235785,-0.0014713095750673588,1.079302970020662,0.079302970020662,-0.0014284829240839448,4.752312563104533,0.0010536476388988414,0.042826650983414025,1,2
1876,1.8759999999999042,hold,100.0,5.908899383031439,0.0014437557078608165,1.0793106212859027,0.07931062128590272,0.0014295063777146051,4.753742069482247,0.001053086372745291,-0.0142493301462114,1,2
1877,1.876999999999904,hold,100.0,5.9074338007019636,-0.0014655823294758008,1.0792897953464515,0.07928979534645153,-0.0014228777944499482,4.752319191687797,0.0010525270116284486,0.04270453502585258,1,2
1878,1.877999999999904,hold,100.0,5.9088718554953505,0.0014380547933869892,1.0792973952166338,0.07929739521663381,0.0014239071335677962,4.753743098821365,0.0010519674361331086,-0.014147659819192934,1,2
1879,1.8789999999999039,hold,100.0,5.907411977935538,-0.0014598775598129166,1.0792766295448166,0.07927662954481662,-0.0014172946783874078,4.752325804142978,0.0010514097567819053,0.04258288142550874,1,2
1880,1.8799999999999037,hold,100.0,5.908844354219795,0.0014323762842574084,1.079284178229981,0.0792841782299809,0.0014183298780536197,4.753744134021032,0.0010508518643817675,-0.014046406203788685,1,2
1881,1.8809999999999036,hold,100.0,5.9073901590416025,-0.0014541951781925633,1.0792634725971872,0.07926347259718725,-0.001411733489584268,4.752332400531447,0.0010502958592842114,0.042461688608295314,1,2
1882,1.8819999999999035,hold,100.0,5.90881687913426,0.0014267200926578738,1.079270970306487,0.07927097030648711,0.0014127745249312032,4.753745175056379,0.0010497396424647655,-0.013945567726670596,1,2
1883,1.8829999999999034,hold,100.0,5.9073683440376605,-0.0014485350965998123,1.0792503244849703,0.07925032448497027,-0.0014061941421110772,4.752338980914267,0.0010491853041568941,0.042340954488735094,1,2
1884,1.8839999999999033,hold,100.0,5.908789430168376,0.0014210861307155653,1.0792577714267972,0.07925777142679724,0.001407240988321489,4.753746221902588,0.0010486307554516477,-0.013845142394076308,1,2
1885,1.8849999999999032,hold,100.0,5.907346532940735,-0.0014428972276414598,1.0792371851897222,0.07923718518972223,-0.0014006765503306253,4.752345545352258,0.0010480780765172156,0.042220677310834516,1,2
1886,1.885999999999903,hold,100.0,5.908762007252415,0.0014154743116803203,1.0792445815716156,0.07924458157161562,0.0014017291826564228,4.753747274534914,0.001047525188507305,-0.013745129023897589,1,2
1887,1.886999999999903,hold,100.0,5.907324725767952,-0.0014372814844625381,1.079224054693037,0.07922405469303695,-0.0013951806289780279,4.752352093905936,0.0010469741615772592,0.042100855484510265,1,2
1888,1.8879999999999029,hold,100.0,5.908734610316448,0.0014098845484955547,1.079231400721732,0.07923140072173207,0.001396239022741951,4.753748332928677,0.0010464229268909915,-0.013645525753603694,1,2
1889,1.8889999999999028,hold,100.0,5.907302922536259,-0.0014316877801885397,1.079210932976584,0.07921093297658399,-0.0013897062931011008,4.752358626635576,0.0010458735446430907,0.04198148708743892,1,2
1890,1.8899999999999026,hold,100.0,5.908707239290888,0.0014043167546287094,1.0792182288580014,0.07921822885800145,0.0013907704236735673,4.75374939705925,0.0010453239559554542,-0.013546330955142112,1,2
1891,1.8909999999999025,hold,100.0,5.9072811232626705,-0.0014261160282176277,1.0791978200221033,0.0791978200221033,-0.0013842534580742595,4.7523651436011765,0.0010447762111138658,0.041862570143368215,1,2
1892,1.8919999999999024,hold,100.0,5.908679894106715,0.0013987708440446056,1.0792050659613601,0.07920506596136012,0.001385323300892588,4.753750466902069,0.0010442282611462055,-0.013447543152017702,1,2
1893,1.8929999999999023,hold,100.0,5.907259327963814,-0.0014205661429009808,1.0791847158114005,0.07918471581140052,-0.0013788220396194497,4.75237164486245,0.0010436821464809476,0.041744103281531136,1,2
1894,1.8939999999999022,hold,100.0,5.9086525746947505,0.0013932467309363261,1.0791919120127726,0.07919191201277265,0.0013798975701967984,4.753751542432647,0.001043135828000466,-0.013349160739527764,1,2
1895,1.894999999999902,hold,100.0,5.907237536656348,-0.001415038038402372,1.0791716203263233,0.0791716203263233,-0.0013734119537862411,4.752378130478861,0.0010425913363271454,0.04162608461613084,1,2
1896,1.895999999999902,hold,100.0,5.908625280986038,0.0013877443296896885,1.079178766993331,0.07917876699333104,0.0013744931476936757,4.753752623626554,0.0010420466421465666,-0.01325118199601281,1,2
1897,1.8969999999999019,hold,100.0,5.907215749356929,-0.001409531629108507,1.0791585335488298,0.07915853354882985,-0.0013680231169544733,4.7523846005095995,0.0010415037663258507,0.04150851215403359,1,2
1898,1.8979999999999018,hold,100.0,5.908598012912178,0.0013822635552482865,1.0791656308841793,0.07916563088417927,0.0013691099498251789,4.753753710459424,0.0010409606893028909,-0.013153605423107603,1,2
1899,1.8989999999999017,hold,100.0,5.9071939660820725,-0.001404046830105088,1.079145455460923,0.079145455460923,-0.0013626554458259234,4.752391055013598,0.0010404194222402485,0.04139138427916447,1,2
1900,1.8999999999999015,hold,100.0,5.908570770404895,0.0013768043228221671,1.0791525036664988,0.07915250366649884,0.001363747893352575,4.7537548029069505,0.0010398779552772746,-0.013056429469592056,1,2
1901,1.9009999999999014,hold,100.0,5.907172186847984,-0.00139858355691036,1.0791323860446418,0.07913238604464179,-0.0013573088574274773,4.752397494049523,0.0010393382899223686,0.041274699482882635,1,2
1902,1.9019999999999013,hold,100.0,5.908543553395827,0.001371366547842534,1.0791393853215767,0.07913938532157672,0.0013584068953809863,4.753755900944904,0.0010387984259660821,-0.012959652461547785,1,2
1903,1.9029999999999012,hold,100.0,5.907150411670962,-0.0013931417248649325,1.079119325282174,0.07911932528217402,-0.0013519832691272736,4.752403917675777,0.001038260355312555,0.04115845573765889,1,2
1904,1.903999999999901,hold,100.0,5.908516361817201,0.001365950146238859,1.0791262758307683,0.07912627583076826,0.0013530868733337045,4.753757004549111,0.0010377220873533902,-0.012863272905154531,1,2
1905,1.904999999999901,hold,100.0,5.907128640567137,-0.0013877212500634784,1.0791062731556882,0.07910627315568819,-0.0013466785986027683,4.752410325950508,0.0010371856044383433,0.04104265146071006,1,2
1906,1.9059999999999009,hold,100.0,5.908489195601385,0.0013605550342479233,1.0791131751754772,0.07911317517547722,0.001347787744948413,4.753758113695456,0.0010366489255103104,-0.012767289299510246,1,2
1907,1.9069999999999008,hold,100.0,5.907106873552701,-0.0013823220486841592,1.0790932296474556,0.07909322964745558,-0.0013413947638453807,4.75241671893161,0.0010361140234139928,0.04092728483877849,1,2
1908,1.9079999999999007,hold,100.0,5.908462054680911,0.0013551811282095372,1.0791000833371631,0.07910008333716312,0.0013425094282881376,4.753759228359899,0.001035578926594093,-0.012671699921399607,1,2
1909,1.9089999999999006,hold,100.0,5.907085110643688,-0.0013769440372222164,1.0790801947397932,0.07908019473979322,-0.0013361316831808656,4.752423096676718,0.001035045598439494,0.0408123540413508,1,2
1910,1.9099999999999004,hold,100.0,5.908434938988663,0.0013498283449742132,1.0790870002974084,0.07908700029740845,0.0013372518417420205,4.753760348518459,0.00103451207684746,-0.012576503232192716,1,2
1911,1.9109999999999003,hold,100.0,5.907063351855588,-0.0013715871330743923,1.0790671684151412,0.07906716841514116,-0.0013308892752578638,4.752429459243201,0.0010339803157998915,0.04069785781652844,1,2
1912,1.9119999999999002,hold,100.0,5.908407848457685,0.0013444966020967897,1.079073926037828,0.07907392603782792,0.0013320149040288616,4.75376147414723,0.0010334483625977372,-0.012481698067928065,1,2
1913,1.9129999999999001,hold,100.0,5.907041597204507,-0.0013662512531782411,1.079054150655903,0.07905415065590304,-0.0013256674590457723,4.752435806688184,0.0010329181618645713,0.040583794132468834,1,2
1914,1.9139999999999,hold,100.0,5.9083807830209825,0.0013391858164757409,1.0790608605400822,0.07906086054008221,0.0013267985341733736,4.753762605222358,0.0010323877702562618,-0.012387282302367235,1,2
1915,1.9149999999999,hold,100.0,5.907019846706036,-0.0013609363149464926,1.0790411414446426,0.07904114144464258,-0.0013204661538154827,4.752442139068542,0.0010318591230863649,0.04047016113100992,1,2
1916,1.9159999999998998,hold,100.0,5.9083537426123725,0.0013338959063364797,1.0790478037859512,0.07904780378595122,0.0013216026515171762,4.753763741720059,0.0010313302863174491,-0.012293254819303488,1,2
1917,1.9169999999998997,hold,100.0,5.9069981003757395,-0.0013556422366329812,1.0790281407639288,0.07902814076392883,-0.001315285279165527,4.752448456440893,0.0010308031860010245,0.04035695746745414,1,2
1918,1.9179999999998996,hold,100.0,5.908326727165346,0.0013286267896068793,1.0790347557571958,0.07903475575719576,0.00131642717572606,4.753764883616619,0.0010302758973582068,-0.012199613880819289,1,2
1919,1.9189999999998995,hold,100.0,5.906976358228944,-0.0013503689364027238,1.0790151485964157,0.07901514859641567,-0.001310124755012857,4.752454758861607,0.0010297503372262986,0.04024418138986671,1,2
1920,1.9199999999998993,hold,100.0,5.908299736613905,0.0013233783849617708,1.0790217164357725,0.0790217164357725,0.0013112720267755777,4.753766030888382,0.0010292245900371676,-0.012106358186193171,1,2
1921,1.9209999999998992,hold,100.0,5.906954620281214,-0.0013451163326916316,1.079002164924804,0.07900216492480405,-0.0013049845015831996,4.752461046386799,0.0010287005634613362,0.040131831108431965,1,2
1922,1.9219999999998991,hold,100.0,5.908272770892193,0.001318150610979174,1.0790086858035928,0.07900868580359277,0.001306137124968261,4.7537671835117665,0.0010281763510939376,-0.01201348601091311,1,2
1923,1.922999999999899,hold,100.0,5.906932886547786,-0.0013398843444072384,1.0789891897318749,0.07898918973187485,-0.0012998644394158002,4.752467319072351,0.0010276538514859105,0.040019904991438204,1,2
1924,1.923999999999899,hold,100.0,5.908245829934488,0.0013129433867025142,1.078995663842659,0.07899566384265899,0.0013010223908917,4.753768341463243,0.001027131167348459,-0.011920995810814133,1,2
1925,1.9249999999998988,hold,100.0,5.9069111570438535,-0.0013346728906347138,1.078976223000479,0.0789762230004789,-0.001294764489343051,4.7524735769739,0.0010266101881597923,0.039908401291662836,1,2
1926,1.9259999999998987,hold,100.0,5.908218913675556,0.0013077566317027944,1.078982650535056,0.07898265053505593,0.0012959277454610227,4.753769504719361,0.0010260890257001937,-0.011828886241771778,1,2
1927,1.9269999999998986,hold,100.0,5.906889431784359,-0.0013294818911973039,1.078963264713511,0.078963264713511,-0.0012896845725497588,4.752479820146811,0.0010255695604218973,0.03979731864754504,1,2
1928,1.9279999999998985,hold,100.0,5.908192022050198,0.0013025902658387878,1.0789696458629687,0.07896964586296873,0.001290853109919772,4.753770673256731,0.0010250499131275743,-0.011737155919015708,1,2
1929,1.9289999999998984,hold,100.0,5.90686771078438,-0.0013243112658178902,1.078950314853917,0.07895031485391701,-0.001284624610500666,4.75248604864623,0.0010245319552898316,0.03968665531722424,1,2
1930,1.9299999999998982,hold,100.0,5.908165154993302,0.0012974442089221938,1.0789566498085421,0.07895664980854211,0.001285798405800464,4.753771847052031,0.0010240138166872287,-0.011645803121729725,1,2
1931,1.9309999999998981,hold,100.0,5.906845994058934,-0.0013191609343676802,1.0789373734047218,0.07893737340472184,-0.0012795845249761691,4.7524922625270545,0.0010234973598589581,0.03957640939151107,1,2
1932,1.931999999999898,hold,100.0,5.908138312440244,0.0012923183813091654,1.0789436623540802,0.07894366235408024,0.001280763554945718,4.753773026082,0.0010229807235133568,-0.011554826363447497,1,2
1933,1.932999999999898,hold,100.0,5.9068242816228125,-0.0013140308174310888,1.0789244403490144,0.07892444034901436,-0.0012745642380474485,4.7524984618439525,0.0010224657613019268,0.03946657938364039,1,2
1934,1.9339999999998978,hold,100.0,5.908111494326545,0.0012872127037324432,1.0789306834819021,0.07893068348190213,0.0012757484794924867,4.753774210323445,0.001021950620816994,-0.011464224239956557,1,2
1935,1.9349999999998977,hold,100.0,5.906802573490604,-0.0013089208359406967,1.0789115156699245,0.07891151566992449,-0.0012695636721165985,4.752504646651328,0.0010214371468679232,0.03935716382409823,1,2
1936,1.9359999999998976,hold,100.0,5.908084700587837,0.0012821270972329657,1.0789177131744283,0.0789177131744283,0.001270753101920548,4.753775399753248,0.00102092349588537,-0.011373995312417623,1,2
1937,1.9369999999998975,hold,100.0,5.906780869676982,-0.0013038309108548418,1.0788985993506701,0.07889859935067012,-0.0012645827498826878,4.752510817003365,0.0010204115038819947,0.03924816097215398,1,2
1938,1.9379999999998974,hold,100.0,5.9080579311599575,0.0012770614829751281,1.0789047514141101,0.07890475141411013,0.0012657773449723279,4.753776594348338,0.0010198993360813252,-0.011284138002800237,1,2
1939,1.9389999999998973,hold,100.0,5.906759170196516,-0.0012987609634418362,1.078885691374493,0.07888569137449308,-0.0012596213943232406,4.752516972954014,0.001019388819744395,0.03913956911859567,1,2
1940,1.9399999999998971,hold,100.0,5.9080311859793,0.0012720157827841305,1.07889179818346,0.07889179818346004,0.0012608211317150246,4.753777794085729,0.0010188781288425987,-0.011194651069105924,1,2
1941,1.940999999999897,hold,100.0,5.906737475063627,-0.0012937109156725413,1.078872791724734,0.07887279172473405,-0.001254679528759023,4.75252311455697,0.001018369081930076,0.03903138691351828,1,2
1942,1.941999999999897,hold,100.0,5.9080044649818815,0.0012669899182542466,1.0788788534650817,0.07887885346508172,0.001255884385527301,4.753778998942497,0.001017859861681211,-0.011105532726945642,1,2
1943,1.9429999999998968,hold,100.0,5.906715784292583,-0.0012886806892984382,1.0788599003847665,0.07885990038476653,-0.001249757076787891,4.75252924186571,0.0010173522779878782,0.038923612510547226,1,2
1944,1.9439999999998967,hold,100.0,5.907977768104367,0.0012619838117835513,1.0788659172416006,0.07886591724160064,0.0012509670300658035,4.753780208895775,0.0010168445221828116,-0.011016781717747802,1,2
1945,1.9449999999998966,hold,100.0,5.906694097897816,-0.0012836702065506245,1.0788470173380231,0.07884701733802313,-0.0012448539622956047,4.75253535493348,0.0010163383955399416,0.03881624425501975,1,2
1946,1.9459999999998965,hold,100.0,5.907951095283657,0.0012569973858411743,1.0788529894957606,0.07885298949576058,0.001246068989288994,4.753781423922769,0.001015832098006082,-0.010928396552180308,1,2
1947,1.9469999999998964,hold,100.0,5.906672415893277,-0.0012786793903805105,1.0788341425680106,0.07883414256801058,-0.0012399701094932233,4.752541453813276,0.001015327422281181,0.03870928088728722,1,2
1948,1.9479999999998963,hold,100.0,5.907924446456668,0.00125203056339096,1.078840070210305,0.07884007021030492,0.0012411901874741216,4.75378264400075,0.0010148225768821276,-0.010840375916838481,1,2
1949,1.9489999999998961,hold,100.0,5.906650738293183,-0.0012737081634845993,1.0788212760582652,0.07882127605826517,-0.0012351054428686456,4.752547538557881,0.0010143193459786167,0.03860272061595362,1,2
1950,1.949999999999896,hold,100.0,5.907897821560493,0.001247083267309712,1.0788271593680654,0.07882715936806539,0.0012363305491738612,4.753783869107055,0.0010138159466137656,-0.010752718135850856,1,2
1951,1.950999999999896,hold,100.0,5.906629065111477,-0.0012687564490159176,1.0788084177924289,0.07880841779242886,-0.0012302598872032916,4.752553609219852,0.0010133141544707042,0.03849656181262599,1,2
1952,1.9519999999998958,hold,100.0,5.90787122053286,0.00124215542138284,1.078814256951944,0.0788142569519441,0.001231489999238577,4.75378509921909,0.0010128121950751022,-0.010665422144263102,1,2
1953,1.9529999999998957,hold,100.0,5.9066073963621015,-0.0012638241707580988,1.0787955677541508,0.07879556775415075,-0.0012254333676045516,4.752559665851486,0.0010123118356668366,0.038390803153547266,1,2
1954,1.9539999999998956,hold,100.0,5.907844643311048,0.0012372469489463356,1.0788013629449047,0.0788013629449047,0.0012266684628401585,4.753786334314326,0.0010118113102108135,-0.010578486106177032,1,2
1955,1.9549999999998955,hold,100.0,5.906585732058826,-0.0012589112522221058,1.0787827259271794,0.07878272592717939,-0.0012206258094366311,4.75256570850489,0.001011312377546654,0.03828544278547462,1,2
1956,1.9559999999998954,hold,100.0,5.907818089833029,0.0012323577742030523,1.0787884773299488,0.07878847732994876,0.001221865865407484,4.753787574370297,0.0010108132800355182,-0.010491908795568156,1,2
1957,1.9569999999998953,hold,100.0,5.906564072215337,-0.0012540176176916162,1.0787698922952884,0.07876989229528841,-0.0012158371383746741,4.752571737231922,0.0010103157681595723,0.03818047931694211,1,2
1958,1.9579999999998952,hold,100.0,5.907791560036937,0.0012274878216000928,1.078775600090145,0.07877560009014495,0.001217082132684799,4.753788819364607,0.0010098180926333045,-0.010405688915293742,1,2
1959,1.958999999999895,hold,100.0,5.906542416845317,-0.0012491431916199502,1.0787570668423008,0.07875706684230077,-0.0012110672803713042,4.752577752084236,0.0010093219956240748,0.03807591124864603,1,2
1960,1.959999999999895,hold,100.0,5.907765053860861,0.0012226370155437039,1.0787627312086319,0.07876273120863186,0.0012123171906885542,4.753790069274925,0.001008825736157153,-0.010319824855149632,1,2
1961,1.9609999999998948,hold,100.0,5.9065207659624015,-0.0012442878984595396,1.0787442495521489,0.07874424955214887,-0.001206316161695499,4.752583753113229,0.0010083310481272304,0.037971736764040545,1,2
1962,1.9619999999998947,hold,100.0,5.907738571243305,0.001217805280903761,1.078749870668576,0.07874987066857608,0.001207570965760797,4.75379132407899,0.0010078361988281742,-0.01023431514296405,1,2
1963,1.9629999999998946,hold,100.0,5.906499119579864,-0.0012394516634408603,1.0787314404087593,0.07873144040875935,-0.0012015837088816652,4.752589740370109,0.0010073429139241378,0.037867954559195165,1,2
1964,1.9639999999998945,hold,100.0,5.9077121121231055,0.0012129925432411426,1.0787370184532894,0.0787370184532894,0.001202843384494665,4.753792583754604,0.0010068494689353313,-0.010149158746477647,1,2
1965,1.9649999999998944,hold,100.0,5.906477477711222,-0.0012346344118832064,1.0787186393961687,0.07871863939616874,-0.0011968698487644736,4.752595713905839,0.0010063575813372687,0.03776456311873288,1,2
1966,1.9659999999998943,hold,100.0,5.9076856764389465,0.0012081987277241524,1.0787241745460094,0.07872417454600944,0.001198134373797834,4.753793848279637,0.0010058655348346341,-0.010064353926318324,1,2
1967,1.9669999999998942,hold,100.0,5.906455840369673,-0.0012298360692737376,1.0787058464984154,0.07870584649841539,-0.001192174508464559,4.7526016737711725,0.0010053750387559704,0.03766156080917864,1,2
1968,1.967999999999894,hold,100.0,5.907659264129914,0.0012034237602414066,1.0787113389301533,0.07871133893015325,0.0011934438608577692,4.7537951176320306,0.0010048843849487564,-0.009979899383637464,1,2
1969,1.968999999999894,hold,100.0,5.906434207568458,-0.001225056561455773,1.078693061699652,0.07869306169965196,-0.0011874976153957296,4.752607620016635,0.0010043952746359185,0.03755894606004327,1,2
1970,1.9699999999998938,hold,100.0,5.907632875135568,0.0011986675671096236,1.0786985115891268,0.07869851158912677,0.0011887717731552227,4.75379639178979,0.001003906007766397,-0.009895793954400921,1,2
1971,1.9709999999998937,hold,100.0,5.906412579320734,-0.0012202958148339604,1.0786802849840336,0.07868028498403357,-0.0011828390972406057,4.75261355269255,0.00100341827749858,0.03745671759335469,1,2
1972,1.9719999999998936,hold,100.0,5.907606509395064,0.0011939300743302184,1.0786856925064086,0.07868569250640856,0.001184118038415939,4.7537976707309655,0.001002930391841771,-0.009812035914279465,1,2
1973,1.9729999999998935,hold,100.0,5.9063909556393455,-0.0012155537557188012,1.078667516335776,0.07866751633577596,-0.0011781988819448456,4.7526194718490204,0.001002444035930694,0.03735487377395561,1,2
1974,1.9739999999998934,hold,100.0,5.907580166848309,0.0011892112089633144,1.0786728816655404,0.07867288166554043,0.0011794825846813545,4.753798954433702,0.0010019575257940528,-0.009728624281959974,1,2
1975,1.9749999999998933,hold,100.0,5.906369336537434,-0.0012108303108746554,1.0786547557391999,0.07865475573919989,-0.0011735768977815474,4.75262537753592,0.001001472538583643,0.037253413093108007,1,2
1976,1.9759999999998932,hold,100.0,5.907553847435132,0.001184510897697777,1.0786600790501435,0.0786600790501435,0.0011748653402873321,4.753800242876207,0.0010009873983068689,-0.009645557410444807,1,2
1977,1.976999999999893,hold,100.0,5.906347722027974,-0.001206125407158254,1.0786420031786257,0.07864200317862569,-0.0011689730732923013,4.752631269802915,0.001000503774173045,0.03715233386595261,1,2
1978,1.977999999999893,hold,100.0,5.907527551095628,0.0011798290676541257,1.0786472846438337,0.07864728464383375,0.001170266233831602,4.753801536036747,0.0010000199981278254,-0.009562833822523683,1,2
1979,1.9789999999998928,hold,100.0,5.906326112123418,-0.0012014389722097008,1.078629258638451,0.07862925863845094,-0.0011643873372813994,4.752637148699465,0.0009995377314782087,0.03705163492830131,1,2
1980,1.9799999999998927,hold,100.0,5.90750127777015,0.0011751656467318128,1.0786344984303553,0.0786344984303553,0.0011656851941803153,4.753802833893645,0.000999055314067848,-0.00948045255149744,1,2
1981,1.9809999999998926,hold,100.0,5.906304506836676,-0.001196770933473701,1.078616522103108,0.0786165221031081,-0.001159819618836138,4.752643014274809,0.0009985743993415283,0.036951314637562876,1,2
1982,1.9819999999998925,hold,100.0,5.907475027399174,0.0011705205624981119,1.0786217203934476,0.07862172039344761,0.0011611221505070872,4.753804136425316,0.0009980933350008717,-0.009398411991024718,1,2
1983,1.9829999999998924,hold,100.0,5.906282906180348,-0.001192121218826614,1.0786037935571176,0.07860379355711755,-0.001155269847343736,4.752648866577973,0.0009976137666681173,0.03685137148287795,1,2
1984,1.9839999999998923,hold,100.0,5.907448799923419,0.001165893743070967,1.0786089505169425,0.0786089505169425,0.001156577032255916,4.753805443610228,0.0009971340498630952,-0.009316710815051015,1,2
1985,1.9849999999998922,hold,100.0,5.906261310166924,-0.0011874897564947418,1.0785910729850376,0.07859107298503765,-0.001150737952453502,4.752654705657775,0.0009966558224251527,0.03675180404123985,1,2
1986,1.985999999999892,hold,100.0,5.90742259528381,0.0011612851168862903,1.0785961887847357,0.07859618878473573,0.0011520497691384685,4.753806755426913,0.000996177447652717,-0.009235347747821874,1,2
1987,1.986999999999892,hold,100.0,5.906239718808949,-0.0011828764748615939,1.078578360371443,0.07857836037144295,-0.0011462238640897143,4.752660531562824,0.0009957005556414968,0.03665261077187955,1,2
1988,1.9879999999998919,hold,100.0,5.907396413421338,0.0011566946123897637,1.078583435180721,0.07858343518072108,0.001147540291142465,4.753808071853966,0.000995223517429303,-0.00915432124729866,1,2
1989,1.9889999999998917,hold,100.0,5.906218132118552,-0.0011782813027867434,1.0785656557010053,0.07856565570100527,-0.0011417275124457561,4.75266634434152,0.000994747955407228,0.03655379034098725,1,2
1990,1.9899999999998916,hold,100.0,5.907370254277543,0.0011521221589916308,1.0785706896889293,0.07857068968892933,0.0011430485285429074,4.753809392870063,0.0009942722483132988,-0.009073630448723459,1,2
1991,1.9909999999998915,hold,100.0,5.906196550108187,-0.0011737041693562489,1.0785529589584535,0.07855295895845349,-0.001137248828001527,4.752672144042061,0.0009937980108729826,0.036455341354721955,1,2
1992,1.9919999999998914,hold,100.0,5.907344117793848,0.0011475676856607109,1.0785579522933815,0.07855795229338147,0.001138574411863486,4.7538107184539244,0.0009933236294855836,-0.008993273797224801,1,2
1993,1.9929999999998913,hold,100.0,5.906174972790142,-0.001169145003705907,1.078540270128522,0.07854027012852205,-0.0011327877414845581,4.75267793071244,0.000992850711249669,0.0363572622213489,1,2
1994,1.9939999999998912,hold,100.0,5.907318003911771,0.0011430311216296118,1.0785452229781924,0.07854522297819244,0.001134117871924719,4.753812048584365,0.00099237765018704,-0.008913249704892764,1,2
1995,1.994999999999891,hold,100.0,5.906153400176451,-0.0011646037353205685,1.0785275891960495,0.07852758919604952,-0.0011283441839391958,4.752683704400425,0.000991906045807819,0.036259551381372705,1,2
1996,1.995999999999891,hold,100.0,5.907291912573418,0.0011385123969667177,1.0785325017275034,0.07853250172750337,0.0011296788398133123,4.753813383240239,0.0009914342997179662,-0.008833557153405417,1,2
1997,1.9969999999998909,hold,100.0,5.906131832279126,-0.0011600802942917099,1.0785149161458867,0.07851491614588668,-0.0011239180866323294,4.7526894651536065,0.0009909640038772683,0.03616220765938053,1,2
1998,1.9979999999998908,hold,100.0,5.907265843720814,0.0011340114416880098,1.0785197885255076,0.07851978852550756,0.001125257246879823,4.753814722400486,0.0009904935674376516,-0.008754194808186866,1,2
1999,1.9989999999998906,hold,100.0,5.906110269110167,-0.001155574610646859,1.078502250962956,0.07850225096295604,-0.0011195093811396778,4.752695213019346,0.0009900245748466637,0.03606522950718111,1,2
2000,1.9999999999998905,hold,100.0,5.90723979729617,0.0011295281860030926,1.0785070833564834,0.07850708335648338,0.0011208530247618618,4.7538160660441084,0.0009895554427639854,-0.008675161241230743,1,2
