step,time,phase,load,energy,delta_energy,mass,mass_error,W_ext_step,W_ext_cumul,D_pred,D_inferred,snes_it,converged_reason
0,0.0,init,0.0,0.9999999999985447,0.0,1.0,0.0,0.0,0.0,0.0,0.0,0,0
1,0.001,ramp,0.1,1.000375549221588,0.0003755492230432811,1.0001788086481629,0.000178808648162887,1.794986467052084e-05,1.794986467052084e-05,4.1037172129424564e-08,-0.35759935837276025,2,2
2,0.002,ramp,0.2,1.0003754158582299,-1.3336335813463052e-07,1.0001787061520275,0.00017870615202753015,7.17484788693039e-08,1.8021613149390143e-05,1.1952475113136642e-07,0.00020511183700393443,1,2
3,0.003,ramp,0.3,1.0007854478226847,0.0004100319644548822,1.0003568598669874,0.00035685986698741345,5.374258378602219e-05,7.176419693541233e-05,2.2187195614606555e-07,-0.35628938066886,2,2
4,0.004,ramp,0.4,1.0007857364359265,2.8861324175011305e-07,1.0003568612091467,0.00035686120914668606,2.862741395833409e-07,7.205047107499566e-05,3.449429141147853e-07,-2.3391021667721364e-06,1,2
5,0.005,ramp,0.5,1.0012302821294197,0.0004445456934931702,1.0005344465573187,0.0005344465573187129,8.939323694938138e-05,0.00016144370802437705,4.831080161567464e-07,-0.3551524565437888,2,2
6,0.006,ramp,0.6,1.001231246826103,9.64696683425359e-07,1.000534607889249,0.0005346078892489725,6.426710417774273e-07,0.00016208637906615448,6.375939616759746e-07,-0.0003220256416479317,1,2
7,0.007,ramp,0.7,1.0017102472014316,0.0004790003753285532,1.0007116659985011,0.0007116659985011431,0.00012490264761518831,0.00028698902668134276,8.037260736608134e-07,-0.3540977277133649,2,4
8,0.008,ramp,0.8,1.001712087593999,1.8403925674537192e-06,1.0007120166528527,0.0007120166528526983,1.1400688763303433e-06,0.0002881290955576731,9.839142657865889e-07,-0.0007003236911233757,1,2
9,0.009000000000000001,ramp,0.9,1.0022254526044998,0.0005133650105006993,1.0008885727321997,0.0008885727321996661,0.0001602716426022158,0.00044840073815988885,1.1737179996160778e-06,-0.35309336789848345,2,4
10,0.010000000000000002,ramp,1.0,1.0022283457588579,2.893154358085681e-06,1.0008891312061798,0.0008891312061798384,1.7775842790890723e-06,0.00045017832243897794,1.3761575318492645e-06,-0.001115570078996609,1,2
11,0.011000000000000003,ramp,1.1,1.002775971450648,0.0005476256917900102,1.001065203070831,0.0010652030708309113,0.00019550109682962632,0.0006456794192686042,1.5868268006811911e-06,-0.3521245949603839,2,4
12,0.012000000000000004,ramp,1.2,1.0027800820931942,4.110642546351073e-06,1.0010659821244432,0.0010659821244431988,2.5543470612380275e-06,0.0006482337663298423,1.809139289207825e-06,-0.0015562954851130457,2,2
13,0.013000000000000005,ramp,1.3,1.0033618567755889,0.0005817746823946202,1.001241583305303,0.0012415833053029957,0.00023059183769848628,0.0008788256040283285,2.0386516221668288e-06,-0.3511828446961339,2,4
14,0.014000000000000005,ramp,1.4,1.0033673421862193,5.485410630390319e-06,1.0012425924079873,0.0012425924079872974,3.4694879062491217e-06,0.0008822950919345776,2.279070883620985e-06,-0.002015922724141198,2,2
15,0.015000000000000006,ramp,1.5,1.0039831497657614,0.0006158075795421603,1.0014177337884247,0.001417733788424691,0.00026554475425359273,0.0011478398461881704,2.525887817055573e-06,-0.3502628252885675,2,4
16,0.016000000000000007,ramp,1.6,1.0039901617540707,7.0119883093244795e-06,1.0014189801151225,0.0014189801151225367,4.522122654992481e-06,0.001152361968843163,2.7830353670249434e-06,-0.0024898656543319987,2,2
17,0.017000000000000008,ramp,1.7,1.0046398833329073,0.0006497215788365818,1.0015936707473503,0.0015936707473502842,0.0003003607017207991,0.001452722670563962,3.045929741471201e-06,-0.3493608771157827,2,4
18,0.01800000000000001,ramp,1.8,1.004648570353865,8.687020957687253e-06,1.0015951601402961,0.001595160140296148,5.7115592167565156e-06,0.0014584342297807185,3.3186966312315134e-06,-0.002975461740930737,1,2
19,0.01900000000000001,ramp,1.9,1.005332084546251,0.0006835141923859922,1.0017694075851127,0.0017694075851126811,0.000335040172942482,0.0017934744027232005,3.596665978587649e-06,-0.3484740194435102,2,4
20,0.02000000000000001,ramp,2.0,1.0053425915989453,1.0507052694341823e-05,1.0017711445373187,0.0017711445373187473,7.037039087888764e-06,0.0018005114418110893,3.8841224228262815e-06,-0.0034700136064530584,1,2
21,0.02100000000000001,ramp,2.1,1.0060597763827037,0.0007171847837583734,1.0019449555139817,0.001944955513981661,0.00036958421281304844,0.002170095654624138,4.176318175778763e-06,-0.3476005709453249,2,4
22,0.022000000000000013,ramp,2.2,1.0060722458651428,1.2469482439048107e-05,1.001946943691397,0.0019469436913970295,8.497613376037724e-06,0.0021785932680001754,4.477678122328013e-06,-0.003971869063010383,1,2
23,0.023000000000000013,ramp,2.3,1.0068229785686968,0.0007507327035540801,1.002120324180492,0.002120324180491906,0.0004039936477431584,0.0025825869157433336,4.783378140063908e-06,-0.3467390558109217,2,4
24,0.024000000000000014,ramp,2.4,1.0068375507122251,1.4572143528290837e-05,1.0021225665798348,0.0021225665798347837,1.0092452398114663e-05,0.0025926793681414484,5.097965918145446e-06,-0.004479691130176175,1,2
25,0.025000000000000015,ramp,2.5,1.0076217083093069,0.0007841575970817249,1.0022955219725471,0.002295521972547121,0.00043826930057199527,0.0030309486687134434,5.416544004421078e-06,-0.3458882965097297,2,4
26,0.026000000000000016,ramp,2.6,1.007638521456926,1.681314761903252e-05,1.0022980210583774,0.0022980210583773975,1.1820730892089032e-05,0.0030427693996055325,5.743769991807643e-06,-0.0049924167269434876,1,2
27,0.027000000000000017,ramp,2.7,1.0084559807899964,0.000817459333070536,1.0024705562702036,0.00247055627020365,0.00047241199021337386,0.0035151813898189064,6.074676403421402e-06,-0.3450473428571621,2,4
28,0.028000000000000018,ramp,2.8,1.008475171603139,1.9190813142611063e-05,1.0024733140761966,0.0024733140761965533,1.3681628131279034e-05,0.0035288630179501853,6.414020239866469e-06,-0.005509185011332029,1,2
29,0.02900000000000002,ramp,2.9,1.0093258095493238,0.0008506379461847846,1.00264543363208,0.00264543363208003,0.0005064225314958576,0.004035285549446043,6.756767377780664e-06,-0.344215414688927,2,4
30,0.03000000000000002,ramp,3.0,1.009347513165317,2.170361599307391e-05,1.0026484518373848,0.0026484518373848243,1.5674327948298745e-05,0.004050959877394342,7.107765468338864e-06,-0.006029288044775165,1,2
31,0.03100000000000002,ramp,3.1,1.0102312067622918,0.0008836935969749327,1.0028201599367328,0.002820159936732791,0.000540301735077299,0.004591261612471641,7.461917066813231e-06,-0.3433918618976336,2,4
32,0.03200000000000002,ramp,3.2,1.0102555569165224,2.4350154230523557e-05,1.002823439924956,0.0028234399249560393,1.7798018729484175e-05,0.004609059631201126,7.824153033806273e-06,-0.0065521355010393825,1,2
33,0.03300000000000002,ramp,3.3,1.0111721834595238,0.0009166265430013976,1.002994740492316,0.0029947404923160725,0.0005740504073924202,0.005183110038593546,8.189315812367086e-06,-0.3425761356089773,2,4
34,0.03400000000000002,ramp,3.4,1.0111993125825463,2.7129123022495705e-05,1.0029982833977928,0.0029982833977928447,2.0051893401278624e-05,0.005203161931994825,8.562413053975808e-06,-0.00707722962121708,1,2
35,0.035000000000000024,ramp,3.5,1.0121487497000552,0.0009494371175089444,1.0031691801229317,0.0031691801229316585,0.0006076693506171545,0.005810831282611979,8.93823015323449e-06,-0.34176776689178995,2,4
36,0.036000000000000025,ramp,3.6,1.0121787889958112,3.0039295755956985e-05,1.0031729868675818,0.0031729868675818285,2.2435149415427643e-05,0.005833266432027406,9.321845945697697e-06,-0.007604146340529342,1,2
37,0.037000000000000026,ramp,3.7,1.0131609147098057,0.000982125713994586,1.003343483237704,0.003343483237703948,0.0006411593626429773,0.006474425794670383,9.707991684691812e-06,-0.3409663513516088,2,4
38,0.03800000000000003,ramp,3.8,1.0131939942196508,3.3079509845101995e-05,1.0033475545608856,0.003347554560885646,2.494698873492368e-05,0.0064993727834053066,1.0101812439231911e-05,-0.008132521110178316,1,2
39,0.03900000000000003,ramp,3.9,1.0142086869935591,0.00101469277390831,1.0035176538868298,0.0035176538868297857,0.0006745212370584341,0.00717389402046374,1.0497988070714379e-05,-0.34017153684987594,2,4
40,0.04000000000000003,ramp,4.0,1.01424493564964,3.6248656080761776e-05,1.0035219903697625,0.0035219903697625288,2.758661782005594e-05,0.007201480638283796,1.0901725469866661e-05,-0.008662038260705834,1,2
41,0.04100000000000003,ramp,4.1,1.0152920744272542,0.0010471387776143093,1.0036916958075945,0.0036916958075945416,0.0007077557631363841,0.00790923640142018,1.1307655701899016e-05,-0.33938301447792524,2,4
42,0.04200000000000003,ramp,4.2,1.0153316200971771,3.954566992292463e-05,1.0036962978934998,0.003696297893499789,3.0353247614833e-05,0.007939589649035014,1.1721043516156782e-05,-0.009192422308091629,1,2
43,0.04300000000000003,ramp,4.3,1.0164110843340972,0.001079464236920069,1.0038656124624974,0.003865612462497392,0.0007408637258261896,0.008680453374861204,1.2136473630879562e-05,-0.33860051109387945,2,4
44,0.04400000000000003,ramp,4.4,1.0164540538575784,4.296952348115113e-05,1.0038704803101093,0.003870480310109281,3.3246420051242195e-05,0.008713699794912447,1.2559258868290927e-05,-0.009723103429908933,2,2
45,0.04500000000000003,ramp,4.5,1.0175657225430894,0.001111668685511047,1.004039406737365,0.0040394067373650255,0.0007738452425756215,0.009487545037488068,1.2983936849619487e-05,-0.33782344293542543,2,4
46,0.046000000000000034,ramp,4.6,1.0176122427591123,4.6520216022916117e-05,1.0040445408617826,0.004044540861782631,3.6265418525935865e-05,0.009523810456014005,1.3415891388052582e-05,-0.010254797496980252,2,2
47,0.047000000000000035,ramp,4.7,1.0187559963681343,0.001143753609021969,1.004213081950866,0.004213081950865893,0.0008067016457461968,0.010330512101760201,1.3849611106774838e-05,-0.3370519632757723,2,4
48,0.048000000000000036,ramp,4.8,1.0188061922952498,5.019592711552612e-05,1.004218482485368,0.004218482485367936,3.940918709613277e-05,0.010369921288856334,1.4290525052718482e-05,-0.010786740019393346,2,2
49,0.04900000000000004,ramp,4.9,1.0199819118265743,0.0011757195313244484,1.0043866409183442,0.004386640918344176,0.0008394337016990458,0.011209354990555379,1.4733081197121693e-05,-0.3362858296254026,2,4
50,0.05000000000000004,ramp,5.0,1.020035907544692,5.399571811781634e-05,1.0043923079094665,0.004392307909466542,4.267696022405089e-05,0.01125203195077943,1.5182754377279826e-05,-0.01131875789376545,2,2
51,0.05100000000000004,ramp,5.1,1.021243474579117,0.0012075670344249279,1.0045600862782487,0.004560086278248665,0.0008720421724607352,0.012124074123240165,1.563395396955462e-05,-0.3355248619641926,2,4
52,0.05200000000000004,ramp,5.2,1.021301394539725,5.79199606078884e-05,1.0045660200587474,0.0045660200587474,4.606853395857895e-05,0.012170142657198743,1.6092212294630254e-05,-0.011851426649309446,1,2
53,0.05300000000000004,ramp,5.3,1.0225406897398341,0.001239295200109236,1.0047334206869978,0.00473342068699778,0.0009045266757571208,0.013074669332955865,1.6551886765375493e-05,-0.33476852435211524,2,4
54,0.05400000000000004,ramp,5.4,1.0226026566036062,6.196686377202276e-05,1.0047396210305857,0.004739621030585672,4.958324044313287e-05,0.013124252573398998,1.7018545057655506e-05,-0.012383623328889894,1,2
55,0.05500000000000004,ramp,5.5,1.0238735625506488,0.0012709059470425998,1.0049066463188039,0.004906646318803887,0.000936888976445896,0.014061141549844895,1.7486511840830002e-05,-0.3340169705967038,2,2
56,0.05600000000000004,ramp,5.6,1.0239396978561666,6.613530551780045e-05,1.0049131130708864,0.004913113070886377,5.321981126862555e-05,0.01411436136111352,1.796139809655844e-05,-0.012915494249174899,1,2
57,0.057000000000000044,ramp,5.7,1.0252420977972836,0.0013023999411170273,1.0050797653793349,0.005079765379334855,0.0009691298204322704,0.01508349118154579,1.8437494949462983e-05,-0.33327012068475687,2,2
58,0.058000000000000045,ramp,5.8,1.0253125222320285,7.04244347449201e-05,1.0050864983323213,0.005086498332321332,5.697750109715141e-05,0.015140468682642941,1.8920450898236312e-05,-0.013446933647768696,1,2
59,0.059000000000000045,ramp,5.9,1.0266463000370805,0.00133377780505195,1.0052527799614095,0.005252779961409493,0.0010012499498858248,0.016141718632528765,1.9404524992611683e-05,-0.3325278551661252,2,2
60,0.060000000000000046,ramp,6.0,1.0267211334479573,7.483341087688444e-05,1.00525977885789,0.005259778857890085,6.0855568631274655e-05,0.01620257420116004,1.9895401141113482e-05,-0.013977842245609788,1,2
61,0.06100000000000005,ramp,6.1,1.0280861736122329,0.0013650401642755217,1.005425692051447,0.005425692051447051,0.0010332501030329202,0.01723582430419296,2.0387307791058235e-05,-0.33179006124260146,2,2
62,0.06200000000000005,ramp,6.2,1.02816553501778,7.936140554720694e-05,1.005432956588343,0.005432956588343085,6.485327658476887e-05,0.01730067758077773,2.0885962423845958e-05,-0.014508128962438076,1,2
63,0.06300000000000004,ramp,6.3,1.0295617226659721,0.0013961876481920488,1.005598503537651,0.005598503537650901,0.0010651310141574445,0.01836580859493517,2.1385564315032477e-05,-0.3310566340346043,2,2
64,0.06400000000000004,ramp,6.4,1.0296457302682058,8.40076022337044e-05,1.0056060333701142,0.005606033370114227,6.896989166266693e-05,0.018434778486597837,2.18918628087129e-05,-0.015037710571037474,1,2
65,0.06500000000000004,ramp,6.5,1.031072951157806,0.0014272208896002336,1.0057712162175367,0.005771216217536734,0.001096893413611918,0.019531671900209754,2.2399029380825325e-05,-0.33032747598831563,2,2
66,0.06600000000000004,ramp,6.6,1.0311617223533387,8.877119553263313e-05,1.0057790109625633,0.00577901096256328,7.320468454350224e-05,0.019604876584753256,2.2912843629347712e-05,-0.015566510989130884,1,2
67,0.06700000000000005,ramp,6.7,1.0326198628774614,0.0014581405241227419,1.0059438318049245,0.0059438318049245265,0.0011285380278303295,0.020733414612583587,2.342745054282988e-05,-0.32960249629241234,2,2
68,0.06800000000000005,ramp,6.8,1.032713514267879,9.365139041750403e-05,1.0059518910445422,0.00595189104454219,7.75569298615735e-05,0.02081097154244516,2.3948658453852794e-05,-0.016094460555930536,1,2
69,0.06900000000000005,ramp,6.9,1.0342024614573175,0.0014889471894385942,1.0061163519361334,0.006116351936133357,0.001160065579342138,0.021971037121787298,2.4470587118231427e-05,-0.3288816100964563,2,2
70,0.07000000000000005,ramp,7.0,1.0343011088589003,9.864740158271879e-05,1.0061246752203317,0.006124675220331666,8.202590618899574e-05,0.022053063027976293,2.499907216493953e-05,-0.016621495393723047,1,2
71,0.07100000000000005,ramp,7.1,1.0358207503836465,0.0015196415247462625,1.0062887781755985,0.006288778175598475,0.0011914767867872193,0.02324453981476351,2.5528209317280617e-05,-0.32816473795904316,2,2
72,0.07200000000000005,ramp,7.2,1.0359245088365123,0.00010375845286580976,1.0062973650249203,0.006297365024920287,8.661089601762265e-05,0.023331150710781134,2.6063860136525787e-05,-0.017147556848187112,1,2
73,0.07300000000000005,ramp,7.3,1.037474733006877,0.0015502241703646558,1.0064611120209426,0.006461112020942572,0.001222772364931112,0.024553923075712247,2.660009746248186e-05,-0.32745180543354374,2,2
74,0.07400000000000005,ramp,7.4,1.0375837167835518,0.00010898377667478698,1.0064699619288466,0.006469961928846635,9.131118574054952e-05,0.024645234261452795,2.7142807492731665e-05,-0.01767259093423746,1,2
75,0.07500000000000005,ramp,7.5,1.039164412550571,0.0015806957670192467,1.0066333549075532,0.006633354907553235,0.0012539530246810557,0.02589918728613385,2.7686041284457876e-05,-0.326742742338191,2,2
76,0.07600000000000005,ramp,7.6,1.0392787351642632,0.00011432261369215269,1.006642467342537,0.0066424673425369285,9.612606563375808e-05,0.025995313351767607,2.823570843839142e-05,-0.018196548058394605,1,2
77,0.07700000000000005,ramp,7.7,1.0408897921200007,0.0016110569557374887,1.0068055082127412,0.006805508212741174,0.001285019473102335,0.02728033282486994,2.8785839284699488e-05,-0.3260374826351538,2,2
78,0.07800000000000006,ramp,7.8,1.0410095663321333,0.0001197742121326062,1.0068148826203158,0.006814882620315821,0.0001010548298371528,0.027381387654707094,2.93423656522232e-05,-0.018719382295453398,1,2
79,0.07900000000000006,ramp,7.9,1.042650874709561,0.0016413083774278192,1.0069775732594959,0.006977573259495884,0.0013159724134350515,0.028697360068142146,2.9899298157110007e-05,-0.3253359639927677,2,2
80,0.08000000000000006,ramp,8.0,1.0427762125373004,0.00012533782773926916,1.0069872090639072,0.006987209063907152,0.00010609677633577553,0.028803456844477923,3.0462589735198183e-05,-0.019241051403493633,1,2
81,0.08100000000000006,ramp,8.1,1.0444476632096609,0.0016714506723605194,1.0071495513199682,0.007149551319968195,0.0013468125451111218,0.030150269389589045,3.102623226147067e-05,-0.32463812724939756,2,2
82,0.08200000000000006,ramp,8.2,1.0445786759329423,0.00013101272328142066,1.0071594479258725,0.007159447925872531,0.00011125120694078933,0.030261520596529836,3.1596198707783016e-05,-0.019761516340631332,1,2
83,0.08300000000000006,ramp,8.3,1.0462801604132104,0.0017014844802680784,1.007321443618588,0.007321443618587997,0.0013775405637717977,0.031639061160301636,3.2166463142954106e-05,-0.3239439164962807,2,2
84,0.08400000000000006,ramp,8.4,1.0464169585813874,0.0001367981681770214,1.0073316004124453,0.007331600412445294,0.0001165174272700205,0.03175557858757166,3.2743017550605786e-05,-0.0202807409070009,1,2
85,0.08500000000000006,ramp,8.5,1.04814836902123,0.0017314104398427066,1.0074932513349515,0.0074932513349514895,0.0014081571612852887,0.03316373574885695,3.331981909263677e-05,-0.3232532785574179,2,2
86,0.08600000000000006,ramp,8.6,1.0482910624595985,0.00014269343836836867,1.007503667686439,0.007503667686439064,0.00012189474672926822,0.033285630495586215,3.390287778382539e-05,-0.020798691639100458,1,2
87,0.08700000000000006,ramp,8.7,1.0500522916481767,0.0017612291885782394,1.00766497560647,0.007664975606469948,0.0014386630257642464,0.03472429352135046,3.4486134744597094e-05,-0.32256616281399303,2,2
88,0.08800000000000006,ramp,8.8,1.0502009894643143,0.00014869781613757738,1.007675650869663,0.007675650869662931,0.00012738247849272208,0.03485167599984318,3.5075617081116916e-05,-0.021315337644855294,1,2
89,0.08900000000000007,ramp,8.9,1.05199193082693,0.0017909413626158166,1.0078366175307885,0.007836617530788459,0.0014690588415840408,0.03632073484142722,3.566525070579651e-05,-0.3218825210317758,2,2
90,0.09000000000000007,ramp,9.0,1.0521467411111163,0.00015481028418617981,1.0078475507853086,0.007847550785308632,0.00013298015803535774,0.03645371499946258,3.626106378353957e-05,-0.021830126150822072,2,2
91,0.09100000000000007,ramp,9.1,1.0539672880864754,0.0018205469753591608,1.0080081778130192,0.008008177813019213,0.001499344857981075,0.037953059857443655,3.6856974513841565e-05,-0.3212021173780858,2,2
92,0.09200000000000007,ramp,9.2,1.054128319350365,0.00016103126388955502,1.0080193686772865,0.008019368677286476,0.00013868712125578132,0.03809174697869944,3.745904916567918e-05,-0.022344142633773705,2,2
93,0.09300000000000007,ramp,9.3,1.0559783666832943,0.001850047332929261,1.0081796578162086,0.008179657816208552,0.0015295221428163086,0.03962126912151574,3.8061184942543966e-05,-0.3205251901129524,2,2
94,0.09400000000000007,ramp,9.4,1.0561457259742542,0.00016735929095990087,1.0081911056128978,0.00819110561289782,0.0001445024989214178,0.03976577162043716,3.866945667781831e-05,-0.022856792038483086,2,2
95,0.09500000000000007,ramp,9.5,1.058025168952167,0.0018794429779127597,1.0083510585424218,0.008351058542421796,0.0015595913689328837,0.04132536298937004,3.9277748204699596e-05,-0.31985160897987597,2,2
96,0.09600000000000007,ramp,9.6,1.0581989626140882,0.0001737936619212732,1.0083627625778477,0.008362762577847738,0.00015042562029314802,0.04147578860966319,3.989214781769798e-05,-0.023368041628125193,2,2
97,0.09700000000000007,ramp,9.7,1.060107697146141,0.0019087345320527582,1.0085223809538981,0.008522380953898123,0.0015895532048687904,0.04306534181453198,4.050652694678943e-05,-0.3191813271839678,2,2
98,0.09800000000000007,ramp,9.8,1.06028803083199,0.0001803336858490212,1.0085343405223626,0.008534340522362571,0.00015645581822636818,0.043221797632758345,4.112698687010038e-05,-0.02387786762265303,2,2
99,0.09900000000000007,ramp,9.9,1.0622259534521026,0.0019379226201126087,1.0086936259807595,0.008693625980759512,0.0016194083155008645,0.04484120594825921,4.174738738654546e-05,-0.31851430461174424,2,2
100,0.10000000000000007,ramp,10.0,1.0624129321308515,0.00018697867874895024,1.0087058403662674,0.008705840366267426,0.00016259242919066988,0.04500379837744988,4.237384206416099e-05,-0.024386249558280365,2,2
101,0.10100000000000008,ramp,10.1,1.0643799399965321,0.0019670078656806034,1.0088647945239106,0.008864794523910646,0.001649157362095392,0.046652955739545275,4.300019976706655e-05,-0.31785050358521144,2,2
102,0.10200000000000008,ramp,10.2,1.064573667958574,0.00019372796204186749,1.008877263001078,0.00887726300107805,0.0001688347932603574,0.046821790532805635,4.3632585651665244e-05,-0.024893168781510096,2,2
103,0.10300000000000008,ramp,10.3,1.0665696588490354,0.00199599089046143,1.0090358874568388,0.00903588745683881,0.0016788010023317524,0.04850059153513739,4.426483830617447e-05,-0.31718988812967747,2,2
104,0.10400000000000008,ramp,10.4,1.066770239711301,0.00020058086226559801,1.009048609291681,0.009048609291681053,0.00017518225409836357,0.04867577378923575,4.4903093790752095e-05,-0.025398608167234445,2,2
105,0.10500000000000008,ramp,10.5,1.068795112025414,0.0020248723141129688,1.0092069056271098,0.009206905627109796,0.0017083398903211219,0.05038411367955687,4.5541181050430565e-05,-0.3165324237918469,2,2
106,0.10600000000000008,ramp,10.6,1.0690026487362343,0.00020753671082029967,1.0092198800776537,0.00921988007765373,0.00018163415893898775,0.05056574783849586,4.6185246385833284e-05,-0.025902551881311926,2,2
107,0.10700000000000008,ramp,10.7,1.0710563014901402,0.002053652753905899,1.0093778498575925,0.00937784985759249,0.001737774676625022,0.05230352251512088,4.682910970938133e-05,-0.31587807728087713,2,2
108,0.10800000000000008,ramp,10.8,1.0712708963339805,0.00021459484384034333,1.0093910761744775,0.009391076174477542,0.0001881898585693298,0.052491712373690214,4.7478926920690886e-05,-0.026404985271013537,2,2
109,0.10900000000000008,ramp,10.9,1.0733532291587942,0.0020823328248136264,1.0095487209477183,0.009548720947718303,0.0017671060082734944,0.05425881838196371,4.812850948998853e-05,-0.315226816540132,2,2
110,0.11000000000000008,ramp,11.0,1.073574983760889,0.00022175460209483688,1.0095621983747407,0.009562198374740705,0.0001948487073111666,0.054453667089274876,4.8784022295701715e-05,-0.02690589478367028,2,2
111,0.11100000000000008,ramp,11.1,1.0756858969002305,0.0021109131393415304,1.009719519674476,0.00971951967447593,0.0017963345287828121,0.05625000161805769,4.943926893740414e-05,-0.3145786105587182,2,2
112,0.11200000000000009,ramp,11.2,1.0759149122311051,0.00022901533087460457,1.0097332474491352,0.009733247449135174,0.00020161006300254108,0.05645161168106023,5.010042267263205e-05,-0.02740526787206349,2,2
113,0.11300000000000009,ramp,11.3,1.0780543065386614,0.002139394307556275,1.0098902467935462,0.00989024679354622,0.0018254608781734496,0.05827707255923368,5.0761279783941014e-05,-0.31393342938282526,2,2
114,0.11400000000000009,ramp,11.4,1.078290682918559,0.00023637637989759597,1.0099042241474088,0.009904224147408769,0.0002084732869797255,0.058485545846213405,5.1428021327881e-05,-0.027903092917870468,2,2
115,0.11500000000000009,ramp,11.5,1.0804584598555582,0.0021677769369992106,1.0100609030401535,0.010060903040153502,0.0018544856929873202,0.06034003153920073,5.209443680655519e-05,-0.3132912440118904,2,2
116,0.11600000000000009,ramp,11.6,1.080702296958733,0.00024383710317477103,1.0100751291994028,0.010075129199402788,0.00021543774405927642,0.060555469283260006,5.276671451418856e-05,-0.02839935911549461,2,2
117,0.11700000000000009,ramp,11.7,1.0828983585914278,0.0021960616326948124,1.0102314891299815,0.010231489129981508,0.001883409606305888,0.062438878889565896,5.343863769266674e-05,-0.3126520263889243,2,2
118,0.11800000000000009,ramp,11.8,1.083149755450534,0.00025139685910624543,1.0102459633157983,0.010245963315798301,0.00022250280251965727,0.06266138169208556,5.411640133046213e-05,-0.028894056586588154,2,2
119,0.11900000000000009,ramp,11.9,1.0853740044475089,0.0022242489969748203,1.0104020057600702,0.010402005760070221,0.0019122332477675096,0.06457361493985307,5.4793782913840585e-05,-0.3120157492073107,2,2
120,0.12000000000000009,ramp,12.0,1.08563305945777,0.00025905501026124433,1.010416727188976,0.010416727188975905,0.00022966783408333516,0.0648032827739364,5.5476983599240036e-05,-0.02938717617790917,2,2
121,0.1210000000000001,ramp,12.1,1.0878853990873982,0.0022523396296281195,1.0105724536094896,0.010572453609489552,0.0019409572435847473,0.06674424001752115,5.615977560689884e-05,-0.3113823860433722,2,2
122,0.1220000000000001,ramp,12.2,1.088152210010739,0.0002668109233407989,1.0105874214937696,0.010587421493769567,0.0002369322138993474,0.0669811722314205,5.684836575129988e-05,-0.02987870944145152,2,2
123,0.1230000000000001,ramp,12.3,1.0904325441384417,0.0022803341277026767,1.0107428333401969,0.010742833340196878,0.0019695822165619738,0.06895075444798247,5.753652146187642e-05,-0.310751911140703,2,2
124,0.1240000000000001,ramp,12.4,1.0907072081076306,0.0002746639691888486,1.010758046888208,0.010758046888208028,0.0002442953205250971,0.06919504976850757,5.8230454716929844e-05,-0.030368648663751528,2,2
125,0.12500000000000008,ramp,12.5,1.0930154411933115,0.002308233085680955,1.0109131455977127,0.010913145597712726,0.0019981087861125403,0.0711931585546201,5.892392861644683e-05,-0.3101242995684149,2,2
126,0.12600000000000008,ramp,12.6,1.0932980547159303,0.0002826135226188242,1.010928604014197,0.01092860401419693,0.0002517565359090782,0.07144491509052918,5.9623159823357234e-05,-0.030856986709746032,2,2
127,0.12700000000000009,ramp,12.7,1.0956340918112097,0.0023360370952794085,1.0110833910116712,0.011083391011671218,0.002026537568276035,0.07347145265880521,6.03219075562802e-05,-0.30949952700337363,2,2
128,0.12800000000000009,ramp,12.8,1.0959247507736336,0.000290658962423862,1.0110990934980923,0.01109909349809235,0.00025931524537314236,0.07373076790417836,6.1026392697968254e-05,-0.031343717050719665,2,2
129,0.1290000000000001,ramp,12.9,1.0982884975191605,0.0023637467455268624,1.0112535701966223,0.01125357019662232,0.0020548691757354123,0.07578563707991377,6.173037102096137e-05,-0.3088775697914501,2,2
130,0.1300000000000001,ramp,13.0,1.098587297190558,0.0002987996713974539,1.0112695159514178,0.011269515951417786,0.0002669708375948877,0.07605260791750866,6.244006717685238e-05,-0.03182883380256618,2,2
131,0.1310000000000001,ramp,13.1,1.100978659813264,0.002391362622706117,1.0114236837524655,0.011423683752465497,0.002083104217834764,0.07813571213534343,6.314923391507409e-05,-0.3082584048713531,2,2
132,0.1320000000000001,ramp,13.2,1.1012856948493657,0.00030703503610163274,1.0114398719713409,0.011439871971340887,0.00027472270458999565,0.07841043483993343,6.386409921833122e-05,-0.032312331511637093,2,2
133,0.1330000000000001,ramp,13.3,1.1037045801596566,0.002418885310290886,1.0115937322651174,0.011593732265117396,0.002111243300595528,0.08052167814052896,6.457841322407322e-05,-0.3076420096953577,2,2
134,0.1340000000000001,ramp,13.4,1.1040199446067096,0.0003153644470530459,1.0116101621412594,0.011610162141259428,0.00028257024169605255,0.08080424838222501,6.529840682113242e-05,-0.032794205356993344,2,2
135,0.1350000000000001,ramp,13.5,1.1064662599958972,0.0024463153891876033,1.0117637163069573,0.011763716306957273,0.0021392870267329302,0.08294353540895794,6.601782793466438e-05,-0.307028362454673,2,2
136,0.1360000000000001,ramp,13.6,1.1067900472942227,0.00032378729832549524,1.0117803870313358,0.01178038703133577,0.000290512847554947,0.08323404825651289,6.674290994688511e-05,-0.03327445077054824,2,2
137,0.1370000000000001,ramp,13.7,1.1092637007315678,0.002473653437345069,1.0119336364374172,0.011933636437417183,0.0021672359956744795,0.08540128425218736,6.746739895934449e-05,-0.30641744167058965,2,2
138,0.1380000000000001,ramp,13.8,1.1095960037196027,0.0003323029880348827,1.011950547198969,0.01195054719896893,0.0002985499240944804,0.08569983417628184,6.81975304466594e-05,-0.03375306394040226,2,2
139,0.1390000000000001,ramp,13.9,1.1120969037496198,0.002500900030017128,1.0121034932033577,0.012103493203357685,0.00219509080357536,0.0878949249798572,6.892704906483316e-05,-0.3058092264417679,2,2
140,0.1400000000000001,ramp,14.0,1.1124378146673493,0.00034091091772947557,1.0121206431892071,0.012120643189207136,0.00030668087651395315,0.08820160585637114,6.966219199125475e-05,-0.03423004121552242,2,2
141,0.1410000000000001,ramp,14.1,1.1149658704070136,0.0025280557396643033,1.0122732871396238,0.012273287139623834,0.002222852043335282,0.09042445789970642,7.039670280418483e-05,-0.30520369632902133,2,2
142,0.1420000000000001,ramp,14.2,1.1153154808997996,0.0003496104927860344,1.0122906755352736,0.012290675535273632,0.00031490511326470586,0.09073936301297113,7.113682000504736e-05,-0.03470537952132854,2,2
143,0.1430000000000001,ramp,14.3,1.1178706020357716,0.002555121135972005,1.0124430187693656,0.0124430187693656,0.0022505203046161433,0.09298988331758727,7.187628645227596e-05,-0.3046008313558617,2,2
144,0.1440000000000001,ramp,14.4,1.118229003157873,0.00035840112210139274,1.0124606447589315,0.012460644758931494,0.00032322204603482663,0.0933131053636221,7.26213416031133e-05,-0.03517907606656612,2,2
145,0.1450000000000001,ramp,14.5,1.1208110999436796,0.0025820967858065647,1.0126126886045788,0.012612688604578759,0.0022780961738570137,0.09559120153747912,7.336572794450986e-05,-0.3040006119495509,2,2
146,0.1460000000000001,ramp,14.6,1.1211783821618915,0.0003672822182119173,1.01263055137091,0.01263055137090996,0.0003316310897321264,0.09592283262721124,7.411568553145276e-05,-0.03565112847979092,2,2
147,0.1470000000000001,ramp,14.7,1.1237873654151893,0.0026089832532978363,1.012782297146356,0.012782297146356036,0.0023055802342918015,0.09822841286150304,7.486495681851314e-05,-0.30340301900603484,2,2
148,0.1480000000000001,ramp,14.8,1.1241636186123365,0.00037625319714718053,1.0128003958712628,0.012800395871262804,0.0003401316624673531,0.09856854452397039,7.561978211011014e-05,-0.03612153467982745,2,2
149,0.1490000000000001,ramp,14.9,1.1267993997120758,0.002635781099739276,1.0129518448853536,0.012951844885353614,0.0023329730659652076,0.1009015175899356,7.637390415862385e-05,-0.3028080337740685,2,2
150,0.1500000000000001,ramp,15.0,1.127184713190617,0.0003853134785412049,1.012970178749738,0.012970178749738048,0.00034872318553736455,0.10125024077547295,7.713356317902712e-05,-0.03659029300384035,2,2
151,0.1510000000000001,ramp,15.1,1.1298472040741998,0.0026624908835828354,1.0131213323021,0.013121332302099997,0.002360275245749239,0.10361051602122219,7.789250254304505e-05,-0.30221563783359645,2,2
152,0.1520000000000001,ramp,15.2,1.1302416665595314,0.00039446248533159256,1.0131399004861281,0.01313990048612812,0.00035740508340946703,0.10396792110463166,7.865696204644037e-05,-0.037057401922125525,2,2
153,0.1530000000000001,ramp,15.3,1.1329307797201393,0.0026891131606079366,1.0132907598673215,0.013290759867321533,0.002387487347358778,0.10635540845199043,7.942068599345642e-05,-0.30162581324915877,2,2
154,0.1540000000000001,ramp,15.4,1.133334479364264,0.0004036996441245666,1.0133095615505707,0.013309561550570725,0.00036617678370462194,0.10672158523569505,8.018991343967707e-05,-0.03752286041994467,2,2
155,0.1550000000000001,ramp,15.5,1.1360501278479844,0.002715648483720523,1.0134601280423534,0.013460128042353414,0.0024146099413682176,0.10913619517706327,8.095838992696223e-05,-0.3010385423523054,2,2
156,0.1560000000000001,ramp,15.6,1.1364631522327464,0.0004130243847619841,1.0134791624039303,0.013479162403930323,0.0003750377171814149,0.10951123289424469,8.173235345824028e-05,-0.03798666758056922,2,2
157,0.1570000000000001,ramp,15.7,1.1392052496357268,0.00274209740298037,1.0136294372793258,0.013629437279325751,0.002441643595227469,0.11195287648947216,8.250555111023969e-05,-0.30045380775290104,2,2
158,0.1580000000000001,ramp,15.8,1.1396276857763268,0.0004224361406000021,1.0136487034980208,0.013648703498020831,0.00038398731771914165,0.11233686380719131,8.32842195289934e-05,-0.03844882288086046,2,2
159,0.1590000000000001,ramp,15.9,1.142396146242127,0.00276846046580026,1.013798688021495,0.013798688021495087,0.002468588873278153,0.11480545268046946,8.406210761575957e-05,-0.2998715925221066,2,2
160,0.16000000000000011,ramp,16.0,1.1428280805903828,0.00043193434825572474,1.0138181852759276,0.013818185275927597,0.00039302502230271347,0.11519847770277217,8.4845450363374e-05,-0.038909325953011276,2,2
161,0.16100000000000012,ramp,16.1,1.1456228188070579,0.0027947382166750856,1.01396788070362,0.013967880703620095,0.00249544633676909,0.11769392403954126,8.56279987799343e-05,-0.29929187990599543,2,2
162,0.16200000000000012,ramp,16.2,1.1460643372547528,0.0004415184476949108,1.0139876081722943,0.013987608172294275,0.0004021502710058003,0.11809607431054707,8.641598591648263e-05,-0.03936817668911047,2,2
163,0.16300000000000012,ramp,16.3,1.1488852684521094,0.002820931197356602,1.014137015752052,0.014137015752051951,0.0025222165438722457,0.12061829085441932,8.720316516313706e-05,-0.29871465348435633,2,2
164,0.16400000000000012,ramp,16.4,1.1493364563344055,0.0004511878822961446,1.0141569726135422,0.014156972613542207,0.00041136250697616685,0.12102965336139548,8.799576734798131e-05,-0.03982537531997774,2,2
165,0.16500000000000012,ramp,16.5,1.1521834962812643,0.0028470399468587537,1.0143060935851573,0.014306093585157331,0.0025489000496982444,0.12357855341109372,8.878754851142901e-05,-0.2981398971605093,2,2
166,0.16600000000000012,ramp,16.6,1.1526444383798016,0.00046094209853730916,1.0143262790181524,0.014326279018152421,0.00042066117641828505,0.12399921458751201,8.958473698466819e-05,-0.04028092211902411,2,2
167,0.16700000000000012,ramp,16.7,1.1555175033812017,0.0028730650014001657,1.014475114613464,0.014475114613464068,0.002575497406312402,0.12657471199382442,9.038109171995437e-05,-0.29756759508776365,2,2
168,0.16800000000000012,ramp,16.8,1.1559882839274134,0.00047078054621163545,1.0144955277969399,0.014495527796939855,0.00043004572857840187,0.12700475772240283,9.118283828463513e-05,-0.04073481763323358,2,2
169,0.16900000000000012,ramp,16.9,1.1588872908218362,0.0028990068944227954,1.0146440792399292,0.014644079239929164,0.0026020091627505446,0.12960676688515338,9.198373879786467e-05,-0.2969977316722508,2,2
170,0.17000000000000012,ramp,17.0,1.15936799350022,0.0004807026783837376,1.0146647193531906,0.01466471935319058,0.0004395156157290916,0.13004628250088246,9.279001580296747e-05,-0.041187062654645994,2,2
171,0.17100000000000012,ramp,17.1,1.162292859656815,0.0029248661565950407,1.0148129878601713,0.014812987860171267,0.002628435865033847,0.1326747183659163,9.359543483473055e-05,-0.29643029156119344,2,2
172,0.17200000000000013,ramp,17.2,1.162783567608109,0.0004907079512941337,1.0148338540829862,0.014833854082986209,0.0004490702931527226,0.13312378865906901,9.440621515884153e-05,-0.04163765814141107,2,2
173,0.17300000000000013,ramp,17.3,1.1657342109239248,0.0029506433158157375,1.0149818408626667,0.01498184086266674,0.0026547780561845535,0.13577856671525357,9.521612596833032e-05,-0.29586525963118393,2,2
174,0.17400000000000013,ramp,17.4,1.166235006748248,0.0005007958243232746,1.015002932375321,0.01500293237532091,0.00045870921912766845,0.13623727593438123,9.603138300400726e-05,-0.04208660519560618,2,2
175,0.17500000000000013,ramp,17.5,1.169211345645561,0.002976338897312969,1.0151506386289892,0.015150638628989244,0.00268103627624097,0.1389183122106222,9.684575935377041e-05,-0.29530262107199884,2,2
176,0.17600000000000013,ramp,17.6,1.1697223114055866,0.0005109657600255169,1.0151719546123876,0.015171954612387628,0.00046843185491108686,0.13938674406553328,9.766546699250804e-05,-0.04253390511443,2,2
177,0.17700000000000013,ramp,17.7,1.1727242648290792,0.0030019534234926315,1.0153193815339445,0.01531938153394452,0.002707211062273261,0.14209395512780654,9.848428313384443e-05,-0.2947423612193706,2,2
178,0.17800000000000013,ramp,17.8,1.173245482053119,0.0005212172240398605,1.015340921169708,0.015340921169707977,0.0004782376647248086,0.14257219279253133,9.930841575167418e-05,-0.04297955931505185,2,2
179,0.17900000000000013,ramp,17.9,1.1762729694671843,0.003027487414065222,1.015488069945853,0.015488069945853056,0.0027333029483988043,0.14530549574093013,0.00010013164641057659,-0.2941844656664176,2,2
180,0.18000000000000013,ramp,18.0,1.176804519152409,0.0005315496852247303,1.015509832416358,0.01550983241635806,0.00048812611573863815,0.14579362185666878,0.00010096017885422773,-0.04342356948609219,2,2
181,0.18100000000000013,ramp,18.1,1.1798574605383951,0.0030529413859861076,1.0156567042266622,0.01565670422666221,0.0027593124657972175,0.148552934322466,0.00010178779921791116,-0.29362892018889014,2,2
182,0.18200000000000013,ramp,18.2,1.1803994231537864,0.0005419626153913004,1.0156786887151572,0.015678688715157207,0.0004980966780572067,0.1490510310005232,0.00010262070679150132,-0.043865937334093726,2,2
183,0.18300000000000013,ramp,18.3,1.1834777390073061,0.0030783158535196975,1.0158252847321239,0.015825284732123857,0.002785240142723831,0.15183627114324702,0.00010345269249543305,-0.2930757107958665,2,2
184,0.18400000000000014,ramp,18.4,1.1840301944967246,0.000552455489418513,1.0158474904227837,0.01584749042278366,0.0005081488247035482,0.15234441996795056,0.00010428995094770536,-0.04430666471496474,2,2
185,0.18500000000000014,ramp,18.5,1.1871338058249448,0.003103611328220124,1.0159938118120166,0.015993811812016645,0.002811086504527132,0.1551555064724777,0.00010512627806315797,-0.29252482369299204,2,2
186,0.18600000000000014,ramp,18.6,1.1876968336102967,0.0005630277853518884,1.0160162378900073,0.01601623789000728,0.0005182820316044985,0.1556737885040822,0.00010596786357516145,-0.04474575374738981,2,2
187,0.18700000000000014,ramp,18.7,1.1908256619291975,0.0031288283189008226,1.0161622858102952,0.01616228581029522,0.0028368520736613634,0.15851064057774356,0.00010680850859721774,-0.29197624523945914,2,2
188,0.18800000000000014,ramp,18.8,1.1913993409133314,0.0005736789841339629,1.0161849314618174,0.01618493146181743,0.000528495777575691,0.15903913635531924,0.00010765439777051158,-0.04518320655827186,2,2
189,0.18900000000000014,ramp,18.9,1.1945533082450526,0.0031539673317211303,1.0163307070651793,0.01633070706517925,0.0028625373697035213,0.16190167372502276,0.00010849933760653568,-0.29142996201760896,2,2
190,0.19000000000000014,ramp,19.0,1.1951377168147748,0.0005844085697221946,1.0163535714775593,0.016353571477559337,0.00053878954430603,0.1624404632693288,0.00010934950745179663,-0.04561902541616461,2,2
191,0.19100000000000014,ramp,19.1,1.1983167456849153,0.0031790288701405434,1.0164990759094004,0.016499075909400363,0.002888142909366623,0.1653286061786954,0.00011019871941033717,-0.2908859607739203,2,2
192,0.19200000000000014,ramp,19.2,1.1989119641668222,0.0005952184819069117,1.0165221587760338,0.016522158776033802,0.0005491642471753249,0.16587777042587074,0.00011105318814547,-0.04605423473158683,1,2
193,0.19300000000000014,ramp,19.3,1.2021159745488748,0.0032040103820525356,1.016667393102011,0.01666739310201093,0.00291366629996727,0.16879143672583802,0.00011190669487832706,-0.29034408208526574,2,2
194,0.19400000000000014,ramp,19.4,1.2027220811188304,0.0006061065699556334,1.0166906932711548,0.0166906932711548,0.0005596194501270071,0.16935105617596502,0.00011276541171035921,-0.0464871198286263,1,2
195,0.19500000000000015,ramp,19.5,1.205950996329157,0.003228915210326644,1.0168356585533191,0.016835658553319144,0.002939110891524806,0.1722901670674898,0.000113623149359077,-0.28980431880183805,2,2
196,0.19600000000000015,ramp,19.6,1.2065680678944677,0.0006170715653106562,1.0168591752062577,0.01685917520625768,0.0005701532063575534,0.17286032027384737,0.0001144860819423563,-0.04691835895310277,1,2
197,0.19700000000000015,ramp,19.7,1.2098218118691064,0.003253743974638734,1.0170038725634902,0.01700387256349023,0.0029644771900139803,0.17582479746386134,0.00011534802673836266,-0.28926678462475386,2,2
198,0.19800000000000015,ramp,19.8,1.2104499248471814,0.0006281129780749684,1.0170276048900704,0.01702760489007038,0.0005807650086934491,0.1764055624725548,0.00011621515235933608,-0.04734796938151927,1,2
199,0.19900000000000015,ramp,19.9,1.213728422024397,0.0032784971772155114,1.017172035439764,0.017172035439763977,0.002989765700638367,0.17939532817319315,0.0001170812824869081,-0.2887314765771445,2,2
200,0.20000000000000015,ramp,20.0,1.2143676523350118,0.0006392303106148578,1.0171959826330965,0.017195982633096518,0.000591454352942119,0.17998678252613526,0.00011795257966537902,-0.047775957672738754,1,2
201,0.20100000000000015,ramp,20.1,1.2176708276454349,0.003303175310423123,1.0173401474874955,0.01734014748749546,0.0030149769259428106,0.18300175945207806,0.00011882287405350296,-0.28819838448031254,2,2
202,0.20200000000000015,ramp,20.2,1.2183212507110546,0.0006504230656196874,1.0173643087427566,0.01736430874275663,0.0006022207377352687,0.18360398018981333,0.00011969832188872499,-0.048202327884418736,1,2
203,0.20300000000000015,ramp,20.3,1.2216490295736506,0.0033277788625960536,1.0175082090083523,0.01750820900835226,0.0030401113657240065,0.18664409155553735,0.0001205727599450702,-0.2876674968720471,2,2
204,0.20400000000000015,ramp,20.4,1.2223107203217018,0.0006616907480512246,1.0175325835224105,0.017532583522410494,0.0006130636644833162,0.18725715522002068,0.00012145233796333176,-0.04862708356790843,1,2
205,0.20500000000000015,ramp,20.5,1.225663028640741,0.00335230831903921,1.0176762202998144,0.017676220299814416,0.003065169517031167,0.19032232473705185,0.00012233089948666322,-0.28713880200804304,2,2
206,0.20600000000000016,ramp,20.6,1.2263360615061054,0.0006730328653643536,1.0177008072711826,0.017700807271182617,0.0006239826373539823,0.19094630737440582,0.0001232145875846868,-0.04905022801037124,1,2
207,0.20700000000000016,ramp,20.7,1.229712825668307,0.003376764162201562,1.0178441816550519,0.01784418165505186,0.0030901518741714056,0.19403645924857724,0.0001240972527262899,-0.2866122880301565,2,2
208,0.20800000000000016,ramp,20.8,1.2303972745959955,0.0006844489276884858,1.0178689802838468,0.017868980283846758,0.0006349771632557485,0.194671436411833,0.00012498503114321036,-0.0494717644327372,1,2
209,0.20900000000000016,ramp,20.9,1.2337984214679498,0.0034011468719543636,1.0180120933629797,0.01801209336297971,0.003115058928726069,0.19778649534055906,0.00012587178038550727,-0.2860879432282945,2,2
210,0.21000000000000016,ramp,21.0,1.234494359915934,0.0006959384479841013,1.0180371028509352,0.018037102850935183,0.0006460467518222406,0.1984325420923813,0.00012676362968572027,-0.049891696161860725,1,2
211,0.21100000000000016,ramp,21.1,1.2379198168414018,0.003425456925467918,1.0181799557082516,0.018179955708251594,0.003139891169561327,0.2015724332619426,0.00012765444382797429,-0.285565755906591,2,2
212,0.21200000000000016,ramp,21.2,1.2386273177832747,0.000707500941872885,1.018205175258749,0.018205175258749096,0.0006571909153968683,0.20222962417733947,0.00012855034488881155,-0.05031002647601671,1,2
213,0.21300000000000016,ramp,21.3,1.2420770125807001,0.0034496947974254066,1.0183477689713647,0.018347768971364697,0.003164649082843245,0.20539427326018272,0.00012944520503625393,-0.2850457145821615,2,2
214,0.21400000000000016,ramp,21.4,1.242796148508484,0.0007191359277838316,1.0183731977894375,0.018373197789437468,0.0006684091690218043,0.20606268242920453,0.00013034513903805955,-0.05072675876202734,1,2
215,0.21500000000000016,ramp,21.5,1.2462700094682566,0.0034738609597726455,1.018515533428773,0.01851553342877299,0.0031893331520492212,0.20925201558125375,0.00013124402659277787,-0.2845278077234243,2,2
216,0.21600000000000016,ramp,21.6,1.2470008523951592,0.0007308429269026195,1.0185411707211605,0.01854117072116046,0.0006797010304206406,0.2099317166116744,0.0001321479750103771,-0.05114189648197892,1,2
217,0.21700000000000016,ramp,21.7,1.2504988082772368,0.0034979558820775747,1.018683249352922,0.018683249352922093,0.003213943857984547,0.21314566046965894,0.00013305087166326992,-0.2840120240930276,2,2
218,0.21800000000000017,ramp,21.8,1.2512414297402898,0.0007426214630530392,1.0187090943281,0.018709094328100084,0.000691066019985742,0.2138367264896447,0.00013395881625825944,-0.051555443067297264,1,2
219,0.21900000000000017,ramp,21.9,1.254763409771515,0.0035219800312251692,1.0188509170123732,0.01885091701237318,0.003238481678794613,0.2170752081684393,0.00013486570398166665,-0.28349835243055616,2,2
220,0.22000000000000017,ramp,22.0,1.255517880834383,0.0007544710628679674,1.0188769688805572,0.018876968880557232,0.0007025036607653935,0.2177777118292047,0.00013577762679524747,-0.051967402102573876,1,2
221,0.22100000000000017,ramp,22.1,1.2590638147060154,0.0035459338716323785,1.0190185366718807,0.019018536671880693,0.0032629470899776247,0.22104065891918231,0.0001366884878360743,-0.28298678165475377,2,2
222,0.22200000000000017,ramp,22.2,1.2598302059616608,0.0007663912556454822,1.0190447946450663,0.019044794645066254,0.0007140134784490027,0.22175467239763133,0.00013760437118232125,-0.052377777196479416,1,2
223,0.22300000000000017,ramp,22.3,1.2634000238269096,0.003569817865248792,1.0191861085924778,0.019186108592477824,0.0032873405643994895,0.22504201296203083,0.00013851918805550317,-0.28247730084930267,2,2
224,0.22400000000000017,ramp,22.4,1.2641784054002807,0.0007783815733710675,1.0192125718845066,0.019212571884506646,0.0007255950013549491,0.22576760796338577,0.0001394390145149524,-0.05278657201611837,1,2
225,0.22500000000000017,ramp,22.5,1.267772037871612,0.003593632471331265,1.019353633031555,0.019353633031554907,0.003311662572305921,0.2290792705356917,0.0001403577699971808,-0.28196989902534414,2,2
226,0.22600000000000017,ramp,22.6,1.2685624794223074,0.0007904415506954088,1.0193803008580775,0.019380300858077515,0.0007372477604156908,0.22981651829610739,0.00014128152241068892,-0.053193790279717955,1,2
227,0.22700000000000017,ramp,22.7,1.272179857569165,0.003617378146857586,1.019521110242928,0.01952111024292802,0.003335913581336332,0.23315243187744372,0.00014220419953447585,-0.2814645655212539,2,2
228,0.22800000000000017,ramp,22.8,1.272982428294021,0.000802570724856011,1.0195479818214783,0.019547981821478322,0.0007489712891662018,0.23390140316660993,0.0001431318609972807,-0.0535994356898092,1,2
229,0.22900000000000018,ramp,22.9,1.2766234836402213,0.003641055346200295,1.0196885404769926,0.019688540476992644,0.0033600940565377438,0.23726149722314768,0.0001440584430451426,-0.280961289662551,2,2
230,0.23000000000000018,ramp,23.0,1.2774382522761034,0.000814768635882146,1.0197156150269684,0.01971561502696839,0.000760765123727801,0.23802226234687549,0.00014498999690118702,-0.05400351215434503,1,2
231,0.23100000000000018,ramp,23.1,1.281102916797359,0.0036646645212556894,1.019855923980668,0.019855923980667933,0.0033842044603782234,0.2414064668072537,0.00014592046740009547,-0.280460060877466,2,2
232,0.23200000000000018,ramp,23.2,1.2819299516236329,0.0008270348262737759,1.0198832007234082,0.019883200723408212,0.0007726288027967504,0.24217909561005044,0.00014685589723648128,-0.05440602347702545,1,2
233,0.23300000000000018,ramp,23.3,1.2856181577451369,0.0036882061215040007,1.0200232609975828,0.02002326099758278,0.003408245252759002,0.24558734086280945,0.00014779023995245888,-0.27996086874499876,2,2
234,0.23400000000000018,ramp,23.4,1.286457526586352,0.0008393688412151601,1.0200507391563856,0.020050739156385555,0.0007845618676315666,0.24637190273044102,0.00014872952959413068,-0.054806973583593536,1,2
235,0.23500000000000018,ramp,23.5,1.290169207180232,0.00371168059387994,1.0201905517681178,0.020190551768117793,0.003432216891027423,0.24980411962146845,0.000149667728527036,-0.27946370285251726,2,2
236,0.23600000000000018,ramp,23.6,1.2910209774086894,0.0008517702284573936,1.020218230568187,0.020218230568187057,0.0007965638620393365,0.2506006834835078,0.00015061086203161587,-0.055206366418057054,1,2
237,0.23700000000000018,ramp,23.7,1.294756065791736,0.003735088383046703,1.020357796529455,0.02035779652945502,0.003456119829990653,0.25405680331349845,0.00015155290141006286,-0.27896855305604984,2,2
238,0.23800000000000018,ramp,23.8,1.2956203043300225,0.0008642385382864326,1.0203856751979985,0.0203856751979985,0.0008086343323622665,0.2548654376458607,0.00015249986306281322,-0.05560420592416607,1,2
239,0.23900000000000018,ramp,23.9,1.2993787342610699,0.003758429931047358,1.0205249955156697,0.020524995515669664,0.0034799545219289605,0.2583453921677897,0.00015344572733931372,-0.2784754091183974,2,2
240,0.24000000000000019,ramp,24.0,1.3002555075847495,0.000876773323679636,1.0205530732818713,0.02055307328187128,0.0008207728274647681,0.25916616499525447,0.00015439650164828203,-0.05600049621486786,1,2
241,0.2410000000000002,ramp,24.1,1.304037213262308,0.0037817056775584224,1.020692148957763,0.020692148957762946,0.0035037214166083394,0.2626698864118628,0.00015534617549442585,-0.27798426095008294,2,2
242,0.2420000000000002,ramp,24.2,1.3049265874023326,0.0008893741400246569,1.0207204250528585,0.020720425052858538,0.0008329788987209529,0.26350286531058376,0.00015630074718574508,-0.056395241303704005,1,2
243,0.2430000000000002,ramp,24.3,1.3087315034622948,0.003804916059962249,1.0208592570837767,0.020859257083776672,0.0035274209612928104,0.2670302862718766,0.0001572542154876253,-0.2774950986694385,2,2
244,0.2440000000000002,ramp,24.4,1.3096335440075624,0.0009020405452675462,1.0208877307410078,0.020887730741007804,0.0008452521000013646,0.26787553837187794,0.00015821256950090013,-0.05678844526618156,1,2
245,0.2450000000000002,ramp,24.5,1.313461605520623,0.0038280615130605877,1.021026320118793,0.021026320118793018,0.003551053600757894,0.27142659197263586,0.00015916981735460513,-0.27700791230269356,2,2
246,0.2460000000000002,ramp,24.6,1.314376377620563,0.0009147720999400644,1.02105499057346,0.021054990573460053,0.0008575919876606377,0.27228418396029647,0.00016013193883849432,-0.05718011227942663,1,2
247,0.2470000000000002,ramp,24.7,1.3182275200899707,0.0038511424694076535,1.0211933382850666,0.021193338285066643,0.0035746197773036336,0.2758588037376001,0.00016109295154574638,-0.27652269210401986,2,2
248,0.2480000000000002,ramp,24.8,1.3191550884569618,0.0009275683669911494,1.021222204774541,0.021222204774540954,0.0008699981205240886,0.27672880185812415,0.0001620588258536313,-0.0575702464670608,1,2
249,0.2490000000000002,ramp,24.9,1.3230292478160506,0.003874159359088747,1.021360311802029,0.02136031180202891,0.003598119930766474,0.2803269217888906,0.0001630235889175655,-0.2760394283222727,2,2
250,0.25000000000000017,ramp,25.0,1.3239696767280258,0.0009404289119752107,1.0213893735657615,0.021389373565761538,0.0008824700598749579,0.2812093918487656,0.00016399320160332719,-0.05795885210025287,1,2
251,0.25100000000000017,ramp,25.1,1.3278667893378695,0.0038971126098437114,1.021527240886357,0.021527240886356935,0.003621554498532537,0.2848309463472981,0.00016496170072437887,-0.27555811131117464,2,2
252,0.25200000000000017,ramp,25.2,1.3288201426406092,0.0009533533027397123,1.0215564971658948,0.021556497165894806,0.0008950073694431585,0.28572595371674125,0.00016593503753835372,-0.05834593329655376,1,2
253,0.25300000000000017,ramp,25.3,1.3327401452877314,0.003920002647122223,1.0216941257520482,0.02169412575204821,0.003644923915548941,0.2893708776322902,0.00016690725861024684,-0.2750787315732818,2,2
254,0.25400000000000017,ramp,25.4,1.3337064863975021,0.0009663411097706742,1.021723575791039,0.021723575791039007,0.0009076096153922354,0.2902784872476824,0.00016788430549523315,-0.05873149437843881,1,2
255,0.25500000000000017,ramp,25.5,1.3376493162914587,0.0039428298939565565,1.021860966610437,0.021860966610437016,0.0036682286143372577,0.29394671586201965,0.00016886023460110033,-0.2746012796192988,2,2
256,0.25600000000000017,ramp,25.6,1.3386287081973223,0.0009793919058636025,1.0218906096546743,0.021890609654674265,0.0009202763663052404,0.2948669922283249,0.00016984097768851317,-0.05911553955836207,1,2
257,0.2570000000000002,ramp,25.7,1.34259430296839,0.003965594771067726,1.022027763670312,0.022027763670311895,0.003691469025007076,0.29855846125333196,0.00017082060109710638,-0.2741257460606504,2,2
258,0.2580000000000002,ramp,25.8,1.3435868082347664,0.0009925052663763978,1.0220575989676841,0.02205759896768411,0.000933007193174352,0.2994914684465063,0.00017180502670321752,-0.05949807320204583,1,2
259,0.2590000000000002,ramp,25.9,1.3475751059315897,0.003988297696823295,1.0221945171378664,0.022194517137866354,0.0037146455752663714,0.30320611402177267,0.00017278833086524324,-0.2736521215569239,2,2
260,0.2600000000000002,ramp,26.0,1.3485807867005626,0.0010056807689728942,1.0222245439384459,0.022224543938445862,0.0009458016693870229,0.3041519156911597,0.00017377642548753488,-0.05987909958587122,1,2
261,0.2610000000000002,ramp,26.1,1.3525917257879019,0.004010939087339294,1.0223612272168712,0.02236122721687117,0.003737758690433805,0.3078896743815935,0.0001747633970320711,-0.27318039690548857,2,2
262,0.2620000000000002,ramp,26.2,1.3536106437816782,0.0010189179937762916,1.0223914447728717,0.022391444772871694,0.0009586593707158984,0.30884833375230936,0.000175755147345672,-0.0602586230603932,1,2
263,0.2630000000000002,ramp,26.3,1.3576441631380565,0.004033519356378301,1.0225278941085967,0.02252789410859668,0.0037608087934531344,0.3126091425457625,0.0001767457730766767,-0.27271056292516677,2,2
264,0.2640000000000002,ramp,26.4,1.3586763796613277,0.0010322165232712344,1.0225583016744184,0.022558301674418413,0.0009715798753018368,0.31358072242106433,0.00017774116593093564,-0.060636647969397516,1,2
265,0.2650000000000002,ramp,26.5,1.3627324185767251,0.004056038915397409,1.0226945180119673,0.022694518011967313,0.003783796304905308,0.31736451872596966,0.0001787354328238711,-0.2722426104921007,2,2
266,0.2660000000000002,ramp,26.6,1.3637779945191228,0.0010455759423977362,1.022725114844157,0.022725114844156957,0.0009845627636475692,0.3183490814896172,0.00017973445523895902,-0.061013178750166965,1,2
267,0.2670000000000002,ramp,26.7,1.3678564926927923,0.004078498173669454,1.0228610991235527,0.02286109912355272,0.0038067216430148518,0.3221558031326321,0.00018073235043748151,-0.2717765306546019,2,2
268,0.2680000000000002,ramp,26.8,1.3689154885311448,0.00105899583835245,1.0228918844808697,0.02289188448086965,0.0009976076186038374,0.32315341075123594,0.00018173498960112844,-0.061388219748612645,1,2
269,0.2690000000000002,ramp,26.9,1.3730163860692262,0.004100897538081405,1.0230276376376037,0.023027637637603737,0.0038295852236701834,0.3269829959749061,0.00018273650041389567,-0.27131231441122156,2,2
270,0.2700000000000002,ramp,27.0,1.374088861870011,0.0010724758007847335,1.0230586107809918,0.023058610780991806,0.0010107140253538113,0.3279937100002599,0.0001837427436782061,-0.061761775430922185,1,2
271,0.2710000000000002,ramp,27.1,1.3782120992833384,0.004123237413327541,1.0231941337461243,0.023194133746124335,0.0038523874604306017,0.3318460974606905,0.00018474785757572118,-0.270849952896939,2,2
272,0.2720000000000002,ramp,27.2,1.379298114704933,0.0010860154215945883,1.023225293938747,0.02322529393874695,0.0010238815714043296,0.3328699790320948,0.00018575769245407354,-0.06213385019025871,1,2
273,0.2730000000000002,ramp,27.3,1.38344363290673,0.004145518201796872,1.023360587638912,0.023360587638912023,0.0038751287645408697,0.3367451077966357,0.00018676639706564528,-0.270389437256002,2,2
274,0.2740000000000002,ramp,27.4,1.3845432472017778,0.0010996142950479015,1.0233919341461157,0.023391934146115734,0.0010371098465732434,0.3377822176432089,0.0001877798112296389,-0.06250444847465814,1,2
275,0.2750000000000002,ramp,27.5,1.3887109875055754,0.004167740303797629,1.023526999503575,0.023526999503574952,0.0038978095449401034,0.34168002718814905,0.00018879209434044642,-0.26993075885752565,2,2
276,0.2760000000000002,ramp,27.6,1.3898242595233263,0.0011132720177509103,1.0235585315929547,0.023558531592954735,0.001050398442978495,0.34273042563112754,0.00018980907561697832,-0.0628735747724154,1,2
277,0.2770000000000002,ramp,27.7,1.3940141636404821,0.004189904117155807,1.0236933695255837,0.023693369525583652,0.0039204302082760985,0.34665085583940364,0.00019082492516512734,-0.26947390887970857,2,2
278,0.2780000000000002,ramp,27.8,1.395141151829029,0.0011269881885469513,1.0237250864669478,0.02372508646694782,0.0010637469550246858,0.34771460279442834,0.0001918454615335129,-0.06324123352226545,1,2
279,0.2790000000000002,ramp,27.9,1.399353161866725,0.00421201003769589,1.0238596978883407,0.023859697888340747,0.003942991158915225,0.35165759395334356,0.0001928648656072634,-0.2690188787806656,2,2
280,0.2800000000000002,ramp,28.0,1.4004939242754175,0.0011407624086925416,1.023891598953723,0.023891598953722948,0.0010771549793933564,0.35273474893273693,0.00019388894519642343,-0.06360742929918521,1,2
281,0.2810000000000002,ramp,28.1,1.4047279827343309,0.004234058458913337,1.024025984773138,0.02402598477313811,0.003965492798955897,0.35670024173169285,0.0001949118920314124,-0.26856565995743953,2,2
282,0.2820000000000002,ramp,28.2,1.4058825770158927,0.0011545942815618382,1.0240580692368193,0.0240580692368193,0.001090622115026921,0.35779086384671976,0.00019593950311716442,-0.06397216653491718,1,2
283,0.2830000000000002,ramp,28.3,1.4101386267881295,0.004256049772236814,1.0241922303593332,0.024192230359333156,0.003987935528240481,0.36177879937496027,0.00019696598109372304,-0.2681142439963334,2,2
284,0.2840000000000002,ramp,28.4,1.4113071102009451,0.001168483412815613,1.0242244974978223,0.024224497497822295,0.0011041479631232658,0.3628829473380835,0.00019799711209610987,-0.06433544969234715,1,2
285,0.2850000000000002,ramp,28.5,1.4155850945677149,0.004277984366769738,1.0243584348241845,0.02435843482418454,0.004010319744363745,0.36689326708244724,0.0001990271097366914,-0.267664622405993,2,2
286,0.2860000000000002,ramp,28.6,1.4167675239782407,0.0011824294105258204,1.0243908839162743,0.02439088391627431,0.0011177321271197797,0.36801099920956704,0.00020006174921736932,-0.06469728340604067,1,2
287,0.2870000000000002,ramp,28.7,1.421067386607731,0.004299862629490336,1.0245245983431006,0.024524598343100612,0.004032645842687653,0.3720436450522547,0.00020109525518395907,-0.26721678680268357,2,2
288,0.2880000000000002,ramp,28.8,1.4222638184925165,0.001196431884785465,1.0245572286697948,0.024557228669794817,0.0011313742126825455,0.37317501926493724,0.00020213339184370604,-0.06505767210291942,1,2
289,0.2890000000000002,ramp,28.9,1.4265855034378165,0.004321684945300053,1.0246907210895335,0.02469072108953352,0.004054914216352452,0.3772299334812897,0.00020317039493535156,-0.26677072894760057,2,2
290,0.2900000000000002,ramp,29.0,1.4277959938859017,0.0012104904480851886,1.0247235319340955,0.02472353193409549,0.0011450738276945534,0.37837500730898427,0.0002042120176115532,-0.06541662039063513,1,2
291,0.2910000000000002,ramp,29.1,1.4321394455826895,0.004343451696787737,1.0248568032350553,0.024856803235055347,0.004077125256287736,0.382452132565272,0.0002052525067619529,-0.2663264405000009,2,2
292,0.2920000000000002,ramp,29.2,1.4333640502977252,0.0012246047150357153,1.0248897938830552,0.024889793883055233,0.0011588305822455844,0.3836109631475176,0.00020629760442621856,-0.06577413279013089,1,2
293,0.2930000000000002,ramp,29.3,1.4377292135622683,0.00436516326454317,1.0250228449493797,0.025022844949379675,0.00409927935122354,0.38771024249874114,0.00020734156870134352,-0.2658839133196306,2,2
294,0.2940000000000002,ramp,29.4,1.438967987864709,0.0012387743024406817,1.0250560146886198,0.025056014688619843,0.0011726440886201824,0.3888828865873613,0.00020839013045715574,-0.06613021382049925,1,2
295,0.2950000000000002,ramp,29.5,1.4433548078916834,0.004386820026974325,1.0251888464004308,0.025188846400430842,0.004121376887699267,0.39300426347506057,0.00020943755905294275,-0.26544313927505825,2,2
296,0.2960000000000002,ramp,29.6,1.444607806721028,0.0012529988293445982,1.0252221945209892,0.025222194520989172,0.0011865139612882802,0.39419077743634884,0.00021048957413335236,-0.06648486805631791,1,2
297,0.2970000000000002,ramp,29.7,1.4490162290813466,0.004408422360318687,1.0253548077543466,0.02535480775434662,0.004143418250079262,0.3983341956864281,0.000211540456373451,-0.26500411023942444,2,2
298,0.2980000000000002,ramp,29.8,1.4502835069983542,0.0012672779170075366,1.0253883335485436,0.02538833354854364,0.0012004398168899268,0.399534635503318,0.00021259591413883992,-0.06683810011760978,1,2
299,0.2990000000000002,ramp,29.9,1.454713477637105,0.004429970638750724,1.0255207291754682,0.025520729175468215,0.004165403820562103,0.40370003932388016,0.00021365023947242511,-0.26456681818862093,2,2
300,0.3000000000000002,ramp,30.0,1.4559950888258366,0.0012816111887317128,1.025554431937938,0.025554431937937938,0.0012144212742261915,0.4049144605981064,0.00021470912940833148,-0.06718991450552127,1,2
301,0.3010000000000002,ramp,30.1,1.4604465540602374,0.004451465234400764,1.025686610826459,0.025686610826459066,0.004187333979192297,0.40910179457729867,0.0002157668874079346,-0.26413125520846714,2,2
302,0.3020000000000002,ramp,30.2,1.4617425523302878,0.0012959982700504469,1.0257204898540864,0.02572048985408637,0.001228457954247645,0.4103302525315463,0.00021682919912289323,-0.06754031580280193,1,2
303,0.3030000000000002,ramp,30.3,1.4662154588474468,0.0044729065171589255,1.0258524528682544,0.02585245286825444,0.004209209103870794,0.4145394616354171,0.00021789037948233324,-0.2636974132881314,2,2
304,0.3040000000000002,ramp,30.4,1.4675258976360985,0.0013104387886517799,1.0258865074602257,0.025886507460225694,0.001242549480044522,0.41578201111546165,0.000218956102705822,-0.06788930860725782,1,2
305,0.3050000000000002,ramp,30.5,1.4720201924910816,0.004494294854983094,1.0260182554601458,0.0260182554601458,0.004231029570366281,0.42001304068582795,0.00022002069523812526,-0.26326528461681314,2,2
306,0.3060000000000002,ramp,30.6,1.4733451248653995,0.0013249323743178554,1.0260524849178998,0.0260524849178998,0.0012566954768339711,0.42126973616266195,0.000221089819818504,-0.06823689748388424,1,2
307,0.3070000000000002,ramp,30.7,1.4778607554791148,0.0045156306137152935,1.0261840187597815,0.02618401875978149,0.004252795752324467,0.4255225319149864,0.00022215781445393567,-0.2628348613908267,2,2
308,0.3080000000000002,ramp,30.8,1.479200234138092,0.0013394786589773222,1.0262184223870288,0.02621842238702876,0.0012708955719526079,0.426793427486939,0.00022323033035646244,-0.06858308702471436,1,2
309,0.3090000000000002,ramp,30.9,1.483737148295171,0.004536914157078797,1.0263497429231794,0.026349742923179376,0.004274508021281599,0.4310679355082206,0.00022430171714055055,-0.26240613579719874,2,2
310,0.3100000000000002,ramp,31.0,1.4850912255718003,0.0013540772766293951,1.0263843200259537,0.0263843200259537,0.001285149394839582,0.4323530849030602,0.00022537761444543517,-0.06892788178981314,1,2
311,0.3110000000000002,ramp,31.1,1.4896493714186043,0.004558145846804029,1.0265154281047832,0.026515428104783245,0.004296166746673715,0.4366492516497339,0.00022645238353708158,-0.2619791001303145,2,2
312,0.3120000000000002,ramp,31.2,1.4910180992820172,0.0013687278634129108,1.0265501779913724,0.02655017799137238,0.0012994565770309368,0.43794870822676485,0.000227531652437603,-0.069271286381974,1,2
313,0.3130000000000002,ramp,31.3,1.4955974253246078,0.004579326042590592,1.02668107445748,0.026681074457479914,0.004317772295850485,0.44226648052261536,0.00022860979410719537,-0.26155374674010756,2,2
314,0.3140000000000002,ramp,31.4,1.496980855382166,0.0013834300575581437,1.0267159964384616,0.026715996438461564,0.001313816752145034,0.4435802972747604,0.0002296924249078232,-0.06961330541310978,1,2
315,0.3150000000000002,ramp,31.5,1.5015813104842526,0.00460045510208662,1.0268466821326028,0.026846682132602773,0.004339325034080636,0.447919622308841,0.0002307739295354068,-0.26113006800598454,2,2
316,0.3160000000000002,ramp,31.6,1.5029794939835326,0.0013981834992800035,1.0268817755208335,0.026881775520833484,0.0013282295558762905,0.44924785186471733,0.00023185991265000768,-0.06995394340371298,1,2
317,0.3170000000000002,ramp,31.7,1.5076010273644824,0.004621533380949838,1.0270122512800044,0.027012251280004396,0.004360825324566301,0.4536086771892836,0.00023294477072354278,-0.26070805638353683,2,2
318,0.3180000000000002,ramp,31.8,1.5090140151954583,0.0014129878309758759,1.027047515390637,0.0270475153906371,0.0013426946259793785,0.45495137181526296,0.00023403409667357712,-0.07029320499649734,1,2
319,0.31900000000000023,ramp,31.9,1.5136565764281977,0.004642561232739428,1.0271777820480297,0.027177782048029675,0.004382273528455951,0.4593336453437189,0.00023512229878716557,-0.2602877042834776,2,2
320,0.32000000000000023,ramp,32.0,1.5150844191252388,0.001427842697041104,1.027213216198474,0.027213216198473944,0.0013572116022608246,0.4606908569459797,0.0002362149581999889,-0.07063109478027936,1,2
321,0.32100000000000023,ramp,32.1,1.5197479581343887,0.004663539009149842,1.027343274583546,0.027343274583546018,0.004403670004848541,0.46509452695082826,0.00023730649505216154,-0.2598690043013009,2,2
322,0.32200000000000023,ramp,32.2,1.5211907058782264,0.0014427477438376801,1.027378878093522,0.02737887809352202,0.0013717801265714577,0.4664663070773997,0.0002384024786593015,-0.07096761726622242,1,2
323,0.32300000000000023,ramp,32.3,1.5258751729380597,0.004684467059833386,1.0275087290320288,0.027508729032028834,0.0044250151108078655,0.47089132218820756,0.00023949734105137199,-0.25945194902552043,2,2
324,0.32400000000000023,ramp,32.4,1.5273328755579987,0.0014577026199389387,1.0275445012235433,0.02754450122354335,0.0013863998427893652,0.47227772203099694,0.0002405966396868853,-0.0713027771495735,1,2
325,0.32500000000000023,ramp,32.5,1.5320382212903358,0.004705345732337163,1.0276741455374887,0.027674145537488704,0.004446309201376863,0.4767240312323738,0.00024169481852131662,-0.2590365309602998,2,2
326,0.32600000000000023,ramp,32.6,1.533510928266102,0.0014727069757660693,1.0277100857348132,0.02771008573481315,0.0014010703968149161,0.4781251016291887,0.00024279742312015103,-0.07163657895115322,1,2
327,0.32700000000000023,ramp,32.7,1.5382371036385583,0.004726175372456343,1.0278395242425693,0.027839524242569302,0.0044675526295794585,0.4825926542587682,0.00024389890939896077,-0.25862274287688414,2,2
328,0.32800000000000024,ramp,32.8,1.5397248641023449,0.0014877604637866249,1.0278756317722533,0.027875631772253273,0.001415791436556776,0.484008445695325,0.0002450048109953841,-0.07196902722984887,1,2
329,0.32900000000000024,ramp,32.9,1.544471820426258,0.004746956323913087,1.0280048652885265,0.028004865288526526,0.004488745746439501,0.48849719144176446,0.00024610959581857015,-0.25821057747358633,2,2
330,0.33000000000000024,ramp,33.0,1.545974683164796,0.0015028627385380577,1.0280411394794216,0.02804113947942155,0.0014305626119244777,0.48992775405368894,0.00024721878554461113,-0.07230012661358005,1,2
331,0.33100000000000024,ramp,33.1,1.5507423720932416,0.00476768892844559,1.0281701688152753,0.028170168815275343,0.0045098889009841025,0.494437642954673,0.0002483268601086512,-0.25780002746148784,2,2
332,0.33200000000000024,ramp,33.2,1.552260385549675,0.0015180134564334313,1.0282066089984883,0.02820660899848826,0.0014453835748169145,0.49588302652948996,0.0002494393291925783,-0.07262988161651682,1,2
333,0.33300000000000024,ramp,33.3,1.5570487590756141,0.0047883735259390825,1.028335434961393,0.028335434961392902,0.0045309824402578105,0.5004140089697477,0.000250550684788899,-0.257391085681272,2,2
334,0.33400000000000024,ramp,33.4,1.5585819713516313,0.001533212276017215,1.0283720404703267,0.02837204047032671,0.0014602539791107104,0.5018742629488585,0.0002516664245537348,-0.07295829690650472,1,2
335,0.33500000000000024,ramp,33.5,1.5633909818059075,0.004809010454276175,1.0285006638641476,0.028500663864147624,0.0045520267093351816,0.5064262896581937,0.00025278105256730445,-0.25698374494099313,2,2
336,0.33600000000000024,ramp,33.6,1.5649394406635122,0.0015484588576046843,1.0285374340344517,0.028537434034451747,0.0014751734806497962,0.5079014631388435,0.00025390005442936254,-0.07328537695488807,1,2
337,0.33700000000000024,ramp,33.7,1.5697690407130005,0.004829600049488292,1.0286658556595063,0.0286658556595063,0.004573022051324929,0.5124744851901685,0.0002550179463372058,-0.25657799816336274,2,2
338,0.33800000000000024,ramp,33.8,1.571332793576612,0.001563752863611434,1.0287027898291587,0.028702789829158748,0.001490141737237969,0.5139646269274064,0.0002561402018046826,-0.07361112637346498,1,2
339,0.33900000000000025,ramp,33.9,1.5761829362222297,0.004850142645617783,1.028831010482202,0.028831010482202046,0.0045939688073834035,0.5185585957347898,0.00025726134917450653,-0.2561738382343796,2,2
340,0.34000000000000025,ramp,34.0,1.5777620301806157,0.0015790939583859576,1.0288681079913724,0.028868107991372405,0.001505158408629108,0.5200637541434189,0.0002583868498460773,-0.07393554975684966,1,2
341,0.34100000000000025,ramp,34.1,1.582632668755445,0.004870638574829389,1.0289961284656512,0.02899612846565125,0.004614867316725797,0.5246786214601447,0.00025951124433490005,-0.2557712581035916,2,2
342,0.34200000000000025,ramp,34.2,1.5842271505635368,0.0015944818080917411,1.02903338865685,0.0290333886568499,0.001520223156511407,0.5261988446166561,0.0002606399818983626,-0.07425865158033418,1,2
343,0.34300000000000025,ramp,34.3,1.5891182387310252,0.0048910881674884,1.029161209742085,0.029161209742085026,0.004635717916632118,0.5308345625332882,0.000261767615251152,-0.25537025085628234,2,2
344,0.34400000000000025,ramp,34.4,1.5907281548119938,0.0016099160809686097,1.0291986319600774,0.029198631960077437,0.0015353356445049922,0.5323698981777932,0.0002628995814820529,-0.0745804364636175,1,2
345,0.34500000000000025,ramp,34.5,1.5956396465639588,0.004911491751965036,1.0293262544424984,0.029326254442498367,0.004656520942464018,0.5370264191202573,0.0002640304455304572,-0.25497080950101764,2,2
346,0.34600000000000025,ramp,34.6,1.5972650430110216,0.0016253964470627214,1.0293638380342924,0.029363838034292433,0.0015504955381435688,0.5385769146584009,0.00026516563229082927,-0.07490090891915253,1,2
347,0.34700000000000025,ramp,34.7,1.602196892665806,0.004931849654784326,1.0294912626967263,0.029491262696726306,0.004677276727668332,0.5432541913860692,0.00026629971895183254,-0.254572927115994,2,2
348,0.34800000000000025,ramp,34.8,1.6038378152442117,0.0016409225784057568,1.0295290070115855,0.02952900701158545,0.0015657025048715952,0.5448198938909409,0.0002674381181888841,-0.07522007353416159,1,2
349,0.34900000000000025,ramp,34.9,1.6087899774447914,0.004952162200579702,1.0296562346333393,0.02965623463333933,0.004697985603789873,0.5495178794947307,0.00026857541946357543,-0.25417659678982857,2,2
350,0.35000000000000026,ramp,35.0,1.6104464715936242,0.0016564941488328433,1.0296941390228473,0.029694139022847343,0.0015809562140318173,0.5510988357087626,0.0002697170232084491,-0.07553793480102595,1,2
351,0.35100000000000026,ramp,35.1,1.6154189013059135,0.0049724297122892835,1.029821170379835,0.029821170379835005,0.004718647900480908,0.5558174836092435,0.00027085753118079135,-0.2537818118083755,2,2
352,0.35200000000000026,ramp,35.2,1.6170910121400115,0.0016721108340980173,1.0298592341977684,0.02985923419776837,0.001596256336853749,0.5574137399460973,0.0002720023315473021,-0.0758544972442683,1,2
353,0.35300000000000026,ramp,35.3,1.6220836646508197,0.00499265251080816,1.0299860700625085,0.02998607006250853,0.004739263945510731,0.562153003891608,0.0002731460383828956,-0.25338856529742887,2,2
354,0.35400000000000026,ramp,35.4,1.6237714369626732,0.0016877723118535748,1.0300242926649366,0.030024292664936558,0.0016116025464465037,0.5637646064380546,0.00027429402756637915,-0.07616976540707111,1,2
355,0.35500000000000026,ramp,35.5,1.628784267877981,0.005012830915307687,1.0301509338065655,0.030150933806565527,0.004759834064775823,0.5685244405028305,0.0002754409255113044,-0.2529968505318638,2,2
356,0.35600000000000026,ramp,35.6,1.6304877461395857,0.0017034782616047739,1.030189314551782,0.030189314551781976,0.001626994517788474,0.5701514350206189,0.00027659209578737406,-0.0764837438162998,1,2
357,0.35700000000000026,ramp,35.7,1.6355207113826724,0.005032965243086718,1.0303157617360619,0.030315761736061875,0.004780358582308548,0.5749317936029275,0.00027774217716700403,-0.25260666077816984,2,2
358,0.35800000000000026,ramp,35.8,1.637239939747393,0.0017192283647204931,1.0303542999846194,0.03035429998461936,0.0016424319277152898,0.5765742255306427,0.00027889652089043446,-0.07679643700520336,1,2
359,0.35900000000000026,ramp,35.9,1.6422929955570575,0.005053055809664642,1.030480553973975,0.030480553973974978,0.004800837820289564,0.5813750633509324,0.0002800497781083062,-0.2522179893750774,2,2
360,0.36000000000000026,ramp,36.0,1.6440280178613813,0.0017350223043237634,1.030519249088652,0.03051924908865189,0.0016579144549137342,0.5830329778058461,0.0002812072877118846,-0.07710784941002916,1,2
361,0.36100000000000027,ramp,36.1,1.6491011207901023,0.005073102928720985,1.0306453106421671,0.030645310642167134,0.004821272099052903,0.587854249904899,0.0002823637132485916,-0.25183082966808223,2,2
362,0.36200000000000027,ramp,36.2,1.6508519805555781,0.0017508597654758429,1.030684161988049,0.030684161988048908,0.0016734417799091693,0.5895276916848081,0.00028352438124198303,-0.0774179855666736,1,2
363,0.36300000000000027,ramp,36.3,1.655945087467802,0.005093106912223755,1.0308100318614888,0.030810031861488785,0.004841661737100073,0.5943693534219082,0.00028468396765405306,-0.2514451751236815,2,2
364,0.36400000000000027,ramp,36.4,1.6577118279028418,0.0017667404350398819,1.0308490388058444,0.030849038805844442,0.0016890135850574264,0.5960583670069657,0.00028584778662275434,-0.07772684998245548,1,2
365,0.36500000000000027,ramp,36.5,1.662824895972986,0.005113068070144333,1.030974717751708,0.030974717751707903,0.0048620070511082684,0.600920374058074,0.00028701052654161606,-0.2510610190360647,2,2
366,0.36600000000000027,ramp,36.6,1.6646075599746788,0.001782664001692691,1.031013879664043,0.031013879664042898,0.001704629554534162,0.6026250036126082,0.0002881774891458541,-0.078034447158529,1,2
367,0.36700000000000027,ramp,36.7,1.6697405466855972,0.005132986710918441,1.0311393684315517,0.03113936843155174,0.0048823083559384195,0.6075073119685466,0.0002893433752767346,-0.2506783549800218,2,2
368,0.36800000000000027,ramp,36.8,1.6715391768414514,0.0017986301558541307,1.0311786846836197,0.03117868468361973,0.0017202893743272238,0.6092276013428738,0.00029051347425040777,-0.07834078152690686,1,2
369,0.36900000000000027,ramp,36.9,1.6766920399825636,0.005152863141112185,1.031303984018741,0.031303984018741016,0.00490256596464416,0.6141301673075179,0.0002916824993713385,-0.25029717646802513,2,2
370,0.3700000000000003,ramp,37.0,1.6785066785723428,0.0018146385897792605,1.0313434539844937,0.031343453984493674,0.0017359927322269017,0.6158661600397448,0.00029285572752102873,-0.07864585755235878,1,2
371,0.3710000000000003,ramp,37.1,1.6836793762378233,0.005172697665480452,1.0314685646299517,0.031468564629951734,0.004922780188484961,0.6207889402282297,0.0002940278844818143,-0.24991747699549138,2,2
372,0.3720000000000003,ramp,37.2,1.685510065235383,0.0018306889975596707,1.031508187685604,0.03150818768560404,0.0017517393178147452,0.6225406795460444,0.000295204234685725,-0.07894967974492553,1,2
373,0.3730000000000003,ramp,37.3,1.6907025558224942,0.0051924905871112426,1.0316331103809107,0.031633110380910656,0.004942951336929352,0.6274836308829738,0.00029637951640695375,-0.24953925018189083,2,2
374,0.3740000000000003,ramp,37.4,1.6925493365990936,0.0018467807765993882,1.0316728855260724,0.03167288552607239,0.0017675292875817064,0.6292511601705555,0.00029755890958551727,-0.07925148901768184,2,2
375,0.3750000000000003,ramp,37.5,1.6977615777297048,0.00521224113061125,1.0317976209058193,0.03179762090581928,0.004963078844264377,0.6342142390148199,0.00029873722797337264,-0.24916228634687312,2,2
376,0.3760000000000003,ramp,37.6,1.6996244928705044,0.0018629151407996147,1.0318375479173594,0.03183754791735938,0.0017833622887914065,0.6359976013036113,0.00029991971904560734,-0.07955285200820822,2,2
377,0.3770000000000003,ramp,37.7,1.704856443664468,0.005231950793963547,1.0319620967829228,0.03196209678292283,0.004983163875048906,0.6409807651786602,0.00030110114597515033,-0.24878691891464053,2,2
378,0.3780000000000003,ramp,37.8,1.7067355342658448,0.0018790906013768094,1.0320021750538642,0.03200217505386416,0.0017992376065012728,0.6427800027851615,0.00030228673706895315,-0.0798529948755366,2,2
379,0.3790000000000003,ramp,37.9,1.7119871540217084,0.005251619755863635,1.032126538141767,0.032126538141767025,0.005003206737703911,0.6477832095228654,0.0003034712676024987,-0.248413018159724,2,2
380,0.3800000000000003,ramp,38.0,1.7138824608671044,0.001895306845395961,1.0321667670601258,0.03216676706012578,0.0018151549378215932,0.649598364460687,0.0003046599529668038,-0.08015190757436774,2,2
381,0.3810000000000003,ramp,38.1,1.719153709170358,0.0052712483032535395,1.0322909450989148,0.032290945098914836,0.005023207734996298,0.6546215721956833,0.00030584758084034467,-0.24804056825724133,2,2
382,0.3820000000000003,ramp,38.2,1.7210652727422886,0.0019115635719306745,1.0323313240530092,0.0323313240530092,0.0018311139812553193,0.6564526861769386,0.0003070393540212091,-0.08044959067535522,2,2
383,0.3830000000000003,ramp,38.3,1.7263561094706255,0.005290836728336856,1.0324553177670042,0.032455317767004166,0.005043167167698819,0.6614958533446375,0.0003082300726892091,-0.24766956063803758,2,2
384,0.3840000000000003,ramp,38.4,1.7282839699549726,0.0019278604843471214,1.0324958461466778,0.032495846146677776,0.0018471144369639923,0.6633429677816014,0.00030942492709498096,-0.08074604738312913,2,2
385,0.3850000000000003,ramp,38.5,1.7335943552780966,0.005310385323124001,1.0326196562566912,0.032619656256691165,0.0050630853348099135,0.6684060531164113,0.00031061872995715014,-0.24729998831408712,2,2
386,0.3860000000000003,ramp,38.6,1.7355385525664362,0.0019441972883396108,1.0326603334537787,0.03266033345377872,0.0018631560068041433,0.6702692091232154,0.0003118166589852057,-0.08104128153546748,2,2
387,0.3870000000000003,ramp,38.7,1.7408684469448166,0.005329894378380384,1.0327839606773124,0.032783960677312374,0.005082962533585857,0.6753521716568013,0.00031301353945598916,-0.24693184479452746,2,2
388,0.3880000000000003,ramp,38.8,1.742829020636471,0.001960573691654366,1.0328247860856812,0.03282478608568118,0.0018792383943465464,0.6772314100511478,0.0003142145365347481,-0.0813352973078195,2,2
389,0.3890000000000003,ramp,38.9,1.748178384819723,0.005349364183252048,1.0329482311371028,0.03294823113710277,0.0051027990595647,0.6823342091107125,0.00031541448806937525,-0.24656512368734748,2,2
390,0.3900000000000003,ramp,39.0,1.7501553742235507,0.0019769894038277336,1.0329892041527697,0.032989204152769736,0.0018953613048681764,0.6842295704155807,0.00031661854667491997,-0.08162809895955717,2,2
391,0.3910000000000003,ramp,39.1,1.7555241692490116,0.005368795025460837,1.033112467743347,0.033112467743346974,0.005122595206574266,0.6893521656221551,0.0003178215627803156,-0.2461998188865713,2,2
392,0.3920000000000003,ramp,39.2,1.7575176133851702,0.001993444136158651,1.0331535877644453,0.033153587764445325,0.001911524445342823,0.6912636900674979,0.0003190286764436441,-0.0819196908158279,2,2
393,0.3930000000000003,ramp,39.3,1.7629058005761347,0.005388187190964455,1.0332766706023668,0.03327667060236683,0.005142351266747181,0.6964060413342451,0.00032023475068320036,-0.24583592421727457,2,2
394,0.3940000000000003,ramp,39.4,1.7649157381777687,0.0020099376016340376,1.0333179370292427,0.033317937029242684,0.001927727524436432,0.6983337688586816,0.0003214449129933987,-0.0822100771976056,2,2
395,0.3950000000000003,ramp,39.5,1.7703232791419001,0.00540754096413143,1.0334408398196315,0.03344083981963153,0.005162067530527852,0.7034958363892094,0.0003226540389891283,-0.2454734336035779,2,2
396,0.3960000000000003,ramp,39.6,1.7723497486568651,0.0020264695149649903,1.0334822520547446,0.03348225205474464,0.0019439702524961945,0.7054398066417056,0.00032386724359465306,-0.08249926246879581,2,2
397,0.3970000000000003,ramp,39.7,1.777776605284573,0.00542685662770781,1.0336049754997685,0.033604975499768486,0.005181744286683097,0.7106215509283886,0.0003250794150278509,-0.24511234102471327,2,2
398,0.3980000000000003,ramp,39.8,1.779819644877057,0.002043039592483975,1.0336465329477513,0.03364653294775133,0.0019602523415430903,0.7125818032699317,0.0003262956556368289,-0.0827872509408848,2,2
399,0.3990000000000003,ramp,39.9,1.7852657793398552,0.005446134462798291,1.033769077746514,0.033769077746514053,0.0052013818223085595,0.7177831850922403,0.0003275108662481495,-0.24475264048973155,2,2
400,0.4000000000000003,ramp,40.0,1.7873254268920853,0.0020596475522300928,1.0338107798142036,0.03381077981420355,0.0019765735052664274,0.7197597585975067,0.0003287301366282535,-0.08307404696366541,2,2
401,0.4010000000000003,ramp,40.1,1.7927908016410128,0.005465374748927498,1.0339331466628294,0.03393314666282943,0.005220980422837933,0.7249807390203447,0.00032994838021740963,-0.24439432608956527,2,2
402,0.4020000000000003,ramp,40.2,1.7948670947548833,0.0020762931138704754,1.033974992759168,0.03397499275916793,0.0019929334590096377,0.7269736724793543,0.00033117067419536234,-0.08335965486083773,2,2
403,0.4030000000000003,ramp,40.3,1.800351672518743,0.005484577763859688,1.0340971823508343,0.034097182350834254,0.005240540372055068,0.7322142128514093,0.0003323919446205874,-0.2440373918046199,2,2
404,0.4040000000000003,ramp,40.4,1.802444648517461,0.0020929759987180496,1.0341391718869644,0.03413917188696436,0.002009331919765379,0.7342235447711747,0.0003336172560816735,-0.08364407895267069,2,2
405,0.4050000000000003,ramp,40.5,1.8079483923013284,0.005503743783867421,1.0342611849118715,0.03426118491187147,0.005260061952099203,0.7394836067232738,0.00033484154725911167,-0.2436818317682176,2,2
406,0.4060000000000003,ramp,40.6,1.8100580882310717,0.002109695929743305,1.0343033173010348,0.03430331730103475,0.002025768606164959,0.7415093753294388,0.0003360698701464296,-0.08392732357834568,2,2
407,0.4070000000000003,ramp,40.7,1.8155809613147444,0.005522873083672719,1.0344251544464713,0.03442515444647132,0.0052795454434750606,0.7467889207729139,0.0003372971760494587,-0.24332764019765854,2,2
408,0.4080000000000003,ramp,40.8,1.8177074139461613,0.002126452631416864,1.0344674291040676,0.03446742910406764,0.0020422432384711157,0.748831164011385,0.00033852850436327775,-0.08420939294574845,2,2
409,0.4090000000000003,ramp,40.9,1.8232493798824216,0.005541965936260329,1.0345890910544182,0.03458909105441821,0.0052989911250615005,0.7541301551364465,0.0003397588190218072,-0.24297481119882855,2,2
410,0.4100000000000003,ramp,41.0,1.8253926257124005,0.0021432458299788237,1.0346315073979941,0.03463150739799414,0.00205875553856878,0.7561889106750154,0.0003409931468188005,-0.08449029141004366,2,2
411,0.4110000000000003,ramp,41.1,1.8309536483254822,0.005561022613081779,1.0347529948346712,0.0347529948346712,0.00531839927411784,0.7615073099491332,0.00034222646431855,-0.24262333896393848,2,2
412,0.4120000000000003,ramp,41.2,1.8331137235786894,0.002160075253207161,1.0347955522839098,0.03479555228390985,0.002075305229958782,0.763582615179092,0.0003434637857111429,-0.08477002324837898,2,2
413,0.4130000000000003,ramp,41.3,1.8386937669627192,0.0055800433840298425,1.0349168658854884,0.03491686588548837,0.005337770166293053,0.768920385345385,0.0003447001001929222,-0.24227321773678984,2,2
414,0.4140000000000003,ramp,41.4,1.8408707075931687,0.0021769406304494865,1.0349595638621876,0.03495956386218757,0.0020918920377458834,0.7710122773831308,0.00034594040934852094,-0.0850485927036031,2,2
415,0.4150000000000003,ramp,41.5,1.8464697361105977,0.005599028517428994,1.035080704304325,0.03508070430432508,0.005357104075641577,0.7763693814587724,0.0003471797150075198,-0.24192444178741754,2,2
416,0.4160000000000003,ramp,41.6,1.8486635778032694,0.002193841692671672,1.0351235422324103,0.03512354223241032,0.002108515688629105,0.7784778971474016,0.0003484230061477831,-0.08532600404256678,2,2
417,0.4170000000000003,ramp,41.7,1.854281556083218,0.005617978279948588,1.0352445101879308,0.035244510187930844,0.005376401274618282,0.7838542984220198,0.0003496652972328748,-0.2415770053303054,2,2
418,0.4180000000000003,ramp,41.8,1.8564923342556594,0.002210778172441419,1.035287487493448,0.0352874874934479,0.002125175910900866,0.7859794743329207,0.00035091156463307595,-0.08560226154055282,2,2
419,0.4190000000000003,ramp,41.9,1.8621292271924572,0.0056368929367978104,1.0354082836323109,0.035408283632310855,0.005395662034098585,0.7913751363670193,0.0003521568354461232,-0.24123090269922554,2,2
420,0.4200000000000003,ramp,42.0,1.8643569769962958,0.0022277498038385524,1.0354513997433985,0.035451399743398504,0.002141872434432514,0.7935170088014518,0.00035340607343438716,-0.08587736940603857,2,2
421,0.4210000000000003,ramp,42.1,1.8700127497480104,0.005655772751714583,1.0355720247327234,0.03557202473272336,0.0054148866233764996,0.7989318954248283,0.00035465431832955297,-0.24088612833808326,2,2
422,0.4220000000000003,ramp,42.2,1.8722575060704802,0.0022447563224698985,1.0356152790796604,0.035615279079660445,0.002158604990668389,0.8010905004154967,0.0003559065212862512,-0.08615133180150947,2,2
423,0.4230000000000003,ramp,42.3,1.877932124057141,0.0056746179866606905,1.0357357335837527,0.035735733583752705,0.005434075310183091,0.8065245757256798,0.00035715773466932536,-0.24054267647759947,2,2
424,0.4240000000000003,ramp,42.4,1.880193921522795,0.002261797465654025,1.0357791255988817,0.035779125598881745,0.002175373312614452,0.8086999490382942,0.0003584128970263439,-0.08642415303957307,2,2
425,0.4250000000000003,ramp,42.5,1.8858873504250826,0.005693428902287634,1.0358994102792491,0.035899410279249144,0.005453228360689292,0.8141531773989835,0.00035966707335410744,-0.240200541598342,2,2
426,0.4260000000000003,ramp,42.6,1.8881662233971812,0.002278872972098611,1.0359429393970319,0.03594293939703186,0.002192177134834284,0.8163453545338178,0.000360925189594222,-0.08669583726432722,2,2
427,0.4270000000000003,ramp,42.7,1.893878429154804,0.005712205757622879,1.0360630549123575,0.036063054912357506,0.005472346039513085,0.8218177005733309,0.0003621823233738068,-0.2398597181097941,2,2
428,0.4280000000000003,ramp,42.8,1.8961744117368797,0.0022959825820756397,1.0361067205693277,0.03610672056932773,0.0022090161934368155,0.8240267167667678,0.0003634433880300364,-0.0869663886388242,2,2
429,0.4290000000000003,ramp,42.9,1.9019053605470182,0.00573094881013847,1.0362266675755556,0.03622666757555559,0.005491428609733416,0.8295181453765011,0.0003647034738182478,-0.23952020040505367,2,2
430,0.4300000000000003,ramp,43.0,1.9042184865845135,0.002313126037495339,1.036270469210325,0.03627046921032506,0.0022258902260718395,0.831744035602573,0.0003659674814732504,-0.08723581142349932,2,2
431,0.4310000000000003,ramp,43.1,1.9099681449004628,0.005749658315949313,1.0363902483605971,0.03639024836059712,0.0055104763328886605,0.8372545119354617,0.00036723051387600226,-0.2391819830606526,2,2
432,0.43200000000000033,ramp,43.2,1.9122984479820546,0.002330303081591767,1.0364341854138748,0.036434185413874776,0.0022427989719218232,0.8394973109073836,0.0003684974591614352,-0.08750410966994367,2,2
433,0.43300000000000033,ramp,43.3,1.9180667825115723,0.005768334529517638,1.0365537973586094,0.03655379735860942,0.005529489468992537,0.8450268003763761,0.000369763432833125,-0.2388450605251011,2,2
434,0.43400000000000033,ramp,43.4,1.9204142959709376,0.002347513459365347,1.0365978692731714,0.036597869273171435,0.0022597421716913104,0.8472865425480675,0.0003710333104290072,-0.08777128767403644,2,2
435,0.43500000000000033,ramp,43.5,1.9262012736748075,0.005786977703869933,1.0367173146600162,0.036717314660016154,0.00554846827654149,0.852835010824609,0.0003723022200719123,-0.23850942732844305,2,2
436,0.43600000000000033,ramp,43.6,1.92856603059182,0.002364756917012434,1.0367615208806817,0.03676152088068174,0.0022767195675990684,0.8551117303922081,0.0003735750247061071,-0.08803734941336544,2,2
437,0.43700000000000033,ramp,43.7,1.934371618682393,0.005805588090572966,1.036880800354602,0.03688080035460195,0.00556741301251846,0.8606791434047266,0.00037484686506979143,-0.23817507805450663,2,2
438,0.43800000000000033,ramp,43.8,1.93675365188493,0.0023820332025370483,1.0369251403282744,0.03692514032827443,0.0022937309033720737,0.8629728743080987,0.0003761225915173662,-0.08830229916497465,2,2
439,0.43900000000000033,ramp,43.9,1.9425778178245858,0.005824165939655845,1.0370442545314535,0.037044254531453547,0.005586323932405546,0.8685591982405042,0.0003773973573981524,-0.23784200725029958,2,2
440,0.44000000000000034,ramp,44.0,1.944977159889803,0.0023993420652170805,1.0370887277071204,0.03708872770712035,0.0023107759242383006,0.8708699741647425,0.00037867600048081286,-0.08856614097877985,2,2
441,0.44100000000000034,ramp,44.1,1.9508198713895406,0.005842711499737696,1.0372076772791068,0.03720767727910679,0.005605201290187132,0.8764751754549297,0.00037995368672115643,-0.2375102095505642,2,2
442,0.44200000000000034,ramp,44.2,1.9532365546453965,0.002416683255855867,1.037252283107724,0.037252283107723994,0.002327854376915286,0.878803029831845,0.00038123524130672645,-0.0888288789405809,2,2
443,0.44300000000000034,ramp,44.3,1.9590977796633875,0.005861225017991023,1.0373710686853634,0.03737106868536344,0.005624045338362423,0.8844270751702075,0.00038251584279470804,-0.23717967962859962,2,2
444,0.44400000000000034,ramp,44.4,1.9615318361901828,0.002434056526795292,1.037415806619988,0.03741580661998789,0.0023449660096036083,0.8867720411798111,0.0003838003037965105,-0.08909051719168358,2,2
445,0.44500000000000034,ramp,44.5,1.967411542930226,0.0058797067400431224,1.0375344288374413,0.03753442883744129,0.005642856327952582,0.8924148975077637,0.00038508381546527635,-0.23685041209054075,2,2
446,0.44600000000000034,ramp,44.6,1.969863004562018,0.0024514616317921067,1.037579298333159,0.037579298333159095,0.0023621105719815426,0.8947770080797453,0.00038637117784166337,-0.08935105981056415,2,2
447,0.44700000000000034,ramp,44.7,1.9757611614721569,0.005898156910138841,1.0376977578219146,0.037697757821914646,0.005661634508501557,0.9004386425882468,0.0003876575946688916,-0.2365224016372836,2,2
448,0.44800000000000034,ramp,44.8,1.978230059798253,0.0024688983260960917,1.0377427583358467,0.03774275833584673,0.00237928781519503,0.9028179304034418,0.00038894785342266186,-0.08961051090106185,2,2
449,0.44900000000000034,ramp,44.9,1.9841466355693609,0.005916575771107935,1.0378610557247694,0.03786105572476939,0.005680380128096534,0.9084983105315384,0.00039023717043005926,-0.23619564301140086,2,2
450,0.45000000000000034,ramp,45.0,1.9866330019356273,0.0024863663662664237,1.0379061867160424,0.0379061867160424,0.002396497491849462,0.9108948080233878,0.00039153032060794147,-0.08986887441696191,2,2
451,0.45100000000000035,ramp,45.1,1.9925679654998798,0.005934963564252493,1.0380243226313577,0.03802432263135769,0.005699093433361785,0.9165939014567497,0.0003928225328607019,-0.235870130890708,2,2
452,0.45200000000000035,ramp,45.2,1.995071831010438,0.0025038655105582563,1.0380695835611378,0.038069583561137765,0.0024137393560069633,0.9190076408127567,0.0003941185695528708,-0.09012615455129304,2,2
453,0.45300000000000035,ramp,45.3,2.001025151540059,0.005953320529620942,1.0381875586264395,0.03818755862643952,0.00571777466947364,0.9247254154822303,0.00039541367215916194,-0.23554586014730253,2,2
454,0.45400000000000035,ramp,45.4,2.003546547058442,0.0025213955183831516,1.0382329489578934,0.03823294895789342,0.0024310131631711694,0.9271564286454015,0.0003967125904987153,-0.09038235521198218,2,2
455,0.45500000000000035,ramp,45.5,2.0095181939640843,0.005971646905642114,1.0383507637941747,0.03835076379417468,0.005736424080173691,0.9328928527255752,0.0003980105786092223,-0.235222825468423,2,2
456,0.45600000000000035,ramp,45.6,2.012057150114893,0.00253895615080868,1.0383962829924915,0.03839628299249154,0.0024483186702809593,0.9353411713958562,0.00039931237377166827,-0.09063748052772067,2,2
457,0.45700000000000035,ramp,45.7,2.0180470930443875,0.005989942929494507,1.0385139382181368,0.038513938218136756,0.0057550419077647364,0.9410962133036209,0.0004006132425790711,-0.2349010217297708,2,2
458,0.45800000000000035,ramp,45.8,2.0206036402145147,0.0025565471701272102,1.0385595857504666,0.038559585750466585,0.0024656556357075124,0.9435618689393285,0.0004019179097818731,-0.09089153441969779,2,2
459,0.45900000000000035,ramp,45.9,2.0266118490514176,0.006008208836902895,1.0386770819813111,0.038677081981311145,0.005773628393128059,0.9493354973324565,0.00040322165452037463,-0.23458044377483617,2,2
460,0.46000000000000035,ramp,46.0,2.0291860173916003,0.0025741683401827586,1.0387228573168588,0.03872285731685876,0.00248302381924519,0.9518185211517016,0.00040452918902244975,-0.09114452093756872,2,2
461,0.46100000000000035,ramp,46.1,2.0352124622537358,0.006026444862135438,1.0388401951661155,0.038840195166115477,0.005792183775721227,0.9576107049274228,0.0004058358049673023,-0.23426108641421123,2,2
462,0.46200000000000035,ramp,46.2,2.037804281679947,0.002591819426211117,1.038886097776052,0.0388860977760519,0.0025004229821022055,0.960111127909525,0.0004071462020685654,-0.09139644410891164,2,2
463,0.46300000000000036,ramp,46.3,2.043848932918118,0.006044651238171106,1.0390032778543807,0.039003277854380736,0.005810708293594611,0.9659218362031197,0.00040845568453561125,-0.23394294457649514,2,2
464,0.46400000000000036,ramp,46.4,2.046458433112873,0.0026095001947550323,1.0390493072118576,0.03904930721185762,0.002517852886895803,0.9684396890900154,0.0004097689395764807,-0.09164730785922925,2,2
465,0.46500000000000036,ramp,46.5,2.052521261309427,0.006062828196554015,1.039166330127393,0.03916633012739301,0.005829202183393781,0.9742688912734092,0.00041108128392170683,-0.233626013160234,2,2
466,0.46600000000000036,ramp,46.6,2.0551484717232187,0.0026272104137916585,1.0392124857075402,0.03921248570754021,0.0025353132976407107,0.9768042045710499,0.0004123973922826622,-0.09189711615094787,2,2
467,0.46700000000000036,ramp,46.7,2.0612294476907187,0.006080975967500013,1.0393293520658964,0.039329352065896384,0.005847665680368182,0.9826518702514181,0.00041371259390170646,-0.2333102871318309,2,2
468,0.46800000000000036,ramp,46.8,2.0638743975434797,0.0026449498527609805,1.0393756333458104,0.0393756333458104,0.0025528039797448215,0.9852046742311629,0.0004150315510028867,-0.09214587301615901,2,2
469,0.46900000000000036,ramp,46.9,2.069973492323259,0.006099094779779435,1.0394923437500139,0.03949234375001387,0.005866099018381928,0.9910707732495448,0.0004163496053306469,-0.2329957613975064,2,2
470,0.47000000000000036,ramp,47.0,2.072636210605479,0.002662718282219867,1.039538750208781,0.03953875020878095,0.0025703247000026562,0.9936410979495475,0.0004176714066313289,-0.09239358221721071,2,2
471,0.47100000000000036,ramp,47.1,2.0787533954664545,0.006117184860975566,1.0396553052594073,0.0396553052594073,0.005884502429911947,0.9995256003794594,0.00041899230914148924,-0.23268243106361938,2,2
472,0.47200000000000036,ramp,47.2,2.0814339109409836,0.002680515474529077,1.0397018363780504,0.03970183637805036,0.002587875226585727,1.002113475606045,0.00042031695013971377,-0.09264024794335005,2,2
473,0.47300000000000036,ramp,47.3,2.0875691573779633,0.006135246436979713,1.039818236673152,0.039818236673152096,0.005902876146066151,1.0080163517521112,0.0004216406963443407,-0.23237029091356232,2,2
474,0.47400000000000037,ramp,47.4,2.0902674985809284,0.002698341202965082,1.039864891934647,0.03986489193464693,0.002605455329035559,1.0106218070811468,0.00042296817257644556,-0.09288587392952338,2,2
475,0.47500000000000037,ramp,47.5,2.096420778313715,0.006153279732786565,1.0399811380697899,0.03998113806978987,0.005921220396585376,1.016543027477732,0.0004242947580255501,-0.23205933620118901,2,2
476,0.47600000000000037,ramp,47.6,2.0991369735560736,0.0027161952423586655,1.0400279169590874,0.04002791695908736,0.0026230647782561722,1.0191660922559882,0.000425625065065778,-0.09313046410249327,2,2
477,0.47700000000000037,ramp,47.7,2.105308258527784,0.006171284971710378,1.0401440095273267,0.04014400952732666,0.005939535409848391,1.0251056276658366,0.0004269544853469155,-0.23174956186198734,2,2
478,0.47800000000000037,ramp,47.8,2.108042335896699,0.0027340773689150666,1.0401909115313073,0.04019091153130727,0.002640703346511192,1.0277463310123478,0.00042828761880697703,-0.09337402240387456,2,2
479,0.47900000000000037,ramp,47.9,2.1142315982726596,0.006189262375960514,1.0403068511232898,0.0403068511232898,0.005957821412883499,1.0337041524252313,0.0004296198695448246,-0.23144096307701426,2,2
480,0.48000000000000037,ramp,48.0,2.116983585632752,0.0027519873600923006,1.0403538757307607,0.04035387573076066,0.0026583708074089138,1.03636252323264,0.00043095582507351034,-0.09361655268338683,2,2
481,0.48100000000000037,ramp,48.1,2.1231907977989337,0.006207212166181808,1.040469662934663,0.04046966293466303,0.0059760786313742134,1.0423386018640144,0.0004322909019294586,-0.2311335348075946,2,2
482,0.4820000000000004,ramp,48.2,2.1259607227936703,0.0027699249947366056,1.0405168096363793,0.04051680963637927,0.0026760669359042885,1.0450146687999187,0.0004336296752122218,-0.0938580588323171,2,2
483,0.4830000000000004,ramp,48.3,2.132185857355586,0.006225134561915535,1.0406324450378819,0.04063244503788188,0.005994307289660445,1.051008976089579,0.000434967573883996,-0.23082727225509028,2,2
484,0.4840000000000004,ramp,48.4,2.134973747408597,0.002787890053010944,1.0406797133265215,0.04067971332652154,0.002693791508285784,1.053702767597865,0.00043630916064256307,-0.09409854472515987,2,2
485,0.4850000000000004,ramp,48.5,2.1412167771899506,0.006243029781353826,1.0407951975089529,0.040795197508952885,0.006012507610759577,1.0597152752086245,0.0004376498768638375,-0.23052217059424915,2,2
486,0.4860000000000004,ramp,48.6,2.144022659506268,0.0028058823163172875,1.0408425868790774,0.04084258687907738,0.002711544302164603,1.062426819510789,0.0004389942728558124,-0.09433801415268446,2,2
487,0.4870000000000004,ramp,48.7,2.1502835575475503,0.006260898041282381,1.0409579204232955,0.04095792042329549,0.0060306798163619075,1.068457499327151,0.0004403378023958024,-0.23021822492047364,2,2
488,0.4880000000000004,ramp,48.8,2.153107459115039,0.0028239015674889067,1.0410054303714575,0.04100543037145754,0.002729325096477181,1.0711868244236282,0.0004416850034142917,-0.09457647101172557,2,2
489,0.4890000000000004,ramp,48.9,2.159386198672366,0.00627873955732694,1.0411206138559137,0.0411206138559137,0.00604882412683837,1.0772356485504666,0.00044303134207739574,-0.22991543048856994,2,2
490,0.4900000000000004,ramp,49.0,2.1622281462629185,0.0028419475905523406,1.04116824388047,0.04116824388046991,0.0027471336714747956,1.0799827822219414,0.00044438134395062844,-0.09481391907754498,2,2
491,0.4910000000000004,ramp,49.1,2.1685247008066186,0.00629655454370015,1.0412832778812702,0.041283277881270175,0.0060669407612528765,1.0860497229831942,0.00044573048757602977,-0.22961378244727368,2,2
492,0.4920000000000004,ramp,49.2,2.171384720977538,0.002860020170919242,1.0413310274825716,0.04133102748257156,0.002764969808709727,1.088814692791904,0.00044708328616697654,-0.09505036220951472,2,2
493,0.4930000000000004,ramp,49.3,2.1776990641910468,0.006314343213508877,1.0414459125733575,0.0414459125733575,0.006085029937365387,1.0948997227292694,0.00044843523062832277,-0.2293132761434901,2,2
494,0.4940000000000004,ramp,49.4,2.1805771832861884,0.0028781190951416846,1.041493781253579,0.04149378125357894,0.002782833291041298,1.0976825560203107,0.00044979082183432237,-0.0952858041003866,2,2
495,0.4950000000000004,ramp,49.5,2.186909289064527,0.006332105778338537,1.0416085180056818,0.04160851800568177,0.006103091871639178,1.1037856478919499,0.0004511455630393115,-0.22901390669935895,2,2
496,0.4960000000000004,ramp,49.6,2.189805533215842,0.002896244151314953,1.0416565052689397,0.041656505268939714,0.00280072390261433,1.1065863717945643,0.0004525039427917629,-0.095520248700623,2,2
497,0.4970000000000004,ramp,49.7,2.1961553756645786,0.006349842448736709,1.0417710942512697,0.04177109425126968,0.006121126779250676,1.112707498573815,0.0004538614766817959,-0.22871566948603259,2,2
498,0.4980000000000004,ramp,49.8,2.1990697707931046,0.0029143951285259817,1.0418191996035482,0.041819199603548185,0.0028186414288640556,1.115526140002679,0.00045522264094572924,-0.09575369966192612,2,2
499,0.4990000000000004,ramp,49.9,2.2054373242269394,0.006367553433834772,1.0419336413826876,0.041933641382687625,0.006139134874090647,1.1216652748767697,0.0004565829634956143,-0.2284185597441245,2,2
500,0.5000000000000003,ramp,50.0,2.2083698960441924,0.002932571817253038,1.041981864331843,0.04198186433184303,0.002836585656506408,1.1245018605332762,0.00045794690826937826,-0.09598616074663015,2,2
501,0.5010000000000003,ramp,50.1,2.2147551349858534,0.006385238941660987,1.042096159472044,0.042096159472043926,0.0061571163687764345,1.1306589769020525,0.0004593100154868922,-0.22812257288455218,2,2
502,0.5020000000000003,ramp,50.2,2.2177059089951605,0.0029507740093071,1.0421444995277995,0.04214449952779953,0.002854556373524721,1.1335135332755772,0.0004606767368017967,-0.096217635782379,2,2
503,0.5030000000000003,ramp,50.3,2.2241088081740052,0.006402899178844734,1.0422586485909808,0.04225864859098083,0.006175071474654869,1.1396886047502321,0.00046204262472744097,-0.22782770418986517,2,2
504,0.5040000000000003,ramp,50.4,2.227077809671611,0.0029690014976058166,1.0423071052649235,0.04230710526492354,0.0028725533691732223,1.1425611581194053,0.0004634121186474445,-0.09644812843259426,2,2
505,0.5050000000000003,ramp,50.5,2.2334983440223635,0.006420534350752405,1.042421108810665,0.042421108810664965,0.006193000401813897,1.148754158521219,0.00046478078335402453,-0.22753394893850787,2,2
506,0.5060000000000003,ramp,50.6,2.2364855980988483,0.0029872540764848132,1.0424696816162433,0.042469681616243316,0.002890576433959902,1.151644734955179,0.00046615304597535413,-0.09667764252491119,2,2
507,0.5070000000000003,ramp,50.7,2.2429237427606212,0.006438144661772949,1.042583540201823,0.04258354020182309,0.006210903359081838,1.1578556383142609,0.0004675244835677045,-0.22724130269111045,2,2
508,0.5080000000000003,ramp,50.8,2.245929274301893,0.003005531541271811,1.0426322286543468,0.04263222865434679,0.0029086253596499064,1.1607642636739108,0.00046889951101855554,-0.09690618162190448,2,2
509,0.5090000000000003,ramp,50.9,2.252385004616702,0.0064557303148089495,1.042745942834753,0.04274594283475297,0.0062287805540414635,1.1669930442279524,0.0004702737176331936,-0.22694976076748605,2,2
510,0.5100000000000003,ramp,51.0,2.255408838305489,0.0030238336887871142,1.0427947464513534,0.042794746451353394,0.0029266999392527607,1.1699197441672051,0.00047165150607339496,-0.09713374953435354,2,2
511,0.5110000000000003,ramp,51.1,2.261882129817111,0.006473291511621682,1.0429083167792743,0.042908316779274314,0.006246632193029904,1.176166376360235,0.0004730284778782095,-0.22665931859177768,2,2
512,0.5120000000000003,ramp,51.2,2.264924290134039,0.0030421603169283884,1.0429572350789775,0.04295723507897753,0.002944799967015844,1.1791111763272508,0.00047440902349888466,-0.09736034991254458,2,2
513,0.5130000000000003,ramp,51.3,2.2714151185868166,0.006490828452777375,1.0430706621047832,0.043070662104783164,0.006264458481151452,1.1853756348084024,0.00047578875669277375,-0.2263699716259235,2,2
514,0.5140000000000003,ramp,51.4,2.2744756298116977,0.0030605112248811572,1.0431196946084031,0.04311969460840315,0.0029629252384191325,1.1883385600468215,0.0004771720557160861,-0.09758598646202477,2,2
515,0.5150000000000003,ramp,51.5,2.2809839711493307,0.006508341337633006,1.0432329788802581,0.04323297888025812,0.006282259622283982,1.1946208196691055,0.00047855454652871965,-0.22608171534902344,2,2
516,0.5160000000000003,ramp,51.6,2.2840628573623025,0.0030788862129718098,1.0432821251104625,0.04328212511046248,0.0029810755501677127,1.1976018952192733,0.0004799405952074582,-0.09781066280409702,2,2
517,0.5170000000000003,ramp,51.7,2.2905886877266335,0.0065258303643309645,1.043395267174252,0.043395267174251906,0.006300035819080266,1.2039019310383536,0.00048132583989892445,-0.2257945452506984,2,2
518,0.5180000000000003,ramp,51.8,2.2936859728094445,0.003097285082811041,1.0434445266554733,0.04344452665547327,0.002999250700182551,1.2069011817385362,0.0004827146345162884,-0.09803438262848997,2,2
519,0.5190000000000003,ramp,51.9,2.300229268539204,0.006543295729759535,1.043557527054827,0.04355752705482696,0.0063177872729800084,1.2132189690115163,0.0004841026293767558,-0.22550845677952666,2,2
520,0.5200000000000004,ramp,52.0,2.30334497617638,0.003115707637175724,1.0436068993134209,0.04360689931342088,0.00301745048760599,1.2162364194991222,0.00048549416624601234,-0.09825714956973423,2,2
521,0.5210000000000004,ramp,52.1,2.3099057138061765,0.006560737629796698,1.0437197585897167,0.04371975858971666,0.0063355141842064535,1.2225719336833287,0.0004868849075955076,-0.2252234455902445,2,2
522,0.5220000000000004,ramp,52.2,2.313039867486194,0.0031341536800173486,1.0437692431537597,0.04376924315375974,0.0030356747127824497,1.2256076083961112,0.00048827918305969104,-0.09847896723489888,2,2
523,0.5230000000000004,ramp,52.3,2.3196180237451,0.006578156258906009,1.0438819618461868,0.04388196184618676,0.006353216751783348,1.2319608251478944,0.0004896726672477721,-0.2249395071226611,2,2
524,0.5240000000000004,ramp,52.4,2.322770646761664,0.00315262301656416,1.0439315582455835,0.04393155824558348,0.0030539231772561495,1.2350147483251506,0.0004910696776793587,-0.09869983930801052,2,2
525,0.5250000000000004,ramp,52.5,2.329366198572216,0.006595551810551825,1.0440441368910645,0.044044136891064456,0.006370895173545728,1.2413856434986963,0.000492465901084796,-0.22465663700609734,2,2
526,0.5260000000000004,ramp,52.6,2.3325373140252728,0.0031711154530569274,1.0440938446575503,0.044093844657550285,0.0030721956837598124,1.2444578391824561,0.0004938656428855044,-0.09891976929711499,2,2
527,0.5270000000000004,ramp,52.7,2.3391502385021457,0.0066129244768728945,1.0442062837908281,0.04420628379082814,0.006388549646127559,1.2508463888285837,0.0004952646019159935,-0.22437483074533565,2,2
528,0.5280000000000004,ramp,52.8,2.342339869299294,0.0031896307971481797,1.044256102457888,0.044256102457888025,0.0030904920362233657,1.253936880864807,0.000496667071516431,-0.09913876092481395,2,2
529,0.5290000000000004,ramp,52.9,2.3489701437483568,0.006630274449062945,1.044368402611513,0.04436840261151298,0.006406180364983052,1.2603430612297901,0.0004980687626083556,-0.22409408407989342,2,2
530,0.5300000000000004,ramp,53.0,2.352178312605705,0.0032081688573484257,1.0444183317144513,0.04441833171445131,0.003108812039752525,1.2634518732695426,0.0004994739564676804,-0.0993568175959008,2,2
531,0.5310000000000004,ramp,53.1,2.358825914522699,0.006647601916993651,1.044530493418759,0.04453049341875892,0.006423787524388546,1.269875660793931,0.0005008783760858171,-0.2238143926051048,2,2
532,0.5320000000000004,ramp,53.2,2.362052643966361,0.003226729443662091,1.0445805324946522,0.044580532494652214,0.0031271555006265627,1.2730028162945575,0.0005022862906915857,-0.09957394303552808,2,2
533,0.5330000000000004,ramp,53.3,2.368717551035694,0.0066649070693332035,1.0446925562778184,0.04469255627781843,0.006441371317449348,1.2794441876120068,0.0005036934353287992,-0.2235357518838559,2,2
534,0.5340000000000004,ramp,53.4,2.371962863402733,0.003245312367039066,1.0447427048654894,0.04474270486548937,0.003145522226294238,1.282589709838301,0.0005051040671966177,-0.0997901407448279,2,2
535,0.5350000000000004,ramp,53.5,2.3786450534965127,0.006682190093779461,1.0448545912535396,0.04485459125353963,0.006458931936110149,1.2890486417744111,0.0005065139333735962,-0.22325815766931212,2,2
536,0.5360000000000004,ramp,53.6,2.3819089709361307,0.0032639174396180692,1.0449048488936261,0.044904848893626115,0.0031639120253648214,1.292212553799776,0.0005079272790468299,-0.10000541425324783,2,2
537,0.5370000000000004,ramp,53.7,2.38860842211291,0.006699451176779281,1.0450165984103852,0.04501659841038519,0.006476469571147179,1.2986890233709232,0.0005093398633118633,-0.22298160563210145,2,2
538,0.5380000000000004,ramp,53.8,2.391890966587648,0.0032825444747381916,1.0450669646452495,0.04506696464524951,0.003182324707606625,1.3018713480785298,0.0005107559193613989,-0.10021976713156652,2,2
539,0.5390000000000004,ramp,53.9,2.3986076570913,0.006716690503651979,1.045178577812412,0.04517857781241208,0.0064939844121945315,1.3083653324907243,0.0005121712182900341,-0.2227060914574471,2,2
540,0.5400000000000004,ramp,54.0,2.4019088503781028,0.0033011932868025617,1.0452290521862178,0.045229052186217755,0.0032007600839372022,1.3115660925746615,0.00051358998131405,-0.10043320286535952,2,2
541,0.5410000000000004,ramp,54.1,2.408642758636798,0.006733908258695465,1.04534052952335,0.04534052952334999,0.006511476647729509,1.318077569222391,0.000515007991508904,-0.22243161096595526,2,2
542,0.5420000000000004,ramp,54.2,2.4119626223281183,0.0033198636913200907,1.045391111581983,0.045391111581982946,0.0032192179664147402,1.3212967871888057,0.0005164294581325123,-0.1006457249053505,2,2
543,0.5430000000000004,ramp,54.3,2.4187137269529937,0.006751104624875381,1.0455024536064779,0.045502453606477866,0.006528946465099236,1.327825733653905,0.0005178501762229765,-0.2221581597761455,2,2
544,0.5440000000000004,ramp,54.4,2.4220522824581296,0.003338555505135954,1.0455531428975573,0.0455531428975573,0.003237698168234562,1.3310634318221395,0.0005192743430980797,-0.10085733690139197,2,2
545,0.5450000000000004,ramp,54.5,2.4288205622423416,0.006768279784211906,1.045664350124762,0.045664350124762,0.006546394050512216,1.3376098258726516,0.0005206977657400616,-0.2218857336996902,2,2
546,0.5460000000000004,ramp,54.6,2.4321778307883974,0.0033572685460558915,1.045715146197662,0.04571514619766193,0.0032562005037277174,1.3408660263763794,0.0005221246295450097,-0.10106804232817411,2,2
547,0.5470000000000004,ramp,54.7,2.438963264705971,0.006785433917573691,1.0458262191407615,0.04582621914076146,0.0065638195890466555,1.3474298459654261,0.0005235507534207195,-0.2216143285270356,2,2
548,0.5480000000000004,ramp,54.8,2.442339267338765,0.0033760026327938064,1.0458771215465985,0.04587712154659851,0.003274724788345666,1.3507045707537717,0.0005249803108600897,-0.1012778444481402,2,2
549,0.5490000000000004,ramp,54.9,2.4491418345435116,0.006802567204746701,1.0459880607166607,0.04598806071666073,0.006581223264662575,1.3572857940184342,0.0005264091326777259,-0.22134394008412658,2,2
550,0.5500000000000004,ramp,55.0,2.4525365921291638,0.0033947575856521084,1.0460390690082695,0.046039069008269484,0.003293270838664895,1.360579064857099,0.000527841380482118,-0.10148674698721342,2,2
551,0.5510000000000004,ramp,55.1,2.459356271953493,0.0068196798243294054,1.0461498749143134,0.04614987491431344,0.006598605260199397,1.3671776701172984,0.0005292728969756781,-0.22107456413000826,2,2
552,0.5520000000000004,ramp,55.2,2.4627698051790805,0.0034135332255873507,1.0462009886462544,0.04620098864625444,0.003311838472366696,1.3704895085896651,0.0005307078319013878,-0.10169475322065451,2,2
553,0.5530000000000004,ramp,55.3,2.4696065771331104,0.006836771954029874,1.0463116617951753,0.04631166179517532,0.0066159657573945626,1.3771054743470597,0.0005321420398304322,-0.2208061966353118,2,2
554,0.5540000000000004,ramp,55.4,2.4730389065079637,0.0034323293748532713,1.0463628805237155,0.04636288052371551,0.0033304275082482347,1.3804359018553078,0.0005335796586592569,-0.10190186660503658,2,2
555,0.5550000000000004,ramp,55.5,2.479892750278141,0.006853843770177281,1.0464734214203661,0.046473421420366146,0.006633304936872438,1.3870692067921804,0.0005350165548086367,-0.2205388333048437,2,2
556,0.5560000000000004,ramp,55.6,2.483343896134988,0.0034511458568471376,1.046524744703497,0.0465247447034971,0.003349037766201332,1.3904182445583817,0.0005364568543476578,-0.10210809064580559,2,2
557,0.5570000000000004,ramp,55.7,2.4902147915832744,0.0068708954482863405,1.046635153850651,0.04663515385065109,0.006650622978163766,1.3970688675365455,0.0005378964355272815,-0.2202724701225742,2,2
558,0.5580000000000004,ramp,55.8,2.4936847740791803,0.00346998249590591,1.0466865812480475,0.046686581248047476,0.0033676690672175967,1.400436536603763,0.0005393394126085704,-0.1023134286883133,2,2
559,0.5590000000000004,ramp,55.9,2.5005727012417704,0.006887927162590124,1.0467968591464432,0.04679685914644316,0.006667920059706346,1.4071044566634694,0.0005407816756532156,-0.22000710288377825,2,2
560,0.5600000000000004,ramp,56.0,2.504061540359401,0.0034888391176304268,1.0468483902194947,0.04684839021949472,0.0033863212333801436,1.4104907778968496,0.0005422273271336709,-0.10251788425028312,2,2
561,0.5610000000000004,ramp,56.1,2.510966479445904,0.006904939086503248,1.0469585373677817,0.04695853736778166,0.006685196358845836,1.4171759742556955,0.0005436722689026861,-0.21974272765741196,2,2
562,0.5620000000000004,ramp,56.2,2.5144741949942366,0.003507715548332513,1.047010171679575,0.047010171679575,0.003404994087852581,1.4205809683435482,0.0005451205916637276,-0.10272146047993203,2,2
563,0.5630000000000004,ramp,56.3,2.521396126386297,0.006921931392060543,1.0471201885743961,0.04712018857439615,0.006702452051855784,1.427283420395404,0.0005465682090408908,-0.21947934020475918,2,2
564,0.5640000000000004,ramp,56.4,2.524922738002222,0.003526611615924935,1.0471719256896868,0.047171925689686756,0.003423687454872477,1.4307071078502764,0.0005480191999882962,-0.10292416105245816,2,2
565,0.5650000000000004,ramp,56.5,2.531861642252669,0.0069389042504468534,1.047281812825638,0.04728181282563804,0.006719687313935481,1.437426795164212,0.0005494694898814969,-0.2192169365113723,2,2
566,0.5660000000000004,ramp,56.6,2.5354071694015854,0.0035455271489164275,1.0473336523108951,0.04733365231089515,0.0034424011597571995,1.440869196323969,0.0005509231459451815,-0.10312598915922797,2,2
567,0.5670000000000004,ramp,56.7,2.5423630272334385,0.006955857831853152,1.0474434101805812,0.04744341018058118,0.006736902319202982,1.447606098643172,0.0005523761052862673,-0.21895551265016955,2,2
568,0.5680000000000004,ramp,56.8,2.5459274892105093,0.003564461977070721,1.0474953516038996,0.047495351603899616,0.0034611350288869954,1.451067233672059,0.0005538324234200115,-0.10332694818372548,2,2
569,0.5690000000000004,ramp,56.9,2.552900281515716,0.006972792305206532,1.0476049806978829,0.04760498069788288,0.006754097240725476,1.4578213309127843,0.0005552880491645605,-0.21869506448105644,2,2
570,0.5700000000000004,ramp,57.0,2.556483697446881,0.0035834159311654012,1.0476570236290803,0.04765702362908031,0.0034798888897044837,1.4613012198024888,0.0005567470263458363,-0.10352704146091755,2,2
571,0.5710000000000004,ramp,57.1,2.563473405285524,0.0069897078386427225,1.0477665244359196,0.047766524435919555,0.00677127225050436,1.4680724920529933,0.0005582053154729222,-0.2184355881383621,2,2
572,0.5720000000000004,ramp,57.2,2.5670757941286193,0.003602388843095383,1.0478186684464081,0.04781866844640814,0.003498662570703648,1.471571154623697,0.0005596669487026554,-0.1037262723917352,2,2
573,0.5730000000000004,ramp,57.3,2.574082398727607,0.007006604598987831,1.0479280414527339,0.04792804145273388,0.006788427519498153,1.4783595821431952,0.0005611278982146583,-0.21817707948967782,2,2
574,0.5740000000000004,ramp,57.4,2.577703779273211,0.0036213805456037917,1.0479802861156682,0.04798028611566818,0.003517455901426955,1.4818770380446222,0.0005625921845170207,-0.1039246441768369,2,2
575,0.5750000000000004,ramp,57.5,2.584727262025557,0.007023482752345878,1.0480895318060166,0.048089531806016605,0.006805563217613631,1.4886826012622358,0.0005640557914394056,-0.21791953473224676,2,2
576,0.5760000000000004,ramp,57.6,2.5883676528982518,0.003640390872694965,1.0481418766961481,0.04814187669614811,0.003536268712464633,1.4922188699747005,0.0005655227278616114,-0.10412216023033237,2,2
577,0.5770000000000004,ramp,57.7,2.5954079953616658,0.007040342463414007,1.0482509955531745,0.04825099555317447,0.006822679513714516,1.499041549488415,0.0005669889892427078,-0.21766294969949046,2,2
578,0.5780000000000004,ramp,57.8,2.599067415021005,0.003659419659339136,1.048303440246906,0.048303440246906026,0.003555100835446093,1.5025966503238612,0.0005684585728548201,-0.10431882389304314,2,2
579,0.5790000000000004,ramp,57.9,2.6061245989173307,0.007057183896325814,1.0484124327512347,0.048412432751234746,0.006839776575628812,1.50943642689949,0.0005699274857656424,-0.21740732069700214,2,2
580,0.5800000000000004,ramp,58.0,2.6098030656586357,0.0036784667413050087,1.0484649768266368,0.04846497682663675,0.003573952103031777,1.5130103790025218,0.000571399713660336,-0.10451463827323157,2,2
581,0.5810000000000004,ramp,58.1,2.616877072872512,0.00707400721387641,1.0485738434569742,0.04857384345697424,0.006856854570162592,1.5198672335726844,0.0005728712751944001,-0.21715264371381746,2,2
582,0.5820000000000004,ramp,58.2,2.620574604828236,0.003697531955723754,1.0486264864937003,0.04862648649370027,0.0035928223489051867,1.5234600559215896,0.0005743461444867702,-0.10470960681856732,2,2
583,0.5830000000000004,ramp,58.3,2.6276654174061607,0.0070908125779247655,1.0487352277268143,0.04873522772681427,0.006873913663088574,1.5303339695846783,0.0005758203517598129,-0.21689891483619125,2,2
584,0.5840000000000004,ramp,58.4,2.6313820325465773,0.003716615140416657,1.0487879693061897,0.04878796930618967,0.0036117114077791105,1.5339456809924574,0.0005772978595872456,-0.10490373263754649,2,2
585,0.5850000000000004,ramp,58.5,2.638489632695973,0.007107600149395488,1.0488965856168562,0.04889658561685617,0.006890954019168144,1.5408366350116256,0.0005787747097370894,-0.2166461302273437,2,2
586,0.5860000000000004,ramp,58.6,2.642225348830537,0.0037357161345643597,1.0489494253218279,0.04894942532182789,0.0036306191153706335,1.5444672541269961,0.0005802548532589388,-0.10509701919372622,2,2
587,0.5870000000000004,ramp,58.7,2.6493497189186304,0.00712437008809319,1.0490579171829233,0.049057917182923294,0.006907975802148115,1.5513752299291443,0.0005817343434453602,-0.21639428594507573,2,2
588,0.5880000000000004,ramp,58.8,2.653104553696538,0.003754834777907501,1.0491108545980292,0.04911085459802922,0.003649545308419133,1.5550247752375634,0.0005832171198428173,-0.10528946948836805,2,2
589,0.5890000000000004,ramp,58.9,2.6602456762495894,0.007141122553051549,1.0492192224804942,0.04921922248049415,0.006924979174764549,1.561949754412328,0.0005846992472472036,-0.21614337828700006,2,2
590,0.5900000000000004,ramp,59.0,2.66401964716119,0.003773970911600699,1.0492722571919144,0.049272257191914415,0.0036684898246617187,1.5656182442369897,0.0005861846537231491,-0.10548108693898046,2,2
591,0.5910000000000004,ramp,59.1,2.671177504863213,0.0071578577020230405,1.0493805015647863,0.04938050156478635,0.006941964298753788,1.5725602085357435,0.0005876694155484034,-0.2158934032692522,2,2
592,0.5920000000000004,ramp,59.2,2.674970629240742,0.003793124377528656,1.0494336331602718,0.04943363316027183,0.003687452502841226,1.5762476610385847,0.0005891574493271588,-0.10567187468743001,2,2
593,0.5930000000000004,ramp,59.3,2.6821452049328007,0.0071745756920589265,1.0495417544906531,0.04954175449065312,0.006958931334852556,1.5832065923734373,0.0005906448427975327,-0.21564435720637046,2,2
594,0.5940000000000004,ramp,59.4,2.6859574999513978,0.003812295018597034,1.049594982559609,0.049594982559608924,0.003706433182687314,1.5869130255561246,0.0005921355011246913,-0.10586183590971998,2,2
595,0.5950000000000004,ramp,59.5,2.6931487766304616,0.007191276679063829,1.0497029813127254,0.049702981312725436,0.0069758804428131736,1.5938889059989378,0.0005936255234855465,-0.21539623625065582,2,2
596,0.5960000000000004,ramp,59.6,2.6969802593092043,0.0038314826787426703,1.0497563054461063,0.04975630544610632,0.0037254317049238666,1.5976143377038616,0.0005951188036277866,-0.1060509738188037,2,2
597,0.5970000000000004,ramp,59.7,2.7041882201272616,0.007207960818057302,1.0498641820852779,0.049864182085277875,0.006992811781392663,1.6046071494852543,0.0005966114521454405,-0.21514903666463875,2,2
598,0.5980000000000004,ramp,59.8,2.708038907330141,0.0038506872028793993,1.0499176018756216,0.04991760187562155,0.0037444479112549037,1.6083515973965092,0.0005981073513903045,-0.10623929162449554,2,2
599,0.5990000000000004,ramp,59.9,2.7152635355931443,0.0072246282630032965,1.0500253568623084,0.05002535686230836,0.007009725508378247,1.6153613229048875,0.0005996026233518585,-0.2149027546250494,2,2
600,0.6000000000000004,ramp,60.0,2.7191334440299944,0.003869908436850089,1.050078871903775,0.050078871903775024,0.003763481644363961,1.6191248045492515,0.0006011011390076737,-0.10642679248612812,2,2
601,0.6010000000000004,ramp,60.1,2.726374723197037,0.007241279167042869,1.0501865056975503,0.05018650569755034,0.007026621780571001,1.6261514263298225,0.0006025990317207573,-0.21465738647186758,2,2
602,0.6020000000000004,ramp,60.2,2.730263869424479,0.003889146227441742,1.0502401155858363,0.0502401155858363,0.0037825327479090198,1.6299339590777315,0.0006041001611163695,-0.10661347953272232,2,2
603,0.6030000000000004,ramp,60.3,2.737521783106611,0.007257913682132244,1.0503476286443878,0.0503476286443878,0.007043500753807126,1.6369774598315388,0.0006056006719090901,-0.21441292832511794,2,2
604,0.6040000000000004,ramp,60.4,2.74143018352913,0.003908400422518721,1.0504013329768012,0.05040133297680116,0.0038016010665149944,1.6407790608980537,0.0006071044123937042,-0.10679935600372636,2,2
605,0.6050000000000004,ramp,60.5,2.7487047154887074,0.0072745319595775015,1.0505087257559775,0.050508725755977535,0.007060362582958478,1.647839423481012,0.0006086075386143721,-0.21416937661902347,2,2
606,0.6060000000000004,ramp,60.6,2.752632386359431,0.003927670870723432,1.0505625241313667,0.05056252413136675,0.003820686445765825,1.6516601099267778,0.0006101138875574195,-0.10698442495760693,2,2
607,0.6070000000000004,ramp,60.7,2.759923520509008,0.007291134149577161,1.0506697970851688,0.05066979708516883,0.007077207421936517,1.6587373173487143,0.0006116196265744393,-0.2139267276406436,2,2
608,0.6080000000000004,ramp,60.8,2.76387047793079,0.00394695742178186,1.0507236891039577,0.05072368910395775,0.003839788732204916,1.6625771060809191,0.0006131285813653168,-0.10716868957694452,2,2
609,0.6090000000000004,ramp,60.9,2.771178198332061,0.007307720401271034,1.0508308426844983,0.050830842684498334,0.007094035423700018,1.6696711415046193,0.0006146369305669529,-0.2136849775710159,2,2
610,0.6100000000000004,ramp,61.0,2.775144458258328,0.0039662599262668685,1.0508848279486633,0.050884827948663336,0.003858907773330535,1.67353004927795,0.0006161484886149714,-0.10735215293633353,2,2
611,0.6110000000000004,ramp,61.1,2.782468749121511,0.007324290863183425,1.0509918626062955,0.05099186260629551,0.007110846740253647,1.6806408960182035,0.0006176594454092335,-0.2134441229297776,2,2
612,0.6120000000000004,ramp,61.2,2.7864543273572213,0.003985578235710108,1.05104594071934,0.05104594071933999,0.003878043417580169,1.6845189394357838,0.0006191736041433744,-0.10753481812993863,2,2
613,0.6130000000000004,ramp,61.3,2.793795173039882,0.0073408456826604684,1.051152856902548,0.051152856902547894,0.007127641522663332,1.691646580958447,0.0006206871659578633,-0.21320415999713602,2,2
614,0.6140000000000004,ramp,61.4,2.7978000852424287,0.004004912202546951,1.0512070274695464,0.05120702746954642,0.003897195514344778,1.6955437764727919,0.0006222039228265771,-0.10771668820217266,2,2
615,0.6150000000000004,ramp,61.5,2.8051574702486493,0.007357385006220518,1.0513138256249868,0.051313825624986764,0.007144419921048515,1.7026881963938403,0.0006237200871082589,-0.212965085172003,2,2
616,0.6160000000000004,ramp,61.6,2.809181731928976,0.004024261680326546,1.0513680882525445,0.051368088252544464,0.003916363913943009,1.7066045603077833,0.0006252394395794081,-0.10789776638353739,2,2
617,0.6170000000000004,ramp,61.7,2.8165556409083052,0.0073739089793294355,1.0514747688250925,0.0514747688250925,0.007161182084604635,1.713765742392388,0.0006267582037944952,-0.21272689472480022,2,2
618,0.6180000000000004,ramp,61.8,2.820599267431591,0.004043626523285937,1.051529123121336,0.05152912312133595,0.003935548467624215,1.7177012908600122,0.0006282801493551273,-0.10807805566172192,2,2
619,0.6190000000000004,ramp,61.9,2.8279896851783257,0.0073904177467345455,1.0516356865540228,0.05163568655402284,0.007177928161591451,1.7248792190216036,0.000629801510988904,-0.2124895851430943,2,2
620,0.6200000000000004,ramp,62.0,2.8320526917649733,0.0040630065866475995,1.051690132128644,0.05169013212864404,0.003954749027571596,1.728833968049175,0.0006313260471450818,-0.10825755907600386,2,2
621,0.6210000000000004,ramp,62.1,2.8394596032171524,0.007406911452179088,1.0517965788627301,0.05179657886273015,0.0071946582993431775,1.7360286263485183,0.0006328500037017717,-0.2122531528359105,2,2
622,0.6220000000000004,ramp,62.2,2.843542004943755,0.004082401726602569,1.0518511153268972,0.051851115326897235,0.003973965446885422,1.7400025917954036,0.0006343771279784095,-0.10843627971714696,2,2
623,0.6230000000000004,ramp,62.3,2.850965395182251,0.007423390238495919,1.0519574458018526,0.051957445801852575,0.007211372644282537,1.7472139644396862,0.0006359036769809618,-0.2120175942133826,2,2
624,0.6240000000000004,ramp,62.4,2.8550672069824334,0.004101811800182542,1.05201207276828,0.052012072768280015,0.003993197579580996,1.7512071620192673,0.0006374333869217841,-0.1086142206015465,2,2
625,0.6250000000000004,ramp,62.5,2.862507061230105,0.007439854247671462,1.0521182874218005,0.05211828742180047,0.007228071341910608,1.758435233361178,0.0006389625259117987,-0.2117829057608541,2,2
626,0.6260000000000004,ramp,62.6,2.8666282978954243,0.004121236665319383,1.0521730045047017,0.05217300450470175,0.004012445280590848,1.7624476786417687,0.0006404948190789738,-0.10879138472853506,2,2
627,0.6270000000000004,ramp,62.7,2.8740846015161585,0.007456303620734239,1.0522791037727035,0.052279103772703506,0.007244754536824815,1.7696924331785935,0.0006420265456164857,-0.21154908390942465,2,2
628,0.6280000000000004,ramp,62.8,2.878225277697057,0.004140676180898417,1.0523339105877987,0.05233391058779868,0.004031708405745913,1.7737241415843394,0.0006435614195906711,-0.10896777515250443,2,2
629,0.6290000000000004,ramp,62.9,2.8856980161948536,0.007472738497796616,1.0524398949044382,0.05243989490443823,0.007261422372717204,1.7809855639570566,0.0006450957312540078,-0.2113161250794117,2,2
630,0.6300000000000004,ramp,63.0,2.8898581464015898,0.004160130206736223,1.0524947910689273,0.05249479106892729,0.004050986811786324,1.785036550768843,0.0006466331836340873,-0.10914339494989908,2,2
631,0.6310000000000004,ramp,63.1,2.8973473054198067,0.0074891590182168954,1.0526006608665983,0.052600660866598314,0.00727807499237814,1.7923146257612212,0.0006481700780197628,-0.21108402583875502,2,2
632,0.6320000000000005,ramp,63.2,2.9015269040231297,0.004179598603323065,1.0526556459992213,0.052655645999221345,0.004070280356346796,1.796384906117568,0.0006497101064227606,-0.10931824697626903,2,2
633,0.6330000000000005,ramp,63.3,2.909032469343447,0.00750556532031732,1.0527614017085534,0.05276140170855337,0.00729471253770547,1.8036796186552735,0.0006512495811452506,-0.21085278261185042,2,2
634,0.6340000000000005,ramp,63.4,2.9132315505757314,0.004199081232284296,1.0528164754295206,0.052816475429520615,0.004089588897951229,1.8077692075532248,0.0006527921832061174,-0.1094923343330674,2,2
635,0.6350000000000005,ramp,63.5,2.920753508117495,0.0075219575417637685,1.0529221174794205,0.05292211747942055,0.007311335149710475,1.8150805427029353,0.0006543342358977887,-0.2106223920532932,2,2
636,0.6360000000000005,ramp,63.6,2.9249720860733515,0.00421857795585634,1.0529772794104189,0.052977279410418854,0.0041089122960126755,1.819189454998948,0.0006558794092693277,-0.10966565984366419,2,2
637,0.6370000000000005,ramp,63.7,2.932510421892438,0.0075383358190865835,1.0530828082280461,0.05308280822804612,0.007327942968520183,1.8265173979674683,0.0006574240375802426,-0.2103928505664005,2,2
638,0.6380000000000005,ramp,63.8,2.936748510529886,0.004238088637448012,1.0531380579922356,0.05313805799223559,0.004128250410820971,1.8306456483782891,0.0006589717799329177,-0.10983822662704104,2,2
639,0.6390000000000005,ramp,63.9,2.944303210818038,0.00755470028815175,1.0532434740030385,0.05324347400303853,0.007344536133376876,1.837990184511666,0.0006605189815307244,-0.210164154774874,2,2
640,0.6400000000000005,ramp,64.0,2.948560823959146,0.004257613141108063,1.0532988112250634,0.053298811225063414,0.004147603103555492,1.8421377876152214,0.0006620692905525135,-0.11001003755257109,2,2
641,0.6410000000000005,ramp,64.1,2.956131875043039,0.00757105108389311,1.0534041148527584,0.05340411485275842,0.007361114782649432,1.8494989023978707,0.0006636190631223148,-0.2099363012436784,2,2
642,0.6420000000000005,ramp,64.2,2.9604090263748786,0.00427715133183959,1.0534595391587278,0.05345953915872781,0.004166970236259324,1.85366587263413,0.0006651719365185889,-0.11018109558026679,2,2
643,0.6430000000000005,ramp,64.3,2.967996414715201,0.007587388340322576,1.0535647308253138,0.05356473082531377,0.007377679053838941,1.8610435516879689,0.0006667242777627348,-0.20970928648363518,2,2
644,0.6440000000000005,ramp,64.4,2.9722931177907306,0.004296703075529429,1.0536202418428118,0.05362024184281178,0.0041863516718454435,1.8652299033598143,0.0006682797132561257,-0.1103514036839854,2,2
645,0.6450000000000005,ramp,64.5,2.9798968299813886,0.00760371219065803,1.0537253219685907,0.0537253219685907,0.007394229083576893,1.8726241324433912,0.0006698346208941729,-0.20948310708113638,2,2
646,0.6460000000000005,ramp,64.6,2.9842130982201827,0.004316268238794052,1.053780919326625,0.05378091932662499,0.004205747274088848,1.87682987971748,0.0006713926162243899,-0.11052096470520398,2,2
647,0.6470000000000005,ramp,64.7,2.991833120987618,0.0076200227674352305,1.053885888330218,0.05388588833021801,0.0074107650076433345,1.8842406447251234,0.0006729500879928739,-0.2092577597918961,2,2
648,0.6480000000000005,ramp,64.8,2.996168967676824,0.004335846689206058,1.0539415716592746,0.0539415716592746,0.004225156907621759,1.8884658016327451,0.0006745106409166754,-0.11068978158429876,2,2
649,0.6490000000000005,ramp,64.9,3.003805287878825,0.007636320202001112,1.0540464299575518,0.05404642995755182,0.007427286960951593,1.8958930885936967,0.0006760706745690156,-0.20903324104951884,2,2
650,0.6500000000000005,ramp,65.0,3.0081607261739753,0.004355438295150282,1.0541021988895767,0.05410219888957668,0.004244580437936782,1.9001376690316334,0.0006776337828599099,-0.1108578572135005,2,2
651,0.6510000000000005,ramp,65.1,3.0158133307991912,0.007652604625215886,1.0542069468977757,0.05420694689777572,0.007443795077567766,1.9075814641092013,0.000679196376166303,-0.20880954764812032,2,2
652,0.6520000000000005,ramp,65.2,3.0201883737250625,0.00437504292587132,1.0542628010661395,0.054262801066139454,0.004264017731372104,1.9118454818405735,0.0006807620376145683,-0.11102519449921605,2,2
653,0.6530000000000005,ramp,65.3,3.0278572498919782,0.007668876166915695,1.0543674391978224,0.05436743919782239,0.007460289490710582,1.919305771331284,0.0006823271883618182,-0.20858667620511293,2,2
654,0.6540000000000005,ramp,65.4,3.032251910343385,0.0043946604514069065,1.0544233782373134,0.05442337823731336,0.0042834686551079665,1.9235892399863919,0.0006838954007742922,-0.11119179629894005,2,2
655,0.6550000000000005,ramp,65.5,3.039937045299382,0.007685134955996986,1.0545279069043432,0.05452790690434317,0.007476770332756712,1.9310660103191486,0.0006854631067656732,-0.20836462324027444,2,2
656,0.6560000000000005,ramp,65.6,3.0443513360420704,0.004414290742688287,1.0545839304511992,0.05458393045119925,0.0043029330771664435,1.935368943396315,0.0006870338679656054,-0.11135766552184366,2,2
657,0.6570000000000005,ramp,65.7,3.052052717162961,0.00770138112089036,1.0546883500637896,0.05468835006378958,0.007493237735252483,1.9428621811315676,0.0006886041270207679,-0.20814338563787757,2,2
658,0.6580000000000005,ramp,65.8,3.0564866508342425,0.004433933671281753,1.0547444577557012,0.05474445775570125,0.0043224108664031615,1.9471845919979707,0.0006901774348477699,-0.11152280487859191,2,2
659,0.6590000000000005,ramp,65.9,3.064204265623097,0.0077176147888544655,1.0548487687224175,0.05484876872241751,0.0075096918288983325,1.954694283826869,0.0006917502448026063,-0.20792295995613294,2,2
660,0.6600000000000005,ramp,66.0,3.0686578547331176,0.004453589110020584,1.054904960198434,0.05490496019843394,0.004341901892507826,1.9590361857193768,0.0006933260971124455,-0.11168721751275787,2,2
661,0.6610000000000005,ramp,66.1,3.076391690819599,0.0077338360864813716,1.055009162926184,0.05500916292618396,0.007526132743574767,1.9665623184629515,0.0006949014558189333,-0.2077033429066042,2,2
662,0.6620000000000005,ramp,66.2,3.080864947751474,0.004473256931874836,1.055065437826817,0.05506543782681694,0.004361406025997379,1.9709237244889488,0.0006964798504834548,-0.11185090587745738,2,2
663,0.6630000000000005,ramp,66.3,3.088614992891185,0.007750045139711226,1.0551695327208752,0.055169532720875214,0.007542560608333586,1.9784662850972825,0.0006980577558095396,-0.20748453137763978,2,2
664,0.6640000000000005,ramp,66.4,3.0931079299024398,0.0044929370112547495,1.0552258906880292,0.05522589068802919,0.00438092313820917,1.9828472082354918,0.0006996386907165488,-0.11201387304557962,2,2
665,0.6650000000000005,ramp,66.5,3.1008741719757014,0.007766242073261598,1.0553298781520324,0.055329878152032386,0.007558975551412235,1.990406183786904,0.0007012191405460563,-0.20726652184936256,2,2
666,0.6660000000000005,ramp,66.6,3.1053868011988364,0.004512629223135001,1.0553863188290302,0.05538631882903022,0.004400453101288731,1.9948066368881927,0.0007028026135990997,-0.11217612184626947,2,2
667,0.6670000000000005,ramp,66.7,3.1131692282102836,0.007782427011447268,1.0554901992649863,0.05549019926498633,0.007575377700236492,2.002382014588429,0.0007043856058316097,-0.20704931121077585,2,2
668,0.6680000000000005,ramp,66.8,3.1177015616534325,0.0045323334431488504,1.0555467222965187,0.05554672229651869,0.004419995788205266,2.006802010376634,0.0007059716149499817,-0.11233765494358429,2,2
669,0.6690000000000005,ramp,66.9,3.1255001617311136,0.007798600077681073,1.0556504961047888,0.05565049610478878,0.007591767181410766,2.014393777558045,0.0007075571475006335,-0.20683289627030677,2,2
670,0.6700000000000005,ramp,67.0,3.1300522112790476,0.0045520495479340894,1.0557071011369856,0.055707101136985626,0.0044395510727337035,2.018833328630779,0.0007091456906191982,-0.11249847520038592,2,2
671,0.6710000000000005,ramp,67.1,3.1378669726735042,0.007814761394456582,1.0558107687163703,0.05581076871637025,0.007608144120740353,2.0264414727515194,0.0007107337614186597,-0.2066172737162286,2,2
672,0.6720000000000005,ramp,67.2,3.1424387500883517,0.004571777414847489,1.0558674553967171,0.055867455396717114,0.004459118829455648,2.0309005915809752,0.0007123248364877097,-0.11265858539184076,2,2
673,0.6730000000000005,ramp,67.3,3.1502696611719205,0.007830911083568814,1.0559710171443757,0.05597101714437569,0.007624508643225079,2.0385251002242004,0.0007139154434820307,-0.20640244034373506,2,2
674,0.6740000000000005,ramp,67.4,3.154861178094011,0.004591516922090477,1.0560277851217443,0.05602778512174433,0.004478698933746789,2.043003799157947,0.0007155090484672088,-0.11281798834368843,2,2
675,0.6750000000000005,ramp,67.5,3.1627082273601346,0.007847049266123562,1.056131241433232,0.056131241433232004,0.007640860873075544,2.0506446600310224,0.0007171021896177035,-0.20618839304801811,2,2
676,0.6760000000000005,ramp,67.6,3.167319495308619,0.004611267948484432,1.0561880903578946,0.05618809035789463,0.00449829126177242,2.055142951292795,0.0007186983224998235,-0.11297668671201178,2,2
677,0.6770000000000005,ramp,67.7,3.1751826713708216,0.007863176062202548,1.0562914416271865,0.05629144162718647,0.00765720093370657,2.0628001522265014,0.0007202939957829081,-0.20597512849597835,2,2
678,0.6780000000000005,ramp,67.8,3.179813701744619,0.004631030373797529,1.0563483711507782,0.056348371150778176,0.004517895690500671,2.067318047917002,0.0007218926545579625,-0.1131346832968583,2,2
679,0.6790000000000005,ramp,67.9,3.1876929933359524,0.00787929159133327,1.056451617770256,0.05645161777025609,0.007673528947738493,2.0749915768647407,0.0007234908579651101,-0.20576264359477725,2,2
680,0.6800000000000005,ramp,68.0,3.19234379741463,0.004650804078677684,1.0565086275457676,0.056508627545767576,0.004537512097684472,2.079529088962425,0.0007250920406440184,-0.11329198099321175,2,2
681,0.6810000000000005,ramp,68.1,3.200239193386871,0.00789539597224076,1.0566117699062438,0.056611769906243836,0.0076898450370072955,2.087218933999432,0.000726692772181634,-0.2055509352334641,2,2
682,0.6820000000000005,ramp,68.2,3.2049097823309274,0.004670588944056586,1.0566688595880398,0.0566688595880398,0.004557140361855469,2.0917760743612877,0.0007282964767902043,-0.11344858220111755,2,2
683,0.6830000000000005,ramp,68.3,3.212821271653725,0.007911489322797838,1.0567718980787366,0.056771898078736616,0.007706149322577422,2.0994822236838653,0.0007298997344794661,-0.20534000022041574,2,2
684,0.6840000000000005,ramp,68.4,3.2175116565060033,0.004690384852278129,1.056829067322542,0.056829067322542004,0.004576780362321315,2.1040590040461864,0.0007315059590582542,-0.11360448995681362,2,2
685,0.6850000000000005,ramp,68.5,3.2254392282661644,0.007927571760161012,1.0569320023311242,0.056932002331124165,0.0077224419247335545,2.11178144597092,0.0007331117409350423,-0.20512983542745733,2,2
686,0.6860000000000005,ramp,68.6,3.230149419952115,0.004710191685950438,1.0569892507940304,0.05698925079403039,0.004596431979163312,2.1163778779500833,0.0007347204835392652,-0.11375970678712595,2,2
687,0.6870000000000005,ramp,68.7,3.2380930633528546,0.00794364340073983,1.057092082706607,0.05709208270660704,0.007738722962992028,2.124116600913075,0.0007363287876540588,-0.20492043774780233,2,2
688,0.6880000000000005,ramp,68.8,3.242823072681518,0.00473000932866352,1.0571494100470196,0.057149410047019567,0.004616095093234532,2.1287326960063098,0.0007379400463534856,-0.11391423542898849,2,2
689,0.6890000000000005,ramp,68.9,3.2507827770417124,0.00795970436019422,1.0572521392481302,0.05725213924813022,0.007754992556096959,2.136487688562407,0.0007395508707712147,-0.20471180409726078,2,2
690,0.6900000000000005,ramp,69.0,3.255532614706497,0.00474983766478454,1.0573095451258343,0.057309545125834305,0.0046357695861522635,2.141123458148559,0.0007411646436500278,-0.11406807863227619,2,2
691,0.6910000000000005,ramp,69.1,3.2635083694599074,0.007975754753410502,1.0574121719984877,0.05741217199848769,0.007771250822030465,2.1488947089705897,0.000742777986450018,-0.2045039313800373,2,2
692,0.6920000000000005,ramp,69.2,3.2682780460392538,0.004769676579346349,1.0574696560745889,0.05746965607458887,0.004655455340298099,2.1535501643108876,0.0007443942716067354,-0.11422123904825023,2,2
693,0.6930000000000005,ramp,69.3,3.2762698407337063,0.007991794694452548,1.0575721810002414,0.05757218100024142,0.007787497878017885,2.1613376621889056,0.0007460101308825137,-0.20429681643466258,2,2
694,0.6940000000000005,ramp,69.4,3.2810593666917676,0.004789525958061258,1.057629742937174,0.05762974293717393,0.004675152238806346,2.1660128144277118,0.0007476289264298684,-0.11437371925491178,2,2
695,0.6950000000000005,ramp,69.5,3.2890671909886406,0.008007824296873078,1.057732166295755,0.05773216629575506,0.00780373384052672,2.1738165482682383,0.0007492473002892006,-0.20409045634635878,2,2
696,0.6960000000000005,ramp,69.6,3.2938765766763183,0.004809385687677636,1.057789805757308,0.05778980575730808,0.004694860165562075,2.1785114084338004,0.0007508686043540073,-0.11452552211556159,2,2
697,0.6970000000000005,ramp,69.7,3.301900420349515,0.008023843673196751,1.0578921279272118,0.05789212792721177,0.007819958825288577,2.186331367259089,0.0007524894909186461,-0.20388484790817388,2,2
698,0.6980000000000005,ramp,69.8,3.3067296760047826,0.004829255655267595,1.0579498445784756,0.05794984457847563,0.004714579005196334,2.191045946264285,0.0007541133016417623,-0.11467665007126089,2,2
699,0.6990000000000005,ramp,69.9,3.3147695289402885,0.008039852935505909,1.0580520659365793,0.0580520659365793,0.007836172947267432,2.1988821192115524,0.0007557366990474399,-0.20367998823847716,2,2
700,0.7000000000000005,ramp,70.0,3.319618664689273,0.004849135748984601,1.058109859443964,0.05810985944396396,0.004734308643096711,2.2036164278546493,0.0007573630145836287,-0.11482710588789011,2,2
701,0.7010000000000005,ramp,70.1,3.3276745168840938,0.008055852194820634,1.0582119803656371,0.05821198036563713,0.00785237632069606,2.2114688041753454,0.0007589889209799321,-0.20347587412457463,2,2
702,0.7020000000000005,ramp,70.2,3.332543542741724,0.004869025857630049,1.0582698503968684,0.05826985039686838,0.004754048965384972,2.21622285314073,0.0007606177394977417,-0.11497689224507744,2,2
703,0.7030000000000005,ramp,70.3,3.3406153843034483,0.008071841561724469,1.0583718712559658,0.05837187125596577,0.00786856905906814,2.2240914221997983,0.000762246153047955,-0.20327250265632887,2,2
704,0.7040000000000005,ramp,70.4,3.345504310174,0.004888925870551564,1.0584298174800812,0.05842981748008125,0.004773799858912695,2.228865222058711,0.0007638774727296534,-0.1151260116388688,2,2
705,0.7050000000000005,ramp,70.5,3.3535921313200596,0.00808782114605977,1.058531738648945,0.05853173864894501,0.007884751275143667,2.2367499733338545,0.0007655083916107684,-0.2030698709161033,2,2
706,0.7060000000000005,ramp,70.6,3.3585009669979904,0.004908835677930767,1.0585897607362857,0.058589760736285745,0.004793561211269391,2.241543534545124,0.0007671422106521906,-0.11527446666137649,2,2
707,0.7070000000000005,ramp,70.7,3.36660475805474,0.008103791056749632,1.0586915825857888,0.05869158258578877,0.007900923080957132,2.249444457626081,0.0007687756330547016,-0.20286797579249954,2,2
708,0.7080000000000005,ramp,70.8,3.371533513225576,0.00492875517083613,1.058749680207984,0.0587496802079841,0.004813332910765913,2.254257790536847,0.0007704119496652436,-0.11542226007021666,2,2
709,0.7090000000000005,ramp,70.9,3.3796532646276765,0.008119751402100306,1.058851403107484,0.058851403107484046,0.007917084587813102,2.26217487512466,0.00077204787379311,-0.2026668142872043,2,2
710,0.7100000000000005,ramp,71.0,3.384601948868462,0.004948684240785539,1.0589095759375036,0.05890957593750357,0.004833114846447239,2.2670079899711073,0.0007736866861955187,-0.11556939433830012,2,2
711,0.7110000000000005,ramp,71.1,3.3927376511584155,0.008135702289953528,1.0590112002548562,0.05901120025485618,0.007933235906289034,2.2749412258773964,0.0007753251102660565,-0.20246638366449438,2,2
712,0.7120000000000005,ramp,71.2,3.3977062739385655,0.004968622780149978,1.059069447966903,0.059069447966902944,0.0048529069080762805,2.2797941327854727,0.0007769664166964389,-0.11571587207369771,2,2
713,0.7130000000000005,ramp,71.3,3.40585791776543,0.008151643826864508,1.059170974068544,0.05917097406854399,0.007949377146246462,2.2877435099317194,0.0007786073389402034,-0.20226668061804584,2,2
714,0.7140000000000005,ramp,71.4,3.410846488447382,0.004988570681951909,1.0592292963381176,0.059229296338117576,0.0048727089861284245,2.2926162189178476,0.0007802511376478211,-0.11586169582348485,2,2
715,0.7150000000000005,ramp,71.5,3.4190140645668143,0.008167576119432418,1.059330724589,0.05933072458900002,0.007965508416842262,2.30058172733469,0.0007818945563085493,-0.2020677025901564,2,2
716,0.7160000000000005,ramp,71.6,3.4240225924068097,0.005008527839995391,1.0593891210928834,0.05938912109288341,0.004892520971784789,2.3054742483064747,0.0007835408455558318,-0.11600686821060247,2,2
717,0.7170000000000005,ramp,71.7,3.4322060916795945,0.008183499272784722,1.0594904518564376,0.05949045185643764,0.007981629826519223,2.313455878132994,0.0007851867588903204,-0.20186944626549885,2,2
718,0.7180000000000005,ramp,71.8,3.437234585828338,0.005028494148743512,1.0595489222727101,0.059548922272710136,0.004912342756943467,2.3183682208899374,0.0007868355369526797,-0.11615139180004476,2,2
719,0.7190000000000005,ramp,71.9,3.4454339992204215,0.008199413392083521,1.059650155910971,0.059650155910971,0.00799774148301145,2.326365962372949,0.000788483943230704,-0.20167190907207158,2,2
720,0.7200000000000005,ramp,72.0,3.450482468723605,0.005048469503183384,1.0597086999189742,0.059708699918974206,0.004932174234205319,2.3312981366071543,0.0007901352083965429,-0.11629526897806441,2,2
721,0.7210000000000005,ramp,72.1,3.4586977873048754,0.008215318581270559,1.0598098367924822,0.059809836792482196,0.008013843493344346,2.339311980100499,0.0007917861059007383,-0.20147508792621274,2,2
722,0.7220000000000005,ramp,72.2,3.4637662411042967,0.005068453799421224,1.0598684540728214,0.059868454072821375,0.004952015296878602,2.3442639953973776,0.000793439856471232,-0.11643850254262206,2,2
723,0.7230000000000005,ramp,72.3,3.471997456048154,0.008231214943857257,1.059969494540677,0.059969494540677015,0.008029935963855286,2.352293931361233,0.0007950932434970585,-0.20127898000197111,2,2
724,0.7240000000000005,ramp,72.4,3.47708590298189,0.005088446933736002,1.0600281847752067,0.06002818477520666,0.00497186583895147,2.3572657972001845,0.0007967494777861435,-0.11658109478453194,2,2
725,0.7250000000000005,ramp,72.5,3.485333005564385,0.00824710258249528,1.0601291291950965,0.0601291291950965,0.008046019000183879,2.3653118162003683,0.0007984053526417514,-0.2010835823114017,2,2
726,0.7260000000000005,ramp,72.6,3.4904414543678595,0.005108448803474275,1.060187892066926,0.060187892066926096,0.004991725755116836,2.370303541955485,0.000800064068976075,-0.11672304835743871,2,2
727,0.7270000000000005,ramp,72.7,3.498704435967279,0.008262981599419739,1.0602887407950956,0.06028874079509561,0.00806209270728586,2.378365634662771,0.0008017224299822038,-0.20088889213387867,2,2
728,0.7280000000000005,ramp,72.8,3.5038328952737654,0.005128459306486199,1.0603475759885865,0.06034757598858653,0.005011594940746973,2.383377229603518,0.000803383626700941,-0.11686436573922661,2,2
729,0.7290000000000005,ramp,72.9,3.5121117473696897,0.008278852095924272,1.0604483293798281,0.060448329379828136,0.008078157189422067,2.39145538679294,0.0008050444721908808,-0.20069490650220442,2,2
730,0.7300000000000005,ramp,73.0,3.5172602257109373,0.005148478341247653,1.060507236580616,0.060507236580616075,0.005031473291908364,2.3964868600848486,0.0008067081476456738,-0.11700504933928949,2,2
731,0.7310000000000005,ramp,73.1,3.525554939883824,0.008294714172886852,1.060607894988322,0.060607894988321975,0.008094212550164794,2.4045810726350134,0.0008083714759651549,-0.20050162272205843,2,2
732,0.7320000000000005,ramp,73.2,3.5307234456908807,0.005168505807056523,1.0606668738832452,0.06066687388324521,0.005051360705350254,2.409632433340364,0.0008100376285200635,-0.11714510170626832,2,2
733,0.7330000000000005,ramp,73.3,3.5390340136211313,0.008310567930250645,1.060767437659377,0.06076743765937698,0.0081102588924206,2.4177426922327845,0.0008117034380271398,-0.20030903783004558,2,2
734,0.7340000000000005,ramp,73.4,3.5442225552250037,0.0051885416038723875,1.0608264879365448,0.06082648793654477,0.005071257078490693,2.422813949311275,0.0008133720660585397,-0.11728452538169436,2,2
735,0.7350000000000005,ramp,73.5,3.552548968692455,0.008326413467451221,1.0609269574316609,0.06092695743166088,0.008126296318411467,2.4309402456296865,0.0008150403551234961,-0.20011714903975414,2,2
736,0.7360000000000005,ramp,73.6,3.5577575543246485,0.0052085856321935076,1.0609860787803986,0.060986078780398634,0.005091162309419749,2.4360314079391063,0.0008167114570199833,-0.11742332277375842,2,2
737,0.7370000000000005,ramp,73.7,3.566099805207891,0.008342250883242475,1.0610864543436358,0.0610864543436358,0.008142324929697499,2.444173732868804,0.000818382224025363,-0.19992595354497572,2,2
738,0.7380000000000005,ramp,73.8,3.5713284430010743,0.005228637793183388,1.061145646454499,0.06114564645449905,0.0051110762969064985,2.4492848091657105,0.0008200557981876147,-0.11756149627688978,2,2
739,0.7390000000000005,ramp,73.9,3.5796865232768376,0.008358080275763236,1.0612459284336366,0.06124592843363663,0.008158344827163055,2.4574431539928736,0.0008217290415280403,-0.1997354486001808,2,2
740,0.7400000000000005,ramp,74.0,3.584935221265642,0.005248697988804452,1.061305190998394,0.06130519099839393,0.005130998940379509,2.462574152933253,0.0008234050863688131,-0.11769904842494262,2,2
741,0.7410000000000005,ramp,74.1,3.5933091230079772,0.00837390174233521,1.0614053797397662,0.06140537973976623,0.008174356111023998,2.4707485090442773,0.0008250808044508666,-0.19954563131121225,2,2
742,0.7420000000000005,ramp,74.2,3.5985778891296794,0.005268766121702129,1.0614647124514376,0.061464712451437586,0.00515093013993648,2.475899439184214,0.0008267593183949403,-0.11783598176564897,2,2
743,0.7430000000000005,ramp,74.3,3.6069676045094754,0.008389715379796048,1.0615648083000289,0.06156480830002886,0.008190358880846692,2.4840897980650607,0.0008284375096371777,-0.19935649894935528,2,2
744,0.7440000000000005,ramp,74.4,3.612256446604287,0.005288842094811397,1.0616242108528102,0.061624210852810224,0.005170869796325034,2.4892606678613856,0.0008301184911211244,-0.1179722984863624,2,2
745,0.7450000000000006,ramp,74.5,3.62066196788876,0.008405521284473139,1.061724214152207,0.06172421415220697,0.0082063532355332,2.4974670210969188,0.0008317991539539297,-0.19916804893993847,2,2
746,0.7460000000000006,ramp,74.6,3.6259708937008344,0.005308925812074428,1.0617836862415169,0.061783686241516866,0.0051908178109512,2.50265783890787,0.0008334826014262021,-0.11810800112322782,2,2
747,0.7470000000000006,ramp,74.7,3.6343922132524087,0.008421319551574324,1.0618835973339396,0.061883597333939555,0.008222339273343246,2.510880178181213,0.0008351657342917114,-0.19898027823107844,2,2
748,0.7480000000000006,ramp,74.8,3.6397212304304043,0.00532901717799561,1.0619431386564082,0.061943138656408214,0.005210774085870807,2.516090952267084,0.0008368516462124486,-0.11824309212480309,2,2
749,0.7490000000000006,ramp,74.9,3.6481583407065425,0.008437110276138249,1.0620429578826873,0.06204295788268732,0.008238317091872366,2.5243292693589563,0.0008385372475645483,-0.198793184265883,2,2
750,0.7500000000000006,ramp,75.0,3.653507456804256,0.005349116097713491,1.062102568136159,0.06210256813615911,0.005230738523794199,2.5295600078827505,0.0008402256224055166,-0.11837757391929167,2,2
751,0.7510000000000006,ramp,75.1,3.661960350356641,0.008452893552385099,1.062202295835782,0.06220229583578196,0.008254286788074543,2.537814294670825,0.0008419136907095806,-0.1986067643105563,2,2
752,0.7520000000000006,ramp,75.2,3.6673295728334407,0.005369222476799607,1.0622619747192386,0.062261974719238555,0.005250711028075302,2.5430650056989004,0.0008436045269541685,-0.1185114487243042,2,2
753,0.7530000000000006,ramp,75.3,3.67579824230732,0.008468669473879142,1.0623616112303205,0.06236161123032047,0.008270248458261624,2.551335254157162,0.0008452950606872187,-0.1984210156175184,2,2
754,0.7540000000000006,ramp,75.4,3.6811875785292063,0.0053893362218864205,1.0624213584440205,0.062421358444020525,0.005270691502702508,2.5566059456598644,0.0008469883568302395,-0.11864471918391228,2,2
755,0.7550000000000006,ramp,75.5,3.6896720166627803,0.008484438133574024,1.0625209041033372,0.06252090410333722,0.00828620219811362,2.5648921478579783,0.0008486813544806879,-0.1982359354604033,2,2
756,0.7560000000000006,ramp,75.6,3.6950814739025857,0.005409457239805349,1.0625807193486592,0.06258071934865916,0.005290679852304223,2.5701828277102825,0.0008503771090283814,-0.1187773875011254,2,2
757,0.7570000000000006,ramp,75.7,3.7035816735264033,0.00850019962381765,1.0626801744916106,0.06268017449161056,0.008302148102667701,2.57848497581295,0.0008520725690960183,-0.198051521149949,2,2
758,0.7580000000000006,ramp,75.8,3.709011258964509,0.005429585438105455,1.0627400574711328,0.06274005747113276,0.005310675982134276,2.5837956517950844,0.0008537707805659694,-0.11890945597117959,2,2
759,0.7590000000000006,ramp,75.9,3.7175272130010253,0.008515954036516504,1.0628394224318252,0.06283942243182516,0.00831808626633975,2.5921137380614243,0.0008554687015618952,-0.19786777017675483,2,2
760,0.7600000000000006,ramp,76.0,3.722976933726328,0.005449720725302587,1.062899372849321,0.06289937284932101,0.005330679798088931,2.597444417859513,0.0008571693684829212,-0.11904092721365563,2,2
761,0.7610000000000006,ramp,76.1,3.731508635188743,0.008531701462415331,1.0629986479604805,0.06299864796048049,0.008334016782900572,2.6057784346424135,0.0008588697489294287,-0.19768467951475874,2,2
762,0.7620000000000006,ramp,76.2,3.7369784981988117,0.005469863010068465,1.0630586655208807,0.06305866552088069,0.0053506912066874175,2.611129125849101,0.0008605728698415426,-0.11917180338104782,2,2
763,0.7630000000000006,ramp,76.3,3.7455259401911336,0.008547441992321936,1.06315785111391,0.06315785111390992,0.008349939745509712,2.6194790655946107,0.0008622757082720972,-0.19750224681222386,2,2
764,0.7640000000000006,ramp,76.4,3.751015952393103,0.005490012201969208,1.063217935523314,0.063217935523314,0.005370710115071195,2.624849775709682,0.0008639812817263995,-0.11930208689801304,2,2
765,0.7650000000000006,ramp,76.5,3.75957912810913,0.00856317571602716,1.0633170319283034,0.0633170319283034,0.008365855246699059,2.6332156309563812,0.000865686576685529,-0.19732046932810152,2,2
766,0.7660000000000006,ramp,76.6,3.765089296320133,0.00551016821100303,1.063377182893989,0.06337718289398908,0.005390736430994682,2.638606367387376,0.0008673946012441721,-0.1194317800083484,2,2
767,0.7670000000000006,ramp,76.7,3.7736681990429357,0.008578902722802706,1.0634761904396937,0.06347619043969366,0.008381763378393378,2.646988130765769,0.0008691023512874022,-0.19713934440932812,2,2
768,0.7680000000000006,ramp,76.8,3.7791985299908504,0.005530330947914663,1.0635364076700895,0.0635364076700895,0.005410770062834362,2.6523989008286035,0.0008708128255234534,-0.11956088508030104,2,2
769,0.7690000000000006,ramp,76.9,3.7877931530922337,0.00859462310138337,1.0636353266839502,0.06363532668395022,0.008397664231891018,2.6607965650604943,0.0008725230292172425,-0.19695886949235192,2,2
770,0.7700000000000006,ramp,77.0,3.793343653416288,0.005550500324054131,1.0636956098886436,0.06369560988864365,0.005430810919578803,2.666227375980073,0.0008742359517146935,-0.11968940447532744,2,2
771,0.7710000000000006,ramp,77.1,3.801953990355999,0.00861033693971125,1.0637944406968305,0.06379444069683049,0.008413557897882304,2.674640933877955,0.0008759486076363171,-0.1967790418289459,2,2
772,0.7720000000000006,ramp,77.2,3.807524666607227,0.0055706762512279795,1.0638547895865367,0.06385478958653668,0.005450858910831492,2.6800917927887866,0.0008776639769899615,-0.11981734039648739,2,2
773,0.7730000000000006,ramp,77.3,3.8161507109326807,0.008626044325453552,1.0639535325138652,0.06395353251386515,0.008429444466452033,2.6885212372552387,0.0008793790837275454,-0.19659985900151963,2,2
774,0.7740000000000006,ramp,77.4,3.821741569574737,0.005590858642056329,1.064013946800479,0.064013946800479,0.005470913946789295,2.693992151202028,0.0008810968985428725,-0.11994469526703348,2,2
775,0.7750000000000006,ramp,77.5,3.830383314919981,0.00864174534524409,1.0641126021705067,0.06411260217050674,0.008445324027083779,2.702437475229112,0.0008828144546952036,-0.19642131816031103,2,2
776,0.7760000000000006,ramp,77.6,3.835994362329547,0.005611047409566083,1.0641730815670574,0.06417308156705737,0.005490975938256224,2.7079284511673682,0.0008845347135884193,-0.12007147130985943,2,2
777,0.7770000000000006,ramp,77.7,3.844651802415219,0.00865744008567182,1.0642716497020026,0.06427164970200261,0.00846119666865974,2.716389647836028,0.000886254717764935,-0.19624341701207984,2,2
778,0.7780000000000006,ramp,77.8,3.850283044882657,0.005631242467437847,1.0643321939226573,0.06433219392265732,0.0055110447966406455,2.7219006926326683,0.0008879774193628543,-0.12019767079720148,2,2
779,0.7790000000000006,ramp,77.9,3.8589561735149065,0.008673128632249671,1.0644306751434836,0.06443067514348355,0.008477062479460723,2.730377755112129,0.0008896998701835257,-0.1960661527889481,2,2
780,0.7800000000000006,ramp,78.0,3.8646076172448782,0.005651443729971728,1.0644912839035472,0.06449128390354719,0.005531120433938781,2.735908875546068,0.0008914250131234449,-0.12032329603294672,2,2
781,0.7810000000000006,ramp,78.1,3.873296428314986,0.008688811070107771,1.0645896785299322,0.06458967852993225,0.008492921547171208,2.7444017970932393,0.0008931499092188026,-0.19588952293656328,2,2
782,0.7820000000000006,ramp,78.2,3.878968079426982,0.005671651111995857,1.0646503515458074,0.06465035154580745,0.005551202762753206,2.7499529998559926,0.0008948774921485192,-0.12044834924265085,2,2
783,0.7830000000000006,ramp,78.3,3.88767256691092,0.008704487483937928,1.0647486598961637,0.06474865989616374,0.008508773958894253,2.758461773814887,0.0008966048321595347,-0.19571352504367534,2,2
784,0.7840000000000006,ramp,78.4,3.8933644314397764,0.005691864528856616,1.06480939688542,0.06480939688541998,0.005571291696253826,2.764033065511141,0.0008983348537371968,-0.12057283260278988,2,2
785,0.7850000000000006,ramp,78.5,3.902084589397402,0.008720157957625485,1.0649076192768527,0.06490761927685273,0.008524619801140108,2.772557685312281,0.0009000646363151591,-0.19553815648537703,2,2
786,0.7860000000000006,ramp,78.6,3.9077966732941314,0.005712083896729503,1.0649684199581566,0.06496841995815661,0.005591387148209165,2.77814907246049,0.0009017970952092758,-0.12069674852033772,2,2
787,0.7870000000000006,ramp,78.7,3.9165324958687053,0.008735822574573948,1.0650665567065432,0.06506655670654315,0.008540459159847004,2.786689531620337,0.0009035293190158056,-0.19536341472694424,2,2
788,0.7880000000000006,ramp,78.8,3.922264805000778,0.005732309132072455,1.065127420799672,0.06512742079967193,0.005611489032963498,2.7923010206533005,0.0009052642139051174,-0.12082009910895693,2,2
789,0.7890000000000006,ramp,78.9,3.931016286418335,0.008751481417557105,1.065225472219616,0.06522547221961594,0.008556292120351932,2.8008573127736525,0.0009069988776120473,-0.19518929720517378,2,2
790,0.7900000000000006,ramp,79.0,3.936768826570586,0.005752540152251129,1.0652863994454886,0.06528639944548864,0.00563159726545338,2.8064889100391057,0.0009087362071855249,-0.1209428867977487,2,2
791,0.7910000000000006,ramp,79.1,3.94553596113934,0.008767134568754109,1.065384365850331,0.06538436585033103,0.008572118767421782,2.8150610288065274,0.0009104733094748754,-0.19501580133232665,2,2
792,0.7920000000000006,ramp,79.2,3.9513087380141263,0.005772776874786167,1.0654453559309618,0.06544535593096179,0.005651711761184038,2.8207127405677115,0.0009122130724315505,-0.1210651136021295,2,2
793,0.7930000000000006,ramp,79.3,3.9600915201242763,0.008782782110150045,1.0655432376327696,0.06554323763276959,0.008587939185260265,2.8293006797529716,0.0009139526119954466,-0.19484292488977997,2,2
794,0.7940000000000006,ramp,79.4,3.965884539342147,0.005793019217870565,1.0656042902912584,0.06560429029125836,0.0056718324362243595,2.834972512189196,0.0009156948070444764,-0.12118678164620578,2,2
795,0.7950000000000006,ramp,79.5,3.974682963464807,0.008798424122660187,1.0657020876009027,0.06570208760090268,0.00860375345748649,2.8435762656466825,0.0009174367825850484,-0.19467066517369658,2,2
796,0.7960000000000006,ramp,79.6,3.980496230565485,0.005813267100677866,1.0657632025614878,0.06576320256148782,0.005691959207222823,2.849268224853905,0.0009191814084455514,-0.12130789345504277,2,2
797,0.7970000000000006,ramp,79.7,3.9893102912525027,0.008814060687017733,1.0658609157885663,0.06586091578856634,0.008619561667164996,2.8578877865210703,0.0009209258186749438,-0.19449901985273652,2,2
798,0.7980000000000006,ramp,79.8,3.9951438116947795,0.005833520442276807,1.0659220927765312,0.06592209277653116,0.005712091991388185,2.8635998785124586,0.000922672874075983,-0.12142845088862225,2,2
799,0.7990000000000006,ramp,79.9,4.003973503577793,0.008829691883013524,1.0660197222294094,0.06601972222940944,0.008635363896782303,2.872235242409241,0.0009244197177162286,-0.19432798623122102,2,2
800,0.8000000000000006,ramp,80.0,4.009827282740654,0.005853779162860562,1.0660809609711828,0.06608096097118277,0.0057322307065007985,2.8779674731157416,0.0009261692013967063,-0.12154845635976332,2,2
801,0.8010000000000006,ramp,80.1,4.018672600531054,0.008845317790400209,1.0661785069569965,0.06617850695699645,0.008651160228272387,2.886618633344014,0.0009279184771797022,-0.19415756212782206,2,2
802,0.8020000000000006,ramp,80.2,4.024546643713856,0.005874043182802602,1.0662398071800674,0.06623980718006739,0.005752375270889862,2.8923710086149037,0.0009296703878883783,-0.12166791191273954,2,2
803,0.8030000000000006,ramp,80.3,4.033407582201734,0.008860938487877945,1.0663372700047578,0.06633727000475775,0.008666950743010306,2.901037959357914,0.0009314220945557779,-0.19398774486763942,2,2
804,0.8040000000000006,ramp,80.4,4.03930189462498,0.0058943124232460065,1.0663986314376543,0.06639863143765434,0.0057725256034482095,2.9068104849613623,0.000933176431051126,-0.12178681979779694,2,2
805,0.8050000000000006,ramp,80.5,4.048178448678904,0.008876554053923513,1.0664960114059026,0.06649601140590256,0.008682735521812932,2.9154932204831754,0.0009349305673543385,-0.1938185321105814,2,2
806,0.8060000000000006,ramp,80.6,4.054093035484645,0.0059145868057415285,1.0665574337783172,0.06655743377831724,0.005792681623614876,2.9212859021067903,0.0009366873284045015,-0.12190518212665258,2,2
807,0.8070000000000006,ramp,80.7,4.062985200051084,0.008892164566439043,1.0666547311935948,0.06665473119359477,0.008698514644956948,2.929984416751747,0.0009384438931045965,-0.19364992148209434,2,2
808,0.8080000000000006,ramp,80.8,4.068920066303597,0.005934866252512272,1.066716214236239,0.06671621423623897,0.005812843251385001,2.935797260003132,0.0009402030774873732,-0.12202300112727077,2,2
809,0.8090000000000006,ramp,80.9,4.077827836406193,0.00890777010259658,1.0668134294008245,0.06681342940082446,0.008714288192147451,2.9445115481952793,0.0009419620693549868,-0.1934819104491281,2,2
810,0.8100000000000006,ramp,81.0,4.083782987092357,0.005955150686164146,1.0668749728455014,0.06687497284550137,0.005833010407309677,2.950344558602589,0.0009437236758576984,-0.12214027885446878,2,2
811,0.8110000000000006,ramp,81.1,4.092706357831553,0.008923370739195136,1.0669721060604473,0.06697210606044735,0.008730056242558713,2.9590746148451474,0.0009454850936730408,-0.19331449663642294,2,2
812,0.8120000000000006,ramp,81.2,4.098681797861538,0.0059754400299851795,1.0670337096400224,0.06703370964002242,0.005853183012470739,2.964927797857618,0.0009472491210925505,-0.12225701751444017,2,2
813,0.8130000000000006,ramp,81.3,4.107620764414003,0.008938966552465288,1.067130761205197,0.06713076120519701,0.008745818874821419,2.9736736167324396,0.0009490129636453157,-0.19314767764386925,2,2
814,0.8140000000000006,ramp,81.4,4.113616498621627,0.005995734207624004,1.0671924246535869,0.06719242465358688,0.005873360988496878,2.9795469777209362,0.0009507794107878948,-0.12237321912712557,2,2
815,0.8150000000000006,ramp,81.5,4.122571056239841,0.008954557618213954,1.0672893948676658,0.06728939486766583,0.008761576167027534,2.988308553887964,0.0009525456768771705,-0.19298145118641988,2,2
816,0.8160000000000006,ramp,81.6,4.128587089383313,0.006016033143471766,1.0673511179198605,0.06735111791986048,0.005893544257545056,2.994202098145509,0.0009543145425585174,-0.12248888592671005,2,2
817,0.8170000000000006,ramp,81.7,4.137557233394849,0.008970144011536618,1.0674480070803176,0.06744800708031762,0.00877732819673576,3.002979426342245,0.0009560832309928175,-0.1928158148008577,2,2
818,0.8180000000000006,ramp,81.8,4.143593570157079,0.006036336762229588,1.0675097894723558,0.06750978947235575,0.005913732742322582,3.0088931590845673,0.0009578545140378678,-0.12260401990700584,2,2
819,0.8190000000000006,ramp,81.9,4.152579295964163,0.008985725807083789,1.067606597875484,0.06760659787548406,0.008793075040959993,3.0176862341255273,0.00095962562363496,-0.19265076612379542,2,2
820,0.8200000000000006,ramp,82.0,4.158635940953613,0.006056644989450355,1.0676684393444429,0.06766843934444289,0.005933926366056887,3.023620160491584,0.0009613993228780193,-0.12271862339346788,2,2
821,0.8210000000000006,ramp,82.1,4.167637244032515,0.009001303078902012,1.0677651672853505,0.06776516728535054,0.008808816776195398,3.0324289772677795,0.0009631728524649355,-0.19248630270661363,2,2
822,0.8220000000000006,ramp,82.2,4.1737142017832385,0.006076957750723366,1.0678270675693706,0.06782706756937062,0.005954125052516184,3.038383102320296,0.0009649489667494373,-0.12283269820718197,2,2
823,0.8230000000000006,ramp,82.3,4.182731077684048,0.009016875900809573,1.0679237153420105,0.06792371534201047,0.008824553478398868,3.0472076557986947,0.0009667249151624197,-0.19232242241070535,2,2
824,0.8240000000000006,ramp,82.4,4.188828352656608,0.006097274972559852,1.0679856741802745,0.06798567418027446,0.005974328725978728,3.0531819845246733,0.0009685034433409818,-0.12294624658112409,2,2
825,0.8250000000000006,ramp,82.5,4.197860797002262,0.009032444345653978,1.0680822420774019,0.06808224207740188,0.008840285223013791,3.062022269747687,0.0009702818094254196,-0.19215912264018697,2,2
826,0.8260000000000006,ramp,82.6,4.203978393584151,0.006117596581889373,1.0681442592101287,0.06814425921012868,0.0059945373112595965,3.068016807058947,0.0009720627503597385,-0.12305927062977641,2,2
827,0.8270000000000006,ramp,82.7,4.213026402070362,0.00904800848621079,1.0682407475233198,0.06824074752331977,0.00885601208495704,3.076872819143904,0.0009738435329700334,-0.19199640125375053,2,2
828,0.8280000000000006,ramp,82.8,4.21916432457644,0.006137922506077587,1.0683028226917592,0.06830282269175925,0.006014750733688078,3.082887569877592,0.0009756268855309254,-0.1231717723895083,2,2
829,0.8290000000000006,ramp,82.9,4.228227892971023,0.009063568394583221,1.0683992317114774,0.06839923171147744,0.008871734138626845,3.091759304016219,0.0009774100835305694,-0.191834255956376,2,2
830,0.8300000000000006,ramp,83.0,4.234386145643881,0.006158252672857856,1.0684613646578809,0.06846136465788089,0.006034968919109821,3.097794272935329,0.000979195846597712,-0.12328375374803455,2,2
831,0.8310000000000006,ramp,83.1,4.2434652697860855,0.009079124142204797,1.0685576946734165,0.06855769467341655,0.008887451457902495,3.1066817243932316,0.0009809814588591602,-0.1916726843023027,2,2
832,0.8320000000000006,ramp,83.2,4.249643856796995,0.006178587010909453,1.0686198851411235,0.0686198851411235,0.006055191793883216,3.112736916187115,0.0009827696313212684,-0.12339521702623736,2,2
833,0.8330000000000006,ramp,83.3,4.258738532597144,0.009094675800149332,1.0687161364405826,0.06871613644058261,0.00890316411616841,3.1216400803032833,0.000984557656725847,-0.19151168398092236,2,2
834,0.8340000000000006,ramp,83.4,4.264937458046213,0.0061989254490688595,1.0687783841739054,0.06877838417390536,0.006075419284878045,3.1277154995881613,0.0009863482374804595,-0.12350616419081438,2,2
835,0.8350000000000006,ramp,83.5,4.274047681485337,0.009110223439123821,1.0688745570442748,0.06887455704427481,0.00891887218627335,3.1366343717744347,0.000988138674918436,-0.19135125285047078,2,2
836,0.8360000000000006,ramp,83.6,4.280266949401977,0.006219267916639737,1.0689368617885626,0.06893686178856262,0.006095651319482062,3.142730023093917,0.00098993166287187,-0.12361659715767487,2,2
837,0.8370000000000006,ramp,83.7,4.289392716531062,0.009125767129085638,1.069032956515706,0.06903295651570596,0.008934575740575556,3.1516645988344925,0.0009917245112422742,-0.19119138851008202,2,2
838,0.8380000000000006,ramp,83.8,4.295632330874716,0.006239614343654054,1.0690953180173322,0.06909531801733215,0.006115887825576189,3.1577804866600685,0.000993519905309703,-0.12372651807786468,2,2
839,0.8390000000000006,ramp,83.9,4.3047736378143675,0.009141306939651095,1.0691913348859066,0.06919133488590656,0.008950274850923978,3.1667307615109923,0.00099531516352033,-0.19103208872711663,2,2
840,0.8400000000000006,ramp,84.0,4.311033602474905,0.006259964660537243,1.0692537528922352,0.06925375289223523,0.006136128731549785,3.1728668902425423,0.0009971129626255796,-0.12383592898745736,2,2
841,0.8410000000000006,ramp,84.1,4.320190445414811,0.009156842939906262,1.0693496921858512,0.06934969218585119,0.008965969588666689,3.181832859831209,0.0009989106295929043,-0.19087335123957327,2,2
842,0.8420000000000006,ramp,84.2,4.326470764212842,0.006280318798030926,1.0694121664452563,0.06941216644525627,0.006156373966294255,3.187989233797503,0.0010007108326685317,-0.12394483173667081,2,2
843,0.8430000000000006,ramp,84.3,4.335643139411352,0.009172375198509997,1.0695080284463185,0.06950802844631854,0.00898166002465804,3.196970893822161,0.0010025109073176915,-0.1907151738519564,2,2
844,0.8440000000000006,ramp,84.4,4.341943816099148,0.006300676687795992,1.069570558708195,0.06957055870819495,0.006176623459190104,3.203147517281351,0.0010043135133047869,-0.12405322860588752,2,2
845,0.8450000000000006,ramp,84.5,4.35113171988249,0.009187903783342222,1.0696663436980398,0.06966634369803981,0.00899734622925101,3.212144863510602,0.0010061159945695525,-0.19055755409121133,2,2
846,0.8460000000000006,ramp,84.6,4.357452758143987,0.006321038261496881,1.0697289297127632,0.06972892971276323,0.006196877140113066,3.218341740650715,0.0010079210024177812,-0.12416112138381469,2,2
847,0.8470000000000006,ramp,84.7,4.366656186906283,0.009203428762296184,1.0698246379715857,0.06982463797158567,0.00901302827231699,3.227354768923032,0.0010097258892404286,-0.19040048997919465,2,2
848,0.8480000000000006,ramp,84.8,4.37299759035785,0.006341403451567196,1.0698872794905394,0.06988727949053941,0.006217134939435832,3.233571903862468,0.001011533297908045,-0.12426851213136365,2,2
849,0.8490000000000006,ramp,84.9,4.382216540560261,0.009218950202410703,1.0699829112974077,0.06998291129740775,0.009028706223221283,3.2426006100856894,0.0010133405892393886,-0.19024397918942018,2,2
850,0.8500000000000006,ramp,85.0,4.388578312751038,0.00636177219077716,1.070045608072948,0.0700456080729479,0.00623739678801671,3.248838006873706,0.0010151503976929736,-0.12437540276044948,2,2
851,0.8510000000000006,ramp,85.1,4.397812780921427,0.009234468170388865,1.070141163705868,0.07014116370586798,0.00904438015085259,3.2578823870245586,0.0010169600924922432,-0.19008801953627508,2,2
852,0.8520000000000006,ramp,85.2,4.404194925334038,0.0063821444126110904,1.070203915491333,0.07020391549133298,0.006257662617204382,3.264140049641763,0.0010187722997068477,-0.12448179540670845,2,2
853,0.8530000000000006,ramp,85.3,4.4134449080663085,0.00924998273227029,1.0702993952271527,0.07029939522715267,0.009060050123611706,3.2732000997653747,0.0010205843969417151,-0.18993260865858388,2,2
854,0.8540000000000006,ramp,85.4,4.419847428117101,0.006402520050792226,1.070362201776907,0.070362201776907,0.006277932358820071,3.279478032124195,0.0010223990019007777,-0.12458769197215558,2,2
855,0.8550000000000006,ramp,85.5,4.429112922071034,0.009265493953932946,1.0704576058913875,0.0704576058913875,0.0090757162094213,3.2885537483336162,0.001024213500547202,-0.1897777445116454,2,2
856,0.8560000000000006,ramp,85.6,4.435535821110521,0.006422899039487007,1.0705204669607462,0.07052046696074621,0.006298205945168589,3.294851954278785,0.0010260305022424432,-0.12469309431841803,2,2
857,0.8570000000000007,ramp,85.7,4.444816823011244,0.009281001900723673,1.0706157957285558,0.07061579572855581,0.00909137847573177,3.3039433327545167,0.0010278474012846925,-0.18962342499190266,2,2
858,0.8580000000000007,ramp,85.8,4.451260104324776,0.006443281313531557,1.070678711073818,0.07067871107381807,0.006318483309033076,3.3102618160635497,0.0010296667987160885,-0.12479800449848119,2,2
859,0.8590000000000007,ramp,85.9,4.4605566109619375,0.009296506637161528,1.0707739647685341,0.07077396476853415,0.009107036989504736,3.3193688530530543,0.0010314860971467452,-0.18946964765679217,2,2
860,0.8600000000000007,ramp,86.0,4.467020277770053,0.006463666808115498,1.0708369341469517,0.07083693414695169,0.00633876438367054,3.325707617436725,0.0010333078893224757,-0.124902424444958,2,2
861,0.8610000000000007,ramp,86.1,4.476332285997833,0.009312008227779778,1.0709321130410738,0.07093211304107383,0.009122691817234406,3.334830309253959,0.0010351295861422498,-0.18931641054537213,2,2
862,0.8620000000000007,ramp,86.2,4.482816341456769,0.0064840554589364885,1.0709951362109036,0.07099513621090359,0.006359049102818616,3.3411893583567776,0.0010369537720786627,-0.12500635611787259,2,2
863,0.8630000000000007,ramp,86.3,4.4921438481930345,0.009327506736265256,1.0710902405758285,0.07109024057582847,0.009138343024936895,3.3503277013817145,0.0010387778662964697,-0.18916371132836166,2,2
864,0.8640000000000007,ramp,86.4,4.49864829539507,0.006504447202035912,1.0711533172962544,0.0711533172962544,0.006379337400676584,3.356707038782391,0.001040604445018034,-0.1251098013593287,2,2
865,0.8650000000000007,ramp,86.5,4.507991297621405,0.009343002226334995,1.0712483474023151,0.07124834740231512,0.009153990678175567,3.3658610294605666,0.001042430935650857,-0.18901154815942864,2,2
866,0.8660000000000007,ramp,86.6,4.514516139595356,0.006524841973950757,1.0713114774335024,0.07131147743350241,0.006399629211900301,3.372260658672467,0.0010442599061901098,-0.12521276205045614,2,2
867,0.8670000000000007,ramp,86.7,4.523874634355883,0.009358494760526526,1.071406433549941,0.07140643354994092,0.009169634842047365,3.3814302935145144,0.00104608879226303,-0.18885991847916034,2,2
868,0.8680000000000007,ramp,86.8,4.530419874067875,0.006545239711992501,1.0714696166530062,0.07146961665300622,0.006419924471622385,3.387850217986137,0.0010479201536604998,-0.12531524037011615,2,2
869,0.8690000000000007,ramp,86.9,4.539793858469458,0.009373984401582547,1.0715644990480389,0.07156449904803885,0.009185275581167536,3.3970354935673046,0.001049751434206592,-0.1887088204150112,2,2
870,0.8700000000000007,ramp,87.0,4.546359498822916,0.006565640353458413,1.0716277349850476,0.0716277349850476,0.006440223115440193,3.403475716682745,0.0010515851855108357,-0.12541723801821977,2,2
871,0.8710000000000007,ramp,87.1,4.555748970034427,0.009389471211511236,1.0717225439257605,0.0717225439257605,0.00920091295970954,3.4126766296424544,0.001053418859571144,-0.18855825180169594,2,2
872,0.8720000000000007,ramp,87.2,4.5623350138707375,0.006586043836310118,1.0717858324597664,0.07178583245976644,0.006460525079399327,3.4191371547218536,0.0010552549998385794,-0.12551875691079079,2,2
873,0.8730000000000007,ramp,87.3,4.571739969122619,0.00940495525188112,1.07188056821221,0.0718805682122099,0.009216547041382082,3.4283537017632355,0.0010570910664620483,-0.1884082104990376,2,2
874,0.8740000000000007,ramp,87.4,4.578346419221651,0.006606450099032379,1.0719439091071712,0.07194390910717119,0.006480830300008984,3.4348345320632445,0.001058929594757034,-0.12561979902339562,2,2
875,0.8750000000000007,ramp,87.5,4.587766855805344,0.009420436583693181,1.0720385719363512,0.07203857193635121,0.009232177889441757,3.4440667099526863,0.0010607680530005364,-0.18825869425142389,2,2
876,0.8760000000000007,ramp,87.6,4.5943937148858245,0.00662685908048033,1.0721019649571564,0.07210196495715637,0.006501138714218754,3.450567848666905,0.001062608968395244,-0.12572036626157593,2,2
877,0.8770000000000007,ramp,87.7,4.6038296301536175,0.009435915267792971,1.0721965551270511,0.07219655512705114,0.009247805566704417,3.4598156542336094,0.0010644498173234204,-0.18810970108855407,2,2
878,0.8780000000000007,ramp,87.8,4.610476900873373,0.006647270719755127,1.0722600000395772,0.07226000003957722,0.006521450259434232,3.4663371044930438,0.0010662931188977905,-0.12582046032089556,2,2
879,0.8790000000000007,ramp,87.9,4.6199282922379865,0.009451391364613926,1.0723545178130436,0.07235451781304358,0.009263430135519219,3.4756005346285628,0.0010681363575831412,-0.1879612290947071,2,2
880,0.8800000000000007,ramp,88.0,4.626595977194724,0.006667684956737752,1.0724180143840638,0.07241801438406381,0.006541764873521977,3.4821422995020845,0.0010699820444248615,-0.1259200832157744,2,2
881,0.8810000000000007,ramp,88.1,4.636062842128426,0.009466864933701302,1.0725124600229785,0.07251246002297851,0.009279051657792359,3.491421351159877,0.0010718276719475723,-0.18781327590894348,2,2
882,0.8820000000000007,ramp,88.2,4.642750943860085,0.006688101731659124,1.0725760080202136,0.07257600802021358,0.006562082494783172,3.4979834336546602,0.0010736757431521003,-0.1260192368759518,2,2
883,0.8830000000000007,ramp,88.3,4.652233279894565,0.009482336034480454,1.0726703817853964,0.07267038178539642,0.009294670194989233,3.5072781038496497,0.0010755237586000538,-0.18766583949122137,2,2
884,0.8840000000000007,ramp,88.4,4.658941800879437,0.006708520984871846,1.0727339809774958,0.07273398097749584,0.006582403061958716,3.5138605069116085,0.0010773742132704084,-0.1261179229131307,2,2
885,0.8850000000000007,ramp,88.5,4.668439605605483,0.009497804726046333,1.0728282831286973,0.07282828312869727,0.009310285808136911,3.5231707927197453,0.0010792246157391814,-0.18751891790942143,2,2
886,0.8860000000000007,ramp,88.6,4.675168548263304,0.00672894265782098,1.0728919332852314,0.07289193328523136,0.006602726514236432,3.5297735192339816,0.0010810774529860733,-0.12621614358454808,2,2
887,0.8870000000000007,ramp,88.7,4.684681819330052,0.00951327106674782,1.072986164081244,0.07298616408124392,0.009325898557814872,3.5390994177917965,0.0010829302415788042,-0.18737250893294774,2,2
888,0.8880000000000007,ramp,88.8,4.6914311860216396,0.006749366691587433,1.0730498649726932,0.07304986497269317,0.006623052791242592,3.5457224705830392,0.0010847854605204857,-0.12631390034484064,2,2
889,0.8890000000000007,ramp,88.9,4.70095992113646,0.009528735114820108,1.073144024671212,0.07314402467121206,0.009341508504172464,3.555063979087212,0.0010866406343479228,-0.18722661064764395,2,2
890,0.8900000000000007,ramp,89.0,4.70772971416463,0.00676979302817049,1.0732077760690144,0.07320777606901441,0.006643381833032182,3.561707360920244,0.0010884982341101662,-0.12641119513830817,2,2
891,0.8910000000000007,ramp,89.1,4.717273911092577,0.009544196927946835,1.0733018649267205,0.07330186492672053,0.009357115706923352,3.5710644766271673,0.0010903557922905757,-0.1870812210234829,2,2
892,0.8920000000000007,ramp,89.2,4.724064132702477,0.006790221609899838,1.0733656666031879,0.07336566660318788,0.006663713580100013,3.5777281902072673,0.0010922157720066434,-0.12650802979982492,2,2
893,0.8930000000000007,ramp,89.3,4.733623789265652,0.009559656563174812,1.073459684875777,0.07345968487577692,0.009372720225348961,3.5871009104326164,0.0010940757136657557,-0.186936337825851,2,2
894,0.8940000000000007,ramp,89.4,4.740434441645403,0.006810652379751758,1.0735235366041305,0.07352353660413047,0.006684047973365404,3.5937849584059816,0.0010959380724763622,-0.12660440638635403,2,2
895,0.8950000000000007,ramp,89.5,4.75000955572304,0.009575114077637004,1.0736174845462902,0.07361748454629025,0.00938832211830444,3.603173280524286,0.0010978003967473848,-0.18679195933256343,2,2
896,0.8960000000000007,ramp,89.6,4.756840641003415,0.0068310852803747935,1.073681386100679,0.07368138610067909,0.00670438495417597,3.609877665478462,0.0010996651338006376,-0.12670032619882357,2,2
897,0.8970000000000007,ramp,89.7,4.766431210530939,0.009590569527524018,1.0737752639660394,0.0737752639660394,0.009403921444222847,3.619281586922685,0.0011015298398241228,-0.18664808330117083,2,2
898,0.8980000000000007,ramp,89.8,4.7732827307868915,0.006851520255952259,1.0738392151215026,0.0738392151215026,0.006724724464306039,3.626006311386991,0.0011033969542754863,-0.1267957916462198,2,2
899,0.8990000000000007,ramp,89.9,4.782888753755627,0.00960602296873514,1.073933023162725,0.0739330231627251,0.009419518261095156,3.6354258296480864,0.0011052640411994019,-0.18650470763998359,2,2
900,0.9000000000000007,ramp,90.0,4.789760711005793,0.006871957250166538,1.0739970236952079,0.07399702369520789,0.006745066445956663,3.642170896094043,0.0011071335322117067,-0.12689080420987506,2,2
901,0.9010000000000007,ramp,90.1,4.799382185462875,0.009621474457081725,1.0740907621639166,0.07409076216391663,0.009435112626508847,3.651606008720552,0.0011090029991912848,-0.1863618305728773,2,2
902,0.9020000000000007,ramp,90.2,4.806274581670118,0.00689239620724269,1.0741548118502697,0.07415481185026973,0.006765410841747814,3.6583714195623,0.0011108748659345803,-0.12698536549487616,2,2
903,0.9030000000000007,ramp,90.3,4.815911505717842,0.009636924047724094,1.0742484809971349,0.07424848099713488,0.00945070459762736,3.6678221241599274,0.0011127467121323815,-0.1862194500967338,2,2
904,0.9040000000000007,ramp,90.4,4.8228243427902155,0.00691283707237389,1.0743125796150716,0.07431257961507165,0.00678575759470633,3.6746078817546337,0.0011146209537839507,-0.1270794776675596,2,2
905,0.9050000000000007,ramp,90.5,4.832476714585464,0.009652371795248804,1.0744061796897326,0.07440617968973262,0.009466294231194737,3.6840741759858284,0.0011164951783697605,-0.1860775640540671,2,2
906,0.9060000000000007,ramp,90.6,4.83940999437612,0.006933279790655611,1.0744703270178986,0.07447032701789857,0.006806106648295768,3.690880282634124,0.0011183717941141216,-0.12717314235984306,2,2
907,0.9070000000000007,ramp,90.7,4.84907781213022,0.009667817754100305,1.0745638582690331,0.07456385826903311,0.009481881583534406,3.7003621642176583,0.00112024839626493,-0.18593617056589934,2,2
908,0.9080000000000007,ramp,90.8,4.85603153643788,0.006953724307659392,1.0746280540869138,0.07462805408691375,0.006826457946378716,3.707188622164037,0.001122127385293749,-0.1272663612806764,2,2
909,0.9090000000000007,ramp,90.9,4.8657147984161,0.009683261978220337,1.074721516762203,0.07472151676220307,0.00949746671057605,3.716686088874613,0.001124006364193648,-0.18579526764428594,2,2
910,0.9100000000000007,ramp,91.0,4.8726889689856545,0.006974170569554516,1.0747857608501934,0.0747857608501934,0.006846811433219552,3.723532900307833,0.001125887725705754,-0.12735913633496465,2,2
911,0.9110000000000007,ramp,91.1,4.882387673506857,0.009698704521202473,1.0748791551963124,0.07487915519631239,0.009513049667828124,3.733045949975661,0.0011277690805459894,-0.18565485337434898,2,2
912,0.9120000000000007,ramp,91.2,4.889382292029412,0.006994618522554674,1.0749434473356974,0.07494344733569736,0.006867167053511138,3.739913117029172,0.0011296528137471834,-0.12745146904353644,2,2
913,0.9130000000000007,ramp,91.3,4.899096437465536,0.009714145436124255,1.0750367735983661,0.07503677359836614,0.009528630510388108,3.7494417475395605,0.0011315365437261245,-0.18551492573614692,2,2
914,0.9140000000000007,ramp,91.4,4.90611150557924,0.007015068113704004,1.0751011135712887,0.07510111357128868,0.006887524752346022,3.7563292722919064,0.0011334226478293622,-0.12754336135798167,2,2
915,0.9150000000000007,ramp,91.5,4.915841090355135,0.009729584775895361,1.0751943719952664,0.07519437199526635,0.009544209292954119,3.7658734815848605,0.0011353087521523398,-0.18537548294124231,2,2
916,0.9160000000000007,ramp,91.6,4.922876609645323,0.007035519290187864,1.0752587595847263,0.07525875958472628,0.006907884475214307,3.772781366060075,0.001137197226377488,-0.1276348149735571,2,2
917,0.9170000000000007,ramp,91.7,4.932621632237849,0.009745022592525743,1.075351950413776,0.07535195041377607,0.00955978606982235,3.7823411521298973,0.0011390857042569147,-0.1852365227033928,2,2
918,0.9180000000000007,ramp,91.8,4.939677604237591,0.007055971999742283,1.0754163854036658,0.0754163854036658,0.006928246168011232,3.7892693982979084,0.001140976547830866,-0.12772583173105076,2,2
919,0.9190000000000007,ramp,91.9,4.949438063175867,0.009760458938275818,1.0755095088806041,0.07550950888060415,0.009575360894893713,3.7988447591928023,0.0011428673984860583,-0.18509804338210506,2,2
920,0.9200000000000007,ramp,92.0,4.956514489366181,0.007076426190313789,1.0755739910556896,0.07557399105568963,0.0069486097770249345,3.805793368969827,0.001144760610642602,-0.12781641328885474,2,2
921,0.9210000000000007,ramp,92.1,4.966290383230837,0.009775893864656382,1.0756670474223573,0.0756670474223573,0.009590933821654405,3.8153843027914816,0.0011466538332998422,-0.1849600430019766,2,2
922,0.9220000000000007,ramp,92.2,4.973387265041052,0.007096881810214839,1.075731576568232,0.07573157656823204,0.006968975248962427,3.822353278040444,0.0011485494132796657,-0.1279065612524123,2,2
923,0.9230000000000007,ramp,92.3,4.983178592463864,0.009791327422812302,1.0758245660655217,0.07582456606552168,0.009606504903209644,3.831959782943654,0.0011504450071721005,-0.1848225196026572,2,2
924,0.9240000000000007,ramp,92.4,4.990295931272122,0.007117338808257934,1.0758891419686663,0.07588914196866625,0.006989342530894715,3.8389491254745485,0.0011523429542227499,-0.12799627736321834,2,2
925,0.9250000000000007,ramp,92.5,5.000102690935818,0.009806759663695708,1.0759820648364917,0.07598206483649173,0.009622074192273128,3.8485711996668215,0.0011542409185903968,-0.18468547142258018,2,2
926,0.9260000000000007,ramp,92.6,5.007240488069663,0.007137797133845325,1.0760466872842327,0.0760466872842327,0.007009711570300891,3.8555809112371224,0.0011561412319662063,-0.1280855635444342,2,2
927,0.9270000000000007,ramp,92.7,5.01706267870713,0.009822190637466477,1.076139543761586,0.07613954376158594,0.009637641741160108,3.8652185529782823,0.0011580415660558873,-0.18454889630636906,2,2
928,0.9280000000000007,ramp,92.8,5.024220935443457,0.007158256736326862,1.0762042125421207,0.07620421254212073,0.0070300823150503235,3.8722486352933325,0.0011599442450180052,-0.12817442127653883,2,2
929,0.9290000000000007,ramp,92.9,5.034058555837785,0.009837620394328006,1.076297002867049,0.0762970028670491,0.00965320760180062,3.8819018428951333,0.001161846948083288,-0.18441279252738585,2,2
930,0.9300000000000007,ramp,93.0,5.041237273403597,0.007178717565812676,1.076361717769377,0.07636171776937695,0.007050454713392642,3.888952297608526,0.0011637519918995935,-0.12826285242003352,2,2
931,0.9310000000000007,ramp,93.1,5.051090322387443,0.00985304898384598,1.076454442178953,0.07645444217895303,0.009668771825738342,3.8986210694342645,0.0011656570632008713,-0.18427715810763814,2,2
932,0.9320000000000007,ramp,93.2,5.058289501960056,0.007199179572612735,1.0765192029929704,0.07651920299297044,0.007070828713972331,3.9056918981482367,0.0011675644711459105,-0.12835085864040374,2,2
933,0.9330000000000007,ramp,93.3,5.068157978415484,0.009868476455427988,1.076611861723362,0.07661186172336198,0.009684334464124832,3.9153762326123616,0.0011694719099502532,-0.1841419913031564,2,2
934,0.9340000000000007,ramp,93.4,5.0753776211228026,0.007219642707318563,1.0766766682397733,0.07667666823977326,0.007091204265818479,3.92246743687818,0.0011713816813052412,-0.12843844150008457,2,2
935,0.9350000000000007,ramp,93.5,5.085261523980712,0.009883902857909632,1.076769261526191,0.07676926152619101,0.009699895567745193,3.932167332445925,0.0011732914868863543,-0.18400729016443926,2,2
936,0.9360000000000007,ramp,93.6,5.092501630901756,0.007240106921043932,1.0768341135365542,0.07683411353655423,0.007111581318316176,3.9392789137642414,0.0011752036209392198,-0.1285256027277557,2,2
937,0.9370000000000007,ramp,93.7,5.10240095914166,0.009899328239903582,1.076926641613283,0.076926641613283,0.00971545518699373,3.9489943689512352,0.0011771157925774614,-0.18387305290985118,2,2
938,0.9380000000000007,ramp,93.8,5.109661531306931,0.007260572165271206,1.0769915389100044,0.07699153891000443,0.007131959821266537,3.956126328772502,0.0011790302886226691,-0.12861234400466953,2,2
939,0.9390000000000007,ramp,93.9,5.119576283956378,0.009914752649446967,1.0770840020104007,0.07708400201040067,0.009731013371891545,3.9658573421443934,0.0011809448256049995,-0.18373927755542183,2,2
940,0.9400000000000007,ramp,94.0,5.126857322348279,0.007281038391901085,1.0771489443866793,0.0771489443866793,0.007152339724808631,3.9730096818692022,0.0011828616829435716,-0.12869866709245334,2,2
941,0.9410000000000007,ramp,94.1,5.136787498482702,0.009930176134423263,1.077241342743203,0.07724134274320305,0.009746570172085007,3.982756252041287,0.0011847785845635398,-0.18360596233825582,2,2
942,0.9420000000000007,ramp,94.2,5.144089004035686,0.007301505552983478,1.0773063299931067,0.07730632999310671,0.007172720979495797,3.989928973020783,0.0011866978025030395,-0.12878457348768166,2,2
943,0.9430000000000007,ramp,94.3,5.154034602777921,0.00994559874223544,1.0773986638372464,0.07739866383724636,0.009762125636838617,3.9996910986576215,0.0011886170680607065,-0.18347310539682318,2,2
944,0.9440000000000007,ramp,94.4,5.161356576379172,0.00732197360125042,1.0774636957556478,0.07746369575564782,0.0071931035362145495,4.006884202193836,0.0011905386459152125,-0.12887006503587045,2,2
945,0.9450000000000007,ramp,94.5,5.17131759689913,0.00996102051995873,1.077555965317997,0.07755596531799691,0.009777679815064118,4.016661882008901,0.0011924602747171243,-0.18334070489461202,2,2
946,0.9460000000000007,ramp,94.6,5.178660039388657,0.007342442489526313,1.0776210417005987,0.07762104170059869,0.007213487346244261,4.023875369355145,0.0011943842118071377,-0.12895514328205207,2,2
947,0.9470000000000007,ramp,94.7,5.1886364809029315,0.009976441514274903,1.0777132472108588,0.07771324721085882,0.00979323275529242,4.0336686021104375,0.0011963082031663079,-0.18320875898248343,2,2
948,0.9480000000000007,ramp,94.8,5.195999393073869,0.007362912170937541,1.0777783678541866,0.07777836785418657,0.0072338723612226825,4.04090247447166,0.001198234498818787,-0.1290398097148586,2,2
949,0.9490000000000007,ramp,94.9,5.205991254845403,0.00999186177153355,1.0778705095411374,0.07787050954113739,0.009808784505692853,4.050711258977353,0.0012001608520547313,-0.18307726584069692,2,2
950,0.9500000000000007,ramp,95.0,5.2133746374449395,0.0073833825995368585,1.077935674242511,0.07793567424251102,0.007254258533159401,4.057965517510512,0.0012020895056029596,-0.12912406637745777,2,2
951,0.9510000000000007,ramp,95.1,5.223381918782746,0.010007281337806262,1.0780277523340236,0.07802775233402359,0.009824335114051765,4.067789852624564,0.0012040182200414803,-0.18294622375449737,2,2
952,0.9520000000000007,ramp,95.2,5.230785772511607,0.007403853728860987,1.0780929608915923,0.07809296089159234,0.007274645814434715,4.075064498438999,0.001205949230825218,-0.12920791442627266,2,2
953,0.9530000000000007,ramp,95.3,5.240808472770226,0.010022700258619288,1.07818497561463,0.07818497561463,0.009839884627819054,4.084904383066818,0.0012078803057985045,-0.18281563080023433,2,2
954,0.9540000000000007,ramp,95.4,5.24823279828375,0.0074243255135240105,1.0782502278273658,0.07825022782736579,0.00729503415776551,4.092199417224584,0.0012098136731637748,-0.1292913557585009,2,2
955,0.9550000000000007,ramp,95.5,5.258270916863187,0.010038118579436706,1.0783421794080073,0.07834217940800725,0.009855433094076969,4.102054850318661,0.0012117471080103715,-0.18268548535973692,2,2
956,0.9560000000000007,ramp,95.6,5.26571571477131,0.007444797908123135,1.0784074750756767,0.07840747507567669,0.007315423516250083,4.1093702738349105,0.001213682831309432,-0.12937439187305205,2,2
957,0.9570000000000007,ramp,95.7,5.275769251116292,0.01005353634498185,1.0784993637390938,0.07849936373909383,0.009870980559541062,4.119241254394452,0.0012156186253742506,-0.18255578544078796,2,2
958,0.9580000000000007,ramp,95.8,5.283234521984136,0.007465270867844431,1.0785647026622625,0.07856470266226245,0.0073358138433354215,4.126577068237787,0.0012175567039656896,-0.12945702450900975,2,2
959,0.9590000000000007,ramp,95.9,5.293303475584193,0.010068953600057107,1.0786565286327496,0.07865652863274963,0.0098865270705751,4.136463595308363,0.001219494856599776,-0.18242652948200627,2,2
960,0.9600000000000007,ramp,96.0,5.300789219931964,0.0074857443477709396,1.0787219106127701,0.07872191061277012,0.007356205092823941,4.143819800401187,0.0012214352898483921,-0.12953925494699897,2,2
961,0.9610000000000007,ramp,96.1,5.310873590320686,0.010084370388721453,1.078813674113722,0.07881367411372198,0.009902072673202467,4.15372187307439,0.0012233758004090852,-0.18229771551898574,2,2
962,0.9620000000000007,ramp,96.2,5.318379808624866,0.007506218304180301,1.0788790989527786,0.07887909895277856,0.007376597218859836,4.16109847029325,0.001225318587685892,-0.129621085320465,2,2
963,0.9630000000000007,ramp,96.3,5.3284795953797195,0.010099786754853568,1.0789708002067266,0.07897080020672664,0.009917617413079224,4.171016087706329,0.001227261455536727,-0.18216934177434432,2,2
964,0.9640000000000007,ramp,96.4,5.336006288072489,0.007526692692769288,1.0790362677077636,0.07903626770776362,0.007396990175960425,4.17841307788229,0.001229206596218872,-0.12970251680886283,2,2
965,0.9650000000000007,ramp,96.5,5.346121490814628,0.010115202742139395,1.0791279069363289,0.07912790693632887,0.00993316133550628,4.188346239217796,0.0012311518207295652,-0.18204140663311516,2,2
966,0.9660000000000007,ramp,96.6,5.353668658284686,0.007547167470058014,1.0791934169031312,0.0791934169031312,0.007417383918981729,4.195763623136778,0.0012330993142003178,-0.12978355107628492,2,2
967,0.9670000000000007,ramp,96.7,5.363799276678332,0.010130618393645818,1.079284994327075,0.07928499432707503,0.009948704485458822,4.205712327622237,0.0012350468947466998,-0.18191390818699665,2,2
968,0.9680000000000007,ramp,96.8,5.371366919271219,0.007567642592887225,1.0793505465641502,0.07935054656415019,0.0074377784031157525,4.213150106025353,0.0012369967403954543,-0.12986418977147235,2,2
969,0.9690000000000007,ramp,96.9,5.381512953023684,0.01014603375246459,1.0794420624033723,0.07944206240337226,0.009964246907542088,4.223114352932895,0.0012389466763594824,-0.1817868449225015,2,2
970,0.9700000000000008,ramp,97.0,5.389101071042041,0.007588118018357015,1.079507656716072,0.07950765671607196,0.007458173583914855,4.23057252651681,0.001240898873581731,-0.12994443444216008,2,2
971,0.9710000000000008,ramp,97.1,5.399262519902957,0.010161448860916522,1.079599111189576,0.07959911118957597,0.009979788646046962,4.240552315162857,0.0012428511643514132,-0.1816602148695598,2,2
972,0.9720000000000008,ramp,97.2,5.406871113606897,0.007608593703939626,1.0796647473839673,0.07966474738396734,0.007478569417257642,4.248030884580114,0.0012448057125486068,-0.13002428668198399,2,2
973,0.9730000000000008,ramp,97.3,5.417047977368126,0.010176863761229171,1.0797561407099223,0.07975614070992232,0.009995329744894298,4.2580262143250085,0.001246760357518025,-0.18153401633487323,2,2
974,0.9740000000000008,ramp,97.4,5.424677046975425,0.007629069607299144,1.0798218185929322,0.07982181859293225,0.007498965859386453,4.265525180184395,0.001248717256097652,-0.13010374791269044,2,2
975,0.9750000000000008,ramp,97.5,5.4348693254709115,0.010192278495486207,1.0799131509886062,0.07991315098860619,0.010010870247679654,4.275536050432074,0.0012506742546669113,-0.18140824780655226,2,2
976,0.9760000000000008,ramp,97.6,5.442518871157427,0.007649545686515324,1.0799788703678945,0.07997887036789453,0.007519362866844992,4.28305541329892,0.0012526335030424648,-0.130182819670332,2,2
977,0.9770000000000008,ramp,97.7,5.45272656426248,0.010207693105052762,1.0800701420497225,0.08007014204972251,0.010026410197670874,4.293081823496591,0.0012545928546175854,-0.181282907381888,2,2
978,0.9780000000000008,ramp,97.8,5.460396586162719,0.007670021900239021,1.0801359027336968,0.08013590273369675,0.007539760396552303,4.300621583893143,0.0012565544522084974,-0.13026150368671863,2,2
979,0.9790000000000008,ramp,97.9,5.470619693793936,0.010223107631217587,1.0802271139172803,0.08022711391728032,0.010041949637780535,4.310663533530923,0.0012585161562015167,-0.1811579934370526,2,2
980,0.9800000000000008,ramp,98.0,5.478310192001196,0.007690498207259644,1.0802929157151535,0.08029291571515351,0.007560158405738995,4.318223691936662,0.0012604801024331182,-0.1303398015206486,2,2
981,0.9810000000000008,ramp,98.1,5.4885487141157645,0.01023852211456866,1.0803840666151892,0.08038406661518915,0.010057488610590897,4.328281180547253,0.0012624441582619664,-0.18103350397776288,2,2
982,0.9820000000000008,ramp,98.2,5.496259688682319,0.007710974566554896,1.0804499093369582,0.08044990933695817,0.007580556851988001,4.335861737399242,0.0012644104525654774,-0.13041771456689422,2,2
983,0.9830000000000008,ramp,98.3,5.506513625278471,0.01025393659615137,1.0805410001673186,0.08054100016731858,0.010073027158358236,4.3459347645576,0.0012663768596539735,-0.18090943779313326,2,2
984,0.9840000000000008,ramp,98.4,5.514245076216001,0.007731450937530582,1.0806068836236813,0.08060688362368129,0.00760095569318178,4.353535720250782,0.001268345501466494,-0.13049524434880205,2,2
985,0.9850000000000008,ramp,98.5,5.5245144273317335,0.010269351115732128,1.080697914597419,0.08069791459741893,0.010088565323023803,4.363624285573805,0.0012703142592443695,-0.18078579270832534,2,2
986,0.9860000000000008,ramp,98.6,5.532266354611812,0.007751927280078341,1.0807638385998912,0.08076383859989122,0.007621354887550625,4.371245640461356,0.0012722852480087812,-0.13057239252771585,2,2
987,0.9870000000000008,ramp,98.7,5.542551120325453,0.010284765713641342,1.080854809929192,0.08085480992919192,0.010104103146182037,4.381349743607538,0.0012742563559115193,-0.18066256745930506,2,2
988,0.9880000000000008,ramp,98.8,5.550323523879596,0.007772403554143104,1.0809207742900173,0.08092077429001732,0.0076417543936562965,4.388991498001195,0.001276229691076552,-0.13064916048680705,2,2
989,0.9890000000000008,ramp,98.9,5.560623704308821,0.010300180429224426,1.0810116861862282,0.08101168618622823,0.01011964066909811,4.399111138670293,0.0012782031485455455,-0.18053976012631645,2,2
990,0.9900000000000008,ramp,99.0,5.568416584028954,0.007792879720133428,1.0810776907184125,0.08107769071841253,0.00766215417037596,4.406773292840668,0.0012801788295656376,-0.13072554975746778,2,2
991,0.9910000000000008,ramp,99.1,5.578732179330752,0.010315595301797487,1.0811685433920526,0.0811685433920526,0.010135177932725125,4.416908470773394,0.0012821546360479695,-0.18041736907236164,2,2
992,0.9920000000000008,ramp,99.2,5.586545535069616,0.007813355738864658,1.081234587909341,0.08123458790934102,0.007682554176916598,4.424591024950311,0.0012841326623833653,-0.13080156194805997,2,2
993,0.9930000000000008,ramp,99.3,5.596876545440084,0.010331010370467908,1.0813253815700845,0.08132538157008451,0.010150714977693246,4.434741739928004,0.0012861108173319268,-0.1802953927746622,2,2
994,0.9940000000000008,ramp,99.4,5.604710377011176,0.007833831571091743,1.0813914658870396,0.0813914658870396,0.007702954372796357,4.4424446943008,0.0012880911884485318,-0.1308771982953859,2,2
995,0.9950000000000008,ramp,99.5,5.615056802684936,0.010346425673760429,1.0814822007437406,0.08148220074374057,0.010166251844309946,4.45261094614511,0.0012900716913218555,-0.18017382945048274,2,2
996,0.9960000000000008,ramp,99.6,5.622911109863404,0.007854307178467579,1.0815483246755688,0.08154832467556883,0.007723354717857483,4.460334300862967,0.001292054406691338,-0.13095246061009622,2,2
997,0.9970000000000008,ramp,99.7,5.633272951113422,0.010361841250017712,1.0816390009362842,0.08163900093628418,0.010181788572572658,4.47051608943554,0.0012940372569537118,-0.18005267744505316,2,2
998,0.9980000000000008,ramp,99.8,5.641147733635777,0.007874782522355517,1.0817051642989899,0.08170516429898989,0.007743755172254242,4.478259844607794,0.0012960223160532781,-0.13102735010127492,2,2
999,0.9990000000000008,ramp,99.9,5.651524990773085,0.010377257137307971,1.0817957821709026,0.08179578217090255,0.01019732520214904,4.488457169809943,0.0012980075131746505,-0.1799319351589307,2,2
1000,1.0000000000000007,ramp,100.0,5.659420248338099,0.007895257565014191,1.081861984781224,0.08186198478122408,0.007764155696467745,4.496221325506411,0.0012999949154872304,-0.13110186854644634,2,2
1001,1.0010000000000006,hold,100.0,5.651497360756033,-0.007922887582066274,1.0817733832178948,0.08177338321789485,-0.007744382500357428,4.488476943006054,0.0012986135073534757,0.17850508170884521,2,2
1002,1.0020000000000004,hold,100.0,5.659361436163803,0.007864075407770343,1.0818394760924006,0.08183947609240061,0.0077331902418303075,4.496210133247884,0.0012972511305164463,-0.13088516594003588,2,2
1003,1.0030000000000003,hold,100.0,5.651470283539804,-0.007891152623999531,1.0817513192637929,0.08175131926379287,-0.007713539739251569,4.488496593508633,0.0012959116500222785,0.17761288474796214,2,2
1004,1.0040000000000002,hold,100.0,5.65930314426656,0.007832860726756152,1.0818172166389763,0.08181721663897634,0.0077023638625066965,4.496198957371139,0.0012945806771600564,-0.13049686424945575,2,2
1005,1.0050000000000001,hold,100.0,5.651443533281122,-0.007859610985438081,1.0817294661150283,0.08172946611502829,-0.007682813379680855,4.4885161439914585,0.0012932678213854974,0.17679760575722672,2,2
1006,1.006,hold,100.0,5.659245260035165,0.007801726754043337,1.0817951447503575,0.08179514475035754,0.007671664723129544,4.496187808714588,0.001291960557208484,-0.1300620309137926,2,2
1007,1.007,hold,100.0,5.651417033914763,-0.007828226120402348,1.0817077818819993,0.08170778188199934,-0.0076522064504796665,4.488535602264108,0.0012906692604840947,0.17601966992268192,2,2
1008,1.0079999999999998,hold,100.0,5.659187727598219,0.007770693683456287,1.0817732299088654,0.08177322990886537,0.0076410902649606816,4.496176692529068,0.0012893820057855712,-0.1296034184956052,2,2
1009,1.0089999999999997,hold,100.0,5.651390742600235,-0.007796984997984424,1.0816862429269816,0.08168624292698157,-0.007621719686706938,4.488554972842361,0.0012881094052364802,0.1752653112774864,2,2
1010,1.0099999999999996,hold,100.0,5.659130511949608,0.007739769349373482,1.0817514530528969,0.08175145305289688,0.007610639164844373,4.496165612007205,0.0012868398478960267,-0.12913018452910888,2,2
1011,1.0109999999999995,hold,100.0,5.651364630818176,-0.00776588113143184,1.0816648334786747,0.0816648334786747,-0.007591353186567982,4.488574258820638,0.0012855840255940288,0.174527944863858,2,2
1012,1.0119999999999993,hold,100.0,5.659073588438618,0.007708957620441659,1.0817298008063174,0.08172980080631742,0.007580310497585944,4.496154569318223,0.0012843305350285362,-0.12864712285571514,2,2
1013,1.0129999999999992,hold,100.0,5.651338677815405,-0.007734910623213409,1.0816435420314252,0.08164354203142521,-0.007561106796456909,4.4885934625217665,0.001283090083767743,0.17380382675650022,2,2
1014,1.0139999999999991,hold,100.0,5.659016938444328,0.007678260628923184,1.0817082631028891,0.08170826310288914,0.007550103513901455,4.496143566035668,0.0012818514252135598,-0.12815711502172852,2,2
1015,1.014999999999999,hold,100.0,5.651312867615735,-0.007704070828593146,1.0816223597029817,0.0816223597029817,-0.007530980241946267,4.488612585793722,0.0012806252515822208,0.1730905866468785,2,2
1016,1.015999999999999,hold,100.0,5.658960547224128,0.0076476796083930765,1.0816868320045825,0.08168683200458249,0.007520017556780693,4.496132603350502,0.0012794004447872335,-0.12766205161238336,2,2
1017,1.0169999999999988,hold,100.0,5.651287187430759,-0.007673359793368917,1.0816012793615444,0.08160127936154438,-0.007500973183118067,4.488631630167384,0.0012781876648694207,0.17238661025084992,2,2
1018,1.0179999999999987,hold,100.0,5.658904402705489,0.007617215274730249,1.081665501038203,0.08166550103820303,0.0074900520234064405,4.496121682190791,0.0012769759049539072,-0.12716325132380857,2,2
1019,1.0189999999999986,hold,100.0,5.651261626725907,-0.007642775979582517,1.081580295112836,0.08158029511283593,-0.007471085241569173,4.488650596949221,0.0012757757831368148,0.17169073801334353,2,2
1020,1.0199999999999985,hold,100.0,5.658848494747871,0.007586868021964399,1.0816442647899105,0.08164426478991049,0.007460206345557779,4.496110803294779,0.0012745763922968635,-0.12666167640662007,2,2
1021,1.0209999999999984,hold,100.0,5.65123617662979,-0.007612318118081163,1.0815594019758719,0.08155940197587186,-0.0074413160149399485,4.488669487279839,0.0012733883026411121,0.17100210314121428,2,2
1022,1.0219999999999982,hold,100.0,5.658792814662808,0.007556638033018537,1.0816231186417982,0.08162311864179816,0.0074304799785736755,4.496099967258413,0.0012722006987501567,-0.12615805444486128,2,2
1023,1.0229999999999981,hold,100.0,5.651210829541237,-0.007581985121571044,1.0815385956667942,0.08153859566679422,-0.0074116650854008734,4.488688302173012,0.0012710240992186653,0.17032003617017086,2,2
1024,1.023999999999998,hold,100.0,5.658737354886096,0.007526525344858648,1.0816020585918833,0.0816020585918833,0.007400872394694627,4.4960891745677065,0.0012698477743963367,-0.12565295016402078,2,2
1025,1.024999999999998,hold,100.0,5.6511855788538625,-0.007551776032233448,1.0815178724482242,0.08151787244822417,-0.007382132024807857,4.488707042542899,0.0012686821889019524,0.16964400742559144,2,2
1026,1.0259999999999978,hold,100.0,5.658682108745069,0.007496529891206194,1.0815810811267026,0.08158108112670259,0.007371383078816072,4.496078425621715,0.0012675166943095302,-0.12514681239012176,2,2
1027,1.0269999999999977,hold,100.0,5.6511604187596225,-0.007521689985446223,1.0814972290206746,0.08149722902067458,-0.007352716398101087,4.488725709223614,0.0012663616997658814,0.1689735873451354,2,2
1028,1.0279999999999976,hold,100.0,5.658627070289231,0.007466651529608903,1.0815601831279305,0.08156018312793045,0.007342011525683352,4.496067720749297,0.001265206634473287,-0.12464000392555137,2,2
1029,1.0289999999999975,hold,100.0,5.65113534410073,-0.0074917261885012465,1.0814766624421488,0.0814766624421488,-0.007323417765520036,4.488744302983776,0.0012640618511830658,0.16830842298121065,2,2
1030,1.0299999999999974,hold,100.0,5.658572234162255,0.007436890061525148,1.0815393618023592,0.08153936180235921,0.007312757237964794,4.496057060221741,0.001262916853800981,-0.12413282356035348,2,2
1031,1.0309999999999973,hold,100.0,5.651110350259515,-0.007461883902740496,1.0814561700669518,0.08145617006695183,-0.007294235684220746,4.48876282453752,0.0012617819381472034,0.1676482185197503,2,2
1032,1.0319999999999971,hold,100.0,5.658517595503889,0.007407245244373861,1.0815186146281834,0.08151861462818344,0.007283619724893474,4.496046444262414,0.0012606466803964953,-0.12362551948038712,2,2
1033,1.032999999999997,hold,100.0,5.65108543307114,-0.00743216243274869,1.0814357494982592,0.08143574949825916,-0.007265169709322983,4.488781274553091,0.0012595213191707625,0.16699272342570684,2,2
1034,1.033999999999997,hold,100.0,5.658463149873446,0.007377716802306367,1.0814979393129438,0.0814979393129438,0.007254598501220535,4.4960358730543115,0.0012583955008462157,-0.1231183010858318,2,2
1035,1.0349999999999968,hold,100.0,5.651060588756257,-0.007402561117189066,1.0814153985508281,0.08141539855082813,-0.007236219394760144,4.488799653659552,0.001257279406768692,0.16634172242892178,2,2
1036,1.0359999999999967,hold,100.0,5.658408893188977,0.007348304432719388,1.0814773337600636,0.08147733376006361,0.007225693086536849,4.496025346746088,0.0012561627517293093,-0.12261134618253913,2,2
1037,1.0369999999999966,hold,100.0,5.651035813865767,-0.00737307932320963,1.0813951152209438,0.08139511522094378,-0.0072073842938667814,4.488817962452221,0.001255055659855186,0.16569502934284888,2,2
1038,1.0379999999999965,hold,100.0,5.6583548216780875,0.007319007812320422,1.0814567960418853,0.08145679604188527,0.007196903004654333,4.496014865456876,0.0012539479127855729,-0.122104807666089,2,2
1039,1.0389999999999964,hold,100.0,5.651011105236849,-0.007343716441238435,1.0813748976622448,0.08137489766224482,-0.007178663959805518,4.48883620149707,0.0012528495775838452,0.1650524814329167,2,2
1040,1.0399999999999963,hold,100.0,5.658300931837268,0.007289826600419325,1.0814363243777847,0.0814363243777847,0.007168227783183956,4.496004429280254,0.0012517505013451466,-0.12159881723536846,2,2
1041,1.0409999999999962,hold,100.0,5.650986459956762,-0.007314471880506268,1.081354744165665,0.08135474416566502,-0.007150057945962119,4.488854371334292,0.0012506606942950026,0.16441393454414907,2,2
1042,1.041999999999996,hold,100.0,5.658247220399672,0.007260760442910019,1.0814159171158408,0.08141591711584084,0.007139666953223376,4.495994038287516,0.0012495700677333458,-0.12109348968664287,2,2
1043,1.042999999999996,hold,100.0,5.650961875332133,-0.007285345067539417,1.081334653142953,0.08133465314295307,-0.0071215658061822935,4.488872472481334,0.001248488575325485,0.16377926135712362,2,2
1044,1.0439999999999958,hold,100.0,5.658193684306604,0.007231808974471399,1.0813955727177604,0.08139557271776043,0.007111220049046523,4.49598369253038,0.001247406191440552,-0.12058892542487608,2,2
1045,1.0449999999999957,hold,100.0,5.650937348864216,-0.007256335442388462,1.0813146231126916,0.08131462311269155,-0.00709318709499582,4.488890505435385,0.0012463328134990675,0.16314834739264167,2,2
1046,1.0459999999999956,hold,100.0,5.658140320684892,0.007202971820676751,1.081375289746082,0.08137528974608199,0.007082886607915484,4.4959733920433,0.0012452584778998182,-0.12008521276126762,2,2
1047,1.0469999999999955,hold,100.0,5.650912878227043,-0.007227442457849342,1.081294652688636,0.081294652688636,-0.007064921367793386,4.488908470675507,0.0012441930261612249,0.16252109005595627,2,2
1048,1.0479999999999954,hold,100.0,5.658087126826473,0.007174248599429944,1.081355066853368,0.08135506685336802,0.007054666169886786,4.495963136845393,0.0012431265557526704,-0.11958242954315801,2,2
1049,1.0489999999999953,hold,100.0,5.650888461249441,-0.007198665577031527,1.0812747405696825,0.08127474056968254,-0.0070367681809313945,4.488926368664462,0.001242068852652974,0.16189739610013212,2,2
1050,1.0499999999999952,hold,100.0,5.658034100172166,0.007145638922724906,1.0813349027729366,0.08133490277293665,0.007026558277642964,4.495952926942104,0.0012410100745113529,-0.11908064508194242,2,2
1051,1.050999999999995,hold,100.0,5.650864095899115,-0.007170004273051589,1.0812548855313104,0.08125488553131044,-0.007008727091863183,4.488944199850241,0.0012399599521434638,0.1612771811884059,2,2
1052,1.051999999999995,hold,100.0,5.657981238296513,0.007117142397397913,1.0813147963109047,0.08131479631090466,0.006998562476406737,4.495942762326648,0.001238908702546004,-0.11857992099117629,2,2
1053,1.0529999999999948,hold,100.0,5.650839780269507,-0.007141458027005498,1.0812350864181324,0.08123508641813237,-0.0069807976592312715,4.488961964667417,0.0012378660017574477,0.16066036777422685,2,2
1054,1.0539999999999947,hold,100.0,5.657928538895762,0.0070887586262546876,1.081294746339218,0.08129474633921796,0.00697067831382197,4.495932642981239,0.001236822125340351,-0.11808031243271729,2,2
1055,1.0549999999999946,hold,100.0,5.650815512568124,-0.007113026327638217,1.0812153421374897,0.08121534213748971,-0.0069529794429323,4.488979663538307,0.0012357866949480737,0.16004688470591666,2,2
1056,1.0559999999999945,hold,100.0,5.657875999776188,0.007060487208064181,1.0812747517897543,0.0812747517897543,0.0069429053398589145,4.495922568878165,0.001234750043971374,-0.11758186820526664,2,2
1057,1.0569999999999944,hold,100.0,5.650791291105418,-0.007084708670769935,1.0811956516538523,0.08119565165385234,-0.006925272004159792,4.488997296874006,0.0012337217400741644,0.15943666661014272,2,2
1058,1.0579999999999943,hold,100.0,5.657823618845302,0.007032327739883826,1.081254811648941,0.0812548116489411,0.006915243106751775,4.495912539980758,0.0012326921737764926,-0.11708463313205106,2,2
1059,1.0589999999999942,hold,100.0,5.650767114286932,-0.007056504558369703,1.0811760139838291,0.08117601398382912,-0.006897674905502943,4.489014865075255,0.0012316708591503512,0.15882965286675987,2,2
1060,1.059999999999994,hold,100.0,5.657771394102619,0.007004279815687298,1.081234924953151,0.08123492495315099,0.0068876911689319635,4.495902556244187,0.0012306482431800668,-0.11658864675533412,2,2
1061,1.060999999999994,hold,100.0,5.650742980604539,-0.007028413498080255,1.0811564281918682,0.08115642819186819,-0.00687018771092316,4.489032368533263,0.0012296337867433388,0.15822578715709526,2,2
1062,1.0619999999999938,hold,100.0,5.657719323632561,0.006976343028021859,1.0812150907846876,0.08121509078468758,0.0068602490829587194,4.495892617616222,0.001228617992654353,-0.11609394506313912,2,2
1063,1.0629999999999937,hold,100.0,5.650718888629945,-0.0070004350026158235,1.0811368933863412,0.08113689338634122,-0.006842809985832324,4.48904980763039,0.0012276102689930534,0.15762501678349972,2,2
1064,1.0639999999999936,hold,100.0,5.657667405597865,0.006948516967919538,1.0811953082680092,0.08119530826800925,0.006832916407492451,4.495882724037882,0.0012266011737962403,-0.1156005604270871,2,2
1065,1.0649999999999935,hold,100.0,5.650694837007965,-0.006972568589899808,1.0811174087161648,0.0811174087161648,-0.006815541297111833,4.48906718274077,0.0012256000627407745,0.15702729278797498,2,2
1066,1.0659999999999934,hold,100.0,5.657615638233448,0.006920801225483331,1.0811755765665843,0.08117557656658425,0.006805692703230532,4.495872875444001,0.0012245975485031277,-0.11510852225279834,2,2
1067,1.0669999999999933,hold,100.0,5.650670824451183,-0.006944813782265413,1.081097973367703,0.08109797336770308,-0.0067883812131182214,4.489084494230883,0.0012236029347493418,0.1564325691471918,2,2
1068,1.0679999999999932,hold,100.0,5.6575640198412165,0.006893195390033746,1.0811558948799627,0.08115589487996266,0.0067785775328734685,4.495863071763757,0.001222606888234757,-0.11461785716027767,2,2
1069,1.068999999999993,hold,100.0,5.650646849734912,-0.00691717010630466,1.0810785865620416,0.08107858656204159,-0.0067613293037203075,4.489101742460036,0.0012216186610036,0.15584080258435223,2,2
1070,1.069999999999993,hold,100.0,5.657512548785099,0.006865699050186969,1.0811362624411267,0.0811362624411267,0.006751570461106379,4.495853312921143,0.0012206289733494222,-0.11412858908058966,2,2
1071,1.0709999999999928,hold,100.0,5.650622911692804,-0.00688963709229462,1.081059247552507,0.08105924755250693,-0.006734385140312053,4.48911892778083,0.0012196470260801456,0.15525195198256778,2,2
1072,1.0719999999999927,hold,100.0,5.657461223487227,0.0068383117944224026,1.0811166785142654,0.0811166785142654,0.00672467105455268,4.495843598835383,0.0012186635925052478,-0.1136407398697227,2,2
1073,1.0729999999999926,hold,100.0,5.650599009212284,-0.006862214274942602,1.081039955622378,0.08103995562237798,-0.006707548295819579,4.489136050539563,0.0012176878225780797,0.15466597912302313,2,2
1074,1.0739999999999925,hold,100.0,5.657410042423575,0.006811033211291395,1.0810971423924602,0.08109714239246024,0.006697878881741139,4.4958339294213046,0.0012167105421183866,-0.11315432955025587,2,2
1075,1.0749999999999924,hold,100.0,5.65057514123156,-0.0068349011920156855,1.0810207100830358,0.0810207100830358,-0.006680818344722802,4.489153111076582,0.0012157408506028656,0.15408284729288324,2,2
1076,1.0759999999999923,hold,100.0,5.657359004120907,0.00678386288934707,1.0810776533959592,0.08107765339595918,0.0066711935131160745,4.495824304589698,0.0012147696258712989,-0.11266937623099528,2,2
1077,1.0769999999999922,hold,100.0,5.650551306735967,-0.00680769738493936,1.0810015102719022,0.08100151027190217,-0.006654194863047816,4.4891701097266505,0.0012138059172974338,0.15350252189154368,2,2
1078,1.077999999999992,hold,100.0,5.657308107152701,0.006756800416733988,1.0810582108703168,0.08105821087031684,0.006644614520945125,4.495814724247595,0.0012128406542651921,-0.11218589578886311,2,2
1079,1.078999999999992,hold,100.0,5.650527504754721,-0.006780602397980395,1.080982355550991,0.08098235555099098,-0.00662767742837389,4.489187046819222,0.0012118828364147713,0.15292496960650492,2,2
1080,1.0799999999999919,hold,100.0,5.65725735013749,0.006729845382769106,1.0810388141848049,0.08103881418480485,0.006618141479372259,4.495805188298594,0.0012109234442116204,-0.11170390339684723,2,2
1081,1.0809999999999917,hold,100.0,5.650503734358328,-0.00675361577916167,1.0809632453052336,0.08096324530523358,-0.006601265619854503,4.4892039226787395,0.0012099714279274125,0.15235015930716717,2,2
1082,1.0819999999999916,hold,100.0,5.657206731735036,0.006702997376707209,1.0810194627310339,0.08101946273103389,0.006591773964350841,4.49579569664309,0.0012090178186587124,-0.11122341235636837,2,2
1083,1.0829999999999915,hold,100.0,5.650479994656219,-0.006726737078816214,1.0809441789411727,0.08094417894117267,-0.006574959018219855,4.48922073762487,0.0012080715176695951,0.15177806059635865,2,2
1084,1.0839999999999914,hold,100.0,5.657156250644885,0.006676255988665503,1.0810001559215368,0.08100015592153675,0.006565511553651096,4.495786249178521,0.0012071236062487138,-0.11074443501440673,2,2
1085,1.0849999999999913,hold,100.0,5.650456284794242,-0.0066999658506432525,1.0809251558856852,0.08092515588568516,-0.0065487572057620356,4.48923749197276,0.001206182937008991,0.1512086448812169,2,2
1086,1.0859999999999912,hold,100.0,5.657105905603216,0.006649620808974355,1.0809808931886222,0.08098089318862223,0.006539353826829485,4.495776845799589,0.0012052406410028927,-0.11026698214487013,2,2
1087,1.086999999999991,hold,100.0,5.650432603952338,-0.006673301650877761,1.0809061755847313,0.08090617558473134,-0.006522659766353299,4.489254186033236,0.0012043055225444414,0.1506418845244623,2,2
1088,1.087999999999991,hold,100.0,5.657055695381672,0.006623091429333705,1.0809616739831716,0.08096167398317156,0.006513300365215706,4.495767486398451,0.001203368762031541,-0.10979106411799881,2,2
1089,1.0889999999999909,hold,100.0,5.650408951343148,-0.006646744038524055,1.0808872375024194,0.08088723750241944,-0.006496666285450925,4.489270820113,0.0012024391158273206,0.1500777530731301,2,2
1090,1.0899999999999908,hold,100.0,5.6570056187845985,0.006596667441450599,1.0809424977736972,0.08094249777369722,0.006487350751905354,4.495758170864906,0.0012015078132662311,-0.10931668954524461,2,2
1091,1.0909999999999906,hold,100.0,5.650385326209678,-0.006620292574920583,1.0808683411198814,0.08086834111988139,-0.006470776350069051,4.489287394514837,0.001200583563104153,0.14951622485153207,2,2
1092,1.0919999999999905,hold,100.0,5.656955674647977,0.006570348438299511,1.080923364045303,0.08092336404530309,0.006461504571723498,4.495748899086561,0.001199657643212125,-0.10884386657601317,2,2
1093,1.0929999999999904,hold,100.0,5.650361727823589,-0.006593946824388297,1.0808494859344207,0.08084948593442065,-0.006444989548808957,4.489303909537751,0.0011987387150783557,0.14895727557933963,2,2
1094,1.0939999999999903,hold,100.0,5.656905861837601,0.006544134014012215,1.0809042722988869,0.08090427229888686,0.006435761411233031,4.495739670948985,0.001197818104718712,-0.10837260277918401,2,2
1095,1.0949999999999902,hold,100.0,5.650338155484148,-0.006567706353453495,1.0808306714586478,0.08083067145864775,-0.006419305471831052,4.489320365477154,0.0011969044266891464,0.14840088162244336,2,2
1096,1.09599999999999,hold,100.0,5.656856179247187,0.006518023763039338,1.0808852220502327,0.08088522205023274,0.0064101208587184644,4.495730486335872,0.0011959890547667323,-0.10790290432087339,2,2
1097,1.09699999999999,hold,100.0,5.650314608516396,-0.00654157073079098,1.0808118972197684,0.08081189721976845,-0.006393723710902356,4.48933676262497,0.0011950805569064253,0.14784701988862417,2,2
1098,1.0979999999999899,hold,100.0,5.656806625797853,0.006492017281456874,1.0808662128293123,0.08086621282931228,0.006384582504179814,4.49572134512915,0.0011941703542702662,-0.10743477727706043,2,2
1099,1.0989999999999898,hold,100.0,5.650291086269887,-0.006515539527965686,1.0807931627586558,0.08079316275865578,-0.006368243859330981,4.489353101269819,0.0011932669685396904,0.14729566863470445,2,2
1100,1.0999999999999897,hold,100.0,5.656757200435829,0.006466114165941228,1.0808472441796053,0.08084724417960532,0.006359145939297701,4.495712247209116,0.0011923618678924316,-0.10696822664352668,2,2
1101,1.1009999999999895,hold,100.0,5.65026758811748,-0.006489612318348215,1.0807744676294104,0.08077446762941043,-0.00634286551200341,4.489369381697113,0.001191463528059958,0.14674680634480483,2,2
1102,1.1019999999999894,hold,100.0,5.65670790213181,0.006440314014329651,1.080828315657336,0.08082831565733595,0.006333810757440292,4.495703192454553,0.001190563463873386,-0.10650325688935872,2,2
1103,1.1029999999999893,hold,100.0,5.650244113454328,-0.006463788677481652,1.080755811398552,0.08075581139855204,-0.006317588265369655,4.4893856041891835,0.0011896701054337265,0.14620041211199727,2,2
1104,1.1039999999999892,hold,100.0,5.656658729880045,0.006414616425716169,1.0808094268310124,0.08080942683101244,0.006308576553648366,4.495694180742832,0.0011887750138696277,-0.10603987206780299,2,2
1105,1.104999999999989,hold,100.0,5.650220661696407,-0.006438068183637569,1.0807371936445496,0.08073719364454957,-0.006292411717445107,4.4894017690253865,0.0011878865739675566,0.14565646619246145,2,2
1106,1.105999999999989,hold,100.0,5.65660968269664,0.006389021000233086,1.0807905772806878,0.08079057728068784,0.006283442924625833,4.495685211950012,0.001186996392803823,-0.10557807560725337,2,2
1107,1.1069999999999889,hold,100.0,5.650197232279748,-0.006412450416892312,1.0807186139571394,0.08071861395713942,-0.006267335467804074,4.489417876482208,0.0011861128101626382,0.14511494908823855,2,2
1108,1.1079999999999888,hold,100.0,5.656560759619277,0.006363527339528829,1.0807717665975909,0.08077176659759089,0.006258409468743289,4.495676285950951,0.0011852274787240945,-0.10511787078554008,2,2
1109,1.1089999999999887,hold,100.0,5.650173824659946,-0.006386934959330404,1.0807000719369773,0.08070007193697726,-0.006242359117584393,4.489433926833367,0.0011843486935786093,0.14457584174601065,2,2
1110,1.1099999999999886,hold,100.0,5.656511959705574,0.006338135045627524,1.080752994383513,0.08075299438351302,0.006233475785986547,4.495667402619354,0.0011834681526718762,-0.10465925964097712,2,2
1111,1.1109999999999884,hold,100.0,5.650150438310385,-0.006361521395188419,1.0806815671949852,0.0806815671949852,-0.006217482269453492,4.489449920349901,0.0011825941067055222,0.14403912573492625,2,2
1112,1.1119999999999883,hold,100.0,5.656463282032716,0.006312843722330541,1.0807342602503538,0.0807342602503538,0.0062086414779958885,4.495658561827897,0.0011817182985580023,-0.10420224433465262,2,2
1113,1.1129999999999882,hold,100.0,5.650127072721965,-0.006336209310751073,1.080663099351993,0.080663099351993,-0.0061927045276555445,4.4894658573002415,0.0011808489348436625,0.14350478309552855,2,2
1114,1.113999999999988,hold,100.0,5.656414725696806,0.006287652974840796,1.0807155638197736,0.08071556381977363,0.006183906148039776,4.495649763448282,0.0011799778030460628,-0.10374682680102006,2,2
1115,1.114999999999988,hold,100.0,5.650103727402462,-0.0063109982943432286,1.080644668038344,0.08064466803834391,-0.00616802549796919,4.489481737950313,0.0011791130659904033,0.14297279637403865,2,2
1116,1.115999999999988,hold,100.0,5.656366289811463,0.006262562409000694,1.0806969047226687,0.08069690472266866,0.006159269400987644,4.495641007351301,0.0011782465554426463,-0.10329300801304939,2,2
1117,1.1169999999999878,hold,100.0,5.650080401875236,-0.006285887936226864,1.0806262728933576,0.08062627289335755,-0.006143444787704877,4.489497562563596,0.001177386390733646,0.14244314852198714,2,2
1118,1.1179999999999877,hold,100.0,5.656317973507792,0.006237571632556005,1.0806782825987833,0.08067828259878329,0.006134730843327217,4.495632293406923,0.0011765244475938736,-0.1028407892287881,2,2
1119,1.1189999999999876,hold,100.0,5.65005709567915,-0.006260877828641931,1.0806079135651276,0.08060791356512764,-0.006118962005720298,4.489513331401203,0.0011756688021513702,0.14191582292163302,2,2
1120,1.1199999999999875,hold,100.0,5.656269775933055,0.0062126802539044235,1.080659697096508,0.08065969709650811,0.0061102900831455104,4.495623621484349,0.0011748113737878095,-0.10239017075891303,2,2
1121,1.1209999999999873,hold,100.0,5.650033808367438,-0.006235967565616285,1.080589589710072,0.08058958971007191,-0.006094576762407928,4.489529044721941,0.001173960195716736,0.14139080320835737,2,2
1122,1.1219999999999872,hold,100.0,5.6562216962506655,0.006187887883227106,1.0806411478722957,0.0806411478722957,0.006085946730115959,4.495614991452057,0.0011731072306622305,-0.10194115311114652,2,2
1123,1.1229999999999871,hold,100.0,5.6500105395072815,-0.0062111567433840165,1.080571300992549,0.08057130099254906,-0.006070288669671562,4.489544702782386,0.0011722604692084337,0.14086807371245427,2,2
1124,1.123999999999987,hold,100.0,5.656173733639237,0.006163194131955763,1.0806226345905225,0.08062263459052255,0.006061700395499323,4.495606403177885,0.0011714119171173092,-0.10149373645643947,2,2
1125,1.124999999999987,hold,100.0,5.649987288679608,-0.006186444959629611,1.0805530470846771,0.08055304708467714,-0.00604609734095893,4.4895603058369264,0.0011705695226258428,0.14034761867068138,2,2
1126,1.1259999999999868,hold,100.0,5.656125887291965,0.0061385986123569936,1.0806041569231328,0.08060415692313283,0.006037550692127719,4.495597856529054,0.0011697253342333718,-0.10104792022927467,2,2
1127,1.1269999999999867,hold,100.0,5.6499640554778985,-0.006161831814066154,1.0805348276659223,0.08053482766592235,-0.006022002391208859,4.489575854137845,0.0011688872581087511,0.13982942285729535,2,2
1128,1.1279999999999866,hold,100.0,5.6560781564163936,0.006114100938495071,1.0805857145492785,0.08058571454927854,0.006013497234395597,4.4955893513722405,0.00116804738519236,-0.10060370409947349,2,2
1129,1.1289999999999865,hold,100.0,5.64994083950792,-0.006137316908473522,1.080516642422852,0.08051664242285206,-0.005998003436897501,4.489591347935343,0.0011672135798611713,0.13931347157602156,2,2
1130,1.1299999999999863,hold,100.0,5.656030540233559,0.006089700725638636,1.0805673071551363,0.08056730715513627,0.005989539638264236,4.495580887573607,0.0011663779752040838,-0.1001610873743999,2,2
1131,1.1309999999999862,hold,100.0,5.649917640387506,-0.006112899846052677,1.0804984910489008,0.08049849104890083,-0.005974100095995012,4.489606787477612,0.0011655483940792688,0.13879975005766548,2,2
1132,1.1319999999999861,hold,100.0,5.655983037977917,0.006065397590410804,1.080548934433596,0.0805489344335959,0.0059656775212566645,4.495572464998869,0.0011647170114355162,-0.0997200691541392,2,2
1133,1.132999999999986,hold,100.0,5.649894457745925,-0.006088580231991436,1.0804803732440866,0.08048037324408663,-0.005950291987983652,4.489622173010885,0.0011638916088826507,0.1382882440077839,2,2
1134,1.133999999999986,hold,100.0,5.655935648896328,0.006041191150402803,1.080530596084047,0.080530596084047,0.005941910502412282,4.4955640835132975,0.0011630644029441254,-0.09928064799052082,2,2
1135,1.1349999999999858,hold,100.0,5.649871291223082,-0.006064357673245979,1.0804622887147515,0.08046228871475147,-0.00592657873383445,4.489637504779463,0.0011622431342491189,0.13777893941152933,2,2
1136,1.1359999999999857,hold,100.0,5.655888372248245,0.006017081025162518,1.0805122918121182,0.08051229181211816,0.005918238202340165,4.495555742981803,0.0011614200606142925,-0.09884282282235368,2,2
1137,1.1369999999999856,hold,100.0,5.649848140469724,-0.006040231778520422,1.080444237173372,0.08044423717337201,-0.005902959956021667,4.489652783025781,0.0011606028819530214,0.13727182249875444,2,2
1138,1.1379999999999855,hold,100.0,5.655841207304796,0.005993066835071836,1.0804940213294567,0.08049402132945671,0.005894660243157664,4.495547443268938,0.0011597838970969748,-0.09840659191417273,2,2
1139,1.1389999999999854,hold,100.0,5.649825005146695,-0.006016202158100725,1.0804262183383555,0.0804262183383555,-0.0058794352785058335,4.489668007990432,0.0011589707655058914,0.13676687959489167,2,2
1140,1.1399999999999852,hold,100.0,5.655794153348743,0.005969148202047414,1.080475784353534,0.08047578435353397,0.005871176248518254,4.49553918423895,0.0011581558267517924,-0.09797195352915979,2,2
1141,1.1409999999999851,hold,100.0,5.649801884924619,-0.0059922684241238144,1.0804082319337704,0.08040823193377045,-0.005856004326718019,4.489683179912232,0.0011573467001004829,0.13626409740579576,2,2
1142,1.141999999999985,hold,100.0,5.655747209674006,0.0059453247493870265,1.0804575806074794,0.08045758060747943,0.005847785843573708,4.495530965755806,0.0011565357655925616,-0.09753890581331875,2,2
1143,1.142999999999985,hold,100.0,5.649778779483204,-0.005968430190802287,1.0803902776892138,0.08039027768921381,-0.0058326667275805395,4.489698299028225,0.0011557306025570442,0.13576346322174795,2,2
1144,1.1439999999999848,hold,100.0,5.655700375585085,0.005921596101881477,1.0804394098197678,0.08043940981976783,0.005824488655013629,4.495522787683239,0.001154923631234767,-0.09710744686784734,2,2
1145,1.1449999999999847,hold,100.0,5.6497556885118225,-0.005944687073262678,1.080372355339594,0.08037235533959408,-0.005809422109488686,4.48971336557375,0.0011541223912723167,0.13526496377399155,2,2
1146,1.1459999999999846,hold,100.0,5.655653650397101,0.005897961885278136,1.080421271724188,0.08042127172418789,0.0058012843110030006,4.495514649884753,0.0011533193428455782,-0.09667757427513513,2,2
1147,1.1469999999999845,hold,100.0,5.6497326117083,-0.005921038688800451,1.0803544646249565,0.08035446462495655,-0.005786270102300211,4.489728379782453,0.0011525219861706754,0.13476858650023937,2,2
1148,1.1479999999999844,hold,100.0,5.655607033435247,0.005874421726947077,1.08040316605956,0.0804031660595601,0.005778172441221564,4.495506552223675,0.0011517228210962361,-0.09624928572551233,2,2
1149,1.1489999999999843,hold,100.0,5.649709548778926,-0.005897484656321339,1.0803366052903323,0.08033660529033226,-0.005763210337327811,4.489743341886347,0.0011509293086575257,0.13427431899352796,2,2
1150,1.1499999999999841,hold,100.0,5.655560524034518,0.005850975255592417,1.0803850925696523,0.08038509256965232,0.005755152676819643,4.495498494563166,0.001150133988116443,-0.09582257877277338,2,2
1151,1.150999999999984,hold,100.0,5.649686499438169,-0.0058740245963493365,1.08031877708555,0.08031877708555002,-0.005740242447361058,4.489758252115805,0.0011493442815747202,0.13378214898827814,2,2
1152,1.151999999999984,hold,100.0,5.655514121539495,0.005827622101326035,1.0803670510029326,0.08036705100293262,0.005732224650454815,4.49549047676626,0.0011485527674508725,-0.09539745087122023,2,2
1153,1.1529999999999838,hold,100.0,5.649663463408488,-0.005850658131007158,1.0803009797651126,0.08030097976511263,-0.00571736606662269,4.489773110699637,0.001147766829157908,0.13329206438446836,2,2
1154,1.1539999999999837,hold,100.0,5.6554678253038455,0.0058043618953576015,1.0803490411125365,0.08034904111253649,0.00570938799624006,4.495482498695877,0.0011469790840172942,-0.09497389911754163,2,2
1155,1.1549999999999836,hold,100.0,5.649640440419818,-0.005827384884027786,1.0802832130880444,0.08028321308804443,-0.005694580830796595,4.48978791786508,0.0011461968769957667,0.1328040532311914,2,2
1156,1.1559999999999835,hold,100.0,5.655421634690406,0.005781194270587875,1.080331062655985,0.080331062655985,0.005686642349773654,4.495474560214853,0.0011454128640666892,-0.09455192081422088,2,2
1157,1.1569999999999834,hold,100.0,5.649617430209512,-0.005804204480893915,1.080265476817729,0.08026547681772911,-0.005671886376998545,4.489802673837854,0.0011446343519908807,0.13231810389536994,2,2
1158,1.1579999999999833,hold,100.0,5.655375549070597,0.0057581188610855705,1.0803131153951766,0.0803131153951766,0.005663987348098214,4.495466661185953,0.0011438540351450999,-0.09413151298735649,2,2
1159,1.1589999999999832,hold,100.0,5.649594432522065,-0.005781116548532417,1.080247770721762,0.08024777072176192,-0.005649282343770415,4.489817378842182,0.0011430791823222666,0.13183420476200156,2,2
1160,1.159999999999983,hold,100.0,5.6553295678243,0.005735135302234795,1.0802951990961507,0.08029519909615068,0.00564142262971977,4.4954588014719015,0.0011423025260567632,-0.0937126725150247,2,2
1161,1.160999999999983,hold,100.0,5.649571447108869,-0.005758120715430692,1.0802300945719088,0.08023009457190877,-0.005626768371110438,4.489832033100791,0.001141531297409437,0.1313523443202541,2,2
1162,1.1619999999999828,hold,100.0,5.6552836903399335,0.005712243231064562,1.080277313529064,0.08027731352906398,0.005618947834619264,4.49545098093541,0.0011407582668290167,-0.09329539644529777,2,2
1163,1.1629999999999827,hold,100.0,5.649548473727945,-0.005735216611988392,1.0802124481438655,0.08021244814386552,-0.005604344100429648,4.48984663683498,0.0011399906278780206,0.1308725115587439,2,2
1164,1.1639999999999826,hold,100.0,5.655237916013491,0.005689442285546242,1.0802594584679772,0.08025945846797722,0.005596562604187454,4.495443199439168,0.0011392211886785744,-0.09287968135878853,2,2
1165,1.1649999999999825,hold,100.0,5.649525512143693,-0.005712403869797988,1.0801948312172325,0.08019483121723248,-0.0055820091745478525,4.48986119026462,0.0011384571055264923,0.13039469525013592,2,2
1166,1.1659999999999824,hold,100.0,5.655192244249166,0.00566673210547286,1.0802416336907599,0.08024163369075987,0.005574266581265671,4.495435456845886,0.0011376912239790052,-0.09246552420718972,2,2
1167,1.1669999999999823,hold,100.0,5.649502562127166,-0.00568968212200005,1.0801772435753678,0.08017724357536782,-0.005559763237714738,4.489875693608171,0.0011369306632945653,0.1299188842853122,2,2
1168,1.1679999999999822,hold,100.0,5.655146674458432,0.005644112331266271,1.0802238389790764,0.08022383897907637,0.005552059410135532,4.495427753018307,0.0011361683062295583,-0.09205292113073897,2,2
1169,1.168999999999982,hold,100.0,5.649479623454781,-0.005667051003651835,1.0801596850052537,0.08015968500525372,-0.00553760593558532,4.489890147082721,0.0011354112352325416,0.12944506806651482,2,2
1170,1.169999999999982,hold,100.0,5.655101206060419,0.0056215826056380536,1.0802060741181332,0.08020607411813319,0.00552994073648806,4.495420087819209,0.0011346523700252772,-0.09164186914999324,2,2
1171,1.1709999999999818,hold,100.0,5.649456695909504,-0.005644510150914606,1.0801421552974424,0.0801421552974424,-0.005515536915203648,4.489904550904005,0.0011338987564719308,0.1289732357109578,2,2
1172,1.1719999999999817,hold,100.0,5.655055838481327,0.005599142571822924,1.0801883388966855,0.08018833889668553,0.005507910207446593,4.495412461111452,0.0011331433510281866,-0.09123236437633044,2,2
1173,1.1729999999999816,hold,100.0,5.649433779279535,-0.005622059201791707,1.0801246542459533,0.08012465424595328,-0.005493555825044604,4.489918905286408,0.0011323931631972567,0.12850337674710344,2,2
1174,1.1739999999999815,hold,100.0,5.655010571154456,0.005576791874920772,1.0801706331068526,0.08017063310685257,0.005485967471559884,4.495404872757968,0.0011316411859395375,-0.09082440336088872,2,2
1175,1.1749999999999814,hold,100.0,5.64941087335885,-0.005599697795606318,1.0801071816480792,0.08010718164807917,-0.005471662314965082,4.489933210443003,0.001130894392618788,0.12803548064123543,2,2
1176,1.1759999999999813,hold,100.0,5.654965403519996,0.005554530161146154,1.0801529565441388,0.08015295654413879,0.005464112178768098,4.495397322621772,0.0011301458124731362,-0.09041798237805626,2,2
1177,1.1769999999999812,hold,100.0,5.649387977946612,-0.005577425573384254,1.0800897373044631,0.08008973730446312,-0.00544985603619682,4.4899474665855745,0.0011294023829463901,0.12756953718743355,2,2
1178,1.177999999999981,hold,100.0,5.654920335024621,0.0055323570780094755,1.0801353090072272,0.0801353090072272,0.00544234398040754,4.495389810565982,0.001128657169329559,-0.09001309760193511,2,2
1179,1.178999999999981,hold,100.0,5.649365092847156,-0.005555242177464947,1.0800723210188539,0.08007232101885386,-0.005428136641357953,4.489961673924624,0.0011279170733642606,0.1271055361069945,2,2
1180,1.1799999999999808,hold,100.0,5.654875365121856,0.005510272274699801,1.0801176902980028,0.08011769029800275,0.005420662529222124,4.495382336453845,0.0011271751961715753,-0.08960974547767703,2,2
1181,1.1809999999999807,hold,100.0,5.649342217869961,-0.00553314725189491,1.080054932598124,0.0800549325981239,-0.005406503784453332,4.489975832669392,0.0011264384040067016,0.1266434674415777,2,2
1182,1.1819999999999806,hold,100.0,5.654830493271281,0.005488275401320131,1.0801001002213135,0.08010010022131353,0.005399067479344065,4.495374900148737,0.0011256998336000449,-0.08920792197606581,2,2
1183,1.1829999999999805,hold,100.0,5.649319352829454,-0.0055111404418273224,1.08003757185213,0.08003757185213001,-0.0053849571208548835,4.489989943027882,0.0011249663159344917,0.12618332097243892,2,2
1184,1.1839999999999804,hold,100.0,5.654785718939003,0.005466366109549092,1.080082538585058,0.0800825385850581,0.00537755848628487,4.495367501514167,0.0011242310231310603,-0.08880762326422212,2,2
1185,1.1849999999999803,hold,100.0,5.649296497544675,-0.005489221394327615,1.0800202385936688,0.0800202385936688,-0.005363496307299763,4.490004005206867,0.0011235007511123955,0.12572508702785207,2,2
1186,1.1859999999999802,hold,100.0,5.654741041596852,0.0054445440521764255,1.0800650052000487,0.08006500520004867,0.005356135206941264,4.495360140413808,0.0011227687071736008,-0.08840884523516127,2,2
1187,1.18699999999998,hold,100.0,5.649273651839248,-0.005467389757603414,1.0800029326383858,0.08000293263838576,-0.00534212100189794,4.49001801941191,0.0011220416523873627,0.12526875570547344,2,2
1188,1.18799999999998,hold,100.0,5.6546964607228265,0.005422808883578156,1.0800474998798588,0.08004749987985882,0.005334797299579105,4.495352816711489,0.0011213128290081587,-0.0880115839990512,2,2
1189,1.1889999999999799,hold,100.0,5.649250815541359,-0.005445645181467285,1.0799856538046766,0.07998565380467659,-0.0053208308640964475,4.490031985847392,0.0011205889634673775,0.12481431737083708,2,2
1190,1.1899999999999797,hold,100.0,5.654651975800727,0.005401160259367543,1.0800300224409018,0.08003002244090185,0.0053135444238350165,4.495345530271227,0.0011198633327659873,-0.08761583553252693,2,2
1191,1.1909999999999796,hold,100.0,5.649227988483492,-0.005423987317234591,1.079968401913688,0.07996840191368793,-0.005299625554723856,4.490045904716504,0.001119142628901072,0.12436176251073502,2,2
1192,1.1919999999999795,hold,100.0,5.654607586320037,0.00537959783654518,1.080012572702191,0.08001257270219098,0.0052923762407077555,4.4953382809572116,0.0011184201634091594,-0.08722159583742471,2,2
1193,1.1929999999999794,hold,100.0,5.649205170502327,-0.005402415817710171,1.0799511767891765,0.07995117678917651,-0.0052785047359307545,4.490059776221281,0.0011177025940581552,0.12391108177941655,2,2
1194,1.1939999999999793,hold,100.0,5.654563291775613,0.005358121273285832,1.0799951504854217,0.07999515048542172,0.005271292412547535,4.495331068633828,0.0011169832667111274,-0.08682886073829721,2,2
1195,1.1949999999999792,hold,100.0,5.649182361438902,-0.005380930336711387,1.0799339782574817,0.07993397825748172,-0.005257468071212275,4.490073600562615,0.0011162688051103496,0.12346226549911181,2,2
1196,1.195999999999979,hold,100.0,5.654519091667739,0.005336730228837183,1.0799777556148178,0.07997775561481779,0.005250292603053322,4.4953238931656685,0.0011155525892381246,-0.08643762578386133,2,2
1197,1.196999999999979,hold,100.0,5.649159561137957,-0.005359530529782219,1.0799168061474445,0.07991680614744445,-0.005236515225408106,4.49008737794026,0.0011148412090129808,0.12301530437411334,2,2
1198,1.1979999999999789,hold,100.0,5.654474985502355,0.005315424364398247,1.0799603879171056,0.07996038791710558,0.005229376477272917,4.495316754417534,0.0011141280783310374,-0.08604788712532947,2,2
1199,1.1989999999999787,hold,100.0,5.649136769448187,-0.0053382160541675105,1.079899660290379,0.07989966029037898,-0.00521564586468882,4.490101108552845,0.0011134197534872206,0.12257018947869035,2,2
1200,1.1999999999999786,hold,100.0,5.654430972790259,0.005294203342071313,1.0799430472214564,0.0799430472214564,0.005208543701610572,4.495309652254456,0.0011127096820878794,-0.08565964046074094,2,2
1201,1.2009999999999785,hold,100.0,5.64911398622211,-0.005316986568148607,1.0798825405199735,0.07988254051997346,-0.005194859656551956,4.490114792597904,0.0011120043870029323,0.12212691159665164,2,2
1202,1.2019999999999784,hold,100.0,5.6543870530473015,0.005273066825191464,1.079925733359391,0.07992573335939102,0.005187793943767702,4.495302586541672,0.001111297349346939,-0.08527288142376205,2,2
1203,1.2029999999999783,hold,100.0,5.649091211315966,-0.005295841731335571,1.0798654466722384,0.07986544667223838,-0.005174156269793508,4.490128430271878,0.0011105950587618815,0.1216854615420631,2,2
1204,1.2039999999999782,hold,100.0,5.65434322579471,0.005252014478744016,1.07990844616478,0.0799084461647801,0.005167126872794639,4.495295557144673,0.001109891029670332,-0.08488760594937711,2,2
1205,1.204999999999978,hold,100.0,5.649068444589484,-0.0052747812052258425,1.0798483785854893,0.07984837858548932,-0.005153535374553883,4.49014202177012,0.0011091917186817496,0.12124583067195989,2,2
1206,1.205999999999978,hold,100.0,5.654299487903012,0.005231043313528083,1.079891185034604,0.07989118503460402,0.005146540461966458,4.495288562232086,0.0011084906802244364,-0.08450285156162522,1,2
1207,1.2069999999999779,hold,100.0,5.649045686707553,-0.00525380119545904,1.0798313356026243,0.07983133560262434,-0.005132993068602549,4.490155569163484,0.0011077943326808636,0.12080812685649148,2,2
1208,1.2079999999999778,hold,100.0,5.654255841372662,0.005210154665109101,1.0798739501355212,0.07987395013552123,0.005126034239098594,4.495281603402582,0.0011070962529687153,-0.08412042601050727,1,2
1209,1.2089999999999776,hold,100.0,5.649022936679409,-0.005232904693253104,1.0798143180417115,0.07981431804171146,-0.005112532645829479,4.490169070756753,0.001106402836060015,0.12037204742362545,2,2
1210,1.2099999999999775,hold,100.0,5.654212285923121,0.005189349243711838,1.0798567414092866,0.07985674140928656,0.005105609747513376,4.4952746805042665,0.0011057076913334129,-0.08373949619846187,1,2
1211,1.2109999999999774,hold,100.0,5.6490001944123955,-0.005212091510725436,1.0797973257680964,0.0797973257680964,-0.0050921537657874945,4.490182526738479,0.001105017181251301,0.11993774493794171,2,2
1212,1.2119999999999773,hold,100.0,5.654168821115507,0.005168626703111023,1.0798395587101721,0.07983955871017212,0.00508526666296823,4.495267793401448,0.0011043249477396498,-0.08336004014279294,1,2
1213,1.2129999999999772,hold,100.0,5.648977459790109,-0.005191361325397992,1.0797803586343822,0.07978035863438215,-0.005071856102553676,4.490195937298894,0.0011036373209478967,0.1195052228443157,2,2
1214,1.213999999999977,hold,100.0,5.654125446500352,0.005147986710243302,1.0798224018862896,0.07982240188628964,0.00506500466127665,4.495260941960171,0.0011029479751725158,-0.08298204896665158,1,2
1215,1.214999999999977,hold,100.0,5.648954732692847,-0.005170713807505223,1.0797634164915642,0.07976341649156415,-0.00505163933229941,4.490209302627872,0.0011022632084407087,0.11907447520581246,2,2
1216,1.2159999999999769,hold,100.0,5.654082161628539,0.00512742893569218,1.0798052707856403,0.07980527078564026,0.005044823419246783,4.495254126047119,0.001101576727231442,-0.08260551644539721,1,2
1217,1.2169999999999768,hold,100.0,5.648932013001557,-0.005150148626982265,1.0797464991913874,0.07974649919138743,-0.005031503132614678,4.490222622914504,0.0011008947976372334,0.11864549436758735,2,2
1218,1.2179999999999767,hold,100.0,5.6540389660542445,0.005106953052687935,1.079788165257417,0.07978816525741705,0.005024722614916748,4.495247345529421,0.0011002111581310116,-0.08223043777118647,1,2
1219,1.2189999999999765,hold,100.0,5.648909300599057,-0.005129665455187116,1.079729606587057,0.07972960658705697,-0.005011447182465803,4.490235898346955,0.001099532043056387,0.11821827272131234,2,2
1220,1.2199999999999764,hold,100.0,5.653995859334929,0.005086558735871272,1.0797710851524005,0.0797710851524005,0.005004701927576118,4.495240600274531,0.0010988512226926222,-0.08185680829515384,1,2
1221,1.2209999999999763,hold,100.0,5.648886595371208,-0.005109263963720245,1.079712738533416,0.07971273853341598,-0.004991471162070946,4.490249129112461,0.001098174899818512,0.11779280164929927,2,2
1222,1.2219999999999762,hold,100.0,5.65395284103189,0.005066245660681368,1.0797540303231346,0.07975403032313455,0.0049847610377739444,4.495233890150234,0.0010974968763335048,-0.08148462290742328,1,2
1223,1.222999999999976,hold,100.0,5.648863897205706,-0.005088943826184078,1.0796958948870323,0.07969589488703233,-0.004971574752942853,4.490262315397292,0.0010968233236342921,0.1173690732412247,2,2
1224,1.223999999999976,hold,100.0,5.653909910710827,0.0050460135051215715,1.0797370006238887,0.07973700062388867,0.004964899627332241,4.495227215024624,0.001096148075055594,-0.08111387778933064,1,2
1225,1.2249999999999759,hold,100.0,5.648841205993644,-0.005068704717182904,1.0796790755062888,0.07967907550628883,-0.004951757637874813,4.4902754573867485,0.0010954772707932748,0.11694707930809053,2,2
1226,1.2259999999999758,hold,100.0,5.653867067940666,0.005025861947022037,1.079719995910699,0.0797199959106989,0.0049451173793577,4.4952205747661065,0.0010948047754339636,-0.08074456766433633,1,2
1227,1.2269999999999757,hold,100.0,5.6488185216282325,-0.005048546312433899,1.0796622802512361,0.07966228025123612,-0.004932019500918025,4.490288555265188,0.0010941366981526265,0.11652681151587407,2,2
1228,1.2279999999999756,hold,100.0,5.653824312294987,0.0050057906667548835,1.079703016041402,0.07970301604140206,0.004925413978202938,4.495213969243391,0.0010934669346057604,-0.08037668855194555,1,2
1229,1.2289999999999754,hold,100.0,5.648795844005553,-0.0050284682894341515,1.0796455089837393,0.07964550898373934,-0.004912360027381333,4.49030160921601,0.0010928015631259907,0.11610826205281886,2,2
1230,1.2299999999999753,hold,100.0,5.653781643350529,0.004985799344975561,1.0796860608754901,0.07968606087549013,0.004905789109488932,4.4952073983254985,0.0010921345102590922,-0.08001023548662947,1,2
1231,1.2309999999999752,hold,100.0,5.648773170591312,-0.005008472759216787,1.0796287611298565,0.0796287611298565,-0.004892780252330733,4.4903146180731675,0.0010914718260976045,0.11569250688605366,1,2
1232,1.2319999999999751,hold,100.0,5.653739060963124,0.004965890371812165,1.079669129736573,0.07966912973657303,0.004886245368096922,4.495200863441265,0.0010908074641477028,-0.0796450037152431,1,2
1233,1.232999999999975,hold,100.0,5.648750503435452,-0.004988557527672022,1.0796120368298,0.07961203682979989,-0.004873280035175471,4.490327583406089,0.0010901474433278953,0.11527749249655092,1,2
1234,1.233999999999975,hold,100.0,5.653696564312534,0.004946060877081493,1.0796522229585332,0.07965222295853325,0.004866779496439088,4.495194362902528,0.0010894857500455594,-0.07928138064240524,1,2
1235,1.2349999999999748,hold,100.0,5.6487278426517635,-0.004968721660770115,1.0795953360661132,0.07959533606611324,-0.004853857528193015,4.490340505374335,0.0010888283726186712,0.11486413257709958,1,2
1236,1.2359999999999747,hold,100.0,5.653654153046247,0.004926310394483657,1.0796353404385155,0.0796353404385155,0.004847391199182911,4.495187896573518,0.001088169327794345,-0.07891919530074627,1,2
1237,1.2369999999999746,hold,100.0,5.648705188182055,-0.004948964864191829,1.0795786587271978,0.07957865872719783,-0.004834512419596154,4.490353384153922,0.0010875145737172973,0.11445244459567551,1,2
1238,1.2379999999999745,hold,100.0,5.653611826778482,0.0049066385964264825,1.0796184820546808,0.0796184820546808,0.004828080168498081,4.49518146432242,0.0010868581573195524,-0.07855842792840131,1,2
1239,1.2389999999999743,hold,100.0,5.648682539950176,-0.0049292868283057345,1.0795620046915364,0.0795620046915364,-0.004815244400366875,4.490366219922053,0.0010862060067578447,0.11404242793885966,1,2
1240,1.2399999999999742,hold,100.0,5.65356958511551,0.004887045165333781,1.0796016476808987,0.07960164768089872,0.004808846096753772,4.495175066018807,0.0010855521989821494,-0.07819906858000901,1,2
1241,1.2409999999999741,hold,100.0,5.648659897874968,-0.004909687240542304,1.0795453738353677,0.07954537383536775,-0.004796053163112594,4.490379012855694,0.0010849026323337544,0.11363407742970982,1,2
1242,1.241999999999974,hold,100.0,5.653527427663275,0.004867529788307401,1.079584837190183,0.07958483719018306,0.004789688677333793,4.495168701533028,0.0010842514136106928,-0.07784111097360827,1,2
1243,1.242999999999974,hold,100.0,5.648637261874358,-0.004890165788917322,1.0795287660348616,0.07952876603486159,-0.004776938401821352,4.490391763131206,0.0010836044115087025,0.11322738709597033,1,2
1244,1.2439999999999738,hold,100.0,5.65348535402879,0.004848092154432493,1.0795680504558363,0.07956805045583626,0.00477060760475882,4.495162370735965,0.0010829557625039816,-0.07748454967367295,1,2
1245,1.2449999999999737,hold,100.0,5.648614631867187,-0.004870722161602892,1.0795121811666923,0.07951218116669234,-0.0047578998117088975,4.490404470924256,0.0010823113058150682,0.11282234989399426,1,2
1246,1.2459999999999736,hold,100.0,5.653443363821277,0.00482873195409006,1.0795512873519173,0.0795512873519173,0.00475160257471486,4.495156073498971,0.0010816652074270281,-0.07712937937520009,1,2
1247,1.2469999999999735,hold,100.0,5.64859200777302,-0.004851356048257038,1.0794956191084806,0.07949561910848058,-0.00473893708926541,4.490417136409706,0.0010810232772482926,0.11241895899162871,1,2
1248,1.2479999999999734,hold,100.0,5.653401456652336,0.004809448879315781,1.0795345477535636,0.07953454775356361,0.004732673284103961,4.495149809693809,0.001080379710604608,-0.07677559521182022,1,2
1249,1.2489999999999732,hold,100.0,5.6485693895133,-0.004832067139036056,1.0794790797389515,0.07947907973895152,-0.004720049932186086,4.490429759761623,0.0010797402882600988,0.11201720684997016,1,2
1250,1.2499999999999731,hold,100.0,5.653359632136379,0.004790242623078811,1.0795178315370155,0.07951783153701553,0.0047138194310219796,4.4951435791926455,0.0010790992347140744,-0.07642319205683132,1,2
1251,1.250999999999973,hold,100.0,5.648546777010485,-0.004812855125893911,1.0794625629379264,0.07946256293792642,-0.004701238039387727,4.4904423411532575,0.0010784623017510862,0.11161708650618378,1,2
1252,1.251999999999973,hold,100.0,5.6533178898907455,0.004771112880260553,1.0795011385797217,0.07950113857972174,0.004695040714756103,4.495137381868013,0.00107782374287791,-0.0760721655044495,1,2
1253,1.2529999999999728,hold,100.0,5.64852417018927,-0.004793719701475574,1.0794460685864957,0.07944606858649572,-0.0046825011109814015,4.490454880757032,0.0010771892810631238,0.11121859049417239,1,2
1254,1.2539999999999727,hold,100.0,5.653276229535609,0.004752059346339266,1.0794844687603602,0.0794844687603602,0.004676336835796115,4.495131217592829,0.0010765531986561537,-0.07572251054315057,1,2
1255,1.2549999999999726,hold,100.0,5.648501568975709,-0.00477466055990039,1.0794295965669405,0.07942959656694049,-0.004663838848285265,4.490467378744544,0.0010759211899719291,0.110821711615125,1,2
1256,1.2559999999999725,hold,100.0,5.653234650693943,0.004733081718233834,1.0794678219588452,0.07946782195884516,0.0046577074958270865,4.495125086240371,0.0010752875660388834,-0.07537422240674711,1,2
1257,1.2569999999999724,hold,100.0,5.648478973297471,-0.004755677396471647,1.0794131467627457,0.07941314676274569,-0.00464525095380656,4.490479835286565,0.0010746579926795097,0.11042644266508715,1,2
1258,1.2579999999999723,hold,100.0,5.653193152991886,0.0047141796944147885,1.0794511980563162,0.07945119805631617,0.004639152397718591,4.495118987684283,0.0010740268094388168,-0.0750272966961972,1,2
1259,1.2589999999999721,hold,100.0,5.648456383084209,-0.004736769907676575,1.0793967190586793,0.07939671905867929,-0.004626737131224512,4.490492250553059,0.001073399653806951,0.11003277645206272,1,2
1260,1.259999999999972,hold,100.0,5.653151736058323,0.004695352974113831,1.079434596935168,0.07943459693516797,0.004620671245514385,4.495112921798573,0.0010727708936840673,-0.07468172859944645,1,2
1261,1.260999999999972,hold,100.0,5.6484337982671144,-0.0047179377912085485,1.0793803133406479,0.07938031334064788,-0.004608297085408806,4.490504624713164,0.0010721461383869837,0.1096407057997427,1,2
1262,1.2619999999999718,hold,100.0,5.653110399524922,0.004676601257807889,1.0794180184789637,0.07941801847896368,0.004602263744450483,4.495106888457615,0.0010715197840109206,-0.0743375133574059,1,2
1263,1.2629999999999717,hold,100.0,5.648411218778973,-0.004699180745949327,1.0793639294958137,0.07936392949581372,-0.004589930522405349,4.49051695793521,0.0010708974118572004,0.10925022354397844,1,2
1264,1.2639999999999716,hold,100.0,5.653069143026318,0.004657924247345235,1.0794014625725232,0.07940146257252323,0.004583929600933674,4.495100887536143,0.001070273446056969,-0.0739946464115614,1,2
1265,1.2649999999999715,hold,100.0,5.648388644554306,-0.004680498472012573,1.0793475674125064,0.07934756741250637,-0.0045716371494252004,4.490529250386718,0.001069653440052911,0.10886132258737263,1,2
1266,1.2659999999999714,hold,100.0,5.653027966200068,0.004639321645762529,1.0793849291018607,0.07938492910186068,0.00456566852255033,4.495094918909269,0.0010690318458541801,-0.07365312321219816,1,2
1267,1.2669999999999713,hold,100.0,5.648366075529263,-0.0046618906708051355,1.0793312269802435,0.07933122698024353,-0.0045534166748563785,4.490541502234413,0.0010684141892004751,0.10847399594875705,1,2
1268,1.2679999999999712,hold,100.0,5.652986868686309,0.004620793157045888,1.0793684179541225,0.07936841795412253,0.0045474802180423286,4.495088982452455,0.0010677949498222167,-0.07331293900355966,1,2
1269,1.268999999999971,hold,100.0,5.6483435116416105,-0.004643357044698426,1.0793149080896582,0.07931490808965824,-0.004535268808243946,4.4905537136442115,0.0010671796259107368,0.10808823645448024,1,2
1270,1.269999999999971,hold,100.0,5.652945850127908,0.0046023384862978745,1.0793519290176525,0.07935192901765253,0.004529364397322053,4.495083078041533,0.0010665627247620087,-0.07297408897582146,1,2
1271,1.2709999999999708,hold,100.0,5.648320952830531,-0.004624897297377473,1.0792986106325961,0.07929861063259613,-0.0045171932602714624,4.490565884781262,0.0010659497171725037,0.10770403710601023,1,2
1272,1.2719999999999707,hold,100.0,5.652904910170757,0.004583957340225986,1.0793354621819171,0.07933546218191712,0.0045113207714388235,4.4950772055527,0.0010653351378491968,-0.07263656878716239,1,2
1273,1.2729999999999706,hold,100.0,5.6482983990366185,-0.004606511134138458,1.0792823345019522,0.07928233450195221,-0.004499189742793205,4.490578015809907,0.0010647244303462185,0.1073213913452527,1,2
1274,1.2739999999999705,hold,100.0,5.65286404846315,0.004565649426531593,1.0793190173375262,0.07931901733752622,0.004493349052623784,4.495071364862532,0.0010641121566280208,-0.07230037390780919,1,2
1275,1.2749999999999704,hold,100.0,5.648275850202386,-0.004588198260764287,1.079266079591745,0.07926607959174503,-0.004481257968814343,4.490590106893717,0.00106350373315784,0.10694029194994406,1,2
1276,1.2759999999999703,hold,100.0,5.65282326465614,0.004547414453754506,1.079302594376174,0.07930259437617404,0.004475448954236401,4.495065555847954,0.0010628937490051995,-0.07196549951810505,1,2
1277,1.2769999999999702,hold,100.0,5.648253306271523,-0.0045699583846170455,1.0792498457971145,0.07924984579711447,-0.00446339765245422,4.490602158195499,0.0010622875936927947,0.1065607321628255,1,2
1278,1.27799999999997,hold,100.0,5.652782558403343,0.004529252131820094,1.0792861931906812,0.0792861931906812,0.004457620190771631,4.495059778386271,0.0010616798832439023,-0.07163194104846306,1,2
1279,1.27899999999997,hold,100.0,5.64823076718922,-0.004551791214123746,1.079233633014234,0.07923363301423403,-0.004445608509002153,4.4906141698772695,0.0010610759803900691,0.10618270512159286,1,2
1280,1.2799999999999698,hold,100.0,5.652741929361037,0.00451116217181724,1.079269813674885,0.07926981367488506,0.0044398624778990555,4.495054032355169,0.0010604705279579783,-0.07129969391818455,1,2
1281,1.2809999999999697,hold,100.0,5.648208232902024,-0.004533696459012582,1.0792174411403415,0.07921744114034146,-0.004427890254874034,4.490626142100295,0.001059868862036399,0.10580620413854804,1,2
1282,1.2819999999999696,hold,100.0,5.652701377187876,0.004493144285851791,1.0792534557237505,0.07925345572375053,0.004422175532394408,4.49504831763269,0.0010592656521062238,-0.07096875345738353,1,2
1283,1.2829999999999695,hold,100.0,5.648185703357862,-0.004515673830013611,1.0792012700737594,0.07920127007375943,-0.004410242607610707,4.490638075025079,0.0010586662077607533,0.10543122240290383,1,2
1284,1.2839999999999694,hold,100.0,5.652660901545262,0.004475198187399165,1.0792371192332209,0.07923711923322085,0.004404559072165304,4.495042634097245,0.0010580652249868577,-0.07063911523386146,1,2
1285,1.2849999999999693,hold,100.0,5.648163178506051,-0.004497723039210477,1.079185119713739,0.07918511971373898,-0.004392665285864579,4.49064996881138,0.001057467987028704,0.10505775334589823,1,2
1286,1.2859999999999692,hold,100.0,5.652620502096913,0.004457323590862039,1.0792208041003306,0.07922080410033061,0.00438701281624491,4.495036981627625,0.0010568692162319837,-0.07031077461712876,1,2
1287,1.286999999999969,hold,100.0,5.648140658297449,-0.004479843799463978,1.0791689899606018,0.07916898996060184,-0.004375158009421977,4.490661823618203,0.0010562741696370915,0.10468579004200163,1,2
1288,1.287999999999969,hold,100.0,5.652580178509199,0.004439520211749759,1.0792045102230527,0.07920451022305275,0.004369536484797357,4.495031360103001,0.0010556775958023357,-0.06998372695240195,1,2
1289,1.2889999999999688,hold,100.0,5.648118142683733,-0.004462035825466337,1.0791528807156534,0.0791528807156534,-0.0043577204991883875,4.490673639603813,0.001055084725708742,0.10431532627794976,1,2
1290,1.2899999999999687,hold,100.0,5.652539930450542,0.004421787766809793,1.0791882375003965,0.0791882375003965,0.00435212979909107,4.495025769402904,0.001054490333982072,-0.06965796771872274,1,2
1291,1.2909999999999686,hold,100.0,5.648095631618296,-0.004444298832246396,1.0791367918811685,0.07913679188116851,-0.004340352477174991,4.4906854169257295,0.001053899625687354,0.10394635507140516,1,2
1292,1.2919999999999685,hold,100.0,5.652499757592182,0.00440412597388562,1.0791719858323332,0.0791719858323332,0.004334792481507586,4.495020209407237,0.0010533074013736048,-0.06933349237803373,1,2
1293,1.2929999999999684,hold,100.0,5.648073125055511,-0.004426632536670638,1.0791207233603586,0.07912072336035858,-0.004323053666480737,4.490697155740756,0.0010527188403323398,0.10357887018990104,1,2
1294,1.2939999999999683,hold,100.0,5.652459659607488,0.004386534551977128,1.0791557551197986,0.07915575511979855,0.00431752425554362,4.4950146799962996,0.001052128768892665,-0.06901029643350837,1,2
1295,1.2949999999999682,hold,100.0,5.648050622951185,-0.004409036656302767,1.0791046750574136,0.07910467505741359,-0.00430582379134786,4.490708856204952,0.0010515423407140498,0.10321286495490727,1,2
1296,1.295999999999968,hold,100.0,5.652419636172045,0.0043690132208595855,1.0791395452646808,0.07913954526468081,0.004300324845790101,4.495009181050742,0.0010509544077634387,-0.06868837506948493,1,2
1297,1.296999999999968,hold,100.0,5.648028125261966,-0.004391510910078722,1.0790886468774255,0.07908864687742545,-0.004288662577078927,4.490720518473663,0.001050370098208816,0.10284833299979527,1,2
1298,1.2979999999999678,hold,100.0,5.652379686964045,0.004351561702078399,1.0791233561697995,0.07912335616979949,0.00428319397795079,4.495003712451614,0.001049784289513709,-0.06836772412760916,1,2
1299,1.2989999999999677,hold,100.0,5.648005631946021,-0.004374055018023348,1.0790726387264187,0.07907263872641868,-0.00427156975009917,4.490732142701515,0.0010492020844942538,0.10248526792417875,1,2
1300,1.2999999999999676,hold,100.0,5.652339811663671,0.004334179717649711,1.0791071877388754,0.07910718773887537,0.004266131378801819,4.4949982740803165,0.0010486183859702832,-0.06804833884789183,1,2
1301,1.3009999999999675,hold,100.0,5.647983142962632,-0.004356668701039013,1.079056650511297,0.07905665051129707,-0.004254545037887813,4.490743729042428,0.0010480382715446995,0.10212366315119972,1,2
1302,1.3019999999999674,hold,100.0,5.652300009953586,0.004316866990953905,1.0790910398765807,0.07909103987658073,0.0042491367762188025,4.494992865818647,0.0010474566692543097,-0.06773021473510231,1,2
1303,1.3029999999999673,hold,100.0,5.647960658271935,-0.004339351681650783,1.079040682139872,0.07904068213987192,-0.00423758816904728,4.490755277649599,0.0010468786316266362,0.10176351260350255,1,2
1304,1.3039999999999672,hold,100.0,5.652260281518519,0.004299623246583728,1.079074912488407,0.07907491248840692,0.004232209899172731,4.494987487548772,0.0010462991117769257,-0.06741334741099721,1,2
1305,1.304999999999967,hold,100.0,5.647938177835417,-0.004322103683101375,1.0790247335208063,0.0790247335208063,-0.004220698873236994,4.490766788675535,0.0010457231372941885,0.10140480986438066,1,2
1306,1.305999999999967,hold,100.0,5.652220626045166,0.004282448209748324,1.0790588054807855,0.07905880548078548,0.004215350477697026,4.494982139153232,0.0010451456862347233,-0.06709773205129839,1,2
1307,1.3069999999999669,hold,100.0,5.647915701615609,-0.004304924429556323,1.0790088045636494,0.07900880456364945,-0.004203876881192101,4.49077826227204,0.0010445717613849262,0.10104754836422203,1,2
1308,1.3079999999999667,hold,100.0,5.6521810432229636,0.004265341607354145,1.0790427187609777,0.07904271876097768,0.004198558242919713,4.49497682051496,0.0010439963656055894,-0.06678336443443222,1,2
1309,1.3089999999999666,hold,100.0,5.6478932295759625,-0.0042878136470010375,1.0789928951787846,0.0789928951787846,-0.004187121924738209,4.4907896985902225,0.0010434244770155337,0.1006917222628285,1,2
1310,1.3099999999999665,hold,100.0,5.652141532743026,0.004248303167063483,1.0790266522371086,0.07902665223710859,0.004181832927020682,4.494971531517243,0.0010428511231443606,-0.06647024004280064,1,2
1311,1.3109999999999664,hold,100.0,5.64787076168116,-0.004270771061865908,1.0789770052774195,0.07897700527741947,-0.00417043373673698,4.490801097780506,0.0010422812575776148,0.10033732512892794,1,2
1312,1.3119999999999663,hold,100.0,5.652102094298612,0.0042313326174516774,1.0790106058181408,0.07901060581814079,0.004165174263260735,4.494966272043767,0.0010417099323788849,-0.06615835419094239,1,2
1313,1.3129999999999662,hold,100.0,5.647848297896678,-0.004253796401934018,1.0789611347715835,0.07896113477158351,-0.004153812051144988,4.490812459992622,0.0010411420767336816,0.09998435078902977,1,2
1314,1.313999999999966,hold,100.0,5.652062727585194,0.0042144296885160415,1.0789945794138533,0.07899457941385335,0.004148581985966573,4.494961041978589,0.001040572767105793,-0.0658477025494682,1,2
1315,1.314999999999966,hold,100.0,5.647825838189107,-0.004236889396087129,1.0789452835741224,0.07894528357412245,-0.004137256602974091,4.490823785375614,0.001040006908413129,0.09963279311303759,1,2
1316,1.3159999999999659,hold,100.0,5.652023432300341,0.004197594111234437,1.0789785729348478,0.07897857293484778,0.004132055830541824,4.494955841206156,0.0010394396013866374,-0.06553828069261365,1,2
1317,1.3169999999999658,hold,100.0,5.647803382526,-0.004220049774341206,1.078929451598693,0.07892945159869291,-0.004120767128287663,4.490835074077869,0.0010388757268082873,0.09928264605354314,1,2
1318,1.3179999999999656,hold,100.0,5.651984208143418,0.004180825617417838,1.078962586292527,0.07896258629252695,0.0041155955333999775,4.494950669611269,0.0010383104095440362,-0.06523008401786069,1,2
1319,1.3189999999999655,hold,100.0,5.647780930875738,-0.004203277267679439,1.0789136387597007,0.0789136387597007,-0.004104343364187684,4.490846326247081,0.0010377485063706173,0.0989339034917552,1,2
1320,1.3199999999999654,hold,100.0,5.651945054816199,0.00416412394046084,1.0789466193990742,0.07894661939907421,0.004099200832054293,4.494945527079135,0.0010371851661578441,-0.06492310840654647,1,2
1321,1.3209999999999653,hold,100.0,5.647758483208061,-0.004186571608138401,1.0788978449723603,0.0788978449723603,-0.004087985048844536,4.490857542030291,0.0010366252218069819,0.09858655929386502,1,2
1322,1.3219999999999652,hold,100.0,5.651905972021967,0.004147488813906364,1.078930672167467,0.07893067216746696,0.004082871465017668,4.494940413495309,0.001036063846061347,-0.06461734888869602,1,2
1323,1.322999999999965,hold,100.0,5.647736039492848,-0.004169932529118903,1.07888207015264,0.07888207015264004,-0.004071691921430759,4.490868721573878,0.0010355058480759026,0.09824060768814404,1,2
1324,1.323999999999965,hold,100.0,5.651866959466416,0.004130919973567515,1.0789147445114249,0.07891474451142488,0.0040666071718713295,4.494935328745749,0.001034946424337835,-0.06431280169618553,1,2
1325,1.3249999999999649,hold,100.0,5.647713599701579,-0.004153359764837106,1.0788663142172379,0.07886631421723789,-0.004055463722203769,4.490879865023545,0.0010343903603839749,0.09789604263333705,1,2
1326,1.3259999999999648,hold,100.0,5.651828016856732,0.0041144171551534825,1.0788988363454655,0.07889883634546546,0.00405040769324683,4.4949302727167915,0.0010338328763167402,-0.0640094619066521,1,2
1327,1.3269999999999647,hold,100.0,5.647691163806427,-0.004136853050304978,1.0788505770836254,0.07885057708362542,-0.004039300192441206,4.49089097252435,0.0010332787341822997,0.09755285786377209,1,2
1328,1.3279999999999645,hold,100.0,5.651789143902405,0.004097980095977505,1.0788829475848167,0.07888294758481673,0.004034272770784992,4.494925245295136,0.0010327231775703982,-0.0637073251925132,1,2
1329,1.3289999999999644,hold,100.0,5.647668731780383,-0.0041204121220213,1.0788348586699703,0.07883485866997031,-0.004023201074437408,4.490902044220698,0.001032170945163051,0.09721104758389151,1,2
1330,1.3299999999999643,hold,100.0,5.651750340314662,0.004081608534278303,1.0788670781454195,0.07886707814541949,0.0040182021471705485,4.494920246367869,0.0010316173039104054,-0.06340638710775406,1,2
1331,1.3309999999999642,hold,100.0,5.647646303596914,-0.004104036717747839,1.078819158895192,0.07881915889519209,-0.0040071661115229,4.4909130802563455,0.0010310669692560562,0.09687060622493894,1,2
1332,1.331999999999964,hold,100.0,5.651711605806646,0.0040653022097325575,1.0788512279440339,0.07885122794403387,0.004002195566112635,4.494915275822458,0.0010305152313843087,-0.06310664361992238,1,2
1333,1.332999999999964,hold,100.0,5.6476238792308315,-0.0040877265758147985,1.078803477678882,0.07880347767888196,-0.003991195048054677,4.490924080774403,0.0010299667826253864,0.09653152776012158,1,2
1334,1.3339999999999639,hold,100.0,5.651672940093211,0.004049060862379328,1.0788353968980133,0.07883539689801333,0.003986252772335134,4.494910333546738,0.0010294169362723914,-0.06280809004419359,1,2
1335,1.3349999999999638,hold,100.0,5.6476014586577055,-0.004071481435505397,1.0787878149413792,0.07878781494137921,-0.003975287629384701,4.490935045917353,0.0010288703616662227,0.09619380612069672,1,2
1336,1.3359999999999637,hold,100.0,5.651634342891274,0.004032884233568623,1.0788195849255091,0.07881958492550911,0.003970373511585097,4.494905419428938,0.0010283223950842237,-0.0625107219835259,1,2
1337,1.3369999999999636,hold,100.0,5.647579041853515,-0.004055301037759307,1.0787721706036508,0.07877217060365083,-0.003959443601926821,4.490945975827011,0.00102777768300148,0.09585743583248596,1,2
1338,1.3379999999999634,hold,100.0,5.651595813919556,0.004016772066041341,1.0788037919453175,0.0788037919453175,0.003954557530644006,4.494900533357655,0.0010272315845557597,-0.062214535397334646,1,2
1339,1.3389999999999633,hold,100.0,5.647556628795423,-0.004039185124133482,1.0787565445874194,0.07875654458741943,-0.003943662713052024,4.490956870644603,0.0010266887234788172,0.09552241108145773,1,2
1340,1.3399999999999632,hold,100.0,5.651557352898215,0.004000724102792397,1.0787880178769504,0.07878801787695044,0.00393880457725645,4.494895675221859,0.0010261444816458938,-0.061919525535946915,1,2
1341,1.340999999999963,hold,100.0,5.6475342194611855,-0.004023133437029536,1.078740936814999,0.07874093681499894,-0.0039279447111668616,4.490967730510692,0.001025603460167346,0.09518872586267417,1,2
1342,1.341999999999963,hold,100.0,5.651518959549606,0.003984740088420757,1.0787722626405498,0.07877226264054982,0.003923114400210374,4.494890844910903,0.0010250610635336487,-0.061625688210383694,1,2
1343,1.342999999999963,hold,100.0,5.647511813829209,-0.004007145720397176,1.07872534720941,0.07872534720941005,-0.003912289345670044,4.490978555565233,0.001024521870354777,0.09485637472713207,1,2
1344,1.3439999999999628,hold,100.0,5.651480633597591,0.003968819768381593,1.0787565261569783,0.07875652615697826,0.003907486749284447,4.494886042314517,0.0010239813076150582,-0.06133301909714596,1,2
1345,1.3449999999999627,hold,100.0,5.647489411878768,-0.003991221718822935,1.078709775694341,0.0787097756943409,-0.003896696366964379,4.490989345947553,0.0010234439315443679,0.094525351858556,1,2
1346,1.3459999999999626,hold,100.0,5.651442374768014,0.003952962889246514,1.0787408083477201,0.07874080834772013,0.0038919213752560914,4.49488126732281,0.0010229051915002052,-0.061041513990422666,1,2
1347,1.3469999999999624,hold,100.0,5.64746701358971,-0.003975361178304659,1.0786942221940838,0.07869422219408384,-0.003881165526442818,4.4910001017963666,0.0010223696214519326,0.09419565186184145,1,2
1348,1.3479999999999623,hold,100.0,5.651404182788199,0.003937169198489521,1.0787251091349317,0.07872510913493169,0.003876418029890632,4.494876519826257,0.001021832693010371,-0.060751168598888704,1,2
1349,1.3489999999999622,hold,100.0,5.647444618942647,-0.003959563845552516,1.0786786866335956,0.07867868663359556,-0.003865696576492672,4.4910108232497645,0.0010212989180031133,0.09386726905984437,1,2
1350,1.3499999999999621,hold,100.0,5.651366057387151,0.003921438444504766,1.0787094284413892,0.07870942844138917,0.0038609764659547534,4.494871799715719,0.0010207637901751652,-0.06046197855001222,1,2
1351,1.350999999999962,hold,100.0,5.647422227919224,-0.003943829467927706,1.0786631689384085,0.07866316893840852,-0.0038502892704759643,4.491021510445243,0.0010202317993303956,0.09354019745174205,1,2
1352,1.351999999999962,hold,100.0,5.6513279982958755,0.0039057703766518514,1.0786937661904947,0.07869376619049473,0.0038455964371857804,4.494867106882429,0.001019698461229708,-0.06017393946607108,1,2
1353,1.3529999999999618,hold,100.0,5.647399840501085,-0.003928157794790721,1.0786476690347222,0.0786476690347222,-0.0038349433627560834,4.491032163519673,0.001019168243770533,0.09321443203463754,1,2
1354,1.3539999999999617,hold,100.0,5.651290005246635,0.003890164745549818,1.0786781223063209,0.07867812230632087,0.003830277698315013,4.494862441217988,0.0010186366846119358,-0.05988704723480483,1,2
1355,1.3549999999999616,hold,100.0,5.647377456671052,-0.003912548575582875,1.0786321868493602,0.07863218684936024,-0.003819658608648133,4.491042782609339,0.0010181082298615814,0.09288996693474198,1,2
1356,1.3559999999999615,hold,100.0,5.651252077973611,0.0038746213025593335,1.078662496713499,0.07866249671349901,0.0038150200050485377,4.494857802614388,0.0010175784389599184,-0.059601297510795785,1,2
1357,1.3569999999999613,hold,100.0,5.64735507641245,-0.0038970015611612396,1.078616722309673,0.07861672230967298,-0.0038044347644748833,4.491053367849913,0.0010170517363405445,0.0925667966863563,1,2
1358,1.3579999999999612,hold,100.0,5.651214216212417,0.003859139799967437,1.078646889337294,0.07864688933729402,0.00379982311406382,4.494853190963977,0.0010165237031091092,-0.05931668590361712,1,2
1359,1.3589999999999611,hold,100.0,5.647332699709071,-0.0038815165033465604,1.0786012753436771,0.07860127534367711,-0.0037892715874994153,4.491063919376478,0.0010159987421403936,0.09224491584714509,1,2
1360,1.359999999999961,hold,100.0,5.651176419700596,0.0038437199915248854,1.078631300103565,0.078631300103565,0.0037846867830079187,4.4948486061594854,0.0010154724560898375,-0.059033208516966716,1,2
1361,1.360999999999961,hold,100.0,5.647310326545651,-0.003866093154944572,1.078585845879963,0.07858584587996309,-0.0037741688359661085,4.491074437323519,0.0010149492263878132,0.0919243189784636,1,2
1362,1.3619999999999608,hold,100.0,5.651138688176912,0.0038283616312613233,1.0786157289387754,0.07861572893877544,0.003769610770489231,4.494844048094008,0.0010144246771247754,-0.05875086077209227,1,2
1363,1.3629999999999607,hold,100.0,5.647287956907147,-0.0038507312697655394,1.0785704338476463,0.07857043384764628,-0.003759126269075476,4.491084921824933,0.0010139031684004603,0.09160500069006326,1,2
1364,1.3639999999999606,hold,100.0,5.651101021382074,0.0038130644749267972,1.0786001757699504,0.07860017576995038,0.003754594836101625,4.494839516661035,0.001013380345626384,-0.05846963882517224,1,2
1365,1.3649999999999605,hold,100.0,5.6472655907795675,-0.003835430602506129,1.0785550391764545,0.07855503917645446,-0.0037441436470068146,4.491095373014028,0.0010128605476845823,0.09128695549931454,1,2
1366,1.3659999999999604,hold,100.0,5.651063419058108,0.0037978282785404716,1.078584640524697,0.07858464052469705,0.0037396387403759853,4.494835011754404,0.001012339441194441,-0.05818953816448622,1,2
1367,1.3669999999999602,hold,100.0,5.647243228149043,-0.0038201909090647135,1.0785396617966987,0.07853966179669869,-0.0037292207308686903,4.491105791023535,0.0010118213439325979,0.09097017819602315,1,2
1368,1.3679999999999601,hold,100.0,5.6510258809486045,0.003782652799561248,1.0785691231312038,0.07856912313120379,0.0037247422447948247,4.494830533268329,0.0010113019436136692,-0.05791055476642333,1,2
1369,1.36899999999996,hold,100.0,5.6472208690025525,-0.003805011946051984,1.078524301639214,0.07852430163921409,-0.003714357282736916,4.491116175985592,0.001010785537020565,0.0906546633150677,1,2
1370,1.36999999999996,hold,100.0,5.650988406798765,0.00376753779621275,1.078553623518218,0.07855362351821804,0.003709905111813735,4.494826081097406,0.0010102678328513135,-0.05763268439901506,1,2
1371,1.3709999999999598,hold,100.0,5.64719851332768,-0.0037898934710849375,1.0785089586353578,0.07850895863535778,-0.0036995530656207913,4.491126528031785,0.0010097531070059952,0.09034040546414615,1,2
1372,1.3719999999999597,hold,100.0,5.650950996355533,0.0037524830278528043,1.0785381416150288,0.07853814161502881,0.0036951271047991644,4.494821655136584,0.0010092370890548103,-0.05735592305363985,1,2
1373,1.3729999999999596,hold,100.0,5.647176161112252,-0.0037748352432807053,1.0784936327171093,0.0784936327171093,-0.0036848078434808243,4.491136847293103,0.0010087240341253513,0.09002739979988103,1,2
1374,1.3739999999999595,hold,100.0,5.650913649366573,0.003737488254320631,1.0785226773514747,0.07852267735147467,0.0036804079880920107,4.494817255281196,0.0010082096925495445,-0.05708026622862046,1,2
1375,1.3749999999999594,hold,100.0,5.647153812345027,-0.00375983702154592,1.0784783238168931,0.07847832381689313,-0.0036701213812281646,4.491147133899967,0.001007698298791985,0.08971564031775517,1,2
1376,1.3759999999999593,hold,100.0,5.650876365582,0.003722553236972459,1.0785072306579395,0.07850723065793952,0.0036657475269774335,4.494812881426944,0.0010071856238365255,-0.056805709995025495,1,2
1377,1.3769999999999591,hold,100.0,5.647131467015063,-0.0037448985669366053,1.0784630318677364,0.0784630318677364,-0.003655493444709331,4.491157387982235,0.0010066758815937271,0.08940512222727418,1,2
1378,1.377999999999959,hold,100.0,5.650839144752941,0.0037076777378777237,1.078491801465369,0.07849180146536905,0.003651145487657844,4.494808533469893,0.0010061648635901826,-0.05653225021987973,1,2
1379,1.378999999999959,hold,100.0,5.647109125111809,-0.003730019641131399,1.0784477568031325,0.07844775680313254,-0.003640923800688916,4.491167609669204,0.0010056567632907394,0.08909584044248293,1,2
1380,1.3799999999999588,hold,100.0,5.650801986631885,0.003692861520075752,1.0784763897051846,0.07847638970518456,0.003636601637262033,4.494804211306466,0.0010051473926562609,-0.05625988281371917,1,2
1381,1.3809999999999587,hold,100.0,5.6470867866255805,-0.003715200006304542,1.0784324985571203,0.07843249855712031,-0.003626412216855048,4.491177799089611,0.001004640924813405,0.08878778944949395,1,2
1382,1.3819999999999586,hold,100.0,5.650764890972979,0.0036781043473981256,1.078460995309358,0.07846099530935802,0.003622115743859869,4.494799914833471,0.0010041331920495591,-0.05598860353825657,1,2
1383,1.3829999999999585,hold,100.0,5.647064451546869,-0.0037004394261099804,1.0784172570642394,0.07841725706423941,-0.003611958461851093,4.491187956371619,0.0010036283472601296,0.0884809642588873,1,2
1384,1.3839999999999584,hold,100.0,5.650727857531825,0.0036634059849562917,1.078445618210382,0.0784456182103821,0.0036076875764565804,4.494795643948076,0.0010031222429518847,-0.05571840849971123,1,2
1385,1.3849999999999583,hold,100.0,5.647042119866808,-0.003685737665017008,1.0784020322595373,0.07840203225953735,-0.0035975623052138606,4.491198081642862,0.0010026190118952829,0.08817535980314757,1,2
1386,1.3859999999999582,hold,100.0,5.6506908860652425,0.003648766198434572,1.0784302583412269,0.07843025834122686,0.0035933169049403224,4.494791398547802,0.0010021145267099945,-0.055449293494249687,1,2
1387,1.386999999999958,hold,100.0,5.64701979157706,-0.0036710944881823693,1.0783868240785317,0.0783868240785317,-0.0035832235174014983,4.4912081750304,0.0010016129001471448,0.08787097078087093,1,2
1388,1.387999999999958,hold,100.0,5.650653976331578,0.003634184754518266,1.0784149156354044,0.07841491563540437,0.0035790035001500515,4.49478717853055,0.001001110024833507,-0.05518125436821449,1,2
1389,1.3889999999999578,hold,100.0,5.646997466669652,-0.0036565096619263215,1.0783716324572674,0.07837163245726742,-0.003568941869803456,4.491218236660747,0.0010006099936059156,0.08756779212286533,1,2
1390,1.3899999999999577,hold,100.0,5.65061712809075,0.0036196614210979305,1.0783995900269057,0.07839959002690566,0.0035647471338477307,4.494782983794595,0.0010001087189929667,-0.054914287250199846,1,2
1391,1.3909999999999576,hold,100.0,5.646975145137025,-0.003641982953724643,1.0783564573322468,0.07835645733224683,-0.0035547171347208844,4.491228266659874,0.0009996102740216536,0.08726581900375847,1,2
1392,1.3919999999999575,hold,100.0,5.650580341103757,0.0036051959667320332,1.0783842814502052,0.07838428145020515,0.0035505475786736353,4.494778814238548,0.000999110591017825,-0.05464838805839794,1,2
1393,1.3929999999999574,hold,100.0,5.646952826972205,-0.0036275141315522674,1.0783412986404612,0.07834129864046124,-0.003540549085330322,4.491238265153218,0.0009986137233023544,0.08696504622194559,1,2
1394,1.3939999999999573,hold,100.0,5.650543615132943,0.003590788160737546,1.078368989840266,0.07836898984026597,0.0035364046081804504,4.494774669761398,0.0009981156228944655,-0.05438355255709543,1,2
1395,1.3949999999999572,hold,100.0,5.646930512168602,-0.0036131029643406976,1.0783261563194,0.07832615631939999,-0.00352643749574378,4.491248232265654,0.000997620323512027,0.08666546859691744,1,2
1396,1.395999999999957,hold,100.0,5.650506949942302,0.003576437773699759,1.078353715132527,0.07835371513252709,0.003522317996844914,4.4947705502624995,0.0009971237967644263,-0.054119776854844814,1,2
1397,1.396999999999957,hold,100.0,5.646908200720056,-0.0035987492222453454,1.0783110303069416,0.07831103030694164,-0.003512382140963423,4.491258168121536,0.0009966300568689395,0.08636708128192255,1,2
1398,1.3979999999999568,hold,100.0,5.6504703452972,0.0035621445771436555,1.0783384572629056,0.07833845726290556,0.003508287520021744,4.4947664556415585,0.0009961350949223551,-0.053857057121911404,1,2
1399,1.3989999999999567,hold,100.0,5.6468858926206265,-0.0035844526765735907,1.078295920541537,0.078295920541537,-0.0034983827968782136,4.49126807284468,0.0009956429057434173,0.08606987969537712,1,2
1400,1.3999999999999566,hold,100.0,5.650433800963678,0.003547908343051631,1.0783232161678027,0.07832321616780269,0.0034943129539657656,4.494762385798646,0.000995149499814294,-0.05359538908586555,1,2
1401,1.4009999999999565,hold,100.0,5.646863587865331,-0.0035702130983468194,1.078280826961984,0.07828082696198391,-0.0034844392402767536,4.49127794655837,0.0009946588526563557,0.08577385807006588,1,2
1402,1.4019999999999564,hold,100.0,5.65039731671002,0.0035337288446886106,1.0783079917840466,0.07830799178404657,0.003480394075822571,4.494758340634192,0.0009941669940358023,-0.05333476886603978,1,2
1403,1.4029999999999563,hold,100.0,5.646841286449005,-0.0035560302610146977,1.0782657495076076,0.07826574950760756,-0.003470551248836826,4.491287789385355,0.0009936778802773038,0.08547901217787184,1,2
1404,1.4039999999999562,hold,100.0,5.65036089230515,0.0035196058561446364,1.0782927840489396,0.07829278404893958,0.0034665306636415985,4.4947543200489966,0.0009931875603301891,-0.053075192503037896,1,2
1405,1.404999999999956,hold,100.0,5.6468189883671895,-0.003541903937960278,1.078250688118134,0.07825068811813396,-0.003456718601140817,4.491297601447855,0.0009926999714225829,0.08518533681946099,1,2
1406,1.405999999999956,hold,100.0,5.650324527519745,0.003505539152555137,1.0782775929002562,0.07827759290025615,0.0034527224963461544,4.494750323944202,0.0009922111815867517,-0.052816656208982786,1,2
1407,1.4069999999999558,hold,100.0,5.646796693615848,-0.003527833903897104,1.0782356427337685,0.07823564273376848,-0.0034429410766225006,4.491307382867579,0.0009917251090537044,0.08489282727460346,1,2
1408,1.4079999999999557,hold,100.0,5.65028822212524,0.003491528509392161,1.0782624182761769,0.07826241827617686,0.0034389693537284307,4.494746352221307,0.0009912378408390298,-0.052559155663730366,1,2
1409,1.4089999999999556,hold,100.0,5.646774402191074,-0.003513819934165774,1.0782206132951058,0.07822061329510577,-0.003429218455596122,4.491317133765711,0.0009907532762755554,0.0846014785696519,1,2
1410,1.4099999999999555,hold,100.0,5.6502519758947845,0.0034775737037104903,1.0782472601153477,0.07824726011534766,0.0034252710164646453,4.494742404782175,0.0009902675212631114,-0.05230268724584503,1,2
1411,1.4109999999999554,hold,100.0,5.646752114089654,-0.0034998618051300667,1.078205599743199,0.07820559974319896,-0.003415550519266371,4.491326854262909,0.0009897844563347164,0.08431128586369567,1,2
1412,1.4119999999999553,hold,100.0,5.650215788602678,0.003463674513023207,1.0782321183568604,0.07823211835686039,0.0034116272661295476,4.494738481529039,0.0009893002061760047,-0.05204724689365954,1,2
1413,1.4129999999999552,hold,100.0,5.646729829308503,-0.003485959294174279,1.078190602019529,0.0781906020195291,-0.003401937049720245,4.491336544479319,0.0009888186326178214,0.08402224445403383,1,2
1414,1.413999999999955,hold,100.0,5.65017966002431,0.0034498307158070673,1.078216992940203,0.07821699294020301,0.0033980378851353014,4.494734582364455,0.0009883358790338647,-0.051792830671765905,1,2
1415,1.414999999999955,hold,100.0,5.646707547844924,-0.0034721121793861442,1.0781756200659849,0.07817562006598489,-0.00338837782987621,4.491346204534579,0.000987855788649937,0.08373434950993425,1,2
1416,1.4159999999999549,hold,100.0,5.6501435899365,0.003436042091575331,1.0782018838053287,0.07820188380532866,0.0033845026567674292,4.494730707191346,0.000987374523430504,-0.05153943480790167,1,2
1417,1.4169999999999547,hold,100.0,5.646685269696789,-0.0034583202397104884,1.0781606538248787,0.07816065382487869,-0.0033748726435371733,4.491355834547809,0.0009868959080929082,0.08344759617331508,1,2
1418,1.4179999999999546,hold,100.0,5.6501075781172565,0.0034223084204674237,1.0781867908925837,0.07818679089258374,0.0033710213652018393,4.494726855913011,0.0009864161230956983,-0.05128705526558433,1,2
1419,1.4189999999999545,hold,100.0,5.646662994862119,-0.0034445832551375233,1.078145703238913,0.07814570323891301,-0.0033614212753888583,4.491365434637622,0.0009859389747437998,0.083161979748665,1,2
1420,1.4199999999999544,hold,100.0,5.650071624345838,0.0034086294837187836,1.0781717141427483,0.07817171414274826,0.0033575937954449992,4.494723028433067,0.000985460661893715,-0.05103568827378437,1,2
1421,1.4209999999999543,hold,100.0,5.646640723339174,-0.003430901006663767,1.078130768251236,0.078130768251236,-0.003348023510944446,4.491375004922123,0.0009849849725333244,0.08287749571932092,1,2
1422,1.4219999999999542,hold,100.0,5.650035728402604,0.0033950050634299345,1.078156653497014,0.07815665349701395,0.003344219733383394,4.4947192246555066,0.000984508123821602,-0.05078533004654025,1,2
1423,1.422999999999954,hold,100.0,5.646618455126853,-0.0034172732757511426,1.0781158488053617,0.07811584880536171,-0.0033346791365806475,4.491384545518926,0.0009840338855242935,0.08259413917049507,1,2
1424,1.423999999999954,hold,100.0,5.649999890069161,0.003381434942308026,1.0781416088969644,0.07814160889696442,0.0033308989657294683,4.4947154444846555,0.000983558493007822,-0.050535976578557594,1,2
1425,1.4249999999999539,hold,100.0,5.646596190224084,-0.003403699845076602,1.0781009448452061,0.07810094484520613,-0.00332138793951803,4.491394056545137,0.0009830856979101351,0.08231190555857198,1,2
1426,1.4259999999999537,hold,100.0,5.649964109128296,0.003367918904212175,1.078126580284603,0.07812658028460295,0.00331763128006573,4.494711687825203,0.0009826117537106531,-0.05028762414644502,1,2
1427,1.4269999999999536,hold,100.0,5.64657392863033,-0.0033901804979663552,1.0780860563151122,0.07808605631511223,-0.0033081497078428345,4.49140353811736,0.0009821403940132962,0.08203079012352073,1,2
1428,1.4279999999999535,hold,100.0,5.649928385363968,0.0033544567336383224,1.0781115676023385,0.0781115676023385,0.0033044164648215048,4.494707954582181,0.00098166789031674,-0.050040268816817654,1,2
1429,1.4289999999999534,hold,100.0,5.646551670345223,-0.0033767150187449246,1.0780711831597491,0.07807118315974915,-0.0032949642304718084,4.4914129903517095,0.0009811979582840071,0.08175078827311627,1,2
1430,1.4299999999999533,hold,100.0,5.649892718561404,0.003341048216180198,1.0780965707929349,0.07809657079293486,0.0032912543092622013,4.494704244660972,0.000980726887339656,-0.049793906917996664,1,2
1431,1.4309999999999532,hold,100.0,5.646529415368853,-0.0033633031925504042,1.0780563253242272,0.07805632532422724,-0.003281831297168183,4.491422413363804,0.0009802583752985606,0.08147189538222112,1,2
1432,1.431999999999953,hold,100.0,5.64985710850682,0.0033276931379671026,1.0780815897995968,0.07808158979959678,0.0032781446034969974,4.494700557967301,0.000979788729418401,-0.04954853447010528,1,2
1433,1.432999999999953,hold,100.0,5.64650716370144,-0.0033499448053806447,1.0780414827540048,0.0780414827540048,-0.0032687506985231134,4.4914318072687776,0.000979321629758037,0.08119410685753121,1,2
1434,1.4339999999999529,hold,100.0,5.649821554987782,0.0033143912863424774,1.0780666245658868,0.07806662456588676,0.003265087138465632,4.494696894407244,0.0009788534013160652,-0.04930414787684533,1,2
1435,1.4349999999999528,hold,100.0,5.64648491534355,-0.003336639644231809,1.0780266553949371,0.07802665539493714,-0.0032557222259736447,4.49144117218127,0.00097838770648691,0.08091741825816444,1,2
1436,1.4359999999999526,hold,100.0,5.649786057792823,0.003301142449272376,1.0780516750357352,0.07805167503573518,0.003252081705948079,4.494693253887219,0.0009779208879184002,-0.049060743324297156,1,2
1437,1.4369999999999525,hold,100.0,5.646462670296097,-0.0033233874967253385,1.0780118431932213,0.0780118431932213,-0.0032427456717809737,4.491450508215437,0.0009774565904315685,0.08064182494436477,1,2
1438,1.4379999999999524,hold,100.0,5.649750616711575,0.003287946415477805,1.0780367411534917,0.07803674115349168,0.0032391280985588503,4.494689636313996,0.0009769911742323963,-0.04881831691895457,1,2
1439,1.4389999999999523,hold,100.0,5.646440428560318,-0.003310188151257165,1.077997046095441,0.07799704609544089,-0.003229820829049338,4.491459815484947,0.0009765282666590445,0.08036732220782729,1,2
1440,1.4399999999999522,hold,100.0,5.64971523153508,0.0032748029747615703,1.0780218228638525,0.07802182286385251,0.003226226109728352,4.494686041594675,0.0009760642453850551,-0.048576865033218494,1,2
1441,1.440999999999952,hold,100.0,5.64641819013756,-0.003297041397519962,1.0779822640485626,0.07798226404856257,-0.0032169474916774327,4.491469094102998,0.0009756027203556636,0.08009390584252929,1,2
1442,1.441999999999952,hold,100.0,5.649679902055224,0.003261711917664556,1.078006920111885,0.07800692011188493,0.0032133755337141745,4.494682469636712,0.0009751400866219041,-0.04833638395038142,1,2
1443,1.4429999999999519,hold,100.0,5.646395955029586,-0.0032839470256380565,1.0779674969998556,0.07796749699985561,-0.003204125454406825,4.491478344182305,0.0009746799368256362,0.07982157123123147,1,2
1444,1.4439999999999518,hold,100.0,5.649644628065026,0.003248673035439964,1.0779920328430244,0.07799203284302436,0.003200576165586863,4.494678920347892,0.0009742186833058098,-0.04809686985310108,1,2
1445,1.4449999999999517,hold,100.0,5.646373723238177,-0.003270904826848664,1.0779527448970179,0.07795274489701787,-0.00319135451279255,4.491487565835099,0.0009737599014898556,0.07955031405611386,1,2
1446,1.4459999999999515,hold,100.0,5.649609409358598,0.0032356861204201337,1.077977161003062,0.07797716100306196,0.0031878278012581083,4.494675393636357,0.0009733000209156418,-0.04785831916202538,1,2
1447,1.4469999999999514,hold,100.0,5.646351494765936,-0.0032579145926616704,1.077938007688045,0.07793800768804493,-0.0031786344632097514,4.491496759173147,0.0009728425998845699,0.07928012945191895,1,2
1448,1.4479999999999513,hold,100.0,5.649574245731285,0.003222750965349519,1.0779623045381719,0.07796230453817188,0.0031751302374242447,4.494671889410571,0.0009723840850449147,-0.04762072792527426,1,2
1449,1.4489999999999512,hold,100.0,5.646329269615255,-0.0032449761160302515,1.0779232853212883,0.07792328532128834,-0.003165965102821842,4.4915059243077495,0.0009719280176600652,0.07901101320840954,1,2
1450,1.449999999999951,hold,100.0,5.649539136979472,0.0032098673642169118,1.077947463394842,0.07794746339484204,0.00316248327160038,4.49466840757935,0.0009714708614007061,-0.04738409261653177,1,2
1451,1.450999999999951,hold,100.0,5.646307047788446,-0.0032320891910258,1.0779085777454747,0.07790857774547466,-0.0031533462296254927,4.491515061349724,0.000971016140579543,0.07874296140030715,1,2
1452,1.4519999999999509,hold,100.0,5.649504082900393,0.003197035111946356,1.077932637519948,0.07793263751994806,0.003149886702118198,4.494664948051843,0.0009705603358022495,-0.04714840982815785,1,2
1453,1.4529999999999508,hold,100.0,5.6462848292889465,-0.003219253611446149,1.077893884909634,0.077893884909634,-0.0031407776424184457,4.491524170409424,0.0009701069545178103,0.07847596902770329,1,2
1454,1.4539999999999507,hold,100.0,5.649469083292573,0.003184254003626208,1.077917826860701,0.07791782686070103,0.0031373403281135816,4.494661510737538,0.0009696524941798263,-0.04691367551262629,1,2
1455,1.4549999999999506,hold,100.0,5.646262614119897,-0.003206469172675419,1.0778792067631515,0.07787920676315152,-0.003128259140790198,4.491533251596748,0.0009692004454600011,0.07821003188522102,1,2
1456,1.4559999999999504,hold,100.0,5.649434137955488,0.003171523835590939,1.0779030313646447,0.07790303136464471,0.0031248439495023496,4.49465809554625,0.0009687473225734652,-0.046679886088589646,1,2
1457,1.4569999999999503,hold,100.0,5.64624040228465,-0.003193735670838471,1.077864543255743,0.07786454325574299,-0.0031157905251292797,4.491542305021121,0.0009682965995005548,0.0779451457091915,1,2
1458,1.4579999999999502,hold,100.0,5.649399246689757,0.003158844405107608,1.0778882509796794,0.07788825097967944,0.0031123973670223095,4.494654702388144,0.0009678448071318813,-0.04644703808529861,1,2
1459,1.4589999999999501,hold,100.0,5.646218193786911,-0.0031810529028462042,1.0778498943374661,0.07784989433746614,-0.003103371596622921,4.491551330791521,0.000967395402841863,0.07768130622328329,1,2
1460,1.45999999999995,hold,100.0,5.649364409296876,0.003146215509964634,1.0778734856540304,0.0778734856540304,0.0031000003821900213,4.494651331173711,0.00096694493411118,-0.04621512777461256,1,2
1461,1.46099999999995,hold,100.0,5.646195988630606,-0.0031684206662694336,1.0778352599586785,0.07783525995867846,-0.0030910021572596643,4.491560329016451,0.000966496841793252,0.07741850900976933,1,2
1462,1.4619999999999498,hold,100.0,5.649329625579495,0.003133636948888352,1.077858735336242,0.0778587353362421,0.0030876527973233057,4.494647981813775,0.0009660476898737828,-0.045984151565046316,1,2
1463,1.4629999999999497,hold,100.0,5.646173786820056,-0.0031558387594383674,1.077820640070112,0.07782064007011202,-0.003078682009798405,4.4915692998039765,0.0009656009027697043,0.07715674963996262,1,2
1464,1.4639999999999496,hold,100.0,5.649294895341234,0.003121108521177973,1.077843999975233,0.07784399997523295,0.0030753544155159166,4.494644654219492,0.0009651530608872929,-0.04575410566205664,1,2
1465,1.4649999999999495,hold,100.0,5.646151588359181,-0.003143306982053673,1.0778060346227487,0.07780603462274871,-0.0030664109577995665,4.491578243261692,0.0009647075722908832,0.07689602425410644,1,2
1466,1.4659999999999493,hold,100.0,5.649260218386785,0.00310863002760442,1.0778292795201945,0.07782927952019447,0.0030631050406611056,4.494641348302354,0.0009642610337233126,-0.04552498694331431,1,2
1467,1.4669999999999492,hold,100.0,5.646129393252912,-0.003130825133872861,1.0777914435679152,0.07779144356791523,-0.0030541888055905845,4.491587159496763,0.0009638168369798357,0.07663632828227651,1,2
1468,1.4679999999999491,hold,100.0,5.649225594521578,0.0030962012686659435,1.0778145739207179,0.07781457392071789,0.0030509044774110977,4.4946380639741745,0.0009633715950563958,-0.045296791254845724,1,2
1469,1.468999999999949,hold,100.0,5.646107201505761,-0.003118393015816956,1.0777768668573187,0.07777686685731866,-0.003042015358296007,4.491596048615879,0.0009629286835621144,0.07637765752094901,1,2
1470,1.469999999999949,hold,100.0,5.649191023552664,0.0030838220469027178,1.0777998831266093,0.07779988312660935,0.0030387525312273555,4.4946348011471065,0.0009624847316629308,-0.04506951567536223,1,2
1471,1.4709999999999488,hold,100.0,5.646085013122808,-0.003106010429855921,1.077762304442864,0.07776230444286392,-0.0030298904218081816,4.491604910725298,0.0009620430988644749,0.07612000804773938,1,2
1472,1.4719999999999487,hold,100.0,5.649156505287223,0.003071492164415268,1.0777852070880753,0.07778520708807535,0.003026649008338849,4.494631559733637,0.0009616004304200911,-0.04484315607641929,1,2
1473,1.4729999999999486,hold,100.0,5.646062828109215,-0.0030936771780085692,1.0777477562768352,0.07774775627683517,-0.003017813802806038,4.491613745930831,0.0009611600698139645,0.07586337520253117,1,2
1474,1.4739999999999485,hold,100.0,5.649122039534164,0.0030592114249490265,1.0777705457555968,0.07777054575559683,0.003014593715732243,4.494628339646563,0.00096071867830476,-0.04461770921678366,1,2
1475,1.4749999999999484,hold,100.0,5.64604064647026,-0.003081393063903981,1.0777332223118181,0.07773322231181812,-0.0030057853087173472,4.491622554337845,0.0009602795834368108,0.07560775518663382,1,2
1476,1.4759999999999482,hold,100.0,5.649087626103047,0.003046979632787661,1.0777558990799727,0.07775589907997271,0.0030025864611658497,4.494625140799012,0.0009598394623924945,-0.04439317162181115,1,2
1477,1.4769999999999481,hold,100.0,5.646018468211552,-0.003069157891495422,1.0777187025006563,0.07771870250065627,-0.002993804747734194,4.491631336051277,0.0009594016268574066,0.07535314376122797,1,2
1478,1.477999999999948,hold,100.0,5.649053264804233,0.0030347965926811327,1.0777412670123276,0.07774126701232764,0.002990627053166792,4.494621963104445,0.0009589627698564579,-0.044169539514340474,1,2
1479,1.478999999999948,hold,100.0,5.645996293338818,-0.003056971465414726,1.077704196796552,0.07770419679655194,-0.002981871928834248,4.4916400911756105,0.0009585261872972459,0.07509953658047831,1,2
1480,1.4799999999999478,hold,100.0,5.649018955449385,0.0030226621105668983,1.0777266495040703,0.07772664950407027,0.002978715301028681,4.494618806476639,0.0009580885879664925,-0.04394680953821728,1,2
1481,1.4809999999999477,hold,100.0,5.645974121857867,-0.0030448335915185254,1.0776897051529482,0.07768970515294815,-0.002969986661738307,4.491648819814901,0.0009576532520739667,0.07484692978021847,1,2
1482,1.4819999999999476,hold,100.0,5.648984697850974,0.0030105759931071674,1.0777120465069068,0.07771204650690677,0.0029668510148032497,4.494615670829704,0.0009572169040879868,-0.043724978303917666,1,2
1483,1.4829999999999475,hold,100.0,5.645951953774833,-0.0030327440761412916,1.0776752275236048,0.07767522752360478,-0.0029581487569406676,4.491657522072764,0.0009567828086003125,0.07459531920062405,1,2
1484,1.4839999999999474,hold,100.0,5.64895049182235,0.002998538047517485,1.0776974579728744,0.07769745797287442,0.0029550340053035133,4.494612556078067,0.0009563477056810283,-0.043504042213971666,1,2
1485,1.4849999999999473,hold,100.0,5.645929789095958,-0.0030207027263919883,1.0776607638625921,0.07766076386259213,-0.0029463580256769953,4.49166619805239,0.0009559148443831641,0.07434470071499304,1,2
1486,1.4859999999999471,hold,100.0,5.648916334175108,0.0029865450791497494,1.0776828839453405,0.07768288394534051,0.0029432608799662523,4.494609458932357,0.0009554809779167664,-0.04328419918349716,2,2
1487,1.486999999999947,hold,100.0,5.6459076313743966,-0.003008702800711305,1.0776463143163255,0.07764631431632552,-0.0029346079324956732,4.4916748509998605,0.0009550493438623492,0.07409486821563158,1,2
1488,1.487999999999947,hold,100.0,5.648882227836006,0.002974596461609025,1.0776683243288039,0.07766832432880388,0.0029315315349033345,4.494606382534764,0.0009546167101860876,-0.04306492670569026,2,2
1489,1.4889999999999468,hold,100.0,5.64588547705645,-0.0029967507795554127,1.0776318786568573,0.07763187865685728,-0.002922904692921445,4.491683477841843,0.0009541862980604172,0.0738460866339676,1,2
1490,1.4899999999999467,hold,100.0,5.64884817255194,0.0029626954954897755,1.0776537790382046,0.07765377903820458,0.0029198489653953974,4.494603326807238,0.0009537548909302142,-0.042846530094378145,2,2
1491,1.4909999999999466,hold,100.0,5.6458633261338464,-0.0029848464180934897,1.0776174568306465,0.07761745683064647,-0.0029112481252193917,4.491692078682019,0.0009533256946337004,0.07359829287409804,1,2
1492,1.4919999999999465,hold,100.0,5.648814168131032,0.0029508419971859823,1.077639248021893,0.07763924802189304,0.002908212984099867,4.494600291666119,0.000952895507942776,-0.04262901308611528,2,2
1493,1.4929999999999464,hold,100.0,5.645841178609349,-0.0029729895216830116,1.077603048790475,0.07760304879047508,-0.00289963804359463,4.491700653622524,0.0009524675214366832,0.07335147808838152,1,2
1494,1.4939999999999463,hold,100.0,5.648780214388333,0.0029390357789838006,1.077624731231884,0.07762473123188407,0.002896623404959325,4.494597277027483,0.0009520385491322288,-0.042412374024475806,2,2
1495,1.4949999999999461,hold,100.0,5.645819034488509,-0.002961179899823918,1.0775886544908604,0.07758865449086039,-0.0028880742626875367,4.491709202764796,0.000951611766426339,0.07310563713638137,1,2
1496,1.495999999999946,hold,100.0,5.648746311141803,0.002927276653293731,1.0776102286213247,0.07761022862132472,0.002885080042783355,4.494594282807579,0.000951184002502465,-0.04219661051037618,2,2
1497,1.496999999999946,hold,100.0,5.645796893777959,-0.00294941736384402,1.077574273887133,0.077574273887133,-0.0028765565978377105,4.491717726209742,0.0009507584176519536,0.07286076600630971,1,2
1498,1.4979999999999458,hold,100.0,5.648712458210245,0.002915564432285578,1.0775957401439549,0.07759574014395487,0.0028735827131626942,4.494591308922904,0.0009503318561476236,-0.0419817191228836,2,2
1499,1.4989999999999457,hold,100.0,5.645774756485031,-0.0029377017252132376,1.0775599069351245,0.07755990693512449,-0.0028650848650800392,4.491726224057824,0.0009499074632518246,0.07261686013319835,1,2
1500,1.4999999999999456,hold,100.0,5.648678655414025,0.0029038989289933426,1.0775812657539514,0.07758126575395141,0.002862131232425392,4.494588355290249,0.0009494820982500348,-0.041767696567950735,2,2
1501,1.5009999999999455,hold,100.0,5.645752623457603,-0.0029260319564219373,1.077545553736765,0.07754555373676508,-0.002853658403369197,4.49173469688688,0.0009490588937145353,0.07237355305274046,2,2
1502,1.5019999999999454,hold,100.0,5.648644902466376,0.002892279008773535,1.0775668055905279,0.07756680559052787,0.0028507243912939445,4.494585421278174,0.0009486347209922554,-0.04155461747959053,2,2
1503,1.5029999999999453,hold,100.0,5.6457304939706745,-0.0029144084957017924,1.0775312141646158,0.07753121416461584,-0.002842276974907086,4.491743144303267,0.0009482126969208908,0.07213152079470642,2,2
1504,1.5039999999999452,hold,100.0,5.648611199344695,0.0028807053740207422,1.0775523594477945,0.07755235944779448,0.002839363049179849,4.494582507352447,0.0009477897090895886,-0.0413423248408931,2,2
1505,1.504999999999945,hold,100.0,5.645708367950266,-0.0029028313944294837,1.0775168881302442,0.07751688813024415,-0.0028309409378873517,4.4917515664145595,0.0009473688595918255,0.07189045654213203,2,2
1506,1.505999999999945,hold,100.0,5.648577545850479,0.002869177900213238,1.0775379272688117,0.0775379272688117,0.0028280470183692148,4.494579613432928,0.0009469470508297132,-0.04113088184402305,2,2
1507,1.5069999999999448,hold,100.0,5.6456862453911025,-0.002891300459376467,1.0775025755833545,0.0775025755833545,-0.002819650112076594,4.491759963320852,0.0009465273701554234,0.07165034729987281,2,2
1508,1.5079999999999447,hold,100.0,5.648543941799663,0.002857696408560706,1.077523509004576,0.07752350900457605,0.0028167761175671322,4.494576739438418,0.0009461067347031964,-0.0409202909935737,2,2
1509,1.5089999999999446,hold,100.0,5.645664126295928,-0.0028798155037348394,1.0774882764782092,0.07748827647820922,-0.0028084043173626757,4.491768335121056,0.0009456882171549055,0.07141118637216375,2,2
1510,1.5099999999999445,hold,100.0,5.648510387013237,0.0028462607173089793,1.0775091046085046,0.07750910460850458,0.002805550166586595,4.494573885287642,0.0009452687493005232,-0.04071055072238415,2,2
1511,1.5109999999999444,hold,100.0,5.645642010670137,-0.0028683763431001097,1.0774739907707263,0.07747399077072625,-0.0027972033742171484,4.491776681913425,0.0009448513892254026,0.07117296888296126,2,2
1512,1.5119999999999443,hold,100.0,5.648476881314508,0.002834870644370824,1.0774947140352107,0.07749471403521069,0.0027943689860427112,4.494571050899467,0.000944433083300323,-0.04050165832811259,2,2
1513,1.5129999999999442,hold,100.0,5.645619898520261,-0.002856982794247287,1.077459718417646,0.07745971841764598,-0.0027860471037616753,4.491785003795706,0.0009440168750878582,0.07093569048561166,2,2
1514,1.513999999999944,hold,100.0,5.6484434245283515,0.00282352600809066,1.077480337239996,0.07748033723999592,0.002783232397286896,4.494568236192993,0.0009435997254654368,-0.040293610803763744,2,2
1515,1.514999999999944,hold,100.0,5.645597789853665,-0.002845634674686792,1.0774454593763687,0.07744545937636871,-0.002774935327825051,4.491793300865168,0.0009431846635462517,0.07069934686174117,2,2
1516,1.5159999999999438,hold,100.0,5.648410016481351,0.0028122266276859875,1.0774659741786896,0.07746597417868961,0.0027721402224031816,4.494565441087571,0.0009427686646408054,-0.04008640528280595,2,2
1517,1.5169999999999437,hold,100.0,5.645575684678045,-0.002834331803305723,1.0774312136046729,0.07743121360467287,-0.002763867868917688,4.491801573218653,0.000942354743485911,0.07046393438803504,2,2
1518,1.5179999999999436,hold,100.0,5.648376657000896,0.0028009723228512584,1.0774516248075328,0.07745162480753276,0.0027610922841781317,4.494562665502831,0.0009419398897520701,-0.039880038673126714,2,2
1519,1.5189999999999435,hold,100.0,5.645553583001869,-0.002823073999027592,1.0774169810607652,0.07741698106076522,-0.0027528445502544656,4.491809820952576,0.0009415271038723185,0.07022944877312651,2,2
1520,1.5199999999999434,hold,100.0,5.648343345915415,0.0027897629135464896,1.0774372890831165,0.07743728908311653,0.0027500884061194227,4.494559909358696,0.0009411133898044761,-0.0396745074270669,2,2
1521,1.5209999999999433,hold,100.0,5.645531484833257,-0.002811861082157918,1.077402761703167,0.07740276170316696,-0.0027418651957574116,4.4918180441629385,0.0009407017337500288,0.0699958864005066,2,2
1522,1.5219999999999432,hold,100.0,5.648310083054486,0.002778598221229167,1.0774229669623658,0.07742296696236584,0.0027391284124375914,4.494557172575376,0.0009402891538818896,-0.03946980879157569,2,2
1523,1.522999999999943,hold,100.0,5.645509390181111,-0.0028006928733752545,1.0773885554907163,0.07738855549071633,-0.0027309296300519837,4.491826242945324,0.0009398786222418004,0.06976324332327084,2,2
1524,1.523999999999943,hold,100.0,5.648276868248425,0.002767478067314144,1.0774086584025095,0.07740865840250954,0.002728212128055161,4.494554455073379,0.0009394671711459408,-0.03926593925898322,2,2
1525,1.5249999999999428,hold,100.0,5.645487299054108,-0.0027895691943173873,1.0773743623825185,0.07737436238251849,-0.002720037678453261,4.491834417394926,0.0009390577585476822,0.06953151586412644,2,2
1526,1.5259999999999427,hold,100.0,5.648243701328525,0.0027564022744170913,1.0773943633610683,0.07739436336106831,0.002717339378583005,4.494551756773508,0.0009386474308351414,-0.03906289583408646,2,2
1527,1.5269999999999426,hold,100.0,5.64546521146145,-0.0027784898670750735,1.0773601823379695,0.07736018233796949,-0.0027091891669774482,4.491842567606531,0.0009382391319442633,0.06930070009762528,2,2
1528,1.5279999999999425,hold,100.0,5.64821058212709,0.002745370665640401,1.0773800817958072,0.07738008179580724,0.002706509990331414,4.494549077596862,0.00093782992226407,-0.03886067530898705,2,2
1529,1.5289999999999424,hold,100.0,5.64544312741221,-0.0027674547148803796,1.0773460153167087,0.0773460153167087,-0.002698383922330446,4.491850693674532,0.0009374227317837918,0.06907079254993373,2,2
1530,1.5299999999999423,hold,100.0,5.648177510476751,0.0027343830645412126,1.0773658136647737,0.07736581366477369,0.002695723790299265,4.494546417464831,0.0009370146348227265,-0.03865927424194764,2,2
1531,1.5309999999999422,hold,100.0,5.645421046915773,-0.0027564635609778065,1.0773318612786336,0.07733186127863356,-0.002687621771908459,4.491858795692923,0.0009366085474935389,0.06884178906934767,2,2
1532,1.531999999999942,hold,100.0,5.648144486211686,0.0027234392959130105,1.0773515589262768,0.07735155892627676,0.0026849806061996946,4.494543776299122,0.0009362015579756612,-0.03845868971331587,2,2
1533,1.532999999999942,hold,100.0,5.64539896998142,-0.0027455162302665315,1.0773177201838944,0.07731772018389438,-0.002676902543809179,4.4918668737553125,0.00093579656857498,0.06861368645735225,2,2
1534,1.5339999999999419,hold,100.0,5.648111509166351,0.0027125391849311953,1.0773373175388945,0.0773373175388945,0.0026742802664033775,4.494541154021716,0.0009353906812612595,-0.03825891852781782,2,2
1535,1.5349999999999417,hold,100.0,5.645376896618891,-0.0027346125474601024,1.0773035919928915,0.0773035919928915,-0.0026662260667910105,4.4918749279549255,0.0009349867846030246,0.0683864806690919,2,2
1536,1.5359999999999416,hold,100.0,5.648078579176321,0.002701682557430196,1.0773230894614019,0.07732308946140187,0.0026636225999733328,4.494538550554899,0.0009345819942910246,-0.038059957456863365,2,2
1537,1.5369999999999415,hold,100.0,5.645354826837876,-0.002723752338445351,1.0772894766662386,0.07728947666623864,-0.002655592170310186,4.491882958384589,0.0009341791852254568,0.06816016813516491,2,2
1538,1.5379999999999414,hold,100.0,5.648045696077782,0.002690869239906135,1.0773088746528519,0.07730887465285186,0.0026530074366668027,4.494535965821256,0.0009337754867489529,-0.037861803239332394,2,2
1539,1.5389999999999413,hold,100.0,5.64533276064793,-0.002712935429851626,1.0772753741648253,0.07727537416482533,-0.0026450006845025213,4.491890965136753,0.0009333737601620687,0.06793474534910487,2,2
1540,1.5399999999999412,hold,100.0,5.648012859707783,0.0026800990598525587,1.0772946730725352,0.07729467307253524,0.002642434606909826,4.494533399743663,0.0009329711483907037,-0.03766445294273255,2,2
1541,1.540999999999941,hold,100.0,5.645310698059047,-0.0027021616487354905,1.0772612844497067,0.0772612844497067,-0.0026344514401865976,4.491898948303476,0.0009325704992040346,0.0677102085488929,2,2
1542,1.541999999999941,hold,100.0,5.64798006990413,0.0026693718450827575,1.077280484679968,0.07728048467996795,0.0026319039418156347,4.494530852245291,0.0009321689690430041,-0.037467903267122786,2,2
1543,1.5429999999999409,hold,100.0,5.645288639081225,-0.0026914308229049055,1.077247207482232,0.0772472074822319,-0.0026239442688369193,4.491906907976454,0.0009317693922132552,0.06748655406798622,2,2
1544,1.5439999999999408,hold,100.0,5.64794732650561,0.002658687424385242,1.0772663094348902,0.07726630943489021,0.0026214152731546753,4.494528323249609,0.0009313689386029143,-0.037272151230566784,2,2
1545,1.5449999999999406,hold,100.0,5.645266583724407,-0.002680742781203449,1.0772331432239157,0.07723314322391572,-0.002613479002622259,4.4919148442469865,0.0009309704291216509,0.0672637785811901,2,2
1546,1.5459999999999405,hold,100.0,5.647914629351352,0.0026480456269446506,1.0772521472973096,0.07725214729730956,0.002610968433381348,4.494525812680368,0.0009305710470372455,-0.03707719356330248,2,2
1547,1.5469999999999404,hold,100.0,5.645244531998706,-0.0026700973526452287,1.0772190916365552,0.07721909163655516,-0.0026030554743614884,4.491922757206006,0.0009301735999305322,0.06704187828374032,2,2
1548,1.5479999999999403,hold,100.0,5.647881978281764,0.0026374462830576206,1.0772379982274187,0.07723799822741872,0.0026005632556096174,4.4945233204616155,0.0009297752843817923,-0.03688302744800321,2,2
1549,1.5489999999999402,hold,100.0,5.6452224839146155,-0.0026594943671485183,1.077205052682141,0.07720505268214106,-0.002592673517545431,4.49193064694407,0.0009293788947098497,0.06682084960308708,2,2
1550,1.54999999999994,hold,100.0,5.647849373137582,0.0026268892229666108,1.0772238621856516,0.07722386218565158,0.002590199573625207,4.494520846517695,0.0009289816407407844,-0.0366896493414039,2,2
1551,1.55099999999994,hold,100.0,5.6452004394821484,-0.0026489336554336163,1.0771910263228393,0.07719102632283925,-0.0025823329663402657,4.4919385135513545,0.0009285863035977115,0.06660068909335051,2,2
1552,1.5519999999999399,hold,100.0,5.647816813760562,0.002616374278413325,1.0772097391326598,0.07720973913265983,0.0025798772218824425,4.494518390773237,0.000928190106286143,-0.036497056530882324,2,2
1553,1.5529999999999398,hold,100.0,5.645178398711788,-0.0026384150487741564,1.0771770125210818,0.07717701252108178,-0.002572033655556973,4.49194635711768,0.0009277958167996177,0.06638139321718355,2,2
1554,1.5539999999999397,hold,100.0,5.647784299993122,0.0026059012813339777,1.0771956290293365,0.07719562902933652,0.002569596035472371,4.494515953153153,0.000927400671256964,-0.03630524586160661,2,2
1555,1.5549999999999395,hold,100.0,5.645156361614089,-0.002627938379032635,1.0771630112394943,0.07716301123949432,-0.002561775420669262,4.491954177732484,0.0009270074245878561,0.06616295836337285,2,2
1556,1.5559999999999394,hold,100.0,5.647751831678299,0.002595470064210126,1.0771815318367564,0.07718153183675636,0.0025593558501647734,4.494513533582649,0.0009266133259588305,-0.03611421404535247,2,2
1557,1.5569999999999393,hold,100.0,5.645134328199413,-0.0026175034788860074,1.0771490224409206,0.07714902244092059,-0.002551558097809636,4.491961975484839,0.0009262211173009175,0.06594538107637139,2,2
1558,1.5579999999999392,hold,100.0,5.647719408660084,0.002585080460670852,1.07716744751624,0.07716744751624005,0.002549156502387904,4.4945111319872275,0.0009258280607631517,-0.03592395828294799,2,2
1559,1.558999999999939,hold,100.0,5.645112298478391,-0.0026071101816933506,1.0771350460883962,0.07713504608839616,-0.002541381523780289,4.491969750463447,0.0009254368853428886,0.06572865791306141,2,2
1560,1.559999999999939,hold,100.0,5.6476870307831994,0.002574732304808869,1.0771533760292953,0.07715337602929528,0.0025389978292173574,4.494508748292664,0.0009250448661066315,-0.035734475591511425,2,2
1561,1.5609999999999389,hold,100.0,5.6450902724618395,-0.002596758321359971,1.0771210821451975,0.07712108214519753,-0.0025312455360077266,4.491977502756656,0.0009246547191827279,0.06551278535224438,2,2
1562,1.5619999999999388,hold,100.0,5.647654697892968,0.0025644254311281145,1.0771393173376673,0.07713931733766732,0.0025288796683672495,4.4945063824250235,0.0009242637324906445,-0.03554576276086499,2,2
1563,1.5629999999999387,hold,100.0,5.645068250160319,-0.002586447732648267,1.0771071305747448,0.07710713057474483,-0.0025211499725796465,4.491985232452444,0.0009238746093538726,0.06529776006862063,2,2
1564,1.5639999999999386,hold,100.0,5.647622409835359,0.002554159675039358,1.0771252714033068,0.07712527140330683,0.0025188018582137893,4.4945040343106575,0.0009234846504806046,-0.03535781682556874,2,2
1565,1.5649999999999384,hold,100.0,5.645046231584621,-0.0025761782507380815,1.0770931913407231,0.07709319134072312,-0.002511094672227031,4.491992939638431,0.000923096546453461,0.06508357851105033,2,2
1566,1.5659999999999383,hold,100.0,5.647590166457267,0.0025439348726461475,1.0771112381883432,0.0771112381883432,0.0025087642377607843,4.494501703876192,0.0009227076107054243,-0.0351706348853632,2,2
1567,1.5669999999999382,hold,100.0,5.6450242167457585,-0.002565949711508253,1.0770792644069804,0.07707926440698043,-0.002501079474315817,4.492000624401876,0.0009223205211418294,0.06487023719243612,2,2
1568,1.567999999999938,hold,100.0,5.647557967606106,0.0025337508603477943,1.0770972176551503,0.07709721765515032,0.0024987666466745797,4.49449939104855,0.0009219326038569384,-0.034984213673214595,2,2
1569,1.568999999999938,hold,100.0,5.645002205654521,-0.002555761951585467,1.077065349737581,0.07706534973758106,-0.002491104218875707,4.492008286829675,0.0009215465241419365,0.0646577327097597,2,2
1570,1.569999999999938,hold,100.0,5.647525813130228,0.0025236074757071236,1.077083209766287,0.07708320976628702,0.002488808925250874,4.494497095754926,0.0009211596206892572,-0.034798550456249536,2,2
1571,1.5709999999999378,hold,100.0,5.644980198321852,-0.0025456148083762287,1.077051447296768,0.07705144729676805,-0.002481168746548391,4.492015927008377,0.0009207745462387983,0.06444606182783767,2,2
1572,1.5719999999999377,hold,100.0,5.647493702878518,0.002513504556666213,1.077069214484505,0.0770692144845051,0.0024788909144195887,4.494494817922797,0.0009203886520183006,-0.03461364224662412,2,2
1573,1.5729999999999376,hold,100.0,5.644958194758675,-0.002535508119843044,1.0770375570489803,0.0770375570489803,-0.00247127289862541,4.492023545024171,0.0009200045782789027,0.06423522121763421,2,2
1574,1.5739999999999374,hold,100.0,5.647461636700593,0.0025034419419185383,1.0770552317727737,0.07705523177277374,0.0024690124557499677,4.494492557479921,0.0009196196887211477,-0.03442948616857056,2,2
1575,1.5749999999999373,hold,100.0,5.644936194976233,-0.002525441724360533,1.0770236789589023,0.07702367895890228,-0.0024614165170315687,4.492031140962889,0.000919236611169617,0.06402520732896443,2,2
1576,1.5759999999999372,hold,100.0,5.647429614446689,0.002493419470456004,1.0770412615942588,0.07704126159425884,0.0024591733914475734,4.494490314354337,0.0009188527217355546,-0.0342460790084308,2,2
1577,1.5769999999999371,hold,100.0,5.64491419898564,-0.002515415461048498,1.077009812991337,0.07700981299133702,-0.0024515994443188418,4.492038714910018,0.0009184706358787555,0.06381601672965624,2,2
1578,1.577999999999937,hold,100.0,5.64739763596801,0.0024834369823691915,1.0770273039123262,0.07702730391232615,0.002449373564341858,4.49448808847436,0.0009180877420593537,-0.03406341802733364,2,2
1579,1.578999999999937,hold,100.0,5.644892206798064,-0.002505429169946005,1.0769959591112972,0.0769959591112972,-0.0024418215236649086,4.492046266950695,0.0009177066434339201,0.0636076462810966,2,2
1580,1.5799999999999368,hold,100.0,5.647365701116037,0.0024734943179733904,1.0770133586905035,0.07701335869050352,0.002439612817877417,4.494485879768572,0.0009173247407499699,-0.03388150009597324,2,2
1581,1.5809999999999367,hold,100.0,5.644870218424666,-0.0024954826913710093,1.0769821172839897,0.07698211728398974,-0.0024320825988634904,4.492053797169708,0.0009169446249219882,0.06340009250751892,2,2
1582,1.5819999999999366,hold,100.0,5.647333809743236,0.002463591318569769,1.0769994258925697,0.0769994258925697,0.002429890996134461,4.494483688165843,0.0009165637089238065,-0.03370032243530784,2,2
1583,1.5829999999999365,hold,100.0,5.644848233876754,-0.002485575866481682,1.076968287474854,0.07696828747485407,-0.0024223825143462768,4.492061305651497,0.0009161845714886364,0.06319335213540506,2,2
1584,1.5839999999999363,hold,100.0,5.647301961702709,0.0024537278259550988,1.0769855054824458,0.07698550548244576,0.0024202079438209565,4.494481513595318,0.0009158046377558006,-0.03351988213414229,2,2
1585,1.5849999999999362,hold,100.0,5.644826253165467,-0.002475708537241772,1.0769544696494318,0.07695446964943176,-0.0024127211151700433,4.492068792480148,0.0009154264743377501,0.06298742207172872,2,2
1586,1.5859999999999361,hold,100.0,5.647270156848149,0.0024439036826819915,1.0769715974242633,0.0769715974242633,0.002410563506264285,4.494479355986412,0.0009150475184788592,-0.03334017641770659,2,2
1587,1.586999999999936,hold,100.0,5.644804276302263,-0.0024658805458868116,1.0769406637735301,0.07694066377353015,-0.002403098246993915,4.492076257739418,0.0009146703247309624,0.06278229889289648,2,2
1588,1.587999999999936,hold,100.0,5.647238395033813,0.0024341187315508606,1.0769577016823597,0.07695770168235971,0.002400957529391924,4.49447721526881,0.0009142923423833355,-0.033161202158936594,2,2
1589,1.5889999999999358,hold,100.0,5.644782303298677,-0.00245609173513639,1.0769268698130563,0.0769268698130563,-0.002393513756099537,4.49208370151271,0.0009139161139870842,0.06257797903685275,2,2
1590,1.5899999999999357,hold,100.0,5.647206676115046,0.0024243728163693135,1.0769438182212105,0.07694381822121055,0.0023913898597697353,4.49447509137248,0.0009135391008165262,-0.03298295659957817,2,2
1591,1.5909999999999356,hold,100.0,5.6447603341658095,-0.0024463419492368743,1.0769130877341702,0.07691308773417016,-0.0023839674893888062,4.492091123883091,0.0009131638334816124,0.06237445984806807,2,2
1592,1.5919999999999355,hold,100.0,5.647174999947323,0.002414665781513392,1.0769299470055433,0.07692994700554334,0.002381860344558219,4.494472984227649,0.0009127877851822174,-0.0328054369551729,2,2
1593,1.5929999999999354,hold,100.0,5.6447383689154265,-0.002436631031896397,1.0768993175031611,0.07689931750316115,-0.0023744592943562813,4.492098524933293,0.0009124134746462862,0.06217173754011554,2,2
1594,1.5939999999999352,hold,100.0,5.647143366387169,0.0024049974717428313,1.0769160880002129,0.07691608800021288,0.002372368831526173,4.494470893764819,0.0009120383869400823,-0.03262864021665816,2,2
1595,1.5949999999999351,hold,100.0,5.644716407558803,-0.002426958828365855,1.0768855590865014,0.07688555908650141,-0.0023649890191163947,4.492105904745703,0.0009116650289684876,0.06196980924946024,2,2
1596,1.595999999999935,hold,100.0,5.647111775291535,0.0023953677327313017,1.0769022411702842,0.07690224117028421,0.002362915169063797,4.494468819914767,0.0009112908976053243,-0.03245256366750469,2,2
1597,1.596999999999935,hold,100.0,5.644694450107578,-0.0024173251839565424,1.0768718124508978,0.0768718124508978,-0.002355556512397567,4.492113263402369,0.0009109184879908675,0.061768671558975335,2,2
1598,1.5979999999999348,hold,100.0,5.647080226518063,0.0023857764104846524,1.076888406480988,0.07688840648098805,0.002353499206160606,4.494466762608529,0.0009105453087480232,-0.032277204324046224,2,2
1599,1.5989999999999347,hold,100.0,5.644672496573262,-0.0024077299448004297,1.0768580775631538,0.07685807756315377,-0.0023461616235104996,4.492120600985019,0.0009101738433107694,0.06156832128993012,2,2
1600,1.5999999999999346,hold,100.0,5.647048719925182,0.0023762233519200038,1.0768745838977583,0.07687458389775825,0.00234412079239321,4.494464721777412,0.000909801611992828,-0.03210255952679382,2,2
1601,1.6009999999999345,hold,100.0,5.644650546967409,-0.002398172957773781,1.0768443543902906,0.07684435439029058,-0.002336804202381467,4.49212791757503,0.0009094310865798004,0.06136875539231382,2,2
1602,1.6019999999999344,hold,100.0,5.647017255371839,0.0023667084044305398,1.0768607733862106,0.07686077338621056,0.0023347797779621343,4.494462697352993,0.0009090597990183345,-0.03192862646840544,2,2
1603,1.6029999999999343,hold,100.0,5.644628601301712,-0.0023886540701267833,1.0768306428994623,0.07683064289946229,-0.00232748409953607,4.492135213253457,0.0009086902095033508,0.06116997059071351,2,2
1604,1.6039999999999341,hold,100.0,5.646985832717589,0.002357231415876626,1.0768469749120984,0.07684697491209835,0.002325476013656292,4.494460689267113,0.0009083198615567416,-0.03175540222033393,2,2
1605,1.604999999999934,hold,100.0,5.644606659587735,-0.0023791731298539176,1.0768169430580727,0.07681694305807274,-0.002318201166089292,4.492142488101024,0.0009079512038400533,0.06097196376462577,2,2
1606,1.605999999999934,hold,100.0,5.646954451822577,0.002347792234841606,1.076833188441378,0.07683318844137799,0.002316209350845958,4.494458697451869,0.0009075817913932633,-0.031582883995648,2,2
1607,1.6069999999999338,hold,100.0,5.644584721837195,-0.002369729985381319,1.0768032548335977,0.07680325483359773,-0.0023089552537480192,4.492149742198121,0.0009072140614014955,0.06077473163329993,2,2
1608,1.6079999999999337,hold,100.0,5.6469231125478,0.0023383907106042656,1.0768194139401672,0.07681941394016722,0.002306979641518556,4.49445672183964,0.0009068455803657812,-0.03141106908570966,2,2
1609,1.6089999999999336,hold,100.0,5.6445627880617515,-0.002360324486048171,1.076789578193739,0.0767895781937391,-0.002299746214821263,4.492156975624819,0.0009064787740515673,0.06057827122690805,2,2
1610,1.6099999999999335,hold,100.0,5.646891814754796,0.002329026693044689,1.0768056513747803,0.07680565137478035,0.0022977867382267666,4.494454762363046,0.0009061112203642949,-0.03123995481792239,2,2
1611,1.6109999999999334,hold,100.0,5.644540858273091,-0.0023509564817052464,1.076775913106351,0.07677591310635101,-0.0022905739021915543,4.492164188460854,0.0009057453337060954,0.06038257951369212,2,2
1612,1.6119999999999333,hold,100.0,5.646860558305488,0.0023197000323973427,1.0767919007116784,0.0767919007116784,0.002288630494134156,4.494452818954988,0.0009053787033305234,-0.031069538263186515,2,2
1613,1.6129999999999332,hold,100.0,5.644518932482975,-0.0023416258225132935,1.0767622595394475,0.07676225953944749,-0.002281438169348657,4.492171380785639,0.000905013732332461,0.0601876531646367,2,2
1614,1.613999999999933,hold,100.0,5.6468293430627945,0.0023104105798195107,1.0767781619175127,0.07677816191751274,0.0022795107629743645,4.494450891548614,0.0009046480212574773,-0.03089981684514624,2,2
1615,1.614999999999933,hold,100.0,5.644497010703208,-0.0023323323595860757,1.0767486174612264,0.07674861746122641,-0.0022723388703410866,4.492178552678273,0.0009042839619490358,0.059993489244989075,2,2
1616,1.6159999999999328,hold,100.0,5.646798168889765,0.002301158186556407,1.076764434959076,0.07676443495907592,0.0022704273990703503,4.494448980077343,0.0009039191661889425,-0.03073078748605648,2,2
1617,1.6169999999999327,hold,100.0,5.644475092945463,-0.0023230759443020332,1.07673498684002,0.07673498684002,-0.002263275859825038,4.492185704217518,0.0009035560146247843,0.05980008447699532,2,2
1618,1.6179999999999326,hold,100.0,5.646767035650679,0.0022919427052165986,1.076750719803371,0.076750719803371,0.002261380257328218,4.494447084474847,0.0009031921302191545,-0.0305624478883805,2,2
1619,1.6189999999999325,hold,100.0,5.644453179221699,-0.0023138564289801877,1.076721367644332,0.0767213676443319,-0.002254248993024878,4.492192835481822,0.000902829882478885,0.05960743595530976,2,2
1620,1.6199999999999324,hold,100.0,5.646735943209849,0.0022827639881501938,1.0767370164175167,0.07673701641751673,0.0022523691932361204,4.494445204675058,0.0009024669054922596,-0.03039479491407336,2,2
1621,1.6209999999999323,hold,100.0,5.644431269543582,-0.0023046736662672984,1.0767077598428425,0.0767077598428425,-0.0022452581257402515,4.492199946549317,0.0009021055576802619,0.059415540527046895,2,2
1622,1.6219999999999322,hold,100.0,5.646704891432652,0.0022736218890697657,1.0767233247688357,0.0767233247688357,0.0022433940628390587,4.494443340612157,0.0009017434842019522,-0.030227826230706974,2,2
1623,1.622999999999932,hold,100.0,5.644409363922818,-0.0022955275098341943,1.0766941634043712,0.07669416340437119,-0.0022363031143377552,4.492207037497819,0.0009013830324471248,0.05922439549643906,2,2
1624,1.623999999999932,hold,100.0,5.646673880184556,0.002264516261738514,1.076709644824783,0.07670964482478304,0.0022344547227790804,4.494441492220598,0.0009010218585910273,-0.03006153895943357,2,2
1625,1.6249999999999318,hold,100.0,5.6443874623715296,-0.002286417813026631,1.0766805782978957,0.07668057829789565,-0.0022273838157803325,4.492214108404817,0.000900662299046608,0.05903399724629856,2,2
1626,1.6259999999999317,hold,100.0,5.646642909332262,0.0022554469607323213,1.076695976553018,0.07669597655301796,0.002225551030263747,4.494439659435081,0.0009003020209510272,-0.02989593046857442,2,2
1627,1.6269999999999316,hold,100.0,5.644365564901358,-0.0022773444309036606,1.0766670044925624,0.07666700449256236,-0.0022185000875872326,4.492221159347493,0.0008999433497943483,0.058844343316427974,2,2
1628,1.6279999999999315,hold,100.0,5.6466119787423885,0.0022464138410303036,1.0766823199213325,0.07668231992133245,0.0022166828430634274,4.494437842190557,0.0008995839636217272,-0.029730997966876185,2,2
1629,1.6289999999999314,hold,100.0,5.64434367152424,-0.0022683072181486352,1.0766534419576366,0.07665344195763657,-0.0022096517878441996,4.492228190402713,0.0008992261770540588,0.05865543030443565,2,2
1630,1.6299999999999313,hold,100.0,5.646581088282678,0.0022374167584384708,1.0766686748976526,0.07666867489765261,0.002207850019528758,4.494436040422242,0.0008988676789907705,-0.029566738909712897,2,2
1631,1.6309999999999312,hold,100.0,5.64432178225197,-0.0022593060307087853,1.0766398906626216,0.07663989066262156,-0.0022008387752050947,4.492235201647037,0.0008985107732371062,0.05846725550369067,2,2
1632,1.631999999999931,hold,100.0,5.646550237821154,0.0022284555691847174,1.076655041450138,0.0766550414501379,0.002199052418549963,4.494434254065586,0.0008981531594933258,-0.029403150634754564,2,2
1633,1.632999999999931,hold,100.0,5.644299897096473,-0.0022503407246814433,1.0766263505770532,0.07662635057705325,-0.002192060908880628,4.492242193156706,0.0008977971308021523,0.05827981580081541,2,2
1634,1.6339999999999308,hold,100.0,5.646519427226766,0.002219530130292746,1.0766414195470273,0.0766414195470273,0.002190289899603828,4.494432483056309,0.0008974403976115914,-0.02924023068891831,2,2
1635,1.6349999999999307,hold,100.0,5.644278016069807,-0.0022414111569588613,1.076612821670721,0.07661282167072092,-0.002183318048658273,4.492249165007651,0.0008970852422547318,0.058093108300588496,2,2
1636,1.6359999999999306,hold,100.0,5.646488656368325,0.0022106402985180296,1.0766278091567552,0.07662780915675516,0.002181562322723768,4.494430727330375,0.0008967293858744619,-0.029077975794261548,2,2
1637,1.6369999999999305,hold,100.0,5.644256139183714,-0.002232517184610927,1.0765993039135149,0.07659930391351488,-0.0021746100548700876,4.492256117275505,0.0008963751001468817,0.05790712974083943,2,2
1638,1.6379999999999304,hold,100.0,5.646457925116026,0.002201785932312461,1.0766142102479064,0.07661421024790638,0.002172869548494317,4.4944289868239995,0.0008960201168571264,-0.028916383818144292,2,2
1639,1.6389999999999303,hold,100.0,5.64423426645004,-0.0022236586659865054,1.0765857972754966,0.07658579727549664,-0.0021659367884220636,4.492263050035578,0.000895666697076674,0.057721877564441845,2,2
1640,1.6399999999999302,hold,100.0,5.646427233340287,0.00219296689024695,1.0766006227892317,0.07660062278923174,0.0021642114380706506,4.494427261473648,0.0008953125831806936,-0.02875545217629954,2,2
1641,1.64099999999993,hold,100.0,5.644212397880721,-0.0022148354595659114,1.0765723017268438,0.07657230172684382,-0.002157298110767268,4.49226996336288,0.0008949600256879703,0.05753734879864348,2,2
1642,1.64199999999993,hold,100.0,5.646396580912068,0.0021841830313471533,1.076587046749609,0.07658704674960903,0.0021555878531472642,4.494425551216028,0.0008946067775117399,-0.028595178199889056,2,2
1643,1.6429999999999298,hold,100.0,5.644190533487823,-0.002206047424245128,1.0765588172379057,0.0765588172379057,-0.0021486938838981575,4.49227685733213,0.0008942550786699299,0.057353540346970294,2,2
1644,1.6439999999999297,hold,100.0,5.646365967702919,0.002175434215096139,1.076573482098073,0.07657348209807302,0.002146998655972647,4.494423855988103,0.0008939026925620428,-0.02843555912349213,2,2
1645,1.6449999999999296,hold,100.0,5.644168673283023,-0.002197294419896245,1.0765453437791825,0.07654534377918254,-0.002140123970374708,4.492283732017728,0.000893551848756667,0.05717044952153723,2,2
1646,1.6459999999999295,hold,100.0,5.646335393584913,0.002166720301890024,1.076559928803834,0.07655992880383411,0.0021384437093478377,4.494422175727076,0.0008932003210881429,-0.028276592542186146,2,2
1647,1.6469999999999294,hold,100.0,5.644146817278417,-0.0021885763064961594,1.0765318813213038,0.07653188132130384,-0.0021315882332946026,4.492290587493781,0.0008928503287268838,0.0569880732015568,2,2
1648,1.6479999999999293,hold,100.0,5.6463048584307325,0.0021580411523158816,1.0765463868362366,0.0765463868362366,0.0021299228766142606,4.494420510370396,0.0008924996558909653,-0.028118275701620975,2,2
1649,1.6489999999999292,hold,100.0,5.644124965485865,-0.002179892944867312,1.0765184298350436,0.07651842983504364,-0.0021230865363044255,4.492297423834091,0.0008921505114035545,0.0568064085628866,2,2
1650,1.649999999999929,hold,100.0,5.646274362113907,0.0021493966280417,1.0765328561647463,0.07653285616474625,0.0021214360216716406,4.494418859855763,0.0008918006898154377,-0.02796060637005925,2,2
1651,1.650999999999929,hold,100.0,5.644103117917258,-0.002171244196649269,1.076504989291347,0.07650498929134697,-0.0021146187435981656,4.492304241112165,0.000891452389653403,0.05662545305110339,2,2
1652,1.6519999999999289,hold,100.0,5.64624390450785,0.0021407865905924695,1.076519336759033,0.07651933675903311,0.0021129830089505423,4.494417224121115,0.0008911034157502463,-0.027803581641927186,2,2
1653,1.6529999999999287,hold,100.0,5.64408127458461,-0.0021626299232400115,1.0764915596612437,0.07649155966124366,-0.002106184719908742,4.492311039401206,0.0008907559563867091,0.05644520333126937,2,2
1654,1.6539999999999286,hold,100.0,5.646213485487027,0.0021322109024168867,1.0765058285888631,0.07650582858886312,0.002104563703428765,4.494415603104635,0.000890407826627342,-0.027647198988121555,2,2
1655,1.6549999999999285,hold,100.0,5.644059435499819,-0.0021540499872081398,1.076478140915942,0.07647814091594207,-0.0020977843305101953,4.492317818774125,0.000890061204556918,0.056265656697944505,2,2
1656,1.6559999999999284,hold,100.0,5.646183104926441,0.002123669426621788,1.0764923316241466,0.07649233162414659,0.002096177970629465,4.494413996744754,0.0008897139154216024,-0.02749145599232304,2,2
1657,1.6569999999999283,hold,100.0,5.6440376006746495,-0.0021455042517910528,1.076464733026808,0.07646473302680801,-0.002089417441215208,4.4923245793035385,0.000889368127160198,0.05608681057584462,2,2
1658,1.6579999999999282,hold,100.0,5.6461527627014565,0.0021151620268069493,1.076478845835,0.07647884583500009,0.0020878256765879664,4.494412404980126,0.0008890216751506112,-0.02733635021898292,2,2
1659,1.658999999999928,hold,100.0,5.644015770121005,-0.0021369925804517464,1.0764513359652883,0.0764513359652883,-0.002081083918360348,4.492331321061766,0.0008886767172351906,0.055908662091398546,2,2
1660,1.659999999999928,hold,100.0,5.646122458688037,0.002106688567032222,1.076465371191621,0.076465371191621,0.0020795066879050576,4.494410827749671,0.0008883310988741092,-0.02718187912716455,2,2
1661,1.6609999999999279,hold,100.0,5.64399394385122,-0.0021285148368166418,1.0764379497030316,0.07643794970303164,-0.0020727836288359806,4.492338044120835,0.0008879869678626103,0.055731207980661175,2,2
1662,1.6619999999999278,hold,100.0,5.64609219276273,0.0020982489115093372,1.0764519076643573,0.07645190766435728,0.0020712208716917166,4.494409264992527,0.00088764217969382,-0.027028039817620676,2,2
1663,1.6629999999999276,hold,100.0,5.643972121876678,-0.002120070886051373,1.076424574211769,0.07642457421176907,-0.0020645164400442985,4.492344748552482,0.0008872988721649701,0.05555444600707435,2,2
1664,1.6639999999999275,hold,100.0,5.6460619648025165,0.002089842925838248,1.0764384552237198,0.07643845522371984,0.0020629680956006195,4.494407716648083,0.0008869549107530402,-0.026874830237628294,2,2
1665,1.6649999999999274,hold,100.0,5.643950304209411,-0.0021116605931057464,1.076411209463403,0.07641120946340307,-0.0020562822199262252,4.492351434428157,0.0008866124233061441,0.05537837317952116,2,2
1666,1.6659999999999273,hold,100.0,5.6460317746852,0.0020814704757894376,1.0764250138403584,0.07642501384035838,0.0020547482277979744,4.494406182655955,0.0008862692852362643,-0.02672224799146316,2,2
1667,1.6669999999999272,hold,100.0,5.643928490861577,-0.0021032838236232365,1.0763978554299476,0.07639785542994759,-0.00204808083694247,4.492358101819012,0.0008859276144910582,0.05520298668076646,2,2
1668,1.667999999999927,hold,100.0,5.646001622288549,0.0020731314269717416,1.0764115834850392,0.07641158348503918,0.00204656113699629,4.494404662956009,0.0008855852963689843,-0.026570289975451702,2,2
1669,1.668999999999927,hold,100.0,5.643906681844765,-0.002094940443783777,1.0763845120835611,0.07638451208356112,-0.002039912160086923,4.492364750795922,0.0008852444389654503,0.055028283696854134,2,2
1670,1.6699999999999269,hold,100.0,5.645971507491482,0.002064825646717061,1.0763981641286808,0.07639816412868083,0.0020384066924147137,4.494403157488336,0.0008849029374171735,-0.02641895430234749,2,2
1671,1.6709999999999268,hold,100.0,5.643884877171044,-0.0020866303204378767,1.0763711793965394,0.07637117939653937,-0.002031776058871679,4.492371381429464,0.0008845628900154525,0.054854261566197535,2,2
1672,1.6719999999999267,hold,100.0,5.645941430172927,0.0020565530018830103,1.0763847557423336,0.07638475574233361,0.0020302847638059276,4.49440166619327,0.0008842222016871343,-0.026268238077082652,2,2
1673,1.6729999999999265,hold,100.0,5.643863076852024,-0.0020783533209032257,1.0763578573412924,0.07635785734129241,-0.002023672403327656,4.492377993789942,0.0008838829609672473,0.05468091757556987,2,2
1674,1.6739999999999264,hold,100.0,5.645911390212791,0.00204831336076694,1.0763713582971932,0.07637135829719321,0.0020221952214273314,4.49440018901137,0.0008835430825250662,-0.02611813933960875,2,2
1675,1.6749999999999263,hold,100.0,5.643841280899768,-0.002070109313022428,1.0763445458903669,0.07634454589036688,-0.002015601064002257,4.492384587947368,0.00088320464518688,0.05450824902017079,2,2
1676,1.6759999999999262,hold,100.0,5.645881387491162,0.0020401065913935312,1.0763579717645742,0.07635797176457415,0.0020141379360734063,4.494398725883441,0.0008828655733168153,-0.0259686553201249,2,2
1677,1.676999999999926,hold,100.0,5.643819489326014,-0.002061898165147902,1.0763312450164673,0.07633124501646726,-0.0020075619119691046,4.4923911639714715,0.0008825279360797462,0.05433625317879725,2,2
1678,1.677999999999926,hold,100.0,5.645851421888645,0.0020319325626312335,1.0763445961159597,0.07634459611595967,0.0020061127790322467,4.494397276750504,0.0008821896674874499,-0.025819783598986755,2,2
1679,1.6789999999999259,hold,100.0,5.6437977021427175,-0.002053719745927829,1.0763179546923707,0.07631795469237068,-0.00199955481880429,4.4923977219317,0.0008818528270904518,0.054164927123538736,2,2
1680,1.6799999999999258,hold,100.0,5.64582149328665,0.002023791143932918,1.0763312313229283,0.0763312313229283,0.0019981196221347734,4.4943958415538345,0.0008815153585011083,-0.025671521798144737,2,2
1681,1.6809999999999257,hold,100.0,5.643775919361762,-0.0020455739248887994,1.0763046748910408,0.07630467489104076,-0.001991579656617084,4.492404261897217,0.0008811793117024202,0.05399426827171552,2,2
1682,1.6819999999999256,hold,100.0,5.645791601566799,0.00201568220503745,1.076317877357192,0.07631787735719198,0.001990158337702763,4.49439442023492,0.0008808426398605346,-0.025523867334687096,2,2
1683,1.6829999999999254,hold,100.0,5.643754140994522,-0.002037460572276828,1.076291405585519,0.07629140558551906,-0.001983636297997639,4.492410783936923,0.0008805073834375737,0.05382427427918883,2,2
1684,1.6839999999999253,hold,100.0,5.645761746611434,0.002007605616912045,1.0763045341906352,0.07630453419063521,0.0019822287985539508,4.494393012735477,0.0008801715051068861,-0.025376818358094095,2,2
1685,1.6849999999999252,hold,100.0,5.6437323670531825,-0.002029379558251776,1.076278146749007,0.07627814674900701,-0.001975724616052433,4.492417288119425,0.0008798370358560318,0.05365494219934305,2,2
1686,1.6859999999999251,hold,100.0,5.6457319283031095,0.001999561249927062,1.0762912017952144,0.07629120179521443,0.0019743308780455974,4.49439161899747,0.0008795019478193715,-0.025230371881464642,2,2
1687,1.686999999999925,hold,100.0,5.643710597549617,-0.002021330753492201,1.0762648983548009,0.07626489835480088,-0.0019678444844214984,4.492423774513049,0.0008791682625559135,0.05348626907070251,2,2
1688,1.687999999999925,hold,100.0,5.645702146525255,0.0019915489756376914,1.0762778801430528,0.07627788014305281,0.001966464450027413,4.494390238963076,0.0008788339616149424,-0.025084525610278262,2,2
1689,1.6889999999999248,hold,100.0,5.643688832495301,-0.002013314029953861,1.0762516603763534,0.07625166037635345,-0.00195999577721825,4.492430243185858,0.0008785010571728422,0.0533182527356112,2,2
1690,1.6899999999999247,hold,100.0,5.645672401161555,0.00198356866625371,1.0762645692064179,0.07626456920641789,0.0019586293888424755,4.4943888725747,0.0008781675401480135,-0.024939277411234473,2,2
1691,1.6909999999999246,hold,100.0,5.643667071902064,-0.002005329259491262,1.0762384327872252,0.0762384327872252,-0.0019521783690598085,4.49243669420564,0.0008778354133798476,0.05315089043145347,2,2
1692,1.6919999999999245,hold,100.0,5.645642692096104,0.001975620194039962,1.07625126895767,0.07625126895766998,0.0019508255693372512,4.494387519774977,0.000877502677110203,-0.02479462470271086,2,2
1693,1.6929999999999243,hold,100.0,5.643645315781694,-0.001997376314409216,1.0762252155610954,0.0762252155610954,-0.001944392135073118,4.492443127639905,0.0008771713248869088,0.052984179336098114,2,2
1694,1.6939999999999242,hold,100.0,5.645613019213722,0.0019677034320277897,1.0762379793692771,0.07623797936927712,0.0019430528668708334,4.494386180506775,0.000876839366230008,-0.024650565156956364,2,2
1695,1.6949999999999241,hold,100.0,5.643623564145908,-0.0019894550678145606,1.0762120086717641,0.07621200867176414,-0.0019366369508966059,4.492449543555879,0.0008765087854408191,0.05281811691795475,2,2
1696,1.695999999999924,hold,100.0,5.645583382399785,0.0019598182538773656,1.0762247004139158,0.07622470041391582,0.0019353111572948853,4.494384854713174,0.0008761776012724811,-0.024507096582480296,2,2
1697,1.696999999999924,hold,100.0,5.6436018170063145,-0.001981565393470497,1.0761988120931654,0.07619881209316537,-0.001928912692629605,4.492455942020545,0.0008758477888247365,0.05265270084089187,2,2
1698,1.6979999999999238,hold,100.0,5.64555378153966,0.0019519645333456737,1.0762114320642944,0.07621143206429437,0.0019276003169413662,4.494383542337486,0.0008755173760389994,-0.024364216404307477,2,2
1699,1.6989999999999237,hold,100.0,5.643580074374705,-0.001973707164955485,1.0761856257993254,0.07618562579932542,-0.001921219236902577,4.492462323100583,0.0008751883288580729,0.05248792805290789,2,2
1700,1.6999999999999236,hold,100.0,5.645524216519869,0.0019441421451640295,1.0761981742933184,0.07619817429331843,0.0019199202226681436,4.494382243323251,0.000874858684366967,-0.024221922495885936,2,2
1701,1.7009999999999235,hold,100.0,5.643558336262723,-0.0019658802571456135,1.07617244976442,0.07617244976442006,-0.001913556460824377,4.492468686862427,0.0008745303993960424,0.05232379632123655,2,2
1702,1.7019999999999234,hold,100.0,5.645494687226943,0.0019363509642200682,1.0761849270739623,0.0761849270739623,0.0019122707517863792,4.494380957614213,0.0008742015201294895,-0.02408021243368902,2,2
1703,1.7029999999999232,hold,100.0,5.643536602681954,-0.001958084544988914,1.0761592839627299,0.07615928396272986,-0.0019059242419662288,4.492475033372247,0.0008738739943294805,0.052160303022685164,2,2
1704,1.7039999999999231,hold,100.0,5.645465193547895,0.0019285908659405493,1.076171690379352,0.0761716903793519,0.0019046517821043958,4.494379685154351,0.0008735458772352272,-0.023939083836153462,2,2
1705,1.704999999999923,hold,100.0,5.6435148736441825,-0.0019503199037123053,1.0761461283686662,0.07614612836866619,-0.0018983224584210635,4.49248136269593,0.0008732191075845922,0.05199744529124184,2,2
1706,1.705999999999923,hold,100.0,5.645435735370541,0.0019208617263588579,1.0761584641827395,0.07615846418273953,0.0018970631919427961,4.494378425887873,0.0008728917496279422,-0.023798534416061754,2,2
1707,1.7069999999999228,hold,100.0,5.643493149160662,-0.0019425862098794155,1.076132982956719,0.076132982956719,-0.0018907509887701695,4.4924876748991025,0.0008725657331225831,0.051835221109246,2,2
1708,1.7079999999999227,hold,100.0,5.645406312582834,0.0019131634221718485,1.0761452484574676,0.07614524845746762,0.0018895048600880266,4.494377179759191,0.0008722391312863293,-0.023658562083821947,2,2
1709,1.7089999999999226,hold,100.0,5.64347142924336,-0.0019348833394738918,1.0761198477015244,0.07611984770152436,-0.0018832097120613186,4.492493970047129,0.0008719138649394941,0.05167362741257319,2,2
1710,1.7099999999999225,hold,100.0,5.645376925073512,0.001905495830151871,1.0761320431770491,0.07613204317704914,0.0018819766658152812,4.494375946712944,0.0008715880162237804,-0.023519164336589748,2,2
1711,1.7109999999999224,hold,100.0,5.643449713903674,-0.0019272111698374061,1.0761067225778338,0.0761067225778338,-0.0018756985078347867,4.4925002482051095,0.0008712634970658193,0.051512662002619475,2,2
1712,1.7119999999999223,hold,100.0,5.64534757273135,0.0018978588276752362,1.0761188483150514,0.07611884831505145,0.0018744784888817198,4.494374726693991,0.0008709383984880085,-0.02338033879351639,2,2
1713,1.7129999999999221,hold,100.0,5.643428003153026,-0.001919569578323177,1.07609360756051,0.07609360756051009,-0.0018682172561059526,4.492506509437885,0.0008706146235663494,0.051352322217224425,2,2
1714,1.713999999999922,hold,100.0,5.645318255446159,0.001890252293132555,1.076105663845214,0.076105663845214,0.0018670102095195832,4.494373519647405,0.0008702902721609087,-0.023242083612971722,2,2
1715,1.714999999999922,hold,100.0,5.6434062970032,-0.00191195844295855,1.0760805026245222,0.07608050262452215,-0.0018607658373755544,4.492512753810029,0.0008699672385398598,0.051192605582995675,2,2
1716,1.7159999999999218,hold,100.0,5.6452889731076485,0.0018826761044481444,1.0760924897413762,0.07609248974137617,0.0018595717084498166,4.494372325518479,0.0008696436313581344,-0.0231043959983278,2,2
1717,1.7169999999999217,hold,100.0,5.64338459546552,-0.0019043776421288072,1.0760674077449555,0.07606740774495546,-0.0018533441326186147,4.49251898138586,0.0008693213361188163,0.051033509510192525,2,2
1718,1.7179999999999216,hold,100.0,5.645259725606388,0.001875130140867931,1.0760793259774948,0.07607932597749478,0.001852162866859935,4.49437114425272,0.0008689984702290647,-0.02296727400799602,2,2
1719,1.7189999999999215,hold,100.0,5.643362898551501,-0.001896827054886252,1.076054322897001,0.07605432289700098,-0.0018459520232813446,4.492525192229439,0.0008686769104691961,0.05087503160490742,2,2
1720,1.7199999999999214,hold,100.0,5.6452305128334705,0.0018676142819691322,1.0760661725276188,0.07606617252761882,0.001844783566406382,4.494369975795846,0.0008683547829563325,-0.022830715562750053,2,2
1721,1.7209999999999213,hold,100.0,5.643341206272481,-0.00188930656098929,1.0760412480559602,0.07604124805596024,-0.0018385893912767966,4.492531386404569,0.0008680339557901898,0.050717169712493446,2,2
1722,1.7219999999999211,hold,100.0,5.6452013346796655,0.0018601284071841917,1.076053029365955,0.07605302936595493,0.0018374336892259245,4.494368820093795,0.0008677125637556882,-0.022694717958267243,2,2
1723,1.722999999999921,hold,100.0,5.643319518640126,-0.0018818160395390748,1.0760281831972793,0.07602818319727933,-0.0018312561190053124,4.49253756397479,0.0008673924663139295,0.05055992053376243,2,2
1724,1.723999999999921,hold,100.0,5.645172191037243,0.0018526723971170611,1.0760398964668068,0.07603989646680676,0.0018301131179317056,4.494367677092722,0.000867071806875666,-0.02255927918535551,2,2
1725,1.7249999999999208,hold,100.0,5.643297835665479,-0.0018743553717648354,1.0760151282964612,0.07601512829646118,-0.0018239520893295537,4.492543725003392,0.0008667524363052416,0.050403282435281624,2,2
1726,1.7259999999999207,hold,100.0,5.645143081798461,0.0018452461329827585,1.07602677380458,0.0760267738045799,0.0018228217355910521,4.494366546738983,0.0008664325065975056,-0.022424397391706402,2,2
1727,1.7269999999999206,hold,100.0,5.643276157360302,-0.0018669244381595007,1.0760020833291413,0.07600208332914127,-0.0018166771855698837,4.492549869553414,0.0008661138600614526,0.05024725258961698,2,2
1728,1.7279999999999205,hold,100.0,5.645114006855793,0.0018378494954909286,1.0760136613537987,0.07601366135379872,0.001815559425745396,4.494365428979159,0.0008657946572346415,-0.022290069745532597,2,2
1729,1.7289999999999204,hold,100.0,5.6432544837357534,-0.0018595231200393414,1.0759890482710839,0.07598904827108388,-0.0018094312915336837,4.492555997687625,0.0008654767319120943,0.05009182850565768,2,2
1730,1.7299999999999203,hold,100.0,5.645084966102512,0.0018304823667589787,1.0760005590891053,0.0760005590891053,0.0018083260724123561,4.4943643237600375,0.0008651582531327309,-0.02215629434662255,2,2
1731,1.7309999999999202,hold,100.0,5.643232814803078,-0.0018521512994347233,1.075976023098104,0.07597602309810392,-0.0018022142914752974,4.492562109468563,0.0008648410462186889,0.04993700795942598,2,2
1732,1.73199999999992,hold,100.0,5.645055959432061,0.0018231446289833642,1.0759874669852667,0.0759874669852667,0.0018011215600534836,4.494363231028616,0.0008645232886692058,-0.022023068929880603,2,2
1733,1.73299999999992,hold,100.0,5.643211150573641,-0.0018448088584204214,1.0759630077862017,0.07596300778620169,-0.0017950260701099247,4.492568204958506,0.0008642067973744458,0.04978278831049669,2,2
1734,1.7339999999999198,hold,100.0,5.6450269867386975,0.0018158361650568722,1.0759743850171173,0.07597438501711729,0.0017939457735866103,4.494362150732092,0.0008638897582531471,-0.021890391470261908,2,2
1735,1.7349999999999197,hold,100.0,5.643189491058795,-0.0018374956799025455,1.075950002311397,0.07595000231139704,-0.0017878665126167881,4.492574284219476,0.0008635739798041453,0.04962916728575733,2,2
1736,1.7359999999999196,hold,100.0,5.6449980479168325,0.0018085568580374911,1.0759613131596446,0.0759613131596446,0.0017867985984175514,4.4943610828178935,0.0008632576563249808,-0.02175825961993967,2,2
1737,1.7369999999999195,hold,100.0,5.643167836269573,-0.0018302116472597163,1.0759370066498979,0.07593700664989789,-0.001780735504637918,4.492580347313256,0.0008629425879637426,0.04947614262179839,2,2
1738,1.7379999999999194,hold,100.0,5.644969142861271,0.001801306591698193,1.0759482513879255,0.07594825138792549,0.0017796799203778938,4.4943600272336335,0.0008626269773563352,-0.021626671320299114,2,2
1739,1.7389999999999193,hold,100.0,5.64314618621732,-0.001822956643951379,1.075924020777964,0.0759240207779639,-0.0017736329322603768,4.492586394301373,0.0008623126163402881,0.04932371169100212,2,2
1740,1.7399999999999192,hold,100.0,5.644940271467565,0.0017940852502453808,1.0759351996771545,0.07593519967715445,0.0017725896257781164,4.494358983927151,0.0008619977158496959,-0.02149562446726442,2,2
1741,1.740999999999919,hold,100.0,5.643124540913272,-0.0018157305542931823,1.0759110446719522,0.0759110446719522,-0.0017665586820414948,4.4925924252451095,0.0008616840594516087,0.04917187225168752,2,2
1742,1.741999999999919,hold,100.0,5.644911433631233,0.0017868927179609528,1.0759221580026364,0.07592215800263635,0.0017655276013688243,4.494357952846478,0.0008613698663382482,-0.0213651165921285,2,2
1743,1.7429999999999188,hold,100.0,5.643102900368491,-0.0018085332627419959,1.0758980783083778,0.0758980783083778,-0.0017595126409733724,4.492598440205505,0.0008610569118460519,0.04902062176862344,2,2
1744,1.7439999999999187,hold,100.0,5.6448826292486425,0.0017797288801517652,1.075909126339747,0.07590912633974689,0.0017584937343567686,4.494356933939862,0.0008607434233856264,-0.021235145794996607,2,2
1745,1.7449999999999186,hold,100.0,5.643081264594238,-0.0018013646544048356,1.0758851216637813,0.07588512166378125,-0.0017524946965149244,4.4926044392433475,0.0008604311681023702,0.04886995788991127,2,2
1746,1.7459999999999185,hold,100.0,5.644853858216579,0.0017725936223413896,1.0758961046640338,0.07589610466403385,0.0017514879124079193,4.494355927155755,0.0008601183815856491,-0.021105709933470294,2,2
1747,1.7469999999999184,hold,100.0,5.643059633601384,-0.0017942246151951835,1.0758721747148945,0.07587217471489449,-0.0017455047365731713,4.492610422419182,0.0008598068228294062,0.048719878622012186,2,2
1748,1.7479999999999183,hold,100.0,5.644825120431837,0.001765486830453078,1.0758830929510919,0.07588309295109186,0.0017445100236255053,4.494354932442808,0.000859494735562248,-0.020976806827572657,2,2
1749,1.7489999999999182,hold,100.0,5.64303800740107,-0.0017871130307671734,1.0758592374384501,0.07585923743845013,-0.0017385426494894655,4.4926163897933185,0.0008591838706658411,0.04857038127770792,2,2
1750,1.749999999999918,hold,100.0,5.644796415791987,0.0017584083909172321,1.0758700911766679,0.07587009117666788,0.001737559956553348,4.494353949749872,0.0008588724799690087,-0.020848434363884012,2,2
1751,1.750999999999918,hold,100.0,5.643016386004357,-0.001780029787630255,1.0758463098113902,0.07584630981139018,-0.001731608324056057,4.4926223414258155,0.0008585623062801064,0.048421463574198007,2,2
1752,1.7519999999999178,hold,100.0,5.644767744195202,0.0017513581908454867,1.075857099316549,0.07585709931654905,0.0017306376001965484,4.494352979026012,0.0008582516094891458,-0.020720590648938293,2,2
1753,1.7529999999999177,hold,100.0,5.642994769422343,-0.0017729747728596479,1.0758333918106406,0.07583339181064064,-0.0017247016495165496,4.492628277376496,0.0008579421243700412,0.04827312334309826,2,2
1754,1.7539999999999176,hold,100.0,5.644739105539505,0.0017443361171620708,1.0758441173467033,0.07584411734670327,0.0017237428439882392,4.494352020220484,0.0008576321188351517,-0.0205932731738316,2,2
1755,1.7549999999999175,hold,100.0,5.642973157665847,-0.0017659478736575807,1.0758204834133391,0.07582048341333913,-0.001717822515537483,4.492634197704946,0.0008573233196627134,0.048125358120097585,2,2
1756,1.7559999999999174,hold,100.0,5.644710499723725,0.0017373420578783438,1.0758311452431573,0.07583114524315726,0.001716875577806407,4.494351073282753,0.0008570140027487421,-0.020466480071936865,2,2
1757,1.7569999999999173,hold,100.0,5.642951550745862,-0.0017589489778631062,1.075807584596635,0.07580758459663506,-0.0017109708122489697,4.492640102470504,0.0008567058869141922,0.04797816561413651,2,2
1758,1.7579999999999172,hold,100.0,5.64468192664723,0.001730375901368042,1.0758181829820193,0.07581818298201926,0.001710035691978673,4.494350138162482,0.0008563972560004489,-0.020340209389368893,2,2
1759,1.758999999999917,hold,100.0,5.642929948673441,-0.0017519779737895647,1.0757946953378166,0.07579469533781658,-0.0017041464302097829,4.492645991732273,0.000856089820909392,0.047831543579781796,2,2
1760,1.759999999999917,hold,100.0,5.6446533862092645,0.001723437535823713,1.0758052305395553,0.07580523053955535,0.0017032230772637377,4.494349214809536,0.0008557818733895688,-0.020214458559975317,2,2
1761,1.7609999999999169,hold,100.0,5.642908351459054,-0.0017450347502103725,1.0757818156142505,0.07578181561425046,-0.0016973492604121056,4.492651865549124,0.0008554751164618192,0.04768548979826683,2,2
1762,1.7619999999999167,hold,100.0,5.644624878310195,0.001716526851140543,1.0757922878920918,0.0757922878920918,0.001696437624851304,4.494348303173975,0.0008551678497438273,-0.02008922628923891,2,2
1763,1.7629999999999166,hold,100.0,5.642886759113968,-0.001738119196226684,1.075768945403432,0.07576894540343204,-0.001690579194289966,4.492657723979685,0.0008548617684133088,0.047540001936717924,2,2
1764,1.7639999999999165,hold,100.0,5.644596402850214,0.001709643736245603,1.0757793550160948,0.07577935501609478,0.001689679226370616,4.494347403206056,0.0008545551799193118,-0.019964509874986984,2,2
1765,1.7649999999999164,hold,100.0,5.642865171648865,-0.0017312312013482156,1.0757560846829115,0.0757560846829115,-0.0016838361237030987,4.492663567082353,0.0008542497716339768,0.047395077645116884,2,2
1766,1.7659999999999163,hold,100.0,5.644567959730111,0.0017027880812454654,1.0757664318880769,0.07576643188807686,0.0016829477738892118,4.494346514856242,0.0008539438588000902,-0.019840307356253646,2,2
1767,1.7669999999999162,hold,100.0,5.642843589074493,-0.0017243706556175908,1.0757432334303656,0.0757432334303656,-0.0016771199409442523,4.492669394915298,0.0008536391210218122,0.0472507146733385,2,2
1768,1.767999999999916,hold,100.0,5.64453954885129,0.0016959597767964851,1.0757535184846911,0.07575351848469114,0.0016762431598837208,4.494345638075182,0.0008533338812981711,-0.01971661691276428,2,2
1769,1.768999999999916,hold,100.0,5.642822011401394,-0.0017175374498954454,1.075730391623565,0.07573039162356499,-0.0016704305387421387,4.49267520753644,0.0008530298115026045,0.047106911153306764,2,2
1770,1.7699999999999159,hold,100.0,5.644511170115296,0.0016891587139014064,1.0757406147826525,0.07574061478265248,0.0016695652772901924,4.49434477281373,0.0008527252423532031,-0.01959343661121402,2,2
1771,1.7709999999999158,hold,100.0,5.642800438640758,-0.0017107314745379298,1.0757175592403323,0.0757175592403323,-0.001663767810248086,4.492681005003482,0.0008524218380297472,0.04696366428984374,2,2
1772,1.7719999999999156,hold,100.0,5.6444828234239175,0.0016823847831597405,1.0757277207588292,0.07572772075882916,0.0016629140194408538,4.494343919022923,0.0008521179369323198,-0.01947076371888669,2,2
1773,1.7729999999999155,hold,100.0,5.642778870802831,-0.0017039526210869127,1.0757047362586374,0.07570473625863738,-0.001657131649030418,4.492686787373893,0.0008518151955839639,0.04682097205649469,2,2
1774,1.7739999999999154,hold,100.0,5.644454508679987,0.0016756378771560776,1.0757148363901359,0.07571483639013588,0.0016562892801168087,4.49434307665401,0.0008515119600299095,-0.019348597039268913,2,2
1775,1.7749999999999153,hold,100.0,5.642757307898436,-0.0016972007815505563,1.0756919226565114,0.07569192265651137,-0.0016505219491075426,4.492692554704902,0.000851209879173139,0.04667883244301369,2,2
1776,1.7759999999999152,hold,100.0,5.644426225785979,0.0016689178875433086,1.0757019616536183,0.07570196165361831,0.0016496909535186058,4.494342245658421,0.000850907306667419,-0.01922693402470286,2,2
1777,1.776999999999915,hold,100.0,5.642735749938134,-0.0016904758478455406,1.0756791184120886,0.07567911841208863,-0.0016439386048984104,4.492698307053523,0.0008506058838322002,0.04653724294713022,2,2
1778,1.777999999999915,hold,100.0,5.644397974645486,0.0016622247073518892,1.0756890965263701,0.07568909652637013,0.0016431189342603356,4.494341425987783,0.0008503039718932334,-0.01910577309155361,2,2
1779,1.7789999999999149,hold,100.0,5.642714196932566,-0.0016837777129197207,1.075666323503604,0.07566632350360392,-0.00163738151125697,4.492704044476526,0.0008500032046227823,0.04639620166275071,2,2
1780,1.7799999999999148,hold,100.0,5.644369755161751,0.0016555582291850612,1.0756762409856337,0.07567624098563375,0.0016365731173928488,4.494340617593919,0.0008497019507823494,-0.01898511179221243,2,2
1781,1.7809999999999147,hold,100.0,5.642692648892153,-0.001677106269598383,1.0756535379093484,0.07565353790934837,-0.0016308505634495462,4.49270976703047,0.0008494018366331678,0.04625570614883671,2,2
1782,1.7819999999999145,hold,100.0,5.644341567238971,0.001648918346818462,1.0756633950087409,0.07566339500874086,0.0016300533983634236,4.494339820428833,0.000849101238436309,-0.018864948455038413,2,2
1783,1.7829999999999144,hold,100.0,5.642671105827597,-0.0016704614113738359,1.0756407616077603,0.07564076160776034,-0.0016243456571563963,4.492715474771677,0.0008488017749779624,0.04611575421743959,2,2
1784,1.7839999999999143,hold,100.0,5.6443134107814235,0.0016423049538261125,1.0756505585730833,0.07565055857308334,0.0016235596730526452,4.494339034444729,0.0008485018299829207,-0.018745280773467324,2,2
1785,1.7849999999999142,hold,100.0,5.642649567749082,-0.001663843032341461,1.0756279945773086,0.07562799457730862,-0.0016178666884795806,4.492721167756249,0.0008482030147980688,0.045976343861880466,2,2
1786,1.785999999999914,hold,100.0,5.644285285694045,0.0016357179449633108,1.075637731656169,0.07563773165616894,0.0016170918377469588,4.494338259593996,0.0008479037205761467,-0.018626107216352,2,2
1787,1.786999999999914,hold,100.0,5.642628034667249,-0.0016572510267964802,1.0756152367965888,0.07561523679658877,-0.0016114135539316927,4.492726846040064,0.0008476055512603622,0.04583747286478743,2,2
1788,1.7879999999999139,hold,100.0,5.644257191881827,0.0016291572145785693,1.0756249142355978,0.0756249142355978,0.0016106497891531007,4.4943374958292175,0.0008473069053958507,-0.018507425425468578,2,2
1789,1.7889999999999138,hold,100.0,5.642606506592547,-0.0016506852892801405,1.0756024882442736,0.07560248824427362,-0.0016049861504471733,4.4927325096787705,0.0008470093795575613,0.045699138832967216,2,2
1790,1.7899999999999137,hold,100.0,5.644229129250684,0.0016226226581368408,1.07561210628907,0.07561210628907,0.0016042334243949053,4.494336743103165,0.0008467113796476252,-0.018389233741935476,2,2
1791,1.7909999999999136,hold,100.0,5.642584983535054,-0.0016441457156304295,1.07558974889912,0.07558974889911996,-0.0015985843753684587,4.492738158727797,0.0008464144949080433,0.045561340261970895,2,2
1792,1.7919999999999134,hold,100.0,5.644201097706017,0.001616114170963634,1.075599307794365,0.07559930779436508,0.0015978426409970093,4.4943360013687945,0.0008461171385627027,-0.018271529966624664,2,2
1793,1.7929999999999133,hold,100.0,5.642563465505434,-0.0016376322005831057,1.075577018739974,0.07557701873997402,-0.0015922081264438403,4.492743793242351,0.00084582089255564,0.04542407413926533,2,2
1794,1.7939999999999132,hold,100.0,5.644173097154509,0.0016096316490745721,1.0755865187293494,0.0755865187293494,0.0015914773369010227,4.494335270579252,0.0008455241773976159,-0.018154312173549424,2,2
1795,1.794999999999913,hold,100.0,5.642541952513605,-0.0016311446409034147,1.0755642977457955,0.07556429774579554,-0.0015858573018300178,4.492749413277422,0.0008452285677695368,0.04528733907339694,2,2
1796,1.795999999999913,hold,100.0,5.644145127502857,0.0016031749892517766,1.0755737390719913,0.07557373907199127,0.0015851374104449562,4.494334550687867,0.0008449324914341182,-0.018037578806820442,2,2
1797,1.796999999999913,hold,100.0,5.642520444570096,-0.001624682932761523,1.0755515858955824,0.07555158589558242,-0.0015795318000941423,4.492755018887773,0.0008446375158439682,0.04515113266738077,2,2
1798,1.7979999999999128,hold,100.0,5.644117188657967,0.0015967440878714712,1.0755609688003451,0.07556096880034513,0.0015788227603850513,4.494333841648158,0.0008443420759790122,-0.017921327486419877,2,2
1799,1.7989999999999127,hold,100.0,5.642498941685,-0.0016182469729670856,1.0755388831684685,0.07553888316846846,-0.0015732315202041677,4.492760610127954,0.0008440477320980896,0.0450154527629179,2,2
1800,1.7999999999999126,hold,100.0,5.644089280527341,0.0015903388423410547,1.0755482078925662,0.07554820789256622,0.0015725332858731588,4.494333143413828,0.000843752926363922,-0.017805556467895927,2,2
1801,1.8009999999999124,hold,100.0,5.642477443868641,-0.0016118366587001276,1.0755261895436419,0.07552618954364188,-0.0015669563615309807,4.492766187052297,0.0008434592118758853,0.04488029716914689,2,2
1802,1.8019999999999123,hold,100.0,5.644061403018843,0.0015839591502020411,1.0755354563268866,0.07553545632688663,0.001566268886468887,4.494332455938766,0.0008431650379451434,-0.017690263733154132,2,2
1803,1.8029999999999122,hold,100.0,5.642455951130923,-0.0016054518879196067,1.0755135050003597,0.07551350500035969,-0.0015607062238560281,4.49277174971491,0.0008428719505458596,0.04474566406357854,2,2
1804,1.8039999999999121,hold,100.0,5.644033556040492,0.0015776049095688194,1.0755227140816328,0.0755227140816328,0.0015600294621323973,4.494331779177043,0.0008425784061034885,-0.01757544743642204,2,2
1805,1.804999999999912,hold,100.0,5.642434463482144,-0.0015990925583482252,1.0755008295180175,0.07550082951801751,-0.001554481007349747,4.492777298169693,0.0008422859435009599,0.04461155099847813,2,2
1806,1.805999999999912,hold,100.0,5.644005739501051,0.001571276018907497,1.0755099811352076,0.07550998113520757,0.0015538149132119413,4.494331113082905,0.0008419930262441015,-0.017461105695555687,2,2
1807,1.8069999999999118,hold,100.0,5.642412980932158,-0.0015927585688935153,1.0754881630760609,0.07548816307606088,-0.00154828061257801,4.4927828324703265,0.0008417011861583835,0.044477956315505315,2,2
1808,1.8079999999999117,hold,100.0,5.643977953309393,0.0015649723772348523,1.0754972574661252,0.07549725746612523,0.0015476251404731938,4.4943304576108,0.0008414088937962351,-0.017347236761658478,2,2
1809,1.8089999999999116,hold,100.0,5.642391503491181,-0.0015864498182116549,1.0754755056539969,0.07547550565399685,-0.0015421049405239177,4.492788352670276,0.0008411176739593631,0.044344877687737136,2,2
1810,1.8099999999999115,hold,100.0,5.643950197374693,0.0015586938835117081,1.0754845430529507,0.07548454305295071,0.0015414600450595005,4.4943298127153355,0.0008408260042131736,-0.01723383845220758,2,2
1811,1.8109999999999113,hold,100.0,5.642370031169183,-0.0015801662055094923,1.075462857231465,0.07546285723146506,-0.0015359538925373945,4.4927938588227985,0.0008405354023690989,0.044212312972097746,2,2
1812,1.8119999999999112,hold,100.0,5.643922471606783,0.0015524404375995005,1.0754718378743888,0.07547183787438883,0.0015353195285194008,4.494329178351318,0.0008402443529720308,-0.017120909080099635,2,2
1813,1.8129999999999111,hold,100.0,5.642348563975959,-0.0015739076308234345,1.0754502177881633,0.0754502177881633,-0.0015298273703877232,4.49279935098093,0.0008399543668764707,0.04408026043571135,2,2
1814,1.813999999999911,hold,100.0,5.643894775915537,0.0015462119395772689,1.0754591419091932,0.07545914190919323,0.0015292034927941102,4.494328554473724,0.0008396639355735441,-0.017008446783158642,2,2
1815,1.814999999999911,hold,100.0,5.642327101921481,-0.0015676739940557738,1.0754375873038533,0.0754375873038533,-0.001523725276219391,4.492804829197505,0.0008393745629939446,0.043948717836382815,2,2
1816,1.8159999999999108,hold,100.0,5.643867110211275,0.0015400082897940592,1.0754464551361687,0.07544645513616866,0.0015231118402055349,4.49432794103771,0.000839084747541908,-0.016896449588524362,2,2
1817,1.8169999999999107,hold,100.0,5.642305645015758,-0.0015614651955173642,1.0754249657584296,0.07542496575842961,-0.0015176475125705698,4.49281029352514,0.0008387959862573982,0.04381768294679442,2,2
1818,1.8179999999999106,hold,100.0,5.643839474404952,0.001533829389193997,1.0754337775343048,0.0754337775343048,0.001517044473478698,4.494327337998619,0.0008385067844247367,-0.016784915715298884,2,2
1819,1.8189999999999105,hold,100.0,5.642284193268454,-0.0015552811364978325,1.0754123531318063,0.07541235313180628,-0.0015115939823801797,4.492815744016238,0.0008382186322259548,0.04368715411765282,2,2
1820,1.8199999999999104,hold,100.0,5.643811868407557,0.001527675139103124,1.0754211090825923,0.07542110908259225,0.0015110012957237425,4.4943267453119615,0.0008379300417927372,-0.016673843379381558,2,2
1821,1.8209999999999102,hold,100.0,5.642262745996895,-0.0015491224106618517,1.0753997493738665,0.07539974937386651,-0.0015055652004237097,4.492821180111537,0.0008376424960360512,0.043557210238142054,1,2
1822,1.8219999999999101,hold,100.0,5.6437842926739705,0.0015215466770754915,1.0754084497311978,0.07540844973119776,0.0015049834441607172,4.494326163555698,0.0008373545140456093,-0.01656323291477431,2,2
1823,1.82299999999991,hold,100.0,5.642241303875478,-0.0015429887984925728,1.075387154474583,0.075387154474583,-0.0014995610686874728,4.4928266024870105,0.0008370675729450622,0.04342772980509999,1,2
1824,1.82399999999991,hold,100.0,5.6437567465503795,0.001515442674901557,1.0753957994806407,0.07539579948064068,0.0014989895692441415,4.494325592056255,0.0008367801979309191,-0.016453105657415583,2,2
1825,1.8249999999999098,hold,100.0,5.642219866941208,-0.0015368796091719261,1.0753745684293783,0.07537456842937829,-0.0014935808649781514,4.492832011191276,0.0008364938593417994,0.04329874419377474,1,2
1826,1.8259999999999097,hold,100.0,5.643729229956052,0.0015093630148443893,1.0753831583140632,0.07538315831406317,0.0014930195778532296,4.494325030769129,0.0008362070891263889,-0.016343436991159664,2,2
1827,1.8269999999999096,hold,100.0,5.642198435207857,-0.0015307947481950634,1.0753619912208552,0.07536199122085518,-0.0014876244937270862,4.492837406275402,0.0008359213508896888,0.04317025446797722,1,2
1828,1.8279999999999095,hold,100.0,5.6437017428060425,0.0015033075981856214,1.0753705262122097,0.07537052621220974,0.0014870733749465645,4.4943244796503485,0.0008356351833016353,-0.016234223239056968,2,2
1829,1.8289999999999094,hold,100.0,5.642177008686798,-0.0015247341192443642,1.0753494228303127,0.07534942283031265,-0.0014816918598248643,4.492842787790524,0.0008353500432666312,0.04304225941949985,1,2
1830,1.8299999999999093,hold,100.0,5.643674285014564,0.0014972763277656398,1.0753579031551719,0.07535790315517188,0.001481150865723812,4.4943239386562475,0.0008350644761442983,-0.016125462041827836,2,2
1831,1.8309999999999091,hold,100.0,5.642155587388533,-0.0015186976260306295,1.0753368632386384,0.07533686323863842,-0.0014757828685594274,4.492848155787688,0.0008347799321704958,0.042914757471202096,1,2
1832,1.831999999999909,hold,100.0,5.643646854115161,0.0014912667266280266,1.0753452890733466,0.07534528907334659,0.001475249674902883,4.494323405462591,0.0008344949631554272,-0.016017051725143595,1,2
1833,1.832999999999909,hold,100.0,5.642134173575141,-0.0015126805400198506,1.075324312407959,0.075324312407959,-0.0014698928548906602,4.4928535126077005,0.0008342110139575159,0.042787685129190435,1,2
1834,1.8339999999999088,hold,100.0,5.643619452395333,0.00148527882019156,1.0753326839857482,0.07533268398574822,0.0014693697129673517,4.494322882320668,0.0008339266411008282,-0.015909107224208394,1,2
1835,1.8349999999999087,hold,100.0,5.642112764986957,-0.0015066874083755621,1.0753117703348933,0.07531177033489334,-0.001464026321086918,4.492858855999581,0.0008336432837064493,0.04266108728864424,1,2
1836,1.8359999999999086,hold,100.0,5.643592079786358,0.001479314799400555,1.0753200878813833,0.07532008788138334,0.0014635131866358746,4.494322369186216,0.0008333595048971267,-0.01580161276468054,1,2
1837,1.8369999999999085,hold,100.0,5.642091361637963,-0.0015007181483950305,1.0752992370025776,0.07529923700257757,-0.001458183172984033,4.492864186013232,0.0008330767372024451,0.042534975410997516,1,2
1838,1.8379999999999084,hold,100.0,5.643564736205123,0.001473374567160235,1.0753075007413637,0.07530750074136372,0.0014576800029183557,4.494321866016151,0.0008327935503242705,-0.015694564241879254,1,2
1839,1.8389999999999083,hold,100.0,5.642069963538758,-0.0014947726663647742,1.0752867123924708,0.07528671239247076,-0.0014523633173144134,4.492869502698836,0.000832511370232855,0.04240934905036086,1,2
1840,1.8399999999999082,hold,100.0,5.643537421567148,0.0014674580283893235,1.0752949225460786,0.07529492254607861,0.0014518700688196306,4.494321372767656,0.0008322287731787212,-0.015587959569692868,1,2
1841,1.840999999999908,hold,100.0,5.642048570699333,-0.001488850867814584,1.0752741964857753,0.07527419648577527,-0.0014465666611861107,4.49287480610647,0.000831947178604123,0.0422842066284733,1,2
1842,1.841999999999908,hold,100.0,5.643510135787796,0.0014615650884630682,1.0752823532756899,0.07528235327568988,0.001446083291631843,4.494320889398102,0.0008316651692771941,-0.015481796831225266,1,2
1843,1.8429999999999078,hold,100.0,5.6420271831295254,-0.0014829526582706976,1.0752616892635571,0.07526168926355714,-0.0014407931120430243,4.492880096286059,0.0008313841581432794,0.04215954622767328,1,2
1844,1.8439999999999077,hold,100.0,5.643482878782603,0.001455695653077349,1.0752697929103896,0.0752697929103896,0.0014403195789957236,4.4943204158650545,0.0008311027344571851,-0.015376074081625488,1,2
1845,1.8449999999999076,hold,100.0,5.642005800838937,-0.0014770779436661385,1.0752491907069555,0.07524919070695546,-0.0014350425777133057,4.492885373287341,0.0008308223046982443,0.042035365952832866,1,2
1846,1.8459999999999075,hold,100.0,5.643455650467414,0.0014498496284769402,1.0752572414303678,0.07525724143036783,0.0014345788389059683,4.494319952126247,0.0008305414645771318,-0.015270789570971926,1,2
1847,1.8469999999999074,hold,100.0,5.6419844238371,-0.0014712266303131827,1.0752367007970638,0.0752367007970638,-0.001429314966377239,4.49289063715987,0.0008302616141378818,0.04191166393594371,1,2
1848,1.8479999999999073,hold,100.0,5.643428450758104,0.0014440269210034273,1.0752446988158624,0.07524469881586238,0.0014288609797231857,4.494319498139593,0.0008299813555163243,-0.015165941280241612,1,2
1849,1.8489999999999072,hold,100.0,5.641963052133237,-0.0014653986248669426,1.0752242195150652,0.0752242195150652,-0.0014236101865909036,4.492895887953002,0.0008297020823518252,0.04178843827603901,1,2
1850,1.849999999999907,hold,100.0,5.6434012795711475,0.0014382274379105553,1.0752321650471395,0.07523216504713948,0.001423165910173236,4.494319053863175,0.0008294224031748829,-0.015061527737319363,1,2
1851,1.850999999999907,hold,100.0,5.641941685736709,-0.0014595938344381665,1.075211746842181,0.0752117468421809,-0.001417928147258126,4.4929011257159175,0.0008291437052505307,0.04166568718004049,1,2
1852,1.8519999999999068,hold,100.0,5.643374136823173,0.0014324510864636153,1.075219640104575,0.07521964010457505,0.0014174935393376949,4.494318619255255,0.000828864603473556,-0.014957547125920428,1,2
1853,1.8529999999999067,hold,100.0,5.641920324656724,-0.001453812166448465,1.0751992827596912,0.07519928275969123,-0.001412268757677637,4.492906350497577,0.0008285864787650222,0.041543408770827954,1,2
1854,1.8539999999999066,hold,100.0,5.643347022431037,0.0014266977743124798,1.0752071239685432,0.07520712396854323,0.0014118437766689302,4.494318194274246,0.0008283079523537031,-0.014853997643549588,1,2
1855,1.8549999999999065,hold,100.0,5.641898968902464,-0.0014480535285725793,1.0751868272489566,0.07518682724895664,-0.0014066319274760517,4.49291156234677,0.000828030398846856,0.04142160109652762,1,2
1856,1.8559999999999064,hold,100.0,5.643319936312034,0.0014209674095697622,1.0751946166195523,0.07519461661955229,0.0014062165319884262,4.4943177788787585,0.0008277524457771513,-0.014750877581335949,1,2
1857,1.8569999999999063,hold,100.0,5.6418776184831545,-0.0014423178288796024,1.0751743802913676,0.07517438029136758,-0.0014010175666797687,4.492916761312078,0.0008274754614679596,0.04130026219983365,1,2
1858,1.8579999999999062,hold,100.0,5.6432928783836775,0.001415259900523047,1.0751821180381282,0.07518211803812824,0.001400611715464341,4.494317373027543,0.0008271980797259935,-0.014648185058706124,1,2
1859,1.858999999999906,hold,100.0,5.641856273407464,-0.0014366049762131183,1.075161941868425,0.07516194186842506,-0.0013954255856423012,4.492921947441901,0.0008269216626205548,0.04117939057081713,1,2
1860,1.859999999999906,hold,100.0,5.643265848563919,0.0014095751564546788,1.0751696282049066,0.07516962820490658,0.0013950292376252752,4.494316976679526,0.0008266448502025507,-0.014545918829403544,1,2
1861,1.8609999999999058,hold,100.0,5.641834933684892,-0.0014309148790268011,1.075149511961657,0.07514951196165698,-0.0013898558950837473,4.492927120784443,0.0008263689983169257,0.04105898394305384,1,2
1862,1.8619999999999057,hold,100.0,5.643238846770792,0.0014039130859000437,1.0751571471005772,0.07515714710057719,0.0013894690093522771,4.494316589793795,0.0008260927532291888,-0.014444076547766565,1,2
1863,1.8629999999999056,hold,100.0,5.641813599324086,-0.0014252474467060239,1.075137090552688,0.07513709055268802,-0.0013843084060802572,4.492932281387715,0.0008258174645894159,0.04093904062576668,1,2
1864,1.8639999999999055,hold,100.0,5.643211872922986,0.0013982735988999906,1.0751446747058966,0.07514467470589659,0.0013839309418946818,4.494316212329609,0.0008255417848482169,-0.014342657005308752,1,2
1865,1.8649999999999054,hold,100.0,5.641792270333945,-0.001419602589041169,1.0751246776231898,0.07512467762318975,-0.0013787830300670796,4.492937429299542,0.0008252670574901989,0.040819558974089336,1,2
1866,1.8659999999999053,hold,100.0,5.643184926939233,0.0013926566052875344,1.0751322110016877,0.07513221100168765,0.0013784149468437168,4.494315844246386,0.000824991941121718,-0.014241658443817605,1,2
1867,1.8669999999999052,hold,100.0,5.64177094672359,-0.0014139802156423187,1.075112273154914,0.07511227315491409,-0.0013732796788376621,4.4929425645675485,0.0008247177730911929,0.040700536804656566,1,2
1868,1.867999999999905,hold,100.0,5.643158008738673,0.0013870620150822077,1.0751197559688845,0.07511975596888454,0.0013729209361629843,4.494315485503711,0.0008244432181314815,-0.014141078919223437,1,2
1869,1.868999999999905,hold,100.0,5.641749628501565,-0.0014083802371072096,1.0750998771296858,0.0750998771296858,-0.0013677982645319794,4.492947687239179,0.000824169607483925,0.04058197257523024,1,2
1870,1.8699999999999048,hold,100.0,5.6431311182407455,0.001381489739180175,1.0751073095884525,0.07510730958845246,0.0013674488221478956,4.494315136061327,0.000823895611978823,-0.014040917032279426,1,2
1871,1.8709999999999047,hold,100.0,5.641728315676895,-0.0014028025638506136,1.0750874895293958,0.07508748952939581,-0.0013623386996349017,4.492952797361692,0.0008236225567793804,0.04046386421571193,1,2
1872,1.8719999999999046,hold,100.0,5.643104255365173,0.0013759396882777608,1.0750948718414381,0.07509487184143815,0.00136199851744677,4.494314795879139,0.0008233491187844878,-0.0139411708309908,1,2
1873,1.8729999999999045,hold,100.0,5.641707008258246,-0.001397247106926791,1.0750751103359948,0.07507511033599479,-0.0013569008969941657,4.492957894982145,0.0008230766171079024,0.04034620993262545,1,2
1874,1.8739999999999044,hold,100.0,5.6430774200323075,0.0013704117740616084,1.0750824427089651,0.07508244270896514,0.0013565699350691557,4.494314464917214,0.0008228037346884562,-0.013841838992452666,1,2
1875,1.8749999999999043,hold,100.0,5.641685706254179,-0.0013917137781280786,1.0750627395315102,0.07506273953151021,-0.001351484769794288,4.49296298014742,0.0008225317846191261,0.0402290083337906,1,2
1876,1.8759999999999042,hold,100.0,5.643050612162132,0.0013649059079527959,1.0750700221722351,0.07507002217223513,0.0013511629883598256,4.49431414313578,0.0008222594558499203,-0.013742919592970313,1,2
1877,1.876999999999904,hold,100.0,5.641664409673544,-0.0013862024885877844,1.075050377098024,0.07505037709802398,-0.0013460902315671586,4.492968052904213,0.0008219880554816673,0.04011225702062583,1,2
1878,1.877999999999904,hold,100.0,5.643023831675607,0.0013594220020625158,1.0750576102124911,0.07505761021249113,0.0013457775910128875,4.4943138304952255,0.0008217162784471016,-0.013644411049628302,1,2
1879,1.8789999999999039,hold,100.0,5.641643118524667,-0.0013807131509402382,1.075038023017721,0.075038023017721,-0.0013407171962060208,4.492973113299019,0.000821445425883193,0.03999595473421738,1,2
1880,1.8799999999999037,hold,100.0,5.642997078493568,0.0013539599689016413,1.0750452068111058,0.07504520681110582,0.0013404136570800576,4.494313526956099,0.0008211741986771084,-0.013546311821583659,1,2
1881,1.8809999999999036,hold,100.0,5.641621832816315,-0.0013752456772531119,1.0750256772727835,0.07502567727278353,-0.001335365577932317,4.492978161378167,0.0008209038920301965,0.03988009932079481,1,2
1882,1.8819999999999035,hold,100.0,5.642970352537504,0.0013485197211888789,1.0750328119494488,0.07503281194944877,0.0013350711009380792,4.494313232479104,0.0008206332127558611,-0.013448620250799612,1,2
1883,1.8829999999999034,hold,100.0,5.6416005525571045,-0.0013697999803996552,1.0750133398455581,0.07501333984555814,-0.0013300352913167438,4.492983197187788,0.0008203634501479175,0.03976468908291147,1,2
1884,1.8839999999999033,hold,100.0,5.642943653728995,0.001343101171890737,1.0750204256089975,0.07502042560899747,0.0013297498373169398,4.494312947025104,0.0008200933169179152,-0.013351334573797257,1,2
1885,1.8849999999999032,hold,100.0,5.641579277755408,-0.001364375973587073,1.075001010718344,0.07500101071834409,-0.001324726251259958,4.492988220773844,0.000819824096480126,0.03964972232711511,1,2
1886,1.885999999999903,hold,100.0,5.642916981989869,0.0013377042344604462,1.0750080477713244,0.07500804777132442,0.0013244497812655936,4.49431267055511,0.0008195545074164039,-0.013254453194852609,1,2
1887,1.886999999999903,hold,100.0,5.641558008419578,-0.0013589735702908001,1.0749886898736316,0.07498868987363161,-0.0013194383730044115,4.492993232182106,0.0008192858272891806,0.039535197286388664,1,2
1888,1.8879999999999029,hold,100.0,5.642890337242257,0.0013323288226789742,1.0749956784180221,0.07499567841802213,0.001319170848201,4.494312403030307,0.0008190167805228358,-0.013157974477974194,1,2
1889,1.8889999999999028,hold,100.0,5.641536744558103,-0.0013535926841541368,1.0749763772938505,0.07497637729385054,-0.001314171572144873,4.492998231458162,0.000818748638855708,0.03942111200926383,1,2
1890,1.8899999999999026,hold,100.0,5.642863719409007,0.0013269748509046053,1.0749833175307812,0.07498331753078125,0.0013139129538569715,4.494312144412019,0.0008184801325270677,-0.01306189704763385,1,2
1891,1.8909999999999025,hold,100.0,5.641515486179404,-0.0013482332296028687,1.0749640729616017,0.07496407296160168,-0.0013089257646026079,4.4930032186474165,0.0008182125274786417,0.03930746500026088,1,2
1892,1.8919999999999024,hold,100.0,5.642837128412694,0.001321642233289566,1.074970965091348,0.07497096509134793,0.001308676014325752,4.494311894661743,0.0008179445597371142,-0.0129662189638142,1,2
1893,1.8929999999999023,hold,100.0,5.641494233291612,-0.0013428951210823215,1.0749517768595032,0.07495177685950316,-0.0013037008666421399,4.4930081937951005,0.0008176774894750014,0.03919425444018159,1,2
1894,1.8939999999999022,hold,100.0,5.6428105641766155,0.0013163308850039357,1.0749586210815578,0.07495862108155782,0.0013034599460146111,4.494311653741115,0.0008174100584790266,-0.012870938989324558,1,2
1895,1.894999999999902,hold,100.0,5.641472985903061,-0.0013375782735547403,1.0749394889702146,0.07493948897021463,-0.0012984967948612386,4.493013156946254,0.0008171435211798097,0.03908147869350177,1,2
1896,1.895999999999902,hold,100.0,5.6427840266241045,0.0013110407210437103,1.0749462854832892,0.07494628548328919,0.0012982646656853206,4.494311421611939,0.0008168766250968818,-0.01277605535838968,1,2
1897,1.8969999999999019,hold,100.0,5.641451744022088,-0.0013322826020161216,1.074927209276509,0.07492720927650898,-0.0012933134661848966,4.493018108145754,0.0008166106189460225,0.03896913583122498,1,2
1898,1.8979999999999018,hold,100.0,5.642757515678692,0.001305771656603838,1.0749339582785167,0.07493395827851668,0.0012930900904028326,4.494311198236157,0.0008163442559524897,-0.012681566201005415,1,2
1899,1.8989999999999017,hold,100.0,5.641430507656761,-0.0013270080219314195,1.0749149377612153,0.07491493776121527,-0.0012881507978689834,4.493023047438288,0.0008160787791442854,0.038857224062436135,1,2
1900,1.8999999999999015,hold,100.0,5.642731031264718,0.0013005236079575155,1.0749216394492285,0.07492163944922847,0.0012879361375884007,4.494310983575876,0.0008158129474254771,-0.012587470369114853,1,2
1901,1.9009999999999014,hold,100.0,5.6414092768152635,-0.001321754449454815,1.0749026744071817,0.07490267440718168,-0.0012830087075149958,4.493027974868362,0.000815547998163017,0.03874574193981923,1,2
1902,1.9019999999999013,hold,100.0,5.642704573306338,0.0012952964910741827,1.0749093289775415,0.07490932897754154,0.0012828027249925345,4.494310777593355,0.0008152826959129792,-0.012493766081648127,1,2
1903,1.9029999999999012,hold,100.0,5.641388051505699,-0.0013165218006383483,1.0748904191973767,0.07489041919737671,-0.0012778871130315038,4.493032890480323,0.0008150182724080844,0.038634687606844575,1,2
1904,1.903999999999901,hold,100.0,5.642678141728047,0.0012900902223478283,1.0748970268455968,0.07489702684559685,0.0012776897706714778,4.494310580250994,0.0008147534978297017,-0.012400451676350486,1,2
1905,1.904999999999901,hold,100.0,5.641366831735977,-0.0013113099920705196,1.0748781721147855,0.07487817211478554,-0.0012727859326746725,4.49303779431832,0.0008144895983028376,0.03852405939584703,1,2
1906,1.9059999999999009,hold,100.0,5.642651736454974,0.0012849047189975593,1.074884733035646,0.07488473303564591,0.0012725971930420204,4.494310391511362,0.0008142253496076505,-0.012307525955538917,1,2
1907,1.9069999999999008,hold,100.0,5.641345617514382,-0.0013061189405920715,1.0748659331424997,0.07486593314249967,-0.0012677050850171026,4.493042686426344,0.0008139619722879109,0.03841385557496889,1,2
1908,1.9079999999999007,hold,100.0,5.6426253574121334,0.0012797398977513197,1.0748724475299578,0.07487244752995781,0.0012675249108188582,4.494310211337163,0.0008136982476961322,-0.012214986932461511,1,2
1909,1.9089999999999006,hold,100.0,5.641324408848633,-0.0013009485635002704,1.074853702263622,0.07485370226362198,-0.0012626444889599563,4.493047566848204,0.0008134353908211915,0.0383040745403141,1,2
1910,1.9099999999999004,hold,100.0,5.642599004525064,0.0012745956764304012,1.0748601703108769,0.07486017031087688,0.0012624728430469948,4.494310039691251,0.0008131721885616354,-0.012122833383406383,1,2
1911,1.9109999999999003,hold,100.0,5.641303205746913,-0.0012957987781510028,1.0748414794613845,0.07484147946138453,-0.0012576040637149715,4.493052435627535,0.0008129098503776366,0.038194714436031243,1,2
1912,1.9119999999999002,hold,100.0,5.642572677719544,0.0012694719726313863,1.0748479013608527,0.07484790136085273,0.001257440909109694,4.494309876536645,0.0008126471686876433,-0.012031063521692267,1,2
1913,1.9129999999999001,hold,100.0,5.641282008216853,-0.0012906695026906334,1.0748292647190159,0.07482926471901585,-0.0012525837288565134,4.493057292807789,0.0008123853474492037,0.03808577383412003,1,2
1914,1.9139999999999,hold,100.0,5.642546376921542,0.001264368704688934,1.07483564066234,0.07483564066234005,0.0012524290287098372,4.4943097218364985,0.0008121231845746239,-0.01193967597909679,1,2
1915,1.9149999999999,hold,100.0,5.641260816266273,-0.0012855606552690801,1.074817058019827,0.07481705801982708,-0.0012475834042293419,4.493062138432269,0.0008118618785447211,0.03797725103973828,1,2
1916,1.9159999999998998,hold,100.0,5.642520102057397,0.0012592857911242206,1.074823388197922,0.07482338819792189,0.0012474371218530148,4.494309575554122,0.0008116002327398032,-0.011848669271205797,1,2
1917,1.9169999999998997,hold,100.0,5.641239629903184,-0.0012804721542130082,1.0748048593472164,0.07480485934721637,-0.0012426030100397495,4.493066972544082,0.0008113394401898015,0.03786914417325867,1,2
1918,1.9179999999998996,hold,100.0,5.642493853053678,0.0012542231504939494,1.0748111439501855,0.07481114395018551,0.0012424651088883683,4.494309437652971,0.0008110783097172031,-0.011758041605581127,1,2
1919,1.9189999999998995,hold,100.0,5.641218449135363,-0.0012754039183153765,1.074792668684618,0.07479266868461809,-0.0012376424667973074,4.493071795186173,0.0008108180289267334,0.03776145151806912,1,2
1920,1.9199999999998993,hold,100.0,5.642467629837484,0.001249180702121322,1.0747989079018205,0.07479890790182053,0.0012375129104695755,4.494309308096643,0.0008105574120574287,-0.011667791651746471,1,2
1921,1.9209999999998992,hold,100.0,5.641197273970254,-0.001270355867230677,1.074780486015519,0.07478048601551901,-0.0012327016953162905,4.493076606401327,0.0008102976413143103,0.0376541719143864,1,2
1922,1.9219999999998991,hold,100.0,5.642441432335631,0.0012441583653775012,1.0747866800355563,0.07478668003555633,0.0012325804475614584,4.494309186848888,0.0008100375363275695,-0.011577917816042813,1,2
1923,1.922999999999899,hold,100.0,5.64117610441574,-0.0012653279198913125,1.0747683113234914,0.07476831132349138,-0.0012277806167393412,4.4930814062321485,0.0008097782739278812,0.03754730315197138,1,2
1924,1.923999999999899,hold,100.0,5.642415260475991,0.0012391560602509344,1.074774460334201,0.0747744603342011,0.00122766764144541,4.494309073873594,0.0008095186791111418,-0.011488418805524368,1,2
1925,1.9249999999998988,hold,100.0,5.641154940479419,-0.0012603199965717238,1.0747561445921494,0.07475614459214941,-0.001222879152519747,4.493086194721074,0.0008092599233590651,0.037440844051976875,1,2
1926,1.9259999999998987,hold,100.0,5.642389114185987,0.00123417370656842,1.0747622487806354,0.07476224878063542,0.001222774413731835,4.4943089691348055,0.0008090008370079597,-0.011399292836584887,1,2
1927,1.9269999999998986,hold,100.0,5.641133782168737,-0.0012553320172505877,1.0747439858051808,0.07474398580518082,-0.0012179972244402845,4.493090971910365,0.0008087425862157724,0.03733479281030328,1,2
1928,1.9279999999998985,hold,100.0,5.642362993393675,0.0012292112249383536,1.0747500453577665,0.07475004535776653,0.001217900686341925,4.494308872596707,0.0008084840066340467,-0.011310538596428577,1,2
1929,1.9289999999998984,hold,100.0,5.641112629491417,-0.0012503639022583002,1.0747318349462858,0.07473183494628577,-0.0012131347545753322,4.493095737842132,0.0008082262591220258,0.03722914768296802,1,2
1930,1.9299999999998982,hold,100.0,5.642336898027524,0.0012242685361067984,1.0747378500486142,0.07473785004861422,0.0012130463814960133,4.494308784223628,0.0008079681846215091,-0.01122215461078508,1,2
1931,1.9309999999998981,hold,100.0,5.6410914824548914,-0.001245415572632247,1.0747196919993112,0.07471969199931117,-0.0012082916653240953,4.493100492558304,0.0008077109387179094,0.037123907308151585,1,2
1932,1.931999999999898,hold,100.0,5.64231082801589,0.0012193455609983417,1.0747256628362043,0.0747256628362043,0.0012082114217355148,4.494308703980039,0.0008074533676184702,-0.011134139262826848,1,2
1933,1.932999999999898,hold,100.0,5.641070341066627,-0.001240486949262376,1.0747075569480922,0.07470755694809217,-0.0012034678793907815,4.493105236100648,0.00080719662165948,0.03701906987159452,1,2
1934,1.9339999999998978,hold,100.0,5.642284783287563,0.0012144422209354744,1.074713483703658,0.07471348370365805,0.0012033957299157423,4.494308631830564,0.0008069395522888799,-0.011046491019732051,1,2
1935,1.9349999999998977,hold,100.0,5.641049205333997,-0.0012355779535662137,1.0746954297765328,0.07469542977653276,-0.0011986633198072226,4.4931099685107565,0.000806683304618606,0.03691463375899112,1,2
1936,1.9359999999998976,hold,100.0,5.6422587637718244,0.0012095584378277735,1.074701312634165,0.07470131263416491,0.001198599229202844,4.494308567739959,0.000806426735312561,-0.010959208624929453,1,2
1937,1.9369999999998975,hold,100.0,5.641028075264403,-0.0012306885074213625,1.0746833104686258,0.07468331046862575,-0.001193877909882432,4.493114689830077,0.0008061709842828784,0.036810597538930415,1,2
1938,1.9379999999998974,hold,100.0,5.642232769397943,0.001204694133539519,1.074689149610945,0.07468914961094497,0.0011938218430492735,4.494308511673126,0.0008059149133849668,-0.010872290490245452,1,2
1939,1.9389999999998973,hold,100.0,5.641006950865172,-0.001225818532770262,1.074671199008361,0.07467119900836106,-0.0011891115732494645,4.493119400099877,0.0008056596573555708,0.036706959520797514,1,2
1940,1.9399999999998971,hold,100.0,5.642206800095687,0.001199849230514971,1.0746769946173025,0.07467699461730248,0.0011890634952226996,4.494308463595099,0.0008054040832172181,-0.010785735292271432,1,2
1941,1.940999999999897,hold,100.0,5.640985832143669,-0.0012209679520180927,1.0746590953798718,0.07465909537987181,-0.001184364233831447,4.4931240993612676,0.000805149320555527,0.03660371818664564,1,2
1942,1.941999999999897,hold,100.0,5.6421808557947895,0.0011950236511202306,1.074664847636589,0.07466484763658898,0.0011843241098060612,4.4943084234710735,0.0008048942415358448,-0.010699541314169352,1,2
1943,1.9429999999998968,hold,100.0,5.640964719106919,-0.0012161366878702395,1.0746469995672665,0.0746469995672665,-0.0011796358158802536,4.493128787655193,0.0008046399706169687,0.03650087198998593,1,2
1944,1.9439999999998967,hold,100.0,5.642154936425379,0.0011902173184594744,1.0746527086522353,0.07465270865223528,0.0011796036111704508,4.4943083912663635,0.0008043853850828736,-0.010613707289023602,1,2
1945,1.9449999999998966,hold,100.0,5.640943611762367,-0.0012113246630116592,1.07463491155476,0.07463491155475999,-0.0011749262439343178,4.493133465022429,0.0008041316042895466,0.03639841907734139,1,2
1946,1.9459999999998965,hold,100.0,5.642129041918125,0.0011854301557576719,1.0746405776477013,0.07464057764770127,0.0011749019240164013,4.494308366946445,0.0008038775106155723,-0.010528231741270587,1,2
1947,1.9469999999998964,hold,100.0,5.640922510117086,-0.0012065318010385795,1.0746228313266033,0.0746228313266033,-0.001170235442829161,4.493138131503616,0.0008036242183381024,0.03629635820941841,1,2
1948,1.9479999999998963,hold,100.0,5.642103172203661,0.0011806620865746353,1.0746284546065439,0.07462845460654388,0.0011702189732913832,4.494308350476907,0.0008033706149064381,-0.01044311328325209,1,2
1949,1.9489999999998961,hold,100.0,5.640901414178009,-0.0012017580256520333,1.0746107588671112,0.07461075886711122,-0.0011655633377097687,4.493142787139197,0.0008031178095427083,0.036194687942264596,1,2
1950,1.949999999999896,hold,100.0,5.6420773272127605,0.00117591303475173,1.0746163395123343,0.07461633951233426,0.0011655546843037821,4.494308341823501,0.0008028646947431053,-0.010358350447947813,1,2
1951,1.950999999999896,hold,100.0,5.640880323952617,-0.0011970032601436031,1.074598694160675,0.0745986941606751,-0.0011609098540198723,4.493147431969481,0.0008026123746984547,0.036093406123730847,1,2
1952,1.9519999999998958,hold,100.0,5.642051506876873,0.001171182924256442,1.0746042323487393,0.07460423234873925,0.0011609089826295155,4.49430834095211,0.0008023597469281661,-0.010273941626926485,1,2
1953,1.9529999999998957,hold,100.0,5.640859239447592,-0.0011922674292810242,1.0745866371916628,0.07458663719166281,-0.0011562749175131825,4.493152066034597,0.000802107910615419,0.035992511767841746,1,2
1954,1.9539999999998956,hold,100.0,5.642025711127493,0.0011664716799009156,1.0745921330994652,0.07459213309946522,0.0011562817941578355,4.494308347828754,0.0008018557682792822,-0.010189885743080085,1,2
1955,1.9549999999998955,hold,100.0,5.64083816067008,-0.0011875504574128115,1.0745745879445856,0.0745745879445856,-0.00115165845422907,4.493156689374525,0.0008016044141186118,0.03589200318374151,1,2
1956,1.9559999999998954,hold,100.0,5.641999939896233,0.0011617792261526816,1.0745800417482825,0.07458004174828248,0.0011516730450647711,4.4943083624195905,0.0008013527556287524,-0.01010618108791047,1,2
1957,1.9569999999998953,hold,100.0,5.64081708762696,-0.0011828522692729493,1.0745625464039938,0.07456254640399385,-0.0011470603904940565,4.493161302029097,0.0008011018820477563,0.03579187877889283,1,2
1958,1.9579999999998952,hold,100.0,5.641974193115187,0.001157105488227117,1.07456795827904,0.07456795827903995,0.001147082661808195,4.494308384690905,0.0008008507058238119,-0.01002282641892195,1,2
1959,1.958999999999895,hold,100.0,5.640796020325102,-0.0011781727900848082,1.0745505125544577,0.07455051255445766,-0.00114248065293032,4.493165904037975,0.0008006003112573596,0.03569213715448821,1,2
1960,1.959999999999895,hold,100.0,5.6419484707166605,0.0011524503915580908,1.0745558826755695,0.07455588267556945,0.0011425105711604096,4.494308414609135,0.0008003496157262391,-0.009939820397681254,1,2
1961,1.9609999999998948,hold,100.0,5.640774958771522,-0.0011735119451383724,1.0745384863806111,0.07453848638061111,-0.0011379191684772764,4.4931704954406575,0.0008000996986164646,0.03559277666109598,1,2
1962,1.9619999999998947,hold,100.0,5.641922772633125,0.0011478138616025646,1.0745438149218665,0.07454381492186646,0.0011379567001829278,4.4943084521408405,0.0007998494822124005,-0.009857161419636823,1,2
1963,1.9629999999998946,hold,100.0,5.640753902972929,-0.0011688696601961368,1.074526467867167,0.0745264678671671,-0.0011333758643323002,4.493175076276509,0.0007996000410086701,0.03549379586383658,1,2
1964,1.9639999999998945,hold,100.0,5.641897098797271,0.0011431958243424134,1.074531755001915,0.07453175500191489,0.001133420976208926,4.494308497252717,0.0007993503021731912,-0.009774848133487423,1,2
1965,1.9649999999998944,hold,100.0,5.640732852936131,-0.0011642458611396123,1.0745144569988565,0.0745144569988565,-0.001128850667993941,4.493179646584723,0.0007991013353320274,0.035395193145671244,1,2
1966,1.9659999999998943,hold,100.0,5.641871449142278,0.001138596206146758,1.0745197028997542,0.07451970289975418,0.0011289033268858419,4.494308549911609,0.0007988520725138029,-0.009692879260916193,1,2
1967,1.9669999999998942,hold,100.0,5.640711808667919,-0.001159640474359236,1.0745024537604984,0.07450245376049835,-0.001124343507280279,4.493184206404329,0.0007986035784988835,0.035296967078956826,1,2
1968,1.967999999999894,hold,100.0,5.641845823601385,0.0011340149334664318,1.0745076585994968,0.07450765859949682,0.0011244036801496735,4.494308610084478,0.000798354790153805,-0.009611253316758276,1,2
1969,1.968999999999894,hold,100.0,5.640690770174855,-0.00115505342653055,1.074490458136961,0.07449045813696098,-0.0011198543102613253,4.4931887557742165,0.000798106767435893,0.0351991162692248,1,2
1970,1.9699999999998938,hold,100.0,5.641820222108145,0.001129451933290504,1.074495622085353,0.07449562208535299,0.0011199219642142296,4.494308677738431,0.0007978584520269449,-0.009529969076274396,1,2
1971,1.9709999999998937,hold,100.0,5.640669737463797,-0.0011504846443486372,1.0744784701131307,0.07447847011313069,-0.0011153830053129603,4.493193294733118,0.0007976108990838155,0.03510163903567686,1,2
1972,1.9719999999998936,hold,100.0,5.641794644596278,0.0011249071324810345,1.0744835933414827,0.07448359334148269,0.001115458107584595,4.494308752840702,0.0007973630550810893,-0.009449024896439426,1,2
1973,1.9729999999998935,hold,100.0,5.640648710541122,-0.0011459340551560615,1.0744664896739613,0.0744664896739613,-0.0011109295210931633,4.493197823319608,0.0007971159703975842,0.035004534062898225,1,2
1974,1.9739999999998934,hold,100.0,5.641769090999835,0.0011203804587136545,1.0744715723522082,0.07447157235220825,0.0011110120390520192,4.494308835358661,0.0007968685962781836,-0.009368419661635354,1,2
1975,1.9749999999998933,hold,100.0,5.640627689413604,-0.0011414015862314386,1.0744545168045097,0.07445451680450965,-0.0011064937865423805,4.493202341572118,0.0007966219783460521,0.034907799689058064,1,2
1976,1.9759999999998932,hold,100.0,5.6417435612531595,0.0011158718395556377,1.074459559101843,0.0744595591018431,0.001106583687684353,4.494308925259802,0.0007963750725940444,-0.009288151871284737,1,2
1977,1.976999999999893,hold,100.0,5.640606674087613,-0.0011368871655461632,1.0744425514898108,0.07444255148981083,-0.001102075730893934,4.493206849528908,0.0007961289199119895,0.03481143465222918,1,2
1978,1.977999999999893,hold,100.0,5.641718055290786,0.0011113812031728898,1.074447553574774,0.07444755357477395,0.0011021729828652104,4.494309022511773,0.0007958824810184525,-0.00920822030767935,1,2
1979,1.9789999999998928,hold,100.0,5.6405856645697545,-0.001132390721031662,1.0744305937150036,0.0744305937150036,-0.00109767528366802,4.4932113472281054,0.000795636792092021,0.03471543736364188,1,2
1980,1.9799999999998927,hold,100.0,5.641692573047539,0.0011069084777846072,1.0744355557554617,0.07443555575546168,0.001097779854218107,4.494309127082324,0.000795390818554922,-0.009128623566500259,1,2
1981,1.9809999999998926,hold,100.0,5.64056466086631,-0.00112791218122954,1.0744186434652196,0.07441864346521965,-0.0010932923746440027,4.49321583470768,0.0007951455918965235,0.03461980658553735,1,2
1982,1.9819999999998925,hold,100.0,5.641667114458229,0.0011024535919190726,1.0744235656283927,0.0744235656283927,0.001093404231671826,4.494309238939352,0.0007949000822206945,-0.009049360247246653,1,2
1983,1.9829999999998924,hold,100.0,5.640543662983767,-0.0011234514744620228,1.0744067007257248,0.07440670072572475,-0.001088926933899407,4.493220312005453,0.0007946553163495031,0.03452454056261569,1,2
1984,1.9839999999998923,hold,100.0,5.641641679458363,0.0010980164745966192,1.0744115831781198,0.0744115831781198,0.0010890460454247972,4.494309358050877,0.0007944102690465894,-0.008970429171822067,1,2
1985,1.9849999999998922,hold,100.0,5.640522670928722,-0.0011190085296410857,1.0743947654817683,0.07439476548176827,-0.0010845788917831231,4.493224779159094,0.0007941659624885296,0.03442963785796251,1,2
1986,1.985999999999892,hold,100.0,5.641616267983283,0.001093597054560469,1.074399608389247,0.07439960838924708,0.0010847052259628075,4.494309484385057,0.0007939213760770079,-0.008891828597661425,1,2
1987,1.986999999999892,hold,100.0,5.640501684707033,-0.0011145832762498031,1.0743828377186884,0.07438283771868837,-0.001080248178942679,4.493229236206115,0.0007936775273647316,0.034335097307124085,1,2
1988,1.9879999999998919,hold,100.0,5.641590879968855,0.0010891952618221623,1.0743876412464235,0.0743876412464235,0.0010803817040601772,4.494309617910175,0.0007934334003697612,-0.00881355776198513,1,2
1989,1.9889999999998917,hold,100.0,5.640480704325398,-0.0011101756434568344,1.0743709174218414,0.07437091742184143,-0.0010759347262706055,4.493233683183904,0.000793190008042615,0.034240917186228924,1,2
1990,1.9899999999998916,hold,100.0,5.641565515351068,0.0010848110256702626,1.0743756817343728,0.07437568173437281,0.0010760754107290568,4.494309758594633,0.0007929463389960832,-0.008735614941205762,1,2
1991,1.9909999999998915,hold,100.0,5.640459729789838,-0.0011057855612301992,1.0743590045766738,0.07435900457667377,-0.001071638464956781,4.493238120129676,0.0007927034016000141,0.03414709627341827,1,2
1992,1.9919999999998914,hold,100.0,5.641540174066085,0.0010804442762468724,1.0743637298378648,0.07436372983786477,0.001071786277299675,4.494309906406976,0.0007924601890404638,-0.008657998947197553,1,2
1993,1.9929999999998913,hold,100.0,5.640438761106534,-0.00110141295955124,1.07434709916864,0.07434709916863991,-0.0010673593264651758,4.49324254708051,0.0007922177051279985,0.034053633086064294,1,2
1994,1.9939999999998912,hold,100.0,5.641514856050305,0.0010760949437713663,1.0743517855417,0.07435178554169997,0.0010675142353527975,4.494310061315863,0.000791974947600624,-0.008580708418568818,1,2
1995,1.994999999999891,hold,100.0,5.6404177982817805,-0.0010970577685247562,1.074335201183265,0.07433520118326498,-0.0010630972425205814,4.493246964073342,0.0007917329157308527,0.033960526004174874,1,2
1996,1.995999999999891,hold,100.0,5.641489561240695,0.001071762958914313,1.0743398488307436,0.07433984883074363,0.0010632592167491856,4.494310223290091,0.000791490611787411,-0.008503742165127297,1,2
1997,1.9969999999998909,hold,100.0,5.640396841321589,-0.0010927199191055337,1.0743233106061374,0.0743233106061374,-0.0010588521451432883,4.4932513711449475,0.0007912490305259623,0.03386777396224534,1,2
1998,1.9979999999998908,hold,100.0,5.641464289574034,0.0010674482524448692,1.0743279196899473,0.07432791968994734,0.0010590211536334014,4.494310392298581,0.0007910071787247522,-0.008427098811467776,1,2
1999,1.9989999999998906,hold,100.0,5.640375890232071,-0.0010883993419632532,1.0743114274228702,0.07431142742287022,-0.0010546239666101638,4.493255768331971,0.0007907660466436764,0.03377537535308932,1,2
2000,1.9999999999998905,hold,100.0,5.641439040987449,0.0010631507553782171,1.0743159981042638,0.07431599810426381,0.0010547999784112777,4.494310568310382,0.000790524645549508,-0.008350776966939422,1,2
