step,time,phase,load,energy,delta_energy,mass,mass_error,W_ext_step,W_ext_cumul,D_pred,D_inferred,snes_it,converged_reason
0,0.0,init,0.0,5.000598656413497e-13,0.0,1.0,0.0,0.0,0.0,0.0,0.0,0,0
1,0.001,ramp,0.1,0.00019704412895304825,0.00019704412845298838,1.0001790961575803,0.00017909615758027186,1.7965915486781406e-05,1.7965915486781406e-05,1.2533890637669027e-08,-0.17907821296620696,2,2
2,0.002,ramp,0.2,0.0001971925457165326,1.4841676348434536e-07,1.0001791728537996,0.00017917285379964731,7.176011115268046e-08,1.8037675597934086e-05,3.947451823562788e-08,-7.66566523316649e-05,1,2
3,0.003,ramp,0.3,0.0004295033680192108,0.00023231082230267818,1.000357711133944,0.0003577111339438943,5.379047773296459e-05,7.182815333089867e-05,7.476846953229785e-08,-0.1785203445697136,2,2
4,0.004,ramp,0.4,0.0004300495310013834,5.46162982172603e-07,1.0003579710274315,0.000357971027431514,2.86387295763664e-07,7.211454062666233e-05,1.1747886291274847e-07,-0.00025977568640893903,1,4
5,0.005,ramp,0.5,0.000697542537070916,0.00026749300606953257,1.000536009268679,0.0005360092686790274,8.94727202247622e-05,0.00016158726085142454,1.6545632601981468e-07,-0.17802028584477037,2,2
6,0.006,ramp,0.6,0.0006986653174028549,1.1227803319389246e-06,1.0005364892666397,0.0005364892666397392,6.430022943873091e-07,0.00016223026314581183,2.1921941845169467e-07,-0.0004797780375516155,2,2
7,0.007,ramp,0.7,0.0010012269559132275,0.00030256163851037263,1.0007140554357834,0.0007140554357834006,0.00012501346582839196,0.00028724372897420377,2.769809114545067e-07,-0.17754817268198067,2,2
8,0.008,ramp,0.8,0.0010030872281697636,1.8602722565361218e-06,1.0007147753746757,0.0007147753746756802,1.1406743322716392e-06,0.0002883844033064754,3.3971684011162613e-07,-0.0007195979242644825,1,4
9,0.009000000000000001,ramp,0.9,0.0013405948402575654,0.0003375076120878018,1.0008918872955936,0.0008918872955936408,0.0001604137463285033,0.0004487981496349787,4.057081778501067e-07,-0.1770938657592985,2,2
10,0.010000000000000002,ramp,1.0,0.0013433449883069049,2.7501480493394292e-06,1.0008928593722275,0.0008928593722274947,1.7785495489182072e-06,0.0004505766991838969,4.7616708453692086e-07,-0.0009715985004212221,2,2
11,0.011000000000000003,ramp,1.1,0.001715671166113503,0.0003723261778065981,1.0010695295153023,0.0010695295153022588,0.000195674163929066,0.000646250863112963,5.493758697533874e-07,-0.17665201387753207,2,2
12,0.012000000000000004,ramp,1.2,0.0017194594161171724,3.788250003669471e-06,1.0010707625124329,0.0010707625124328768,2.55588234927601e-06,0.000648806745462239,6.267007097547142e-07,-0.0012323676543934607,2,2
13,0.013000000000000005,ramp,1.3,0.0021264749216869726,0.00040701550556980015,1.0012470005964837,0.0012470005964837494,0.00023079563849711624,0.0008796023839593551,7.064030203691178e-07,-0.17621986707268392,2,2
14,0.014000000000000005,ramp,1.4,0.0021314460716405138,4.971149953541219e-06,1.0012485007552907,0.0012485007552907046,3.47178483588034e-06,0.0008830741687952355,7.899587329043675e-07,-0.0014993651176608792,2,2
15,0.015000000000000006,ramp,1.5,0.002573020675241599,0.00044157460360108505,1.0014243146714716,0.0014243146714716381,0.00026577900478800707,0.0011488531735832424,8.756020580110246e-07,-0.17579559881307796,2,2
16,0.016000000000000007,ramp,1.6,0.0025793171218358264,6.296446594227564e-06,1.0014260866725975,0.0014260866725974708,4.525415177163086e-06,0.0011533785887604055,9.648935787640257e-07,-0.0017710314170644773,2,2
17,0.017000000000000008,ramp,1.7,0.0030553201961464717,0.00047600307431064533,1.00160148307143,0.0016014830714299322,0.000300625104871833,0.0014540036936322386,1.05603865825389e-06,-0.17537796943881231,2,2
18,0.01800000000000001,ramp,1.8,0.0030630826368313567,7.762440684884984e-06,1.0016035306336466,0.0016035306336465993,5.716034957971297e-06,0.0014597197285902098,1.1506659040432629e-06,-0.002046405726913687,2,2
19,0.01900000000000001,ramp,1.9,0.003573383162243382,0.0005103005254120255,1.0017785151557583,0.0017785151557583312,0.0003353345555793681,0.001795054284169578,1.246953058905521e-06,-0.1749659698326574,2,2
20,0.02000000000000001,ramp,2.0,0.0035827505533560728,9.367391112690554e-06,1.0017808410560594,0.0017808410560593568,7.042844556740528e-06,0.0018020971287263186,1.3465843534984705e-06,-0.0023245465559500263,2,2
21,0.02100000000000001,ramp,2.1,0.0041272179596610736,0.0005444674063050008,1.0019554187905864,0.0019554187905863607,0.0003699083571877311,0.0021720054859140497,1.44771130887447e-06,-0.1745590491172697,2,2
22,0.022000000000000013,ramp,2.2,0.004138328059215361,1.1110099554287496e-05,1.0019580253845084,0.0019580253845083995,8.50506597923093e-06,0.0021805105518932807,1.5520674292956802e-06,-0.0026050335750565663,1,2
23,0.023000000000000013,ramp,2.3,0.004716831662296348,0.0005785036030809872,1.002132200779138,0.002132200779138005,0.00040434703670059124,0.002584857588593872,1.6577770116971017e-06,-0.174156566380396,2,2
24,0.024000000000000014,ramp,2.4,0.004729820759944461,1.2989097648112395e-05,1.0021350897585553,0.002135089758555253,1.0101894676159511e-05,0.002594959483270031,1.7666162899409889e-06,-0.002887202971952884,1,2
25,0.025000000000000015,ramp,2.5,0.0053422307006502565,0.0006124099407057958,1.0023088669793396,0.00230886697933963,0.0004386517002491861,0.0030336111835192175,1.8766847205526109e-06,-0.17375824045660967,2,2
26,0.026000000000000016,ramp,2.6,0.005357233747447112,1.5003046796855865e-05,1.0023120396737828,0.0023120396737827953,1.1832353655938767e-05,0.003045443537175156,1.9897953675927264e-06,-0.003170693140917098,1,2
27,0.027000000000000017,ramp,2.7,0.006003420675842424,0.000646186928395312,1.0024854225651945,0.0024854225651944617,0.0004728231782237099,0.003518266715398866,2.1040259269189917e-06,-0.17336375017160208,2,2
28,0.028000000000000018,ramp,2.8,0.00602057149194749,1.715081610506597e-05,1.0024888800029672,0.0024888800029672087,1.369561287565514e-05,0.003531962328274521,2.221221735079738e-06,-0.003455203229410829,1,2
29,0.02900000000000002,ramp,2.9,0.006700406615773076,0.0006798351238255854,1.0026618721398963,0.0026618721398963263,0.0005068622975369898,0.004038824625811511,2.339440167581546e-06,-0.17297282628859556,2,2
30,0.03000000000000002,ramp,3.0,0.006719837945918306,1.943133014523004e-05,1.0026656150998812,0.002665615099881169,1.5690845977178108e-05,0.004054515471788689,2.460555359430067e-06,-0.003740484168051932,1,2
31,0.03100000000000002,ramp,3.1,0.00743319307104667,0.000713355125128364,1.0028382198316466,0.00283821983164656,0.000540769881537843,0.004595285353326531,2.5826057994366366e-06,-0.17258524359052096,2,2
32,0.03200000000000002,ramp,3.2,0.0074550366293854205,2.184355833875079e-05,1.0028422488844655,0.0028422488844654925,1.7817230337134578e-05,0.004613102583663666,2.7074915205611645e-06,-0.004026328001616212,1,2
33,0.03300000000000002,ramp,3.3,0.008201784190847241,0.0007467475614618205,1.0030144693695822,0.0030144693695821623,0.0005745467499264096,0.005187649333590076,2.833233466580496e-06,-0.17220081153541086,2,2
34,0.03400000000000002,ramp,3.4,0.008226170697249898,2.438650640265716e-05,1.0030187849101129,0.0030187849101128705,2.0073947140501735e-05,0.005207723280730578,2.9617550967969957e-06,-0.004312559262155425,1,2
35,0.035000000000000024,ramp,3.5,0.009006183783014692,0.0007800130857647941,1.0031906241438087,0.0031906241438086624,0.0006081937186477055,0.005815916999378283,3.0910610522932717e-06,-0.1718193671170886,2,2
36,0.036000000000000025,ramp,3.6,0.009033242992975449,2.705920996075653e-05,1.0031952264171884,0.0031952264171883904,2.2460181488221175e-05,0.0058383771808665046,3.2230960851998547e-06,-0.004599028472535355,1,2
37,0.037000000000000026,ramp,3.7,0.009846395362188985,0.0008131523692135358,1.0033666872535825,0.0033666872535824677,0.0006417115997490873,0.006480088780615591,3.3558496799554134e-06,-0.17144076946444844,2,2
38,0.03800000000000003,ramp,3.8,0.009876256091970091,2.9860729781106682e-05,1.0033715763763473,0.0033715763763473294,2.4975122550782992e-05,0.006505063903166374,3.4912860214865594e-06,-0.00488560723032369,1,2
39,0.03900000000000003,ramp,3.9,0.010722422188865545,0.0008461660968954541,1.003542661546463,0.0035426615464630995,0.0006751012011889845,0.007180165104355359,3.6273804927118217e-06,-0.17106489570646957,2,2
40,0.04000000000000003,ramp,4.0,0.010755212337081203,3.279014821565805e-05,1.0035478375238083,0.0035478375238082727,2.7617963779070707e-05,0.00720778306813443,3.7661150769896524e-06,-0.005172184436587344,1,2
41,0.04100000000000003,ramp,4.1,0.011634267301420285,0.0008790549643390815,1.0037185496503827,0.003718549650382652,0.0007083633265846467,0.007916146394719078,3.905452025637909e-06,-0.17069163775443472,2,2
42,0.04200000000000003,ramp,4.2,0.011670113867978199,3.584656655791427e-05,1.0037240123906017,0.0037240123906017164,3.0387903183539567e-05,0.007946534297902617,4.047389675598441e-06,-0.0054586633743746995,1,2
43,0.04300000000000003,ramp,4.3,0.012581933542632593,0.0009118196746543943,1.003894354000348,0.003894354000347988,0.0007414987748882106,0.008688033072790828,4.189878036747263e-06,-0.1703208997661837,2,2
44,0.04400000000000003,ramp,4.4,0.012620964028740328,3.903048610773459e-05,1.0039001035419506,0.0039001035419505836,3.328531073798654e-05,0.008721318383528815,4.334932404346438e-06,-0.005745175369748047,1,2
45,0.04500000000000003,ramp,4.5,0.013565422056973125,0.0009444580282327968,1.004070076552164,0.004070076552163959,0.0007745059556044095,0.009495824339133225,4.480486060889163e-06,-0.16995207262838727,2,2
46,0.046000000000000034,ramp,4.6,0.01360776344888364,4.234139191051575e-05,1.0040761129667983,0.004076112966798329,3.630963994299894e-05,0.009532133979076225,4.628573335387494e-06,-0.006031751967516809,1,2
47,0.047000000000000035,ramp,4.7,0.014584736661893624,0.0009769732130099837,1.0042457197033419,0.004245719703341866,0.0008073876480494059,0.01033952162712563,4.77711478816723e-06,-0.16958556496057775,2,2
48,0.048000000000000036,ramp,4.8,0.014630513802166564,4.5777140272939415e-05,1.0042520427129007,0.004252042712900694,3.9459095860900485e-05,0.010378980722986531,4.928158420122337e-06,-0.00631804441203893,1,2
49,0.04900000000000004,ramp,4.9,0.015639879723864672,0.0010093659216981084,1.004421285431475,0.004421285431474908,0.0008401446149508844,0.011219125337937416,5.079614011311725e-06,-0.16922130674722397,2,2
50,0.05000000000000004,ramp,5.0,0.01568921663481077,4.933691094609685e-05,1.004427894698772,0.004427894698771917,4.273291717930905e-05,0.011261858255116724,5.233542268742338e-06,-0.006603993766787804,1,2
51,0.05100000000000004,ramp,5.1,0.016730853485018987,0.0010416368502082184,1.0045967755919734,0.004596775591973357,0.00087277761517072,0.012134635870287444,5.387842912933526e-06,-0.1688592350374984,2,2
52,0.05200000000000004,ramp,5.2,0.016783873379064177,5.301989404518995e-05,1.0046036707272463,0.004603670727246323,4.613034644615789e-05,0.012180766216733602,5.544588446742711e-06,-0.0068895475990320585,1,2
53,0.05300000000000004,ramp,5.3,0.01785766007547218,0.0010737866964080044,1.0047721919303565,0.004772191930356495,0.0009052874037758681,0.01308605362050947,5.701669202808827e-06,-0.1684992926321363,2,2
54,0.05400000000000004,ramp,5.4,0.017914485127038842,5.6825051566660595e-05,1.0047793723371816,0.00477937233718162,4.965055297847924e-05,0.01313570417348795,5.861164956762522e-06,-0.007174498588181357,2,2
55,0.05500000000000004,ramp,5.5,0.019020301442901132,0.0011058163158622902,1.0049475359312174,0.004947535931217439,0.0009376748904322063,0.014073379063920156,6.020959518814851e-06,-0.16814142543008398,2,2
56,0.05600000000000004,ramp,5.6,0.019081053312041737,6.0751869140604486e-05,1.004955001255963,0.004955001255962932,5.3292777982871536e-05,0.014126671841903027,6.183146831053742e-06,-0.00745909115773295,2,2
57,0.057000000000000044,ramp,5.7,0.020218779591240802,0.0011377262791990653,1.0051228092937101,0.005122809293710118,0.0009699406739131242,0.01509661251581615,6.34560135168205e-06,-0.1677856052859411,2,2
58,0.058000000000000045,ramp,5.8,0.020283579112102473,6.479952086167057e-05,1.00513055902673,0.005130559026730097,5.705635215128268e-05,0.015153668867967433,6.510425573891529e-06,-0.007743168710387887,2,2
59,0.059000000000000045,ramp,5.9,0.021453096381695052,0.0011695172695925793,1.005298013501176,0.00529801350117598,0.001002085497058701,0.016155754365026132,6.675486137253121e-06,-0.16743177253387823,2,2
60,0.060000000000000046,ramp,6.0,0.021522063607568347,6.89672258732954e-05,1.0053060470931259,0.005306047093125876,6.0940534270807204e-05,0.01621669489929694,6.842894129163232e-06,-0.008026691602488197,2,2
61,0.06100000000000005,ramp,6.1,0.02272325359037701,0.0012011899828086627,1.0054731499539753,0.005473149953975298,0.0010341100988095898,0.01725080499810653,7.010509121471824e-06,-0.1670798839990728,2,2
62,0.06200000000000005,ramp,6.2,0.022796507804894894,7.325421451788439e-05,1.0054814668230994,0.005481466823099357,6.49445869608502e-05,0.01731574958506738,7.180450240035989e-06,-0.008309627557034188,2,2
63,0.06300000000000004,ramp,6.3,0.02402925292023111,0.0012327451153362166,1.0056482199813541,0.005648219981354119,0.0010660152142745823,0.01838176479934196,7.350570528544907e-06,-0.16672990106163438,2,2
64,0.06400000000000004,ramp,6.4,0.024106912644827626,7.765972459651549e-05,1.0056568195171505,0.005656819517150469,6.906777666898282e-05,0.01845083257601094,7.522996576372203e-06,-0.008591947927532664,2,2
65,0.06500000000000004,ramp,6.5,0.025371096007708073,0.0012641833628804465,1.005823224848083,0.005823224848082953,0.001097801574758299,0.01954863415076924,7.695575384907622e-06,-0.16638178812214757,2,2
66,0.06600000000000004,ramp,6.6,0.025453279008203062,8.218300049498903e-05,1.0058321064141,0.005832106414100036,7.330937365155181e-05,0.01962194352442079,7.870440456500932e-06,-0.008873626843437218,2,2
67,0.06700000000000005,ramp,6.7,0.0267487844280445,0.0012955054198414383,1.0059981657597987,0.005998165759798724,0.001129469907781246,0.020751413432202038,8.045433205134781e-06,-0.16603551206019235,2,2
68,0.06800000000000005,ramp,6.8,0.026835607986110042,8.682355806554146e-05,1.006007328886668,0.006007328886667995,7.766872544038887e-05,0.020829082157642426,8.222698335467729e-06,-0.009154832625152582,1,2
69,0.06900000000000005,ramp,6.9,0.028162319828100114,0.0013267118419900727,1.00617304407258,0.006173044072580014,0.001161020785656761,0.021990102943299186,8.400069074682642e-06,-0.16569105633331163,2,2
70,0.07000000000000005,ramp,7.0,0.028253900127810205,9.15802997100909e-05,1.0061824879162928,0.006182487916292834,8.2145111237571e-05,0.022072248054536756,8.579690645963407e-06,-0.009435188472519906,1,2
71,0.07100000000000005,ramp,7.1,0.029611703570181728,0.0013578034423715225,1.0063478607034952,0.006347860703495245,0.0011924550857233605,0.023264703140260117,8.759393594730659e-06,-0.16534835664816203,2,2
72,0.07200000000000005,ramp,7.2,0.029708156128432944,9.645255825121643e-05,1.0063575845522874,0.00635758455228741,8.673773042349337e-05,0.02335144087068361,8.941329459629213e-06,-0.00971482782772306,1,2
73,0.07300000000000005,ramp,7.3,0.03109693706035712,0.001388780931924176,1.0065226166932983,0.006522616693298344,0.0012237735273948596,0.02457521439807847,9.123324849822823e-06,-0.16500740452931628,2,2
74,0.07400000000000005,ramp,7.4,0.031198376664341575,0.00010143960398445451,1.006532619823678,0.006532619823677921,9.144586497339753e-05,0.02466666026305187,9.307536314688615e-06,-0.009993739011056976,1,2
75,0.07500000000000005,ramp,7.5,0.032618021668,0.0014196450036584249,1.0066973130480703,0.006697313048070308,0.0012549768265510178,0.025921637089602885,9.491786655815123e-06,-0.16466817710740705,2,2
76,0.07600000000000005,ramp,7.6,0.03272456237543321,0.00010654070743321142,1.0067075947212805,0.006707594721280463,9.62688005521559e-05,0.02601790589015504,9.678236910624771e-06,-0.010271906881055518,1,2
77,0.07700000000000005,ramp,7.7,0.03417495872181867,0.0014503963463854616,1.0068719507351327,0.0068719507351326925,0.0012860656954120722,0.027303971585567112,9.864706396244188e-06,-0.16433065097338942,2,2
78,0.07800000000000006,ramp,7.8,0.034286713865101244,0.00011175514328257141,1.0068825101977001,0.006882510197700142,0.00010120582654372577,0.027405177412110838,1.0053360208293254e-05,-0.010549316738845639,1,2
79,0.07900000000000006,ramp,7.9,0.035767749511069875,0.0014810356459686314,1.007046530684391,0.007046530684390984,0.0013170408424656764,0.028722218254576513,1.0242014516272153e-05,-0.16399480350295492,2,2
80,0.08000000000000006,ramp,8.0,0.035884831702058535,0.0001170821909886599,1.0070573671690255,0.007057367169025497,0.00010625623611041255,0.028828474490686925,1.0432838080964513e-05,-0.010825954878247359,1,2
81,0.08100000000000006,ramp,8.1,0.03739639528751333,0.0015115635854547962,1.007221053790249,0.007221053790249066,0.0013479029724023756,0.0301763774630893,1.0623644250983346e-05,-0.1636606130524206,2,2
82,0.08200000000000006,ramp,8.2,0.03751891642240855,0.00012252113489522043,1.007232166516957,0.007232166516957017,0.00011141932625002782,0.03028779678933933,1.0816605085217206e-05,-0.01110180864519261,1,2
83,0.08300000000000006,ramp,8.3,0.03906089726742273,0.001541980845014175,1.0073955209136383,0.007395520913638265,0.0013786527860602594,0.03166644957539959,1.1009531423192993e-05,-0.16332805895391567,2,2
84,0.08400000000000006,ramp,8.4,0.03918896853167952,0.0001280712642567905,1.0074069090907303,0.007406909090730274,0.0001166943978446891,0.03178314397324428,1.1204598277134104e-05,-0.0113768664121014,1,2
85,0.08500000000000006,ramp,8.5,0.04076125663351861,0.0015722881018390908,1.0075699328840049,0.007569932884004871,0.0014092909803793594,0.03319243495362364,1.1399614273452183e-05,-0.1629971214597314,2,2
86,0.08600000000000006,ramp,8.6,0.0408949885067299,0.00013373187321129298,1.0075815957090664,0.007581595709066358,0.0001220807557005614,0.0333145157093242,1.1596757053194868e-05,-0.011651117510731588,1,2
87,0.08700000000000006,ramp,8.7,0.04249747453677762,0.0016024860300477214,1.0077442905011071,0.007744290501107143,0.0014398182483678838,0.034754333957692084,1.1793833310072178e-05,-0.16266778167983764,2,2
88,0.08800000000000006,ramp,8.8,0.042636976797516185,0.00013950226073856237,1.0077562271618992,0.007756227161899165,0.00012757770857373666,0.03488191166626582,1.1993023008136846e-05,-0.011924552164825707,1,2
89,0.08900000000000007,ramp,8.9,0.04426955209810816,0.0016325753005919721,1.0079185945367188,0.007918594536718837,0.0014702352790812285,0.03635214694534705,1.2192131173934639e-05,-0.16234002151074367,2,2
90,0.09000000000000007,ramp,9.0,0.04441493382872279,0.00014538173061463128,1.0079308042119643,0.007930804211964348,0.00013318456918532393,0.03648533151453238,1.2393339806027248e-05,-0.012197161429307345,1,2
91,0.09100000000000007,ramp,9.1,0.04607749040992584,0.0016625565812030535,1.008092845736163,0.00809284573616309,0.0015005427576134372,0.037985874272145816,1.2594452515315543e-05,-0.16201382358961633,2,2
92,0.09200000000000007,ramp,9.2,0.04622886000126934,0.00015136959134350036,1.0081053275963816,0.008105327596381606,0.0001389006542240002,0.038124774926369814,1.279765306238138e-05,-0.012468937119500152,1,2
93,0.09300000000000007,ramp,9.3,0.047921290537592594,0.0016924305363232514,1.0082670448198048,0.00826704481980478,0.0015307413650991213,0.039655516291468934,1.3000743880918666e-05,-0.16168917122413015,2,2
94,0.09400000000000007,ramp,9.4,0.048078755693698474,0.0001574651561058807,1.008279798027965,0.008279798027964969,0.00014472528433828635,0.03980024157580722,1.3205910235814915e-05,-0.012739871767594339,1,2
95,0.09500000000000007,ramp,9.5,0.04980095352078704,0.001722197827088566,1.0084411924843408,0.008441192484340831,0.0015608317787259276,0.04136107335453315,1.3410953609856314e-05,-0.16136604836263835,2,2
96,0.09600000000000007,ramp,9.6,0.04996462126345485,0.00016366774266780848,1.008454216196559,0.008454216196559061,0.00015065778412001805,0.04151173113865317,1.3618060528126677e-05,-0.013009958547790428,1,2
97,0.09700000000000007,ramp,9.7,0.0517164803747411,0.0017518591112862525,1.008615289404122,0.00861528940412204,0.0015908146717552717,0.04310254581040844,1.3825031737576768e-05,-0.16104443953098077,2,2
98,0.09800000000000007,ramp,9.8,0.05188645704807224,0.00016997667333113614,1.008628582770237,0.008628582770237037,0.00015669748208006464,0.04325924329248851,1.4034054791886504e-05,-0.013279191251071505,1,2
99,0.09900000000000007,ramp,9.9,0.053667872091434504,0.0017814150433622666,1.0087893362322093,0.008789336232209344,0.001620690713548487,0.044879934006036994,1.4242929906910262e-05,-0.16072432981377968,2,2
100,0.10000000000000007,ramp,10.0,0.05384426336627304,0.00017639127483853878,1.0088028983963677,0.00880289839636772,0.00016284371061973214,0.045042777716656726,1.4453845444798626e-05,-0.013547564218806643,1,2
101,0.10100000000000008,ramp,10.1,0.05565512964066997,0.00181086627439693,1.008963333601562,0.008963333601561985,0.0016504605695983833,0.04669323828625511,1.4664601285535579e-05,-0.16040570479854674,2,2
102,0.10200000000000008,ramp,10.2,0.055838040518983716,0.00018291087831374259,1.008977163702705,0.00897716370270496,0.00016909580599681797,0.04686233409225193,1.4877386390167014e-05,-0.013815072316924613,1,2
103,0.10300000000000008,ramp,10.3,0.057678253971108345,0.0018402134521246297,1.0091372821259237,0.009137282125923685,0.0016801249015640219,0.04854245899381595,1.5090000489275844e-05,-0.1600885505606078,2,2
104,0.10400000000000008,ramp,10.4,0.05786778879028129,0.0001895348191729429,1.0091513792983136,0.009151379298313556,0.0001754531082902299,0.04871791210210618,1.530463294291568e-05,-0.01408171088271301,1,2
105,0.10500000000000008,ramp,10.5,0.05973724601120823,0.0018694572209269414,1.0093111824008596,0.009311182400859597,0.0017096843673065985,0.05042759646941278,1.551908351067979e-05,-0.15977285362034288,2,2
106,0.10600000000000008,ramp,10.6,0.05993350844828162,0.00019626243707338703,1.009325545774461,0.009325545774460986,0.00018191496136297922,0.05060951143077576,1.573554176066369e-05,-0.014347475710407809,1,2
107,0.10700000000000008,ramp,10.7,0.06183210667013374,0.0018985982218521213,1.0094850350045166,0.009485035004516584,0.0017391396209267412,0.0523486510517025,1.5951807652437293e-05,-0.1594586009253801,2,2
108,0.10800000000000008,ramp,10.8,0.062035199745953444,0.0002030930758197061,1.0094996637055156,0.009499663705515582,0.0001884807128254168,0.052537131764527914,1.6170070779404164e-05,-0.014612362994289306,1,2
109,0.10900000000000008,ramp,10.9,0.06396283683857926,0.0019276370926258127,1.009658840498589,0.009658840498588894,0.0017684913128009272,0.05430562307732884,1.638813146520514e-05,-0.1591457798248855,2,2
110,0.11000000000000008,ramp,11.0,0.06417286292189345,0.00021002608331419093,1.0096737336496586,0.009673733649658622,0.00019514971399799968,0.05450077279132684,1.6608179153417213e-05,-0.014876369316191247,1,2
111,0.11100000000000008,ramp,11.1,0.06612943738954613,0.001956574467652683,1.009832599428898,0.009832599428897915,0.001797740089618067,0.05629851288094491,1.6828014689460364e-05,-0.15883437803461603,2,2
112,0.11200000000000009,ramp,11.2,0.06634649820104484,0.0002170608114987066,1.009847756149641,0.009847756149641063,0.00020192131987572804,0.05650043420082064,1.704982719902673e-05,-0.015139491622978552,1,2
113,0.11300000000000009,ramp,11.3,0.06833190917909235,0.001985410978047511,1.0100063123262706,0.010006312326270583,0.0018268865944146267,0.05832732079523527,1.727141820109235e-05,-0.1585243836328843,2,2
114,0.11400000000000009,ramp,11.4,0.06855610579536546,0.00022419661627311183,1.0100217317335058,0.010021731733505845,0.0002087948890928078,0.05853611568432807,1.7494976341951702e-05,-0.015401727180304019,1,2
115,0.11500000000000009,ramp,11.5,0.07057025304701,0.0020141472516445463,1.0101799797071047,0.010179979707104714,0.0018559314666086325,0.060392047150936705,1.771830396036461e-05,-0.15821578503591383,2,2
116,0.11600000000000009,ramp,11.6,0.07080168598615694,0.00023143293914693053,1.0101956606388127,0.01019566063881272,0.00021577014433217428,0.06060781729526888,1.7943580063599785e-05,-0.015662794814756246,2,2
117,0.11700000000000009,ramp,11.7,0.07284446908525563,0.002042783099098694,1.0103536017033103,0.010353601703310344,0.0018848746224678654,0.062492691917736744,1.8168612565584082e-05,-0.15790847663082855,2,2
118,0.11800000000000009,ramp,11.8,0.07308323885361187,0.00023876976835623953,1.0103695435851439,0.010369543585143859,0.00022284648139407062,0.06271553839913081,1.8395593744400796e-05,-0.015923286962168916,2,2
119,0.11900000000000009,ramp,11.9,0.07515455877694324,0.0020713199233313717,1.010527179147325,0.010527179147324928,0.001913717351971855,0.06462925575110266,1.862232493179294e-05,-0.15760257135951672,2,2
120,0.12000000000000009,ramp,12.0,0.07540076461857441,0.0002462058416311669,1.0105433811042708,0.010543381104270777,0.00023002294099799768,0.06485927869210066,1.8850996323748988e-05,-0.0161829006331692,2,2
121,0.1210000000000001,ramp,12.1,0.07750052293397293,0.00209975831539852,1.0107007125337435,0.010700712533743495,0.0019424602833955126,0.06680173897549617,1.907940994692729e-05,-0.15729803200300738,2,2
122,0.1220000000000001,ramp,12.2,0.07775426345602492,0.00025374052205198727,1.0107171736801468,0.010717173680146796,0.00023729889683496406,0.06703903787233113,1.9309754887598585e-05,-0.016441625217023213,2,2
123,0.1230000000000001,ramp,12.3,0.07988236234181884,0.0021280988857939193,1.0108742023323594,0.010874202332359362,0.001971104041323161,0.06901014191365429,1.953983433533996e-05,-0.15699484447075823,2,2
124,0.1240000000000001,ramp,12.4,0.08014373552512456,0.000261373183305727,1.010890921779125,0.010890921779125096,0.00024467372597084864,0.06925481563962514,1.9771836238547017e-05,-0.016699457334878366,2,2
125,0.12500000000000008,ramp,12.5,0.08230007776961953,0.0021563422444949715,1.0110476489983364,0.011047648998336435,0.0019996492468867216,0.07125446488651187,2.00035651367258e-05,-0.15669299760824987,2,2
126,0.12600000000000008,ramp,12.6,0.08256918097360161,0.000269103203982074,1.011064625854461,0.011064625854461108,0.00025214680887499874,0.07150661169538687,2.023720772953224e-05,-0.01695639510707525,2,2
127,0.12700000000000009,ramp,12.7,0.08475366997256198,0.002184488998960371,1.0112210529746384,0.01122105297463838,0.0020280965178087864,0.07353470821319566,2.0470570048069155e-05,-0.15639248115158472,2,2
128,0.12800000000000009,ramp,12.8,0.08503059993922539,0.0002769299666634112,1.0112382863478409,0.011238286347840853,0.00025971752940910127,0.07379442574260477,2.0705837420018758e-05,-0.017212437254309917,2,2
129,0.1290000000000001,ramp,12.9,0.08724313969294113,0.002212539753715742,1.0113944146931222,0.01139441469312219,0.002056446468426453,0.07585087221103122,2.094081749528995e-05,-0.1560932852892891,2,2
130,0.1300000000000001,ramp,13.0,0.08752799255058631,0.0002848528576451792,1.0114119036901192,0.01141190369011924,0.00026738527480909787,0.07611825748584032,2.1177694105976953e-05,-0.01746758283608133,2,2
131,0.1310000000000001,ramp,13.1,0.08976848766082467,0.0022404951102383552,1.0115677345750687,0.011567734575068656,0.0020846997097119014,0.07820295719555222,2.1414276640594735e-05,-0.15579540052645383,2,2
132,0.1320000000000001,ramp,13.2,0.09006135892764812,0.0002928712668234523,1.011585478301853,0.01158547830185297,0.0002751494356690509,0.07847810663122126,2.1652747314562777e-05,-0.017721831154401436,2,2
133,0.1330000000000001,ramp,13.3,0.09232971459455262,0.0022683556669045035,1.0117410130318045,0.011741013031804526,0.002112856849290525,0.08059096348051178,2.18909173696242e-05,-0.15549881761397868,2,2
134,0.1340000000000001,ramp,13.4,0.09263069918220605,0.00030098458765343006,1.0117590105938559,0.011759010593855868,0.0002830094059207858,0.08087397288643257,2.2130967286801976e-05,-0.017975181732644275,2,2
135,0.1350000000000001,ramp,13.5,0.09492682120118849,0.0022961220189824383,1.011914250465057,0.011914250465056897,0.002140918491461223,0.08301489137789379,2.2370710271431962e-05,-0.1552035275212151,2,2
136,0.1360000000000001,ramp,13.6,0.09523601341827058,0.0003091922170820882,1.0119325009675162,0.01193250096751619,0.00029096458281689327,0.08330585596071069,2.2612324955998223e-05,-0.018227634265194945,2,2
137,0.1370000000000001,ramp,13.7,0.09755980817690615,0.002323794758635575,1.0120874472673667,0.012087447267366658,0.0021688852372133004,0.08547474119792399,2.285362661599391e-05,-0.15490952142227465,2,2
138,0.1380000000000001,ramp,13.8,0.09787730173242609,0.00031749355551993763,1.0121059498152334,0.012105949815233386,0.000299014366911987,0.08577375556483598,2.3096791924818335e-05,-0.01847918860795061,2,2
139,0.1390000000000001,ramp,13.9,0.10022867620734909,0.002351374474922993,1.0122606038224409,0.012260603822440874,0.0021967576842455553,0.08797051324908153,2.3339638331155964e-05,-0.1546167906774378,2,2
140,0.1400000000000001,ramp,14.0,0.10055456421416883,0.0003258880068197495,1.012279357520663,0.012279357520663003,0.00030715816204459587,0.08827767141112614,2.3584340442306876e-05,-0.018729844775153628,2,2
141,0.1410000000000001,ramp,14.1,0.10293342596796855,0.002378861753799713,1.0124337205054659,0.012433720505465873,0.0022245364269840445,0.09050220783811018,2.382871797985744e-05,-0.15432532681566857,2,2
142,0.1420000000000001,ramp,14.2,0.10326780094621306,0.00033437497824451157,1.012452724459151,0.012452724459151021,0.0003153953753200472,0.09081760321343023,2.4074943381407914e-05,-0.018979602924464392,2,2
143,0.1430000000000001,ramp,14.3,0.10567405812434692,0.0024062571781338637,1.0126067976834323,0.012606797683432314,0.0022522220565978817,0.0930698252700281,2.4320838737986972e-05,-0.1540351215359821,2,2
144,0.1440000000000001,ramp,14.4,0.10601701200477726,0.0003429538804303328,1.0126260509979097,0.012626050997909699,0.000323725417093519,0.09339355068712163,2.45685742172084e-05,-0.019228463336813835,2,2
145,0.1450000000000001,ramp,14.5,0.10845057333249582,0.0024335613277185614,1.012779835715402,0.012779835715402088,0.0022798151610186512,0.09567336584814028,2.481597437305144e-05,-0.15374616669991012,2,2
146,0.1460000000000001,ramp,14.6,0.1088021974598705,0.00035162412737468896,1.01279933749642,0.012799337496419927,0.00033214770095124944,0.09600551354909152,2.50652070060534e-05,-0.019476426423439514,2,2
147,0.1470000000000001,ramp,14.7,0.11126297223913842,0.002460774779267913,1.0129528349528287,0.012952834952828729,0.0023073163249566595,0.09831282987404819,2.531409922372242e-05,-0.15345845431125352,2,2
148,0.1480000000000001,ramp,14.8,0.1116233573755443,0.00036038513640587744,1.0129725843066077,0.012972584306607748,0.0003406616436940786,0.09865349151774226,2.556481636552058e-05,-0.01972349271179885,2,2
149,0.1490000000000001,ramp,14.9,0.11411125548198377,0.0024878981064394706,1.0131257957397708,0.013125795739770796,0.002334726129918327,0.10098821764766058,2.5815188180259586e-05,-0.1531719765211436,2,2
150,0.1500000000000001,ramp,15.0,0.11448049181015053,0.00036923632816676655,1.0131457917731455,0.013145791773145454,0.0003492666653209,0.10133748431298148,2.606737745528605e-05,-0.01996966284586657,2,2
151,0.1510000000000001,ramp,15.1,0.11699542368999519,0.0025149318798446535,1.0132987184131659,0.013298718413165878,0.002362045154222119,0.1036995294672036,2.6319216665790164e-05,-0.15288672562253436,2,2
152,0.1520000000000001,ramp,15.2,0.117373600816567,0.0003781771265718159,1.013318960233703,0.013318960233702937,0.000357962189011352,0.10405749165621495,2.6572865958836602e-05,-0.020214937560463896,2,2
153,0.1530000000000001,ramp,15.3,0.11991547748361481,0.0025418766670478044,1.013471603303058,0.013471603303057966,0.002389273973016561,0.10644676562923151,2.6826160618438292e-05,-0.15260269403124344,2,2
154,0.1540000000000001,ramp,15.4,0.12030268498379974,0.00038720750018493566,1.013492090125123,0.01349209012512298,0.0003667480754970818,0.1068135137047286,2.7081261713409852e-05,-0.020459424687853854,2,2
155,0.1550000000000001,ramp,15.5,0.12287141708001101,0.0025687320962112653,1.0136444507780813,0.013644450778081296,0.002416412282639932,0.10922992598736853,2.733600222726496e-05,-0.15231981357133328,2,2
156,0.1560000000000001,ramp,15.6,0.1232677438263507,0.0003963267463396869,1.0136651816606468,0.013665181660646786,0.00037562377946884093,0.10960554976683737,2.7592539519222795e-05,-0.020702966870845965,2,2
157,0.1570000000000001,ramp,15.7,0.1258632434568569,0.002595499630506204,1.013817261106734,0.01381726110673398,0.0024434614909916554,0.11204901125782903,2.7848712139711718e-05,-0.15203813951454853,2,2
158,0.1580000000000001,ramp,15.8,0.12626877738580006,0.0004055339289431581,1.0138382351619875,0.013838235161987456,0.0003845883106251386,0.11243359956845417,2.8106674471646e-05,-0.020945618318019475,2,2
159,0.1590000000000001,ramp,15.9,0.1288909572118562,0.0026221798260561424,1.013990034601295,0.01399003460129511,0.0024704221636347437,0.11490402173208891,2.8364268059879298e-05,-0.15175766242139874,2,2
160,0.16000000000000011,ramp,16.0,0.12930578569618845,0.00041482848433224695,1.0140112509417394,0.014011250941739384,0.0003936411049150191,0.11529766283700393,2.862364432469858e-05,-0.021187379417227873,2,2
161,0.16100000000000012,ramp,16.1,0.13195455893409888,0.0026487732379104345,1.0141627715669117,0.014162771566911703,0.002497294863003289,0.11779495770000722,2.8882647903995332e-05,-0.15147837490714572,2,2
162,0.16200000000000012,ramp,16.2,0.1323787687866384,0.00042420985253951993,1.0141842293060845,0.01418422930608454,0.00040278160137479686,0.11819773930138203,2.914342718733447e-05,-0.021428251164723064,2,2
163,0.16300000000000012,ramp,16.3,0.1350540492049877,0.0026752804183493017,1.0143354723027063,0.014335472302706265,0.002524080148444427,0.12072181944982645,2.940382998125094e-05,-0.1512002699048747,2,2
164,0.16400000000000012,ramp,16.4,0.13548772668185383,0.00043367747686612335,1.0143571705552576,0.014357170555257648,0.00041200924211575666,0.12113382869194221,2.9666001572770153e-05,-0.021668234750366683,2,2
165,0.16500000000000012,ramp,16.5,0.1381894285985875,0.002701701916733662,1.0145081371019418,0.014508137101941765,0.0025507785762370677,0.12368460726817927,2.9927793007635916e-05,-0.1509233404965943,2,2
166,0.16600000000000012,ramp,16.6,0.13863265940235928,0.00044323080377178803,1.014530074983841,0.014530074983841068,0.00042132347231111294,0.12410593074049038,3.019134639961719e-05,-0.021907331460675087,2,2
167,0.16700000000000012,ramp,16.7,0.141360697681854,0.002728038279494721,1.014680766252403,0.01468076625240311,0.0025773906996086164,0.126683321440099,3.045451610133845e-05,-0.1506475798861047,2,2
168,0.16800000000000012,ramp,16.8,0.1418135669646908,0.00045286928283680417,1.0147029428808934,0.014702942880893355,0.00043072374017822924,0.12711404518027722,3.071944098448423e-05,-0.02214554265857492,2,2
169,0.16900000000000012,ramp,16.9,0.14456785701482835,0.0027542900501375533,1.0148533600364424,0.014853360036442442,0.0026039170687485475,0.12971796224902576,3.098397877385201e-05,-0.15037298138900582,2,2
170,0.17000000000000012,ramp,17.0,0.14503044938158868,0.0004625923667603282,1.014875774530266,0.014875774530265895,0.00044020949696630806,0.13015817174599206,3.125026503220042e-05,-0.022382869794020165,2,2
171,0.17100000000000012,ramp,17.1,0.14781090715082174,0.0027804577692330523,1.015025918731275,0.015025918731274901,0.002630358230825962,0.13278852997681803,3.1516160919709525e-05,-0.1500995384070905,2,2
172,0.17200000000000013,ramp,17.2,0.14828330666213277,0.0004723995113110335,1.015048570210637,0.015048570210637102,0.00044978019693737726,0.1332383101737554,3.1783798625380464e-05,-0.022619314373656264,2,2
173,0.17300000000000013,ramp,17.3,0.15108984863658506,0.0028065419744522924,1.0151984426090697,0.015198442609069662,0.002656714730004419,0.13589502490375982,3.205104280598151e-05,-0.14982724444787335,2,2
174,0.17400000000000013,ramp,17.4,0.15157213881190396,0.0004822901753188946,1.0152213301956858,0.015221330195685834,0.00045943529735403794,0.13635446020111386,3.232002221390562e-05,-0.02285487796485668,2,2
175,0.17500000000000013,ramp,17.5,0.15440468201245794,0.002832543200553983,1.0153709319370978,0.01537093193709782,0.002682987107456839,0.1390374473085707,3.2588605061812455e-05,-0.14955609309714404,2,2
176,0.17600000000000013,ramp,17.6,0.1548969458331157,0.0004922638206577568,1.015394054754333,0.015394054754332975,0.00046917425846268647,0.1395066215670334,3.2858916604560166e-05,-0.02308956219507029,2,2
177,0.17700000000000013,ramp,17.7,0.15775540781252456,0.002858461979408866,1.0155433869778827,0.015543386977882712,0.0027091759013802117,0.1422157974684136,3.3128828668167484e-05,-0.14928607802865448,2,2
178,0.17800000000000013,ramp,17.8,0.15825772772474872,0.0005023199122241584,1.0155667441507743,0.015566744150774303,0.000478996543477851,0.14269479401189145,3.34004629509398e-05,-0.023323368746307367,2,2
179,0.17900000000000013,ramp,17.9,0.16114202656476126,0.002884298840012539,1.015715807989404,0.015715807989403974,0.0027352816470145513,0.145430075658906,3.367169494793852e-05,-0.1490171929979878,2,2
180,0.18000000000000013,ramp,18.0,0.1616544844826803,0.0005124579179190403,1.01573939864464,0.015739398644639913,0.0004889016185667063,0.14591897727747272,3.394464274369459e-05,-0.023556299352333925,2,2
181,0.18100000000000013,ramp,18.1,0.16456453879117233,0.0029100543084920327,1.0158881952250904,0.01588819522509044,0.0027613048766531763,0.1486802821541259,3.421718555630508e-05,-0.14874943183885644,2,2
182,0.18200000000000013,ramp,18.2,0.16508721609979066,0.0005226773086183245,1.0159120184911572,0.015912018491157198,0.000498888952834774,0.1491791711069607,3.449143780107831e-05,-0.02378835578355047,2,2
183,0.18300000000000013,ramp,18.3,0.16802294500792214,0.0029357289081314852,1.0160605489340693,0.016060548934069274,0.0027872461196621315,0.15196641722662282,3.476528247148284e-05,-0.14848278846935373,2,2
184,0.18400000000000014,ramp,18.4,0.168555922566108,0.0005329775581858487,1.016084603941286,0.01608460394128608,0.00050895801831073,0.15247537524493354,3.504083025986557e-05,-0.024019539875118692,2,2
185,0.18500000000000014,ramp,18.5,0.17151724572546148,0.0029613231593534906,1.0162328693612108,0.016232869361210822,0.002813105902490089,0.15528848114742363,3.531596798578166e-05,-0.14821725686340162,2,2
186,0.18600000000000014,ramp,18.6,0.1720606046535141,0.0005433589280526285,1.016257155577063,0.016257155577062976,0.0005191087348538401,0.15580758988227747,3.559281677218355e-05,-0.024250193198788423,1,2
187,0.18700000000000014,ramp,18.7,0.1750474413226155,0.002986836669101378,1.0164051570769148,0.01640515707691481,0.0028388838437865896,0.15864647372606405,3.586925514239649e-05,-0.14795282531478854,2,2
188,0.18800000000000014,ramp,18.8,0.17560126164310175,0.0005538203204862591,1.0164296733793718,0.016429673379371845,0.0005293406029599662,0.15917581432902403,3.614738652056956e-05,-0.024479717526292823,1,2
189,0.18900000000000014,ramp,18.9,0.17861353244752742,0.0030122708044256763,1.0165774120205966,0.016577412020596594,0.002864581352015863,0.1620403956810399,3.6425102811453325e-05,-0.1476894524098135,2,2
190,0.19000000000000014,ramp,19.0,0.17917789346096014,0.0005643610134327126,1.0166021575300688,0.016602157530068773,0.0005396526537144694,0.16258004833475437,3.6704505048383777e-05,-0.02470835971824317,1,2
191,0.19100000000000014,ramp,19.1,0.18221551957200707,0.003037626111046937,1.0167496344023976,0.01674963440239763,0.0028901989445719546,0.16547024727932633,3.698348958653536e-05,-0.14742716647498255,2,2
192,0.19200000000000014,ramp,19.2,0.18279050007543426,0.0005749805034271915,1.0167746082526796,0.016774608252679624,0.0005500443703460838,0.1660202916496724,3.7264153712741734e-05,-0.02493613308110769,1,2
193,0.19300000000000014,ramp,19.3,0.18585340317843774,0.0030629031030034726,1.01692182444486,0.0169218244448599,0.0029157371364640855,0.1689360287861365,3.754439789583072e-05,-0.14716596653938704,2,2
194,0.19400000000000014,ramp,19.4,0.18643908145965177,0.0005856782812140304,1.0169470257741515,0.016947025774151525,0.000560515239088444,0.16949654402522496,3.7826315499474304e-05,-0.02516304212558647,1,2
195,0.19500000000000015,ramp,19.5,0.18952718374786867,0.003088102288216904,1.0170939823706187,0.017093982370618654,0.0029411964399172308,0.17243774046514218,3.8107811084097285e-05,-0.14690584829967326,2,2
196,0.19600000000000015,ramp,19.6,0.19012363758665302,0.0005964538387843443,1.0171194103200383,0.017119410320038275,0.0005710647490354649,0.17300880521417764,3.8390974016533535e-05,-0.025389089748879455,1,2
197,0.19700000000000015,ramp,19.7,0.1932368617576664,0.0031132241710133957,1.0172661084001304,0.01726610840013043,0.002966577364342594,0.17597538257852022,3.867371297205147e-05,-0.1466468066708016,2,2
198,0.19800000000000015,ramp,19.8,0.19384416842818397,0.00060730667051756,1.01729176211321,0.01729176211321004,0.0005816923921079102,0.17655707497062811,3.89581132681389e-05,-0.0256142784096498,1,2
199,0.19900000000000015,ramp,19.9,0.1969824376808941,0.0031382692527101297,1.0174382027509565,0.017438202750956533,0.0029918804163500544,0.17954895538697818,3.924208772862291e-05,-0.14638883636007527,2,2
200,0.20000000000000015,ramp,20.0,0.19760067395431247,0.0006182362734183655,1.0174640813735436,0.017464081373543605,0.0005923976630320745,0.18014135305001025,3.952771757611909e-05,-0.02583861038629102,1,2
201,0.20100000000000015,ramp,20.1,0.20076391198605759,0.003163238031745119,1.017610265637538,0.01761026563753809,0.003017106099752742,0.183158459149763,3.9812919819376215e-05,-0.14613193199237723,2,2
202,0.20200000000000015,ramp,20.2,0.2013931541333227,0.0006292421472651188,1.0176363683176746,0.017636368317674567,0.0006031800593270656,0.18376163920909006,4.009977154394174e-05,-0.026062087938053195,1,2
203,0.20300000000000015,ramp,20.3,0.20458128513711454,0.0031881310037918387,1.0177822972711867,0.017782297271186742,0.0030422549155835923,0.18680389412467366,4.038619398020711e-05,-0.14587608820824635,2,2
204,0.20400000000000015,ramp,20.4,0.20522160893167835,0.0006403237945638018,1.017808623159135,0.017808623159135006,0.0006140390812869774,0.18741793320596065,4.0674260036545747e-05,-0.02628471327682444,1,2
205,0.20500000000000015,ramp,20.5,0.20843455759345053,0.003212948661772186,1.0179542978600444,0.017954297860044433,0.00306732736210924,0.1904852605680699,4.096189520124908e-05,-0.1456212996629458,2,2
206,0.20600000000000016,ramp,20.6,0.20908603831405514,0.0006514807206046136,1.017980846108284,0.017980846108283988,0.0006249742319683547,0.19111023480003825,4.125116816703928e-05,-0.026506488636258877,1,2
207,0.20700000000000016,ramp,20.7,0.21232372980996964,0.003237691495914491,1.0181262676091702,0.018126267609170243,0.003092323934843176,0.19420255873488143,4.154000871556016e-05,-0.14536756107131482,2,2
208,0.20800000000000016,ramp,20.8,0.21298644224340185,0.0006627124334322165,1.0181530373723917,0.01815303737239171,0.000635985017173796,0.19483854375205523,4.18304812867976e-05,-0.02672741625842057,1,2
209,0.20900000000000016,ramp,20.9,0.2162488022371053,0.0032623599937034453,1.0182982067205595,0.018298206720559484,0.003117245126558471,0.1979557888786137,4.2120519990256017e-05,-0.14511486714497432,2,2
210,0.21000000000000016,ramp,21.0,0.21692282068094945,0.0006740184438441543,1.01832519715571,0.018325197155709905,0.0006470709454412023,0.1986028598240549,4.2412184977383874e-05,-0.026947498402951978,1,2
211,0.21100000000000016,ramp,21.1,0.2202097753209417,0.0032869546399922345,1.0184701153932247,0.01847011539322474,0.0031420914273047203,0.20174495125135963,4.2703414719068685e-05,-0.14486321268751415,2,2
212,0.21200000000000016,ramp,21.2,0.2208951735863032,0.0006853982653615143,1.0184973256594825,0.018497325659482478,0.0006582315280264314,0.20240318277938607,4.299626504363491e-05,-0.02716673733508287,1,2
213,0.21300000000000016,ramp,21.3,0.22420664950324876,0.0033114759169455554,1.0186419938232305,0.018641993823230507,0.003166863324417753,0.20557004610380383,4.328867881581753e-05,-0.14461259252780256,2,2
214,0.21400000000000016,ramp,21.4,0.22490350091749553,0.0006968514142467741,1.018669423082104,0.018669423082104064,0.000669466278892017,0.20623951238269586,4.358270750736406e-05,-0.027385135354757128,1,2
215,0.21500000000000016,ramp,21.5,0.22823942522156238,0.003335924304066845,1.0188138422038124,0.018813842203812436,0.003191561302536896,0.20943107368523275,4.387629840840533e-05,-0.14436300152994913,2,2
216,0.21600000000000016,ramp,21.6,0.2289478026310187,0.0007083774094563122,1.018841489619048,0.01884148961904808,0.0006807747146914981,0.21011184839992425,4.417149860171804e-05,-0.02760269476481409,1,2
217,0.21700000000000016,ramp,21.7,0.2323081029092629,0.003360300278244216,1.0189856607253704,0.018985660725370446,0.0032161858436175533,0.2133280342435418,4.4466259833304765e-05,-0.14411443462666265,2,2
218,0.21800000000000017,ramp,21.8,0.233028078552968,0.0007199756437051008,1.0190135251183685,0.019013525118368513,0.0006921565748121587,0.21402019081835397,4.476260593157981e-05,-0.027819068892942132,2,2
219,0.21900000000000017,ramp,21.9,0.23641268238055768,0.0033846038275896773,1.0191574491717021,0.019157449171702146,0.0032407369999782566,0.21726092781833223,4.5058509030223484e-05,-0.14386682761142067,2,2
220,0.22000000000000017,ramp,22.0,0.23714432870410806,0.0007316463235503834,1.0191855300446608,0.019185530044660837,0.0007036113763277202,0.21796453919465994,4.5356009119789976e-05,-0.028034947222663177,2,2
221,0.22100000000000017,ramp,22.1,0.24055316463899123,0.00340883593488317,1.0193292081009206,0.019329208100920647,0.0032652156608815614,0.2212297548555415,4.5653067354921816e-05,-0.1436202740016084,2,2
222,0.22200000000000017,ramp,22.2,0.24129655309030315,0.000743388451311916,1.0193575046399044,0.019357504639904377,0.0007151384420479304,0.22194489329758943,4.5951717898385284e-05,-0.028250009263985583,2,2
223,0.22300000000000017,ramp,22.3,0.2447295501275902,0.0034329970372870555,1.019500937717595,0.01950093771759498,0.00328962230088578,0.2252345155984752,4.6249926000159497e-05,-0.1433747364012754,2,2
224,0.22400000000000017,ramp,22.4,0.24548475167359438,0.0007552015460041694,1.01952944910008,0.01952944910007992,0.0007267372995298191,0.22596125289800503,4.654972115266847e-05,-0.028464246474350332,2,2
225,0.22500000000000017,ramp,22.5,0.24894183927022293,0.0034570875966285497,1.0196726382081884,0.01967263820818843,0.0033139573913734777,0.2292752102893785,4.684907307889621e-05,-0.14313020525507206,2,2
226,0.22600000000000017,ramp,22.6,0.24970892440779766,0.0007670851375747301,1.019701363611566,0.019701363611565936,0.000738407478791254,0.23001361776816975,4.715000669449599e-05,-0.028677658783476077,2,2
227,0.22700000000000017,ramp,22.7,0.2531900324831961,0.003481108075398448,1.0198443097527803,0.019844309752780287,0.003338221401046733,0.23335183916921648,4.745049628266371e-05,-0.14288667435171515,2,2
228,0.22800000000000017,ramp,22.8,0.25396907124336565,0.0007790387601695481,1.0198732483560282,0.019873248356028217,0.0007501485124266207,0.2341019876816431,4.7752562183226986e-05,-0.02889024774292736,2,2
229,0.22900000000000018,ramp,22.9,0.25747413017768767,0.003505058934322014,1.020015952527727,0.020015952527727032,0.003362414795994648,0.23746440247763773,4.805418328254126e-05,-0.14264413832736597,2,2
230,0.23000000000000018,ramp,23.0,0.2582651921286803,0.0007910619509926553,1.0200451035117781,0.02004510351177813,0.0007619599356150278,0.23822636241325276,4.835737532792611e-05,-0.029102015377627483,2,2
231,0.23100000000000018,ramp,23.1,0.26179413276056285,0.0035289406318825267,1.0201875667062748,0.02018756670627475,0.0033865380397118255,0.24161290045296457,4.866012183988939e-05,-0.14240259217070117,2,2
232,0.23200000000000018,ramp,23.2,0.26259728701061025,0.0008031542500473998,1.0202169292543233,0.02021692925432328,0.0007738412861145735,0.24238674173907915,4.896443395215572e-05,-0.029312963932826334,2,2
233,0.23300000000000018,ramp,23.3,0.26615004063471454,0.003552753624104288,1.0203591524590496,0.020359152459049623,0.0034105915931146925,0.24579733333219383,4.9268299845766465e-05,-0.14216203098959537,2,2
234,0.23400000000000018,ramp,23.4,0.26696535583469355,0.0008153151999790165,1.0203887257565842,0.020388725756584236,0.0007857921042509669,0.2465831254364448,4.957372601864713e-05,-0.02952309572804956,2,2
235,0.23500000000000018,ramp,23.5,0.2705418541992731,0.0035764983645795723,1.0205307099541774,0.020530709954177384,0.0034345759145583757,0.2500177013510032,4.9878705336499106e-05,-0.14192245002119658,2,2
236,0.23600000000000018,ramp,23.6,0.27136939854534214,0.0008275443460690202,1.0205604931890924,0.020560493189092366,0.0007978119329041585,0.2508155132839074,5.018523963924966e-05,-0.029732413164861676,2,2
237,0.23700000000000018,ramp,23.7,0.2749695738497387,0.0036001753043965468,1.0207022393574623,0.020702239357462293,0.0034584914598497327,0.2542740047437571,5.049132649980183e-05,-0.14168384454681407,2,2
238,0.23800000000000018,ramp,23.8,0.2758094150858822,0.0008398412361435015,1.0207322317200342,0.020732231720034244,0.0008099003174928886,0.25508390506125,5.0798963078363095e-05,-0.029940918650612828,2,2
239,0.23900000000000018,ramp,23.9,0.27943319997807403,0.003623784892191839,1.020873740832459,0.020873740832459076,0.003482338682261355,0.25856624374351134,5.1106151676505816e-05,-0.14144620993048437,2,2
240,0.24000000000000019,ramp,24.0,0.28028540539867147,0.0008522054205974405,1.0209039415154018,0.02090394151540176,0.0008220568059660627,0.2593883005494774,5.1414884753572414e-05,-0.030148614631377826,2,2
241,0.2410000000000002,ramp,24.1,0.28393273297277166,0.00364732757410019,1.0210452145404842,0.021045214540484247,0.0035061180325435667,0.262894418582021,5.172316936024772e-05,-0.1412095415566231,2,2
242,0.2420000000000002,ramp,24.2,0.28479736942512174,0.000864636452350076,1.0210756227389621,0.02107562273896213,0.0008342809487886185,0.26372869953080963,5.203299323455529e-05,-0.030355503561457536,2,2
243,0.2430000000000002,ramp,24.3,0.2884681732189219,0.003670803793800137,1.021216660640784,0.02121666064078398,0.003529829958936946,0.2672585294897466,5.2342368195952454e-05,-0.14097383486319112,2,2
244,0.2440000000000002,ramp,24.4,0.2893453071057751,0.0008771338868532319,1.0212472755524433,0.021247275552443323,0.0008465722989275195,0.26810510178867414,5.265327724133547e-05,-0.030561587925712366,2,2
245,0.2450000000000002,ramp,24.5,0.2930395210982963,0.003694213992521178,1.0213880792905135,0.02138807929051345,0.0035534749071863395,0.27165857669586047,5.296373697779901e-05,-0.14073908533483856,2,2
246,0.2460000000000002,ramp,24.6,0.2939292183803325,0.0008896972820361948,1.0214189001154175,0.021418900115417472,0.0008589304118412969,0.2725175071077018,5.327572564200886e-05,-0.030766870194897905,2,2
247,0.2470000000000002,ramp,24.7,0.29764677698936026,0.0037175586090277823,1.0215594706447837,0.021559470644783696,0.0035770533205524186,0.2760945604282542,5.358726464682459e-05,-0.14050528847536378,2,2
248,0.2480000000000002,ramp,24.8,0.2985491031876939,0.0009023261983336361,1.0215904965855298,0.021590496585529806,0.0008713548454647184,0.27696591527371894,5.390032745025891e-05,-0.030971352868917758,2,2
249,0.2490000000000002,ramp,24.9,0.30228994126736175,0.003740838079667852,1.0217308348567573,0.02173083485675731,0.003600565639826849,0.2805664809135458,5.421294028833755e-05,-0.1402724398410029,2,2
250,0.25000000000000017,ramp,25.0,0.30320496146601744,0.0009150201986556916,1.0217620651183936,0.021762065118393625,0.0008838451601969262,0.2814503260737427,5.4527071822737836e-05,-0.0311750384587654,2,2
251,0.25100000000000017,ramp,25.1,0.30696901430437307,0.003764052838355625,1.021902172077611,0.021902172077610915,0.0036240123033436425,0.28507433837708634,5.48407531293575e-05,-0.14004053501198233,2,2
252,0.25200000000000017,ramp,25.2,0.30789679315272267,0.000927778848349603,1.0219336058677275,0.021933605867727524,0.000896400918889529,0.2859707392959759,5.5155948056457466e-05,-0.03137792946007398,2,2
253,0.25300000000000017,ramp,25.3,0.31168399646931433,0.0037872033165916585,1.022073482456687,0.022073482456687055,0.003647393746988462,0.28961813304296435,5.547069253588503e-05,-0.1398095696031965,2,2
254,0.25400000000000017,ramp,25.4,0.31262459818454696,0.0009406017152326362,1.0221051189853425,0.02210511898534251,0.0009090216868348219,0.2905271547297992,5.578694558609579e-05,-0.031580028397814396,2,2
255,0.25500000000000017,ramp,25.5,0.3164348881280405,0.003810289943493528,1.0222447661414151,0.02224476614141513,0.0036707104042176756,0.29419786513401686,5.6102748010287844e-05,-0.13957953927585218,2,2
256,0.25600000000000017,ramp,25.6,0.3173883764975831,0.0009534883695426211,1.0222766046211953,0.022276604621195295,0.0009217070317510794,0.29511957216576795,5.6420053981376496e-05,-0.03178133779154163,2,2
257,0.2570000000000002,ramp,25.7,0.3212216896433447,0.0038333131457615743,1.0224160232774315,0.02241602327743153,0.003693962706063832,0.29881353487183177,5.673690918868761e-05,-0.13935043969774252,2,2
258,0.2580000000000002,ramp,25.8,0.3221881280272702,0.0009664383839255164,1.0224480629234443,0.022448062923444256,0.0009344565237708227,0.2997479913956026,5.7055262944464645e-05,-0.03198186015469372,2,2
259,0.2590000000000002,ramp,25.9,0.32604440137501406,0.003856273347743855,1.0225872540085963,0.02258725400859629,0.003717151081156063,0.30346514247675865,5.7373165838346576e-05,-0.13912226658779198,2,2
260,0.2600000000000002,ramp,26.0,0.32702385270848067,0.0009794513334666077,1.022619494038439,0.022619494038438992,0.0009472697354285565,0.30441241221218723,5.7692562307387084e-05,-0.03218159803805121,2,2
261,0.2610000000000002,ramp,26.1,0.33090302367990276,0.0038791709714220968,1.0227584584770109,0.022758458477010857,0.0037402759557242857,0.3081526881679115,5.80115078551605e-05,-0.1388950156978111,2,2
262,0.2620000000000002,ramp,26.2,0.33189555047551644,0.0009925267956136796,1.0227908981108391,0.02279089811083912,0.0009601462416499152,0.30911283440956144,5.833194202959686e-05,-0.032380553963764436,2,2
263,0.2630000000000002,ramp,26.3,0.33579755691192803,0.003902006436411587,1.02292963682306,0.02292963682306004,0.0037633377536165796,0.31287617216317803,5.865192526117155e-05,-0.13866868279500738,2,2
264,0.2640000000000002,ramp,26.4,0.3368032212621414,0.0010056643502133755,1.0229622752835483,0.022962275283548328,0.0009730856197370651,0.3138492577829151,5.897339219541175e-05,-0.03257873047631042,2,2
265,0.2650000000000002,ramp,26.5,0.3407280014221258,0.003924780159984376,1.0231007891854633,0.023100789185463322,0.003786336896309844,0.317635594679225,5.9294408202146007e-05,-0.13844326367453166,2,2
266,0.2660000000000002,ramp,26.6,0.3417468650015898,0.0010188635794640133,1.0231336256978085,0.023133625697808524,0.0009860874493572334,0.3186216821285822,5.961690301171572e-05,-0.03277613010677993,2,2
267,0.2670000000000002,ramp,26.7,0.34569435755870564,0.00394749255711585,1.0232719157012768,0.023271915701276846,0.0038092738029220094,0.3224309559315042,5.993894694520247e-05,-0.13821875419384091,2,2
268,0.2680000000000002,ramp,26.8,0.3467264816266535,0.0010321240679478372,1.023304949493216,0.023304949493216043,0.000999151312533041,0.32343010724403726,6.026246480557933e-05,-0.03297275541479607,2,2
269,0.2690000000000002,ramp,26.9,0.35069662566704835,0.003970144040394863,1.023443016505959,0.023443016505958925,0.003832148890224356,0.32726225613426163,6.058553187652025e-05,-0.13799515017050681,2,2
270,0.2700000000000002,ramp,27.0,0.351742071069623,0.001045445402574674,1.0234762468077663,0.023476246807766277,0.001012276793624418,0.32827453292788605,6.0910068021953004e-05,-0.03316860895025597,2,2
271,0.2710000000000002,ramp,27.1,0.35573480608979635,0.0039927350201733325,1.023614091733362,0.02361409173336204,0.0038549625726543653,0.33212949550054044,6.123415349902715e-05,-0.13777244751896717,2,2
272,0.2720000000000002,ramp,27.2,0.35679363326236124,0.0010588271725648912,1.0236475177778488,0.023647517777848792,0.0010254634793236503,0.3331549589798641,6.155970322151033e-05,-0.0333636932412409,2,2
273,0.2730000000000002,ramp,27.3,0.36080889916686093,0.0040152659044996875,1.0237851415157908,0.02378514151579081,0.0038777152623260575,0.33703267424219013,6.188480243029225e-05,-0.13755064217362997,2,2
274,0.2740000000000002,ramp,27.4,0.36188116813633536,0.0010722689694744325,1.0238187625383144,0.023818762538314386,0.0010387109586378355,0.33807138520082797,6.221136107839986e-05,-0.033558010836596965,2,2
275,0.2750000000000002,ramp,27.5,0.36591890523543386,0.004037737099098493,1.0239561659840422,0.023956165984042155,0.003900407369043327,0.3419717925698713,6.253746940029179e-05,-0.13732973005516588,2,2
276,0.2760000000000002,ramp,27.6,0.36700467562262673,0.0010857703871928748,1.0239899812224673,0.023989981222467316,0.0010520188228804715,0.3430238113927518,6.286503237817402e-05,-0.03375156431240328,2,2
277,0.2770000000000002,ramp,27.7,0.3710648246300615,0.004060149007434788,1.024127165267375,0.024127165267374906,0.003923039300309115,0.3469468506930609,6.319214524938129e-05,-0.13710970712567297,2,2
278,0.2780000000000002,ramp,27.8,0.37216415565192956,0.001099331021868044,1.024161173962164,0.024161173962164106,0.0010653866656605798,0.3480122373587215,6.352070801570706e-05,-0.03394435620746429,2,2
279,0.2790000000000002,ramp,27.9,0.3762466576826711,0.004082502030741564,1.024298139493615,0.024298139493615034,0.003945611461341304,0.3519578488200628,6.38488209262228e-05,-0.1368905694002602,2,2
280,0.2800000000000002,ramp,28.0,0.37735960829145787,0.0011129506087867447,1.0243323409353755,0.024332340935375507,0.0010788141716122548,0.3530366629916751,6.417838158833005e-05,-0.0341364371744899,2,2
281,0.2810000000000002,ramp,28.1,0.3814644046691879,0.004104796377730036,1.0244690888266212,0.024469088826621244,0.003968124074975537,0.3570047870666506,6.450749251828603e-05,-0.13667230275449857,2,2
282,0.2820000000000002,ramp,28.2,0.38259103333117617,0.0011266286619882604,1.0245034822173458,0.024503482217345773,0.001092300944308976,0.3580970880109596,6.483804374372565e-05,-0.03432771767928428,2,2
283,0.2830000000000002,ramp,28.3,0.3867180659645423,0.004127032633366112,1.0246400133512166,0.024640013351216572,0.003990577716586094,0.3620876657275457,6.51681457273763e-05,-0.13645491678001848,2,2
284,0.2840000000000002,ramp,28.4,0.3878584307053075,0.0011403647407652318,1.0246745979402014,0.024674597940201437,0.0011058464953174378,0.3631935122228631,6.54996833708747e-05,-0.03451824544779391,2,2
285,0.2850000000000002,ramp,28.5,0.39200764189446835,0.00414921118916084,1.024810913192542,0.024810913192542028,0.0040129727846416555,0.36720648500750475,6.583077213530877e-05,-0.1362384045191841,2,2
286,0.2860000000000002,ramp,28.6,0.39316180034399567,0.0011541584495273205,1.024845688230698,0.024845688230697993,0.0011194504273542728,0.36832593543485903,6.61632918986854e-05,-0.034708022173047734,2,2
287,0.2870000000000002,ramp,28.7,0.39733313278101123,0.0041713324370155624,1.0249817884731156,0.024981788473115607,0.004035309675308069,0.3723612451101671,6.649536315685812e-05,-0.13602276170749347,2,2
288,0.2880000000000002,ramp,28.8,0.3985011421766056,0.0011680093955943605,1.0250167532137489,0.025016753213748855,0.0011331123453498214,0.3734943574555169,6.682886076629039e-05,-0.034897050244539096,2,2
289,0.2890000000000002,ramp,28.9,0.40269453894353896,0.004193396766933366,1.0251526393138894,0.025152639313889447,0.004057588782513879,0.3775519462380308,6.716191026830819e-05,-0.13580798441948683,2,2
290,0.2900000000000002,ramp,29.0,0.4038764561321427,0.0011819171886037205,1.0251877930128046,0.025187793012804605,0.0011468318564581861,0.378698778094489,6.749638149276073e-05,-0.0350853321455344,2,2
291,0.2910000000000002,ramp,29.1,0.4080918606988803,0.004215404566737635,1.025323465834427,0.025323465834427017,0.004079810497968761,0.3827785885924577,6.78304050336388e-05,-0.13559406876887356,2,2
292,0.2920000000000002,ramp,29.2,0.4092877421393549,0.001195881440474611,1.0253588077499614,0.025358807749961354,0.0011606085700428391,0.3839391971625006,6.816584568816127e-05,-0.03527287043177184,2,2
293,0.2930000000000002,ramp,29.3,0.41352509836146867,0.004237356222113742,1.0254942681529757,0.02549426815297573,0.004101975211177834,0.3880411723736784,6.850083910904968e-05,-0.13538101093590796,2,2
294,0.2940000000000002,ramp,29.4,0.41473500012676096,0.0012099017652922872,1.0255297975459987,0.02552979754599871,0.001174442097665482,0.3892156144713439,6.883724505511107e-05,-0.03545966762680524,2,2
295,0.2950000000000002,ramp,29.5,0.4189942522432988,0.004259252116537826,1.025665046386508,0.025665046386508017,0.004124083309453106,0.393339697780797,6.917320424329422e-05,-0.13516880708471998,2,2
296,0.2960000000000002,ramp,29.6,0.4202182300226841,0.0012239777793853213,1.0257007625204029,0.025700762520402876,0.0011883320530789638,0.39452802983387597,6.951057138840926e-05,-0.03564572630635745,2,2
297,0.2970000000000002,ramp,29.7,0.42449932265404167,0.004281092631357564,1.0258358006507,0.025835800650700014,0.0041461351779216666,0.39867416501179764,6.984749227664745e-05,-0.13495745343589713,2,2
298,0.2980000000000002,ramp,29.8,0.42573743175525164,0.001238109101209972,1.0258717027914281,0.02587170279142814,0.0012022780522097975,0.39987644306400744,7.018581657372089e-05,-0.035831049000174635,2,2
299,0.2990000000000002,ramp,29.9,0.4300403099010508,0.0043028781457991605,1.0260065310600484,0.026006531060048355,0.004168131199541881,0.40404457426354934,7.052369513969609e-05,-0.13474694625727981,2,2
300,0.3000000000000002,ramp,30.0,0.43129260525242485,0.0012522953513740553,1.0260426184760532,0.02604261847605316,0.0012162797131542436,0.4052608539767036,7.08629725863213e-05,-0.03601563821981177,2,2
301,0.3010000000000002,ramp,30.1,0.43561721428931816,0.004324609036893301,1.0261772377277922,0.026177237727792235,0.00419007175510927,0.40945092573181285,7.12018048518107e-05,-0.13453728178403068,2,2
302,0.3020000000000002,ramp,30.2,0.43688375044204464,0.001266536152726483,1.0262135096901075,0.026213509690107495,0.0012303366561624458,0.4106812623879753,7.154203148953078e-05,-0.036199496564037065,2,2
303,0.3030000000000002,ramp,30.3,0.44123003612162276,0.004346285679578121,1.0263479207660164,0.02634792076601644,0.004211957223270462,0.41489321961124576,7.188181351974889e-05,-0.13432845630765958,2,2
304,0.3040000000000002,ramp,30.4,0.4425108672517764,0.001280831130153648,1.0263843765481646,0.026384376548164612,0.0012444485036292572,0.416137668114875,7.222298543335402e-05,-0.03638262652439069,2,2
305,0.3050000000000002,ramp,30.5,0.4468787756984636,0.004367908446687219,1.026518580285613,0.026518580285612936,0.004233787980534405,0.42037145609540943,7.256371333617609e-05,-0.13412046615281398,2,2
306,0.3060000000000002,ramp,30.6,0.44817395560918355,0.0012951799107199236,1.0265552191636649,0.026555219163664878,0.001258614880080698,0.42163007097549016,7.290582665295424e-05,-0.03656503063922565,2,2
307,0.3070000000000002,ramp,30.7,0.45256343331810034,0.004389477708916789,1.0266892163963417,0.026689216396341697,0.004255564401283391,0.42588563537677354,7.324749657824602e-05,-0.13391330763339818,2,2
308,0.3080000000000002,ramp,30.8,0.4538730154417397,0.0013095821236393523,1.0267260376488732,0.026726037648873158,0.0012728354121665931,0.42715847078894015,7.35905474673038e-05,-0.03674671147275922,2,2
309,0.3090000000000002,ramp,30.9,0.45828400927663454,0.00441099383489485,1.0268598292067923,0.026859829206792307,0.004277286857783295,0.43143575764672343,7.393315560619213e-05,-0.1337069771115548,2,2
310,0.3100000000000002,ramp,31.0,0.45960804667680905,0.0013240374001745048,1.0268968321149148,0.02689683211491478,0.0012871097286454017,0.4327228673753688,7.427714027770138e-05,-0.036927671529103125,2,2
311,0.3110000000000002,ramp,31.1,0.46404050386794954,0.004432457191140493,1.0270304188244963,0.027030418824496305,0.00429895572019585,0.43702182309556464,7.462068286194458e-05,-0.13350147094464293,2,2
312,0.3120000000000002,ramp,31.2,0.46537904924166856,0.0013385453737190245,1.0270676026718373,0.027067602671837276,0.0013014374603760024,0.4383232605559406,7.496559756653132e-05,-0.03710791334302207,2,2
313,0.3130000000000002,ramp,31.3,0.4698329173838003,0.004453868142131723,1.0272009853558512,0.027200985355851248,0.0043205713565886575,0.44264383191252926,7.531007086777288e-05,-0.13329678554306526,2,2
314,0.3140000000000002,ramp,31.4,0.47118602306355184,0.001353105679751554,1.0272383494285404,0.02723834942854042,0.0013158182403079845,0.4439596501528372,7.565591189579319e-05,-0.03728743944356942,2,2
315,0.3150000000000002,ramp,31.5,0.47566125011381133,0.004475227050259489,1.0273715289061849,0.027371528906184883,0.00434213413294297,0.4483017842857802,7.600131222497674e-05,-0.1330929173165192,2,2
316,0.3160000000000002,ramp,31.6,0.47702896806961637,0.0013677179558050367,1.0274090724928886,0.027409072492888598,0.0013302517034683185,0.44963203598924856,7.634807590591326e-05,-0.03746625233671825,2,2
317,0.3170000000000002,ramp,31.7,0.4815255023454946,0.004496534275878261,1.0275420495797662,0.027542049579766248,0.004363644413169797,0.45399568040241833,7.669439961259991e-05,-0.1328898627084643,2,2
318,0.3180000000000002,ramp,31.8,0.4829078841869948,0.001382381841500191,1.0275797719716466,0.027579771971646627,0.001344737486952334,0.4553404178893707,7.704208231441333e-05,-0.037644354547856876,2,2
319,0.31900000000000023,ramp,31.9,0.48742567436426254,0.004517790177267722,1.0277125474798183,0.027712547479818328,0.004385102559117306,0.45972552044848797,7.738932578615878e-05,-0.13268761815041566,2,2
320,0.32000000000000023,ramp,32.0,0.4888227713427783,0.001397096978515755,1.0277504479705737,0.02775044797057369,0.0013592752299111284,0.4610847956783991,7.773792391463061e-05,-0.03782174860462659,2,2
321,0.32100000000000023,ramp,32.1,0.4933617664534926,0.004538995110714317,1.0278830227085705,0.02788302270857046,0.004406508930584182,0.4654913046089833,7.808608357640552e-05,-0.132486180130135,2,2
322,0.32200000000000023,ramp,32.2,0.494773629464057,0.001411863010564396,1.0279211005943507,0.027921100594350712,0.0013738645735414557,0.46686516918252474,7.84355935745836e-05,-0.037998437022940215,2,2
323,0.32300000000000023,ramp,32.3,0.4993337788945364,0.004560149430479388,1.028053475367194,0.028053475367193936,0.004427863885325902,0.47129303306785064,7.878466588814188e-05,-0.13228554515348592,2,2
324,0.32400000000000023,ramp,32.4,0.5007604584778744,0.0014266795833380308,1.0280917299466747,0.02809172994667475,0.0013885051610782006,0.47268153822892883,7.913508423572706e-05,-0.03817442225983016,2,2
325,0.32500000000000023,ramp,32.5,0.5053417119666785,0.004581253488804116,1.0282239055558728,0.02822390555587284,0.004449167779070919,0.4771307060079997,7.948506569903007e-05,-0.13208570973319636,2,2
326,0.32600000000000023,ramp,32.6,0.506783258311315,0.0014415463446364463,1.0282623361302545,0.02826233613025453,0.001403196637776994,0.4785339026457767,7.983638891176512e-05,-0.038349706859452284,2,2
327,0.32700000000000023,ramp,32.7,0.5113855659472349,0.0046023076359199555,1.0283943133738602,0.028394313373860225,0.00447042096552459,0.4830043236113013,8.018727605843118e-05,-0.13188667039536542,2,2
328,0.32800000000000024,ramp,32.8,0.5128420288914558,0.0014564629442208599,1.0284329192467754,0.02843291924677538,0.00141793865091462,0.4844222622622159,8.053950068757058e-05,-0.03852429330623982,2,2
329,0.32900000000000024,ramp,32.9,0.5174653411115425,0.004623312220086717,1.02856469891939,0.028564698919389953,0.004491623796384044,0.4889138860586,8.089129008629196e-05,-0.13168842370267322,2,2
330,0.33000000000000024,ramp,33.0,0.5189367701454026,0.0014714290338601055,1.02860347939699,0.02860347939699004,0.001432730849767458,0.49034661690836745,8.12444127180202e-05,-0.03869818409264758,2,2
331,0.33100000000000024,ramp,33.1,0.5235810377329738,0.004644267587571194,1.028735062289784,0.028735062289783952,0.0045127766213487,0.49485939352971614,8.159710097201867e-05,-0.13149096622249323,2,2
332,0.33200000000000024,ramp,33.2,0.5250674820003072,0.0014864442673333533,1.028774016680697,0.0287740166806969,0.0014475728856061187,0.49630696641532224,8.19511182269247e-05,-0.03887138172723467,2,2
333,0.33300000000000024,ramp,33.3,0.5297326560829672,0.004665174082659984,1.0289054035814025,0.028905403581402478,0.004533879788129192,0.5008408462034515,8.230470197340372e-05,-0.1312942945307918,2,2
334,0.33400000000000024,ramp,33.4,0.5312341643833198,0.001501508300352672,1.028944531196736,0.028944531196736012,0.0014624644116853205,0.5023033106151368,8.265961050595652e-05,-0.0390438886673514,2,2
335,0.33500000000000024,ramp,33.5,0.5359201964310715,0.004686032047751643,1.0290757228897198,0.029075722889719824,0.004554933642459671,0.5068582442575964,8.301408641562794e-05,-0.13109840529197148,2,2
336,0.33600000000000024,ramp,33.6,0.5374368172216994,0.001516620790627976,1.0291150230430555,0.029115023043055466,0.0014774050832311845,0.5083356493408275,8.336988291359829e-05,-0.03921570739679153,2,2
337,0.33700000000000024,ramp,33.7,0.542143659044873,0.004706841823173602,1.029246020309262,0.029246020309261933,0.0045759385281050466,0.5129115878689325,8.37252476901064e-05,-0.13090329506855544,2,2
338,0.33800000000000024,ramp,33.8,0.5436754404427231,0.0015317813978500405,1.029285492316641,0.029285492316641015,0.0014923945574376425,0.5144039824263702,8.408192887414136e-05,-0.03938684041239807,2,2
339,0.33900000000000025,ramp,33.9,0.5484030441901326,0.004727603747409548,1.029416295933713,0.029416295933712977,0.004596894786867752,0.519000877213238,8.443817925359902e-05,-0.13070896054179562,2,2
340,0.34000000000000025,ramp,34.0,0.5499500339737587,0.001546989783626107,1.0294559391136608,0.029455939113660845,0.001507432493448481,0.5205083097066865,8.479574187665049e-05,-0.03955729017762603,2,2
341,0.34100000000000025,ramp,34.1,0.5546983521307309,0.004748318156972187,1.0295865498558265,0.02958654985582654,0.004617802758609288,0.5251261124652957,8.515287462713424e-05,-0.13051539836289855,2,2
342,0.34200000000000025,ramp,34.2,0.5562605977422237,0.001562245611492763,1.0296263635292962,0.02962636352929615,0.0015225185523507273,0.5266486310176465,8.55113154740047e-05,-0.039727059142035705,2,2
343,0.34300000000000025,ramp,34.3,0.561029583128703,0.004768985386479296,1.0297567821675266,0.02975678216752664,0.004638662781251634,0.531287293798898,8.586932739508577e-05,-0.13032260522766267,2,2
344,0.34400000000000025,ramp,34.4,0.562607131675637,0.0015775485469340378,1.0297967656579563,0.029796765657956303,0.0015376523971615975,0.5328249461960597,8.622864328194802e-05,-0.03989614977244031,2,2
345,0.34500000000000025,ramp,34.5,0.567396737444276,0.00478960576863896,1.0299269929598835,0.029926992959883547,0.004659475190790245,0.5374844213868499,8.658753120419039e-05,-0.13013057784871507,2,2
346,0.34600000000000025,ramp,34.6,0.5689896357016405,0.0015928982573645278,1.0299671455931325,0.029967145593132516,0.0015528336928235839,0.5390372550796735,8.694771897810144e-05,-0.04006456454094397,2,2
347,0.34700000000000025,ramp,34.7,0.5737998153358623,0.004810179634221812,1.0300971823230998,0.03009718232309977,0.004680240321301005,0.5437174954009745,8.73074797626382e-05,-0.12993931292080638,2,2
348,0.34800000000000025,ramp,34.8,0.5754081097479171,0.0016082944120547893,1.030137503427502,0.030137503427501988,0.0015680621061924381,0.5452855575071669,8.766853630110672e-05,-0.040232305862351145,2,2
349,0.34900000000000025,ramp,34.9,0.5802388170600666,0.004830707312149518,1.030267350346584,0.03026735034658401,0.004700958504953653,0.5499865160121206,8.802916683915945e-05,-0.12974880719586468,2,2
350,0.35000000000000026,ramp,35.0,0.5818625537422984,0.0016237366822318133,1.0303078392528948,0.03030783925289482,0.0015833373060229624,0.5515698533181436,8.839108904967058e-05,-0.04039937620885095,2,2
351,0.35100000000000026,ramp,35.1,0.5867137428717257,0.00485118912942728,1.03043749711891,0.030437497118910084,0.00472163007202088,0.5562914833901644,8.875258626213081e-05,-0.1295590574064004,2,2
352,0.35200000000000026,ramp,35.2,0.5883529676127283,0.0016392247410025318,1.0304781531603047,0.030478153160304666,0.0015986589629679144,0.5578901423531324,8.911537108170843e-05,-0.04056577803461742,2,2
353,0.35300000000000026,ramp,35.3,0.5932245930239411,0.004871625411212888,1.0306076227278527,0.030607622727852668,0.004742255350886026,0.5626323977040184,8.94777319186867e-05,-0.12937006032686174,2,2
354,0.35400000000000026,ramp,35.4,0.5948793512872607,0.0016547582633195113,1.0306484452399638,0.030648445239963795,0.0016140267495595815,0.564246424453578,8.984137631348312e-05,-0.0407315137599298,2,2
355,0.35500000000000026,ramp,35.5,0.5997713677680643,0.004892016480803618,1.0307777272603984,0.030777727260398402,0.00476283466805358,0.5690092591216316,9.020459775388375e-05,-0.12918181275003818,2,2
356,0.35600000000000026,ramp,35.6,0.601441704694068,0.0016703369260037126,1.0308187155812474,0.03081871558124738,0.0016294403402045794,0.5706386994618362,9.056909871872951e-05,-0.04089658579913328,2,2
357,0.35700000000000026,ramp,35.7,0.6063540673537184,0.004912362659650449,1.0309478108027443,0.030947810802744335,0.004783368348167177,0.5754220678100034,9.093317776984982e-05,-0.12899431148327178,2,2
358,0.35800000000000026,ramp,35.8,0.6080400277614582,0.0016859604077397172,1.030988964272814,0.030988964272814057,0.001644899411170777,0.5770669672211741,9.129853232785826e-05,-0.041060996568940314,2,2
359,0.35900000000000026,ramp,35.9,0.6129726920288363,0.004932664267378151,1.0311178734402997,0.031117873440299704,0.004803856714001155,0.5818708239351753,9.166346602492813e-05,-0.128807553376996,2,2
360,0.36000000000000026,ramp,36.0,0.614674320417925,0.0017016283890887163,1.0311591914024523,0.03115919140245227,0.0016604036405850542,0.5835312275757604,9.202967122706819e-05,-0.041224748503662124,2,2
361,0.36100000000000027,ramp,36.1,0.619627242039612,0.004952921621686923,1.03128791525778,0.031287915257780075,0.004824300086490176,0.5883555276622505,9.23954566329447e-05,-0.12862153519674693,2,2
362,0.36200000000000027,ramp,36.2,0.6213445825920696,0.0017173405524576468,1.031329397057276,0.03132939705727611,0.0016759527084112215,0.5900314803706618,9.276250955768366e-05,-0.04138784404642535,2,2
363,0.36300000000000027,ramp,36.3,0.6263177176306292,0.004973135038559562,1.0314579363390948,0.03145793633909477,0.0048446987847249575,0.5948761791553867,9.312914376234751e-05,-0.12843625383460439,2,2
364,0.36400000000000027,ramp,36.4,0.6280508142126455,0.001733096582016369,1.0314995813236125,0.031499581323612524,0.0016915462964550531,0.5965677254518418,9.349704151521579e-05,-0.04155028556131592,2,2
365,0.36500000000000027,ramp,36.5,0.63304411904477,0.004993304832124457,1.031627936767426,0.031627936767425924,0.004865053125967292,0.6014327785778091,9.386452163548907e-05,-0.12825170615716422,2,2
366,0.36600000000000027,ramp,36.6,0.6347930152085677,0.0017488961637976974,1.0316697442870286,0.03166974428702862,0.001707184088341232,0.6031399626661503,9.42332613486897e-05,-0.041712075456465464,2,2
367,0.36700000000000027,ramp,36.7,0.6398064465233017,0.005013431314733974,1.0317979166252287,0.031797916625228684,0.0048853634256629495,0.6080253260918133,9.460158452778595e-05,-0.1280678890710242,2,2
368,0.36800000000000027,ramp,36.8,0.6415711855089445,0.0017647389856428886,1.031839886032402,0.031839886032402065,0.001722865769511991,0.6097481918613252,9.497116335988844e-05,-0.041873216130897464,2,2
369,0.36900000000000027,ramp,36.9,0.6466047003058192,0.0050335147968746385,1.0319678759942545,0.031967875994254547,0.004905629997438177,0.6146538218587634,9.534032676706389e-05,-0.12788479943646144,2,2
370,0.3700000000000003,ramp,37.0,0.6483853250430007,0.0017806247371815465,1.0320100066438165,0.03201000664381648,0.0017385910272211876,0.6163924128859846,9.571074190255526e-05,-0.042033709960358864,2,2
371,0.3710000000000003,ramp,37.1,0.6534388806303304,0.005053555587329672,1.0321378149555458,0.032137814955545796,0.004925853153127552,0.6213182660391121,9.60807427327732e-05,-0.12770243420211994,2,2
372,0.3720000000000003,ramp,37.2,0.6552354337401917,0.0017965531098612653,1.0321801062047289,0.03218010620472889,0.001754359550508868,0.623072625589621,9.645199138172497e-05,-0.042193559352397346,2,2
373,0.3730000000000003,ramp,37.3,0.6603089877332489,0.0050735539930572005,1.0323077335894382,0.03230773358943817,0.004946033202767111,0.628018658792388,9.682282685525426e-05,-0.12752079029008934,2,2
374,0.3740000000000003,ramp,37.4,0.6621215115301256,0.001812523796876686,1.0323501847978123,0.032350184797812265,0.001770171030211156,0.6297888298225992,9.719490625300452e-05,-0.042352766665530166,2,2
375,0.3750000000000003,ramp,37.5,0.6672150218493834,0.005093510319257866,1.0324776319755795,0.03247763197557951,0.0049661704546163365,0.6347550002772155,9.756657361511551e-05,-0.12733986464152913,2,2
376,0.3760000000000003,ramp,37.6,0.6690435583425828,0.001828536493199362,1.0325202425051259,0.03252024250512586,0.0017860251589352414,0.6365410254361508,9.793948102186641e-05,-0.04251133426412057,2,2
377,0.3770000000000003,ramp,37.7,0.6741569832119796,0.00511342486939681,1.032647510192949,0.03264751019294909,0.004986265215157247,0.641527290651308,9.831197754243344e-05,-0.12715965423956266,2,2
378,0.3780000000000003,ramp,37.8,0.676001574107586,0.0018445908956064017,1.0326902794079695,0.032690279407969536,0.0018019216310648494,0.6433292122823728,9.868571024297149e-05,-0.042669264541552246,2,2
379,0.3790000000000003,ramp,37.9,0.68113487205269,0.005133297945103976,1.0328173683198494,0.03281736831984938,0.005006317789105714,0.6483355300714786,9.905903321617637e-05,-0.12698015599826254,2,2
380,0.3800000000000003,ramp,38.0,0.6829955587552848,0.0018606867025948715,1.032860295586989,0.032860295586989,0.0018178601427384614,0.650153390214217,9.943358851945116e-05,-0.042826559856410075,2,2
381,0.3810000000000003,ramp,38.1,0.6881486886016968,0.005153129846411919,1.0329872064339112,0.032987206433911176,0.005026328479429537,0.6551797186936466,9.980773526346811e-05,-0.12680136698238215,2,2
382,0.3820000000000003,ramp,38.2,0.6900255122160706,0.0018768236143738015,1.0330302911222087,0.03303029112220868,0.001833840391843907,0.6570135590854904,0.00010018311050233422,-0.042983222529894595,2,2
383,0.3830000000000003,ramp,38.3,0.6951984330875861,0.005172920871515552,1.0331570246121344,0.033157024612134434,0.00504629758734751,0.662059856672838,0.00010055807835897592,-0.12662328416804172,2,2
384,0.3840000000000003,ramp,38.4,0.6970914344205221,0.0018930013329360174,1.0332002660929391,0.033200266092939135,0.0018498620780108728,0.6639097187508488,0.0001009342708898573,-0.04313925492514456,2,2
385,0.3850000000000003,ramp,38.5,0.7022841057374775,0.005192671316955333,1.0333268229308765,0.03332682293087652,0.005066225412341322,0.6689759441631902,0.00010131005722423248,-0.12644590461401065,2,2
386,0.3860000000000003,ramp,38.6,0.7041933252994473,0.001909219561969877,1.0333702205778603,0.03337022057786032,0.0018659249026061738,0.6708418690657963,0.00010168706442680043,-0.043294659363703324,2,2
387,0.3870000000000003,ramp,38.7,0.7094057067769151,0.00521238147746772,1.0334966014658602,0.0334966014658602,0.005086112252164157,0.6759279813179605,0.00010206366662706535,-0.12626922530356316,2,2
388,0.3880000000000003,ramp,38.8,0.7113311847838344,0.0019254780069193345,1.0335401546550465,0.03354015465504645,0.0018820285687109794,0.6778100098866715,0.00010244148590390299,-0.04344943820835511,2,2
389,0.3890000000000003,ramp,38.9,0.7165632364299963,0.005232051646161917,1.033666360292147,0.03366636029214698,0.005105958402857546,0.682915968289529,0.00010281890138093776,-0.1260932433043713,2,2
390,0.3900000000000003,ramp,39.0,0.7185050128048998,0.0019417763749034478,1.0337100684018616,0.03371006840186164,0.0018981727811262475,0.6848141410706553,0.00010319753015726715,-0.04360359377720028,2,2
391,0.3910000000000003,ramp,39.1,0.7237566949193693,0.00525168211446958,1.0338360994842182,0.033836099484218174,0.005125764158742559,0.6899399052293979,0.00010357575634433425,-0.12591795572702152,2,2
392,0.3920000000000003,ramp,39.2,0.7257148092941035,0.0019581143747341434,1.0338799618951342,0.0338799618951342,0.0019143572463619799,0.6918542624757599,0.00010395519206772258,-0.04375712837216355,2,2
393,0.3930000000000003,ramp,39.3,0.7309860824661403,0.0052712731720367945,1.0340058191159494,0.034005819115949354,0.005145529812446874,0.6969997922882067,0.0001043342264201968,-0.12574335958992056,2,2
394,0.3940000000000003,ramp,39.4,0.732960574183079,0.0019744917169387532,1.0340498352110326,0.03404983521103255,0.0019305816726132815,0.69893037396082,0.0001047144665602258,-0.04391004432547176,2,2
395,0.3950000000000003,ramp,39.5,0.738251399290038,0.005290825106958996,1.0341755192605913,0.03417551926059126,0.0051652556549123575,0.7040956296157324,0.0001050943065553408,-0.1255694520466387,2,2
396,0.3960000000000003,ramp,39.6,0.740242307403733,0.001990908113694956,1.034219688425083,0.03421968842508294,0.001946845769767112,0.7060424753854995,0.00010547534860334994,-0.044062343927843764,2,2
397,0.3970000000000003,ramp,39.7,0.745552645609281,0.005310338205548049,1.0343451999908155,0.034345199990815534,0.0051849419753857455,0.7112274173608852,0.00010585599173980711,-0.1253962301623031,2,2
398,0.3980000000000003,ramp,39.8,0.7475600088881883,0.0020073632789072704,1.0343895216122718,0.03438952161227182,0.0019631492493950363,0.7131905666102802,0.00010623783320862672,-0.04421402951223412,2,2
399,0.3990000000000003,ramp,39.9,0.7528898216406954,0.0053298127525071015,1.0345148613786987,0.03451486137869875,0.005204589061446034,0.7183951556717263,0.00010661927700646988,-0.12522369106106757,2,2
400,0.4000000000000003,ramp,40.0,0.7549136785687861,0.002023856928090706,1.034559334846979,0.03455933484697904,0.001979491824732653,0.720374647496459,0.00010700191543006038,-0.044365103358052785,2,2
401,0.4010000000000003,ramp,40.1,0.7602629275996992,0.00534924903091305,1.03468450349574,0.03468450349573993,0.005224197199004888,0.7255988446954639,0.00010738415743027738,-0.1250518319081623,2,2
402,0.4020000000000003,ramp,40.2,0.7623033163781088,0.0020403887784096186,1.0347291282029607,0.0347291282029607,0.0019958732106802766,0.7275947179061442,0.00010776759036355917,-0.044515567729342016,2,2
403,0.4030000000000003,ramp,40.3,0.7676719637002783,0.005368647322169573,1.0348541264128637,0.03485412641286367,0.005243766672319354,0.7328384845784636,0.00010815062812786881,-0.12488064985021873,2,2
404,0.4040000000000003,ramp,40.4,0.769728922248988,0.0020569585487096864,1.0348989017534667,0.03489890175346666,0.0020122931237857135,0.7348507777022493,0.00010853485314636063,-0.0446654249239729,2,2
405,0.4050000000000003,ramp,40.5,0.775116930155024,0.0053880079060359964,1.0350237302004526,0.035023730200452574,0.0052632977639971695,0.7401140754662464,0.00010891868425693772,-0.12471014203882698,2,2
406,0.4060000000000003,ramp,40.6,0.7771904961144944,0.0020735659594703915,1.0350686555710835,0.03506865557108352,0.0020287512822436972,0.7421428267484901,0.00010930369895659374,-0.044814677226694216,2,2
407,0.4070000000000003,ramp,40.7,0.7825978271751747,0.005407331060680254,1.0351933149283123,0.03519331492831235,0.005282790755010038,0.7474256175035001,0.00010968832101576357,-0.12454030567021594,2,2
408,0.4080000000000003,ramp,40.8,0.7846880379079607,0.0020902107327860353,1.0352383897279245,0.03523838972792448,0.002045247405882817,0.749470864909383,0.00011007412301263314,-0.04496332690321833,2,2
409,0.4090000000000003,ramp,40.9,0.7901146549705463,0.005426617062585626,1.035362880665693,0.03536288066569293,0.005302245924695053,0.754773110834078,0.00011045953364270077,-0.12437113789057294,2,2
410,0.4100000000000003,ramp,41.0,0.7922215475629315,0.002106892592385168,1.0354081042954961,0.03540810429549612,0.0020617812161578377,0.7568348920502359,0.0001108461205726809,-0.04511137622733013,2,2
411,0.4110000000000003,ramp,41.1,0.7976674137496571,0.005445866186725601,1.0355324274813182,0.03553242748131824,0.0053216635507707544,0.7621565556010067,0.00011123231741563088,-0.12420263595484642,2,2
412,0.4120000000000003,ramp,41.2,0.7997910250132279,0.002123611263570746,1.0355777993447353,0.03557779934473526,0.0020783524361434945,0.7642349080371502,0.00011161968693424956,-0.045258827427251555,2,2
413,0.4130000000000003,ramp,41.3,0.8052561037196267,0.005465078706398896,1.0357019554433629,0.035701955443362854,0.005341043909336096,0.7695759519464863,0.00011200666765148877,-0.12403479706279974,2,2
414,0.4140000000000003,ramp,41.4,0.8073964701929167,0.0021403664732899674,1.0357474749460973,0.03574747494609731,0.0020949607905245316,0.7716709127370108,0.00011239481743364391,-0.04540568276543586,2,2
415,0.4150000000000003,ramp,41.5,0.812880725086258,0.005484254893341256,1.03587146461948,0.03587146461947999,0.005360387274892334,0.7770313000119031,0.00011278257970577212,-0.12386761844892201,2,2
416,0.4160000000000003,ramp,41.6,0.8150378830363141,0.00215715795005611,1.035917131169472,0.03591713116947193,0.0021116060055816088,0.7791429060174847,0.00011317150744550078,-0.04555194447450122,2,2
417,0.4170000000000003,ramp,41.7,0.8205412780540269,0.005503395017712798,1.0360409550767986,0.03604095507679861,0.005379693920337813,0.7845225999378225,0.0001135600489721044,-0.1237010973749843,2,2
418,0.4180000000000003,ramp,41.8,0.822715263477996,0.0021739854239690715,1.036086768084196,0.036086768084196086,0.0021282878091949697,0.7866508877470174,0.00011394975238230899,-0.04569761477410177,2,2
419,0.4190000000000003,ramp,41.9,0.8282377628260561,0.00552249934806015,1.036210426881921,0.036210426881921,0.005398964116988264,0.7920498518640057,0.00011433907088166044,-0.12353523107188659,2,2
420,0.4200000000000003,ramp,42.0,0.8304286114528371,0.0021908486267809835,1.0362563857591154,0.036256385759115384,0.002145005930825518,0.7941948577948312,0.00011472954769392937,-0.045842695955465494,2,2
421,0.4210000000000003,ramp,42.1,0.8359701796042137,0.00554156815137663,1.0363798801009547,0.03637988010095472,0.005418198134570282,0.7996130559294015,0.00011511964090280726,-0.12337001680634822,2,2
422,0.4220000000000003,ramp,42.2,0.8381779268958984,0.002207747291684714,1.0364259842625492,0.03642598426254917,0.002161760101509073,0.8017748160309105,0.00011551088886711974,-0.04598719017564123,2,2
423,0.4230000000000003,ramp,42.3,0.8437385285890653,0.005560601693166856,1.0365493147995135,0.03654931479951351,0.0054373962412523555,0.8072122122721629,0.00011590175454057842,-0.12320545191450011,2,2
424,0.4240000000000003,ramp,42.4,0.8459632097426092,0.002224681153543906,1.0365955636622965,0.03659556366229655,0.002178550053851036,0.8093907623260139,0.0001162937714251594,-0.04613109969286988,2,2
425,0.4250000000000003,ramp,42.5,0.8515428099798285,0.005579600237219262,1.0367187310426589,0.03671873104265888,0.005456558703626448,0.8148473210296404,0.00011668540733625384,-0.12304153359281397,2,2
426,0.4260000000000003,ramp,42.6,0.8537844599285311,0.002241649948702684,1.0367651240256615,0.036765124025661455,0.0021953755220164173,0.8170426965516568,0.00011707819092726154,-0.04627442668626684,2,2
427,0.4270000000000003,ramp,42.7,0.8593830239745497,0.00559856404601855,1.0368881288950205,0.03688812889502047,0.005475685786737065,0.8225183823383939,0.00011747059486694163,-0.12287825928148505,2,2
428,0.4280000000000003,ramp,42.8,0.861641677389619,0.002258653415069367,1.0369346654194462,0.03693466541944623,0.002212236241722214,0.8247306185801161,0.00011786414296830772,-0.04641717334715302,2,2
429,0.4290000000000003,ramp,42.9,0.8672591707699122,0.005617493380293159,1.0370575084207114,0.03705750842071143,0.005494777754076781,0.8302253963341929,0.00011825731274508448,-0.12271562621637803,2,2
430,0.4300000000000003,ramp,43.0,0.8695348620620516,0.002275691292139337,1.037104187909964,0.03710418790996406,0.002229131950224493,0.8324545282844173,0.00011865162317831749,-0.04655934191484393,2,2
431,0.4310000000000003,ramp,43.1,0.8751712505613803,0.005636388499328793,1.0372268696833598,0.03722686968335975,0.005513834867606736,0.837968363152024,0.00011904555661809573,-0.12255363172205667,2,2
432,0.43200000000000033,ramp,43.2,0.8774640138822439,0.002292763320863589,1.037273691563017,0.037273691563016964,0.002246062386317785,0.8402144255383418,0.00011944062722200428,-0.046700934545803804,2,2
433,0.43300000000000033,ramp,43.3,0.883119263543194,0.005655249660950101,1.0373962127461482,0.03739621274614824,0.005532857387746421,0.8457472829260883,0.00011983532216788957,-0.12239227320367997,2,2
434,0.43400000000000033,ramp,43.4,0.8854291327869346,0.0023098692437405477,1.0374431764439844,0.03744317644398443,0.002263027290327997,0.8480103102164163,0.00012023115079841317,-0.04684195341255089,2,2
435,0.43500000000000033,ramp,43.5,0.891103209908335,0.005674077121400445,1.0375655376717647,0.03756553767176474,0.005551845573397539,0.8535621557898138,0.00012062660511048915,-0.12223154800290563,2,2
436,0.43600000000000033,ramp,43.6,0.8934302187131457,0.0023270088048106263,1.0376126426176984,0.037612642617698366,0.0022800264040931093,0.8558421821939068,0.00012102318964053729,-0.04698240071751699,2,2
437,0.43700000000000033,ramp,43.7,0.8991230898485405,0.00569287113539485,1.0377348445224415,0.03773484452244147,0.005570799681949497,0.8614129818758564,0.00012141940119566685,-0.12207145344535295,2,2
438,0.43800000000000033,ramp,43.8,0.9014672715981141,0.002344181749573626,1.037782090148572,0.03778209014857192,0.002297059470961987,0.8637100413468184,0.000121816739514805,-0.047122278611639104,2,2
439,0.43900000000000033,ramp,43.9,0.9071789035543478,0.005711631956233698,1.037904133359955,0.03790413335995502,0.005589719969283453,0.8692997613161019,0.00012221370620642957,-0.1219119869502452,2,2
440,0.44000000000000034,ramp,44.0,0.9095402913793911,0.0023613878250432485,1.0379515191005186,0.03795151910051864,0.0023141262357897065,0.8716138875518916,0.00012261179622078333,-0.047261589253542055,2,2
441,0.44100000000000034,ramp,44.1,0.9152706512151372,0.005730359835746102,1.0380734042456192,0.038073404245619225,0.005608606689780732,0.8772224942416723,0.0001230095159587619,-0.12175314596536961,2,2
442,0.44200000000000034,ramp,44.2,0.917649277994872,0.0023786267797347715,1.0381209295370166,0.03812092953701662,0.0023312264449281265,0.8795537206866004,0.0001234083555907687,-0.04740033480664504,2,2
443,0.44300000000000034,ramp,44.3,0.9233983330190002,0.005749055024128258,1.0382426572403083,0.038242657240308287,0.005627460096326973,0.8851811807829274,0.0001238068263011269,-0.12159492780128463,2,2
444,0.44400000000000034,ramp,44.4,0.925794231382607,0.0023958983636067632,1.0382903215210915,0.038290321521091464,0.002348359846213545,0.8875295406291409,0.00012420641348939493,-0.047538517393218294,2,2
445,0.44500000000000034,ramp,44.5,0.9315619491528944,0.005767717770287395,1.038411892404453,0.038411892404452974,0.005646280440332571,0.8931758210694735,0.0001246056331141626,-0.12143732995482416,2,2
446,0.44600000000000034,ramp,44.6,0.9339751514810313,0.0024132023281369097,1.038459695115283,0.03845969511528291,0.0023655261889635837,0.895541347258437,0.00012500596581321312,-0.04767613917332604,2,2
447,0.44700000000000034,ramp,44.7,0.9397614998025566,0.005786348321525359,1.0385811097980557,0.038581109798055735,0.005665067971725329,0.9012064152301623,0.00012540593231027996,-0.12128034980002973,2,2
448,0.44800000000000034,ramp,44.8,0.9421920382288262,0.002430538426269613,1.0386290503817457,0.03862905038174569,0.0023827252239626943,0.903589140454125,0.00012580700849042743,-0.04781320230691846,2,2
449,0.44900000000000034,ramp,44.9,0.9479969851526338,0.005804946923807508,1.0387503094806723,0.03875030948067226,0.005683822938975567,0.9092729633931005,0.00012620771983327492,-0.12112398483194071,2,2
450,0.45000000000000034,ramp,45.0,0.950444891564952,0.0024479064123182903,1.0387983873821371,0.038798387382137145,0.0023999567034653606,0.9116729200965659,0.00012660953748039636,-0.047949708852929734,2,2
451,0.45100000000000035,ramp,45.1,0.9562684053864718,0.005823513821519799,1.0389194915114393,0.03891949151143925,0.005702545589081682,0.9173754656856475,0.0001270109916580073,-0.1209682324381173,2,2
452,0.45200000000000035,ramp,45.2,0.9587337114286425,0.0024653060421706563,1.0389677061777272,0.03896770617772716,0.0024172203811800926,0.9197926860668276,0.00012741354877340836,-0.048085660990563724,2,2
453,0.45300000000000035,ramp,45.3,0.9645757606864087,0.005842049257766213,1.0390886559490586,0.03908865594905864,0.005721236167591998,0.9255139222344196,0.00012781574378998333,-0.1208130901742153,2,2
454,0.45400000000000035,ramp,45.4,0.9670584977594947,0.0024827370730859943,1.0391370068293317,0.039137006829331744,0.0024345160122671333,0.9279484382466868,0.00012821903839017854,-0.048221060818860996,2,2
455,0.45500000000000035,ramp,45.5,0.9729190512335615,0.005860553474066776,1.039257802851837,0.03925780285183711,0.005739894918618303,0.9336883331653051,0.0001286219722650945,-0.12065855544847372,2,2
456,0.45600000000000035,ramp,45.6,0.9754192504973129,0.002500199263751446,1.039306289397338,0.039306289397337935,0.0024518433533170813,0.9361401765186221,0.00012902600238167127,-0.04835591043436454,2,2
457,0.45700000000000035,ramp,45.7,0.9812982772079153,0.005879026710602364,1.0394269322776564,0.03942693227765637,0.005758522084830216,0.9418986986034523,0.00012942967314920283,-0.12050462577214809,2,2
458,0.45800000000000035,ramp,45.8,0.9838159695822002,0.0025176923742848967,1.039475553941718,0.03947555394171798,0.0024692021623645834,0.9443679007658169,0.00012983443682860387,-0.04849021192031332,2,2
459,0.45900000000000035,ramp,45.9,0.989713438788332,0.005897469206131767,1.0395960442839727,0.039596044283972676,0.005777117907467687,0.9501450186732846,0.00013023884253783114,-0.12035129866407988,2,2
460,0.46000000000000035,ramp,46.0,0.9922486549545888,0.0025352161662568484,1.039644800522054,0.03964480052205399,0.002486592198864478,0.9526316108721491,0.00013064433784120623,-0.048623967392370446,2,2
461,0.46100000000000035,ramp,46.1,0.9981645361525687,0.005915881197979922,1.0397651389278748,0.03976513892787481,0.005795682626352775,0.9584272934985019,0.00013104947655574042,-0.12019857162714684,2,2
462,0.46200000000000035,ramp,46.2,1.000717306555195,0.0025527704026263587,1.0398140291974785,0.03981402919747845,0.002504013223687314,0.9609313067221892,0.0001314557015588465,-0.048757178939044535,2,2
463,0.46300000000000036,ramp,46.3,1.0066515694772504,0.0059342629220553444,1.039934216266027,0.039934216266027,0.005814216479888263,0.9667455232020774,0.00013186157135682436,-0.12004644216708112,2,2
464,0.46400000000000036,ramp,46.4,1.0092219243249891,0.0025703548477387095,1.0399832400267284,0.03998324002672837,0.002521464999125922,0.9692669882012033,0.0001322685241497073,-0.048889848612787556,2,2
465,0.46500000000000036,ramp,46.5,1.0151745389379037,0.00595261461291452,1.040103276354695,0.040103276354694906,0.005832719705069039,0.9750997079062723,0.00013267512312346424,-0.1198949078454808,2,2
466,0.46600000000000036,ramp,46.6,1.01776250820528,0.0025879692673762555,1.0401524330681804,0.04015243306818039,0.002538947288865716,0.977638655195138,0.00013308280181052205,-0.04902197851053974,2,2
467,0.46700000000000036,ramp,46.7,1.0237334447089619,0.005970936503681967,1.0402723192497785,0.04027231924977848,0.00585119253749289,0.9834898477326309,0.000133490128066536,-0.11974396618907694,2,2
468,0.46800000000000036,ramp,46.8,1.0263390581376244,0.002605613428662501,1.0403216083797395,0.040321608379739526,0.002556459857994049,0.986046307590625,0.00013389853076612362,-0.04915357066845186,2,2
469,0.46900000000000036,ramp,46.9,1.032328286963753,0.005989228826128512,1.0404413450067624,0.04044134500676244,0.005869635211366579,0.9919159428019916,0.00013430658242482622,-0.11959361476193263,2,2
470,0.47000000000000036,ramp,47.0,1.034951574063936,0.0026232871001830027,1.0404907660189842,0.04049076601898416,0.0025740024729838185,0.9944899452749754,0.00013471570726925064,-0.049284627199184215,2,2
471,0.47100000000000036,ramp,47.1,1.0409590658745909,0.0060074918106549635,1.0406103536807783,0.040610353680778255,0.0058880479595087905,1.000377993234484,0.00013512448246491977,-0.11944385114617297,2,2
472,0.47200000000000036,ramp,47.2,1.0436000559263459,0.002640990051754999,1.0406599060430692,0.04065990604306924,0.0025915749016891636,1.0029695681361732,0.00013553432760022799,-0.04941515006583533,2,2
473,0.47300000000000036,ramp,47.3,1.0496257816126202,0.0060257256862743525,1.0407793453265455,0.04077934532654548,0.005906431013365896,1.008875999149539,0.00013594382448075943,-0.1192946729084562,2,2
474,0.47400000000000037,ramp,47.4,1.05228450366735,0.002658722054729834,1.0408290285087758,0.04082902850877579,0.0026091769133350907,1.0114851760628742,0.0001363543880666357,-0.049545141394743364,2,2
475,0.47500000000000037,ramp,47.5,1.0583284343479809,0.006043930680630805,1.0409483199984415,0.04094831999844151,0.005924784603012807,1.017409960665887,0.00013676460479344056,-0.11914607761799763,2,2
476,0.47600000000000037,ramp,47.6,1.0610049172297042,0.0026764828817233965,1.0409981334724983,0.040998133472498255,0.0026268082785216008,1.0200367689444088,0.00013717588500299728,-0.049674603201795786,2,2
477,0.47700000000000037,ramp,47.7,1.0670670242497935,0.006062107020089247,1.0411172777504731,0.041117277750473136,0.005943108957155932,1.0259798779015648,0.00013758681975082907,-0.11899806293331518,2,2
478,0.47800000000000037,ramp,47.8,1.0697612965564782,0.0026942723066847307,1.0411672209902716,0.04116722099027159,0.0026444687691983817,1.0286243466707632,0.00013799881477050092,-0.049803537486349005,2,2
479,0.47900000000000037,ramp,47.9,1.075841551486018,0.006080254929539786,1.0412862186362408,0.04128621863624082,0.005961404303156334,1.0345857509739196,0.00013841046572734124,-0.11885062638345138,2,2
480,0.48000000000000037,ramp,48.0,1.0785536415910038,0.0027120901049857427,1.041336291117727,0.041336291117727075,0.0026621581586726063,1.0372479091325921,0.00013882317375671165,-0.049931946313136376,2,2
481,0.48100000000000037,ramp,48.1,1.0846520162237105,0.006098374632706793,1.04145514270903,0.041455142709029946,0.005979670867016343,1.0432275799996085,0.00013923553912364154,-0.11870376569045066,2,2
482,0.4820000000000004,ramp,48.2,1.087381952276955,0.0027299360532444528,1.0415053439101534,0.04150534391015337,0.0026798762215965994,1.045907456221205,0.0001396489583753519,-0.05005983164785331,2,2
483,0.4830000000000004,ramp,48.3,1.093498418628749,0.006116466351794081,1.0416240500217613,0.04162405002176128,0.005997908873402615,1.0519053650946075,0.00014006203636631503,-0.11855747839146623,2,2
484,0.4840000000000004,ramp,48.4,1.096246228558265,0.002747809929515954,1.0416743794224725,0.04167437942247254,0.002697622733956323,1.0546029878285639,0.00014047616506582372,-0.05018719555963114,2,2
485,0.4850000000000004,ramp,48.5,1.1023807588661245,0.006134530307859487,1.041792940626972,0.04179294062697192,0.006016118545647611,1.0606191063742114,0.0001408899539076098,-0.11841176221187577,2,2
486,0.4860000000000004,ramp,48.6,1.1051464703791931,0.0027657115130685916,1.0418433977092376,0.04184339770923762,0.0027153974730767605,1.0633345038472881,0.00014130479029321507,-0.050314039991831115,2,2
487,0.4870000000000004,ramp,48.7,1.1112990370997067,0.006152566720513564,1.0419618145768827,0.04196181457688275,0.006034300105752949,1.0693688039530411,0.00014171928822524044,-0.1182666147606145,2,2
488,0.4880000000000004,ramp,48.8,1.114082677684308,0.0027836405846013434,1.042012398824638,0.04201239882463792,0.002733200217597319,1.0721020041706384,0.0001421348305477755,-0.05044036700402451,2,2
489,0.4890000000000004,ramp,48.9,1.1202532534923868,0.006170575808078782,1.042130671923341,0.04213067192334097,0.006052453774403067,1.0781544579450415,0.00014255003582201137,-0.11812203367571501,2,2
490,0.4900000000000004,ramp,49.0,1.1230548504184137,0.0028015969260268836,1.0421813828225261,0.04218138282252615,0.0027510307474797754,1.0809054886925213,0.00014296628234477832,-0.05056617854710824,2,2
491,0.4910000000000004,ramp,49.1,1.1292434082060814,0.006188557787667692,1.0422995127178583,0.042299512717858256,0.006070579770972806,1.0869760684634941,0.00014338219322555516,-0.11797801669488628,2,2
492,0.4920000000000004,ramp,49.2,1.132062988526676,0.0028195803205945946,1.0423503497563928,0.04235034975639285,0.002768888843990303,1.0897449573074844,0.00014379914222423912,-0.05069147660429146,2,2
493,0.4930000000000004,ramp,49.3,1.1382695014016866,0.006206512875010617,1.0424683370116483,0.042468337011648316,0.006088678313522927,1.0958336356210074,0.00014421575698814266,-0.11783456148768949,2,2
494,0.4940000000000004,ramp,49.4,1.1411070919545208,0.0028375905528341683,1.0425192996793968,0.04251929967939683,0.002786774289707618,1.098620409910715,0.00014463340675063718,-0.050816263126550465,2,2
495,0.4950000000000004,ramp,49.5,1.1473315332391003,0.006224441284579552,1.0426371448554956,0.042637144855495634,0.0061067496188207645,1.1047271595295358,0.0001450507236863784,-0.11769166575878713,2,2
496,0.4960000000000004,ramp,49.6,1.1501871606477292,0.00285562740862888,1.0426882326443403,0.042688232644340296,0.0028046868684934436,1.1075318463980293,0.0001454690725126456,-0.050940540135436564,2,2
497,0.4970000000000004,ramp,49.7,1.156429503877202,0.006242343229472702,1.0428059362999456,0.04280593629994556,0.006124793902342016,1.1136566403003714,0.00014588708992095822,-0.11754932713068603,2,2
498,0.4980000000000004,ramp,49.8,1.1593031945523178,0.002873690675115892,1.0428571487037,0.04285714870369994,0.0028226263655068,1.1164792666658783,0.00014630613612290656,-0.05106430960909181,2,2
499,0.4990000000000004,ramp,49.9,1.1655634134739843,0.006260218921666505,1.0429747113951953,0.042974711395195264,0.006142811378271037,1.1226220780441494,0.00014672485231638106,-0.1174075433954683,2,2
500,0.5000000000000003,ramp,50.0,1.1684551936145995,0.0028917801406151966,1.0430260479095894,0.043026047909589415,0.0028405925671923823,1.1254626706113418,0.0001471445942177536,-0.051187573422814284,2,2
501,0.5010000000000003,ramp,50.1,1.1747332621864206,0.006278068571821116,1.0431434701910456,0.043143470191045585,0.006160802259514384,1.131623472870856,0.0001475640075207618,-0.11726631230673211,2,2
502,0.5020000000000003,ramp,50.2,1.177643157781264,0.002909895594843448,1.0431949303138104,0.04319493031381039,0.0028585852612616758,1.1344820581321178,0.00014798444345703852,-0.05131033358177217,2,2
503,0.5030000000000003,ramp,50.3,1.1839390501705176,0.0062958923892535434,1.0433122127370669,0.04331221273706687,0.006178766757714266,1.140660824889832,0.00014840455220552874,-0.1171256315392775,2,2
504,0.5040000000000003,ramp,50.4,1.186867086999202,0.002928036828684366,1.0433637959678477,0.043363795967847674,0.002876604236696043,1.1435374291265281,0.00014882568052376012,-0.05143259198832307,2,2
505,0.5050000000000003,ramp,50.5,1.1931807775813155,0.006313690582113507,1.0434809390824622,0.0434809390824622,0.006196705083242494,1.1497341342097707,0.00014924648306525169,-0.11698549887101307,2,2
506,0.5060000000000003,ramp,50.6,1.1961269812156885,0.0029462036343730347,1.0435326449228426,0.04353264492284259,0.0028946492837438383,1.1526287834935145,0.00014966830212393285,-0.05155435062919635,2,2
507,0.5070000000000003,ramp,50.7,1.2024584445729334,0.006331463357244882,1.0436496492761367,0.04364964927613668,0.006214617445209304,1.1588434009387238,0.00015008979681731358,-0.1168459120355781,2,2
508,0.5080000000000003,ramp,50.8,1.205422840378231,0.002964395805297615,1.043701477229601,0.04370147722960094,0.002912720193906048,1.16175612113263,0.0001505123049863029,-0.05167561139156687,2,2
509,0.5090000000000003,ramp,50.9,1.211772051298531,0.006349210920300052,1.043818343366647,0.04381834336664703,0.0062325040514773595,1.1679886251841074,0.00015093449020174422,-0.11670686882269288,2,2
510,0.5100000000000003,ramp,51.0,1.2147546644347185,0.0029826131361874175,1.0438702929386472,0.04387029293864719,0.0029308167599336006,1.170919441944041,0.0001513576858621525,-0.05179637625381695,2,2
511,0.5110000000000003,ramp,51.1,1.221121597910363,0.006366933475644432,1.0439870214023137,0.0439870214023137,0.006250365108662653,1.1771698070527037,0.0001517805599809711,-0.11656836698177922,2,2
512,0.5120000000000003,ramp,51.2,1.2241224533332151,0.003000855422852222,1.0440390921001623,0.044039092100162325,0.0029489387758089634,1.1801187458285127,0.00015220444152503053,-0.051916647043258754,2,2
513,0.5130000000000003,ramp,51.3,1.230507084559676,0.006384631226460824,1.0441556834310806,0.04415568343108056,0.006268200822151939,1.1863869466506647,0.0001526280029395987,-0.11643040430888481,2,2
514,0.5140000000000003,ramp,51.4,1.23352620702216,0.0030191224624840363,1.0442078747640129,0.04420787476401289,0.0029670860367644923,1.1893540326874292,0.00015305256877052545,-0.052036425719543915,2,2
515,0.5150000000000003,ramp,51.5,1.239928511396843,0.006402304374683032,1.0443243295006055,0.0443243295006055,0.006286011396083202,1.1956400440835124,0.00015347681588414333,-0.11629297859983012,2,2
516,0.5160000000000003,ramp,51.6,1.2429659254503327,0.003037414053489673,1.0443766409797755,0.04437664097977545,0.00298525833925107,1.1986253024227635,0.00015390206441604,-0.05215571423860307,2,2
517,0.5170000000000003,ramp,51.7,1.2493858785714105,0.006419953121077793,1.0444929596582668,0.04449295965826683,0.006303797033384359,1.204929099456148,0.0001543269956428586,-0.11615608769343332,2,2
518,0.5180000000000003,ramp,51.8,1.252441608566722,0.0030557299953115624,1.0445453907967177,0.04454539079671771,0.0030034554809440475,1.2079325549370918,0.00015475292530066587,-0.05227451436751488,2,2
519,0.5190000000000003,ramp,51.9,1.258879186231857,0.006437577665134864,1.0446615739511356,0.04466157395113557,0.006321557935757776,1.2142541128728497,0.0001551785390655334,-0.11601972937708756,2,2
520,0.5200000000000004,ramp,52.0,1.2619532563206843,0.0030740700888274297,1.0447141242637648,0.044714124263764754,0.0030216772607384416,1.2172757901335882,0.00015560514828481364,-0.05239282808898807,2,2
521,0.5210000000000004,ramp,52.1,1.268408434525809,0.006455178205124756,1.0448301724259907,0.044830172425990744,0.006339294303689602,1.2236150844372777,0.0001560314430232078,-0.1158839014351546,2,2
522,0.5220000000000004,ramp,52.2,1.27150086866182,0.003092434136011013,1.04488284142959,0.04488284142959009,0.0030399234787345324,1.2266550079160123,0.00015645873025010387,-0.052510657276480605,2,2
523,0.5230000000000004,ramp,52.3,1.2779736236000279,0.006472754938207759,1.0449987551292932,0.04499875512929319,0.006357006336470103,1.2330120142524825,0.00015688570440799846,-0.11574860173765594,2,2
524,0.5240000000000004,ramp,52.4,1.2810844455400758,0.0031108219400479697,1.0450515423425464,0.04505154234254638,0.003058193936232055,1.2360702081887145,0.00015731366809911478,-0.052628003815914905,2,2
525,0.5250000000000004,ramp,52.5,1.287574753600409,0.006490308060333128,1.045167322107282,0.045167322107281915,0.006374694232184977,1.2424449024208994,0.00015774132013287876,-0.1156138281481504,2,2
526,0.5260000000000004,ramp,52.6,1.2907039863925318,0.003129232792122849,1.0452202270155182,0.0452202270155182,0.00307648795816932,1.2455213903790687,0.00015816995683110854,-0.05274483395352903,2,2
527,0.5270000000000004,ramp,52.7,1.297211825138994,0.006507838746462102,1.0453358733925475,0.04533587339254752,0.006392359146037632,1.2519137495251063,0.00015859828358990446,-0.11547960042447049,2,2
528,0.5280000000000004,ramp,52.8,1.300359491686325,0.0031476665473311183,1.045388895539076,0.04538889553907599,0.003094805340903813,1.2550085548660102,0.00015902759401661637,-0.05286120642730534,2,2
529,0.5290000000000004,ramp,52.9,1.3068848378997087,0.0065253462133836315,1.0455044090473289,0.045504409047328886,0.006410000323196626,1.2614185551892068,0.00015945659573855846,-0.1153458901870059,2,2
530,0.5300000000000004,ramp,53.0,1.3100509613667342,0.0031661234670254945,1.0455575479548807,0.04555754795488065,0.003113146366720427,1.2645317015559272,0.00015988657814131868,-0.05297710030506769,2,2
531,0.5310000000000004,ramp,53.1,1.3165937920236699,0.0065428306569357275,1.045672929114825,0.04567292911482501,0.006427617957993261,1.2709593195139204,0.000160316253223259,-0.11521269894246636,2,2
532,0.5320000000000004,ramp,53.2,1.3197783953838877,0.0031846033602178636,1.0457261843091195,0.045726184309119455,0.0031315108416310636,1.2740908303555514,0.00016074690605729668,-0.053092518586800044,2,2
533,0.5330000000000004,ramp,53.3,1.3263386876527061,0.00656029226881838,1.0458414336395152,0.045841433639515206,0.006445212243739382,1.2805360425992907,0.00016117725297334275,-0.11508002507899795,2,2
534,0.5340000000000004,ramp,53.4,1.3295417936888887,0.003203106036182568,1.0458948046483605,0.04589480464836049,0.003149898572855605,1.2836859411721462,0.00016160857473268843,-0.05320746332696316,2,2
535,0.5350000000000004,ramp,53.5,1.3361195249280824,0.006577731239193696,1.0460099226659996,0.04600992266599957,0.006462783372608164,1.2901487245447543,0.00016203959198126712,-0.11494786658553229,2,2
536,0.5360000000000004,ramp,53.6,1.3393411562333315,0.0032216313052491063,1.0460634090190974,0.046063409019097445,0.0031683093687937215,1.293317033913548,0.00016247158117765572,-0.05332193645538486,2,2
537,0.5370000000000004,ramp,53.7,1.3459363039903327,0.006595147757001207,1.0461783962387032,0.046178396238703234,0.006480331535602526,1.2997973654491506,0.00016290326727161076,-0.11481622139868172,2,2
538,0.5380000000000004,ramp,53.8,1.3491764829691446,0.003240178978811903,1.04623199746762,0.04623199746761997,0.0031867430389951458,1.3029841084881457,0.0001633359224293999,-0.05343593981675708,2,2
539,0.5390000000000004,ramp,53.9,1.355789024979157,0.00661254201001249,1.0463468544018553,0.046346854401855264,0.006497856922581808,1.3094819654107275,0.00016376827589317035,-0.11468508743068227,2,2
540,0.5400000000000004,ramp,54.0,1.3590477738486086,0.0032587488694515443,1.046400570039957,0.04640057003995701,0.0032051993941719335,1.3126871648048994,0.0001642015955476401,-0.053549475279610764,2,2
541,0.5410000000000004,ramp,54.1,1.3656776880334476,0.0066299141848389365,1.0465152971994005,0.04651529719940051,0.00651535972224695,1.3192025245271464,0.00016463461491616062,-0.11455446259198664,2,2
542,0.5420000000000004,ramp,54.2,1.368955028824229,0.0032773407907813468,1.046569126781916,0.04656912678191594,0.0032236782461782325,1.3224262027733247,0.00016506859761278748,-0.05366254460311423,2,2
543,0.5430000000000004,ramp,54.3,1.3756022932912941,0.006647264467065206,1.0466837246750489,0.04668372467504889,0.00653284012216267,1.3289590428954874,0.00016550228143097164,-0.11442434490253547,2,2
544,0.5440000000000004,ramp,54.4,1.3788982478489884,0.0032959545576942695,1.0467376677389946,0.04673766773899457,0.003242179408009936,1.3322012223034974,0.00016593692572505363,-0.053775149684333334,2,2
545,0.5450000000000004,ramp,54.5,1.3855628408899279,0.0066645930409394705,1.0468521368722348,0.04685213687223477,0.006550298308753011,1.3387515206122504,0.0001663712725474544,-0.11429473218645905,2,2
546,0.5460000000000004,ramp,54.6,1.3888774308759657,0.0033145899860378414,1.0469061929564487,0.04690619295644871,0.0032607026937981755,1.3420122233060485,0.0001668065770038397,-0.053887292239665915,2,2
547,0.5470000000000004,ramp,54.7,1.3955593309657537,0.006681900089787973,1.047020533834184,0.04702053383418403,0.00656773446731341,1.348579957773362,0.0001672415853945038,-0.11416562247456348,2,2
548,0.5480000000000004,ramp,54.8,1.3988925778586576,0.0033332468929039294,1.0470747024792724,0.04707470247927237,0.003279247918792921,1.3518592056921548,0.00016767754858747002,-0.053998974111008416,2,2
549,0.5490000000000004,ramp,54.9,1.4055917636543414,0.0066991857956837375,1.0471889156038232,0.04718891560382321,0.006585148782018035,1.3584443544741729,0.00016811321711977215,-0.11403701366570224,2,2
550,0.5500000000000004,ramp,55.0,1.4089436887508349,0.0033519250964935132,1.0472431963521973,0.047243196352197314,0.0032978148993766153,1.3617421693735494,0.00016854983763286312,-0.0541101971168979,2,2
551,0.5510000000000004,ramp,55.1,1.4156601390905026,0.006716450339667723,1.0473572822238395,0.0473572822238395,0.006602541435916383,1.3683447108094657,0.00016898616488942138,-0.1139089037513405,2,2
552,0.5520000000000004,ramp,55.2,1.4190307635065473,0.003370624416044743,1.0474116746196747,0.04741167461967466,0.003316403453047738,1.3716611142625135,0.00016942344131534604,-0.054220962997004844,2,2
553,0.5530000000000004,ramp,55.3,1.4257644574081692,0.006733693901621818,1.0475256337366792,0.047525633736679174,0.006619912610943906,1.3782810268734573,0.00016986042588783035,-0.11378129067791172,2,2
554,0.5540000000000004,ramp,55.4,1.429153802080135,0.0033893446719659437,1.0475801373259355,0.04758013732593547,0.003335013398402244,1.3816160402718596,0.00017029835682836253,-0.054331273563699815,2,2
555,0.5550000000000004,ramp,55.5,1.435904718740527,0.006750916660391848,1.047693970184507,0.04769397018450694,0.0066372624879423225,1.3882533027598019,0.00017073599731747653,-0.1136541724495255,2,2
556,0.5560000000000004,ramp,55.6,1.4393128044262342,0.003408085685707274,1.0477485845149446,0.04774858451494457,0.0033536445551483164,1.3916069473149502,0.00017117458138332905,-0.05444113055895743,2,2
557,0.5570000000000004,ramp,55.7,1.4460809232198912,0.006768118793657019,1.0478622916092717,0.04786229160927169,0.006654591246637675,1.3982615385615877,0.00017161287639871008,-0.11352754701934344,2,2
558,0.5580000000000004,ramp,55.8,1.4495077704997317,0.0034268472798404392,1.0479170162303793,0.04791701623037925,0.003372296744100292,1.401633835305688,0.00017205211220951074,-0.05455053574014712,2,2
559,0.5590000000000004,ramp,55.9,1.4562930709778177,0.006785300478086009,1.0480305980526812,0.04803059805268117,0.006671899065663172,1.4083057343713512,0.0001724910603696143,-0.11340141242283715,2,2
560,0.5600000000000004,ramp,56.0,1.4597387002558653,0.0034456292780475906,1.0480854325156972,0.04808543251569719,0.0033909697871527247,1.411696704158504,0.00017293094655377605,-0.05465949089486586,2,2
561,0.5610000000000004,ramp,56.1,1.4665411621451219,0.006802461889256595,1.0481988895561807,0.04819888955618068,0.006689186122567486,1.4183858902810715,0.00017337054648578512,-0.11327576668910838,2,2
562,0.5620000000000004,ramp,56.2,1.4700055936501595,0.003464431505037613,1.0482538334141034,0.048253833414103386,0.00340966350729141,1.4217955537883629,0.00017381108168040187,-0.054767997746202765,2,2
563,0.5630000000000004,ramp,56.3,1.4768251968517152,0.006819603201555724,1.0483671661609772,0.04836716616097725,0.006706452593815463,1.4285020063821783,0.0001742513320201837,-0.11315060774026112,2,2
564,0.5640000000000004,ramp,56.4,1.4803084506383921,0.0034832537866769098,1.0484222189685586,0.048422218968558584,0.003428377728578572,1.431930384110757,0.00017469251487099802,-0.05487605809833791,2,2
565,0.5650000000000004,ramp,56.5,1.487145175226858,0.006836724588465959,1.0485354279080508,0.048535427908050766,0.006723698654798069,1.438654082765555,0.00017513341426299953,-0.11302593366788963,2,2
566,0.5660000000000004,ramp,56.6,1.4906472711766123,0.003502095949754258,1.0485905892217682,0.04859058922176818,0.0034471122761478355,1.4421011950417029,0.00017557524342427504,-0.054983673606422576,2,2
567,0.5670000000000004,ramp,56.7,1.4975010973989415,0.006853826222329218,1.0487036748381315,0.04870367483813154,0.006740924479832148,1.448842119521535,0.0001760167905214431,-0.11290174249707022,2,2
568,0.5680000000000004,ramp,56.8,1.5010220552212037,0.0035209578222621385,1.0487589442161975,0.04875894421619753,0.003465866976209822,1.4523079864977448,0.00017645926465595043,-0.055090846052316574,2,2
569,0.5690000000000004,ramp,56.9,1.507892963495587,0.006870908274383414,1.0488719069917205,0.048871906991720504,0.0067581302421674695,1.4590661167399124,0.0001769014581196573,-0.11277803221594433,2,2
570,0.5700000000000004,ramp,57.0,1.5114328027288721,0.003539839233285047,1.0489272839940753,0.04892728399407531,0.00348464165603715,1.4625507583959496,0.00017734457589853553,-0.05519757724789694,2,2
571,0.5710000000000004,ramp,57.1,1.518320773643767,0.006887970914894792,1.0490401244091008,0.04904012440910077,0.006775316113985022,1.4693260745099346,0.00017778741439846058,-0.11265480090977015,2,2
572,0.5720000000000004,ramp,57.2,1.521879513656442,0.003558740012675088,1.0490956085973788,0.049095608597378826,0.003503436143960694,1.4728295106538953,0.0001782311745011592,-0.055303868714393856,2,2
573,0.5730000000000004,ramp,57.3,1.5287845279695165,0.006905014313074442,1.0492083271303074,0.04920832713030743,0.006792482266429496,1.479621992920325,0.00017867465671533183,-0.11253204664494597,2,2
574,0.5740000000000004,ramp,57.4,1.5323621879612153,0.0035776599916987895,1.0492639180678816,0.04926391806788155,0.0035222502693520235,1.4831442431896769,0.0001791190578295159,-0.05540972234676592,2,2
575,0.5750000000000004,ramp,57.5,1.5392842265982671,0.006922038637051875,1.0493765151951435,0.04937651519514352,0.00680962886958691,1.4899538720592638,0.0001795631824441212,-0.11240976746496478,2,2
576,0.5760000000000004,ramp,57.6,1.5428808256006243,0.0035965990023572036,1.0494322124470934,0.04943221244709339,0.0035410838626398324,1.4934949559219035,0.0001800082232656539,-0.05551513971737126,2,2
577,0.5770000000000004,ramp,57.7,1.549819869654576,0.006939044053951626,1.0495446886432178,0.049544688643217816,0.006826756092497697,1.5003217120144012,0.000180452988974984,-0.11228796145392947,2,2
578,0.5780000000000004,ramp,57.8,1.5534354265325372,0.0036155568779612235,1.049600491776293,0.04960049177629311,0.0035599367552858014,1.503881648769687,0.0001808986682077903,-0.05562012267542205,2,2
579,0.5790000000000004,ramp,57.9,1.560391457262389,0.0069560307298517365,1.049712847513875,0.04971284751387506,0.006843864103180077,1.5107255128728672,0.00018134407371420036,-0.11216662667165936,2,2
580,0.5800000000000004,ramp,58.0,1.5640259907149328,0.003634533452543831,1.049768756096561,0.04976875609656095,0.0035788087797896757,1.5143043216526568,0.0001817903900702204,-0.05572467275415539,2,2
581,0.5810000000000004,ramp,58.1,1.5709989895447836,0.006972998829850807,1.0498809918462653,0.049880991846265266,0.006860953068598957,1.5211652747212558,0.00018223643408406625,-0.11204576125185046,2,2
582,0.5820000000000004,ramp,58.2,1.5746525181062543,0.0036535285614707202,1.0499370054486907,0.04993700544869073,0.003597699769681367,1.5247629744909372,0.00018268338628320052,-0.05582879178935322,2,2
583,0.5830000000000004,ramp,58.3,1.581642466624202,0.006989948517947653,1.050049121679293,0.050049121679293096,0.006878023154705984,1.5316409976456433,0.00018313006752269565,-0.11192536324166907,2,2
584,0.5840000000000004,ramp,58.4,1.5853150086650907,0.0036725420408887377,1.0501052398733113,0.05010523987331128,0.0036166095595128295,1.5352576072051562,0.00018357765429272,-0.05593248137590817,2,2
585,0.5850000000000004,ramp,58.5,1.5923218886222745,0.007006879957183854,1.0502172370517107,0.05021723705171066,0.006895074526432494,1.5421526817315887,0.00018402497148394364,-0.11180543075135947,2,2
586,0.5860000000000004,ramp,58.6,1.5960134623503182,0.003691573728043629,1.050273459410785,0.05027345941078498,0.0036355379848550104,1.5457882197164436,0.00018447319156040767,-0.05603574318861857,2,2
587,0.5870000000000004,ramp,58.7,1.6030372556599228,0.007023793309604676,1.0503853380019519,0.050385338001951885,0.006912107347685792,1.5527003270641295,0.00018492114343722686,-0.11168596191888334,2,2
588,0.5880000000000004,ramp,58.8,1.6067478791212055,0.0037106234612827027,1.0504416641012986,0.05044166410129858,0.0036544848822914157,1.556354811946421,0.00018536999556341576,-0.056138578991287054,2,2
589,0.5890000000000004,ramp,58.9,1.6137885678574067,0.007040688736201117,1.0505534245683326,0.05055342456833256,0.006929121781368908,1.56328393372779,0.00018581858086735712,-0.1115669548322094,2,2
590,0.5900000000000004,ramp,59.0,1.6175182589371262,0.0037296910797195437,1.0506098539847712,0.05060985398477125,0.003673450089418595,1.5669573838172086,0.00018626806379425345,-0.05624099030094882,2,2
591,0.5910000000000004,ramp,59.1,1.6245758253341929,0.0070575663970666724,1.0507214967888987,0.0507214967888987,0.006946117989376774,1.5739035018065854,0.0001867172812744755,-0.11144840768989843,2,2
592,0.5920000000000004,ramp,59.2,1.6283246017578907,0.003748776423697864,1.0507780291008975,0.05077802910089746,0.003692433444824631,1.5775959352514102,0.0001871673937606078,-0.056342978873232925,2,2
593,0.5930000000000004,ramp,59.3,1.6353990282090751,0.00707442645118439,1.0508895547014894,0.05088955470148937,0.006963096132616183,1.5845590313840263,0.00018761724217387113,-0.11133031856820716,2,2
594,0.5940000000000004,ramp,59.4,1.639166907543512,0.0037678793344368966,1.0509461894892267,0.05094618948922669,0.003711434788086876,1.5882704661721132,0.0001880679829853445,-0.056444546350020455,2,2
595,0.5950000000000004,ramp,59.5,1.6462581766000925,0.007091269056580529,1.051057598343775,0.0510575983437751,0.0069800563710003816,1.5952505225431135,0.00018851846109585913,-0.11121268558014763,2,2
596,0.5960000000000004,ramp,59.6,1.650045176254294,0.003786999654201484,1.0511143351890115,0.05111433518901154,0.0037304539597926597,1.5989809765029062,0.00018896982900621254,-0.056545694408824135,2,2
597,0.5970000000000004,ramp,59.7,1.6571532706246326,0.007108094370338547,1.051225627753178,0.05122562775317796,0.006996998863433189,1.6059779753663392,0.0001894209355856199,-0.11109550690535826,2,2
598,0.5980000000000004,ramp,59.8,1.6609594078508083,0.003806137226175732,1.051282466239349,0.051282466239348956,0.0037494908015069713,1.6097274661678462,0.00018987292937580258,-0.0566464246687607,2,2
599,0.5990000000000004,ramp,59.9,1.6680843103993876,0.007124902548579337,1.0513936429669395,0.05139364296693949,0.007013923767862618,1.6167413899357088,0.0001903246632031607,-0.11097878071671899,2,2
600,0.6000000000000004,ramp,60.0,1.6719096022938575,0.0038252918944698955,1.0514505826790939,0.05145058267909386,0.003768545155770626,1.6205099350914793,0.0001907772816614464,-0.0567467386992696,2,2
601,0.6010000000000004,ramp,60.1,1.6790512960403434,0.007141693746485878,1.051561644022081,0.051561644022080966,0.007030831241232917,1.6275407663327122,0.00019122964152306295,-0.11086250525296076,2,2
602,0.6020000000000004,ramp,60.2,1.6828957595446392,0.003844463504295792,1.0516186845468967,0.051618684546896665,0.0037876168661135526,1.6313283831988257,0.0001916828834450026,-0.05684663818223941,2,2
603,0.6030000000000004,ramp,60.3,1.69005422766276,0.007158468118120709,1.0517296309554378,0.05172963095543781,0.0070477214395322715,1.638376104638358,0.0001921358681344505,-0.11074667858843729,2,2
604,0.6040000000000004,ramp,60.4,1.6939178795645193,0.003863651901759413,1.051786771881235,0.05178677188123504,0.003806705777019147,1.6421828104153773,0.00019258973232278397,-0.05694612474026585,2,2
605,0.6050000000000004,ramp,60.5,1.7010931053812028,0.007175225816683506,1.0518976038036327,0.05189760380363273,0.007064594517790871,1.6492474049331682,0.00019304334064081406,-0.11063129889263452,2,2
606,0.6060000000000004,ramp,60.6,1.7049759623151515,0.0038828569339486307,1.0519548447203069,0.05195484472030687,0.0038258117339275066,1.6530732166670958,0.00019349782590543093,-0.057045200021124155,2,2
607,0.6070000000000004,ramp,60.7,1.7121679293096501,0.007191966994498644,1.052065562603105,0.05206556260310502,0.0070814506300632424,1.660154667297159,0.00019395205665989786,-0.11051636443540173,2,2
608,0.6080000000000004,ramp,60.8,1.7160700077584643,0.0039020784488141835,1.0521229031021955,0.05212290310219547,0.0038449345832641257,1.663999601880423,0.00019440716181777412,-0.05714386555005779,2,2
609,0.6090000000000004,ramp,60.9,1.7232786995612908,0.007208691802826461,1.0522335073900904,0.05223350739009036,0.007098289929446258,1.6710978918098693,0.000194862013823593,-0.11040187338020364,2,2
610,0.6100000000000004,ramp,61.0,1.727200015856701,0.003921316295410149,1.0522909470647048,0.05229094706470483,0.0038640741723872316,1.6749619659822566,0.00019531773769873977,-0.05724212302291726,2,2
611,0.6110000000000004,ramp,61.1,1.73442541624876,0.0072254003920591,1.0524014382006,0.05240143820059995,0.007115112568099728,1.6820770785503563,0.00019577320977780965,-0.11028782395937266,2,2
612,0.6120000000000004,ramp,61.2,1.7383659865723184,0.003940570323558434,1.0524589766454808,0.052458976645480826,0.003883230349610601,1.6859603088999668,0.00019622955120116543,-0.057339973947833404,2,2
613,0.6130000000000004,ramp,61.3,1.7456080794838396,0.007242092911521114,1.0525693550705277,0.052569355070527735,0.007131918697217703,1.6930922275971845,0.00019668564218232296,-0.11017421430341116,2,2
614,0.6140000000000004,ramp,61.4,1.749567919868069,0.003959840384229363,1.0526269918819922,0.05262699188199216,0.0039024029642022937,1.6969946305613868,0.0001971425999917536,-0.05743742002706914,2,2
615,0.6150000000000004,ramp,61.5,1.756826689377861,0.007258769509792096,1.0527372580355217,0.05273725803552165,0.007148708467060547,1.7041433390284473,0.00019759930871071068,-0.11006104273154904,2,2
616,0.6160000000000004,ramp,61.6,1.7608058157069468,0.003979126329085814,1.0527949928114246,0.052794992811424635,0.003921591866356136,1.7080649308948035,0.00019805688175093152,-0.05753446272967807,2,2
617,0.6170000000000004,ramp,61.7,1.7680812460413466,0.007275430334399813,1.0529051471310271,0.05290514713102712,0.007165482026963032,1.7152304129217666,0.00019851420705022498,-0.10994830743678036,2,2
618,0.6180000000000004,ramp,61.8,1.772079674052293,0.003998428010946409,1.0529629794708641,0.05296297947086415,0.003940796907192236,1.7191712098289589,0.0001989723941727149,-0.057631103754172616,2,2
619,0.6190000000000004,ramp,61.9,1.7793717495842671,0.007292075531974085,1.0530730223923284,0.05307302239232836,0.00718223952532154,1.7263534493542805,0.0001994303349016117,-0.10983600665254514,2,2
620,0.6200000000000004,ramp,62.0,1.7833894948675497,0.004017745283282581,1.053130951897147,0.053130951897147005,0.0039600179387767765,1.7303134672930574,0.00019988913496458036,-0.057727344505804565,2,2
621,0.6210000000000004,ramp,62.1,1.790698200115773,0.007308705248223246,1.053240883854523,0.05324088385452308,0.00719898110960655,1.7375124484026638,0.00020034768997907756,-0.10972413861669653,2,2
622,0.6220000000000004,ramp,62.2,1.7947352781166368,0.004037078000863836,1.0532989101269532,0.0532989101269532,0.003979254814086751,1.7414917032167505,0.00020080710184740787,-0.05782318677708537,2,2
623,0.6230000000000004,ramp,62.3,1.8020605977445696,0.007325319627932814,1.053408731552527,0.0534087315525269,0.00721570692636447,1.748707410143115,0.00020126627001017228,-0.1096127015683436,2,2
624,0.6240000000000004,ramp,62.4,1.8061170237635784,0.004056426019008796,1.0534668541967291,0.05346685419672914,0.003998507387028184,1.7527059175301432,0.00020172629255534892,-0.05791863198061249,2,2
625,0.6250000000000004,ramp,62.5,1.8134589425785819,0.0073419188150034564,1.0535765655210534,0.05357656552105339,0.007232417121226543,1.7599383346513697,0.0002021860727355851,-0.10950169377691321,2,2
626,0.6260000000000004,ramp,62.6,1.8175347317727415,0.004075789194159629,1.053634784142753,0.05363478414275291,0.00401777551242094,1.7639561101637906,0.00020264670483566383,-0.05801368173868893,2,2
627,0.6270000000000004,ramp,62.7,1.8248932347251663,0.007358502952424795,1.0537443857946518,0.053744385794651794,0.007249111838911869,1.7712052220027026,0.0002031070959091236,-0.10939111351292596,2,2
628,0.6280000000000004,ramp,62.8,1.8289884021086353,0.004095167383469045,1.0538027000011345,0.05380270000113452,0.00403705904597541,1.775242281048678,0.000203568336448678,-0.05810833749363489,2,2
629,0.6290000000000004,ramp,62.9,1.8363634742909705,0.0073750721823351295,1.0539121924076904,0.05391219240769041,0.007265791223253109,1.7825080722719313,0.0002040293372976119,-0.1092809590820202,2,2
630,0.6300000000000004,ramp,63.0,1.840478034736188,0.004114560445217519,1.0539706018077577,0.0539706018077577,0.004056357844310884,1.7865644301162422,0.00020449118516764408,-0.0582026009066346,2,2
631,0.6310000000000004,ramp,63.1,1.84786966138208,0.007391626645891991,1.0540799853943412,0.05407998539434122,0.007282455417164032,1.7938468855334062,0.0002049527946807124,-0.10917122872795923,2,2
632,0.6320000000000005,ramp,63.2,1.852003629620579,0.004133968238499097,1.054138489598387,0.05413848959838696,0.004075671764957391,1.7979225572983637,0.00020541524877862232,-0.05829647354170606,2,2
633,0.6330000000000005,ramp,63.3,1.859411796103927,0.0074081664833478555,1.054247764788604,0.054247764788603936,0.007299104562661675,1.8052216618610253,0.00020587746585089018,-0.10906192068618065,2,2
634,0.6340000000000005,ramp,63.4,1.863565186727094,0.004153390623166997,1.0543063634085106,0.05430636340851058,0.00409500066632871,1.809316662527354,0.0002063405250803968,-0.05838995683828726,2,2
635,0.6350000000000005,ramp,63.5,1.8709898785613424,0.007424691834248431,1.0544155306243372,0.05441553062433724,0.007315738800869731,1.8166324013282238,0.00020680334861321304,-0.10895303337870015,2,2
636,0.6360000000000005,ramp,63.6,1.875162706021416,0.004172827460073636,1.0544742232735071,0.05447422327350715,0.004114344407748242,1.820746745735972,0.00020726701188439147,-0.05848305232539382,2,2
637,0.6370000000000005,ramp,63.7,1.882603908858449,0.007441202837032979,1.0545832829351667,0.05458328293516668,0.007332358272041834,1.828079104008014,0.00020773044078537328,-0.10884456499114445,2,2
638,0.6380000000000005,ramp,63.8,1.8867961874693642,0.004192278610915201,1.054642069228563,0.05464206922856296,0.004133702849371763,1.8322128068573857,0.00020819470701448787,-0.05857576154343763,2,2
639,0.6390000000000005,ramp,63.9,1.8942538870988241,0.0074576996294599684,1.0547510217545968,0.054751021754596785,0.007348963115539743,1.8395617699729254,0.00020865874019749303,-0.10873651392022572,2,2
640,0.6400000000000005,ramp,64.0,1.8984656310372565,0.004211743938432377,1.0548099013086538,0.05480990130865382,0.004153075852289741,1.843714845825215,0.0002091236083070071,-0.058668086142635995,2,2
641,0.6410000000000005,ramp,64.1,1.9059398133855034,0.007474182348246927,1.054918747115926,0.054918747115926037,0.00736555346984725,1.8510803992950624,0.00020958824469206975,-0.10862887839967715,2,2
642,0.6420000000000005,ramp,64.2,1.9101710366913645,0.004231223305861009,1.0549777195486068,0.05497771954860675,0.0041724632784441084,1.8552528625735065,0.00021005371361057843,-0.05876002741690093,2,2
643,0.6430000000000005,ramp,64.3,1.9176616878207067,0.0074906511293422184,1.0550864590523135,0.05508645905231346,0.007382129472570827,1.8626349920460774,0.00021051895212382285,-0.10852165677139106,2,2
644,0.6440000000000005,ramp,64.4,1.921912404398359,0.004250716577652414,1.0551455239830876,0.055145523983087585,0.0041918649906403605,1.8668268570367177,0.00021098502078600048,-0.05885158701205307,2,2
645,0.6450000000000005,ramp,64.5,1.92941951050626,0.0075071061079008405,1.0552541575967105,0.055254157596710485,0.007398691260467368,1.874225548297185,0.00021145086035960118,-0.1084148474334726,2,2
646,0.6460000000000005,ramp,64.6,1.9336897341251778,0.004270223618917823,1.055313314646544,0.0553133146465441,0.0042112808525520615,1.878436829149737,0.00021191752770619233,-0.058942766365761845,2,2
647,0.6470000000000005,ramp,64.7,1.9412132815433056,0.007523547418127885,1.0554218427819277,0.055421842781927744,0.0074152389694241445,1.8858520681191613,0.00021238396727839718,-0.1083084487037405,2,2
648,0.6480000000000005,ramp,64.8,1.9455030258390293,0.0042897442957237075,1.0554810915732742,0.05548109157327419,0.0042307107287253625,1.8900827788478867,0.0002128512322560854,-0.05903356699834498,2,2
649,0.6490000000000005,ramp,64.9,1.9530430010323463,0.00753997519331695,1.0555895146406216,0.05558951464062156,0.007431772734457908,1.8975145515823446,0.000213318270771085,-0.10820245885904185,2,2
650,0.6500000000000005,ramp,65.0,1.9573522795073077,0.004309278474961431,1.0556488547974088,0.055648854797408775,0.004250154484541097,1.9017647060668856,0.00021378613233253858,-0.059123990420333755,2,2
651,0.6510000000000005,ramp,65.1,1.9649086690733315,0.00755638956602378,1.0557571732052193,0.055757173205219335,0.007448292689752229,1.909212998756638,0.00021425376874042914,-0.1080968762715512,2,2
652,0.6520000000000005,ramp,65.2,1.9692374950976217,0.004328826024290189,1.0558166043529105,0.05581660435291047,0.00426961198624998,1.913482610742888,0.0002147222258441823,-0.059214038040209145,2,2
653,0.6530000000000005,ramp,65.3,1.9768102857655647,0.00757279066794303,1.055924818508095,0.05592481850809494,0.007464798968620503,1.9209474097115085,0.00021519045910095008,-0.10799169932252696,2,2
654,0.6540000000000005,ramp,65.4,1.9811586725779913,0.004348386812426552,1.055984340273556,0.05598434027355603,0.004289083100944923,1.9252364928124535,0.0002156595107113813,-0.059303711481628954,2,2
655,0.6550000000000005,ramp,65.5,1.9887478512079593,0.007589178629967996,1.0560924505813487,0.05609245058134871,0.007481291703557993,1.9327177845160115,0.00021612833977884585,-0.10788692641000314,2,2
656,0.6560000000000005,ramp,65.6,1.993115811916541,0.004367960708581808,1.0561520625929663,0.056152062592966345,0.004308567696539691,1.9370263522125513,0.00021659798486613484,-0.05939301204211777,2,2
657,0.6570000000000005,ramp,65.7,2.0007213654985465,0.007605553582005431,1.0562600694569788,0.05626006945697881,0.007497771026200722,1.944524123238752,0.0002170674087118727,-0.10778255580470938,2,2
658,0.6580000000000005,ramp,65.8,2.0051089130815996,0.004387547583053042,1.056319771344596,0.05631977134459598,0.00432806564181209,1.948852188880564,0.00021753764625196642,-0.059481941240951616,2,2
659,0.6590000000000005,ramp,65.9,2.0127308287350374,0.0076219156534378385,1.0564276751668262,0.05642767516682623,0.0075142370673690175,1.9563664259479332,0.00021800766384930722,-0.10767858606882101,2,2
660,0.6600000000000005,ramp,66.0,2.017137976042008,0.004407147306970671,1.0564874665617046,0.05648746656170456,0.004347576806345996,1.960714002754279,0.0002184784928238429,-0.059570500624675504,2,2
661,0.6610000000000005,ramp,66.1,2.0247762410144112,0.007638264972403164,1.0565952677425439,0.056595267742543864,0.007530689957030352,1.9682446927113095,0.00021894910315179374,-0.1075750153728119,2,2
662,0.6620000000000005,ramp,66.2,2.0292030007665582,0.004426759752147014,1.0566551482774467,0.056655148277446665,0.004367101060587695,1.9726117937718972,0.00021942052254805028,-0.05965869155931825,2,2
663,0.6630000000000005,ramp,66.3,2.0368576024330736,0.007654601666515326,1.0567628472156512,0.05676284721565117,0.007547129824342168,1.9801589235962394,0.00021989172459129167,-0.10747184217315807,2,2
664,0.6640000000000005,ramp,66.4,2.041303987224423,0.004446384791349622,1.0568228165247722,0.05682281652477217,0.004386638275780829,1.9845455618720202,0.00022036373340216493,-0.059746515568793665,2,2
665,0.6650000000000005,ramp,66.5,2.0489749130869717,0.007670925862548472,1.0569304136175053,0.05693041361750528,0.007563556797625509,1.9921091186696458,0.00022083552615094783,-0.10736906492296322,2,2
666,0.6660000000000005,ramp,66.6,2.0534409353849923,0.004466022298020622,1.0569904713364804,0.056990471336480386,0.004406188323993087,1.9965153069936388,0.0002213081233749635,-0.0598339740275353,2,2
667,0.6670000000000005,ramp,66.7,2.0611281730714355,0.0076872376864431935,1.0570979669793132,0.05709796697931324,0.007579971004414455,2.0040952779980534,0.00022178050582509417,-0.10726668202873813,2,2
668,0.6680000000000005,ramp,66.8,2.0656138452179067,0.00448567214647122,1.0571581127452054,0.057158112745205436,0.004425751078101032,2.0085210290761544,0.00022225369046622933,-0.05992106837018809,2,2
669,0.6690000000000005,ramp,66.9,2.0733173824812177,0.007703537263310967,1.0572655073320885,0.05726550733208846,0.007596372571404151,2.0161174016475587,0.00022272666161903188,-0.10716469190681556,2,2
670,0.6700000000000005,ramp,67.0,2.077822716693067,0.004505334211849288,1.0573257407834267,0.05732574078342667,0.004445326411803403,2.020562728059362,0.000223200432686788,-0.06000780004588452,2,2
671,0.6710000000000005,ramp,67.1,2.0855425414104753,0.007719824717408397,1.0574330347067602,0.0574330347067602,0.007612761624493185,2.0281754896838553,0.00022367399154904962,-0.1070630929152121,2,2
672,0.6720000000000005,ramp,67.2,2.0900675497806174,0.004525008370142025,1.0574933554834651,0.057493355483465125,0.004464914199595473,2.032640403883451,0.00022414834805834264,-0.06009417054655183,2,2
673,0.6730000000000005,ramp,67.3,2.0978036499528656,0.007736100172248239,1.0576005491340783,0.057600549134078305,0.00762913828877533,2.040269542172226,0.00022462249364229786,-0.10696188347290944,2,2
674,0.6740000000000005,ramp,67.4,2.1023483444508946,0.004544694498028967,1.0576609568774853,0.05766095687748529,0.004484514316768862,2.044754056488995,0.0002250974346134824,-0.06018018126010497,2,2
675,0.6750000000000005,ramp,67.5,2.110100708201469,0.007752363750574531,1.0577680506446094,0.05776805064460944,0.007645502688556901,2.0523995591775517,0.00022557216593671492,-0.10686106201763038,2,2
676,0.6760000000000005,ramp,67.6,2.114665100674492,0.00456439247302276,1.0578285449975022,0.05782854499750223,0.0045041266394132305,2.0569036858169647,0.00022604769039545389,-0.06026583360952981,2,2
677,0.6770000000000005,ramp,67.7,2.122433716248916,0.00776861557442432,1.0579355392688072,0.057935539268807235,0.007661854947336646,2.0645655407643013,0.00022652300648093177,-0.10676062708767434,2,2
678,0.6780000000000005,ramp,67.8,2.1270178184222197,0.004584102173303517,1.0579961198753691,0.05799611987536912,0.0045237510444245356,2.069089291808726,0.00022699911345822833,-0.060351128878981426,2,2
679,0.6790000000000005,ramp,67.9,2.134802674187088,0.007784855764868315,1.0581030150369817,0.058103015036981676,0.007678195187816989,2.076767486996543,0.0002274750133341667,-0.10666057705132573,2,2
680,0.6800000000000005,ramp,68.0,2.139406497665193,0.0046038234781051735,1.0581636815427768,0.058163681542776846,0.004543387409468158,2.081310874406011,0.0002279517018662882,-0.06043606863701586,2,2
681,0.6810000000000005,ramp,68.1,2.147207582107436,0.007801084442242701,1.058270477979272,0.058270477979271984,0.007694523531936936,2.0890053979379477,0.00022842818456623518,-0.10656091030576426,2,2
682,0.6820000000000005,ramp,68.2,2.1518311383747273,0.004623556267291384,1.0583312300312817,0.05833123003128171,0.004563035613016724,2.0935684335509643,0.00022890545369468062,-0.06052065427466016,2,2
683,0.6830000000000005,ramp,68.3,2.159648440100988,0.007817301726260606,1.0584379281256773,0.058437928125677274,0.007710840100823571,2.101279273651788,0.00022938251825732877,-0.10646162543703502,2,2
684,0.6840000000000005,ramp,68.4,2.1642917405223954,0.004643300421407481,1.0584987653722937,0.058498765372293704,0.004582695534293299,2.105861969186081,0.0002298603670287953,-0.06060488711418215,2,2
685,0.6850000000000005,ramp,68.5,2.1721252482579887,0.007833507735593326,1.0586053655060688,0.05860536550606876,0.007727145014861905,2.113589114200943,0.0002303380124980737,-0.1063627207314212,2,2
686,0.6860000000000005,ramp,68.6,2.1767883040798632,0.00466305582187454,1.0586662875970527,0.058666287597052724,0.0046023670533067475,2.1181914812542497,0.00023081643996439497,-0.060688768567792456,2,2
687,0.6870000000000005,ramp,68.7,2.184638006668417,0.007849702588553775,1.0587727901501642,0.058772790150164234,0.0077434383936499235,2.1259349196478996,0.00023129466538934,-0.10626419490385175,2,2
688,0.6880000000000005,ramp,68.8,2.189320829019264,0.004682822350846827,1.0588337967366506,0.05883379673665057,0.004622050050841624,2.130556969698741,0.00023177367060748285,-0.06077230000520271,2,2
689,0.6890000000000005,ramp,68.9,2.197186715421474,0.007865886402210087,1.0589402020875498,0.0589402020875498,0.007759720356009833,2.1383166900547512,0.00023225247504223513,-0.1061660462002541,2,2
690,0.6900000000000005,ramp,69.0,2.2018893153128136,0.004702599891339698,1.0590012928220605,0.05900129282206046,0.004641744408438626,2.14295843446319,0.0002327320570742463,-0.060855482901071845,2,2
691,0.6910000000000005,ramp,69.1,2.209771374606007,0.00788205929319341,1.0591076013476264,0.05910760134762638,0.007775991020000245,2.1507344254831904,0.0002332114395780064,-0.10606827319316596,2,2
692,0.6920000000000005,ramp,69.2,2.214493762932922,0.004722388326915183,1.0591687758840689,0.05916877588406888,0.004661450008427044,2.1553958754916174,0.0002336915974909005,-0.06093831848813947,2,2
693,0.6930000000000005,ramp,69.3,2.2223919843102644,0.007898221377342196,1.0592749879597114,0.05927498795971142,0.007792250502926392,2.1631881259945436,0.0002341715571279295,-0.10597087441580402,2,2
694,0.6940000000000005,ramp,69.4,2.2271341718523807,0.004742187542116305,1.059336245953355,0.05933624595335507,0.004681166733858062,2.1678692927284016,0.0002346522899938225,-0.06102080825824349,2,2
695,0.6950000000000005,ramp,69.5,2.2350485446220536,0.007914372769672884,1.0594423619529583,0.05944236195295827,0.007808498921344665,2.175677791649746,0.00023513282583330003,-0.10587384832821868,2,2
696,0.6960000000000005,ramp,69.6,2.2398105420441,0.004761997422046527,1.0595037030604335,0.05950370306043351,0.00470089446854811,2.1803786861182943,0.0002356141327291981,-0.061102953498416886,2,2
697,0.6970000000000005,ramp,69.7,2.247741055628545,0.007930513584444743,1.0596097233563853,0.05960972335638526,0.007824736391053008,2.188203422509347,0.00023609524384530855,-0.10577719339173453,2,2
698,0.6980000000000005,ramp,69.8,2.2525228734812117,0.0047818178526668476,1.0596711472356766,0.05967114723567657,0.00472063309707075,2.192924055606418,0.00023657712385313128,-0.06118475559609756,2,2
699,0.6990000000000005,ramp,69.9,2.2604695174164537,0.007946643935242026,1.05977707219886,0.05977707219885997,0.007840963027099015,2.2007650186335166,0.00023705880932496025,-0.1056809081430108,2,2
700,0.7000000000000005,ramp,70.0,2.2652711661371048,0.0048016487206510305,1.0598385785093114,0.0598385785093114,0.004740382504737811,2.205505401138254,0.00023754126153153698,-0.06126621591321952,2,2
701,0.7010000000000005,ramp,70.1,2.273233930072012,0.007962763934907358,1.0599444085091503,0.05994440850915028,0.007857178943790686,2.213362580082045,0.00023802352044303035,-0.10558499111667195,2,2
702,0.7020000000000005,ramp,70.2,2.278055419985424,0.004821489913411803,1.0600059969114324,0.06000599691143238,0.004760142577613137,2.218122722659658,0.00023850654394002525,-0.061347335798665574,2,2
703,0.7030000000000005,ramp,70.3,2.2860342936809284,0.00797887369550443,1.060111732315844,0.06011173231584399,0.007873384254683823,2.2259961069143417,0.00023898937537997176,-0.10548944082060599,2,2
704,0.7040000000000005,ramp,70.4,2.2908756349999813,0.004841341319052894,1.060173402471995,0.0601734024719951,0.004779913202498299,2.23077602011684,0.0002394729692638927,-0.06142811655459549,2,2
705,0.7050000000000005,ramp,70.5,2.2988706083284187,0.00799497332843746,1.060279043647425,0.06027904364742498,0.007889579072611628,2.2386655991894515,0.00023995637232588057,-0.10539425582583271,2,2
706,0.7060000000000005,ramp,70.6,2.303731811154874,0.004861202826455191,1.0603407952207928,0.06034079522079283,0.00479969426690811,2.2434652934563597,0.00024044053569794571,-0.061508559547080593,2,2
707,0.7070000000000005,ramp,70.7,2.3117428740990844,0.0080110629442105,1.0604463425322297,0.06044634253222969,0.00790576350968527,2.251371056966045,0.00024092450948033894,-0.10529943452523144,2,2
708,0.7080000000000005,ramp,70.8,2.3166239484242745,0.004881074325190138,1.0605081751875378,0.060508175187537816,0.0048194856591044005,2.2561905426251494,0.00024140924144655987,-0.061588666085737355,2,2
709,0.7090000000000005,ramp,70.9,2.3246510910771616,0.008027142652887065,1.0606136289984924,0.06061362899849243,0.007921937677270547,2.26411248030242,0.00024189378505246373,-0.1052049756165175,2,2
710,0.7100000000000005,ramp,71.0,2.3295520467828927,0.004900955705731125,1.0606755424017331,0.06067554240173312,0.004839287268060065,2.26895176757048,0.00024237908472353676,-0.06166843767105995,2,2
711,0.7110000000000005,ramp,71.1,2.3375952593464593,0.008043212563566549,1.060780903074254,0.0607809030742541,0.007938101686029351,2.276889869256509,0.00024286419726070646,-0.1051108775371977,2,2
712,0.7120000000000005,ramp,71.2,2.342516106205261,0.004920846858801564,1.0608428968928045,0.06084289689280453,0.004859098983483255,2.2817489682399925,0.00024335006375200062,-0.06174787531830917,2,2
713,0.7130000000000005,ramp,71.3,2.3505753789900616,0.008059272784800786,1.0609481647874976,0.06094816478749765,0.007954255645883847,2.2897032238858763,0.00024383574433287325,-0.10501713891693937,2,2
714,0.7140000000000005,ramp,71.4,2.3555161266664344,0.004940747676372759,1.0610102386899871,0.06101023868998712,0.004878920695786115,2.2945821445816623,0.00024432217676440405,-0.06182698058664407,2,2
715,0.7150000000000005,ramp,71.5,2.363591450090738,0.008075323424303615,1.0611154141660077,0.06111541416600774,0.007970399666058003,2.30255254424772,0.00024480842450607076,-0.10492375824561195,2,2
716,0.7160000000000005,ramp,71.6,2.368552108141603,0.004960658050864986,1.061177567822437,0.06117756782243711,0.004898752296103471,2.3074512965438236,0.00024529542200242874,-0.06190575476151469,2,2
717,0.7170000000000005,ramp,71.7,2.376643472730705,0.008091364589101868,1.061282651237517,0.06128265123751708,0.007986533855063078,2.3154378303988867,0.00024578223602653924,-0.10483073403879002,2,2
718,0.7180000000000005,ramp,71.8,2.381624050606038,0.004980577875333125,1.0613448843191484,0.06134488431914842,0.004918593676274837,2.3203564240751615,0.0002462697977168957,-0.06198419905828825,2,2
719,0.7190000000000005,ramp,71.9,2.389731446991792,0.008107396385753862,1.061449876029577,0.061449876029576966,0.008002658320685729,2.3283590823958473,0.0002467571771497017,-0.10473806506813323,2,2
720,0.7200000000000005,ramp,72.0,2.3947319540353798,0.0050005070435878984,1.0615121882089784,0.06151218820897841,0.004938444728844543,2.333297527124692,0.0002472453021677553,-0.06206231474335539,2,2
721,0.7210000000000005,ramp,72.1,2.402855372955147,0.0081234189197672,1.0616170885696026,0.061617088569602574,0.00801877317003579,2.3413163002947277,0.0002477332461399841,-0.10464574973141107,2,2
722,0.7220000000000005,ramp,72.2,2.4078758184054987,0.00502044545035174,1.0616794795206674,0.061679479520667435,0.004958305347060005,2.3462746056417876,0.0002482219336239324,-0.062140103291735,2,2
723,0.7230000000000005,ramp,72.3,2.416015250701669,0.008139432296170312,1.0617842888849431,0.06178428888494314,0.008034878509506604,2.3543094841512944,0.0002487104412708526,-0.10455378666370842,2,2
724,0.7240000000000005,ramp,72.4,2.4210556436923607,0.0050403929906917,1.0618467582828361,0.061846758282836145,0.004978175424863831,2.3592876595761583,0.0002491996903633566,-0.06221756582786876,2,2
725,0.7250000000000005,ramp,72.5,2.4292110803115725,0.008155436619211809,1.0619514770027525,0.0619514770027525,0.008050974444790377,2.367338634020949,0.00024968876082464073,-0.10446217442143177,2,2
726,0.7260000000000005,ramp,72.6,2.434271429872268,0.005060349560695343,1.0620140245239365,0.06201402452393645,0.004998054856910122,2.372336688877859,0.00025017857067282084,-0.06229470378522114,2,2
727,0.7270000000000005,ramp,72.7,2.442442861864774,0.00817143199250614,1.0621186529501225,0.06211865295012253,0.008067061080897709,2.3804037499587567,0.00025066820309262963,-0.10437091160843057,2,2
728,0.7280000000000005,ramp,72.8,2.447523176921621,0.005080315056846807,1.0621812782723272,0.06218127827232722,0.005017943538504759,2.3854216934972614,0.0002511585728479887,-0.06237151834204754,2,2
729,0.7290000000000005,ramp,72.9,2.455710595440657,0.00818741851903626,1.0622858167539813,0.06228581675398126,0.00808313852216621,2.3935048320194277,0.0002516487663748315,-0.10427999687005057,2,2
730,0.7300000000000005,ramp,73.0,2.4608108848171497,0.0051002893764926505,1.0623485195562197,0.06234851955621967,0.005037841365667131,2.3985426733850947,0.0002521396951932525,-0.06244801082551984,2,2
731,0.7310000000000005,ramp,73.1,2.4690142811180555,0.00820339630090583,1.0624529684411617,0.06245296844116166,0.00809920687222749,2.406641880257322,0.000252630448980022,-0.10418942867834041,2,2
732,0.7320000000000005,ramp,73.2,2.474134553535689,0.005120272417633576,1.0625157484037155,0.06251574840371554,0.0050577482350959236,2.411699628492418,0.00025312193602169736,-0.06252418253765209,2,2
733,0.7330000000000005,ramp,73.3,2.4823539189755586,0.008219365439869453,1.0626201080383484,0.06262010803834839,0.008115266234032076,2.4198148947264504,0.0002536132492256217,-0.10409920583737652,2,2
734,0.7340000000000005,ramp,73.4,2.487494183054323,0.005140264078764556,1.062682964842776,0.06268296484277602,0.005077664044167845,2.424892558770618,0.0002541052936551071,-0.06260003459671123,2,2
735,0.7350000000000005,ramp,73.5,2.4957295090910474,0.008235326036724278,1.0627872355721362,0.06278723557213617,0.008131316709872913,2.433023875480491,0.0002545971654377263,-0.10400932685136408,2,2
736,0.7360000000000005,ramp,73.6,2.50088977335032,0.00516026425927274,1.0628501689012324,0.0628501689012324,0.005097588690905369,2.4381214641713966,0.00025508976642379266,-0.06267556836737127,2,2
737,0.7370000000000005,ramp,73.7,2.509141051542033,0.008251278191712785,1.0629543510689743,0.06295435106897429,0.008147358401371454,2.446268822572768,0.0002555821959509035,-0.1039197903413315,2,2
738,0.7380000000000005,ramp,73.8,2.5143213244013345,0.00518027285930156,1.0630173606068247,0.06301736060682472,0.005117522074051438,2.4513863446468194,0.00025607535266660076,-0.06275078525012218,2,2
739,0.7390000000000005,ramp,73.9,2.5225885464056264,0.008267222004291863,1.0631214545552008,0.0631214545552008,0.008163391409439854,2.459549736056259,0.0002565683391082508,-0.10383059485200886,2,2
740,0.7400000000000005,ramp,74.0,2.527788836184884,0.005200289779257794,1.063184539987136,0.06318453998713602,0.005137464092997593,2.464687200149257,0.0002570620507308492,-0.0628256862602013,2,2
741,0.7410000000000005,ramp,74.1,2.5360719937584686,0.008283157573584443,1.0632885460570618,0.0632885460570618,0.00817941583436781,2.472866615983625,0.0002575555932612779,-0.1037417392166333,2,2
742,0.7420000000000005,ramp,74.2,2.54129230867903,0.005220314920561631,1.0633517070696297,0.06335170706962967,0.005157414647772508,2.4780240306313974,0.0002580498589722349,-0.0629002727891223,2,2
743,0.7430000000000005,ramp,74.3,2.5495913936766588,0.008299084997628547,1.063455625600633,0.06345562560063289,0.008195431775773813,2.4862194624071714,0.0002585439567698708,-0.10365322185473466,2,2
744,0.7440000000000005,ramp,74.4,2.5548317418617947,0.005240348185135968,1.0635188618816933,0.06351886188169331,0.005177373639094102,2.4913968360462655,0.00025903877575478095,-0.06297454604186573,2,2
745,0.7450000000000006,ramp,74.5,2.5631467462360087,0.008315004374213952,1.0636226932119297,0.0636226932119297,0.008211439332607201,2.499608275378873,0.00025953342800223884,-0.10356504160675094,2,2
746,0.7460000000000006,ramp,74.6,2.568407135711569,0.005260389475560512,1.0636860044504821,0.06368600445048211,0.005197340968328607,2.5048056163472014,0.00026002879945081657,-0.06304850723190449,2,2
747,0.7470000000000006,ramp,74.7,2.576738050456605,0.008330914745035667,1.0637897489147743,0.06378974891477429,0.008227437550508294,2.51303305389771,0.00026052400474080843,-0.10347719452737277,2,2
748,0.7480000000000006,ramp,74.8,2.5820184912762345,0.005280440819629639,1.0638531348205131,0.06385313482051314,0.005217318642637478,2.5182503725403476,0.0002610199273601126,-0.06312217699216104,2,2
749,0.7490000000000006,ramp,74.9,2.590365307458442,0.008346816182207561,1.0639567927297904,0.06395679272979038,0.008243426524467965,2.5264937990648155,0.00026151568523741974,-0.10338965773959603,2,2
750,0.7500000000000006,ramp,75.0,2.5956658074655508,0.005300500007108688,1.0640202529982739,0.06402025299827385,0.005237304465927019,2.5317311035307424,0.0002620121586156903,-0.06319554118166919,2,2
751,0.7510000000000006,ramp,75.1,2.6040285173207502,0.00836270985519949,1.064123824687956,0.06412382468795608,0.008259407400063474,2.5399905109308056,0.00026250846846017256,-0.10330245513601698,2,2
752,0.7520000000000006,ramp,75.2,2.6093490842601215,0.0053205669393712185,1.0641873590124211,0.06418735901242112,0.005257298341746566,2.5452478092725523,0.00026300549185990374,-0.0632685976246529,2,2
753,0.7530000000000006,ramp,75.3,2.6177276801183673,0.008378595858245852,1.0642908448156185,0.06429084481561853,0.00827538027373619,2.5535231895462887,0.00026350235289905306,-0.10321558450966141,2,2
754,0.7540000000000006,ramp,75.4,2.6230683216394333,0.0053406415210659475,1.064354452890146,0.06435445289014607,0.005277300174062389,2.558800489720351,0.0002639999255425558,-0.06334134700355844,2,2
755,0.7550000000000006,ramp,75.5,2.6314627959250645,0.008394474285631226,1.0644578531385176,0.0644578531385176,0.00829134524122775,2.567091834961579,0.0002644973369898918,-0.1031290444034761,2,2
756,0.7560000000000006,ramp,75.6,2.6368235195831424,0.005360723658077937,1.0645215346583168,0.06452153465831678,0.005297309867464052,2.5723891448290432,0.00026499545809447833,-0.06341379061388513,2,2
757,0.7570000000000006,ramp,75.7,2.645233864814081,0.008410345230938532,1.0646248496821178,0.06462484968211779,0.008307302397639571,2.580696447226683,0.0002654934191624347,-0.10304283329896045,2,2
758,0.7580000000000006,ramp,75.8,2.650614678070667,0.0053808132565862365,1.0646886043435893,0.06468860434358925,0.005317327327150101,2.586013774553833,0.0002659920879463312,-0.06348592943613597,2,2
759,0.7590000000000006,ramp,75.9,2.659040886858221,0.008426208787553957,1.0647918344717016,0.06479183447170156,0.008323251837438306,2.5943370263912713,0.0002664905978492465,-0.10295695011565062,2,2
760,0.7600000000000006,ramp,76.0,2.6644417970819836,0.005400910223762434,1.0648556619724356,0.06485566197243564,0.005337352458986833,2.599674378850258,0.0002669898135330763,-0.06355776477560103,2,2
761,0.7610000000000006,ramp,76.1,2.672883862129802,0.008442065047818303,1.064958807532482,0.06495880753248207,0.008339193654456461,2.6080135725047144,0.00026748887148808664,-0.10287139336184227,2,2
762,0.7620000000000006,ramp,76.2,2.678304876597022,0.005421014467219987,1.065022707571208,0.06502270757120798,0.005357385169441261,2.6133709576741557,0.00026798863329562025,-0.0636292977787261,2,2
763,0.7630000000000006,ramp,76.3,2.686762790700702,0.008457914103680242,1.0651257688894522,0.0651257688894522,0.008355127941896315,2.6217260856160522,0.00026848823852319143,-0.10278616178392708,2,2
764,0.7640000000000006,ramp,76.4,2.692203916595953,0.00544112589525092,1.0651897411661526,0.06518974116615261,0.00537742536561389,2.6271035109816663,0.0002689885456815962,-0.06370052963703028,2,2
765,0.7650000000000006,ramp,76.5,2.700677672642172,0.008473756046218917,1.0652927185675525,0.06529271856755248,0.008371054792351514,2.6354745657740177,0.0002694886974056772,-0.10270125386740298,2,2
766,0.7660000000000006,ramp,76.6,2.7061389170591283,0.00546124441695639,1.0653567627833662,0.06535676278336622,0.005397472955222594,2.64087203872924,0.00026998954914557997,-0.06377146173379596,2,2
767,0.7670000000000006,ramp,76.7,2.7146285080254677,0.008489590966339389,1.0654596565915562,0.06545965659155617,0.008386974297782105,2.6492590130270224,0.0002704902465936791,-0.102616668557284,2,2
768,0.7680000000000006,ramp,76.8,2.72010987796702,0.005481369941552128,1.0655237724488202,0.06552377244882024,0.005417527846603591,2.654676540873626,0.000270991642149389,-0.0638420949485366,2,2
769,0.7690000000000006,ramp,76.9,2.7286152969210598,0.00850541895403989,1.0656265829861797,0.06562658298617974,0.008402886549547359,2.6630794274231735,0.0002714928845526143,-0.10253240449253041,2,2
770,0.7700000000000006,ramp,77.0,2.7341167993003754,0.005501502379315681,1.0656907701883995,0.06569077018839953,0.005437589948693512,2.668517017371867,0.00027199482316196737,-0.06391243062216917,2,2
771,0.7710000000000006,ramp,77.1,2.742638039399082,0.008521240098706695,1.0657934977760046,0.06579349777600463,0.008418791638386817,2.6769358090102537,0.0002724966097550577,-0.10244846031987748,2,2
772,0.7720000000000006,ramp,77.2,2.7481596810400672,0.00552164164098512,1.0658577560278406,0.06585775602784061,0.00545765917107209,2.682393468181326,0.00027299909065961025,-0.06398246991303011,2,2
773,0.7730000000000006,ramp,77.3,2.756696735529358,0.008537054489290874,1.0659604009854762,0.06596040098547618,0.008434689654419233,2.690828157835745,0.0002735014206809834,-0.10236483487164119,2,2
774,0.7740000000000006,ramp,77.4,2.7622385231672735,0.005541787637915352,1.0660247299928198,0.06602472999281983,0.005477735423895325,2.6963058932596407,0.000274004443125859,-0.06405221402002673,2,2
775,0.7750000000000006,ramp,77.5,2.770791385381197,0.008552862213923706,1.0661272926389687,0.06612729263896866,0.008450580687182773,2.7047564739468233,0.000274507315817574,-0.10228152674093306,2,2
776,0.7760000000000006,ramp,77.6,2.7763533256631816,0.005561940281984423,1.0661916921088257,0.0661916921088257,0.005497818617925908,2.7102542925647493,0.0002750108790515243,-0.06412166405851509,2,2
777,0.7770000000000006,ramp,77.7,2.7849219890235424,0.008568663360360773,1.0662941727607493,0.06629417276074934,0.008466464825614535,2.718720757390364,0.0002755142936592419,-0.10219853474623813,2,2
778,0.7780000000000006,ramp,77.8,2.790504088509299,0.005582099485756498,1.066358642401297,0.06635864240129696,0.005517908664523957,2.724238666054888,0.00027601839693466694,-0.06419082123254073,2,2
779,0.7790000000000006,ramp,77.9,2.7990885465248967,0.008584458015597818,1.0664610413749518,0.06646104137495179,0.0084823421580213,2.732721008212909,0.0002765223527077149,-0.10211585757651832,2,2
780,0.7800000000000006,ramp,78.0,2.804690811687259,0.0056022651623623965,1.0665255808955518,0.06652558089555183,0.005538005475687396,2.7382590136885967,0.00027702699528059686,-0.06425968667500039,2,2
781,0.7810000000000006,ramp,78.1,2.8132910579533172,0.008600246266058154,1.0666278985056337,0.06662789850563366,0.008498212772130769,2.7467572264607276,0.00027753149147186166,-0.10203349392738474,2,2
782,0.7820000000000006,ramp,78.2,2.8189134951789834,0.005622437225666133,1.0666925076167972,0.06669250761679724,0.005558108963956024,2.7523153354246834,0.00027803667260179333,-0.06432826171010822,2,2
783,0.7830000000000006,ramp,78.3,2.8275295233767097,0.008616028197726333,1.0667947441767303,0.06679474417673026,0.008514076755091644,2.760829412179775,0.00027854170846778687,-0.10195144263468875,2,2
784,0.7840000000000006,ramp,78.4,2.8331721389662667,0.005642615589557032,1.0668594225900971,0.06685942259009714,0.005578219042480627,2.7664076312222554,0.0002790474274179263,-0.06439654707640456,2,2
785,0.7850000000000006,ramp,78.5,2.841803942862214,0.00863180389594742,1.0669615784120974,0.06696157841209738,0.008529934193448748,2.774937565415704,0.00027955300221871933,-0.10186970249867304,2,2
786,0.7860000000000006,ramp,78.6,2.8474667430315366,0.005662800169322413,1.0670263258404744,0.06702632584047441,0.005598335625005039,2.780535901040709,0.0002800592582557678,-0.06446454431737347,2,2
787,0.7870000000000006,ramp,78.7,2.8561143164768588,0.008647573445322188,1.0671284012354822,0.06712840123548225,0.008545785173175818,2.7890816862138847,0.0002805653712549901,-0.1017882721463699,2,2
788,0.7880000000000006,ramp,78.8,2.861797307357098,0.00568299088023938,1.0671932173927767,0.06719321739277673,0.005618458625833939,2.7947001448397186,0.00028107216364919277,-0.06453225440544111,2,2
789,0.7890000000000006,ramp,78.9,2.8704606442870455,0.008663336929947363,1.0672952126704827,0.06729521267048266,0.008561629779655563,2.803261774619374,0.00028157881411402727,-0.10170715029179933,2,2
790,0.7900000000000006,ramp,79.0,2.876163831925485,0.005703187638439466,1.0673600972717954,0.06736009727179537,0.005638587959878668,2.808900362579253,0.0002820861421391481,-0.06459967856079808,2,2
791,0.7910000000000006,ramp,79.1,2.8848429263591435,0.008679094433658552,1.067462012740678,0.06746201274067798,0.008577468097688137,2.817477830676941,0.0002825933293402432,-0.10162633597041518,2,2
792,0.7920000000000006,ramp,79.2,2.890566316719553,0.005723390360409475,1.0675269655022137,0.06752696550221371,0.005658723542607462,2.8231365542195483,0.0002831011922735242,-0.06466681780201329,2,2
793,0.7930000000000006,ramp,79.3,2.899261162758673,0.008694846039119852,1.0676288014694908,0.0676288014694908,0.008593300211519592,2.831729854431068,0.00028360891548511537,-0.10154582760026065,2,2
794,0.7940000000000006,ramp,79.4,2.9050047617221355,0.005743598963462659,1.0676938221085925,0.06769382210859254,0.005678865290068066,2.837408719721136,0.0002841173126072986,-0.06473367339459353,2,2
795,0.7950000000000006,ramp,79.5,2.9137153535510927,0.00871059182895717,1.0677955788802829,0.06779557888028287,0.0086091262047947,2.8460178459259304,0.00028462557110700765,-0.10146562416247021,2,2
796,0.7960000000000006,ramp,79.6,2.9194791669163607,0.005763813365267989,1.0678606671153825,0.06786066711538252,0.005699013118884506,2.851716859044815,0.00028513450170226,-0.06480024638348333,2,2
797,0.7970000000000006,ramp,79.7,2.9282054988014163,0.008726331885055671,1.067962344996269,0.06796234499626896,0.008624946160623616,2.860341805205439,0.0002856432947712033,-0.10138572443205499,2,2
798,0.7980000000000006,ramp,79.8,2.933989532285503,0.005784033484086848,1.0680275005469755,0.06802750054697548,0.005719166946233646,2.8660609721516725,0.0002861527581271709,-0.0648665378532023,2,2
799,0.7990000000000006,ramp,79.9,2.942731598574121,0.008742066288617956,1.0681290998406088,0.06812909984060878,0.008640760161511076,2.874701732313184,0.00028666208504992216,-0.1013061271068795,2,2
800,0.8000000000000006,ramp,80.0,2.948535857813045,0.0058042592389240255,1.068194322427607,0.06819432242760692,0.0057393266898838995,2.8804410590030676,0.0002871720804576153,-0.06493254904012605,2,2
801,0.8010000000000006,ramp,80.1,2.957293652933569,0.00875779512052377,1.0682958434363585,0.06829584343635853,0.00865656828942298,2.8890976272924904,0.0002876819405221189,-0.10122683110079002,2,2
802,0.8020000000000006,ramp,80.2,2.963118143482603,0.005824490549033889,1.0683611327814502,0.06836113278145017,0.0057594922681327865,2.894857119560623,0.0002881924672759901,-0.06499828090110286,2,2
803,0.8030000000000006,ramp,80.3,2.971891661943496,0.008773518460893026,1.068462575806466,0.06846257580646609,0.00867237062577715,2.9035294901864,0.00028870285977361325,-0.10114783511587684,2,2
804,0.8040000000000006,ramp,80.4,2.977736389278047,0.005844727334550992,1.0685279316325667,0.06852793163256665,0.0057796635998517976,2.909309153786252,0.00028921391717143485,-0.06506373469919446,2,2
805,0.8050000000000006,ramp,80.5,2.986525625667452,0.008789236389405097,1.0686292969738052,0.06862929697380515,0.00868816725140448,2.9179973210376566,0.0002897248413969259,-0.10106913800061665,2,2
806,0.8060000000000006,ramp,80.6,2.992390595183308,0.005864969515855911,1.0686947190049427,0.06869471900494273,0.005799840604467559,2.923797161642124,0.00029023642873984493,-0.06512891138835217,2,2
807,0.8070000000000006,ramp,80.7,3.001195544168382,0.008804948985074112,1.0687960069611253,0.06879600696112531,0.00870395824661847,2.9325011198887427,0.00029074788399126934,-0.10099073845564258,2,2
808,0.8080000000000006,ramp,80.8,3.007080761182627,0.005885217014244937,1.0688614949223982,0.06886149492239824,0.00582002320194289,2.9383211430906857,0.00029126000058378795,-0.06519381230204666,2,2
809,0.8090000000000006,ramp,80.9,3.0159014175091734,0.008820656326546494,1.0689627057910986,0.06896270579109864,0.008719743691157284,2.947040886781843,0.0002917719861625484,-0.10091263538920987,2,2
810,0.8100000000000006,ramp,81.0,3.0218068872602606,0.005905469751087189,1.0690282594087313,0.06902825940873125,0.0058402113128075955,2.9528810980946507,0.00029228463131243,-0.0652584382795935,2,2
811,0.8110000000000006,ramp,81.1,3.0306432457521084,0.008836358491847829,1.0691293934863102,0.0691293934863102,0.008735523664217851,2.9616166217588686,0.00029279714652327026,-0.10083482762997774,2,2
812,0.8120000000000006,ramp,81.2,3.0365689734006915,0.005925727648583123,1.0691950124875855,0.06919501248758553,0.005860404858130079,2.9674770266169985,0.000293310319541605,-0.06532279045304464,2,2
813,0.8130000000000006,ramp,81.3,3.0454210289591246,0.008852055558433047,1.0692960700692407,0.06929607006924066,0.008751298244454928,2.9762283248614536,0.00029382336369253987,-0.10075731397811948,2,2
814,0.8140000000000006,ramp,81.4,3.051367019588749,0.005945990629624198,1.069361754182549,0.06936175418254908,0.0058806037595296986,2.9821089286209834,0.0002943370638936642,-0.06538687009449966,2,2
815,0.8150000000000006,ramp,81.5,3.0602347671919086,0.008867747603159781,1.0694627355622945,0.06946273556229454,0.008767067509971234,2.9908759961309546,0.00029485063629594593,-0.10068009318854772,2,2
816,0.8160000000000006,ramp,81.6,3.066201025809168,0.005966258617259523,1.0695284845171145,0.06952848451711446,0.005900807939146921,2.9967768040701013,0.0002953648629974568,-0.06545067811260241,2,2
817,0.8170000000000006,ramp,81.7,3.0750844605116776,0.008883434702509518,1.0696293899877645,0.06962938998776447,0.008782831538368837,3.00555963560847,0.00029587896296567667,-0.1006031641406814,2,2
818,0.8180000000000006,ramp,81.8,3.081070992046974,0.005986531535296269,1.0696952035146234,0.06969520351462344,0.0059210173196594055,3.0114806529281295,0.00029639371548837915,-0.06551421563686342,2,2
819,0.8190000000000006,ramp,81.9,3.089970108979433,0.008899116932459261,1.0697960333678702,0.06979603336787021,0.008798590406670874,3.0202792433348002,0.0002969083423402264,-0.10052652578838688,2,2
820,0.8200000000000006,ramp,82.0,3.095976918287385,0.0060068093079519436,1.0698619111984036,0.06986191119840357,0.005941231824292197,3.0262204751590924,0.0002974236200081528,-0.06557748365974662,2,2
821,0.8210000000000006,ramp,82.1,3.104891712655528,0.00891479436814313,1.0699626657247445,0.06996266572474452,0.008814344191408308,3.035034819350501,0.0002979387730646319,-0.10045017673482315,2,2
822,0.8220000000000006,ramp,82.2,3.1109188045157437,0.006027091860215439,1.0700286075916037,0.07002860759160368,0.005961451376787687,3.0409962707272884,0.0002984545752049876,-0.06564048342775144,2,2
823,0.8230000000000006,ramp,82.3,3.1198492716002484,0.008930467084504734,1.0701292870803831,0.07012928708038313,0.008830092968549301,3.049826363695838,0.0002989702537902662,-0.10037411595543305,2,2
824,0.8240000000000006,ramp,82.4,3.1258966507177335,0.006047379117485097,1.0701952927173437,0.0701952927173437,0.005981675901422807,3.0558080395972604,0.00029948657973344583,-0.06570321606228988,2,2
825,0.8250000000000006,ramp,82.5,3.134842785873489,0.008946135155755375,1.0702958974567642,0.07029589745676423,0.008845836813555446,3.0646538764108158,0.00030000278317480545,-0.10029834219992852,2,2
826,0.8260000000000006,ramp,82.6,3.1409104568786783,0.006067671005189457,1.0703619665986142,0.07036196659861416,0.006001905322991852,3.070655781733808,0.0003005196322542917,-0.06576568219760458,2,2
827,0.8270000000000006,ramp,82.7,3.1498722555347403,0.008961798656061948,1.070462496875736,0.07046249687573591,0.00886157580138226,3.07951735753519,0.00030103635988223905,-0.10022285467968864,2,2
828,0.8280000000000006,ramp,82.8,3.155960222984745,0.00608796745000495,1.0705286292583622,0.07052862925836223,0.00602213956680375,3.0855394971019936,0.00030155373143471334,-0.06582788320119974,2,2
829,0.8290000000000006,ramp,82.9,3.16493768064288,0.008977457658134735,1.0706290853590619,0.07062908535906187,0.00887731000642707,3.094416807108421,0.00030207098258279636,-0.10014765170766535,2,2
830,0.8300000000000006,ramp,83.0,3.1710459490218477,0.006108268378967718,1.070695280719369,0.07069528071936904,0.006042378558705113,3.100459185667126,0.0003025888759480283,-0.06588982026260563,2,2
831,0.8310000000000006,ramp,83.1,3.1800390612569753,0.008993112235127665,1.0707956629284194,0.07079566292841943,0.008893039502595077,3.109352225169721,0.000303106649952999,-0.10007273253258807,2,2
832,0.8320000000000006,ramp,83.2,3.186167634976265,0.006128573719289765,1.0708619210043786,0.0708619210043786,0.00606262222505709,3.1154148473947783,0.00030362506447377915,-0.0659514942326746,2,2
833,0.8330000000000006,ramp,83.3,3.195176397435349,0.009008762459083997,1.0709622296054158,0.07096222960541576,0.008908764363265256,3.1243236117580433,0.00030414336067541845,-0.09999809581874054,2,2
834,0.8340000000000006,ramp,83.4,3.201325280834147,0.006148883398797711,1.0710285501360282,0.07102855013602816,0.00608287049271029,3.130406482250754,0.00030466229569767607,-0.06601290608742108,2,2
835,0.8350000000000006,ramp,83.5,3.21034968923609,0.009024408401943074,1.071128785411535,0.071128785411535,0.00892448466132977,3.1393309669120835,0.00030518111343883663,-0.09992374061330335,2,2
836,0.8360000000000006,ramp,83.6,3.2165188865821523,0.006169197346062472,1.0711951681368683,0.07119516813686833,0.006103123289025348,3.1454340902011086,0.0003057005683115376,-0.06607405703712345,2,2
837,0.8370000000000006,ramp,83.7,3.225558936716947,0.009040050134794697,1.0712953303682258,0.07129533036822577,0.00894020046916695,3.1543742906702756,0.0003062199069381515,-0.09984966562774644,2,2
838,0.8380000000000006,ramp,83.8,3.231748452206855,0.006189515489908093,1.071361775029361,0.07136177502936092,0.006123380541883567,3.160497671212159,0.0003067398810132718,-0.06613494802452588,2,2
839,0.8390000000000006,ramp,83.9,3.2408041399354044,0.009055687728549255,1.0714618644968017,0.0714618644968017,0.008955911858629127,3.1694535830707884,0.00030725973987425967,-0.09977586992012885,2,2
840,0.8400000000000006,ramp,84.0,3.247013977695152,0.006209837759747483,1.07152837083587,0.07152837083587005,0.006143642179676031,3.1755972252504643,0.00030778023250679676,-0.0661955800714516,2,2
841,0.8410000000000006,ramp,84.1,3.2560852989484306,0.009071321253278697,1.0716283878185262,0.0716283878185262,0.008971618901068719,3.184568844151533,0.00030830061095414086,-0.09970235220997832,2,2
842,0.8420000000000006,ramp,84.2,3.262315463034097,0.006230164085666345,1.0716949555786648,0.07169495557866479,0.006163908131300279,3.1907327522828335,0.0003088216215020873,-0.06625595436606652,2,2
843,0.8430000000000006,ramp,84.3,3.2714024138128317,0.009086950778734781,1.0717949003545744,0.07179490035457436,0.008987321667346782,3.1997200739501803,0.00030934251889071733,-0.0996291113879999,2,2
844,0.8440000000000006,ramp,84.4,3.277652908210559,0.006250494397727291,1.0718615292799492,0.07186152927994915,0.006184178326113346,3.2059042522762935,0.00030986404671503475,-0.0663160716139451,2,2
845,0.8450000000000006,ramp,84.5,3.2867554845849694,0.009102576374410365,1.071961402126013,0.0719614021260131,0.009003020227852232,3.2149072725041457,0.00031038546240289613,-0.0995561465581326,2,2
846,0.8460000000000006,ramp,84.6,3.2930263132121493,0.006270828627179981,1.0720280919618383,0.07202809196183835,0.006204452693985588,3.2211117251981314,0.00031090750686746,-0.06637593319439287,2,2
847,0.8470000000000006,ramp,84.7,3.3021445113210097,0.009118198108860387,1.0721278931538696,0.07212789315386958,0.00901871465245633,3.230130439850588,0.0003114294402154273,-0.09948345640405781,2,2
848,0.8480000000000006,ramp,84.8,3.3084356780261865,0.0062911667051768205,1.072194643646333,0.07219464364633299,0.00622473116528432,3.2363551710158722,0.00031195200068713313,-0.0664355398925006,2,2
849,0.8490000000000006,ramp,84.9,3.317569494076518,0.009133816050331589,1.0722943734590584,0.07229437345905843,0.00903440501054587,3.245389576026418,0.0003124744510590024,-0.09941103978571876,2,2
850,0.8500000000000006,ramp,85.0,3.3238810026403014,0.0063115085637832635,1.0723611843553698,0.07236118435536976,0.006245013670871193,3.2516345896972894,0.0003129975269076066,-0.06649489291207095,2,2
851,0.8510000000000006,ramp,85.1,3.3330304329070297,0.00914943026672832,1.0724608430623872,0.0724608430623872,0.009050091370992233,3.2606846810682817,0.00031352049367017415,-0.0993388957360869,2,2
852,0.8520000000000006,ramp,85.2,3.339362287042138,0.0063318541351082835,1.0725277141108092,0.07252771411080916,0.006265300142106157,3.266949981210388,0.00031404408426832396,-0.06655399300212628,2,2
853,0.8530000000000006,ramp,85.3,3.3485273278676817,0.009165040825543702,1.0726273019846368,0.07262730198463685,0.009065773802215299,3.2760157550126032,0.0003145675667911817,-0.09926702332840355,2,2
854,0.8540000000000006,ramp,85.4,3.35487953121989,0.006352203352208097,1.0726942329343758,0.07269423293437582,0.00628559051080082,3.282301345523404,0.0003150916715144339,-0.06661284140727693,2,2
855,0.8550000000000006,ramp,85.5,3.3640601790131774,0.009180647793287644,1.0727937502464864,0.07279375024648638,0.009081452372143473,3.2913827978955474,0.00031561566917012545,-0.09919542114417146,2,2
856,0.8560000000000006,ramp,85.6,3.3704327351614345,0.006372556148257047,1.0728607408477893,0.07286074084778926,0.006305884709253833,3.297688682604801,0.00031614028739689786,-0.0666714390032139,2,2
857,0.8570000000000007,ramp,85.7,3.3796289863979214,0.00919625123648693,1.0729601878685247,0.07296018786852465,0.009097127148247916,3.306785809753049,0.0003166647995608088,-0.0991240882390141,2,2
858,0.8580000000000007,ramp,85.8,3.3860218988549278,0.00639291245700635,1.0730272378726056,0.07302723787260557,0.006326182670241605,3.313111992423291,0.000317189930672361,-0.06672978676474511,2,2
859,0.8590000000000007,ramp,85.9,3.3952337500760397,0.0092118512211119,1.0731266148712768,0.07312661487127681,0.009112798197493931,3.3222247906207847,0.0003177149567227628,-0.09905302361796868,2,2
860,0.8600000000000007,ramp,86.0,3.401647022288972,0.006413272212932419,1.0731937240303664,0.07319372403036639,0.006346484327030368,3.328571274947815,0.0003182406001031556,-0.06678788590205094,2,2
861,0.8610000000000007,ramp,86.1,3.4108744701014877,0.00922744781251561,1.073293031275148,0.07329303127514808,0.00912846558636755,3.3376997405341826,0.0003187661394210805,-0.09898222614805954,2,2
862,0.8620000000000007,ramp,86.2,3.4173081054519385,0.006433635350450828,1.0733601993424675,0.07336019934246751,0.0063667896133576575,3.3440665301475403,0.0003192922944572281,-0.06684573709317063,2,2
863,0.8630000000000007,ramp,86.3,3.426551146527538,0.009243041075599479,1.07345943710052,0.07345943710051994,0.009144129380914724,3.353210659528455,0.0003198183464266183,-0.0989116946847543,2,2
864,0.8640000000000007,ramp,86.4,3.4330051483324877,0.006454001804949705,1.073526663830263,0.07352666383026296,0.006387098463412214,3.3595977579918674,0.00032034501250820095,-0.0669033415374911,2,2
865,0.8650000000000007,ramp,86.5,3.442263779407563,0.009258631075075296,1.0736258323676702,0.07362583236767017,0.009159789646686524,3.368757547638554,0.00032087157651570803,-0.09884142838877293,2,2
866,0.8660000000000007,ramp,86.6,3.4487381509195063,0.0064743715119433,1.073693117515002,0.07369311751500196,0.006407410811875676,3.3751649584504295,0.0003213987530351833,-0.06696070006762411,2,2
867,0.8670000000000007,ramp,86.7,3.4580123687941984,0.00927421787469207,1.073792217096791,0.07379221709679107,0.009175446448771944,3.3843404048992016,0.00032192582847027955,-0.09877142592012653,2,2
868,0.8680000000000007,ramp,86.8,3.4645071132019774,0.006494744407778974,1.0738595604178889,0.07385956041788888,0.006427726593873312,3.390768131493075,0.0003224535148228749,-0.06701781390566156,2,2
869,0.8690000000000007,ramp,86.9,3.4737969147401877,0.009289801538210352,1.0739585913080085,0.07395859130800853,0.009191099851810543,3.3999592313448854,0.0003229811010777882,-0.09870168639980817,2,2
870,0.8700000000000007,ramp,87.0,3.480312035168981,0.0065151204287934306,1.0740259925599827,0.07402599255998266,0.006448045745006652,3.406407277089892,0.00032350929666150795,-0.06707468378677836,2,2
871,0.8710000000000007,ramp,87.1,3.4896174172977643,0.00930538212878318,1.074124955021376,0.07412495502137606,0.009206749919964917,3.415614027009857,0.0003240373931312025,-0.09863220881826257,2,2
872,0.8720000000000007,ramp,87.2,3.496152916809798,0.006535499512033471,1.0741924139623198,0.07419241396231979,0.006468368201322204,3.4220823952111794,0.0003245660973467293,-0.06713131071126727,2,2
873,0.8730000000000007,ramp,87.3,3.505473876518771,0.009320959708973398,1.074291308256871,0.07429130825687102,0.009222396716948373,3.431304791928128,0.0003250947034288748,-0.09856299202502458,2,2
874,0.8740000000000007,ramp,87.4,3.5120297581137754,0.006555881595004198,1.074358824645846,0.07435882464584598,0.00648869389934452,3.4377934858274726,0.00032562391567958645,-0.0671876956596781,2,2
875,0.8750000000000007,ramp,87.5,3.5213662924548337,0.0093365343410583,1.0744576510343442,0.07445765103434421,0.00923804030601488,3.4470315261334874,0.00032615303077469457,-0.09849403504342061,2,2
876,0.8760000000000007,ramp,87.6,3.5279425590705595,0.0065762666157258565,1.074525224631376,0.0745252246313759,0.006509022776028641,3.453540548909516,0.0003266827504666927,-0.06724383969721522,2,2
877,0.8770000000000007,ramp,87.7,3.537294665157228,0.009352106086668588,1.074623983373646,0.07462398337364595,0.009253680749981471,3.4627942296594973,0.00032721237397780826,-0.09842533668711663,2,2
878,0.8780000000000007,ramp,87.8,3.5438913196697683,0.006596654512540212,1.0746916139397424,0.07469161393974244,0.006529354768773842,3.4693235844282713,0.00032774260051989434,-0.06729974376637037,2,2
879,0.8790000000000007,ramp,87.9,3.5532589946772135,0.009367675007445175,1.0747903052945156,0.07479030529451558,0.00926931811120544,3.478592902539477,0.0003282727318528079,-0.09835689623973604,2,2
880,0.8800000000000007,ramp,88.0,3.559876039901395,0.006617045224181606,1.0748579925915982,0.0748579925915982,0.006549689815466255,3.485142592354943,0.00032880346465639904,-0.06735540871535046,2,2
881,0.8810000000000007,ramp,88.1,3.5692592810651944,0.009383241163799294,1.0749566168166125,0.07495661681661248,0.009284952451573226,3.4944275448065163,0.000329334103219592,-0.09828871222606825,2,2
882,0.8820000000000007,ramp,88.2,3.5758967197552645,0.006637438690070052,1.0750243606075633,0.07502436060756335,0.006570027854410867,3.500997572660927,0.0003298653416987857,-0.06741083565918546,2,2
883,0.8830000000000007,ramp,88.3,3.585295524371812,0.009398804616547629,1.0751229179595438,0.07512291795954384,0.009300583832567986,3.510298156493495,0.0003303964869033637,-0.09822078397964291,2,2
884,0.8840000000000007,ramp,88.4,3.591953359221473,0.006657834849661093,1.0751907180081932,0.07519071800819321,0.006590368824362666,3.516888525317858,0.00033092823047485234,-0.06746602529842695,2,2
885,0.8850000000000007,ramp,88.5,3.601367724647113,0.009414365425640003,1.0752892087428065,0.07528920874280653,0.009316212315194534,3.5262047376330523,0.00033145988173455303,-0.09815311044546887,2,2
886,0.8860000000000007,ramp,88.6,3.608045958290447,0.006678233643333975,1.0753570648139568,0.07535706481395676,0.006610712664513982,3.532815450297566,0.0003319921298176572,-0.06752097881999267,2,2
887,0.8870000000000007,ramp,88.7,3.617475881940896,0.009429923650448924,1.075455489185862,0.07545548918586209,0.009331837960041434,3.5421472882576075,0.00033252428654884623,-0.09808569040748935,2,2
888,0.8880000000000007,ramp,88.8,3.6241745169524364,0.006698635011540333,1.0755234010452217,0.0755234010452217,0.006631059314498047,3.5487783475721058,0.00033305703856548104,-0.06757569704228528,2,2
889,0.8890000000000007,ramp,88.9,3.6336199963028006,0.009445479350364216,1.0756217593080746,0.07562175930807458,0.009347460827258992,3.5581258083993648,0.00033358970018712765,-0.09801852310522413,2,2
890,0.8900000000000007,ramp,89.0,3.6403390351980205,0.006719038895219853,1.0756897267223033,0.07568972672230334,0.006651408714379273,3.564777217113744,0.0003341229555618182,-0.0676301808405803,2,2
891,0.8910000000000007,ramp,89.1,3.6498000677820204,0.009461032583999884,1.0757880191287572,0.07578801912875721,0.009363080976546088,3.57414029809029,0.00033465612149543775,-0.09795160745379623,2,2
892,0.8920000000000007,ramp,89.2,3.6565395130179983,0.0067394452359779145,1.0758560418654424,0.07585604186544237,0.006671760804671104,3.5808120588949612,0.0003351898796552117,-0.06768443130681072,2,2
893,0.8930000000000007,ramp,89.3,3.6660160964273922,0.009476583409393946,1.075954268667126,0.07595426866712596,0.009378698467180669,3.590190757362142,0.00033572354932495365,-0.09788494221327736,2,2
894,0.8940000000000007,ramp,89.4,3.6727759504029613,0.006759853975569108,1.07602234649478,0.07602234649478001,0.006692115526304152,3.5968828728884463,0.00033625780969945426,-0.06773844926495544,2,2
895,0.8950000000000007,ramp,89.5,3.6822680822876714,0.009492131884710098,1.076120507942337,0.07612050794233705,0.009394313358014056,3.6062771862464604,0.00033679198253194943,-0.0978185266960422,2,2
896,0.8960000000000007,ramp,89.6,3.6890483473441367,0.006780265056465229,1.0761886406304,0.07618864063039998,0.006712472820624878,3.612989659067085,0.000337326744553326,-0.06779223584035127,2,2
897,0.8970000000000007,ramp,89.7,3.698556025411249,0.00950767806711239,1.0762867369734834,0.07628673697348343,0.009409925707477607,3.6223995847745627,0.0003378614199778478,-0.09775235963478332,2,2
898,0.8980000000000007,ramp,89.8,3.705356703832364,0.006800678421114981,1.076354924292322,0.07635492429232205,0.0067328326294276075,3.6291324174039903,0.0003383966830808033,-0.06784579168737317,2,2
899,0.8990000000000007,ramp,89.9,3.714879925846288,0.00952322201392386,1.0764529557795643,0.07645295577956435,0.009425535573555749,3.6385579529775463,0.0003389318605290298,-0.09768644036811137,2,2
900,0.9000000000000007,ramp,90.0,3.721701019859001,0.006821094012713136,1.0765211975004523,0.07652119750045228,0.0067531948949272275,3.6453111478724733,0.0003394676241507058,-0.06789911778590836,2,2
901,0.9010000000000007,ramp,90.1,3.731239783640444,0.009538763781443027,1.0766191643795255,0.07661916437952554,0.009441143013826375,3.6547522908862997,0.000340003303056896,-0.09762076761665218,2,2
902,0.9020000000000007,ramp,90.2,3.738081295415363,0.006841511774918985,1.0766874602746825,0.07668746027468254,0.0067735595597565,3.6615258504460564,0.0003405395666370159,-0.06795221516248465,2,2
903,0.9030000000000007,ramp,90.3,3.7476355988413643,0.009554303426001276,1.076785362792257,0.076785362792257,0.009456748085427964,3.6709825985314843,0.0003410757464379293,-0.09755534057331178,2,2
904,0.9040000000000007,ramp,90.4,3.754497530492877,0.006861931651512609,1.076853712634757,0.07685371263475704,0.006793926566978898,3.677776525098463,0.0003416125094186179,-0.06800508453371108,2,2
905,0.9050000000000007,ramp,90.5,3.7640673714962283,0.009569841003351343,1.0769515510365522,0.07695155103655216,0.00947235084509844,3.6872488759435615,0.00034214918955345917,-0.09749015825290253,2,2
906,0.9060000000000007,ramp,90.6,3.77094972508327,0.006882353587041923,1.0770199546004215,0.07701995460042155,0.006814295860049301,3.6940631718036108,0.0003426864513793298,-0.06805772699262219,2,2
907,0.9070000000000007,ramp,90.7,3.7805351016520086,0.009585376568738369,1.0771177291311422,0.07711772913114223,0.009487951349170215,3.703551123152781,0.00034322363128980383,-0.09742521956815353,2,2
908,0.9080000000000007,ramp,90.8,3.7874378791783587,0.006902777526350157,1.0771861861913008,0.0771861861913008,0.006834667382852696,3.7103857905356334,0.0003437613914079107,-0.068110143497461,2,2
909,0.9090000000000007,ramp,90.9,3.797038789355424,0.009600910177065103,1.0772838970946872,0.07728389709468719,0.009503549653545185,3.719889340189179,0.000344299070538173,-0.09736052351991785,2,2
910,0.9100000000000007,ramp,91.0,3.803961992769883,0.006923203414459067,1.0773524074269556,0.0773524074269556,0.0068550410796796865,3.7267443812688583,0.0003448373283980322,-0.06816233477938051,2,2
911,0.9110000000000007,ramp,91.1,3.813578434652851,0.009616441882968285,1.0774500549458002,0.07745005494580015,0.009519145813720866,3.736263527082579,0.00034537550619465496,-0.09729606924741875,2,2
912,0.9120000000000007,ramp,91.2,3.8205220658497923,0.00694363119694108,1.0775186183268797,0.07751861832687967,0.00687541689522912,3.743138943977808,0.00034591426124814693,-0.06821430171196056,2,2
913,0.9130000000000007,ramp,91.3,3.8301540375904986,0.009631971740706291,1.0776162027030016,0.07761620270300162,0.009534739884797588,3.752673683862606,0.0003464529371601279,-0.097231855908703,2,2
914,0.9140000000000007,ramp,91.4,3.8371180984104387,0.0069640608199401655,1.0776848189104997,0.07768481891049972,0.006895794774598348,3.759569478637204,0.0003469921888615801,-0.06826604534181709,2,2
915,0.9150000000000007,ramp,91.5,3.846765598214117,0.009647499803678183,1.077782340384743,0.07778234038474308,0.009550331921468274,3.7691198105586725,0.0003475313623403501,-0.09716788220990973,2,2
916,0.9160000000000007,ramp,91.6,3.853750090443895,0.006984492229777928,1.077851009197172,0.07785100919717203,0.006916174663297256,3.7760359852219696,0.0003480711101465007,-0.06831756648067143,2,2
917,0.9170000000000007,ramp,91.7,3.863413116569457,0.009663026125562357,1.077948468009435,0.07794846800943489,0.009565921978012423,3.785601907199982,0.0003486107806458711,-0.09710414754993471,2,2
918,0.9180000000000007,ramp,91.8,3.8704180419427168,0.007004925373259585,1.078017189206163,0.07801718920616296,0.006936556507256026,3.792538463707238,0.00034915102401577387,-0.06836886600355886,2,2
919,0.9190000000000007,ramp,91.9,3.880096592701688,0.009678550758971394,1.0781145855953822,0.0781145855953822,0.009581510108288815,3.8021199738155267,0.0003496911909919326,-0.09704065068257862,2,2
920,0.9200000000000007,ramp,92.0,3.8871219528993546,0.007025360197666419,1.0781833589566712,0.07818335895667117,0.006956940252784123,3.809076914068311,0.0003502319293870619,-0.06841994488229665,2,2
921,0.9210000000000007,ramp,92.1,3.896816026655996,0.00969407375664133,1.078280693160869,0.07828069316086905,0.009597096365799633,3.8186740104341106,0.00035077259229857776,-0.09697739084169738,2,2
922,0.9220000000000007,ramp,92.2,3.9038618233064137,0.007045796650417824,1.0783495184678742,0.07834951846787419,0.006977325846602251,3.8256513362807127,0.00035131382518270593,-0.06847080381557243,2,2
923,0.9230000000000007,ramp,92.3,3.913571418477157,0.009709595170743324,1.078446790724078,0.07844679072407801,0.009612680803613823,3.8352640170843264,0.0003518549834904918,-0.09691436712950044,2,2
924,0.9240000000000007,ramp,92.4,3.9206376531568505,0.007066234679693473,1.0785156677588152,0.07851566775881524,0.006997713235793901,3.8422617303201205,0.0003523967103298073,-0.06852144389957182,2,2
925,0.9250000000000007,ramp,92.5,3.930362768209622,0.009725115052771294,1.0786128783031386,0.07861287830313857,0.009628263474459053,3.8518899937945794,0.00035293836349711735,-0.09685157831224034,2,2
926,0.9260000000000007,ramp,92.6,3.937449442443291,0.007086674233669044,1.0786818068484907,0.07868180684849069,0.0070181023678588415,3.8589080961624385,0.0003534805837600346,-0.06857186581020208,2,2
927,0.9270000000000007,ramp,92.7,3.9471900758977685,0.00974063345447762,1.078778955916115,0.07877895591611495,0.009643844430620312,3.8685519405930586,0.0003540227312524574,-0.09678902385730839,2,2
928,0.9280000000000007,ramp,92.8,3.9542971911590357,0.007107115261267172,1.078847935755838,0.07884793575583804,0.007038493190691747,3.8755904337837506,0.00035456544440978294,-0.0686220705754248,2,2
929,0.9290000000000007,ramp,92.9,3.9640533415854335,0.00975615042639788,1.078945023580982,0.0789450235809821,0.009659423724008537,3.885249857507759,0.0003551080856952067,-0.09672670238934297,2,2
930,0.9300000000000007,ramp,93.0,3.971180899297063,0.007127557711629429,1.0790140544997233,0.07901405449972332,0.00705888565256062,3.8923087431603194,0.00035565129121998895,-0.06867205906880852,2,2
931,0.9310000000000007,ramp,93.1,3.9809525653166093,0.009771666019546377,1.0791110813157205,0.07911108131572053,0.009675001406167982,3.9019837445664876,0.00035619442576865693,-0.09666461337839473,2,2
932,0.9320000000000007,ramp,93.2,3.988100566850662,0.007148001534052817,1.0791801630989348,0.07918016309893483,0.007079279702129077,3.9090630242686166,0.00035673812313623276,-0.06872183192373985,2,2
933,0.9330000000000007,ramp,93.3,3.997887747134649,0.009787180283986618,1.0792771291381476,0.07927712913814755,0.009690577528215378,3.918753601796832,0.00035728175042059327,-0.09660275577124018,2,2
934,0.9340000000000007,ramp,93.4,4.005056193813287,0.007168446678638141,1.0793462615722258,0.0793462615722258,0.0070996752884538855,3.925853277085286,0.00035782593910859605,-0.06877139018425515,2,2
935,0.9350000000000007,ramp,93.5,4.014858887082717,0.009802693269429952,1.0794431670661082,0.07944316706610821,0.009706152140920821,3.9355594292262066,0.00035837005860345445,-0.09654112850913076,2,2
936,0.9360000000000007,ramp,93.6,4.022047780178362,0.007188893095644744,1.0795123499382204,0.07951234993822043,0.007120072360955456,3.942679501587162,0.0003589147380917369,-0.06882073468928752,2,2
937,0.9370000000000007,ramp,93.7,4.031865985203797,0.009818205025434956,1.0796091951173135,0.07960919511731346,0.009721725294659344,3.9524012268818214,0.0003594593492740909,-0.09647973077561191,2,2
938,0.9380000000000007,ramp,93.8,4.039075325939714,0.00720934073591728,1.0796784282155243,0.07967842821552429,0.007140470869441107,3.9595416977512623,0.00036000451904482674,-0.06886986647617298,2,2
939,0.9390000000000007,ramp,93.9,4.0489090415407505,0.00983371560103663,1.0797752133094654,0.07977521330946535,0.009737297039439811,3.969278994790702,0.0003605496213939501,-0.09641856159681855,2,2
940,0.9400000000000007,ramp,94.0,4.056138831090809,0.007229789550058818,1.0798444964226699,0.07984449642266989,0.007160870764079039,3.976439865554781,0.0003610952809314457,-0.06891878597977893,2,2
941,0.9410000000000007,ramp,94.1,4.065988056135964,0.009849225045154952,1.079941221660167,0.07994122166016693,0.009752867424892092,3.986192732979673,0.000361640873928893,-0.09635762026286021,2,2
942,0.9420000000000007,ramp,94.2,4.073238295625752,0.00725023948978798,1.0800105545781142,0.08001055457811423,0.007181271995439839,3.993374004975113,0.0003621870227197558,-0.06896749434814019,2,2
943,0.9430000000000007,ramp,94.3,4.083103029031653,0.009864733405900772,1.0801072201869681,0.08010722018696814,0.009768436500260913,4.003142441475374,0.0003627331058491938,-0.09629690563985917,2,2
944,0.9440000000000007,ramp,94.4,4.09037371953836,0.007270690506707034,1.0801766027002508,0.08017660270025084,0.0072016745144458045,4.010344115989819,0.00036327974338216636,-0.0690159922612293,2,2
945,0.9450000000000007,ramp,94.5,4.100253960269777,0.009880240731416912,1.0802732089073515,0.08027320890735146,0.009784004314431724,4.020128120304252,0.00036382631612965125,-0.09623641698518724,2,2
946,0.9460000000000007,ramp,94.6,4.1075451028228045,0.007291142553027541,1.080342640807411,0.08034264080741105,0.007222078272396,4.027350198576648,0.00036437344189574767,-0.0690642806315412,2,2
947,0.9470000000000007,ramp,94.7,4.117440849892081,0.009895747069276872,1.0804391878387685,0.08043918783876847,0.009799570915916342,4.037149769492564,0.0003649205037493596,-0.09617615336053077,2,2
948,0.9480000000000007,ramp,94.8,4.124752445473385,0.007311595581303898,1.0805086689178474,0.08050866891784736,0.0072424832209590844,4.044392252713523,0.0003654681172416997,-0.06911236034481352,2,2
949,0.9490000000000007,ramp,94.9,4.1346636979400255,0.009911252466640263,1.0806051569985733,0.08060515699857329,0.009815136352865997,4.054207389066389,0.0003660156676917998,-0.0961161137742663,2,2
950,0.9500000000000007,ramp,95.0,4.141995747484427,0.0073320495444013645,1.0806746870497732,0.08067468704977321,0.0072628893121631675,4.061470278378552,0.00036656376840571425,-0.06916023223819695,2,2
951,0.9510000000000007,ramp,95.1,4.151922504454777,0.009926756970350503,1.0807711164040579,0.08077111640405787,0.009830700673052292,4.071300979051604,0.00036711180694480106,-0.09605629729821097,2,2
952,0.9520000000000007,ramp,95.2,4.15927500885035,0.007352504395572446,1.0808406952213125,0.08084069522131254,0.007283296498405088,4.078584275550009,0.00036766039437777855,-0.06920789716735772,2,2
953,0.9530000000000007,ramp,95.3,4.169217269477367,0.009942260627017419,1.0809370660724942,0.08093706607249418,0.009846263923899482,4.088430539473908,0.000368208920500558,-0.09599670311793637,2,2
954,0.9540000000000007,ramp,95.4,4.176590229565617,0.007372960088249947,1.0810066934505473,0.08100669345054734,0.00730370473246127,4.095734244206369,0.00036875799415221774,-0.069255355788677,2,2
955,0.9550000000000007,ramp,95.5,4.186547993048578,0.009957763482960402,1.0811030060210542,0.08110300602105425,0.009861826152452178,4.105596070358821,0.000369307007355488,-0.09593733050822402,2,2
956,0.9560000000000007,ramp,95.6,4.193941409624977,0.007393416576399581,1.0811726817554492,0.08117268175544923,0.0073241139674366336,4.112920184326258,0.00036985656672761157,-0.06930260896294715,2,2
957,0.9570000000000007,ramp,95.7,4.203914675208828,0.009973265583850477,1.0812689362668537,0.08126893626685372,0.009877387405414264,4.122797571731672,0.0003704060665103359,-0.09587817843621262,2,2
958,0.9580000000000007,ramp,95.8,4.211328549023324,0.007413873814495986,1.0813386601540174,0.08133866015401736,0.007344524156803816,4.130142095888476,0.0003709561111067839,-0.06934965769216962,2,2
959,0.9590000000000007,ramp,95.9,4.221317315998495,0.00998876697517126,1.0814348568269594,0.08143485682695939,0.009892947729153057,4.140035043617629,0.00037150609697007305,-0.0958192460182028,2,2
960,0.9600000000000007,ramp,96.0,4.228751647755442,0.007434331756947188,1.0815046286640997,0.08150462866409969,0.007364935254378596,4.1473999788720075,0.00037205662629683823,-0.06939650256859199,2,2
961,0.9610000000000007,ramp,96.1,4.238755915457474,0.010004267702031555,1.0816007677183943,0.08160076771839431,0.009908507169636713,4.157308486041644,0.00037260709774389057,-0.09576053239484204,2,2
962,0.9620000000000007,ramp,96.2,4.246210705816459,0.007454790358985441,1.081670587303504,0.08167058730350396,0.007385347214367798,4.1646938332560115,0.00037315811130909227,-0.06944314461764314,2,2
963,0.9630000000000007,ramp,96.3,4.256230473625623,0.010019767809163582,1.0817666689580656,0.08176666895806561,0.009924065772489126,4.174617899028501,0.0003737090678452438,-0.09570203667445647,2,2
964,0.9640000000000007,ramp,96.4,4.2637057232013715,0.007475249575748855,1.0818365360899933,0.0818365360899933,0.0074057599913096225,4.18202365901981,0.0003742605651590032,-0.06948958443923209,2,2
965,0.9650000000000007,ramp,96.5,4.273740990542484,0.010035267341112153,1.0819325605628913,0.08193256056289133,0.009939623583018298,4.191963282602829,0.00037481200629162816,-0.09564375809385448,2,2
966,0.9660000000000007,ramp,96.6,4.281236699905497,0.007495709363013248,1.0820024750412653,0.08200247504126534,0.007426173540066756,4.199389456142895,0.00037536398686624034,-0.06953582294649124,2,2
967,0.9670000000000007,ramp,96.7,4.291287466247327,0.010050766341829664,1.0820984425496964,0.08209844254969645,0.009955180646157103,4.209344636789052,0.00037591591210485686,-0.09558569567256169,2,2
968,0.9680000000000007,ramp,96.8,4.298803635924218,0.00751616967689106,1.082168404174955,0.08216840417495508,0.0074465878158786825,4.216791224604931,0.00037646837545462375,-0.06958186101237769,2,2
969,0.9690000000000007,ramp,96.9,4.308869900779278,0.01006626485506068,1.0822643149352487,0.08226431493524866,0.009970737006492486,4.226761961611423,0.0003770207843107366,-0.09552784856819464,2,2
970,0.9700000000000008,ramp,97.0,4.3164065312528965,0.007536630473618189,1.0823343235086238,0.0823343235086238,0.007467002774321004,4.2342289643857445,0.00037757372995203466,-0.06962769929718444,2,2
971,0.9710000000000008,ramp,97.1,4.326488294177126,0.010081762924229132,1.0824301777362468,0.08243017773624683,0.009986292708291968,4.244215257094036,0.00037812662193928626,-0.09547021593716426,2,2
972,0.9720000000000008,ramp,97.2,4.334045385887135,0.007557091710009622,1.0825002330597926,0.0825002330597926,0.007487418371312783,4.251702675465349,0.00037868004939048,-0.0696733386968398,2,2
973,0.9730000000000008,ramp,97.3,4.344142646479567,0.0100972605924321,1.08259603096936,0.08259603096936008,0.010001847795436242,4.261704523260786,0.0003792334240245357,-0.09541279699585778,2,2
974,0.9740000000000008,ramp,97.4,4.351720199822746,0.007577553343178778,1.0826661328458826,0.08266613284588264,0.007507834563110955,4.269212357823896,0.0003797873328061049,-0.0697187800678227,2,2
975,0.9750000000000008,ramp,97.5,4.361832957724938,0.010112757902192016,1.0827618746511676,0.08276187465116758,0.010017402311514543,4.279229760135411,0.0003803411896046448,-0.0953555906774723,2,2
976,0.9760000000000008,ramp,97.6,4.369430973055176,0.007598015330238184,1.0828320228843018,0.0828320228843018,0.0075282513063026826,4.286758011441713,0.0003808955792390382,-0.06976402393550109,2,2
977,0.9770000000000008,ramp,97.7,4.379559227951468,0.010128254896291544,1.0829277087982372,0.08292770879823719,0.010032956299756621,4.29679096774147,0.0003814499177218112,-0.09529859653492276,2,2
978,0.9780000000000008,ramp,97.8,4.387177705580676,0.007618477629208087,1.0829979031923707,0.08299790319237066,0.007548668557823295,4.304339636299293,0.0003820047877334413,-0.06980907138479184,2,2
979,0.9790000000000008,ramp,97.9,4.397321457196991,0.0101437516163152,1.0830935334270282,0.08309353342702819,0.010048509803062369,4.314388146102355,0.00038255960742213693,-0.09524181325283078,2,2
980,0.9800000000000008,ramp,98.0,4.404960397394926,0.007638940197934652,1.083163773787374,0.08316377378737405,0.007569086274954098,4.32195723237731,0.00038311495733752993,-0.06985392298055389,2,2
981,0.9810000000000008,ramp,98.1,4.41511964549922,0.01015924810429425,1.0832593485539728,0.08325934855397277,0.010064062863958447,4.332021295241268,0.00038367025775587704,-0.09518524033580271,2,2
982,0.9820000000000008,ramp,98.2,4.422779048494331,0.007659402995110476,1.0833296346864847,0.08332963468648469,0.007589504415307458,4.339610799656575,0.0003842260871034653,-0.06989857980301775,2,2
983,0.9830000000000008,ramp,98.3,4.432953792895836,0.01017474440150501,1.0834251541954356,0.08342515419543561,0.01007961552469009,4.349690415181265,0.0003847818677772099,-0.09512887681491916,2,2
984,0.9840000000000008,ramp,98.4,4.440633658874828,0.007679865978992062,1.083495485906893,0.08349548590689304,0.007609922936796502,4.357300338118062,0.00038533817608739086,-0.0699430421955598,2,2
985,0.9850000000000008,ramp,98.5,4.450823899423926,0.010190240549098561,1.0835909503677417,0.08359095036774167,0.010095167827166466,4.367395505945228,0.0003858944365442539,-0.09507272193209557,2,2
986,0.9860000000000008,ramp,98.6,4.4585242285328555,0.00770032910892926,1.0836613274656375,0.08366132746563748,0.007630341797688182,4.375025847742917,0.0003864512233494165,-0.06998731124107857,2,2
987,0.9870000000000008,ramp,98.7,4.468729965120492,0.010205736587636238,1.0837567370871617,0.08375673708716169,0.010110719812948147,4.385136567555865,0.00038700796311905925,-0.0950167746880913,2,2
988,0.9880000000000008,ramp,98.8,4.476450757464734,0.007720792344242611,1.0838271593797897,0.08382715937978968,0.007650760956575462,4.39278732851244,0.00038756522795355434,-0.07003138766714916,2,2
989,0.9890000000000008,ramp,98.9,4.486671990022508,0.010221232557773519,1.083922514369877,0.08392251436987697,0.010126271523288516,4.4029136000357285,0.0003881224465676095,-0.0949610344850027,2,2
990,0.9900000000000008,ramp,99.0,4.494413245667025,0.007741255644517331,1.0839929816663156,0.08399298166631564,0.007671180372356253,4.410584780408085,0.00038868018896770213,-0.0700752721610777,2,2
991,0.9910000000000008,ramp,99.1,4.5046499741664485,0.010236728499423364,1.084088282232042,0.0840882822320419,0.0101418229991072,4.420726603407192,0.00038923788595975186,-0.09490550031616453,2,2
992,0.9920000000000008,ramp,99.2,4.512411693136341,0.007761718969892861,1.0841587943421276,0.08415879434212759,0.007691600004278313,4.4284182034114705,0.0003897961054636548,-0.07011896561454847,2,2
993,0.9930000000000008,ramp,99.3,4.522663917588764,0.010252224452422354,1.084254040689761,0.08425404068976095,0.010157374280998615,4.438575577692469,0.0003903542803692161,-0.09485017142373854,2,2
994,0.9940000000000008,ramp,99.4,4.530446099869398,0.007782182280633876,1.084324597424089,0.08432459742408893,0.007712019811899695,4.4462875975043685,0.00039091297651705834,-0.07016246873418115,2,2
995,0.9950000000000008,ramp,99.5,4.540713820325652,0.010267720456254459,1.084419789759063,0.08441978975906306,0.010172925409241848,4.45646052291361,0.00039147162887360906,-0.09479504701261077,2,2
996,0.9960000000000008,ramp,99.6,4.548516465863122,0.007802645537469566,1.0844903909289767,0.0844903909289767,0.00773243975509503,4.464192962668705,0.0003920308012074741,-0.07020578237453608,2,2
997,0.9970000000000008,ramp,99.7,4.558799682413099,0.010283216549977325,1.0845855294559468,0.08458552945594677,0.010188476423803442,4.474381439092509,0.00039258993055437796,-0.09474012617388325,2,2
998,0.9980000000000008,ramp,99.8,4.566622791114049,0.00782310870094971,1.0846561748735555,0.08465617487355548,0.007752859794046681,4.482134298886556,0.00039314957861815374,-0.07024890690302941,2,2
999,0.9990000000000008,ramp,99.9,4.576921503886758,0.010298712772708996,1.0847512597963136,0.0847512597963136,0.010204027364334295,4.4923383262508905,0.0003937091844966989,-0.09468540837470098,2,2
1000,1.0000000000000007,ramp,100.0,4.5847650756195675,0.007843571732809806,1.0848219492745097,0.0848219492745097,0.007773279889286009,4.500111606140177,0.00039426930783626417,-0.07029184352379779,2,2
1001,1.0010000000000006,hold,100.0,4.576923717064549,-0.007841358555018552,1.0847374978391282,0.0847374978391282,-0.0077565098259895285,4.492355096314187,0.0003939442235154209,0.08484872902902313,2,2
1002,1.0020000000000004,hold,100.0,4.584736052528726,0.007812335464176812,1.084807962039835,0.08480796203983498,0.0077422682224013075,4.500097364536588,0.00039362165812611353,-0.07006724177550418,2,2
1003,1.0030000000000003,hold,100.0,4.576926006398942,-0.007810046129783643,1.0847238862133957,0.08472388621339566,-0.007725573677235717,4.492371790859352,0.0003933035954442668,0.08447245254792658,2,2
1004,1.0040000000000002,hold,100.0,4.584707203956084,0.007781197557141795,1.084794095747255,0.08479409574725505,0.007711384320515355,4.500083175179867,0.00039298652182588535,-0.06981323662643996,2,2
1005,1.0050000000000001,hold,100.0,4.576928327188692,-0.0077788767673920844,1.0847103769321564,0.08471037693215644,-0.007694761983237554,4.49238841319663,0.00039267317544322555,0.08411478415453008,2,2
1006,1.006,hold,100.0,4.584678502508661,0.0077501753199689105,1.084780322030615,0.08478032203061492,0.007680625866297796,4.500069039062928,0.00039236034192888204,-0.06954945367111491,2,2
1007,1.007,hold,100.0,4.576930663473198,-0.0077478390354626114,1.0846969507759674,0.0846969507759674,-0.007664072460351538,4.492404966602576,0.0003920508778891453,0.08376657511107322,2,2
1008,1.0079999999999998,hold,100.0,4.584649934899374,0.007719271426175567,1.0847666265768625,0.08476662657686251,0.0076499906250999394,4.500054957227676,0.0003917416721710042,-0.0692808010756274,2,2
1009,1.0089999999999997,hold,100.0,4.576933005360922,-0.007716929538451822,1.0846835966214798,0.08468359662147984,-0.0076335049039659535,4.49242145232371,0.000391435614842211,0.0834246344858687,2,2
1010,1.0099999999999996,hold,100.0,4.584621492641061,0.007688487280138823,1.0847530003433208,0.08475300034332078,0.007619477920201297,4.5000409302439115,0.00039112965167591645,-0.06900935993752605,2,2
1011,1.0109999999999995,hold,100.0,4.576935346262604,-0.007686146378456549,1.0846703069745514,0.08467030697455136,-0.0076030589653109295,4.4924378712786,0.0003908266808588615,0.0830874131456192,2,2
1012,1.0119999999999993,hold,100.0,4.584593169666104,0.007657823403500075,1.0847394369431478,0.08473943694314778,0.007589087165230867,4.500026958443831,0.00039052368752860126,-0.06873623826920798,2,2
1013,1.0129999999999992,hold,100.0,4.576937681407049,-0.007655488259055154,1.0846570763387429,0.08465707633874286,-0.007572734239222442,4.492454224204609,0.00039022356755080836,0.08275401983271272,2,2
1014,1.0139999999999991,hold,100.0,4.584564961329962,0.0076272799229126775,1.0847259315504163,0.0847259315504163,0.007558817815547507,4.500013042020156,0.0003899233369839221,-0.06846210736517061,2,2
1015,1.014999999999999,hold,100.0,4.576940007149856,-0.007624954180105448,1.0846439004564274,0.08464390045642745,-0.007542530293638333,4.492470511726518,0.00038962588428347294,0.08242388646711486,2,2
1016,1.015999999999999,hold,100.0,4.58453686390749,0.007596856757634107,1.084712480348999,0.08471248034899892,0.007528669349003845,4.4999991810755215,0.00038932825172550745,-0.06818740863026237,2,2
1017,1.0169999999999988,hold,100.0,4.576942320602778,-0.007594543304712431,1.0846307759009193,0.08463077590091928,-0.00751244668212846,4.492486734393393,0.0003890333176026793,0.08209662258397074,2,2
1018,1.0179999999999987,hold,100.0,4.584508874310728,0.007566553707950341,1.0846990802205663,0.08469908022056627,0.007498641257117994,4.49998537565051,0.00038873814750726136,-0.06791245083234698,2,2
1019,1.0189999999999986,hold,100.0,4.57694461941345,-0.007564254897277856,1.084617699835224,0.08461769983522394,-0.007482482950115184,4.492502892700395,0.00038844560797507926,0.08177194716267165,2,2
1020,1.0199999999999985,hold,100.0,4.584480989913216,0.007536370499765965,1.0846857285530405,0.08468572855304046,0.007468733040498715,4.499971625740894,0.00038815278598313525,-0.06763745926725069,2,2
1021,1.0209999999999984,hold,100.0,4.576946901626666,-0.007534088286550222,1.08460466985868,0.08460466985867998,-0.007452638638327122,4.492518987102567,0.0003878625353466069,0.08144964822310012,2,2
1022,1.0219999999999982,hold,100.0,4.584453208436852,0.007506306810185492,1.08467242311547,0.08467242311547007,0.007438944206374453,4.499957931308941,0.0003875719630633061,-0.06736260381103899,2,2
1023,1.0229999999999981,hold,100.0,4.576949165590212,-0.007504042846639969,1.0845916839043834,0.08459168390438343,-0.007422913284890857,4.492535018024051,0.00038728390963015645,0.08112956174911173,2,2
1024,1.023999999999998,hold,100.0,4.584425527873356,0.007476362283144411,1.084659161972425,0.08465916197242507,0.00740927426709504,4.499944292291146,0.0003869955010554173,-0.0670880160493709,2,2
1025,1.024999999999998,hold,100.0,4.576951409889959,-0.007474117983397477,1.084578740167528,0.08457874016752798,-0.007393306426585585,4.49255098586456,0.00038670956414465466,0.08081155681189181,2,2
1026,1.0259999999999978,hold,100.0,4.584397946429315,0.007446536539356785,1.0846459434231253,0.08464594342312526,0.0073797227391669655,4.499930708603727,0.00038642324313841635,-0.06681380018981956,2,2
1027,1.0269999999999977,hold,100.0,4.5769536333025265,-0.007444313126788948,1.0845658370535538,0.0845658370535538,-0.007363817599726982,4.4925668910039995,0.0003861393509212142,0.08049552706196599,2,2
1028,1.0279999999999976,hold,100.0,4.58437046248541,0.007416829182883333,1.0846327659568114,0.08463276595681135,0.007350289142672378,4.499917180146672,0.0003858550493462185,-0.06654004021095557,2,2
1029,1.0289999999999975,hold,100.0,4.576955834760358,-0.007414627725052192,1.08455297313974,0.08455297313974008,-0.007334446340767035,4.492582733805905,0.0003855731372420152,0.08018138428515699,2,2
1030,1.0299999999999974,hold,100.0,4.5843430745657985,0.0073872398054408706,1.0846196282192215,0.08461962821922153,0.007320973000879449,4.499903706806784,0.000385290793567422,-0.06626680456142155,2,2
1031,1.0309999999999973,hold,100.0,4.576958013324843,-0.007385061240955615,1.0845401471459037,0.08454014714590374,-0.007305192186706402,4.492598514620078,0.0003850108030240758,0.07986905424921253,2,2
1032,1.0319999999999971,hold,100.0,4.584315781315047,0.007357767990203712,1.084606528986848,0.08460652898684806,0.007291773839925947,4.499890288460004,0.0003847303612516333,-0.06599415027776483,2,2
1033,1.032999999999997,hold,100.0,4.576960168165772,-0.007355613149274909,1.0845273579117212,0.08452735791172117,-0.007276054675358882,4.4926142337846455,0.0003844522387984138,0.07955847391602662,2,2
1034,1.033999999999997,hold,100.0,4.584288581478791,0.007328413313019588,1.0845934671466788,0.08459346714667881,0.007262691188593305,4.499876924973239,0.00038417364762157233,-0.06572212442628333,2,2
1035,1.0349999999999968,hold,100.0,4.5769622985448315,-0.00732628293395976,1.0845146043787368,0.08451460437873681,-0.007247033345628423,4.492629891627611,0.0003838973441209464,0.07924958833133676,2,2
1036,1.0359999999999967,hold,100.0,4.584261473890431,0.007299175345599096,1.0845804416801932,0.08458044168019319,0.00723372457818044,4.499863616205792,0.0003836205562550193,-0.06545076741865628,2,2
1037,1.0369999999999966,hold,100.0,4.576964403802906,-0.00729707008752456,1.0845018855760542,0.0845018855760542,-0.0072181277375466075,4.492645488468245,0.0003833460263025434,0.07894234997795224,2,2
1038,1.0379999999999965,hold,100.0,4.584234457458347,0.007270053655441089,1.084567451650415,0.0845674516504149,0.0072048735423109345,4.499850362010556,0.0003830709979438805,-0.0651801131301543,2,2
1039,1.0389999999999964,hold,100.0,4.576966483349113,-0.0072679741092338546,1.084489200608611,0.08448920060861109,-0.007189337392543331,4.4926610246180125,0.00038279819938004774,0.07863671669052374,2,2
1040,1.0399999999999963,hold,100.0,4.584207531156447,0.0072410478073337,1.0845544961912037,0.0845544961912037,0.007176137616966399,4.499837162234979,0.00038252488976349907,-0.0649101903673014,2,2
1041,1.0409999999999962,hold,100.0,4.576968536651796,-0.007238994504651153,1.0844765486475776,0.08447654864757759,-0.007160661853455748,4.492676500381523,0.0003822537832725101,0.07833265119540442,2,2
1042,1.041999999999996,hold,100.0,4.584180694016617,0.007212157364821614,1.0845415744986997,0.0845415744986997,0.007147516340288242,4.499824016721812,0.00038198215430512575,-0.06464102453337256,2,2
1043,1.042999999999996,hold,100.0,4.576970563232027,-0.0072101307845908735,1.0844639289224178,0.08446392892241783,-0.007132100664577283,4.492691916057234,0.000381712703080991,0.07803012001359085,2,2
1044,1.0439999999999958,hold,100.0,4.584153945121485,0.007183381889458218,1.0845286858238652,0.08452868582386519,0.00711900925255767,4.4998109253097915,0.00038144271903641874,-0.06437263690054797,2,2
1045,1.0449999999999957,hold,100.0,4.576972562656515,-0.007181382464970021,1.0844513407141816,0.08445134071418159,-0.007103653371757384,4.492707271938034,0.0003811748885023802,0.07772909321263673,2,2
1046,1.0459999999999956,hold,100.0,4.584127283598991,0.007154720942476267,1.084515829466332,0.08451582946633196,0.007090615896154162,4.499797887834188,0.0003809065157627736,-0.06410504632210506,2,2
1047,1.0469999999999955,hold,100.0,4.576974534533742,-0.007152749065249431,1.0844387833498503,0.08443878334985033,-0.0070753195224167315,4.4927225683117715,0.0003806402733343972,0.07742954283269932,2,2
1048,1.0479999999999954,hold,100.0,4.584100708618014,0.007126174084272741,1.0845030047693003,0.08450300476930028,0.0070623358154908115,4.499784904127262,0.00038037348017107064,-0.0638382687819291,2,2
1049,1.0489999999999953,hold,100.0,4.576976478507865,-0.007124230110149732,1.0844262561975033,0.08442625619750332,-0.007047098665576789,4.492737805461685,0.0003801087950533672,0.07713144457294294,2,2
1050,1.0499999999999952,hold,100.0,4.584074219383763,0.007097740875898317,1.0844902111149513,0.08449021111495125,0.007034168556995488,4.499771974018681,0.0003798435514390515,-0.06357231890282908,2,2
1051,1.050999999999995,hold,100.0,4.57697839425674,-0.007095825127023225,1.0844137586622296,0.08441375866222955,-0.007018990351891232,4.492752983666789,0.0003795803944525921,0.0768347751319929,2,2
1052,1.051999999999995,hold,100.0,4.584047815134414,0.007069420877674482,1.0844774479206551,0.08447744792065515,0.007006113669048392,4.499759097335837,0.00037931667189941586,-0.06330720862608978,2,2
1053,1.0529999999999948,hold,100.0,4.576980281487505,-0.007067533646909041,1.084401290182493,0.0844012901824931,-0.006990994133665788,4.492768103202171,0.000379055015329532,0.07653951324325305,2,2
1054,1.0539999999999947,hold,100.0,4.5840214951384475,0.007041213650942346,1.0844647146356163,0.08446471463561633,0.0069781707020120385,4.499746273904183,0.0003787927867483734,-0.06304294893030772,2,2
1055,1.0549999999999946,hold,100.0,4.576982139933982,-0.007039355204465636,1.0843888502270878,0.08438885022708775,-0.006963109564883269,4.4927831643393,0.00037853260421423024,0.07624563958236706,2,2
1056,1.0559999999999945,hold,100.0,4.583995258691398,0.007013118757416059,1.0844520107380193,0.08445201073801933,0.0069503392081457106,4.4997335035474455,0.0003782718437920878,-0.06277954927034861,2,2
1057,1.0569999999999944,hold,100.0,4.576983969354371,-0.0070112893370266605,1.0843764382923655,0.08437643829236552,-0.006935336201188422,4.492798167346257,0.000378013110131895,0.07595313583823836,2,2
1058,1.0579999999999943,hold,100.0,4.5839691051139315,0.006985135759560279,1.0844393357324147,0.08443933573241469,0.006922618741632648,4.49972078608789,0.0003777537932242003,-0.06251701792763138,2,2
1059,1.0589999999999942,hold,100.0,4.576985769529443,-0.0069833355844881595,1.084364053899924,0.08436405389992396,-0.00690767359989999,4.4928131124879895,0.000377496484394126,0.07566198458816911,2,2
1060,1.059999999999994,hold,100.0,4.583943033749678,0.006957264220234904,1.0844266891475034,0.0844266891475034,0.006895008858485941,4.499708121346475,0.000377238587429747,-0.062255361748963026,2,2
1061,1.060999999999994,hold,100.0,4.576987540259383,-0.006955493490295339,1.084351696594427,0.0843516965944271,-0.006880121320030425,4.492828000026445,0.00037698268041496503,0.07537217026491391,2,2
1062,1.0619999999999938,hold,100.0,4.583917043963436,0.006929503704053097,1.084414070534214,0.08441407053421401,0.006867509116625114,4.49969550914307,0.0003767261808121447,-0.061994587427983104,2,2
1063,1.0629999999999937,hold,100.0,4.5769892813635105,-0.006927762599925558,1.084339365941806,0.08433936594180591,-0.006852678922276565,4.492842830220793,0.0003764716535474567,0.07508367764899257,2,2
1064,1.0639999999999936,hold,100.0,4.583891135139584,0.006901853776073885,1.084401479463851,0.08440147946385101,0.006840119075791519,4.499682949296584,0.00037621652963897473,-0.06173470028236587,2,2
1065,1.0649999999999935,hold,100.0,4.576990992678116,-0.006900142461468306,1.0843270615275717,0.08432706152757175,-0.006825345969030328,4.492857603327554,0.00037596336093821323,0.07479649243797779,2,2
1066,1.0659999999999934,hold,100.0,4.583865306680673,0.006874314002557114,1.0843889155266118,0.08438891552661176,0.006812838297549835,4.499670441625104,0.00037570959190450935,-0.06147570500727832,2,2
1067,1.0669999999999933,hold,100.0,4.576992674055155,-0.006872632625517738,1.0843147829553148,0.0843147829553148,-0.0067981220243378635,4.492872319600766,0.00037545776139741093,0.07451060117987483,2,2
1068,1.0679999999999932,hold,100.0,4.583839558006026,0.006846883950870186,1.0843763783301277,0.08437637833012768,0.0067856663452645315,4.49965798594603,0.0003752053272067835,-0.06121760560565473,2,2
1069,1.068999999999993,hold,100.0,4.576994325360812,-0.006845232645213528,1.0843025298454374,0.0843025298454374,-0.006771006654005052,4.492886979292025,0.00037495481528218463,0.07422599120847621,2,2
1070,1.069999999999993,hold,100.0,4.583813888550492,0.006819563189679911,1.0843638674982237,0.08436386749822367,0.006758602784162513,4.499645582076187,0.0003747036966366392,-0.06096040551739797,2,2
1071,1.0709999999999928,hold,100.0,4.576995946474833,-0.006817942075659111,1.0842903018339254,0.08429030183392539,-0.006743999425492286,4.4929015826506955,0.00037445448439136846,0.07394265016682534,2,2
1072,1.0719999999999927,hold,100.0,4.5837882977639675,0.006792351289134579,1.084351382669771,0.08435138266977105,0.006731647181201359,4.499633229831897,0.00037420466267815806,-0.06070410793322049,2,2
1073,1.0729999999999926,hold,100.0,4.5769975372895395,-0.006790760474427948,1.0842780985712317,0.0842780985712317,-0.006717099907919152,4.4929161299239775,0.0003739567318707416,0.07366056650879617,2,2
1074,1.0739999999999925,hold,100.0,4.583762785109693,0.006765247820153419,1.0843389234976861,0.08433892349768612,0.006704799105108046,4.499620929029086,0.00037370818911821593,-0.06044871504537301,2,2
1075,1.0749999999999924,hold,100.0,4.576999097708403,-0.006763687401289964,1.0842659197213602,0.08426591972136022,-0.006690307672111689,4.492930621356974,0.00037346152212698136,0.0733797291782752,2,2
1076,1.0759999999999923,hold,100.0,4.583737350064058,0.00673825235565495,1.0843264896480114,0.08432648964801137,0.006678058126403746,4.499608679483378,0.0003732142409645567,-0.06019422925120435,2,2
1077,1.0769999999999922,hold,100.0,4.577000627646097,-0.006736722417961083,1.0842537649610104,0.08425376496101045,-0.0066636222905898865,4.492945057192788,0.00037296882074947966,0.07310012737119648,2,2
1078,1.077999999999992,hold,100.0,4.5837119921151634,0.006711364469066616,1.0843140807990135,0.08431408079901348,0.006651423817340194,4.499596481010128,0.0003727227843711863,-0.059940651726422475,2,2
1079,1.078999999999992,hold,100.0,4.577002127026936,-0.0067098650882275734,1.0842416339786087,0.08424163397860873,-0.006637043337530132,4.492959437672598,0.0003724785944391221,0.07282175069744153,2,2
1080,1.0799999999999919,hold,100.0,4.583686710762947,0.00668458373601144,1.0843016966404755,0.08430169664047549,0.006624895751947742,4.499584333424545,0.00037223378657036003,-0.059687984063697824,2,2
1081,1.0809999999999917,hold,100.0,4.57700359578447,-0.006683114978477178,1.0842295264738253,0.08422952647382531,-0.006610570388805614,4.49297376303574,0.0003719908109432495,0.07254458967156409,2,2
1082,1.0819999999999916,hold,100.0,4.583661505517879,0.006657909733409184,1.0842893368729463,0.08428933687294626,0.006598473505952249,4.499572236541692,0.00037174721581031554,-0.05943622745693475,2,2
1083,1.0829999999999915,hold,100.0,4.577005033861284,-0.006656471656595109,1.0842174421566637,0.08421744215666371,-0.006584203021925111,4.492988033519767,0.00037150543899603576,0.07226863466999744,2,2
1084,1.0839999999999914,hold,100.0,4.5836363759003245,0.0066313420390402555,1.0842770012071412,0.08427700120714121,0.006572156656805663,4.499560190176573,0.0003712630412981594,-0.05918538223459273,2,2
1085,1.0849999999999913,hold,100.0,4.57700644120794,-0.006629934692384154,1.084205380746998,0.08420538074699802,-0.00655794081608772,4.493002249360485,0.0003710224482637777,0.07199387629643408,2,2
1086,1.0859999999999912,hold,100.0,4.583611321440703,0.006604880232762511,1.0842646893633143,0.08426468936331433,0.006545944783689474,4.499548194144174,0.00037078123314742193,-0.05893544907303698,2,2
1087,1.086999999999991,hold,100.0,4.577007817782719,-0.0066035036579839,1.0841933419739513,0.08419334197395134,-0.006531783352133712,4.49301641079204,0.000370541809294529,0.071720305850188,2,2
1088,1.087999999999991,hold,100.0,4.583586341678174,0.006578523895455213,1.0842524010707342,0.08425240107073417,0.006519837467484514,4.499536248259525,0.00037030176232975603,-0.058686427970698445,2,2
1089,1.0889999999999909,hold,100.0,4.577009163550895,-0.006577178127279204,1.084181325575358,0.08418132557535807,-0.006505730212590504,4.493030518046934,0.00037006349347182114,0.0714479146887003,2,2
1090,1.0899999999999908,hold,100.0,4.583561436160697,0.006552272609802401,1.084240136067204,0.08424013606720404,0.006493834290774643,4.499524352337709,0.00036982460063027207,-0.05843831902775827,2,2
1091,1.0909999999999906,hold,100.0,4.577010478484661,-0.006550957676036084,1.0841693312973681,0.08416933129736814,-0.006479780981574558,4.493044571356135,0.0003695874729715593,0.07117669446152652,2,2
1092,1.0919999999999905,hold,100.0,4.583536604444467,0.006526125959806173,1.0842278940985557,0.08422789409855569,0.00646793483777453,4.49951250619391,0.00036934972060648826,-0.058191122031642575,2,2
1093,1.0929999999999904,hold,100.0,4.577011762562717,-0.006524841881750731,1.08415735889387,0.08415735889387,-0.006453935244882601,4.493058570949027,0.00036911372072262537,0.0709066368681302,2,2
1094,1.0939999999999903,hold,100.0,4.583511846093387,0.006500083530670331,1.0842156749182426,0.08421567491824256,0.006442138694458211,4.499500709643486,0.00036887709554991156,-0.05794483621212026,2,2
1095,1.0949999999999902,hold,100.0,4.577013015769243,-0.0064988303241442225,1.0841454081262019,0.08414540812620186,-0.006428192589964292,4.4930725170535215,0.00036864221036983014,0.07063773417993052,2,2
1096,1.09599999999999,hold,100.0,4.583487160678994,0.006474144909751622,1.0842034782869705,0.0842034782869705,0.006416445448426471,4.499488962501948,0.00036840669945064627,-0.05769946132515129,2,2
1097,1.09699999999999,hold,100.0,4.577014238094247,-0.006472922584747742,1.0841334787627217,0.0841334787627217,-0.0064025526058860615,4.493086409896062,0.0003681729162399127,0.07036997886168075,2,2
1098,1.0979999999999899,hold,100.0,4.583462547779903,0.0064483096856564615,1.084191303972293,0.08419130397229302,0.006390854688973929,4.499477264585035,0.00036793850696454337,-0.0574549966825327,2,2
1099,1.0989999999999898,hold,100.0,4.577015429533367,-0.006447118246535766,1.084121570578456,0.08412157057845593,-0.006377014883348206,4.493100249701687,0.00036770581330957915,0.07010336318756007,2,2
1100,1.0999999999999897,hold,100.0,4.583438006981352,0.006422577447984246,1.0841791517482804,0.08417915174828039,0.006365366006998456,4.499465615708686,0.0003674724933823256,-0.05721144098578927,2,2
1101,1.1009999999999895,hold,100.0,4.577016590086829,-0.006421416894522913,1.0841096833547514,0.08410968335475144,-0.006351579014646997,4.493114036694038,0.00036724087717599185,0.0698378798759166,2,2
1102,1.1019999999999894,hold,100.0,4.583413537875365,0.006396947788536167,1.084167021395219,0.08416702139521903,0.006339978995091947,4.49945401568913,0.0003670086346010832,-0.05696879344422017,2,2
1103,1.1029999999999893,hold,100.0,4.577017719759726,-0.006395818115638718,1.0840978168790194,0.0840978168790194,-0.006326244593737837,4.493127771095392,0.0003667780840290154,0.06957352190088174,2,2
1104,1.1039999999999892,hold,100.0,4.583389140060037,0.006371420300310682,1.0841549126993275,0.08415491269932751,0.006314693247464463,4.499442464342857,0.00036654690709750544,-0.05672705284621906,2,2
1105,1.104999999999989,hold,100.0,4.577018818561564,-0.00637032149847272,1.0840859709444008,0.08408597094440085,-0.006301011216144793,4.493141453126712,0.00036631741062539665,0.06931028232792703,2,2
1106,1.105999999999989,hold,100.0,4.58336481313928,0.006345994577715786,1.0841428254524175,0.08414282545241747,0.006289508359953226,4.499430961486665,0.0003660872879027392,-0.05648621776255941,2,2
1107,1.1069999999999889,hold,100.0,4.577019886506281,-0.006344926632999126,1.0840741453495233,0.08407414534952329,-0.006275878479023885,4.4931550830076405,0.0003658588342645659,0.06904815397524092,2,2
1108,1.1079999999999888,hold,100.0,4.583340556723407,0.006320670217125901,1.0841307594516971,0.08413075945169712,0.006264423930054515,4.499419506937695,0.0003656297545791233,-0.05624628707138601,2,2
1109,1.1089999999999887,hold,100.0,4.577020923611632,-0.006319633111774969,1.0840623398982854,0.08406233989828538,-0.006250845981134114,4.493168660956561,0.00036540233276581406,0.0687871306408556,2,2
1110,1.1099999999999886,hold,100.0,4.583316370427232,0.006295446815600236,1.0841187144994955,0.08411871449949548,0.006239439556813196,4.499408100513374,0.0003651742851981509,-0.05600725878704069,2,2
1111,1.1109999999999884,hold,100.0,4.5770219298991535,-0.006294440528078482,1.0840505543995422,0.08405055439954223,-0.006225913322769201,4.493182187190605,0.00036494788444718125,0.06852720530928137,2,2
1112,1.1119999999999883,hold,100.0,4.583292253871915,0.0062703239727612825,1.0841066904030943,0.08410669040309426,0.006214554840946777,4.499396742031552,0.00036472085831970716,-0.055769131814505275,2,2
1113,1.1129999999999882,hold,100.0,4.577022905393963,-0.006269348477951908,1.0840387886669414,0.08403878866694137,-0.006201080105894869,4.493195661925657,0.00036449546810528164,0.06826837205703949,2,2
1114,1.113999999999988,hold,100.0,4.5832682066830985,0.006245301289135696,1.084094686974399,0.08409468697439904,0.006189769384750061,4.499385431310406,0.00036426945297280474,-0.055531904385635114,2,2
1115,1.114999999999988,hold,100.0,4.577023850124944,-0.0062443565581542515,1.084027042518728,0.08402704251872795,-0.0061763459339847,4.493209085376422,0.00036404506299647123,0.0680106241695514,2,2
1116,1.115999999999988,hold,100.0,4.583244228491496,0.006220378366551316,1.084082704029876,0.08408270402987594,0.00616508279210639,4.499374168168528,0.00036382004863717897,-0.055295574444926,2,2
1117,1.1169999999999878,hold,100.0,4.5770247641238555,-0.006219464367640093,1.0840153157774934,0.08401531577749344,-0.00615171041213876,4.4932224577563895,0.00036359664881924463,0.06775395550133283,2,2
1118,1.1179999999999877,hold,100.0,4.583220318932649,0.006195554808793524,1.0840707413902726,0.0840707413902726,0.00614049466853336,4.499362952424923,0.00036337262522610563,-0.05506014026016373,2,2
1119,1.1189999999999876,hold,100.0,4.577025647425499,-0.00619467150715014,1.0840036082700992,0.08400360827009923,-0.0061271731470362014,4.493235779277886,0.0003631502056973057,0.0674983601139387,2,2
1120,1.1199999999999875,hold,100.0,4.58319647764662,0.006170830221121193,1.0840587988804742,0.08405879888047418,0.006116004621079205,4.499351783898965,0.00036292716307017366,-0.054825600041987985,2,2
1121,1.1209999999999873,hold,100.0,4.577026500067886,-0.006169977578734276,1.0839919198273418,0.08399191982734178,-0.006102733746838706,4.4932490501521265,0.00036270571416383734,0.06724383189556961,2,2
1122,1.1219999999999872,hold,100.0,4.583172704277918,0.006146204210032202,1.0840468763293432,0.08404687632934316,0.006091612258376062,4.499340662410503,0.00036248364290178046,-0.05459195165614071,2,2
1123,1.1229999999999871,hold,100.0,4.577027322091431,-0.0061453821864869695,1.0839802502839697,0.08398025028396972,-0.006078391821355623,4.493262270589147,0.000362263155146601,0.06699036513134644,2,2
1124,1.123999999999987,hold,100.0,4.583148998475458,0.006121676384027275,1.084034973569522,0.08403497356952205,0.006067317190645422,4.499329587779792,0.00036204204584082487,-0.05435919338185255,2,2
1125,1.124999999999987,hold,100.0,4.577028113539738,-0.006120884935720383,1.0839685994784254,0.08396859947842539,-0.006054146981895683,4.4932754407978965,0.0003618225099537122,0.06673795382470052,2,2
1126,1.1259999999999868,hold,100.0,4.583125359892046,0.006097246352307906,1.0840230904373434,0.08402309043734335,0.006043119029664654,4.499318559827561,0.0003616023533806903,-0.054127322643251694,2,2
1127,1.1269999999999867,hold,100.0,4.577028874458389,-0.0060964854336571506,1.0839569672527027,0.08395696725270274,-0.006029998841339232,4.493288560986222,0.00036138376026039046,0.06648659231791881,2,2
1128,1.1279999999999866,hold,100.0,4.5831017881847815,0.006072913726392848,1.0840112267726734,0.08401122677267336,0.006019017388747877,4.499307578374969,0.00036116454737542474,-0.05389633764497047,2,2
1129,1.1289999999999865,hold,100.0,4.577029604895493,-0.006072183289288269,1.0839453534522487,0.08394535345224874,-0.006005947014084805,4.493301631360884,0.0003609468880960528,0.06623627520346408,2,2
1130,1.1299999999999863,hold,100.0,4.583078283014486,0.00604867811899279,1.0839993824186993,0.08399938241869931,0.005995011882783111,4.499296643243667,0.0003607286100272696,-0.05366623620967851,2,2
1131,1.1309999999999862,hold,100.0,4.577030304901681,-0.006047978112804664,1.0839337579258357,0.08393375792583568,-0.005981991116085136,4.493314652127582,0.00036051187583251496,0.06598699671952774,2,2
1132,1.1319999999999861,hold,100.0,4.583054844045785,0.006024539144103613,1.0839875572219584,0.08398755722195839,0.005971102128182354,4.499285754255764,0.0003602945238749423,-0.05343701592125903,2,2
1133,1.132999999999986,hold,100.0,4.5770309745296585,-0.006023869516126545,1.0839221805253811,0.08392218052538114,-0.005958130764807406,4.4933276234909565,0.0003600787061723306,0.0657387513191398,2,2
1134,1.133999999999986,hold,100.0,4.583031470947017,0.006000496417358114,1.0839757510320847,0.08397575103208466,0.005947287742893813,4.49927491123385,0.0003598622717824924,-0.05320867446430115,2,2
1135,1.1349999999999858,hold,100.0,4.577031613833768,-0.005999857113248908,1.0839106211059195,0.08391062110591951,-0.005934365579230696,4.493340545654619,0.0003596473621381074,0.06549153401821158,2,2
1136,1.1359999999999857,hold,100.0,4.583008163389848,0.00597654955608018,1.0839639637017258,0.08396396370172576,0.00592356834638805,4.499264114001007,0.000359431836928714,-0.05298120969212967,2,2
1137,1.1369999999999856,hold,100.0,4.577032222871145,-0.005975940518703204,1.0838990795254233,0.0838990795254233,-0.005910695179874111,4.493353418821133,0.0003592178270620446,0.06524533882909349,2,2
1138,1.1379999999999855,hold,100.0,4.582984921050055,0.0059526981789099764,1.0839521950865203,0.0839521950865203,0.005899943559709289,4.499253362380842,0.00035900320279705215,-0.052754619200687594,2,2
1139,1.1389999999999854,hold,100.0,4.577032801700056,-0.005952119349998952,1.0838875556447223,0.08388755564472228,-0.005887119188778392,4.493366243192064,0.0003587900845761285,0.06500016122056029,2,2
1140,1.1399999999999852,hold,100.0,4.5829617436058845,0.005928941905828822,1.083940445044854,0.08394044504485398,0.005876413005348626,4.499242656197413,0.00035857635316595795,-0.05252890048019609,2,2
1141,1.1409999999999851,hold,100.0,4.5770333503807965,-0.00592839322508798,1.083876049327399,0.0838760493273989,-0.005863637229443747,4.4933790189679685,0.0003583641186026781,0.0647559956442334,2,2
1142,1.141999999999985,hold,100.0,4.582938630739469,0.005905280358672549,1.083928713437909,0.08392871343790897,0.0058529763073469545,4.4992319952753155,0.0003581512720997163,-0.05230405132559436,2,2
1143,1.142999999999985,hold,100.0,4.577033868975768,-0.0059047617637011385,1.0838645604397061,0.08386456043970614,-0.005840248926891992,4.493391746348424,0.0003579399133455635,0.06451283680914635,2,2
1144,1.1439999999999848,hold,100.0,4.58291558112545,0.005881712149681917,1.0839170001568987,0.08391700015689874,0.005829632050607604,4.499221378399032,0.0003577279425176458,-0.052080099074313345,2,2
1145,1.1449999999999847,hold,100.0,4.577034358627372,-0.005881222498078209,1.0838530888947784,0.08385308889477838,-0.005816951834936354,4.493404426564095,0.00035751745082968973,0.06427066314185474,2,2
1146,1.1459999999999846,hold,100.0,4.5828925954667845,0.005858236839412889,1.0839053050368022,0.08390530503680216,0.0058063798787391626,4.499210806442834,0.00035730634943060695,-0.05185696067372663,2,2
1147,1.1469999999999845,hold,100.0,4.577034818313136,-0.005857777153648769,1.0838416345184045,0.08384163451840454,-0.005793747669858026,4.493417058772976,0.0003570967182659904,0.06402948379074287,2,2
1148,1.1479999999999844,hold,100.0,4.582869673457506,0.005834855144370543,1.0838936279497675,0.08389362794976751,0.005783220459525938,4.499200279232502,0.0003568864787545889,-0.05163468484460556,2,2
1149,1.1489999999999843,hold,100.0,4.5770352481003025,-0.0058344253572037985,1.083830197184961,0.0838301971849611,-0.00577063606078061,4.493429643171721,0.0003566777006598443,0.0637892964231888,2,2
1150,1.1499999999999841,hold,100.0,4.58284681479177,0.00581156669146754,1.0838819687670866,0.08388196876708665,0.005760153422910558,4.4991897965946315,0.0003564683156152559,-0.05141326855698236,2,2
1151,1.150999999999984,hold,100.0,4.577035648057173,-0.005811166734597251,1.0838187767704817,0.08381877677048166,-0.005747616638549981,4.493442179956081,0.0003562603832595473,0.06355009604726986,2,2
1152,1.151999999999984,hold,100.0,4.582824019166827,0.0057883711096540225,1.083870327362216,0.08387032736221589,0.005737178400311772,4.499179358356393,0.0003560518453827842,-0.05119270934225012,2,2
1153,1.1529999999999838,hold,100.0,4.577036018253169,-0.005788000913657498,1.083807373153281,0.0838073731532809,-0.005724689035499203,4.493454669320894,0.00035584475155539703,0.06331187815829513,2,2
1154,1.1539999999999837,hold,100.0,4.582801286282306,0.005765268029136905,1.0838587036108667,0.08385870361086667,0.005714295024564446,4.499168964345458,0.00035563705366619373,-0.050973004572458895,2,2
1155,1.1549999999999836,hold,100.0,4.577036358759081,-0.005764927523225438,1.0837959862138302,0.08379598621383022,-0.00570185288541585,4.493467111460042,0.0003554307912732712,0.0630746378095879,2,2
1156,1.1559999999999835,hold,100.0,4.582778615840653,0.00574225708157261,1.08384709739092,0.08384709739092,0.005691502930006593,4.499158614390049,0.0003552239263068168,-0.050754151566017626,2,2
1157,1.1569999999999834,hold,100.0,4.577036669646922,-0.005741946193731806,1.0837846158347366,0.08378461583473662,-0.0056791078235431175,4.493479506566506,0.0003550184883680702,0.06283837018868868,2,2
1158,1.1579999999999833,hold,100.0,4.5827560075472045,0.005719337900282895,1.0838355085823626,0.08383550858236255,0.0056688017524114025,4.499148308318917,0.0003548124493717665,-0.05053614787149229,2,2
1159,1.1589999999999832,hold,100.0,4.577036950989959,-0.005719056557245139,1.08377326190069,0.0837732619006899,-0.005656453486577122,4.49349185483234,0.0003546078290174242,0.06260307066801706,2,2
1160,1.159999999999983,hold,100.0,4.582733461109901,0.005696510119941323,1.0838239370672145,0.08382393706721447,0.005646191129041552,4.499138045961382,0.0003544026091478666,-0.05031899089977081,2,2
1161,1.160999999999983,hold,100.0,4.577037202862387,-0.005696258247513519,1.0837619242983418,0.08376192429834184,-0.005633889512700432,4.493504156448681,0.00035419879961558074,0.06236873481308726,2,2
1162,1.1619999999999828,hold,100.0,4.582710976238801,0.005673773376414282,1.083812382729503,0.08381238272950298,0.005623670698617357,4.499127827147299,0.00035399439213571165,-0.050102677796924275,2,2
1163,1.1629999999999827,hold,100.0,4.577037425339701,-0.005673550899100377,1.0837506029162842,0.08375060291628422,-0.005611415541511171,4.493516411605787,0.00035379138676786746,0.06213535758920613,2,2
1164,1.1639999999999826,hold,100.0,4.582688552647053,0.005651127307351622,1.0838008454551282,0.08380084545512823,0.005601240101258248,4.499117651707046,0.0003535877850440234,-0.04988720609337433,2,2
1165,1.1649999999999825,hold,100.0,4.5770376184983865,-0.005650934148666131,1.0837392976449953,0.08373929764499533,-0.005589031214008006,4.493528620493038,0.0003533855772848398,0.061902934658125165,2,2
1166,1.1659999999999824,hold,100.0,4.582666190049938,0.005628571551551609,1.0837893251318922,0.08378932513189219,0.005578898978535792,4.499107519471574,0.0003531827747841641,-0.049672573015816825,2,2
1167,1.1669999999999823,hold,100.0,4.577037782415497,-0.005628407634441501,1.0837280083767855,0.08372800837678551,-0.005566736172645761,4.493540783298928,0.00035298135817712873,0.06167146179574066,2,2
1168,1.1679999999999822,hold,100.0,4.582643888164906,0.005606105749409451,1.0837778216493898,0.08377782164938985,0.005556646973450622,4.4990974302723785,0.0003527793484649814,-0.04945877595882893,2,2
1169,1.168999999999982,hold,100.0,4.5770379171696565,-0.005605970995249621,1.083716735005665,0.0837167350056649,-0.005544530061321749,4.493552900211057,0.00035257871665029345,0.06144093392787195,2,2
1170,1.169999999999982,hold,100.0,4.5826216467122896,0.005583729542633087,1.0837663348989748,0.08376633489897478,0.005534483730468924,4.499087383941526,0.0003523774933876529,-0.04924581216416302,2,2
1171,1.1709999999999818,hold,100.0,4.57703802283997,-0.0055836238723196985,1.083705477427433,0.08370547742743306,-0.005522412525346227,4.49356497141618,0.0003521776400998452,0.06121134697347191,2,2
1172,1.1719999999999817,hold,100.0,4.5825994654143205,0.00556144257435065,1.0837548647736834,0.08375486477368344,0.005512408895439835,4.499077380311619,0.00035197719704103036,-0.04903367891081513,2,2
1173,1.1729999999999816,hold,100.0,4.57703809950626,-0.005561365908060445,1.083694235539559,0.0836942355395589,-0.005500383211429726,4.49357699710019,0.0003517781161064937,0.06098269663071861,2,2
1174,1.1739999999999815,hold,100.0,4.582577343995545,0.005539244489284556,1.08374341116826,0.08374341116826,0.005490422115633799,4.499067419215824,0.00035157844709680485,-0.04882237365075662,2,2
1175,1.1749999999999814,hold,100.0,4.57703814724949,-0.005539196746054742,1.0836830092410679,0.08368300924106786,-0.005478441767699131,4.493588977448125,0.00035138013243165303,0.060754978355610605,2,2
1176,1.1759999999999813,hold,100.0,4.582555282182634,0.005517134933143986,1.083731973979027,0.08373197397902699,0.0054685230397437425,4.499057500487869,0.00035118123140517855,-0.04861189340024316,2,2
1177,1.1769999999999812,hold,100.0,4.577038166151144,-0.005517116031489522,1.0836717984326312,0.08367179843263117,-0.00545658784369524,4.493600912644173,0.00035098367701291846,0.06052818779428166,2,2
1178,1.177999999999981,hold,100.0,4.582533279704656,0.005495113553511288,1.0837205531038896,0.0837205531038896,0.0054467113178633675,4.499047623962037,0.0003507855379903641,-0.04840223564792079,2,2
1179,1.178999999999981,hold,100.0,4.577038156293678,-0.005495123410977243,1.0836606030164195,0.08366060301641953,-0.005434821090322041,4.493612802871715,0.00035058873796001475,0.06030232065520197,2,2
1180,1.1799999999999808,hold,100.0,4.582511336292584,0.005473179998905842,1.0837091484422838,0.08370914844228383,0.0054249866014498115,4.499037789473165,0.000350391355046612,-0.04819339745603009,2,2
1181,1.1809999999999807,hold,100.0,4.577038117759761,-0.005473218532823232,1.0836494228960962,0.08364942289609623,-0.005413141159898171,4.493624648313267,0.00035019530355046295,0.06007737292506102,2,2
1182,1.1819999999999806,hold,100.0,4.582489451679632,0.005451333919871182,1.0836977598951272,0.08369775989512718,0.0054033485433945495,4.499027996856661,0.0003499986709340334,-0.047985376476632376,2,2
1183,1.1829999999999805,hold,100.0,4.577038050633379,-0.005451401046252968,1.0836382579768082,0.08363825797680824,-0.005391547706131229,4.49363644915053,0.00034980336222583427,0.05985334012173927,2,2
1184,1.1839999999999804,hold,100.0,4.582467625600773,0.005429574967394046,1.0836863873647868,0.08368638736478684,0.005381796797964684,4.499018245948494,0.0003496074741748254,-0.04777816942936209,2,2
1185,1.1849999999999803,hold,100.0,4.577037954998516,-0.00542967060225763,1.0836271081650952,0.08362710816509522,-0.005370040384099878,4.493648205564394,0.0003494129025877974,0.05963021815775203,2,2
1186,1.1859999999999802,hold,100.0,4.58244585779333,0.005407902794813957,1.0836750307550627,0.08367503075506266,0.005360331020802761,4.499008536585197,0.00034921775344941676,-0.04757177401119601,2,2
1187,1.18699999999998,hold,100.0,4.577037830940162,-0.005408026853167769,1.0836159733688624,0.0836159733688624,-0.005348618850263139,4.4936599177349335,0.00034902391339454366,0.05940800290463004,2,2
1188,1.18799999999998,hold,100.0,4.582424147996348,0.005386317056186307,1.0836636899711025,0.08366368997110252,0.0053389508689244,4.498998868603858,0.00034882949759304814,-0.047366187261907444,2,2
1189,1.1889999999999799,hold,100.0,4.57703767854362,-0.0053864694527279156,1.0836048534974343,0.0836048534974343,-0.005327282762454761,4.493671585841403,0.0003486363835571555,0.05918669027315474,2,2
1190,1.1899999999999797,hold,100.0,4.582402495950802,0.0053648174071820875,1.0836523649194252,0.08365236491942518,0.005317656000733473,4.498989241842136,0.0003484426955920047,-0.04716140644861477,2,2
1191,1.1909999999999796,hold,100.0,4.577037497894943,-0.005364998055859438,1.0835937484613356,0.0835937484613356,-0.005306031779856133,4.49368321006228,0.0003482503021362276,0.058966276003304986,2,2
1192,1.1919999999999795,hold,100.0,4.58238090139971,0.005343403504767252,1.0836410555078386,0.08364105550783862,0.005296446075961099,4.498979656138242,0.00034805733658052043,-0.04695742880615316,2,2
1193,1.1929999999999794,hold,100.0,4.577037289080472,-0.005343612319237856,1.0835826581724757,0.08358265817247568,-0.005284865563006058,4.493694790575236,0.0003478656583385398,0.058746756231797814,2,2
1194,1.1939999999999793,hold,100.0,4.58235936408789,0.005322075007417659,1.0836297616454327,0.08362976164543268,0.00527532075573039,4.498970111330967,0.0003476734098372687,-0.04675425168726953,2,2
1195,1.1949999999999792,hold,100.0,4.577037052187375,-0.005322311900514798,1.0835715825439498,0.08357158254394981,-0.0052637837738210925,4.493706327557145,0.0003474824415137719,0.058528126693705405,2,2
1196,1.195999999999979,hold,100.0,4.582337883761878,0.0053008315745026735,1.083618483242563,0.08361848324256305,0.005254279702505842,4.498960607259651,0.00034729090478234946,-0.04655187199683122,2,2
1197,1.196999999999979,hold,100.0,4.577036787302772,-0.005301096459105814,1.0835605214900876,0.08356052149008764,-0.005242786075544743,4.493717821184106,0.0003471006411515052,0.05831038356107071,2,2
1198,1.1979999999999789,hold,100.0,4.582316460170238,0.005279672867466445,1.0836072202107598,0.08360722021075984,0.0052333225801054085,4.498951143764211,0.00034690981097421834,-0.046350287361036566,2,2
1199,1.1989999999999787,hold,100.0,4.577036494514565,-0.0052799656556734575,1.0835494749264205,0.08354947492642051,-0.005221872132792285,4.493729271631419,0.0003467202468781532,0.05809352288117277,2,2
1200,1.1999999999999786,hold,100.0,4.5822950930632915,0.005258598548726567,1.0835959724627828,0.08359597246278283,0.0052124490537100365,4.498941720685129,0.0003465301181066828,-0.04614949501653091,2,2
1201,1.2009999999999785,hold,100.0,4.5770361739110745,-0.00525891915221699,1.0835384427695953,0.08353844276959532,-0.005201041611476579,4.493740679073652,0.000346341248454003,0.05787754074041123,2,2
1202,1.2019999999999784,hold,100.0,4.582273782192605,0.005237608281530193,1.0835847399125373,0.08358473991253734,0.0051916587897760285,4.498932337863429,0.00034615181600604046,-0.04594949175416429,2,2
1203,1.2029999999999783,hold,100.0,4.577035825580819,-0.005237956611785499,1.0835274249374558,0.0835274249374558,-0.005180294178854706,4.493752043684574,0.0003459636357705391,0.057662432930793636,2,2
1204,1.2039999999999782,hold,100.0,4.58225252731226,0.005216701731440843,1.083573522475031,0.08357352247503091,0.00517095145613172,4.498922995140705,0.00034577489462837174,-0.045750275309122505,2,2
1205,1.204999999999978,hold,100.0,4.577035449612738,-0.005217077699522399,1.083516421348885,0.08351642134888504,-0.005159629503509795,4.493763365637196,0.00034558739884755547,0.05744819601260359,2,2
1206,1.205999999999978,hold,100.0,4.5822313281773726,0.0051958785646348815,1.0835623200664335,0.0835623200664335,0.005150326721944989,4.498913692359141,0.0003453993440567443,-0.04555184268989227,2,2
1207,1.2069999999999779,hold,100.0,4.577035046096313,-0.0051962820810596,1.0835054319239001,0.08350543192390014,-0.005139047255371501,4.493774645103769,0.00034521252783061316,0.05723482568809925,2,2
1208,1.2079999999999778,hold,100.0,4.582210184545103,0.005175138448789696,1.0835511326039668,0.08355113260396685,0.005129784257677468,4.498904429361446,0.00034502515449865524,-0.04535419111222766,2,2
1209,1.2089999999999776,hold,100.0,4.57703461512114,-0.005175569423962578,1.0834944565835503,0.08349445658355026,-0.005118547105650363,4.493785882255796,0.0003448390129883879,0.05702231831221545,2,2
1210,1.2099999999999775,hold,100.0,4.582189096174025,0.005154481052884741,1.0835399600059024,0.08353996000590236,0.005109323735128367,4.498895205990925,0.0003446523162835332,-0.04515731775637383,2,2
1211,1.2109999999999774,hold,100.0,4.57703415677708,-0.005154939396945224,1.083483495249912,0.08348349524991194,-0.0050981287269034605,4.493797077264022,0.0003444668447102247,0.05681067004176341,2,2
1212,1.2119999999999773,hold,100.0,4.58216806282456,0.00513390604748043,1.0835288021915224,0.08352880219152237,0.0050889448273991385,4.498886022091421,0.00034428081986024483,-0.044961220081291345,2,2
1213,1.2129999999999772,hold,100.0,4.577033671154355,-0.0051343916702046855,1.0834725478460716,0.08347254784607161,-0.0050777917929679325,4.493808230298453,0.00034409601350374717,0.056599877236752916,2,2
1214,1.213999999999977,hold,100.0,4.582147084258524,0.005113413104168352,1.083517659081212,0.08351765908121189,0.0050686472088947165,4.498876877507348,0.0003439106557946727,-0.04476589527363517,2,2
1215,1.214999999999977,hold,100.0,4.57703315834363,-0.005113925914893791,1.0834616142961193,0.08346161429611931,-0.00505753597898403,4.493819341528364,0.0003437265099924688,0.05638993590976072,2,2
1216,1.2159999999999769,hold,100.0,4.582126160239383,0.005093001895753346,1.0835065305962281,0.08350653059622815,0.005048430555311163,4.498867772083675,0.0003435418147675231,-0.04457134044218332,2,2
1217,1.2169999999999768,hold,100.0,4.577032618435489,-0.005093541803894652,1.0834506945250966,0.08345069452509657,-0.005037360961397277,4.4938304111222775,0.00034335832491348846,0.05618084249737511,2,2
1218,1.2179999999999767,hold,100.0,4.582105290532007,0.005072672096518183,1.083495416658882,0.08349541665888194,0.005028294543663097,4.498858705665941,0.0003431742875719731,-0.044377552855085454,2,2
1219,1.2189999999999765,hold,100.0,4.577032051520942,-0.005073239011064601,1.08343978845899,0.08343978845898992,-0.005017266417936712,4.493841439248004,0.00034299144911534876,0.05597259312788844,2,2
1220,1.2199999999999764,hold,100.0,4.582084474903226,0.005052423382283955,1.0834843171923885,0.08348431719238847,0.005008238852224995,4.498849678100229,0.00034280806511152885,-0.04418453005895946,2,2
1221,1.2209999999999763,hold,100.0,4.577031457691347,-0.005053017211879229,1.0834288960246825,0.08342889602468251,-0.004997252027607656,4.493852426072621,0.0003426258735559236,0.05576518427157298,2,2
1222,1.2219999999999762,hold,100.0,4.582063713120663,0.005032255429315846,1.0834732321208949,0.08347323212089486,0.004988263160564599,4.498840689233186,0.00034244313839789417,-0.04399226875124746,2,2
1223,1.222999999999976,hold,100.0,4.577030837037854,-0.00503287608280889,1.0834180171500138,0.08341801715001385,-0.004977317470704708,4.4938633717624805,0.0003422615893000703,0.05555861210418227,2,2
1224,1.223999999999976,hold,100.0,4.582043004954081,0.0050121679162273836,1.0834621613694617,0.08346216136946172,0.00496836714954163,4.498831738912022,0.0003420794985489522,-0.04380076668575317,2,2
1225,1.2249999999999759,hold,100.0,4.577030189652258,-0.005012815301823181,1.0834071517636485,0.08340715176364855,-0.004957462428804779,4.493874276483218,0.0003418985875179939,0.05535287301840219,2,2
1226,1.2259999999999758,hold,100.0,4.5820223501744,0.0049921605221419085,1.0834511048640358,0.08345110486403584,0.004948550501285296,4.498822826984503,0.0003417171367867151,-0.043610020856612794,2,2
1227,1.2269999999999757,hold,100.0,4.577029515626288,-0.004992834548112057,1.0833962997951887,0.0833962997951887,-0.004937686584744238,4.493885140399758,0.0003415368594829289,0.05514796336781886,2,2
1228,1.2279999999999756,hold,100.0,4.582001748554064,0.0049722329277761546,1.0834400625314133,0.08344006253141334,0.004928812899181,4.4988139532989395,0.0003413560444354154,-0.04342002859515463,2,2
1229,1.2289999999999754,hold,100.0,4.577028815051692,-0.0049729335023718235,1.0833854611750087,0.08338546117500867,-0.00491798962261701,4.493895963676323,0.0003411763965694257,0.054943879754813275,2,2
1230,1.2299999999999753,hold,100.0,4.581981199866893,0.004952384815200439,1.083429034299282,0.08342903429928206,0.004909154027892781,4.498805117704216,0.000340996212919554,-0.04323078730765831,2,2
1231,1.2309999999999752,hold,100.0,4.5770280880207554,-0.004953111846137226,1.0833746358343757,0.08337463583437565,-0.004898371227801018,4.493906746476415,0.00034081719025143303,0.05474061833620793,2,2
1232,1.2319999999999751,hold,100.0,4.581960703888016,0.004932615867260459,1.0834180200961412,0.08341802009614119,0.004889573573333448,4.498796320049748,0.0003406376337621429,-0.04304229392701128,2,2
1233,1.232999999999975,hold,100.0,4.577027334625488,-0.0049333692625275205,1.0833638237053016,0.0833638237053016,-0.004878831086905177,4.493917488962843,0.00034045923210041147,0.05453817562234373,2,2
1234,1.233999999999975,hold,100.0,4.581940260394306,0.004912925768817189,1.083407019851308,0.08340701985130794,0.004870071222685306,4.498787560185528,0.0003402802985828666,-0.04285454613188293,2,2
1235,1.2349999999999748,hold,100.0,4.577026554958337,-0.004913705435968474,1.0833530247206808,0.08335302472068085,-0.004859368887800728,4.493928191297727,0.00034010251378365424,0.054336548167745885,2,2
1236,1.2359999999999747,hold,100.0,4.581919869163631,0.0048933142052938194,1.0833960334948876,0.08339603349488756,0.00485064666435722,4.498778837962084,0.00033992419909632175,-0.04266754093659904,2,2
1237,1.2369999999999746,hold,100.0,4.577025749111563,-0.004894120052068018,1.0833422388141103,0.08334223881411029,-0.004839984319613206,4.493938853642471,0.0003397470270625147,0.054135732454812374,2,2
1238,1.2379999999999745,hold,100.0,4.581899529975321,0.004873780863758448,1.08338506095779,0.08338506095778997,0.00483129958803265,4.498770153230504,0.00033956932711034696,-0.04248127572579769,2,2
1239,1.2389999999999743,hold,100.0,4.577024917177779,-0.004874612797542532,1.0833314659200035,0.08333146592000351,-0.004820677072686486,4.493949476157818,0.0003393927637907906,0.05393572485604646,2,2
1240,1.2399999999999742,hold,100.0,4.581879242609956,0.00485432543217712,1.0833741021717114,0.08337410217171137,0.004812029684590617,4.498761505842409,0.0003392156745243525,-0.04229574758650347,2,2
1241,1.2409999999999741,hold,100.0,4.5770240592496085,-0.004855183360347404,1.083320705973479,0.08332070597347907,-0.00480144683859552,4.493960059003813,0.0003390397159129457,0.053736521751883426,2,2
1242,1.241999999999974,hold,100.0,4.581859006849993,0.004834947600384609,1.0833631570690405,0.08336315706904052,0.004792836646177985,4.498752895649991,0.000338863233327738,-0.04211095420662402,2,2
1243,1.242999999999974,hold,100.0,4.577023175419524,-0.004835831430469284,1.0833099589104447,0.08330995891044468,-0.004782293310175155,4.493970602339816,0.00033868787546277417,0.05353812029412937,2,2
1244,1.2439999999999738,hold,100.0,4.581838822478366,0.004815647058841854,1.0833522255830026,0.08335222558300259,0.004773720166152789,4.498744322505969,0.0003385119955982669,-0.04192689268906532,2,2
1245,1.2449999999999737,hold,100.0,4.577022265780513,-0.0048165566978530805,1.083299224667488,0.08329922466748796,-0.004763216181452449,4.493981106324516,0.000338337234561568,0.05334051640063127,2,2
1246,1.2459999999999736,hold,100.0,4.58181868927975,0.004796423499237257,1.0833413076474487,0.08334130764744874,0.0047546799391068074,4.498735786263623,0.0003381619535006135,-0.0417435601304493,2,2
1247,1.2469999999999735,hold,100.0,4.577021330425098,-0.004797358854651712,1.0832885031819135,0.0832885031819135,-0.004744215147703649,4.493991571115919,0.0003379877854167605,0.05314370694806288,2,2
1248,1.2479999999999734,hold,100.0,4.581798607040086,0.004777276614987613,1.0833304031969926,0.08333040319699259,0.004735715660857123,4.498727286776776,0.00033781309928477817,-0.041560954130490275,2,2
1249,1.2489999999999732,hold,100.0,4.577020369446325,-0.004778237593760615,1.0832777943917316,0.08327779439173155,-0.004725289905405995,4.49400199687137,0.00033763952032052433,0.05294768835462007,2,2
1250,1.2499999999999731,hold,100.0,4.581778575546623,0.004758206100297535,1.0833195121669859,0.08331951216698585,0.004716827028424288,4.498718823899795,0.00033746542528469506,-0.04137907187324718,2,2
1251,1.250999999999973,hold,100.0,4.57701938293684,-0.004759192609782303,1.0832670982356187,0.08326709823561873,-0.004706440152253912,4.494012383747541,0.0003372924316480684,0.05275245752839157,2,2
1252,1.251999999999973,hold,100.0,4.581758594587593,0.00473921165075275,1.0833086344933904,0.08330863449339043,0.004698013740032967,4.4987103974875735,0.00033711892391680544,-0.0411979107197832,2,2
1253,1.2529999999999728,hold,100.0,4.5770183709895695,-0.0047402235980236185,1.083256414652929,0.0832564146529291,-0.004687665587118016,4.494022731900455,0.0003369465118565644,0.052558010905602234,2,2
1254,1.2539999999999727,hold,100.0,4.5817386639527236,0.004720292963154016,1.0832977701128563,0.08329777011285633,0.004679275495107021,4.498702007395562,0.0003367735876786978,-0.04101746804699522,2,2
1255,1.2549999999999726,hold,100.0,4.577017333697568,-0.004721330255155642,1.0832457435836729,0.08324574358367287,-0.004668965910119906,4.494033041485443,0.00033660175348351783,0.05236434503573615,2,2
1256,1.2559999999999725,hold,100.0,4.5817187834328585,0.00470144973529063,1.0832869189627679,0.08328691896276785,0.0046606119943152936,4.498693653479758,0.00033642940914763213,-0.04083774097533681,2,2
1257,1.2569999999999724,hold,100.0,4.577016271153353,-0.0047025122795059104,1.0832350849685026,0.08323508496850263,-0.004650340822533427,4.494043312657224,0.0003362581491456064,0.05217145697248345,2,2
1258,1.2579999999999723,hold,100.0,4.581698952819902,0.004682681666549726,1.0832760809810753,0.0832760809810753,0.004642022939446721,4.4986853355966705,0.0003360863809794512,-0.04065872710300525,2,2
1259,1.2589999999999721,hold,100.0,4.577015183450018,-0.004683769369884239,1.0832244387487002,0.08322443874870022,-0.004631790026837959,4.494053545569833,0.00033591569153726555,0.05197934304627949,2,2
1260,1.259999999999972,hold,100.0,4.5816791719072025,0.004663988457184409,1.0832652561064038,0.08326525610640378,0.004623508033544023,4.498677053603377,0.00033574449590702927,-0.040480423640386516,2,2
1261,1.260999999999972,hold,100.0,4.577014070680451,-0.004665101226751567,1.083213804866155,0.08321380486615504,-0.004613313226734439,4.494063740376642,0.0003355743734294617,0.05178800001712745,2,2
1262,1.2619999999999718,hold,100.0,4.581659440489254,0.004645369808803146,1.0832544442780023,0.08325444427800233,0.004605066980839823,4.4986688073574825,0.0003354037467392369,-0.040302827963322775,2,2
1263,1.2629999999999717,hold,100.0,4.577012932937343,-0.004646507551910872,1.083203183263379,0.08320318326337905,-0.004594910127061815,4.494073897230421,0.00033523418766847897,0.051597424849057424,2,2
1264,1.2639999999999716,hold,100.0,4.581639758361596,0.004626825424252523,1.083243645435738,0.08324364543573792,0.004586699486684481,4.498660596717105,0.00033506412635958804,-0.04012593756804166,2,2
1265,1.2649999999999715,hold,100.0,4.577011769562277,-0.004627988799319027,1.0831925739164336,0.08319257391643364,-0.004576581225280829,4.494084015491825,0.00033489512687028596,0.051407574038197894,2,2
1266,1.2659999999999714,hold,100.0,4.581620126156774,0.004608356594497209,1.0832328595661436,0.08323285956614357,0.004568406831825847,4.498652422323651,0.0003347256269977094,-0.03994976267136276,2,2
1267,1.2669999999999713,hold,100.0,4.577010581400621,-0.004609544756153383,1.0831819767320519,0.08318197673205185,-0.004558326214560188,4.49409409610909,0.0003345571839147069,0.051218541593195215,2,2
1268,1.2679999999999712,hold,100.0,4.581600542831266,0.004589961430645495,1.0832220865635507,0.08322208656355068,0.004550187139592314,4.498644283248682,0.00033438824242654506,-0.03977429105318092,2,2
1269,1.268999999999971,hold,100.0,4.577009368549108,-0.00459117428215805,1.0831713916589825,0.08317139165898246,-0.004540144016059548,4.494104139232622,0.0003342203523068059,0.05103026609850226,2,2
1270,1.269999999999971,hold,100.0,4.581581008185314,0.00457163963620566,1.0832113263709402,0.0832113263709402,0.004532040119204241,4.498636179351826,0.000334051965754309,-0.039599517001418644,2,2
1271,1.2709999999999708,hold,100.0,4.577008131100907,-0.004572877084406457,1.0831608186425161,0.08316081864251612,-0.004522034339262647,4.4941141450125635,0.0003338846251843269,0.0508427451438101,2,2
1272,1.2719999999999707,hold,100.0,4.581561522019107,0.004553390918199618,1.0832005789306678,0.08320057893066779,0.004513965480799572,4.498628110493363,0.0003337167901519131,-0.03942543740004592,2,2
1273,1.2729999999999706,hold,100.0,4.577006869148482,-0.004554652870624842,1.0831502576280674,0.08315025762806738,-0.004503996894908873,4.494124113598454,0.0003335499957520171,0.0506559757159691,2,2
1274,1.2739999999999705,hold,100.0,4.581542084133921,0.004535214985438962,1.0831898441854675,0.08318984418546749,0.0044959629356361675,4.498620076534091,0.0003333827088582791,-0.03925204980279474,2,2
1275,1.2749999999999704,hold,100.0,4.577005582784402,-0.0045365013495191064,1.0831397085614862,0.08313970856148623,-0.0044860313948681075,4.494134045139223,0.00033321645728276775,0.05046995465099891,2,2
1276,1.2759999999999703,hold,100.0,4.581522694331976,0.004517111547573727,1.0831791220786113,0.08317912207861133,0.004478032196135392,4.498612077335358,0.00033304971518010196,-0.039079351438335054,2,2
1277,1.2769999999999702,hold,100.0,4.5770042721010755,-0.004518422230900043,1.0831291713891906,0.08312917138919063,-0.00446813755219184,4.494143939783166,0.00033288400311675645,0.05028467870820362,2,2
1278,1.27799999999997,hold,100.0,4.581503352416667,0.0044990803155915415,1.0831684125538965,0.08316841255389651,0.004460172975870345,4.498604112759036,0.0003327178024909218,-0.03890733972119684,2,2
1279,1.27899999999997,hold,100.0,4.5770029371907475,-0.004500415225919596,1.0831186460581357,0.08311864605813568,-0.0044503150810713005,4.494153797677964,0.0003325526266605124,0.050100144848295655,2,2
1280,1.2799999999999698,hold,100.0,4.5814840581925065,0.004481121001759014,1.0831577155556644,0.08315771555566442,0.004442384989541229,4.498596182667506,0.0003323869642301325,-0.038736012217785096,2,2
1281,1.2809999999999697,hold,100.0,4.577001578145708,-0.004482480046798187,1.083108132515751,0.083108132515751,-0.004432563696816349,4.494163618970689,0.0003322223213858966,0.049916349981838325,2,2
1282,1.2819999999999696,hold,100.0,4.581464811464952,0.004463233319243365,1.0831470310288156,0.0831470310288156,0.004424667952984985,4.498588286923674,0.0003320571939019885,-0.03856536625837948,2,2
1283,1.2829999999999695,hold,100.0,4.577000195058086,-0.004464616406865574,1.0830976307100528,0.08309763071005283,-0.004414883115884281,4.49417340380779,0.00033189308082924704,0.0497332909812926,2,2
1284,1.2839999999999694,hold,100.0,4.581445612040491,0.0044454169824046375,1.083136358918751,0.08313635891875104,0.004407021583178465,4.498580425390968,0.00033172848507464646,-0.03839539922617218,2,2
1285,1.2849999999999693,hold,100.0,4.576998788020008,-0.004446824020482687,1.0830871405895546,0.08308714058955458,-0.004397273055870831,4.494183152335097,0.00033156489859021543,0.049550964611856305,2,2
1286,1.2859999999999692,hold,100.0,4.581426459726875,0.004427671706866754,1.0831256991713942,0.08312569917139423,0.004389445598243839,4.498572597933341,0.000331400831379213,-0.03822610862291506,2,2
1287,1.286999999999969,hold,100.0,4.576997357123447,-0.004429102603427992,1.0830766621032109,0.08307666210321085,-0.004379733235497318,4.494192864697844,0.00033123776833093,0.04936936793067427,2,2
1288,1.287999999999969,hold,100.0,4.581407354332765,0.004409997209318561,1.0831150517332127,0.08311505173321265,0.004371939717405325,4.498564804415249,0.0003310742265087214,-0.038057491913236034,2,2
1289,1.2889999999999688,hold,100.0,4.576995902460325,-0.004411451872440075,1.083066195200562,0.08306619520056202,-0.004362263374594113,4.4942025410406545,0.00033091168377508254,0.04918849784596273,2,2
1290,1.2899999999999687,hold,100.0,4.581388295667719,0.00439239320739393,1.0831044165510986,0.08310441655109857,0.004354503661010988,4.498557044701665,0.00033074866421734715,-0.03788954638294165,2,2
1291,1.2909999999999686,hold,100.0,4.576994424122316,-0.004393871545403272,1.0830557398315432,0.08305573983154324,-0.004344863194111229,4.494212181507554,0.00033058663870695463,0.04900835129204289,2,2
1292,1.2919999999999685,hold,100.0,4.581369283542679,0.004374859420362753,1.0830937935725042,0.08309379357250424,0.004337137150537894,4.498549318658092,0.0003304241383193657,-0.037722269824859087,2,2
1293,1.2929999999999684,hold,100.0,4.576992922201154,-0.004376361341524415,1.0830452959466237,0.08304529594662369,-0.0043275324161305,4.494221786241961,0.0003302626269705331,0.048828925393915035,2,2
1294,1.2939999999999683,hold,100.0,4.58135031776911,0.004357395567955891,1.0830831827453522,0.0830831827453522,0.0043198399085542715,4.498541626150515,0.00033010064268842673,-0.037555659401619125,2,2
1295,1.2949999999999682,hold,100.0,4.576991396788411,-0.0043589209806995655,1.0830348634967388,0.08303486349673883,-0.0043102707637987965,4.494231355386716,0.00032993964246870856,0.048650216900768956,2,2
1296,1.295999999999968,hold,100.0,4.58133139815981,0.004340001371399005,1.0830725840180204,0.08307258401802042,0.00430261165872927,4.498533967045445,0.0003297781712565405,-0.03738971266973451,2,2
1297,1.296999999999968,hold,100.0,4.576989847975548,-0.004341550184261855,1.0830244424332558,0.0830244424332558,-0.004293077961410212,4.494240889084034,0.00032961767916236983,0.048472222851643314,2,2
1298,1.2979999999999678,hold,100.0,4.58131252452858,0.004322676553032423,1.0830619973393447,0.08306199733934472,0.004285452125896656,4.4985263412099314,0.0003294567180133418,-0.037224427135766625,2,2
1299,1.2989999999999677,hold,100.0,4.576988275853817,-0.004324248674762998,1.0830140327079998,0.08301403270799979,-0.004275953734369143,4.494250387475562,0.0003292967310696316,0.04829494039385561,2,2
1300,1.2999999999999676,hold,100.0,4.581293696689881,0.004305420836064222,1.0830514226586605,0.0830514226586605,0.004268361035915014,4.498518748511477,0.00032913627700525223,-0.03705980014920805,2,2
1301,1.3009999999999675,hold,100.0,4.576986680514342,-0.004307016175538969,1.0830036342732632,0.08300363427326318,-0.004258897809127663,4.494259850702349,0.00032897679226483845,0.04811836641130645,2,2
1302,1.3019999999999674,hold,100.0,4.5812749144595895,0.004288233945247022,1.08304085992571,0.08304085992570998,0.004251338115784822,4.498511188818134,0.0003288168423345864,-0.036895829462199776,2,2
1303,1.3029999999999673,hold,100.0,4.576985062048346,-0.0042898524112438,1.0829932470817243,0.08299324708172429,-0.004241909913252921,4.4942692789048815,0.00032865785687801385,0.04794249799087904,2,2
1304,1.3039999999999672,hold,100.0,4.581256177654227,0.004271115605881448,1.083030309090717,0.08303030909071696,0.0042343830935409575,4.498503661998423,0.00032849840815887636,-0.0367325123404906,2,2
1305,1.304999999999967,hold,100.0,4.576983420546544,-0.004272757107683489,1.0829828710865732,0.0829828710865732,-0.0042249897753832266,4.4942786722230395,0.0003283399190938805,0.0477673323002626,2,2
1306,1.305999999999967,hold,100.0,4.581237486091489,0.004254065544945007,1.083019770104318,0.08301977010431805,0.004217495698358411,4.498496167921398,0.0003281809686900302,-0.03656984658659615,2,2
1307,1.3069999999999669,hold,100.0,4.576981756099801,-0.004255729991687218,1.0829725062413675,0.08297250624136754,-0.004208137125277297,4.49428803079612,0.0003280229731512465,0.047592866409921185,2,2
1308,1.3079999999999667,hold,100.0,4.581218839589697,0.00423708348989571,1.0830092429176255,0.08300924291762546,0.0042006756604905495,4.498488706456611,0.00032786451819357787,-0.036407829405160456,2,2
1309,1.3089999999999666,hold,100.0,4.576980068798759,-0.004238770790937707,1.082962152500064,0.08296215250006389,-0.004191351693754617,4.494297354762856,0.0003277070133420836,0.047419097183089634,2,2
1310,1.3099999999999665,hold,100.0,4.581200237968526,0.004220169169766308,1.082998727482091,0.08299872748209092,0.004183922711235145,4.498481277474091,0.0003275490509879062,-0.03624645853116289,2,2
1311,1.3109999999999664,hold,100.0,4.576978358733825,-0.00422187923470041,1.0829518098171107,0.0829518098171107,-0.004174633212668838,4.494306644261422,0.00032739203401094475,0.0472460220315718,2,2
1312,1.3119999999999663,hold,100.0,4.581181681048054,0.004203322314229041,1.082988223749684,0.08298822374968395,0.004167236582963397,4.498473880844386,0.0003272345614436168,-0.03608573126564433,2,2
1313,1.3129999999999662,hold,100.0,4.576976625995351,-0.004205055052703521,1.0829414781472502,0.08294147814725017,-0.004157981415001067,4.494315899429385,0.00032707802955414604,0.04707363770245412,2,2
1314,1.313999999999966,hold,100.0,4.581163168649776,0.004186542654425196,1.0829777316727063,0.08297773167270628,0.00415061700914842,4.498466516438533,0.000326921043982688,-0.03592564527677561,2,2
1315,1.314999999999966,hold,100.0,4.576974870673447,-0.004188297976329025,1.0829311574457252,0.08293115744572521,-0.004141396034762316,4.494325120403771,0.00032676499441909,0.04690194156670938,2,2
1316,1.3159999999999659,hold,100.0,4.581144700595882,0.0041698299224348645,1.0829672512039166,0.08296725120391657,0.004134063724292568,4.4984591841280634,0.0003266084930778467,-0.03576619814229642,2,2
1317,1.3169999999999658,hold,100.0,4.576973092858164,-0.004171607737718297,1.082920847668108,0.08292084766810803,-0.004124876807022906,4.494334307321041,0.00032645292310357093,0.04673093069539058,2,2
1318,1.3179999999999656,hold,100.0,4.58112627670964,0.004153183851476783,1.0829567822964508,0.08295678229645076,0.0041175764639584805,4.498451883784999,0.0003262969032518742,-0.03560738751830217,2,2
1319,1.3189999999999655,hold,100.0,4.576971292639185,-0.004154984070455114,1.0829105487703916,0.08291054877039161,-0.004108423467924,4.494343460317075,0.0003261418101550753,0.04656060253111459,2,2
1320,1.3199999999999654,hold,100.0,4.581107896814742,0.004136604175556613,1.0829463249038676,0.08294632490386755,0.004101154964792319,4.498444615281867,0.00032598626907693636,-0.035449210764293936,2,2
1321,1.3209999999999653,hold,100.0,4.57696947010645,-0.004138426708292009,1.0829002607089233,0.08290026070892331,-0.004092035754668755,4.494352579527199,0.0003258316501701371,0.0463909536232536,2,2
1322,1.3219999999999652,hold,100.0,4.5810895607364595,0.004120090630009621,1.0829358789800356,0.08293587898003563,0.0040847989644730055,4.498437378491672,0.00032567658517384406,-0.0352916655366152,2,2
1323,1.322999999999965,hold,100.0,4.576967625349116,-0.0041219353873431785,1.0828899834404564,0.0828899834404564,-0.004075713405484701,4.4943616650861875,0.0003255224377936983,0.04622198185847727,2,2
1324,1.323999999999965,hold,100.0,4.581071268300198,0.004103642951081454,1.0829254444793346,0.08292544447933459,0.004068508201722492,4.49843017328791,0.0003253678462115423,-0.03513474935896207,2,2
1325,1.3249999999999649,hold,100.0,4.576965758456762,-0.004105509843435939,1.082879716922094,0.08287971692209406,-0.004059456159653312,4.494370717128257,0.0003252141677183893,0.046053683782627634,2,2
1326,1.3259999999999648,hold,100.0,4.581053019332986,0.004087260876223908,1.0829150213564036,0.0829150213564036,0.004052282416304873,4.498422999544562,0.0003250600469063606,-0.03497845991903489,2,2
1327,1.3269999999999647,hold,100.0,4.576963869518318,-0.004089149814667792,1.0828694611112963,0.08286946111129634,-0.004043263757492122,4.49437973578707,0.00032490683468395105,0.04588605717566977,2,2
1328,1.3279999999999645,hold,100.0,4.581034813662116,0.004070944143798272,1.0829046095663084,0.08290460956630841,0.0040361213490283645,4.498415857136099,0.0003247531820214075,-0.03482279476990733,2,2
1329,1.3289999999999644,hold,100.0,4.576961958622992,-0.004072855039123802,1.0828592159659054,0.0828592159659054,-0.004027135940364994,4.494388721195733,0.0003246004334766457,0.045719098758808044,2,2
1330,1.3299999999999643,hold,100.0,4.581016651116158,0.004054692493165923,1.0828942090644844,0.08289420906448441,0.004020024741745962,4.498408745937479,0.00032444724636595157,-0.034667751419961354,2,2
1331,1.3309999999999642,hold,100.0,4.57696002585939,-0.00405662525676842,1.0828489814440907,0.0828489814440907,-0.004011072450665823,4.494397673486813,0.0003242949589285996,0.04555280610259692,2,2
1332,1.331999999999964,hold,100.0,4.580998531524391,0.004038505665000969,1.082883819806719,0.082883819806719,0.004003992337318137,4.498401665824131,0.0003241422347949265,-0.03451332768283216,2,2
1333,1.332999999999964,hold,100.0,4.57695807131609,-0.0040404602083006225,1.0828387575043998,0.08283875750439984,-0.003995073031793982,4.494406592792338,0.0003239904059171859,0.045387176506640065,2,2
1334,1.3339999999999639,hold,100.0,4.580980454716723,0.0040223834006329895,1.0828734417491501,0.08287344174915012,0.003988023879629316,4.498394616671967,0.00032383814220816664,-0.03435952100367366,2,2
1335,1.3349999999999638,hold,100.0,4.576956095081584,-0.004024359635138808,1.0828285441057113,0.08282854410571128,-0.003979137428188169,4.494415479243779,0.00032368676936449323,0.04522220695063906,2,2
1336,1.3359999999999637,hold,100.0,4.580962420524241,0.004006325442656333,1.0828630748482897,0.0828630748482897,0.0039721191136116735,4.49838759835739,0.0003235349635499129,-0.03420632904465974,2,2
1337,1.3369999999999636,hold,100.0,4.576954097244053,-0.004008323280187298,1.0828183412072496,0.08281834120724962,-0.003963265385326384,4.494424332972064,0.00032338404423673387,0.045057894860913925,2,2
1338,1.3379999999999634,hold,100.0,4.580944428778634,0.0039903315345801715,1.0828527190609756,0.08285271906097558,0.003956277785209539,4.498380610757273,0.00032323269380827874,-0.03405374937063242,2,2
1339,1.3389999999999633,hold,100.0,4.576952077891613,-0.00399235088702099,1.0828081487685546,0.08280814876855458,-0.003947456649675961,4.494433154107598,0.0003230822255436239,0.04489423734502923,2,2
1340,1.3399999999999632,hold,100.0,4.580926479312743,0.00397440142113048,1.0828423743443825,0.08284237434438246,0.003940499641365464,4.498373653748963,0.0003229313280146384,-0.03390177976501582,2,2
1341,1.340999999999963,hold,100.0,4.576950037111867,-0.003976442200875674,1.0827979667495062,0.08279796674950624,-0.003931710968717068,4.494441942780246,0.00032278130833800277,0.04473123215860582,2,2
1342,1.341999999999963,hold,100.0,4.580908571959771,0.00395853484790365,1.082832040656052,0.0828320406560521,0.003924784430030706,4.498366727210277,0.00032263086124305356,-0.03375041787294364,2,2
1343,1.342999999999963,hold,100.0,4.576947974992707,-0.0039605969670644114,1.0827877951103366,0.08278779511033663,-0.003916028090939079,4.494450699119338,0.00032248128771499626,0.044568876125332044,2,2
1344,1.3439999999999628,hold,100.0,4.580890706554092,0.003942731561385138,1.082821717953851,0.08282171795385107,0.003909131900171621,4.49835983101951,0.0003223312886098038,-0.03359966121351671,2,2
1345,1.3449999999999627,hold,100.0,4.576945891621342,-0.003944814932749452,1.0827776338115525,0.08277763381155245,-0.0039004077658405176,4.494459423253669,0.0003221821588117442,0.04440716690893437,2,2
1346,1.3459999999999626,hold,100.0,4.580872882930674,0.003926991309331385,1.0828114061959497,0.08281140619594973,0.0038935418017655462,4.498352965055435,0.0003220326052728227,-0.03344950756583838,2,2
1347,1.3469999999999624,hold,100.0,4.576943787085129,-0.0039290958455451275,1.0827674828140212,0.08276748281402124,-0.0038848497439240605,4.494468115311511,0.00032188391680674177,0.044246101621066986,2,2
1348,1.3479999999999623,hold,100.0,4.580855100925436,0.0039113138403070735,1.0828011053408784,0.08280110534087837,0.003878013885768399,4.498346129197279,0.0003217348064311525,-0.03329995453867432,2,2
1349,1.3489999999999622,hold,100.0,4.576941661471141,-0.003913439454295009,1.0827573420788978,0.08275734207889784,-0.0038693537766606176,4.494476775420619,0.00032158655691939673,0.04408567763439144,2,2
1350,1.3499999999999621,hold,100.0,4.580837360375111,0.003895698903970235,1.0827908153474606,0.08279081534746058,0.003862547904124638,4.4983393233247435,0.00032143788732444606,-0.03315099984559696,2,2
1351,1.350999999999962,hold,100.0,4.576939514866161,-0.003897845508950226,1.082747211567625,0.0827472115676251,-0.0038539196165321378,4.494485403708212,0.00032129007440940464,0.043925892418088426,2,2
1352,1.351999999999962,hold,100.0,4.580819661117026,0.0038801462508653017,1.08278053617487,0.08278053617486991,0.003847143609796956,4.498332547318009,0.00032114184323247174,-0.033002641068345835,2,2
1353,1.3529999999999618,hold,100.0,4.5769373473567265,-0.0038823137602994606,1.0827370912420273,0.08273709124202733,-0.0038385470170325675,4.494494000300977,0.00032099446457642785,0.043766743266893116,2,2
1354,1.3539999999999617,hold,100.0,4.580802002989601,0.003864655632874303,1.0827702677825355,0.08277026778253549,0.0038318007567240313,4.4983258010577005,0.00032084666947467504,-0.03285487615027182,2,2
1355,1.3549999999999616,hold,100.0,4.5769351590294045,-0.00386684396019632,1.0827269810641493,0.08272698106414933,-0.0038232357325930933,4.494502565325107,0.0003206997227594071,0.04360822760322673,2,2
1356,1.3559999999999615,hold,100.0,4.5807843858316355,0.0038492268022309872,1.082760010130248,0.08276001013024792,0.0038165190998092824,4.498319084424916,0.00032055236140955527,-0.03270770242170488,2,2
1357,1.3569999999999613,hold,100.0,4.576932949970391,-0.003851435861244923,1.082716880996363,0.08271688099636298,-0.0038079855186418355,4.494511098906274,0.0003204058443362315,0.04345034260308739,2,2
1358,1.3579999999999612,hold,100.0,4.58076680948323,0.0038338595128397657,1.0827497631781087,0.08274976317810867,0.0038012983949323054,4.4983123973012065,0.0003202589144342536,-0.03256111790746023,2,2
1359,1.3589999999999611,hold,100.0,4.576930720265455,-0.0038360892177751182,1.0827067910013328,0.08270679100133282,-0.0037927961315802677,4.4945196011696265,0.0003201128247231775,0.04329308619485054,2,2
1360,1.359999999999961,hold,100.0,4.580749273784788,0.0038185535193324682,1.0827395268864477,0.0827395268864477,0.0037861383989757427,4.498305739568602,0.00031996632398421595,-0.0324151203567255,2,2
1361,1.360999999999961,hold,100.0,4.576928470000638,-0.003820803784149618,1.0826967110420156,0.08269671104201559,-0.0037776673287941128,4.494528072239808,0.00031982065937451865,0.04313645535550508,2,2
1362,1.3619999999999608,hold,100.0,4.580731778577627,0.003803308576989295,1.0827293012159582,0.08272930121595823,0.0037710388697566165,4.4982991111095645,0.00031967458553249244,-0.03226970723267837,2,2
1363,1.3629999999999607,hold,100.0,4.576926199261358,-0.0038055793162694584,1.0826866410816571,0.08268664108165713,-0.0037625988686247336,4.4945365122409395,0.0003195293437819486,0.04298044764472486,2,2
1364,1.3639999999999606,hold,100.0,4.580714323703952,0.003788124442594132,1.0827190861276255,0.08271908612762546,0.0037559995660995595,4.498292511807039,0.0003193836945894184,-0.03212487649457236,2,2
1365,1.3649999999999605,hold,100.0,4.576923908132997,-0.0037904155709549414,1.0826765810837442,0.0826765810837442,-0.0037475905103871443,4.494544921296652,0.00031923887347430727,0.04282506056779711,2,2
1366,1.3659999999999604,hold,100.0,4.58069690900642,0.003773000873422916,1.0827088815826786,0.08270888158267864,0.0037410202477484037,4.4982859415444,0.000319093646702195,-0.03198062567451223,2,2
1367,1.3669999999999602,hold,100.0,4.576921595934011,-0.00377531307240897,1.0826665307759842,0.08266653077598418,-0.0037326424834461074,4.494553299060954,0.00031894924692275444,0.042670588962862716,1,2
1368,1.3679999999999601,hold,100.0,4.580679534516324,0.0037579385823125477,1.0826986872785942,0.0826986872785942,0.003726101657488614,4.498279400718443,0.00031880444299632843,-0.031836924823933944,2,2
1369,1.36899999999996,hold,100.0,4.576919263455249,-0.0037602710610746826,1.0826564902885618,0.08265649028856181,-0.003717754584060236,4.4945616461343825,0.00031866045928923323,0.04251647701444643,1,2
1370,1.36999999999996,hold,100.0,4.58066219985206,0.00374293639681067,1.0826885034015232,0.08268850340152323,0.0037112425671412003,4.498272888701524,0.0003185160732491756,-0.031693829669469584,2,2
1371,1.3709999999999598,hold,100.0,4.5769169108205245,-0.0037452890315350373,1.082646459628809,0.08264645962880901,-0.003702926066278077,4.4945699626352456,0.0003183725035013574,0.04236296525696051,1,2
1372,1.3719999999999597,hold,100.0,4.580644904876256,0.0037279940557315427,1.0826783299328182,0.0826783299328182,0.0036964427414063307,4.4982664053766515,0.0003182285331997349,-0.031551314325212014,2,2
1373,1.3729999999999596,hold,100.0,4.576914538124304,-0.003730366751952374,1.082636438772152,0.0826364387721521,-0.003688156692457919,4.494578248684194,0.0003180853752744898,0.04221005949445536,1,2
1374,1.3739999999999595,hold,100.0,4.58062764944128,0.0037131113169763807,1.082668166841849,0.08266816684184897,0.003681701944200461,4.498259950628395,0.0003179418185645328,-0.03140937277591954,2,2
1375,1.3749999999999594,hold,100.0,4.5769121454551325,-0.003715503986147617,1.0826264276883806,0.08262642768838058,-0.003673446226515337,4.494586504401879,0.0003177990703348577,0.04205775963228011,1,2
1376,1.3759999999999593,hold,100.0,4.580610433396906,0.003698287941773515,1.082658014094934,0.08265801409493401,0.003667019940192219,4.498253524342071,0.0003176559250826118,-0.03126800158129595,2,2
1377,1.3769999999999591,hold,100.0,4.57690973289966,-0.0037007004972462454,1.0826164263453868,0.0826164263453868,-0.0036587944333821183,4.494594729908689,0.0003175135844358887,0.04190606386412707,1,2
1378,1.377999999999959,hold,100.0,4.580593256592346,0.003683523692686208,1.0826478716571946,0.08264787165719456,0.0036523964948721485,4.4982471264035615,0.0003173708485226421,-0.031127197814059555,2,2
1379,1.378999999999959,hold,100.0,4.5769073005433185,-0.003685956049027439,1.0826064347103996,0.08260643471039963,-0.003644201078980669,4.494602925324581,0.00031722891336190197,0.04175497004677009,1,2
1380,1.3799999999999588,hold,100.0,4.580576118877075,0.0036688183337565405,1.0826377394933413,0.0826377394933413,0.0036378313746770726,4.498240756699258,0.0003170865846848636,-0.03098695907946796,2,2
1381,1.3809999999999587,hold,100.0,4.576904848470738,-0.0036712704063370794,1.0825964527503602,0.0825964527503602,-0.0036296659301758086,4.494611090769082,0.00031694505292918383,0.041604476161270776,1,2
1382,1.3819999999999586,hold,100.0,4.580559017999812,0.0036541695290743803,1.082627617372633,0.08262761737263302,0.0036233224587199748,4.498234413227802,0.00031680313203165215,-0.03084707035440554,1,2
1383,1.3829999999999585,hold,100.0,4.5769023784700105,-0.003656639529801886,1.082586480233103,0.08258648023310311,-0.0036151849463897387,4.494619228281413,0.0003166620045807423,0.04145458341214738,1,2
1384,1.3839999999999584,hold,100.0,4.5805419558850025,0.00363957741499199,1.082617505410154,0.08261750541015389,0.0036088695012071207,4.4982280977826195,0.00031652048667189743,-0.03070791378486943,1,2
1385,1.3849999999999583,hold,100.0,4.576899888889982,-0.0036420669950203433,1.0825765173054223,0.08257651730542226,-0.0036007617348102075,4.4946273360478095,0.0003163797584540555,0.04130526021013572,1,2
1386,1.3859999999999582,hold,100.0,4.580524932415463,0.0036250435254805424,1.082607403605831,0.08260740360583108,0.003594474200542294,4.498221810248352,0.0003162386415269316,-0.03056932493824844,1,2
1387,1.386999999999958,hold,100.0,4.576897379827022,-0.003627552588440608,1.0825665639484716,0.08256656394847162,-0.0035863960631196618,4.4946354141852325,0.0003160983105280458,0.04115652532094612,1,2
1388,1.387999999999958,hold,100.0,4.580507947449018,0.0036105676219957417,1.0825973119317371,0.08259731193173714,0.003580136327287182,4.49821555051252,0.0003159575925542077,-0.030431294708559674,1,2
1389,1.3889999999999578,hold,100.0,4.57689485136822,-0.0036130960807980728,1.0825566201335983,0.08255662013359832,-0.0035720877014919464,4.4946434628110286,0.0003158176567630257,0.041008379306126365,1,2
1390,1.3899999999999577,hold,100.0,4.580491000840073,0.0035961494718534937,1.0825872303554296,0.08258723035542959,0.00356585565248001,4.498209318463508,0.00031567733572376253,-0.030293819373483806,1,2
1391,1.3909999999999576,hold,100.0,4.576892303597994,-0.003598697242079396,1.0825466858298642,0.08254668582986424,-0.0035578364212164645,4.494651482042292,0.00031553779314159256,0.04086082086293165,1,2
1392,1.3919999999999575,hold,100.0,4.58047409244214,0.003581788844146061,1.0825771588432178,0.08257715884321781,0.003551631947960752,4.498203113990252,0.00031539786703186414,-0.030156896185309055,1,2
1393,1.3929999999999574,hold,100.0,4.57688973659971,-0.00358435584243022,1.0825367610055707,0.08253676100557072,-0.0035436419945230483,4.494659471995729,0.0003152587156743561,0.04071384790717194,1,2
1394,1.3939999999999573,hold,100.0,4.580457222108862,0.0035674855091523128,1.082567097361018,0.08256709736101797,0.003537464986480197,4.498196936982209,0.0003151191825039053,-0.030020522672115618,1,2
1395,1.3949999999999572,hold,100.0,4.576887150456177,-0.0035700716526854137,1.08252684562881,0.08252684562880996,-0.003529504194585264,4.494667432787624,0.0003149804204015845,0.04056745810014986,1,2
1396,1.395999999999957,hold,100.0,4.580440389694259,0.003553239238082817,1.082557045874625,0.08255704587462498,0.003523354541633642,4.498190787329258,0.00031484127819514525,-0.029884696449175227,1,2
1397,1.396999999999957,hold,100.0,4.576884545249366,-0.003555844444893097,1.0825169396676761,0.08251693966767615,-0.003515422795466171,4.494675364533792,0.0003147029033935304,0.040421649426925985,1,2
1398,1.3979999999999568,hold,100.0,4.580423595053138,0.003539049803771732,1.0825470043499303,0.08254700434993034,0.0035093003879699118,4.498184664921761,0.00031456415019081826,-0.029749415801820413,1,2
1399,1.3989999999999567,hold,100.0,4.576881921061457,-0.003541673991681371,1.0825070430903363,0.0825070430903363,-0.0035013975721624228,4.494683267349599,0.0003144261607502844,0.040276419518948336,1,2
1400,1.3999999999999566,hold,100.0,4.5804068380403695,0.0035249169789128842,1.0825369727528995,0.0825369727528995,0.0034953023008882666,4.498178569650487,0.0003142877946059912,-0.029614678024617643,1,2
1401,1.4009999999999565,hold,100.0,4.5768792779738545,-0.003527560066515001,1.0824971558650944,0.08249715586509443,-0.0034874283005135566,4.494691141349973,0.00031415018860177533,0.04013176600144424,1,2
1402,1.4019999999999564,hold,100.0,4.5803901185118265,0.0035108405379720153,1.082526951049687,0.0825269510496871,0.003481360056684433,4.498172501406658,0.000314012207585422,-0.0294804812875824,1,2
1403,1.4029999999999563,hold,100.0,4.576876616067956,-0.0035135024438703866,1.0824872779604324,0.08248727796043243,-0.003473514757340332,4.494698986649317,0.000313874983107436,0.0399876865300546,1,2
1404,1.4039999999999562,hold,100.0,4.580373436323717,0.003496820255761257,1.0825169392066243,0.08251693920662428,0.003467473432612025,4.498166460081929,0.00031373738530323736,-0.02934682314923191,1,2
1405,1.404999999999956,hold,100.0,4.576873935424766,-0.0034995008989513465,1.082477409344956,0.08247740934495607,-0.00345965672026312,4.494706803361666,0.0003136005404559545,0.03984417868822636,1,2
1406,1.405999999999956,hold,100.0,4.580356791333174,0.0034828559084081334,1.082506937190225,0.08250693719022495,0.003453642206691499,4.498160445568358,0.000313463323962623,-0.029213701716634607,1,2
1407,1.4069999999999558,hold,100.0,4.576871236124972,-0.0034855552082024843,1.0824675499875334,0.08246754998753336,-0.003445853967856308,4.494714591600501,0.00031332685686492347,0.03970124034617618,1,2
1408,1.4079999999999557,hold,100.0,4.580340183397832,0.003468947272859957,1.082496944967194,0.08249694496719395,0.0034398661579492975,4.49815445775845,0.0003131900197956628,-0.02908111491065936,1,2
1409,1.4089999999999556,hold,100.0,4.576868518248975,-0.003471665148857106,1.0824576998571631,0.08245769985716311,-0.003432106279529848,4.49472235147892,0.0003130539285806768,0.03955886932725805,1,2
1410,1.4099999999999555,hold,100.0,4.580323612375771,0.003455094126796787,1.0824869625044706,0.08248696250447063,0.0034261450662065895,4.498148496545126,0.00031291746906287807,-0.02894906059019769,1,2
1411,1.4109999999999554,hold,100.0,4.576865781877314,-0.0034578304984576036,1.0824478589230686,0.0824478589230686,-0.0034184134356268028,4.494730083109499,0.00031278175187785407,0.03941706283080081,1,2
1412,1.4119999999999553,hold,100.0,4.580307078125933,0.003441296248618997,1.08247698976916,0.08247698976915996,0.003412478712230833,4.49814256182173,0.0003126456680530337,-0.028817536388163912,1,2
1413,1.4129999999999552,hold,100.0,4.5768630270895985,-0.0034440510363342725,1.082438027154647,0.08243802715464699,-0.003404775217314176,4.494737786604416,0.0003125103230592405,0.03927581902009661,1,2
1414,1.413999999999955,hold,100.0,4.5802905805078975,0.003427553418299034,1.082467026728594,0.08246702672859407,0.0033988668776069545,4.498136653482023,0.000312374613082888,-0.02868654069207964,1,2
1415,1.414999999999955,hold,100.0,4.576860253965843,-0.0034303265420545515,1.0824282045215137,0.08242820452151367,-0.0033911914066712544,4.494745462075351,0.00031223963845529955,0.039135135383297055,1,2
1416,1.4159999999999549,hold,100.0,4.580274119381689,0.0034138654158457626,1.0824570733502978,0.08245707335029784,0.0033853093448294475,4.498130771420181,0.0003121043004967108,-0.028556071016315118,1,2
1417,1.4169999999999547,hold,100.0,4.576857462585275,-0.003416656796413342,1.0824183909934864,0.08241839099348636,-0.0033776617866187685,4.494753109633562,0.00031196969442407884,0.03899500979457357,1,2
1418,1.4179999999999546,hold,100.0,4.5802576946080915,0.003400232022816141,1.0824471296020168,0.08244712960201683,0.0033718058972295067,4.498124915530791,0.00031183472666620977,-0.028426125586634206,1,2
1419,1.4189999999999545,hold,100.0,4.576854653027337,-0.00340304158075444,1.0824085865405308,0.08240858654053085,-0.0033641861409540487,4.494760729389838,0.00031170048735075696,0.038855439800391384,1,2
1420,1.4199999999999544,hold,100.0,4.580241306048609,0.003386653021271613,1.0824371954516874,0.08243719545168737,0.003358356319031896,4.498119085708869,0.0003115658879901264,-0.028296702239717034,1,2
1421,1.4209999999999543,hold,100.0,4.576851825370932,-0.0033894806776766373,1.08239879113288,0.08239879113288007,-0.0033507642543478557,4.494768321454521,0.00031143201364750955,0.038716423328781585,1,2
1422,1.4219999999999542,hold,100.0,4.580224953565087,0.0033731281941546953,1.0824272708674598,0.08242727086745982,0.0033449603953161744,4.498113281849838,0.0003112977808939388,-0.02816779883852089,1,2
1423,1.422999999999954,hold,100.0,4.576848979694774,-0.003375973870312521,1.0823890047408795,0.08238900474087951,-0.0033373959123253697,4.494775885937512,0.00031116426975301426,0.03857795798715112,1,2
1424,1.423999999999954,hold,100.0,4.580208637020407,0.0033596573256327034,1.0824173558176706,0.08241735581767062,0.0033316179119962873,4.498107503849509,0.0003110304018296523,-0.02803941363641602,1,2
1425,1.4249999999999539,hold,100.0,4.576846116077409,-0.0033625209429981595,1.0823792273351533,0.08237922733515335,-0.0033240809012404188,4.494783422948268,0.00031089725213242006,0.03844004175774075,1,2
1426,1.4259999999999537,hold,100.0,4.580192356277489,0.0033462402000798974,1.0824074502708603,0.08240745027086027,0.003318328655870912,4.498101751604139,0.0003107637472754904,-0.027911544208985423,1,2
1427,1.4269999999999536,hold,100.0,4.576843234597041,-0.003349121680447986,1.0823694588864383,0.08236945888643832,-0.0033108190083437853,4.494790932595795,0.0003106309572768742,0.038302672104200894,1,2
1428,1.4279999999999535,hold,100.0,4.580176111200417,0.0033328766033760004,1.0823975541957809,0.08239755419578088,0.003305092414567081,4.498096025010362,0.0003104978137355589,-0.027784188808919336,1,2
1429,1.4289999999999534,hold,100.0,4.576840335331812,-0.0033357758686047845,1.0823596993657048,0.08235969936570475,-0.003297610021685454,4.494798414988677,0.0003103653817033644,0.0381658469193304,1,2
1430,1.4299999999999533,hold,100.0,4.580159901653655,0.0033195663218430482,1.0823876675613688,0.08238766756136884,0.0032919089765471483,4.498090323965224,0.00031023259773970216,-0.027657345295899888,1,2
1431,1.4309999999999532,hold,100.0,4.576837418359243,-0.003322483294412315,1.0823499487441046,0.08234994874410462,-0.00328445373019507,4.494805870235028,0.0003101005219544212,0.03802956421724516,1,2
1432,1.431999999999953,hold,100.0,4.5801437275021755,0.0033063091429328395,1.082377790336756,0.08237779033675596,0.0032787781311600546,4.498084648366189,0.00030996809584310373,-0.027531011772784914,1,2
1433,1.432999999999953,hold,100.0,4.576834483757052,-0.0033092437451234247,1.082340206992961,0.08234020699296107,-0.0032713499236316423,4.4948132984425575,0.000309836374597805,0.037893821491782366,1,2
1434,1.4339999999999529,hold,100.0,4.580127588611723,0.0032931048546709363,1.0823679224912885,0.08236792249128855,0.003265699668549737,4.498078998111107,0.000309704304626162,-0.027405186121199493,1,2
1435,1.4349999999999528,hold,100.0,4.576831531602349,-0.003296057009373854,1.0823304740837953,0.08233047408379535,-0.0032582983926035996,4.494820699718503,0.00030957293622631797,0.037758616770254376,1,2
1436,1.4359999999999526,hold,100.0,4.580111484848472,0.0032799532461229575,1.0823580639944628,0.08235806399446277,0.003252673379744513,4.498073373098248,0.0003094412206940765,-0.027279866378444526,1,2
1437,1.4369999999999525,hold,100.0,4.576828561972393,-0.0032829228760791196,1.0823207499883225,0.0823207499883225,-0.0032452989285476283,4.494828074169701,0.00030931020345755184,0.037623947531491286,1,2
1438,1.4379999999999524,hold,100.0,4.580095416079567,0.0032668541071743107,1.082348214816018,0.08234821481601795,0.003239699056570312,4.498067773226271,0.0003091788406767242,-0.027155050603998483,1,2
1439,1.4389999999999523,hold,100.0,4.5768255749438245,-0.0032698411357428014,1.082311034678404,0.08231103467840395,-0.0032323513237443283,4.494835421902527,0.00030904817293349025,0.037489811998473156,1,2
1440,1.4399999999999522,hold,100.0,4.580079382172368,0.003253807228543515,1.082338374925825,0.08233837492582508,0.003226776491700391,4.498062198394227,0.0003089171612283547,-0.02703073684312378,1,2
1441,1.440999999999952,hold,100.0,4.576822570593157,-0.003256811579211316,1.0823013281261178,0.08230132812611779,-0.0032194553712726766,4.4948427430229545,0.0003087868413204862,0.0373562079386395,1,2
1442,1.441999999999952,hold,100.0,4.580063382994856,0.0032408124016996,1.082328544293998,0.08232854429399805,0.003213905478612742,4.498056648501567,0.0003086561790273011,-0.02690692308685797,1,2
1443,1.4429999999999519,hold,100.0,4.576819548996821,-0.003243833998035406,1.082291630303673,0.08229163030367292,-0.003206610865063855,4.494850037636503,0.00030852620530880115,0.03722313297155073,1,2
1444,1.4439999999999518,hold,100.0,4.580047418415617,0.003227869418796381,1.0823187228907716,0.08231872289077158,0.003201085811650596,4.498051123448154,0.0003083958907758143,-0.026783607145784878,1,2
1445,1.4449999999999517,hold,100.0,4.576816510230743,-0.0032309081848742593,1.0822819411835116,0.08228194118351162,-0.003193817599872721,4.4948573058482815,0.00030826626161249986,0.03709058500153813,1,2
1446,1.4459999999999515,hold,100.0,4.580031488304182,0.0032149780734389566,1.0823089106866408,0.08230891068664081,0.0031883172859404375,4.498045623134222,0.0003081362931997689,-0.02666078749851905,1,2
1447,1.4469999999999514,hold,100.0,4.576813454370785,-0.0032180339333969243,1.0822722607382067,0.0822722607382067,-0.0031810753712506546,4.494864547762972,0.00030800700696914467,0.03695856214626977,1,2
1448,1.4479999999999513,hold,100.0,4.580015592530114,0.0032021381593292375,1.0822991076522106,0.0822991076522106,0.003175599697429689,4.498040147460402,0.0003078773830484234,-0.026538461899548553,1,2
1449,1.4489999999999512,hold,100.0,4.576810381492469,-0.0032052110376454834,1.082262588940518,0.08226258894051797,-0.0031683839755785857,4.494871763484823,0.00030774843813960825,0.03682706206689775,1,2
1450,1.449999999999951,hold,100.0,4.579999730963857,0.003189349471388603,1.0822893137583078,0.08228931375830784,0.0031629328428990668,4.498034696327722,0.0003076191570942255,-0.026416628489536048,1,2
1451,1.450999999999951,hold,100.0,4.576807291671099,-0.0031924392927580314,1.082252925763387,0.08225292576338705,-0.0031557432100410986,4.494878953117681,0.00030749055190777783,0.03669608271693282,1,2
1452,1.4519999999999509,hold,100.0,4.579983903476501,0.003176611805401741,1.0822795289759233,0.08227952897592328,0.0031503165199154347,4.4980292696375965,0.0003073616121325529,-0.026295285486306434,1,2
1453,1.4529999999999508,hold,100.0,4.5768041849819,-0.0031797184946009693,1.0822432711799013,0.08224327117990127,-0.003143152872626464,4.49488611676497,0.00030723334508035623,0.03656562197450544,1,2
1454,1.4539999999999507,hold,100.0,4.579968109939314,0.0031639249574135775,1.0822697532762255,0.08226975327622554,0.003137750526830664,4.498023867291801,0.0003071047449814375,-0.02617443058291341,1,2
1455,1.4549999999999506,hold,100.0,4.576801061499795,-0.0031670484395185383,1.08223362516334,0.08223362516333999,-0.003130612762119843,4.494893254529681,0.0003069768144866499,0.03643567739869532,1,2
1456,1.4559999999999504,hold,100.0,4.579952350224688,0.0031512887248927868,1.0822599866305624,0.08225998663056244,0.003125234662883588,4.498018489192565,0.00030684855248144815,-0.02605406200919874,1,2
1457,1.4569999999999503,hold,100.0,4.576797921298972,-0.003154428925715713,1.0822239876871285,0.08222398768712846,-0.003118122678184682,4.49490036651438,0.0003067209569783305,0.0363062475310311,1,2
1458,1.4579999999999502,hold,100.0,4.579936624205198,0.0031387029062255323,1.082250229010432,0.08225022901043211,0.0031127687280690795,4.4980131352424495,0.000306593031495344,-0.025934178156452724,1,2
1459,1.4589999999999501,hold,100.0,4.576794764453975,-0.0031418597512224977,1.0822143587248465,0.0822143587248465,-0.003105682421209654,4.49490745282124,0.000306465769429204,0.036177330012843525,1,2
1460,1.45999999999995,hold,100.0,4.5799209317540255,0.00312616730005022,1.0822404803875563,0.08224048038755627,0.003100352523169407,4.498007805344409,0.0003063381789079777,-0.025814776880813024,1,2
1461,1.46099999999995,hold,100.0,4.576791591039166,-0.0031293407148593744,1.0822047382502706,0.08220473825027064,-0.0030932917923976585,4.494914513552011,0.00030621124873496955,0.03604892246171585,1,2
1462,1.4619999999999498,hold,100.0,4.579905272745113,0.0031136817059467248,1.0822307407337652,0.08223074073376524,0.0030879858497796587,4.498002499401791,0.0003060839916259509,-0.02569585616706612,1,2
1463,1.4629999999999497,hold,100.0,4.576788401128014,-0.0031168716170988375,1.0821951262373213,0.08219512623732128,-0.0030809505937498477,4.4949215488080405,0.0003059573918130773,0.0359210233489898,1,2
1464,1.4639999999999496,hold,100.0,4.5798896470526,0.003101245924585605,1.0822210100210847,0.08222101002108473,0.003075668510261748,4.497997217318302,0.0003058304665775148,-0.02557741432385706,1,2
1465,1.4649999999999495,hold,100.0,4.576785194794371,-0.0031044522582286405,1.0821855226600756,0.08218552266007562,-0.003068658628033477,4.494928558690268,0.0003057041956024258,0.035793630195163524,1,2
1466,1.4659999999999493,hold,100.0,4.579874051484418,0.0030888566900468817,1.0822112882810218,0.08221128828102175,0.0030633971732778294,4.4979919558635455,0.0003055775983349729,-0.025459516769052275,2,2
1467,1.4669999999999492,hold,100.0,4.576781975382475,-0.0030920761019430643,1.0821759276464824,0.0821759276464824,-0.0030564094552323045,4.494935546408313,0.00030545165300554784,0.03566664671075977,1,2
1468,1.4679999999999491,hold,100.0,4.5798584890398395,0.003076513657364721,1.082201575460802,0.08220157546080209,0.003051171690887091,4.497986718099201,0.00030532538463195195,-0.025341966477630037,2,2
1469,1.468999999999949,hold,100.0,4.576778739682016,-0.0030797493578234025,1.0821663410318434,0.08216634103184339,-0.0030442091729794606,4.494942508926221,0.0003051997651623827,0.03554018484394194,1,2
1470,1.469999999999949,hold,100.0,4.579842959570746,0.0030642198887296246,1.082191871506788,0.08219187150678797,0.0030389950059353096,4.497981503932157,0.0003050738241430565,-0.025224882794314986,2,2
1471,1.4709999999999488,hold,100.0,4.576775486086757,-0.003067473483988614,1.0821567628981443,0.08215676289814433,-0.003032059415790687,4.494949444516366,0.00030494852787243715,0.03541406819792701,2,2
1472,1.4719999999999487,hold,100.0,4.579827464967482,0.003051978880725059,1.0821821765658568,0.0821821765658568,0.003026870550181626,4.4979763150665475,0.0003048229113684132,-0.02510833054343315,2,2
1473,1.4729999999999486,hold,100.0,4.5767722163935165,-0.003055248573965663,1.0821471931474247,0.08214719314742469,-0.0030199599506244394,4.494956355115923,0.00030469793806457517,0.03528862334122376,2,2
1474,1.4739999999999485,hold,100.0,4.579812003097483,0.0030397867039662074,1.0821724904562346,0.08217249045623465,0.003014794477862722,4.497971149593785,0.00030457264599579117,-0.024992226103485483,2,2
1475,1.4749999999999484,hold,100.0,4.576768930646343,-0.0030430724511401053,1.0821376317230156,0.08213763172301558,-0.0030079087670406,4.494963240826745,0.000304447994150236,0.03516368409950529,2,2
1476,1.4759999999999482,hold,100.0,4.5797965738249555,0.0030276431786129265,1.0821628131365921,0.08216281313659213,0.003002766594205869,4.497966007420951,0.00030432302502233377,-0.024876584407057534,2,2
1477,1.4769999999999481,hold,100.0,4.576765628909797,-0.003030944915158429,1.0821280785918015,0.08212807859180149,-0.0029959056727002463,4.494970101748251,0.0003041986931643253,0.0350392424581826,2,2
1478,1.477999999999948,hold,100.0,4.5797811770231105,0.0030155481133133932,1.0821531445747579,0.08215314457475786,0.002990786706502098,4.497960888454753,0.0003040740455039857,-0.024761406811295034,2,2
1479,1.478999999999948,hold,100.0,4.576762311252759,-0.0030188657703513755,1.0821185337251997,0.08211853372519973,-0.0029839504757671696,4.494976937978986,0.0003039500321779857,0.03491529458420593,2,2
1480,1.4799999999999478,hold,100.0,4.57976581256812,0.003003501315361312,1.0821434847413205,0.0821434847413205,0.002978854623067957,4.497955792602054,0.0003038257045249315,-0.02464669229335515,2,2
1481,1.4809999999999477,hold,100.0,4.576758977745051,-0.003006834823069404,1.0821089970964046,0.08210899709640462,-0.002972042985084007,4.494983749616971,0.0003037020082871547,0.03479183798539738,2,2
1482,1.4819999999999476,hold,100.0,4.579750480337475,0.002991502592424311,1.0821338336080373,0.08213383360803728,0.00296697015303222,4.497950719770003,0.00030357799919234076,-0.02453243939209114,2,2
1483,1.4829999999999475,hold,100.0,4.576755628456904,-0.0029948518805715807,1.0820994686794827,0.0820994686794827,-0.0029601830102652747,4.494990536759738,0.0003034546186097213,0.03466887030630604,2,2
1484,1.4839999999999474,hold,100.0,4.579735180209957,0.002979551753052867,1.082124191147414,0.08212419114741398,0.002955133106327535,4.497945669866065,0.000303330926634581,-0.02441864672533215,2,2
1485,1.4849999999999473,hold,100.0,4.5767522634588,-0.0029829167511570276,1.0820899484490605,0.08208994844906048,-0.0029483703616656433,4.4949972995044,0.0003032078602842923,0.03454638949138434,2,2
1486,1.4859999999999471,hold,100.0,4.579719912064877,0.0029676486060772334,1.0821145573324114,0.08211455733241135,0.002943343293624671,4.497940642798024,0.0003030844840003635,-0.02430531245256216,2,2
1487,1.486999999999947,hold,100.0,4.576748882821154,-0.0029710292437226116,1.0820804363802259,0.08208043638022589,-0.002936604850383483,4.495004037947641,0.00030296173046942976,0.03442439333912854,2,2
1488,1.487999999999947,hold,100.0,4.579704675782384,0.0029557929612300526,1.082104932136344,0.08210493213634407,0.002931600526397398,4.497935638474039,0.0003028386684581772,-0.02419243483265483,2,2
1489,1.4889999999999468,hold,100.0,4.576745486614201,-0.0029591891681830518,1.0820709324482873,0.08207093244828734,-0.0029248862882853173,4.495010752185753,0.0003027162263434527,0.03430287989773448,2,2
1490,1.4899999999999467,hold,100.0,4.5796894712434035,0.002943984629202312,1.0820953155328046,0.08209531553280458,0.0029199046168291846,4.497930656802582,0.00030259347719603365,-0.02408001237312737,2,2
1491,1.4909999999999466,hold,100.0,4.576742074908212,-0.0029473963351911436,1.0820614366288877,0.08206143662888765,-0.0029132144879353153,4.495017442314647,0.0003024713451038533,0.03418184725582831,2,2
1492,1.4919999999999465,hold,100.0,4.57967429832907,0.002932223420857305,1.0820857074956953,0.08208570749569533,0.0029082553778472828,4.497925697692494,0.00030234890742097373,-0.023968043010022273,2,2
1493,1.4929999999999464,hold,100.0,4.5767386477732925,-0.0029356505557771584,1.082051948897832,0.08205194889783196,-0.002901589262675308,4.495024108429819,0.00030222708396720316,0.03406129310185024,2,2
1494,1.4939999999999463,hold,100.0,4.579659156921491,0.0029205091481987466,1.0820761079990533,0.0820761079990533,0.0028966526231628312,4.497920761052981,0.0003021049563590689,-0.023856525035915403,2,2
1495,1.4949999999999461,hold,100.0,4.576735205279178,-0.002923951642313405,1.0820424692311643,0.08204246923116432,-0.00289001042661762,4.495030750626364,0.00030198344016890184,0.033941215695785024,2,2
1496,1.495999999999946,hold,100.0,4.579644046903298,0.0029088416241203063,1.082066517017161,0.08206651701716106,0.002885096167227622,4.497915846793592,0.00030186162125502583,-0.023745456892684206,2,2
1497,1.496999999999946,hold,100.0,4.576731747495508,-0.002912299407790364,1.0820329976051075,0.08203299760510752,-0.0028784777945783705,4.4950373689990135,0.0003017404109628883,0.03382161321199362,2,2
1498,1.4979999999999458,hold,100.0,4.579628968157333,0.00289722066182474,1.082056934524469,0.08205693452446905,0.002873585825202855,4.497910954824216,0.00030161889937203363,-0.02363483662188486,2,2
1499,1.4989999999999457,hold,100.0,4.57672827449175,-0.00290069366558221,1.0820235339960373,0.08202353399603735,-0.0028669911821073064,4.495043963642109,0.0003014979936214517,0.03370248347490381,2,2
1500,1.4999999999999456,hold,100.0,4.579613920567523,0.0028856460757724633,1.0820473604956071,0.08204736049560712,0.002862121413003998,4.497906085055113,0.0003013767879915801,-0.023524662768465137,2,2
1501,1.5009999999999455,hold,100.0,4.576724786337254,-0.0028891342302683753,1.0820140783805137,0.08201407838051367,-0.0028555504055060217,4.495050534649606,0.0003012561854351635,0.033583824762353685,2,2
1502,1.5019999999999454,hold,100.0,4.579598904017565,0.0028741176803102064,1.0820377949053803,0.08203779490538032,0.0028507027472809733,4.497901237396888,0.0003011352844132107,-0.023414933029233115,2,2
1503,1.5029999999999453,hold,100.0,4.576721283100825,-0.0028776209167400424,1.0820046307352538,0.08200463073525377,-0.0028441552818060547,4.495057082115082,0.000301014983712547,0.033465634933987645,2,2
1504,1.5039999999999452,hold,100.0,4.579583918392591,0.0028626352917662246,1.0820282377287391,0.08202823772873913,0.002839329645423463,4.497896411760506,0.0003008943859544623,-0.02330564634276137,2,2
1505,1.504999999999945,hold,100.0,4.576717764851422,-0.0028661535411691474,1.081995191037067,0.0819951910370671,-0.0028328056287789407,4.495063606131727,0.0003007743857799501,0.03334791239020676,2,2
1506,1.505999999999945,hold,100.0,4.579568963577251,0.002851198725829285,1.082018688940795,0.082018688940795,0.0028280019255356465,4.497891608057262,0.0003006540899505418,-0.023196800293638284,2,2
1507,1.5069999999999448,hold,100.0,4.576714231657452,-0.002854731919798681,1.0819857592630073,0.08198575926300733,-0.0028215012648960458,4.495070106792366,0.0003005343889814009,0.03323065490263514,2,2
1508,1.5079999999999447,hold,100.0,4.579554039457745,0.002839807800293137,1.082009148516846,0.08200914851684593,0.0028167194064601135,4.497886826198826,0.0003004143937542683,-0.023088393833023586,2,2
1509,1.5089999999999446,hold,100.0,4.5767106835873586,-0.0028433558703868655,1.0819763353902074,0.08197633539020743,-0.0028102420093892985,4.4950765841894365,0.0003002949906784513,0.03311386099756706,2,2
1510,1.5099999999999445,hold,100.0,4.579539145919748,0.0028284623323893143,1.0819996164322467,0.08199961643224674,0.0028054819077575474,4.497882066097194,0.00030017529473590546,-0.02298042463176695,2,2
1511,1.5109999999999444,hold,100.0,4.576707120709252,-0.0028320252104956367,1.081966919395953,0.08196691939595291,-0.0027990276821659803,4.495083038415028,0.00030005618824989916,0.032997528329656384,2,2
1512,1.5119999999999443,hold,100.0,4.5795242828500395,0.0028171621407873104,1.0819900926625914,0.08199009266259139,0.002794289249686979,4.497877327664715,0.00029993679028289744,-0.02287289110033128,2,2
1513,1.5129999999999442,hold,100.0,4.576703543091012,-0.002820739759027191,1.0819575112576552,0.08195751125765516,-0.002787858103885647,4.495089469560829,0.00029981797909178076,0.032881655141544106,2,2
1514,1.513999999999944,hold,100.0,4.579509450136231,0.0028059070452188806,1.0819805771835815,0.08198057718358154,0.0027831412532731037,4.4978726108141025,0.00029969887779986225,-0.022765791945776864,2,2
1515,1.514999999999944,hold,100.0,4.576699950800145,-0.0028094993360863185,1.0819481109528764,0.08194811095287635,-0.0027767330959430647,4.4950958777181595,0.00029958036061713,0.03276624014325385,2,2
1516,1.5159999999999438,hold,100.0,4.579494647665286,0.002794696865141333,1.08197106997105,0.08197106997105008,0.002772037740235765,4.497867915458396,0.00029946155470818634,-0.022659124905568054,2,2
1517,1.5169999999999437,hold,100.0,4.576696343904313,-0.00279830376097312,1.081938718459287,0.08193871845928702,-0.0027656524803997325,4.495102262977996,0.00029934333025579177,0.0326512805733873,2,2
1518,1.5179999999999436,hold,100.0,4.5794798753258,0.0027835314214872398,1.081961571000943,0.08196157100094292,0.0027609785329733884,4.497863241510969,0.00029922481844624053,-0.02255288851385137,2,2
1519,1.5189999999999435,hold,100.0,4.576692722470522,-0.0027871528552783076,1.081929333754727,0.08192933375472711,-0.0027546160800370903,4.495108625430932,0.00029910688545435273,0.03253677524121725,2,2
1520,1.5199999999999434,hold,100.0,4.579465133006134,0.0027724105356119466,1.0819520802494231,0.08195208024942313,0.0027499634546288565,4.497858588885561,0.0002989886664688595,-0.022447080983090117,2,2
1521,1.5209999999999433,hold,100.0,4.576689086565714,-0.002776046440420288,1.0819199568171154,0.08191995681711539,-0.002743623718364641,4.495114965167196,0.0002988710236759452,0.03242272205564688,2,2
1522,1.5219999999999432,hold,100.0,4.579450420595706,0.002761334029992568,1.08194259769271,0.08194259769270995,0.002738992329046802,4.497853957496242,0.000298753096247385,-0.022341700945766214,2,2
1523,1.522999999999943,hold,100.0,4.5766854362568195,-0.0027649843388868334,1.0819105876245425,0.08191058762454251,-0.0027326752195871787,4.4951212822766555,0.0002986357424000231,0.03230911929965469,2,2
1524,1.523999999999943,hold,100.0,4.579435737983789,0.0027503017269694396,1.0819331233071725,0.0819331233071725,0.002728064980751994,4.497849347257407,0.0002985181052695231,-0.022236746217445605,2,2
1525,1.5249999999999428,hold,100.0,4.5766817716099215,-0.002753966373867378,1.081901226155179,0.08190122615517903,-0.0027217704085936182,4.495127576848813,0.000298401039122383,0.03219596527375985,2,2
1526,1.5259999999999427,hold,100.0,4.579421085060461,0.002739313450539349,1.0819236570693394,0.08192365706933935,0.0027171812350033965,4.497844758083817,0.0002982836910391033,-0.022132215535952595,2,2
1527,1.5269999999999426,hold,100.0,4.576678092691691,-0.0027429923687698476,1.0818918723873587,0.08189187238735873,-0.002710909110999785,4.495133848972817,0.0002981669113548738,0.0320832577700627,2,2
1528,1.5279999999999425,hold,100.0,4.579406461716347,0.0027283690246555636,1.0819141989558392,0.08191419895583918,0.0027063409177347586,4.497840189890552,0.0002980498510760188,-0.022028106920805,2,2
1529,1.5289999999999424,hold,100.0,4.576674399567843,-0.0027320621485031893,1.0818825262995022,0.08188252629950221,-0.002700091153096892,4.495140098737456,0.00029793335662531533,0.03197099540629741,2,2
1530,1.5299999999999423,hold,100.0,4.57939186784246,0.002717468274616941,1.0819047489434253,0.08190474894342525,0.0026955438555713515,4.497835642593027,0.00029781658291602237,-0.02192441904558945,2,2
1531,1.5309999999999422,hold,100.0,4.576670692304511,-0.002721175537949705,1.0818731878701977,0.0818731878701977,-0.002689316361876637,4.495146326231151,0.00029770037247731903,0.031859176073067985,2,2
1532,1.531999999999942,hold,100.0,4.579377303330087,0.0027066110255766773,1.0818953070090147,0.0818953070090147,0.0026847898758575192,4.497831116107008,0.0002975838841106533,-0.02182114971915807,2,2
1533,1.532999999999942,hold,100.0,4.576666970966845,-0.0027103323632422516,1.0818638570780788,0.08186385707807875,-0.002678584565040557,4.495152531541968,0.0002974679564702117,0.03174779820169478,2,2
1534,1.5339999999999419,hold,100.0,4.579362768071272,0.0026957971044270224,1.0818858731296053,0.08188587312960527,0.0026740788066149214,4.497826610348583,0.0002973517522269667,-0.021718297812100933,2,2
1535,1.5349999999999417,hold,100.0,4.576663235620547,-0.002699532450725073,1.081854533901957,0.08185453390195696,-0.002667895590949986,4.4951587147576335,0.0002972361061788245,0.03163685977508688,2,2
1536,1.5359999999999416,hold,100.0,4.579348261958406,0.0026850263378586092,1.0818764472823286,0.08187644728232857,0.0026634104765217133,4.497822125234155,0.0002971201848475763,-0.021615861336895907,2,2
1537,1.5369999999999415,hold,100.0,4.576659486330396,-0.002688775628009843,1.0818452183207572,0.0818452183207572,-0.0026572492686365986,4.495164875965518,0.0002970048191933877,0.03152635937324431,2,2
1538,1.5379999999999414,hold,100.0,4.5793337848843345,0.0026742985539387476,1.0818670294444694,0.08186702944446944,0.002652784714972661,4.49781766068049,0.00029688917957041593,-0.02151383896608662,2,2
1539,1.5389999999999413,hold,100.0,4.576655723161563,-0.0026780617227712966,1.081835910313485,0.08183591031348492,-0.0026466454278668825,4.495171015252623,0.00029677409311939845,0.031416294904414076,2,2
1540,1.5399999999999412,hold,100.0,4.5793193367422065,0.002663613580643265,1.0818576195933944,0.08185761959339444,0.0026422013520433266,4.4978132166046665,0.0002966587340085495,-0.02141222859993819,2,2
1541,1.540999999999941,hold,100.0,4.576651946178358,-0.0026673905638485707,1.081826609859277,0.08182660985927703,-0.0026360838990558953,4.495177132705611,0.00029654392557753,0.031306664792675375,2,2
1542,1.541999999999941,hold,100.0,4.579304917425998,0.002652971247639968,1.0818482177066062,0.08184821770660622,0.0026316602184780196,4.497808792924089,0.00029642884579016534,-0.02131102916194845,2,2
1543,1.5429999999999409,hold,100.0,4.576648155445424,-0.002656761980573741,1.081817316937388,0.08181731693738792,-0.002625564513275379,4.495183228410814,0.0002963143142033608,0.031197467298361634,2,2
1544,1.5439999999999408,hold,100.0,4.579290526829631,0.002642371384206754,1.081838823761742,0.08183882376174201,0.0026211611456784132,4.497804389556492,0.0002961995125584001,-0.02121023852834098,2,2
1545,1.5449999999999406,hold,100.0,4.576644351026843,-0.002646175802787809,1.0818080315271839,0.08180803152718386,-0.0026150871023081857,4.495189302454184,0.0002960852566474272,0.031088700479623387,2,2
1546,1.5459999999999405,hold,100.0,4.579276164847969,0.0026318138211260944,1.081829437736536,0.08182943773653606,0.002610703965756079,4.49780000641994,0.0002959707319711095,-0.021109855370015328,2,2
1547,1.5469999999999404,hold,100.0,4.576640532986569,-0.002635631861400256,1.0817987536081346,0.0817987536081346,-0.002604651498593005,4.495195354921347,0.0002958567505749453,0.030980362807251152,2,2
1548,1.5479999999999403,hold,100.0,4.579261831375975,0.002621298389406057,1.0818200596088217,0.08182005960882166,0.002600288511474409,4.497795643432822,0.00029574250170089425,-0.02100987793164817,2,2
1549,1.5489999999999402,hold,100.0,4.576636701388262,-0.0026251299877131373,1.0817894831598216,0.0817894831598216,-0.002594257535242715,4.495201385897579,0.00029562879366577555,0.03087245247042217,2,2
1550,1.54999999999994,hold,100.0,4.579247526309354,0.002610824921092103,1.081810689356616,0.08181068935661595,0.002589914616264028,4.497791300513843,0.00029551481943489275,-0.02091030482807496,2,2
1551,1.55099999999994,hold,100.0,4.576632856295457,-0.002614670013897147,1.0817802201619457,0.08178022016194575,-0.0025839050460310722,4.495207395467811,0.00029540138361424306,0.030764967866074577,2,2
1552,1.5519999999999399,hold,100.0,4.579233249543878,0.0026003932484215397,1.081801326957986,0.08180132695798603,0.002579582114223883,4.497786977582035,0.000295287682874657,-0.020811134197656813,2,2
1553,1.5529999999999398,hold,100.0,4.57662899777163,-0.0026042517722482117,1.081770964594279,0.08177096459427902,-0.002573593865384546,4.495213383716651,0.0002951745181290204,0.030657906863665665,2,2
1554,1.5539999999999397,hold,100.0,4.5792190009761065,0.002590003204476332,1.081791972391104,0.08179197239110403,0.002569290840096882,4.497782674556748,0.0002950610897359939,-0.02071236437945021,2,2
1555,1.5549999999999395,hold,100.0,4.576625125879323,-0.002593875096783549,1.081761716436781,0.08176171643678098,-0.0025633238284067388,4.495219350728341,0.0002949481949330498,0.030551268376810114,2,2
1556,1.5559999999999394,hold,100.0,4.579204780502846,0.0025796546235232753,1.0817826256343326,0.08178262563433258,0.0025590406293135937,4.497778391357655,0.00029483503774898977,-0.02061399420968165,2,2
1557,1.5569999999999393,hold,100.0,4.576621240681639,-0.0025835398212068483,1.0817524756694008,0.0817524756694008,-0.0025530947708575086,4.495225296586797,0.00029472241176339153,0.030445050349339753,2,2
1558,1.5579999999999392,hold,100.0,4.579190588021377,0.002569347339737682,1.081773286666068,0.08177328666606809,0.00254883131795367,4.497774127904751,0.000294609524657671,-0.02051602178401203,2,2
1559,1.558999999999939,hold,100.0,4.576617342241211,-0.0025732457801659336,1.0817432422722768,0.0817432422722768,-0.0025429065291558603,4.495231221375596,0.00029449716637107453,0.03033925101007329,2,2
1560,1.559999999999939,hold,100.0,4.579176423429416,0.0025590811882052478,1.0817639554648502,0.08176395546485016,0.0025386627427450388,4.49776988411834,0.0002943845482200669,-0.020418445460208996,2,2
1561,1.5609999999999389,hold,100.0,4.576613430620299,-0.002562992809117759,1.0817340162256457,0.08173401622564569,-0.0025327589403645375,4.495237125177976,0.0002942724565210033,0.03023386875322144,2,2
1562,1.5619999999999388,hold,100.0,4.579162286625218,0.0025488560049193865,1.0817546320093339,0.08175463200933386,0.002528534741075884,4.497765659919052,0.0002941601062080166,-0.020321263843502396,2,2
1563,1.5629999999999387,hold,100.0,4.576609505880827,-0.0025527807443905814,1.0817247975098048,0.08172479750980477,-0.0025226518421937114,4.495243008076859,0.0002940482799918451,0.03012890219687009,2,2
1564,1.5639999999999386,hold,100.0,4.5791481775072995,0.0025386716264721443,1.0817453162782673,0.08174531627826731,0.0025184471509478302,4.497761455227806,0.00029393619640703616,-0.020224475524314046,2,2
1565,1.5649999999999384,hold,100.0,4.576605568084978,-0.00254260942232154,1.0817155861052106,0.08171558610521057,-0.0025125850730034786,4.495248870154803,0.0002938246345759286,0.03002434931806148,2,2
1566,1.5659999999999383,hold,100.0,4.579134095974457,0.00252852788947866,1.081736008250534,0.08173600825053406,0.0025083998110605023,4.497757269965863,0.00029371281661623905,-0.020128078418157717,2,2
1567,1.5669999999999382,hold,100.0,4.576601617294237,-0.002532478680219441,1.081706381992362,0.08170638199236202,-0.0025025584717995406,4.495254711494064,0.0002936015180790855,0.029920208419900382,2,2
1568,1.567999999999938,hold,100.0,4.579120041926515,0.002518424632278027,1.0817267079050834,0.0817267079050834,0.0024983925607287606,4.497753104054793,0.000293489964648247,-0.0200320715492662,2,2
1569,1.568999999999938,hold,100.0,4.576597653570138,-0.002522388356377192,1.0816971851518917,0.08169718515189173,-0.0024925718782429613,4.49526053217655,0.00029337892832057586,0.029816478134230776,2,2
1570,1.569999999999938,hold,100.0,4.579106015263132,0.0025083616929943986,1.0817174152209856,0.08171741522098563,0.0024884252399130927,4.497748957416463,0.00029326763832892243,-0.019936453081305892,2,2
1571,1.5709999999999378,hold,100.0,4.576593676973871,-0.002512338289261784,1.0816879955645209,0.08168799556452089,-0.0024826251326209347,4.495266332283842,0.00029315686313293127,0.029713156640849385,2,2
1572,1.5719999999999377,hold,100.0,4.579092015884493,0.002498338910622344,1.0817081301774603,0.08170813017746026,0.002478497689209681,4.497744829973052,0.000293045835497496,-0.019841221412662986,2,2
1573,1.5729999999999376,hold,100.0,4.576589687566381,-0.002502328318112035,1.0816788132110768,0.08167881321107684,-0.002472718075857922,4.495272111897194,0.0002929353203619394,0.02961024225411283,2,2
1574,1.5739999999999374,hold,100.0,4.579078043691405,0.0024883561250241826,1.0816988527537479,0.08169885275374789,0.0024686097498713205,4.497740721647065,0.0002928245540062918,-0.019746375152862074,2,2
1575,1.5749999999999373,hold,100.0,4.576585685408525,-0.0024923582828799695,1.0816696380725066,0.0816696380725066,-0.0024628505495250157,4.49527787109754,0.00029271429786636993,0.029507733354953818,2,2
1576,1.5759999999999372,hold,100.0,4.579064098585041,0.002478413176516092,1.081689582929274,0.08168958292927408,0.0024587612637628027,4.497736632361303,0.00029260379172063567,-0.019651912753289487,2,2
1577,1.5769999999999371,hold,100.0,4.576581670560695,-0.0024824280243462837,1.081660470129803,0.08166047012980293,-0.0024530223958186994,4.495283609965484,0.0002924937935180355,0.02940562852758429,2,2
1578,1.577999999999937,hold,100.0,4.579050180466781,0.002468509906085714,1.0816803206835153,0.08168032068351527,0.0024489520733819983,4.497732562038866,0.0002923835465187924,-0.019557832703715784,2,2
1579,1.578999999999937,hold,100.0,4.5765776430833665,-0.0024725373834142417,1.081651309364081,0.08165130936408094,-0.0024432334575611794,4.495289328581305,0.00029227380520157584,0.02930392585306224,2,2
1580,1.5799999999999368,hold,100.0,4.579036289238586,0.0024586461552198458,1.0816710659960858,0.08167106599608576,0.002439182021863118,4.497728510603168,0.0002921638162918086,-0.019464133356727857,2,2
1581,1.5809999999999367,hold,100.0,4.576573603036642,-0.002462686201944564,1.0816421557565614,0.08164215575656142,-0.002433483578205802,4.495295027024962,0.00029205433081443605,0.029202623738761903,2,2
1582,1.5819999999999366,hold,100.0,4.579022424802887,0.0024488217662455014,1.0816618188466782,0.08166181884667822,0.0024294509529651006,4.497724477977927,0.0002919445989434727,-0.019370813280400814,2,2
1583,1.5829999999999365,hold,100.0,4.576569550480231,-0.0024528743226559513,1.0816330092885478,0.08163300928854778,-0.0024237726018357434,4.495300705376091,0.00029183536826662786,0.029101720820207903,2,2
1584,1.5839999999999363,hold,100.0,4.579008587062329,0.0024390365820980975,1.0816525792150626,0.08165257921506264,0.002419758711069248,4.49772046408716,0.00029172589239013336,-0.019277871028849577,2,2
1585,1.5849999999999362,hold,100.0,4.576565485474018,-0.0024431015883115137,1.0816238699414475,0.08162386994144755,-0.002414100373147838,4.495306363714012,0.00029161691548080664,0.029001215163675792,2,2
1586,1.5859999999999361,hold,100.0,4.578994775920215,0.0024292904461971077,1.081643347081175,0.08164334708117504,0.002410105141178635,4.497716468855191,0.00029150769456064884,-0.01918530501847284,2,2
1587,1.586999999999936,hold,100.0,4.576561408077266,-0.002433367842948897,1.0816147376967267,0.08161473769672667,-0.002404466737463785,4.495312002117727,0.00029139897039195294,0.028901105485111978,2,2
1588,1.587999999999936,hold,100.0,4.578980991279925,0.0024195832026592257,1.0816341224249901,0.08163412242499013,0.002400490088905827,4.497712492206633,0.00029129000339629067,-0.019093113753398602,2,2
1589,1.5889999999999358,hold,100.0,4.57655731834918,-0.002423672930745191,1.0816056125359947,0.08160561253599474,-0.0023948715407162953,4.495317620665916,0.0002911815309475471,0.02880139002889564,2,2
1590,1.5899999999999357,hold,100.0,4.578967233045612,0.002409914696431592,1.0816249052266123,0.08162490522661225,0.0023909134005002325,4.497708534066416,0.0002910728168505961,-0.01900129593135954,2,2
1591,1.5909999999999356,hold,100.0,4.576553216348875,-0.002414016696736354,1.0815964944409155,0.08159649444091555,-0.002385314629469344,4.495323219436947,0.00029096459510713106,0.028702067267009912,2,2
1592,1.5919999999999355,hold,100.0,4.578953501121406,0.0024002847725306253,1.0816156954662275,0.08161569546622749,0.0023813749228017815,4.497704594359749,0.00029085613288931466,-0.018909849728843825,2,2
1593,1.5929999999999354,hold,100.0,4.576549102134884,-0.002404398986522338,1.0815873833932708,0.08158738339327076,-0.0023757958508754786,4.495328798508873,0.0002907481608425335,0.028603135646859505,2,2
1594,1.5939999999999352,hold,100.0,4.578939795412325,0.002390693277441791,1.0816064931241303,0.08160649312413026,0.0023718745032761343,4.497700673012149,0.00029063994949023403,-0.0188187741656568,2,2
1595,1.5949999999999351,hold,100.0,4.5765449757661,-0.0023948196462253435,1.081578279374898,0.08157827937489803,-0.0023663150527079135,4.495334357959441,0.00029053222613754893,0.028504593517430024,2,2
1596,1.595999999999935,hold,100.0,4.578926115823386,0.0023811400572855135,1.0815972981806987,0.08159729818069872,0.0023624119899865355,4.497696769949428,0.0002904242646432002,-0.018728067298977996,2,2
1597,1.596999999999935,hold,100.0,4.576540837300802,-0.0023852785225839668,1.0815691823677802,0.08156918236778021,-0.0023568720833666767,4.495339897866061,0.0002903167889879506,0.02840643921729006,2,2
1598,1.5979999999999348,hold,100.0,4.578912462260094,0.00237162495929244,1.0815881106164185,0.08158811061641846,0.0023529872316395955,4.497692885097701,0.0002902090763498955,-0.018637727652844396,2,2
1599,1.5989999999999347,hold,100.0,4.576536686796815,-0.0023757754632791617,1.0815600923539015,0.08156009235390149,-0.0023474667918430402,4.495345418305858,0.00029010184740132984,0.028308671436121438,2,2
1600,1.5999999999999346,hold,100.0,4.578898834628548,0.0023621478317332745,1.0815789304118633,0.08157893041186326,0.002343600077502192,4.49768901838336,0.00028999438262390897,-0.01854775423108237,2,2
1601,1.6009999999999345,hold,100.0,4.57653252431229,-0.0023663103162583354,1.0815510093154177,0.0815510093154177,-0.0023380990277230623,4.495350919355637,0.00028988739939702913,0.02821128853527314,2,2
1602,1.6019999999999344,hold,100.0,4.578885232835021,0.002352708522731284,1.0815697575476981,0.08156975754769813,0.0023342503774536937,4.49768516973309,0.0002897801814903812,-0.018458145277590148,2,2
1603,1.6029999999999343,hold,100.0,4.576528349904966,-0.002356882930055093,1.0815419332345608,0.08154193323456083,-0.0023287686411782096,4.495356401091912,0.0002896734430060981,0.028114288876883442,2,2
1604,1.6039999999999341,hold,100.0,4.578871656786114,0.002343306881147811,1.0815605920046794,0.08156059200467936,0.0023249379819637534,4.497681339073876,0.0002895664709861709,-0.01836889918405745,2,2
1605,1.604999999999934,hold,100.0,4.576524163632099,-0.0023474931540148347,1.0815328640935695,0.08153286409356952,-0.0023194754830123637,4.495361863590864,0.0002894599762711086,0.028017671002471007,2,2
1606,1.605999999999934,hold,100.0,4.578858106389057,0.002333942756957974,1.0815514337636856,0.08155143376368557,0.002315662742131872,4.497677526332995,0.00028935324915962973,-0.01828001482610201,2,2
1607,1.6069999999999338,hold,100.0,4.576519965551102,-0.002338140837954583,1.0815238018748925,0.0815238018748925,-0.0023102194046102638,4.495367306928385,0.0002892469972461034,0.02792143334431939,2,2
1608,1.6079999999999337,hold,100.0,4.5788445815513645,0.0023246160002621252,1.081542282805625,0.08154228280562492,0.002306424509617952,4.497673731438002,0.00028914051407051805,-0.01819149064417316,2,2
1609,1.6089999999999336,hold,100.0,4.576515755718928,-0.002328825832436543,1.0815147465609483,0.08151474656094826,-0.002301000257948237,4.495372731180054,0.0002890345039964868,0.02782557448830587,2,2
1610,1.6099999999999335,hold,100.0,4.578831082180724,0.0023153264617956637,1.0815331391115661,0.08153313911156612,0.0022972231367000707,4.497669954316754,0.0002889282637899522,-0.018103325095593023,2,2
1611,1.6109999999999334,hold,100.0,4.576511534192621,-0.0023195479881028547,1.0815056981343236,0.08150569813432362,-0.002291817895602479,4.495378136421151,0.0002888224945990372,0.02773009250037553,2,2
1612,1.6119999999999333,hold,100.0,4.578817608185713,0.002306073993092461,1.081524002662612,0.08152400266261206,0.002288058476232941,4.497666194897384,0.0002887164964002706,-0.01801551685952016,2,2
1613,1.6129999999999332,hold,100.0,4.576507301028542,-0.0023103071571712874,1.0814966565776323,0.08149665657763228,-0.0022826721707282244,4.495383522726656,0.00028861096714162787,0.02763498644306299,2,2
1614,1.613999999999933,hold,100.0,4.57880415947466,0.002296858446118044,1.0815148734399844,0.08151487343998443,0.002278930381658018,4.4976624531083145,0.00028850520999500423,-0.017928064460026247,2,2
1615,1.614999999999933,hold,100.0,4.576503056283166,-0.002301103191493681,1.081487621873607,0.08148762187360692,-0.002273562937067773,4.495388890171247,0.00028839991972331774,0.027540254425907802,2,2
1616,1.6159999999999328,hold,100.0,4.578790735956842,0.002287679673675491,1.0815057514250028,0.08150575142500283,0.002269838707006304,4.497658728878253,0.0002882944026786936,-0.017840966669187275,2,2
1617,1.6169999999999327,hold,100.0,4.576498800012703,-0.002291935944138679,1.0814785940050597,0.08147859400505975,-0.00226449004894933,4.495394238829304,0.0002881893504541228,0.027445895189348937,2,2
1618,1.6179999999999326,hold,100.0,4.578777337541483,0.0022785375287801557,1.081496636599031,0.08149663659903106,0.0022607833068816474,4.497655022136185,0.00028808407256688585,-0.017754221898508282,2,2
1619,1.6189999999999325,hold,100.0,4.576494532273084,-0.0022828052683996347,1.0814695729548767,0.08146957295487667,-0.002255453361288249,4.495399568774897,0.0002879792574550682,0.027351907111385684,2,2
1620,1.6199999999999324,hold,100.0,4.578763964138269,0.0022694318651854672,1.0814875289435892,0.08148752894358924,0.0022517640364866404,4.497651332811384,0.0002878742177860491,-0.017667828698826864,2,2
1621,1.6209999999999323,hold,100.0,4.576490253120082,-0.0022737110181871856,1.0814605587059993,0.08146055870599933,-0.0022464527295575952,4.495404880081827,0.00028776963885798306,0.027258288629590337,2,2
1622,1.6219999999999322,hold,100.0,4.578750615657595,0.0022603625375126057,1.0814784284402148,0.0814784284402148,0.0022427807515758135,4.497647660833403,0.0002876648364734148,-0.01758178593679223,2,2
1623,1.622999999999932,hold,100.0,4.5764859626093255,-0.0022646530482690608,1.0814515512415095,0.08145155124150949,-0.0022374880098377497,4.495410172823565,0.00028756049280545575,0.027165038431311087,2,2
1624,1.623999999999932,hold,100.0,4.578737292009791,0.0022513294004653517,1.0814693350705682,0.0814693350705682,0.0022338333085119497,4.497644006132077,0.0002874559267769686,-0.017496091953402015,2,2
1625,1.6249999999999318,hold,100.0,4.576481660796068,-0.002255631213722964,1.0814425505445202,0.08144255054452021,-0.002228559058762782,4.495415447073315,0.00028735181745077464,0.027072154960181786,2,2
1626,1.6259999999999317,hold,100.0,4.57872399310566,0.0022423323095921432,1.0814602488163847,0.0814602488163847,0.0022249215642024802,4.4976403686375175,0.00028724748685531536,-0.01741074538966301,2,2
1627,1.6269999999999316,hold,100.0,4.5764773477355645,-0.002246645370095557,1.0814335565982338,0.08143355659823381,-0.0022196657335528443,4.495420702903965,0.0002871436109578225,0.02697963654271253,2,2
1628,1.6279999999999315,hold,100.0,4.5787107188567635,0.002233371121199035,1.0814511696594893,0.08145116965948929,0.00221604537615434,4.497636748280119,0.0002870395148776058,-0.017325745044694668,2,2
1629,1.6289999999999314,hold,100.0,4.576473023482645,-0.0022376953741183314,1.0814245693859488,0.08142456938594878,-0.002210807891991997,4.4954259403881265,0.0002869358715009774,0.02688748212633426,2,2
1630,1.6299999999999313,hold,100.0,4.578697469174309,0.002224445691664023,1.081442097581823,0.08144209758182308,0.0022072046024192646,4.497633144990545,0.00028683200902349256,-0.01724108924475859,2,2
1631,1.6309999999999312,hold,100.0,4.576468688092131,-0.002228781082178166,1.0814155888910235,0.08141558889102352,-0.0022019853924294735,4.495431159598116,0.0002867285972650792,0.026795689748692654,2,2
1632,1.631999999999931,hold,100.0,4.578684243970591,0.002215555878460229,1.081433032565327,0.08143303256532697,0.00219839910162138,4.497629558699737,0.00028662496748298985,-0.017156776838849266,2,2
1633,1.632999999999931,hold,100.0,4.576464341618248,-0.0022199023523432615,1.0814066150969117,0.08140661509691172,-0.002193198093772004,4.495436360605965,0.00028652178644531434,0.02670425857125751,2,2
1634,1.6339999999999308,hold,100.0,4.578671043157815,0.0022067015395670353,1.0814239745921232,0.08142397459212325,0.0021896287329483373,4.497625989338913,0.00028641838845643795,-0.01707280661869797,2,2
1635,1.6349999999999307,hold,100.0,4.576459984115566,-0.002211059042249275,1.0813976479871323,0.08139764798713234,-0.0021844458555040974,4.495441543483409,0.00028631543724708705,0.026613186745177465,2,2
1636,1.6359999999999306,hold,100.0,4.578657866648592,0.0021978825330259966,1.081414923644334,0.081414923644334,0.0021808933561557548,4.497622436839564,0.00028621227015441863,-0.016989176870241783,2,2
1637,1.6369999999999305,hold,100.0,4.576455615638231,-0.002202251010360534,1.0813886875452694,0.0813886875452694,-0.002175728537665873,4.495446708301898,0.0002861095478860641,0.02652247269466137,2,2
1638,1.6379999999999304,hold,100.0,4.578644714356028,0.0021890987177970445,1.0814058797042343,0.0814058797042343,0.0021721928315607043,4.497618901133459,0.00028600661079762607,-0.016905886236340175,2,2
1639,1.6389999999999303,hold,100.0,4.576451236239833,-0.002193478116195635,1.081379733755017,0.08137973375501706,-0.002167046000870133,4.495451855132589,0.00028590411658799476,0.02643211532550203,2,2
1640,1.6399999999999302,hold,100.0,4.578631586193638,0.0021803499538055604,1.081396842754109,0.08139684275410897,0.0021635270200461385,4.497615382152635,0.00028580140861688585,-0.016822933759421885,2,2
1641,1.64099999999993,hold,100.0,4.576446845974246,-0.0021847402193921894,1.0813707866001114,0.08137078660011143,-0.00215839810627298,4.495456984046362,0.0002856991415886597,0.026342113119209257,2,2
1642,1.64199999999993,hold,100.0,4.578618482075048,0.0021716361008019547,1.0813878127763958,0.08138781277639584,0.002154895783031504,4.497611879829393,0.00028559666185297357,-0.016740317770450475,2,2
1643,1.6429999999999298,hold,100.0,4.576442444894894,-0.0021760371801535783,1.081361846064377,0.08136184606437702,-0.002149784715567151,4.495462095113826,0.0002854946211338005,0.0262524645864271,2,2
1644,1.6439999999999297,hold,100.0,4.5786054019145315,0.0021629570196370906,1.0813787897535612,0.08137878975356116,0.002146298982478413,4.4976083940963045,0.0002853923687566223,-0.016658037158677735,2,2
1645,1.6449999999999296,hold,100.0,4.576438033055204,-0.0021673688593271123,1.0813529121317393,0.08135291213173934,-0.0021412056910192867,4.495467188405285,0.0002852905534790542,0.02616316830782563,2,2
1646,1.6459999999999295,hold,100.0,4.578592345626294,0.002154312571089889,1.0813697736681724,0.08136977366817244,0.0021377364809292525,4.497604924886214,0.00028518852758835475,-0.016576090160636686,2,2
1647,1.6469999999999294,hold,100.0,4.576433610508082,-0.002158735118212185,1.0813439847861355,0.08134398478613547,-0.0021326608954476255,4.4954722639907665,0.0002850869368898158,0.026074222764559465,2,2
1648,1.6479999999999293,hold,100.0,4.578579313125429,0.002145702617347034,1.081360764502865,0.08136076450286489,0.0021292081414727732,4.4976014721322395,0.0002849851366185153,-0.016494475874260714,2,2
1649,1.6489999999999292,hold,100.0,4.576429177306377,-0.0021501358190523234,1.0813350640116453,0.08133506401164525,-0.0021241501922113484,4.495477321940029,0.0002848837696413026,0.02598562684097503,2,2
1650,1.649999999999929,hold,100.0,4.578566304326999,0.002137127020621854,1.081351762240383,0.08135176224038299,0.002120713827725355,4.497598035767754,0.00028478219412714906,-0.016413192896498965,2,2
1651,1.650999999999929,hold,100.0,4.576424733502967,-0.0021415708240315467,1.081326149792344,0.0813261497923441,-0.0021156734452192085,4.495482362322535,0.00028468105001832234,0.025897378812338254,2,2
1652,1.6519999999999289,hold,100.0,4.578553319146521,0.002128585643554004,1.0813427668634892,0.08134276686348918,0.002112253403856451,4.497594615726391,0.0002845796984038281,-0.016332239697553017,2,2
1653,1.6529999999999287,hold,100.0,4.576420279149993,-0.002133039996528474,1.0813172421124655,0.0813172421124655,-0.0021072305189010748,4.49548738520749,0.00028447877631523314,0.025809477627399338,2,2
1654,1.6539999999999286,hold,100.0,4.5785403574997945,0.0021200783498018794,1.0813337783551047,0.08133377835510469,0.0021038267345786475,4.497591211942068,0.00028437764774779994,-0.016251615223231847,2,2
1655,1.6549999999999285,hold,100.0,4.576415814299975,-0.002124543199819584,1.081308340956259,0.08130834095625894,-0.0020988212782747685,4.495492390663793,0.0002842769468360335,0.025721921544815535,2,2
1656,1.6559999999999284,hold,100.0,4.578527419303155,0.0021116050031801947,1.0813247966981383,0.0813247966981383,0.0020954336851637407,4.497587824348957,0.0002841760404677152,-0.016171318016454037,2,2
1657,1.6569999999999283,hold,100.0,4.5764113390047285,-0.0021160802984265814,1.0812994463080599,0.08129944630805985,-0.0020904455888656167,4.495497378760092,0.0002840755598940167,0.025634709560964745,2,2
1658,1.6579999999999282,hold,100.0,4.578514504473086,0.0021031654683572043,1.0813158218756442,0.08131582187564423,0.0020870741213878446,4.49758445288148,0.00028397487488163295,-0.01609134696935969,2,2
1659,1.658999999999928,hold,100.0,4.5764068533164055,-0.0021076511566802125,1.0812905581522692,0.08129055815226915,-0.0020821033167249792,4.495502349564755,0.00028387461381191524,0.0255478399552333,2,2
1660,1.659999999999928,hold,100.0,4.5785016129264084,0.0020947596100029386,1.0813068538707455,0.08130685387074554,0.0020787479095844778,4.497581097474339,0.0002837741493169562,-0.01601170041846088,2,2
1661,1.6609999999999279,hold,100.0,4.576402357286395,-0.0020992556400134532,1.0812816764733766,0.08128167647337659,-0.002073794328470549,4.495507303145868,0.0002836741069217992,0.02546131154290438,2,2
1662,1.6619999999999278,hold,100.0,4.578488744580461,0.0020863872940664052,1.0812978926665913,0.08129789266659126,0.002070454916614937,4.497577758062484,0.0002835738621103616,-0.01593237745146827,2,2
1663,1.6629999999999276,hold,100.0,4.576397850966378,-0.0020908936140831003,1.0812728012559214,0.0812728012559214,-0.002065518491236549,4.495512239571247,0.0002834740375648855,0.025375122846551298,2,2
1664,1.6639999999999275,hold,100.0,4.578475899352778,0.0020780483863998,1.0812889382464488,0.08128893824644878,0.002062195009880196,4.497574434581127,0.0002833740116076995,-0.015853376519604258,2,2
1665,1.6649999999999274,hold,100.0,4.576393334407438,-0.002082564945339982,1.0812639324845181,0.08126393248451813,-0.002057275672684184,4.495517158908442,0.00028327440409162423,0.025289272655798067,2,2
1666,1.6659999999999273,hold,100.0,4.57846307716109,0.002069742753652015,1.0812799905936503,0.08127999059365032,0.0020539680572915545,4.497571126965734,0.0002831745961639799,-0.015774696360460697,2,2
1667,1.6669999999999272,hold,100.0,4.576388807660751,-0.0020742695003388434,1.0812550701438537,0.08125507014385369,-0.0020490657409962193,4.4955220612247375,0.00028307520486148057,0.025203759342624053,2,2
1668,1.667999999999927,hold,100.0,4.578450277923932,0.002061470263180709,1.0812710496916167,0.08127104969161669,0.0020457739272846266,4.497567835152022,0.0002829756141432111,-0.01569633589608259,2,2
1669,1.668999999999927,hold,100.0,4.576384270777113,-0.00206600714681926,1.0812462142186725,0.08124621421867251,-0.0020408885648855383,4.495526946587137,0.000282876438243008,0.025118581933721452,2,2
1670,1.6699999999999269,hold,100.0,4.5784375015597,0.002053230782586901,1.0812621155237916,0.08126211552379159,0.0020376124888626572,4.497564559075999,0.0002827770639184313,-0.015618293724243941,2,2
1671,1.6709999999999268,hold,100.0,4.5763797238072605,-0.002057777752439094,1.0812373646938147,0.0812373646938147,-0.0020327440136313456,4.495531815062368,0.00028267810261368114,0.025033738807748313,2,2
1672,1.6719999999999267,hold,100.0,4.578424747987232,0.002045024179971655,1.0812531880737688,0.0812531880737688,0.002029483611511634,4.49756129867388,0.00028257894387161646,-0.015540568460020894,2,2
1673,1.6729999999999265,hold,100.0,4.576375166801626,-0.002049581185605831,1.081228521554155,0.08122852155415505,-0.0020246319569555142,4.495536666716925,0.00028248019635989985,0.0249492286503168,2,2
1674,1.6739999999999264,hold,100.0,4.578412017125862,0.0020368503242353952,1.0812442673251446,0.08124426732514456,0.0020213871652458746,4.4975580538821704,0.00028238125239357523,-0.015463158989520616,2,2
1675,1.6749999999999263,hold,100.0,4.576370599810434,-0.0020414173154277293,1.0812196847846522,0.08121968478465225,-0.002016552265166841,4.495541501617003,0.00028228271787683227,0.024865050260888116,2,2
1676,1.6759999999999262,hold,100.0,4.578399308895095,0.002028709084661351,1.0812353532616192,0.08123535326161924,0.002013323020608941,4.4975548246376125,0.000282183987883914,-0.015386064052410123,2,2
1677,1.676999999999926,hold,100.0,4.576366022883773,-0.002033286011322133,1.0812108543703185,0.0812108543703185,-0.0020085048090823076,4.49554631982853,0.00028208566556847697,0.024781202239825342,2,2
1678,1.677999999999926,hold,100.0,4.57838662321488,0.0020206003311065146,1.0812264458669751,0.08122644586697514,0.002005291048668605,4.497551610877198,0.0002819871487509461,-0.015309282437909674,2,2
1679,1.6789999999999259,hold,100.0,4.576361436071613,-0.0020251871432668267,1.0812020302962584,0.08120203029625839,-0.002000489459995521,4.495551121417202,0.00028188903784744486,0.024697683271305594,2,2
1680,1.6799999999999258,hold,100.0,4.5783739600053,0.002012523933687227,1.0812175451250192,0.08121754512501922,0.00199729112097757,4.49754841253818,0.0002817907334116764,-0.015232812709656957,2,2
1681,1.6809999999999257,hold,100.0,4.576356839423599,-0.002017120581701448,1.0811932125476107,0.0811932125476107,-0.001992506089748547,4.495555906448431,0.00028169283313507254,0.02461449195290122,2,2
1682,1.6819999999999256,hold,100.0,4.578361319187075,0.0020044797634763967,1.0812086510196888,0.08120865101968877,0.0019893231096180545,4.49754522955805,0.00028159474029172893,-0.015156653858342146,2,2
1683,1.6829999999999254,hold,100.0,4.576352232989329,-0.0020090861977459795,1.081184401109607,0.08118440110960701,-0.0019845545706927287,4.495560674987357,0.0002814970498611502,0.02453162705325085,2,2
1684,1.6839999999999253,hold,100.0,4.578348700680979,0.0019964676916499613,1.0811997635349422,0.08119976353494218,0.0019813868872197203,4.497542061874577,0.0002813991678251896,-0.01508080443024095,2,2
1685,1.6849999999999252,hold,100.0,4.57634761681787,-0.0020010838631092653,1.081175595967514,0.081175595967514,-0.0019766347757063703,4.49556542709887,0.0002813016864641231,0.02444908740289499,2,2
1686,1.6859999999999251,hold,100.0,4.578336104408123,0.001988487590253385,1.0811908826548382,0.0811908826548382,0.0019734823268696146,4.49753890942574,0.00028120401445466307,-0.015005263383770315,2,2
1687,1.686999999999925,hold,100.0,4.576342990958597,-0.0019931134495259073,1.0811667971066998,0.08116679710669983,-0.0019687465781231947,4.495570162847616,0.0002811067413907153,0.024366871402712632,2,2
1688,1.687999999999925,hold,100.0,4.578323530289939,0.0019805393313419017,1.081182008363496,0.08118200836349598,0.0019656093021659174,4.497535772149782,0.00028100927863117806,-0.01493002917598435,2,2
1689,1.6889999999999248,hold,100.0,4.5763383554602415,-0.0019851748296977334,1.081158004512571,0.08115800451257105,-0.0019608898518197406,4.495574882297963,0.0002809122130961121,0.02428497787799284,2,2
1690,1.6899999999999247,hold,100.0,4.578310978248404,0.0019726227881626812,1.0811731406451,0.08117314064509995,0.001957767687226495,4.49753264998519,0.00028081495881413193,-0.014855100936186309,2,2
1691,1.6909999999999246,hold,100.0,4.576333710371589,-0.0019772678768150698,1.0811492181705826,0.08114921817058263,-0.0019530644711548983,4.495579585514035,0.00028071810004385575,0.024203405660171453,2,2
1692,1.6919999999999245,hold,100.0,4.5782984482057,0.0019647378341112187,1.0811642794839067,0.0811642794839067,0.001949957356657203,4.497529542870692,0.0002806210534711104,-0.014780477454015822,2,2
1693,1.6929999999999243,hold,100.0,4.5763290557412795,-0.0019693924644208494,1.0811404380662948,0.08114043806629478,-0.00194527031100572,4.495584272559686,0.00028052440070568514,0.02412215341512946,2,2
1694,1.6939999999999242,hold,100.0,4.578285940084148,0.001956884342868115,1.0811554248642217,0.08115542486422167,0.0019421781855944668,4.497526450745281,0.00028042756107804354,-0.014706157273648062,2,2
1695,1.6949999999999241,hold,100.0,4.576324391617704,-0.0019615484664434746,1.081131664185293,0.08113166418529305,-0.0019375072467676144,4.495588943498513,0.00028033111356156974,0.02404121967586022,2,2
1696,1.695999999999924,hold,100.0,4.578273453806452,0.0019490621887481296,1.081146576770455,0.08114657677045489,0.001934430049662793,4.497523373548176,0.00028023448011897407,-0.014632139085336664,2,2
1697,1.696999999999924,hold,100.0,4.576319718048615,-0.001953735757837194,1.0811228965132504,0.08112289651325044,-0.001929775154314796,4.495593598393861,0.00028013823709958756,0.02396060352239781,2,2
1698,1.6979999999999238,hold,100.0,4.578260989295826,0.001941271247210885,1.0811377351870426,0.08113773518704259,0.0019267128249785416,4.49752031121884,0.0002800418090860577,-0.014558422232343509,2,2
1699,1.6989999999999237,hold,100.0,4.576315035082399,-0.0019459542134265817,1.0811141350358782,0.08111413503587817,-0.0019220739099994229,4.49559823730884,0.00027994576981594903,0.023880303427158828,2,2
1700,1.6999999999999236,hold,100.0,4.578248546475582,0.001933511393183096,1.081128900098517,0.08112890009851692,0.00191902638813639,4.4975172636969765,0.0002798495464795293,-0.014485005046705954,2,2
1701,1.7009999999999235,hold,100.0,4.5763103427667335,-0.0019382037088488957,1.0811053797389722,0.08110537973897225,-0.0019144033906901773,4.4956028603062865,0.00027975371021485133,0.023800318158718373,2,2
1702,1.7019999999999234,hold,100.0,4.578236125269396,0.0019257825026626207,1.0811200714894846,0.08112007148948464,0.0019113706162459147,4.497514230922532,0.00027965769080756615,-0.014411886416706076,2,2
1703,1.7029999999999232,hold,100.0,4.57630564114925,-0.001930484120146403,1.0810966306083778,0.0810966306083778,-0.0019067634737334577,4.495607467448799,0.000279562056808444,0.023720646412945166,2,2
1704,1.7039999999999231,hold,100.0,4.578223725601177,0.0019180844519270934,1.0811112493445583,0.08111124934455827,0.001903745386887929,4.497511212835687,0.0002794662405863516,-0.014339065039164524,2,2
1705,1.704999999999923,hold,100.0,4.576300930277294,-0.0019227953238827311,1.0810878876299905,0.08108788762999053,-0.0018991540369789274,4.4956120587987085,0.00027937080811683195,0.023641286903803693,2,2
1706,1.705999999999923,hold,100.0,4.57821134739556,0.0019104171182657836,1.0811024336484854,0.08110243364848535,0.0018961505781627203,4.497508209376871,0.0002792751943399054,-0.014266540103063377,2,2
1707,1.7069999999999228,hold,100.0,4.576296210198208,-0.0019151371973515907,1.0810791507897861,0.08107915078978611,-0.0018915749587453351,4.495616634418126,0.00027917996266794797,0.023562238606255604,2,2
1708,1.7079999999999227,hold,100.0,4.578198990576764,0.0019027803785558461,1.0810936243860592,0.08109362438605916,0.0018885860686108599,4.497505220486737,0.00027908455060006335,-0.014194309944986268,2,2
1709,1.7089999999999226,hold,100.0,4.576291480958733,-0.0019075096180314333,1.0810704200738057,0.08107042007380572,-0.0018840261178582778,4.495621194368878,0.00027898951899750946,0.02348350017315542,2,2
1710,1.7099999999999225,hold,100.0,4.578186655070079,0.0018951741113459875,1.0810848215420925,0.08108482154209251,0.0018810517373189827,4.4975022461061975,0.0002788943079064824,-0.014122374027004773,2,2
1711,1.7109999999999224,hold,100.0,4.576286742606078,-0.001899912464001119,1.081061695468107,0.08106169546810693,-0.0018765073936288638,4.495625738712569,0.0002787994756489849,0.023405070372255112,2,2
1712,1.7119999999999223,hold,100.0,4.578174340800486,0.0018875981944086462,1.0810760251015188,0.08107602510151879,0.001873547463804667,4.497499286176374,0.0002787044648064363,-0.014050730603979268,2,2
1713,1.7129999999999221,hold,100.0,4.576281995186778,-0.0018923456137081018,1.0810529769588315,0.08105297695883151,-0.0018690186658203568,4.4956302675105535,0.0002786098311735497,0.02332694788774502,2,2
1714,1.713999999999922,hold,100.0,4.578162047693551,0.0018800525067730334,1.0810672350493133,0.08106723504931335,0.0018660731280835028,4.497496340638637,0.0002785150198549877,-0.01397937868953059,2,2
1715,1.714999999999922,hold,100.0,4.576277238747356,-0.0018848089461949158,1.0810442645322142,0.08104426453221425,-0.0018615598147044357,4.4956347808239325,0.000278420584129962,0.023249131490480104,2,2
1716,1.7159999999999218,hold,100.0,4.5781497756749605,0.0018725369276042514,1.0810584513705088,0.08105845137050882,0.0018586286106580933,4.497493409434591,0.0002783259716146701,-0.013908316946158097,2,2
1717,1.7169999999999217,hold,100.0,4.576272473333983,-0.0018773023409774936,1.0810355581744993,0.08103555817449926,-0.0018541307210260876,4.495639278713565,0.00027823173308462375,0.023171619951405965,2,2
1718,1.7179999999999216,hold,100.0,4.5781375246710345,0.0018650513370515043,1.081049674050221,0.0810496740502209,0.0018512137925079494,4.497490492506072,0.00027813731865567023,-0.01383754454355483,2,2
1719,1.7189999999999215,hold,100.0,4.576267698992863,-0.0018698256781712885,1.0810268578719922,0.08102685787199215,-0.0018467312659985451,4.495643761240074,0.00027804327661135964,0.023094412172743398,2,2
1720,1.7199999999999214,hold,100.0,4.5781252946082285,0.0018575956153652484,1.081040903073582,0.08104090307358192,0.0018438285550847252,4.497487589795159,0.0002779490595556095,-0.013767060280523227,2,2
1721,1.7209999999999213,hold,100.0,4.576262915769959,-0.0018623788382692297,1.0810181636110796,0.08101816361107961,-0.0018393613313377147,4.495648228463821,0.0002778552132915686,0.023017506931514952,2,2
1722,1.7219999999999211,hold,100.0,4.578113085413046,0.0018501696430863745,1.0810321384258326,0.08103213842583257,0.0018364727803133125,4.497484701244135,0.000277761192899588,-0.013696862773062085,2,2
1723,1.722999999999921,hold,100.0,4.576258123710982,-0.0018549617020635623,1.081009475378187,0.08100947537818692,-0.0018320207991856811,4.495652680444949,0.00027766754171402465,0.02294090287788112,2,2
1724,1.723999999999921,hold,100.0,4.578100897012744,0.0018427733017620795,1.0810233800922853,0.08102338009228527,0.0018291463505845879,4.497481826795534,0.00027757371728008475,-0.013626951177491678,2,2
1725,1.7249999999999208,hold,100.0,4.576253322861656,-0.0018475741510881605,1.0810007931598142,0.08100079315981423,-0.0018247095521705227,4.495657117243363,0.0002774802604748574,0.02286459891763775,2,2
1726,1.7259999999999207,hold,100.0,4.5780887293344295,0.001835406472773471,1.0810146280582562,0.08101462805825621,0.0018218491487472432,4.49747896639211,0.00027738663129686343,-0.013557324026227703,2,2
1727,1.7269999999999206,hold,100.0,4.576248513267182,-0.001840216067247269,1.0809921169425172,0.08099211694251718,-0.0018174274734042894,4.495661538918706,0.0002772933681775132,0.022788593842979495,2,2
1728,1.7279999999999205,hold,100.0,4.57807658230572,0.0018280690385381604,1.081005882309151,0.08100588230915107,0.0018145810581503405,4.497476119976857,0.0002771999335570962,-0.013487980387819933,2,2
1729,1.7289999999999204,hold,100.0,4.576243694972877,-0.0018328873328430362,1.0809834467128583,0.08098344671285829,-0.001810174446465428,4.495665945530392,0.0002771068634327274,0.022712886377608283,2,2
1730,1.7299999999999203,hold,100.0,4.578064455854618,0.0018207608817411014,1.0809971428304515,0.08099714283045145,0.0018073419625971626,4.497473287492989,0.0002770136226751142,-0.013418919143938762,2,2
1731,1.7309999999999202,hold,100.0,4.5762388680237445,-0.0018255878308739426,1.0809747824575247,0.08097478245752465,-0.0018029503553893813,4.495670337137599,0.00027692074485841605,0.022637475484561277,2,2
1732,1.73199999999992,hold,100.0,4.578052349909274,0.0018134818855291002,1.0809884096076912,0.08098840960769116,0.001800131746347198,4.497470468883947,0.0002768276972724234,-0.013350139181902195,2,2
1733,1.73299999999992,hold,100.0,4.57623403246462,-0.001818317444653772,1.0809661241632214,0.08096612416322135,-0.0017957550846831396,4.495674713799263,0.0002767350110796623,0.022562359970632353,2,2
1734,1.7339999999999198,hold,100.0,4.578040264397872,0.0018062319332523558,1.0809796826264428,0.08097968262644284,0.001792950294134902,4.497467664093398,0.0002766421559777199,-0.013281639117453808,2,2
1735,1.7349999999999197,hold,100.0,4.576229188340334,-0.0018110760575380525,1.0809574718167183,0.08095747181671831,-0.0017885885192872977,4.495679075574111,0.0002765496607286921,0.0224875382507548,2,2
1736,1.7359999999999196,hold,100.0,4.57802819924961,0.0017990109092762552,1.080970961872356,0.08097096187235597,0.0017857974911203336,4.497464873065232,0.00027645699742669913,-0.013213418155921548,2,2
1737,1.7369999999999195,hold,100.0,4.576224335695194,-0.0018038635544161963,1.0809488254048323,0.08094882540483228,-0.0017814505446409285,4.495683422520591,0.0002763646924447403,0.022413009775267823,2,2
1738,1.7379999999999194,hold,100.0,4.578016154393159,0.001791818697964409,1.08096224733115,0.08096224733114998,0.0017786732229731054,4.497462095743564,0.00027627222026221573,-0.013145474991303665,2,2
1739,1.7389999999999193,hold,100.0,4.576219474573617,-0.00179667981954168,1.0809401849144393,0.08094018491443933,-0.0017743410466124166,4.495687754696951,0.00027618010487410127,0.022338772929263347,2,2
1740,1.7399999999999192,hold,100.0,4.578004129758064,0.001784655184446926,1.0809535389885778,0.08095353898857782,0.0017715773757899186,4.497459332072741,0.0002760878231340408,-0.013077808657007469,2,2
1741,1.740999999999919,hold,100.0,4.576214605019741,-0.001789524738322612,1.0809315503324572,0.08093155033245725,-0.0017672599115496732,4.495692072161192,0.00027599589667002416,0.022264826772938878,2,2
1742,1.741999999999919,hold,100.0,4.577992125273845,0.001777520254103493,1.0809448368304617,0.08094483683046172,0.001764509836121056,4.497456581997313,0.0002759038046988507,-0.013010417982437005,2,2
1743,1.7429999999999188,hold,100.0,4.576209727077699,-0.0017823981961457847,1.0809229216458873,0.08092292164588732,-0.001760207026219393,4.495696374971094,0.0002758120664926453,0.022191169926391714,2,2
1744,1.7439999999999187,hold,100.0,4.577980140870386,0.0017704137926868313,1.0809361408426938,0.08093614084269385,0.0017574704909824486,4.4974538454620765,0.00027572016362031025,-0.012943301704382683,2,2
1745,1.7449999999999186,hold,100.0,4.576204840790918,-0.0017753000794673568,1.0809142988417584,0.08091429884175838,-0.0017531822778934386,4.495700663184183,0.00027562861300903203,0.022117801573918235,2,2
1746,1.7459999999999185,hold,100.0,4.577968176477824,0.001763335686905343,1.08092745101119,0.08092745101118992,0.0017504592278368115,4.49745112241202,0.00027553689856885376,-0.012876459068531442,2,2
1747,1.7469999999999184,hold,100.0,4.576199946203392,-0.0017682302744317369,1.080905681907153,0.08090568190715297,-0.0017461855542326627,4.495704936857788,0.0002754455348930027,0.022044720199074132,2,2
1748,1.7479999999999183,hold,100.0,4.577956232026682,0.0017562858232897938,1.0809187673219656,0.08091876732196557,0.0017434759345942824,4.497448412792382,0.00027535400822174464,-0.012809888695511406,2,2
1749,1.7489999999999182,hold,100.0,4.576195043358444,-0.001761188668237601,1.0808970708292045,0.0808970708292045,-0.0017392167433998658,4.495709196048982,0.0002752628308252079,0.021971924837735225,2,2
1750,1.749999999999918,hold,100.0,4.5779443074475905,0.0017492640891463296,1.0809100897610653,0.08091008976106528,0.0017365204996083186,4.49744571654859,0.0002751714912630215,-0.01274358953801103,2,2
1751,1.750999999999918,hold,100.0,4.576190132299245,-0.001754175148345638,1.0808884655951074,0.08088846559510743,-0.0017322757339702623,4.49571344081462,0.00027508049949300417,0.02189941437537573,2,2
1752,1.7519999999999178,hold,100.0,4.577932402671708,0.0017422703724632171,1.0809014183145846,0.08090141831458464,0.0017295928116938572,4.497443033626314,0.000274989346383355,-0.012677560769359985,2,2
1753,1.7529999999999177,hold,100.0,4.576185213069093,-0.0017471896026153289,1.0808798661921306,0.08087986619213061,-0.0017253624149832247,4.495717671211331,0.00027489853959041763,0.02182718763210417,2,2
1754,1.7539999999999176,hold,100.0,4.577920517630145,0.0017353045610519757,1.0808927529687125,0.08089275296871246,0.001722692760095304,4.497440363971426,0.0002748075722801484,-0.012611800956671693,2,2
1755,1.7549999999999175,hold,100.0,4.57618028571075,-0.0017402319193946525,1.080871272607544,0.08087127260754401,-0.0017184766759100443,4.495721887295517,0.0002747169498181338,0.021755243484608163,2,2
1756,1.7559999999999174,hold,100.0,4.577908652254423,0.0017283665436726992,1.0808840937096496,0.08088409370964955,0.0017158202345073504,4.4974377075300245,0.00027462616765739045,-0.012546309165348702,2,2
1757,1.7569999999999173,hold,100.0,4.576175350267067,-0.0017333019873557731,1.0808626848287002,0.08086268482870018,-0.0017116184066737563,4.495726089123351,0.00027453572888340845,0.02168358068201678,2,2
1758,1.7579999999999172,hold,100.0,4.577896806476557,0.0017214562094896024,1.0808754405236647,0.08087544052366469,0.0017089751250585962,4.4974350642484096,0.0002744451312256553,-0.01248108443100619,2,2
1759,1.758999999999917,hold,100.0,4.576170406780602,-0.0017263996959542283,1.0808541028429937,0.08085410284299366,-0.0017047874976177627,4.495730276750792,0.0002743548755000862,0.021612198336465587,2,2
1760,1.759999999999917,hold,100.0,4.57788498022852,0.0017145734479173669,1.08086679339711,0.08086679339710989,0.00170215732231606,4.497432434073108,0.00027426446170201346,-0.012416125601306819,2,2
1761,1.7609999999999169,hold,100.0,4.576165455293931,-0.001719524934588712,1.0808455266378814,0.08084552663788136,-0.0016979838395481106,4.49573445023356,0.00027417438838845824,0.021541095040601393,2,2
1762,1.7619999999999167,hold,100.0,4.57787317344274,0.0017077181488085458,1.080858152316355,0.08085815231635496,0.0016953667172963846,4.497429816950857,0.0002740841578100457,-0.012351431512161145,2,2
1763,1.7629999999999166,hold,100.0,4.576160495849058,-0.0017126775936819882,1.0808369562008509,0.08083695620085085,-0.0016912073237014655,4.495738609627155,0.000273994266275342,0.021470269980522743,2,2
1764,1.7639999999999165,hold,100.0,4.577861386051764,0.0017008902027066952,1.0808495172678403,0.08084951726784029,0.0016886032014456597,4.497427212828601,0.00027390421827973364,-0.012287001261035478,2,2
1765,1.7649999999999164,hold,100.0,4.576155528488231,-0.001705857563533364,1.0808283915194543,0.08082839151945431,-0.0016844578417240337,4.495742754986877,0.00027381450789388585,0.02139972180933026,2,2
1766,1.7659999999999163,hold,100.0,4.57784961798863,0.0016940895003987322,1.0808408882380625,0.08084088823806246,0.0016818666666301848,4.497424621653508,0.0002737246418475204,-0.01222283376854736,2,2
1767,1.7669999999999162,hold,100.0,4.576150553253335,-0.0016990647352947974,1.0808198325812894,0.08081983258128944,-0.0016777352857257565,4.495746886367782,0.000273635111983706,0.0213294495690409,2,2
1768,1.767999999999916,hold,100.0,4.57783786918631,0.0016873159329753307,1.0808322652135571,0.08083226521355713,0.0016751570051626633,4.497422043372945,0.0002735454272561168,-0.012158927812667367,2,2
1769,1.768999999999916,hold,100.0,4.576145570186058,-0.001692299000252362,1.080811279374006,0.0808112793740059,-0.0016710395482430788,4.495751003824702,0.0002734560772906493,0.021259452009283118,2,2
1770,1.7699999999999159,hold,100.0,4.577826139578457,0.0016805693923993559,1.0808236481809346,0.08082364818093457,0.0016684741098020183,4.497419477934503,0.00027336657325460935,-0.01209528259733762,2,2
1771,1.7709999999999158,hold,100.0,4.576140579328074,-0.0016855602503831335,1.0808027318852838,0.08080273188528375,-0.0016643705222347638,4.495755107412268,0.0002732774025669371,0.02118972814836974,2,2
1772,1.7719999999999156,hold,100.0,4.577814429098726,0.0016738497706523248,1.0808150371268435,0.08081503712684346,0.0016618178737033348,4.497416925285972,0.00027318807859827665,-0.012031896948989929,2,2
1773,1.7729999999999155,hold,100.0,4.57613558072065,-0.001678848378076303,1.0807941901028837,0.08079419010288369,-0.0016577281010859697,4.495759197184886,0.0002730990865709794,0.021120276990333354,2,2
1774,1.7739999999999154,hold,100.0,4.577802737680991,0.0016671569603410319,1.0808064320379993,0.08080643203799931,0.0016551881904469602,4.497414385375333,0.00027300994204871605,-0.011968769894071677,2,2
1775,1.7749999999999153,hold,100.0,4.576130574405112,-0.0016721632758791571,1.0807856540145873,0.08078565401458726,-0.0016511121785819092,4.495763273196751,0.0002729211280674175,0.02105109729724796,2,2
1776,1.7759999999999152,hold,100.0,4.5777910652595635,0.001660490854451524,1.0807978329011347,0.08079783290113474,0.0016485849540679451,4.4974118581508185,0.0002728321623736249,-0.011905900383578881,2,2
1777,1.776999999999915,hold,100.0,4.5761255604225815,-0.0016655048369820236,1.080777123608246,0.08077712360824596,-0.0016445226489924386,4.495767335501826,0.0002727435258270493,0.020982187989584955,2,2
1778,1.777999999999915,hold,100.0,4.577779411768972,0.0016538513463908444,1.0807892397030916,0.0807892397030916,0.0016420080590103718,4.497409343560837,0.00027265473834691393,-0.011843287380472597,2,2
1779,1.7789999999999149,hold,100.0,4.576120538813984,-0.001658872954988233,1.0807685988717355,0.08076859887173549,-0.0016379594069670098,4.49577138415387,0.0002725662786267552,0.020913548021223242,2,2
1780,1.7799999999999148,hold,100.0,4.577767777143798,0.0016472383298138382,1.0807806524307002,0.0807806524307002,0.0016354574001385485,4.4974068415540085,0.0002724776687485102,-0.01178092967528974,2,2
1781,1.7809999999999147,hold,100.0,4.576115509619907,-0.0016522675238910267,1.0807600797929866,0.0807600797929866,-0.0016314223475947349,4.495775419206414,0.0002723893852495739,0.02084517629629182,2,2
1782,1.7819999999999145,hold,100.0,4.577756161319177,0.0016406516992697462,1.0807720710708912,0.08077207107089124,0.0016289328727468755,4.497404352079161,0.0002723009523644522,-0.011718826522870733,2,2
1783,1.7829999999999144,hold,100.0,4.576110472881162,-0.0016456884380149361,1.0807515663600125,0.08075156636001246,-0.00162491136636201,4.4957794407127984,0.0002722128444845008,0.02077707165292603,2,2
1784,1.7839999999999143,hold,100.0,4.577744564230462,0.0016340913493007037,1.0807634956106298,0.08076349561062979,0.0016224343725376245,4.497401875085336,0.00027212458798679147,-0.011656976763079136,2,2
1785,1.7849999999999142,hold,100.0,4.576105428638015,-0.0016391355924474382,1.080743058560792,0.080743058560792,-0.0016184263592070405,4.495783448726129,0.0002720366551265763,0.020709233240397747,2,2
1786,1.785999999999914,hold,100.0,4.577732985813109,0.0016275571750936635,1.0807549260369287,0.08075492603692869,0.0016159617956306154,4.497399410521759,0.000271948574413577,-0.011595379463048101,2,2
1787,1.786999999999914,hold,100.0,4.576100376930727,-0.001632608882381703,1.080734556383457,0.08073455638345695,-0.0016119672224499467,4.495787443299309,0.0002718608159768018,0.02064165993175644,2,2
1788,1.7879999999999139,hold,100.0,4.577721426002868,0.001621049072141112,1.0807463623368574,0.08074636233685739,0.0016095150385535175,4.497396958337863,0.00027177291044873755,-0.011534033587594405,2,2
1789,1.7889999999999138,hold,100.0,4.576095317799479,-0.0016261082033892649,1.0807260598160704,0.0807260598160704,-0.0016055338528315252,4.495791424485031,0.00027168532584207676,0.02057435055773972,2,2
1790,1.7899999999999137,hold,100.0,4.577709884735864,0.0016145669363849535,1.080737804497514,0.080737804497514,0.0016030939982707442,4.4973945184833015,0.0002715975949021653,-0.011472938114209363,2,2
1791,1.7909999999999136,hold,100.0,4.576090251284142,-0.0016196334517220023,1.0807175688468507,0.08071756884685066,-0.0015991261475159805,4.495795392335785,0.0002715101835352005,0.02050730420602182,2,2
1792,1.7919999999999134,hold,100.0,4.577698361948263,0.001608110664121476,1.0807292525060892,0.0807292525060892,0.001596698572121387,4.497392090907907,0.0002714226265896045,-0.011412092000088895,2,2
1793,1.7929999999999133,hold,100.0,4.57608517742454,-0.0016131845237232767,1.080709083463996,0.08070908346399608,-0.0015927440040760014,4.495799346903831,0.00027133538787478724,0.020440519647275338,2,2
1794,1.7939999999999132,hold,100.0,4.577686857576671,0.0016016801521310242,1.080720706349788,0.0807207063497879,0.0015903286579010468,4.497389675561732,0.0002712480043325739,-0.011351494229977412,2,2
1795,1.794999999999913,hold,100.0,4.576080096260209,-0.0016067613164620909,1.080700603655749,0.08070060365574894,-0.0015863873204938932,4.495803288241238,0.0002711609376853112,0.020373995968197632,2,2
1796,1.795999999999913,hold,100.0,4.577675371558022,0.0015952752978130036,1.0807121660158634,0.0807121660158634,0.0015839841537663632,4.497387272395005,0.0002710737269584208,-0.011291144046640363,2,2
1797,1.796999999999913,hold,100.0,4.576075007830655,-0.00160036372736716,1.0806921294104441,0.08069212941044412,-0.0015800559951559138,4.495807216399849,0.0002709868317969469,0.020307732211246286,2,2
1798,1.7979999999999128,hold,100.0,4.577663903829148,0.0015888959984931006,1.080703631491655,0.08070363149165494,0.001577664958341289,4.49738488135819,0.00027089979330024446,-0.011231040151811564,2,2
1799,1.7989999999999127,hold,100.0,4.576069912175034,-0.001593991654114113,1.0806836607163939,0.08068366071639388,-0.0015737499268787922,4.495811131431312,0.0002708130690456355,0.020241727235320844,2,2
1800,1.7999999999999126,hold,100.0,4.577652454327496,0.0015825421524624517,1.0806951027645089,0.08069510276450886,0.0015713709705955127,4.497382502401908,0.00027072620219680893,-0.011171181866938967,2,2
1801,1.8009999999999124,hold,100.0,4.576064809332801,-0.0015876449946947702,1.0806751975620346,0.08067519756203456,-0.0015674690148306423,4.4958150333870766,0.0002706396482729741,0.020175979864127867,2,2
1802,1.8019999999999123,hold,100.0,4.5776410229904965,0.0015762136576951136,1.0806865798218388,0.0806865798218388,0.0015651020899257629,4.497380135477003,0.00027055295249260933,-0.011111567769350695,2,2
1803,1.8029999999999122,hold,100.0,4.576059699342731,-0.0015813236477653092,1.0806667399357603,0.08066673993576035,-0.0015612131586225503,4.49581892231838,0.0002704665683262938,0.020110489142758897,2,2
1804,1.8039999999999121,hold,100.0,4.577629609756145,0.001569910413413922,1.0806780626511172,0.08067806265111721,0.0015588582161246754,4.497377780534505,0.00027038004303773155,-0.011052197289246465,2,2
1805,1.804999999999912,hold,100.0,4.576054582243401,-0.001575027512743965,1.0806582878260902,0.08065828782609019,-0.0015549822582575144,4.495822798276247,0.0002702938280584362,0.020045254486450576,2,2
1806,1.805999999999912,hold,100.0,4.577618214562251,0.0015636323188497059,1.0806695512398186,0.08066955123981856,0.0015526392493978535,4.497375437525645,0.00027020747268789974,-0.010993069451852413,2,2
1807,1.8069999999999118,hold,100.0,4.576049458073909,-0.0015687564883419824,1.0806498412215346,0.08064984122153462,-0.0015487762141393841,4.495826661311505,0.0002701214263278972,0.0199802742025983,2,2
1808,1.8079999999999117,hold,100.0,4.577606837347233,0.001557379273323889,1.0806610455755272,0.08066104557552722,0.0015464450903465742,4.497373106401851,0.0002700352403043288,-0.01093418297731471,2,2
1809,1.8089999999999116,hold,100.0,4.576044326872513,-0.0015625104747201135,1.0806414001106628,0.08064140011066279,-0.0015425949270718626,4.49583051147478,0.0002699493619987028,0.019915547648250872,2,2
1810,1.8099999999999115,hold,100.0,4.577595478049663,0.0015511511771499897,1.0806525456458624,0.08065254564586244,0.0015402756399612784,4.497370787114741,0.00026986334475383276,-0.0108755371887113,2,2
1811,1.8109999999999113,hold,100.0,4.576039188677546,-0.0015562893721163817,1.0806329644820805,0.08063296448208046,-0.0015364382982415879,4.495834348816499,0.000269777633940358,0.019851073874793852,2,2
1812,1.8119999999999112,hold,100.0,4.577584136608023,0.001544947930477214,1.0806440514384306,0.08064405143843056,0.0015341307996181227,4.497368479616116,0.0002696917849087096,-0.010817130859091346,2,2
1813,1.8129999999999111,hold,100.0,4.576034043527304,-0.0015500930807190727,1.080624534324472,0.08062453432447203,-0.0015303062292428308,4.495838173386874,0.0002696062410278749,0.01978685147624188,2,2
1814,1.813999999999911,hold,100.0,4.577572812961904,0.0015387694345996294,1.0806355629409552,0.0806355629409552,0.0015280104711388489,4.497366183858013,0.00026952055964663793,-0.010758963460780592,2,2
1815,1.814999999999911,hold,100.0,4.576028891459809,-0.0015439215020949248,1.0806161096265074,0.08061610962650745,-0.001524198622088706,4.495841985235924,0.000269435182141685,0.019722880006218947,2,2
1816,1.8159999999999108,hold,100.0,4.577561507049924,0.0015326155901149718,1.080627080141178,0.08062708014117792,0.001521914556673555,4.497363899792598,0.0002693496678508244,-0.01070103344141685,2,2
1817,1.8169999999999107,hold,100.0,4.5760237325128195,-0.0015377745371045748,1.0806076903769397,0.08060769037693971,-0.0015181153791160432,4.495845784413482,0.00026926445616761303,0.01965915798853154,2,2
1818,1.8179999999999106,hold,100.0,4.5775502188119646,0.0015264862991450912,1.0806186030268925,0.0806186030268925,0.0015158429587903153,4.497361627372272,0.00026917910840979756,-0.010643340354775897,2,2
1819,1.8189999999999105,hold,100.0,4.576018566724181,-0.0015316520877837192,1.0805992765645627,0.08059927656456267,-0.001512056403113433,4.495849570969159,0.00026909406199688543,0.01959568467028625,2,2
1820,1.8199999999999104,hold,100.0,4.577538948187699,0.0015203814635178503,1.0806101315859293,0.08061013158592933,0.0015097955804558054,4.497359366549615,0.00026900888021740097,-0.01058588306204495,2,2
1821,1.8209999999999102,hold,100.0,4.576013394131466,-0.0015255540562328918,1.0805908681781922,0.08059086817819217,-0.0015060215972318976,4.495853344952383,0.0002689239985260318,0.01953245900099417,2,2
1822,1.8219999999999101,hold,100.0,4.577527695117049,0.0015143009855833611,1.0806016658061717,0.08060166580617167,0.0015037723250141877,4.497357117277398,0.0002688389821728718,-0.010528660569173462,2,2
1823,1.82299999999991,hold,100.0,4.576008214772019,-0.0015194803450304661,1.0805824652066935,0.08058246520669354,-0.0015000108650108427,4.4958571064123865,0.00026875426465689206,0.01946948001962348,2,2
1824,1.82399999999991,hold,100.0,4.577516459540149,0.0015082447681304956,1.0805932056755376,0.08059320567553763,0.001497773096184856,4.497354879508571,0.0002686694131806837,-0.010471671945639499,2,2
1825,1.8249999999999098,hold,100.0,4.576003028683123,-0.0015134308570265986,1.0805740676389866,0.08057406763898656,-0.001494024110388259,4.495860855398183,0.00026858485929654553,0.01940674663833972,2,2
1826,1.8259999999999097,hold,100.0,4.577505241397741,0.0015022127146187003,1.0805847511820297,0.08058475118202968,0.001491797798102893,4.497352653196286,0.0002685001721505904,-0.010414916515807298,2,2
1827,1.8269999999999096,hold,100.0,4.57599783590195,-0.00150740549579087,1.0805656754640174,0.08056567546401738,-0.0014880612376593763,4.495864591958626,0.0002684157813573718,0.019344258131493743,2,2
1828,1.8279999999999095,hold,100.0,4.5774940406300795,0.001496204728129058,1.0805763023136332,0.08057630231363322,0.001485846335247973,4.497350438293874,0.0002683312579975198,-0.010358392881085112,2,2
1829,1.8289999999999094,hold,100.0,4.575992636465414,-0.0015014041646654874,1.0805572886707675,0.0805572886707675,-0.0014821221515316655,4.495868316142342,0.00026824702975686613,0.01928201313382196,2,2
1830,1.8299999999999093,hold,100.0,4.577482857178462,0.0014902207130482736,1.0805678590584207,0.08056785905842068,0.0014799186125235956,4.497348234754866,0.00026816266964159625,-0.010302100524678002,2,2
1831,1.8309999999999091,hold,100.0,4.575987430410389,-0.0014954267680735711,1.0805489072483045,0.08054890724830455,-0.0014762067570898779,4.495872027997776,0.00026807860341771796,0.01922001098369325,2,2
1832,1.831999999999909,hold,100.0,4.577471690983902,0.001484260573513474,1.0805594214045147,0.08055942140451466,0.0014740145351803467,4.497346042532956,0.0002679944060081123,-0.01024603833312725,2,2
1833,1.832999999999909,hold,100.0,4.575982217773455,-0.001489473210447123,1.0805405311856637,0.08054053118566373,-0.0014703149597661378,4.49587572757319,0.00026791050126778027,0.019158250680985322,2,2
1834,1.8339999999999088,hold,100.0,4.577460541987655,0.001478324214200022,1.0805509893400573,0.08055098934005733,0.0014681340088554707,4.497343861582046,0.000267826466027446,-0.01019020534455124,2,2
1835,1.8349999999999087,hold,100.0,4.575976998591202,-0.0014835433964526246,1.0805321604719773,0.08053216047197731,-0.001464446665418737,4.495879414916627,0.00026774272223997726,0.019096731033887634,2,2
1836,1.8359999999999086,hold,100.0,4.577449410131591,0.00147241154038813,1.0805425628532461,0.08054256285324612,0.0014622769395888577,4.4973416918562155,0.0002676588486350994,-0.010134600799272279,2,2
1837,1.8369999999999085,hold,100.0,4.5759717728998215,-0.00147763723176908,1.0805237950964042,0.08052379509640417,-0.001458601780248976,4.495883090075966,0.0002675752652722876,0.019035451520104003,2,2
1838,1.8379999999999084,hold,100.0,4.577438295357265,0.0014665224574432756,1.0805341419323167,0.08053414193231667,0.0014564432337441785,4.49733953330971,0.00026749155277154725,-0.010079223699097084,2,2
1839,1.8389999999999083,hold,100.0,4.575966540735695,-0.0014717546215701205,1.08051543504814,0.08051543504814007,-0.001452780210816051,4.495886753098894,0.00026740812930775554,0.01897441075406959,2,2
1840,1.8399999999999082,hold,100.0,4.577427197606939,0.0014606568712443035,1.0805257265655512,0.08052572656555124,0.001450632798081987,4.497337385896976,0.0002673245773823867,-0.010024073162316453,2,2
1841,1.840999999999908,hold,100.0,4.575961302134829,-0.0014658954721102901,1.0805070803164056,0.08050708031640563,-0.0014469818640960657,4.495890404032879,0.00026724131329441356,0.01891360801422443,2,2
1842,1.841999999999908,hold,100.0,4.5774161168229215,0.0014548146880928314,1.080517316741307,0.08051731674130691,0.0014448455397707359,4.49733524957265,0.0002671579214181281,-0.009969148322095571,2,2
1843,1.8429999999999078,hold,100.0,4.575956057133229,-0.0014600596896920948,1.0804987308904828,0.08049873089048276,-0.001441206647425649,4.495894042925224,0.00026707481618525714,0.018853042266445866,2,2
1844,1.8439999999999077,hold,100.0,4.57740505294764,0.001448995814410381,1.0805089124479088,0.08050891244790881,0.0014390813663162593,4.49733312429154,0.00026699158383427466,-0.009914448094121677,2,2
1845,1.8449999999999076,hold,100.0,4.575950805766518,-0.0014542471811216373,1.0804903867596825,0.08049038675968245,-0.001435454468508735,4.495897669823031,0.0002669086369382445,0.018792712612902395,2,2
1846,1.8459999999999075,hold,100.0,4.577394005923781,0.0014432001572632913,1.0805005136737995,0.08050051367379951,0.0014333401855954274,4.497331010008627,0.00026682556359124653,-0.009859971667863874,2,2
1847,1.8469999999999074,hold,100.0,4.575945548070479,-0.0014484578533027204,1.0804820479133674,0.08048204791336744,-0.0014297252353897628,4.495901284773237,0.0002667427745162249,0.0187326179129576,2,2
1848,1.8479999999999073,hold,100.0,4.577382975694578,0.0014374276240989303,1.0804921204074174,0.08049212040741738,0.0014276219058360668,4.497328906679073,0.0002666598596543153,-0.009805718262863566,2,2
1849,1.8489999999999072,hold,100.0,4.575940284080453,-0.0014426916141250246,1.0804737143409202,0.08047371434092021,-0.0014240188565067965,4.495904887822566,0.0002665772278869492,0.018672757618228095,2,2
1850,1.849999999999907,hold,100.0,4.5773719622030065,0.0014316781225538477,1.08048373263728,0.08048373263728004,0.001421926435672601,4.497326814258239,0.0002664944709936995,-0.00975168688124666,2,2
1851,1.850999999999907,hold,100.0,4.575935013831866,-0.0014369483711407227,1.0804653860317592,0.08046538603175923,-0.0014183352406790676,4.49590847901756,0.00026641199602296585,0.018613130461655157,2,2
1852,1.8519999999999068,hold,100.0,4.577360965392532,0.00142595156066605,1.0804753503519176,0.08047535035191755,0.0014162536840955497,4.497324732701656,0.0002663293965843907,-0.009697876570500348,2,2
1853,1.8529999999999067,hold,100.0,4.575929737359836,-0.0014312280326960192,1.0804570629753845,0.08045706297538446,-0.0014126742970745195,4.495912058404581,0.00026624707790172094,0.018553735621499624,2,2
1854,1.8539999999999066,hold,100.0,4.577349985206961,0.0014202478471254665,1.080466973539908,0.08046697353990795,0.0014106035604347057,4.497322661965016,0.00026616463540618746,-0.009644286690760817,2,2
1855,1.8549999999999065,hold,100.0,4.57592445469937,-0.0014255305075909774,1.080448745161286,0.08044874516128608,-0.001407035935202728,4.495915626029813,0.0002660824725053682,0.018494572388249402,2,2
1856,1.8559999999999064,hold,100.0,4.577339021589822,0.0014145668904514963,1.0804586021898863,0.08045860218988632,0.0014049759743933537,4.497320602004207,0.00026600018644368467,-0.009590916058142612,2,2
1857,1.8569999999999063,hold,100.0,4.575919165885554,-0.0014198557042677251,1.080440432578991,0.08044043257899092,-0.0014014200649686988,4.495919181939238,0.0002659181788208751,0.018435639299026283,2,2
1858,1.8579999999999062,hold,100.0,4.577328074485601,0.0014089086000472761,1.080450236290507,0.08045023629050707,0.0013993708360562982,4.497318552775294,0.00026583604868621183,-0.009537763990977903,2,2
1859,1.858999999999906,hold,100.0,4.575913870952871,-0.0014142035327306957,1.0804321252180995,0.0804321252180995,-0.001395826596629218,4.495922726178665,0.0002657541958399272,0.018376936101477653,2,2
1860,1.859999999999906,hold,100.0,4.577317143838358,0.001403272885487361,1.0804418758305,0.08044187583050011,0.0013937880558436712,4.497316514234509,0.00026567222112779994,-0.009484829643689827,2,2
1861,1.8609999999999058,hold,100.0,4.575908569936279,-0.0014085739020792687,1.080423823068252,0.08042382306825191,-0.0013902554407882873,4.4959262587937205,0.0002655905225588691,0.018318461290981348,2,2
1862,1.8619999999999057,hold,100.0,4.577306229592735,0.0013976596564564403,1.0804335207985791,0.08043352079857913,0.001388227544545708,4.497314486338266,0.00026550870276716523,-0.00943211191073239,2,2
1863,1.8629999999999056,hold,100.0,4.575903262869851,-0.0014029667228845355,1.0804155261190695,0.08041552611906955,-0.001384706508420207,4.495929779829845,0.0002654271579787669,0.018260214464328434,2,2
1864,1.8639999999999055,hold,100.0,4.577295331693353,0.0013920688235025125,1.0804251711835522,0.08042517118355219,0.0013826892132922752,4.497312469043138,0.00026534549260770804,-0.009379610210237272,2,2
1865,1.8649999999999054,hold,100.0,4.575897949788205,-0.001397381905148265,1.0804072343602547,0.08040723436025465,-0.0013791797108239038,4.495933289332314,0.0002652641011053183,0.01820219432436122,2,2
1866,1.8659999999999053,hold,100.0,4.577284450085268,0.0013865002970634421,1.0804168269742565,0.08041682697425645,0.001377172973579462,4.497310462305893,0.0002651825896574281,-0.009327323483980217,2,2
1867,1.8669999999999052,hold,100.0,4.57589263072544,-0.001391819359827906,1.0803989477815592,0.0803989477815592,-0.0013736749596956533,4.4959367873461975,0.000265101350948806,0.018144400132252738,2,2
1868,1.867999999999905,hold,100.0,4.577273584713614,0.0013809539881739497,1.0804084881595428,0.08040848815954282,0.0013716787372712916,4.497308466083469,0.00026501999292894205,-0.00927525090265802,2,2
1869,1.868999999999905,hold,100.0,4.575887305715634,-0.0013862789979803836,1.080390666372737,0.08039066637273695,-0.0013681921670692708,4.4959402739164,0.00026493890652413965,0.018086830911112756,2,2
1870,1.8699999999999048,hold,100.0,4.577262735523783,0.0013754298081494198,1.0804001547283417,0.08040015472834172,0.0013662064165626865,4.497306480332963,0.00026485770143940625,-0.009223391586733352,2,2
1871,1.8709999999999047,hold,100.0,4.57588197479256,-0.001380760731223063,1.0803823901235972,0.08038239012359716,-0.001362731245322941,4.4959437490876395,0.00026477676685072814,0.018029485900121923,2,2
1872,1.8719999999999046,hold,100.0,4.577251902461508,0.0013699276689473905,1.0803918266695847,0.08039182666958467,0.0013607559240123835,4.497304505011652,0.00026469571421056825,-0.009171744935007001,2,2
1873,1.8729999999999045,hold,100.0,4.575876637990154,-0.00137526447135361,1.0803741190239742,0.08037411902397418,-0.0013572921071800914,4.495947212904472,0.0002646149309525549,0.017972364173518593,2,2
1874,1.8739999999999044,hold,100.0,4.577241085472314,0.0013644474821594699,1.080383503972284,0.080383503972284,0.0013553271725143333,4.497302540076986,0.0002645340302686121,-0.00912030964513662,2,2
1875,1.8749999999999043,hold,100.0,4.575871295341951,-0.001369790130362425,1.0803658530637663,0.08036585306376631,-0.0013518746657390662,4.495950665411247,0.0002644533978580892,0.017915464623358742,2,2
1876,1.8759999999999042,hold,100.0,4.577230284502565,0.0013589891606136106,1.0803751866254492,0.08037518662544918,0.0013499200753437895,4.497300585486591,0.0002643726486443043,-0.009069085269821156,2,2
1877,1.876999999999904,hold,100.0,4.57586594632621,-0.0013643381763550622,1.0803575922120403,0.08035759221204031,-0.0013464793600064494,4.495954106126584,0.0002642921667527728,0.017858816348612777,1,2
1878,1.877999999999904,hold,100.0,4.577219500004254,0.0013535536780446833,1.0803668746081174,0.08036687460811742,0.0013445355964794862,4.497298641723064,0.0002642115685299718,-0.009018081565197048,2,2
1879,1.8789999999999039,hold,100.0,4.575860591532103,-0.0013589084721514766,1.0803493364683443,0.0803493364683443,-0.0013411060911957292,4.495957535631868,0.00026413123651137295,0.01780238095574734,1,2
1880,1.8799999999999037,hold,100.0,4.577208731400977,0.0013481398688739432,1.0803585679127616,0.08035856791276164,0.0013391725774226655,4.497296708209291,0.0002640507887829164,-0.008967291451277741,2,2
1881,1.8809999999999036,hold,100.0,4.575855230999135,-0.0013535004018416785,1.080341085829502,0.08034108582950195,-0.0013357542388840575,4.495960953970407,0.0002639706061666181,0.017746162957621044,1,2
1882,1.8819999999999035,hold,100.0,4.577197978642292,0.00134274764315645,1.0803502665315663,0.0803502665315663,0.0013338309327632356,4.49729478490317,0.00026389030845578557,-0.008916710393214395,2,2
1883,1.8829999999999034,hold,100.0,4.575849864761939,-0.0013481138803523862,1.0803328402871994,0.08033284028719945,-0.001330423717547729,4.495964361185623,0.00026381027476892426,0.017690162804657236,1,2
1884,1.8839999999999033,hold,100.0,4.577187241676132,0.0013373769141926672,1.080341970454736,0.0803419704547359,0.0013285105773553903,4.497292871762978,0.0002637301265995475,-0.00886633683727699,2,2
1885,1.8849999999999032,hold,100.0,4.5758444928539985,-0.001342748822133366,1.0803245998322544,0.08032459983225437,-0.0013251144420941988,4.495967757320884,0.0002636502413706532,0.01763438003916733,1,2
1886,1.885999999999903,hold,100.0,4.577176520450168,0.0013320275961694605,1.080333679672158,0.0803336796721581,0.0013232114262977943,4.497290968747182,0.00026357024226827925,-0.008816169871666245,2,2
1887,1.886999999999903,hold,100.0,4.575839115308445,-0.0013374051417232025,1.080316364455233,0.08031636445523294,-0.0013198263277951433,4.4959711424193864,0.0002634905050277428,0.017578813928059146,1,2
1888,1.8879999999999029,hold,100.0,4.5771658149119725,0.0013266996035277145,1.0803253941733981,0.08032539417339812,0.001317933395057633,4.497289075814444,0.0002634106545199038,-0.008766208470081588,2,2
1889,1.8889999999999028,hold,100.0,4.575833732158073,-0.0013320827538993996,1.0803081341465448,0.08030813414654481,-0.0013145592902616323,4.495974516524182,0.0002633310648001372,0.01752346363776726,1,2
1890,1.8899999999999026,hold,100.0,4.577155125009475,0.0013213928514019813,1.080317113948049,0.08031711394804897,0.0013126763994353915,4.497287192923618,0.00026325136241641485,-0.00871645196658978,2,2
1891,1.8909999999999025,hold,100.0,4.575828343435785,-0.001326781573689928,1.0802999088965795,0.08029990889657945,-0.001309313245463937,4.495977879678153,0.0002631719197519,0.017468328225990957,1,2
1892,1.8919999999999024,hold,100.0,4.577144450690528,0.0013161072547429598,1.080308838985613,0.08030883898561303,0.0013074403555441468,4.497285320033697,0.00026309236502397045,-0.008666899198812904,2,2
1893,1.8929999999999023,hold,100.0,4.575822949173741,-0.0013215015167871158,1.0802916886956586,0.08029168869565861,-0.0013040881096757807,4.495981231924021,0.00026301306895121316,0.017413407111335072,1,2
1894,1.8939999999999022,hold,100.0,4.577133789543773,0.0013108403700323734,1.0803005692510903,0.0803005692510903,0.0013022228435269193,4.4972834547675475,0.00026293366146836736,-0.008617526505454078,1,2
1895,1.894999999999902,hold,100.0,4.575817551748888,-0.001316237794885211,1.0802834735437943,0.08028347354379428,-0.0012988791298835882,4.495984575637664,0.00026285451190577046,0.017358665001622864,1,2
1896,1.895999999999902,hold,100.0,4.577123143884944,0.0013055921360560774,1.0802923047517619,0.08029230475176186,0.0012970237978279396,4.4972815994354916,0.0002627752511426758,-0.008568338228137802,1,2
1897,1.8969999999999019,hold,100.0,4.575812148831811,-0.001310995053133368,1.080275263418515,0.0802752634185151,-0.0012936909212048111,4.495987908514286,0.0002626962472470261,0.01730413192855694,1,2
1898,1.8979999999999018,hold,100.0,4.5771125136672115,0.0013003648354006359,1.080284045482384,0.0802840454823841,0.001291845482381018,4.497279753996668,0.00026261713274615,-0.008519353019617896,1,2
1899,1.8989999999999017,hold,100.0,4.575806740456591,-0.001305773210620309,1.0802670583124625,0.0802670583124625,-0.001288523400754763,4.495991230595913,0.00026253827406214194,0.01724980986554615,1,2
1900,1.8999999999999015,hold,100.0,4.577101898840373,0.0012951583837814695,1.0802757914337973,0.08027579143379726,0.0012866878146979065,4.497277918410611,0.0002624593053645418,-0.008470569083563048,1,2
1901,1.9009999999999014,hold,100.0,4.575801326655784,-0.0013005721845882334,1.0802588582167487,0.08025885821674872,-0.0012833764860620332,4.495994541924549,0.0002623805914375649,0.01719569852620022,1,2
1902,1.9019999999999013,hold,100.0,4.577091299353634,0.001289972697849251,1.08026754259603,0.08026754259602997,0.0012815507125267728,4.497276092637076,0.0002623017680857351,-0.008421985322478115,1,2
1903,1.9029999999999012,hold,100.0,4.575795907461463,-0.0012953918921709828,1.0802506631221112,0.08025066312211115,-0.0012782500949816162,4.495997842542095,0.0002622231984629207,0.017141797189366634,1,2
1904,1.903999999999901,hold,100.0,4.5770807151561606,0.0012848076946978537,1.080259298958921,0.08025929895892103,0.0012764340939024912,4.497274276635998,0.0002621445200011652,-0.008373600795362566,1,2
1905,1.904999999999901,hold,100.0,4.5757904829053295,-0.0012902322508310249,1.0802424730191902,0.08024247301919019,-0.0012731441457096285,4.496001132490288,0.0002620660942314893,0.01708810512139635,1,2
1906,1.9059999999999009,hold,100.0,4.577070146197364,0.0012796632920348827,1.0802510605122302,0.08025106051223019,0.0012713378771891264,4.497272470367477,0.0002619875602060955,-0.00832541484575627,1,2
1907,1.9069999999999008,hold,100.0,4.575785053019043,-0.0012850931783212616,1.0802342878985076,0.08023428789850762,-0.0012680585567518892,4.496004411810725,0.00026190927784053715,0.017034621569372334,1,2
1908,1.9079999999999007,hold,100.0,4.577059592426433,0.001274539407389419,1.0802428272457054,0.08024282724570542,0.0012662619810543366,4.497270673791779,0.00026183088779974936,-0.008277426335082366,1,2
1909,1.9089999999999006,hold,100.0,4.575779617833885,-0.0012799745925473616,1.0802261077506252,0.08022610775062522,-0.0012629932469610482,4.496007680544818,0.0002617527483912678,0.016981345586313368,1,2
1910,1.9099999999999004,hold,100.0,4.577049053793057,0.0012694359591716164,1.0802345991490863,0.08023459914908626,0.001261206324516714,4.497268886869335,0.00026167450188535894,-0.008229634654902422,1,2
1911,1.9109999999999003,hold,100.0,4.5757741773811365,-0.001274876411920367,1.0802179325660985,0.08021793256609855,-0.0012579481354857967,4.49601093873385,0.00026159650498887885,0.01692827643457037,1,2
1912,1.9119999999999002,hold,100.0,4.577038530247144,0.0012643528660074566,1.0802263762121305,0.08022637621213047,0.0012561708268645682,4.497267109560714,0.00026151840157012115,-0.00818203914288839,1,2
1913,1.9129999999999001,hold,100.0,4.575768731691853,-0.0012697985552909685,1.0802097623354947,0.0802097623354947,-0.0012529231418011925,4.496014186418913,0.00026144054674255107,0.016875413489776017,1,2
1914,1.9139999999999,hold,100.0,4.577028021738445,0.0012592900465921986,1.0802181584246329,0.08021815842463287,0.0012511554077774374,4.49726534182669,0.00026136258596519575,-0.008134638814761208,1,2
1915,1.9149999999999,hold,100.0,4.575763280797016,-0.0012647409414290323,1.080201597049429,0.08020159704942897,-0.001247918185756392,4.496017423640934,0.0002612848727654319,0.016822755672640233,1,2
1916,1.9159999999998998,hold,100.0,4.577017528217048,0.0012542474200323284,1.0802099457763759,0.08020994577637586,0.0012461599872277246,4.497263583628162,0.00026120705418570026,-0.008087432804603726,1,2
1917,1.9169999999998997,hold,100.0,4.575757824727569,-0.0012597034894792358,1.0801934366984847,0.08019343669848467,-0.001242933187462034,4.4960206504407,0.00026112948217457617,0.016770302017201765,1,2
1918,1.9179999999998996,hold,100.0,4.577007049633493,0.0012492249059237182,1.0802017382572375,0.08020173825723753,0.0012411844854902062,4.49726183492619,0.0002610518053507143,-0.008040420433511964,1,2
1919,1.9189999999998995,hold,100.0,4.575752363513841,-0.0012546861196520709,1.0801852812733506,0.08018528127335056,-0.0012379680673747534,4.496023866858816,0.0002609743740910415,0.01671805227731744,1,2
1920,1.9199999999998993,hold,100.0,4.57699658593813,0.001244222424289454,1.0801935358570607,0.08019353585706068,0.0012362288231850145,4.497260095682001,0.00026089683858322125,-0.00799360110443942,1,2
1921,1.9209999999998992,hold,100.0,4.575746897186733,-0.0012496887513968602,1.080177130764689,0.08017713076468902,-0.0012330227462723365,4.496027072935728,0.0002608195476397359,0.016666005124523667,1,2
1922,1.9219999999998991,hold,100.0,4.57698613708182,0.0012392398950868966,1.0801853385657452,0.08018533856574517,0.0012312929212389596,4.497258365856967,0.0002607421530100984,-0.007946973847936965,1,2
1923,1.922999999999899,hold,100.0,4.575741425776471,-0.001244711305349533,1.0801689851631806,0.0801689851631806,-0.0012280971452287574,4.496030268711738,0.00026066500194948976,0.016614160120775445,1,2
1924,1.923999999999899,hold,100.0,4.5769757030153,0.0012342772388294065,1.0801771463732386,0.08017714637323858,0.0012263767008834038,4.497256645412622,0.0002605877477621017,-0.007900537946002768,1,2
1925,1.9249999999998988,hold,100.0,4.57573594931345,-0.0012397537018502547,1.0801608444595703,0.08016084445957028,-0.001223191185662192,4.49603345422696,0.0002605107361529598,0.016562516188062693,1,2
1926,1.9259999999998987,hold,100.0,4.576965283689758,0.0012293343763083442,1.0801689592694834,0.08016895926948342,0.0012214800836965998,4.497254934310656,0.0002604336219738504,-0.00785429261174436,1,2
1927,1.9269999999998986,hold,100.0,4.575730467827759,-0.001234815861999472,1.080152708644628,0.08015270864462809,-0.0012183047892834584,4.496036629521373,0.00026035674938667283,0.016511072716013635,1,2
1928,1.9279999999998985,hold,100.0,4.576954879056358,0.001224411228599287,1.0801607772444997,0.08016077724449966,0.0012166029915394521,4.497253232512913,0.00026027977478377233,-0.00780823705983486,1,2
1929,1.9289999999998984,hold,100.0,4.5757249813494845,-0.0012298977068736505,1.0801445777091374,0.08014457770913741,-0.0012134378781449744,4.496039794634767,0.0002602030407909799,0.016459828728676094,1,2
1930,1.9299999999998982,hold,100.0,4.5769444890667,0.0012195077172156843,1.080152600288298,0.08015260028829796,0.001211745346612952,4.497251539981381,0.00026012620533414515,-0.00776237060273223,1,2
1931,1.9309999999998981,hold,100.0,4.575719489908477,-0.0012249991582233832,1.0801364516439171,0.08013645164391714,-0.0012085903745648254,4.496042949606816,0.0002600496095100124,0.01640878365855784,1,2
1932,1.931999999999898,hold,100.0,4.5769341136722606,0.0012146237637837842,1.080144428390947,0.08014442839094693,0.0012069070713925027,4.497249856678209,0.00025997291277098615,-0.007716692391281522,1,2
1933,1.932999999999898,hold,100.0,4.575713993534431,-0.0012201201378294613,1.0801283304397913,0.08012833043979128,-0.0012037622012037695,4.4960460944770055,0.0002598964546917122,0.016357936625691766,1,2
1934,1.9339999999998978,hold,100.0,4.576923752824932,0.0012097592905009336,1.0801362615425454,0.08013626154254538,0.0012020880886811042,4.497248182565687,0.0002598198962441277,-0.007671201819829405,1,2
1935,1.9349999999998977,hold,100.0,4.5757084922572915,-0.0012152605676405415,1.080120214087696,0.08012021408769598,-0.0011989532809928024,4.4960492292846945,0.00025974357548774545,0.016307286647739092,1,2
1936,1.9359999999998976,hold,100.0,4.576913406476808,0.0012049142195165174,1.080128099733227,0.08012809973322699,0.0011972883215594912,4.497246517606254,0.0002596671549070869,-0.007625897957026263,1,2
1937,1.9369999999998975,hold,100.0,4.575702986106324,-0.0012104203704836891,1.0801121025784954,0.08011210257849544,-0.0011941635372295534,4.4960523540690245,0.0002595909710535081,0.016256833254135693,1,2
1938,1.9379999999998974,hold,100.0,4.5769030745800166,0.0012000884736922401,1.0801199429531414,0.0801199429531414,0.001192507693516102,4.497244861762541,0.00025951468791719415,-0.00758078017613819,1,2
1939,1.9389999999998973,hold,100.0,4.575697475110986,-0.0012055994690305383,1.0801039959031538,0.08010399590315376,-0.001189392893494103,4.496055468869047,0.00025943864054814834,0.016206575536435296,1,2
1940,1.9399999999998971,hold,100.0,4.576892757086993,0.0011952819760070454,1.0801117911924933,0.08011179119249334,0.0011877461282287793,4.497243214997275,0.0002593624944353987,-0.007535847778266129,1,2
1941,1.940999999999897,hold,100.0,4.575691959300608,-0.001200797786385266,1.0800958940526202,0.08009589405262019,-0.0011846412736511995,4.496058573723624,0.0002592865831344616,0.016156512734066385,1,2
1942,1.941999999999897,hold,100.0,4.576882453950218,0.0011904946496104074,1.080103644441502,0.08010364444150198,0.0011830035497344214,4.497241577273358,0.0002592105736263851,-0.007491099875986049,1,2
1943,1.9429999999998968,hold,100.0,4.5756864387043725,-0.0011960152458456719,1.0800877970179077,0.08008779701790769,-0.0011799086018988698,4.496061668671459,0.0002591347979789621,0.01610664394680202,1,2
1944,1.9439999999998967,hold,100.0,4.576872165122543,0.0011857264181704963,1.0800955026904235,0.08009550269042354,0.00117827988239027,4.497239948553849,0.00025905892465844725,-0.00744653578022632,1,2
1945,1.9449999999998966,hold,100.0,4.575680913351267,-0.0011912517712762138,1.0800797047900548,0.08007970479005477,-0.001175194802725322,4.496064753751124,0.0002589832842517621,0.016056968550891802,1,2
1946,1.9459999999998965,hold,100.0,4.576861890556922,0.0011809772056547985,1.080087365929546,0.08008736592954602,0.001173575050815673,4.49723832880194,0.0002589075467035582,-0.007402154839125565,1,2
1947,1.9469999999998964,hold,100.0,4.575675383270136,-0.0011865072867855986,1.0800716173600744,0.0800716173600744,-0.0011704998009288406,4.496067829001011,0.0002588320411266547,0.016007485856757993,1,2
1948,1.9479999999998963,hold,100.0,4.576851630206333,0.0011762469361968897,1.0800792341492185,0.08007923414921847,0.0011688889799602422,4.497236717980972,0.0002587564389373219,-0.007357956236647527,1,2
1949,1.9489999999998961,hold,100.0,4.575669848489892,-0.0011817817164407884,1.0800635347191059,0.08006353471910588,-0.0011658235215776763,4.496070894459394,0.00025868106778096636,0.015958194863112136,1,2
1950,1.949999999999896,hold,100.0,4.576841384024069,0.0011715355341772593,1.080071107339775,0.08007110733977507,0.0011642215950449872,4.497235116054439,0.00025860560053887234,-0.00731393913227206,1,2
1951,1.950999999999896,hold,100.0,4.575664309039109,-0.0011770749849606688,1.0800554568582426,0.08005545685824256,-0.001161165890093286,4.496073950164345,0.00025853036339569676,0.01590909486738276,1,2
1952,1.9519999999998958,hold,100.0,4.576831151963746,0.0011668429246372014,1.080062985491627,0.08006298549162705,0.0011595728216336827,4.4972335229859794,0.0002584550306910027,-0.007270103003518668,1,2
1953,1.9529999999998957,hold,100.0,4.575658764946436,-0.0011723870173101503,1.0800473837686253,0.0800473837686253,-0.001156526832128891,4.4960769961538505,0.000258379927155357,0.01586018518125935,1,2
1954,1.9539999999998956,hold,100.0,4.576820933979027,0.0011621690325913647,1.0800548685951838,0.08005486859518385,0.0011549425855145114,4.497231938739365,0.0002583047285799897,-0.007226447076853337,1,2
1955,1.9549999999998955,hold,100.0,4.575653216240303,-0.00116771773872415,1.0800393154414567,0.0800393154414567,-0.001151906273684489,4.49608003246568,0.00025822975824803864,0.015811465039660983,1,2
1956,1.9559999999998954,hold,100.0,4.576810730023689,0.0011575137833856886,1.0800467566408898,0.08004675664088978,0.0011503308128587967,4.497230363278539,0.0002581546933957067,-0.007182970526891817,1,2
1957,1.9569999999998953,hold,100.0,4.575647662948836,-0.0011630670748523642,1.0800312518679234,0.08003125186792337,-0.001147304141052997,4.496083059137486,0.00025807985586529154,0.015762933799367152,1,2
1958,1.9579999999998952,hold,100.0,4.5768005400517495,0.00115287710291323,1.0800386496192582,0.08003864961925822,0.001145737430093913,4.49722879656758,0.0002580049243314863,-0.007139672819317161,1,2
1959,1.958999999999895,hold,100.0,4.575642105100334,-0.0011584349514155434,1.080023193039258,0.08002319303925809,-0.0011427203608193183,4.49608607620676,0.0002579302192022609,0.015714590596225143,1,2
1960,1.959999999999895,hold,100.0,4.5767903640174,0.0011482589170661583,1.0800305475207654,0.08003054752076544,0.0011411623639376214,4.497227238570698,0.00025785542058420123,-0.007096553128536952,1,2
1961,1.9609999999998948,hold,100.0,4.575636542722931,-0.0011538212944692816,1.0800151389467074,0.08001513894670742,-0.0011381548598424153,4.496089083710856,0.00025778084745749284,0.0156664346268663,1,2
1962,1.9619999999998947,hold,100.0,4.5767802018750725,0.0011436591521416517,1.080022450336005,0.08002245033600497,0.0011366055413970625,4.497225689252253,0.0002577061813541528,-0.007053610744589154,1,2
1963,1.9629999999998946,hold,100.0,4.575630975844538,-0.001149226030534578,1.0800070895816056,0.08000708958160563,-0.0011336075652727926,4.49609208168698,0.0002576317398330831,0.01561846526178549,1,2
1964,1.9639999999998945,hold,100.0,4.576770053579262,0.0011390777347237702,1.0800143580555295,0.08001435805552948,0.0011320668897789419,4.497224148576759,0.00025755720584515527,-0.007010844944828299,1,2
1965,1.9649999999998944,hold,100.0,4.575625404493026,-0.0011446490862354608,1.0799990449352381,0.07999904493523813,-0.001129078404586329,4.4960950701721725,0.0002574828955345059,0.015570681649131795,1,2
1966,1.9659999999998943,hold,100.0,4.576759919084677,0.0011345145916505928,1.0800062706699576,0.08000627066995758,0.0011275463366821898,4.4972226165088545,0.00025740849326441254,-0.006968254968402936,1,2
1967,1.9669999999998942,hold,100.0,4.575619828695924,-0.0011400903887528457,1.0799910049989487,0.07999100499894873,-0.001124567305525845,4.4960980492033285,0.00025733431377067867,0.015523083227000738,1,2
1968,1.967999999999894,hold,100.0,4.5767497983462295,0.00112996965030554,1.0799981881699408,0.07999818816994075,0.0011230438100129348,4.497221093013342,0.00025726004282257577,-0.006925840292605319,1,2
1969,1.968999999999894,hold,100.0,4.575614248481042,-0.0011355498651877127,1.079982969764137,0.07998296976413699,-0.0011200741961114077,4.49610101881723,0.00025718599375394274,0.015475669076305031,1,2
1970,1.9699999999998938,hold,100.0,4.576739691319078,0.0011254428380365056,1.0799901105461431,0.07999011054614313,0.0011185592379061692,4.4972195780551365,0.0002571118537336509,-0.00688360013033633,1,2
1971,1.9709999999998937,hold,100.0,4.575608663875715,-0.0011310274433631307,1.079974939222201,0.07997493922220089,-0.001115599004675638,4.496103979050461,0.00025703793470000424,0.015428438687492638,1,2
1972,1.9719999999998936,hold,100.0,4.576729597958232,0.001120934082516456,1.0799820377892722,0.07998203778927215,0.0011140925488580607,4.497218071599319,0.00025696392521507776,-0.006841533658395304,1,2
1973,1.9729999999998935,hold,100.0,4.575603074907499,-0.0011265230507326862,1.079966913364561,0.07996691336456108,-0.001111141659828832,4.49610692993949,0.0002568901358279507,0.015381390903854283,1,2
1974,1.9739999999998934,hold,100.0,4.576719518219435,0.001116443311936166,1.0799739698900763,0.07997396989007632,0.0011096436716121697,4.4972165736111025,0.0002568162564875919,-0.006799640323996341,1,2
1975,1.9749999999998933,hold,100.0,4.575597481603448,-0.0011220366159871986,1.0799588921826877,0.0799588921826877,-0.0011067020904501296,4.496109871520653,0.00025674259636022207,0.015334525537069035,1,2
1976,1.9759999999998932,hold,100.0,4.57670945205804,0.0011119704545921039,1.0799659068392913,0.07996590683929128,0.0011052125351744394,4.497215084055827,0.00025666884677532834,-0.0067579194176644285,1,2
1977,1.976999999999893,hold,100.0,4.575591883990846,-0.0011175680671939858,1.079950875668063,0.07995087566806292,-0.0011022802257131133,4.496112803830114,0.0002565953155225475,0.015287841480872508,1,2
1978,1.977999999999893,hold,100.0,4.576699399429872,0.0011075154390258746,1.0799578486277364,0.07995784862773636,0.0011007990688770384,4.497213602898991,0.00025652169530569844,-0.006716370148836205,1,2
1979,1.9789999999998928,hold,100.0,4.575586282096549,-0.001113117333322755,1.0799428638122082,0.07994286381220816,-0.0010978759950895916,4.496115726903901,0.0002564482925440446,0.015241338233163522,1,2
1980,1.9799999999998927,hold,100.0,4.576689360291007,0.0011030781944576518,1.0799497952462476,0.07994979524624757,0.001096403202319315,4.49721213010622,0.0002563748013094443,-0.00667499213833668,1,2
1981,1.9809999999998926,hold,100.0,4.575580675947666,-0.001108684343340549,1.079934856606651,0.0799348566066509,-0.0010934893283099658,4.49611864077791,0.0002563015266570676,0.015195015030583297,1,2
1982,1.9819999999998925,hold,100.0,4.576679334597163,0.0010986586494965422,1.0799417466856676,0.07994174668566756,0.001092024865371815,4.497210665643282,0.00025622816402055934,-0.006633784124727201,1,2
1983,1.9829999999998924,hold,100.0,4.575575065570923,-0.0011042690262401678,1.0799268540429934,0.07992685404299338,-0.00108912015539786,4.496121545487884,0.000256155017097211,0.015148870842307755,1,2
1984,1.9839999999998923,hold,100.0,4.576669322305005,0.001094256734082144,1.0799337029368894,0.0799337029368894,0.0010876639881956228,4.49720920947608,0.0002560817826763146,-0.00659274588652131,1,2
1985,1.9849999999998922,hold,100.0,4.575569450992891,-0.0010998713121139758,1.079918856112803,0.07991885611280303,-0.0010847684066586064,4.496124441069421,0.0002560087631034294,0.015102905455369447,1,2
1986,1.985999999999892,hold,100.0,4.5766593233708175,0.0010898723779266817,1.0799256639908354,0.07992566399083545,0.0010833205012279745,4.497207761570649,0.00025593565651726237,-0.00655187669870716,1,2
1987,1.986999999999892,hold,100.0,4.575563832240126,-0.001095491130691073,1.0799108628077208,0.07991086280772075,-0.0010804340126663867,4.496127327557982,0.0002558627639178114,0.01505711802468634,1,2
1988,1.9879999999998919,hold,100.0,4.5766493377511805,0.00108550551105413,1.079917629838435,0.07991762983843498,0.0010789943351906283,4.497206321893173,0.0002557897847871276,-0.006511175863501773,1,2
1989,1.9889999999998917,hold,100.0,4.575558209339185,-0.0010911284119954345,1.0799028741193737,0.07990287411937369,-0.0010761169042922483,4.496130204988881,0.00025571701878572957,0.015011507703186237,1,2
1990,1.9899999999998916,hold,100.0,4.576639365402935,0.0010811560637495887,1.0799096004706814,0.07990960047068141,0.0010746854210900427,4.497204890409971,0.0002556441667328901,-0.006470642659545979,1,2
1991,1.9909999999998915,hold,100.0,4.575552582316532,-0.001086783086402754,1.0798948900394771,0.07989489003947714,-0.001071817012658654,4.496133073397312,0.0002555715269557224,0.014966073744099957,1,2
1992,1.9919999999998914,hold,100.0,4.576629406282861,0.0010768239663292434,1.0799015758785828,0.07990157587858282,0.0010703936901621045,4.497203467087473,0.00025549880160467684,-0.006430276167138831,1,2
1993,1.9929999999998913,hold,100.0,4.575546951198159,-0.001082455084702616,1.0798869105597102,0.0798869105597102,-0.00106753426917686,4.496135932818296,0.0002554262876795206,0.014920815525755948,1,2
1994,1.9939999999998912,hold,100.0,4.576619460348331,0.0010725091501724293,1.0798935560531675,0.0798935560531675,0.0010661190739779194,4.497202051892274,0.0002553536886558102,-0.006390076194509901,1,2
1995,1.994999999999891,hold,100.0,4.575541316010277,-0.0010781443380540878,1.0798789356718175,0.07987893567181747,-0.0010632686055263654,4.496138783286748,0.00025528130021202895,0.014875732527722422,1,2
1996,1.995999999999891,hold,100.0,4.576609527556436,0.0010682115461593256,1.0798855409855037,0.07988554098550371,0.0010618615043478548,4.4972006447910955,0.00025520882714278806,-0.006350041811470754,1,2
1997,1.9969999999998909,hold,100.0,4.575535676778888,-0.0010738507775478467,1.079870965367541,0.0798709653675409,-0.0010590199536841414,4.496141624837412,0.00025513656381129636,0.014830823863705303,1,2
1998,1.9979999999998908,hold,100.0,4.576599607864608,0.0010639310857198936,1.0798775306666784,0.07987753066667835,0.0010576209133724486,4.497199245750784,0.00025506421632523035,-0.006310172347444949,1,2
1999,1.9989999999998906,hold,100.0,4.575530033529874,-0.0010695743347346465,1.07986299963867,0.07986299963866994,-0.0010547882458585662,4.496144457504926,0.0002549920777384853,0.014786088876080246,1,2
2000,1.9999999999998905,hold,100.0,4.576589701230567,0.001059667700693545,1.0798695250878285,0.07986952508782852,0.0010533972333898146,4.497197854738316,0.0002549198554658513,-0.006270467303730494,1,2
