step,time,phase,load,energy,delta_energy,mass,mass_error,W_ext_step,W_ext_cumul,D_pred,D_inferred,snes_it,converged_reason
0,0.0,init,0.0,0.9999999999966603,0.0,1.0,0.0,0.0,0.0,0.0,0.0,0,0
1,0.001,ramp,0.1,1.0008919275425094,0.0008919275458491027,1.0001748557488859,0.00017485574888587152,1.766759632129605e-05,1.766759632129605e-05,1.5285774570994763e-06,-0.8742599495278067,2,4
2,0.002,ramp,0.2,1.0008851844106799,-6.74313182957853e-06,1.0001734928914834,0.00017349289148338443,7.507303994226913e-08,1.774266936123832e-05,3.917478160694297e-06,0.006818204869520799,1,4
3,0.003,ramp,0.3,1.001806171276229,0.0009209868655490894,1.0003471144064402,0.00034711440644019653,5.290371742641717e-05,7.064638678765548e-05,7.220134060156369e-06,-0.8680831481226722,2,4
4,0.004,ramp,0.4,1.0017971017517633,-9.06952446566578e-06,1.0003452439894167,0.0003452439894167103,2.936357723294446e-07,7.094002255998492e-05,1.1074862352087734e-05,0.009363160237995223,1,4
5,0.005,ramp,0.5,1.002748144621786,0.0009510428700227891,1.0005178577999416,0.0005178577999416234,8.800643160691324e-05,0.00015894645416689816,1.5471671068824304e-05,-0.8630364384158759,2,4
6,0.006,ramp,0.6,1.0027379436990633,-1.0200922722747308e-05,1.0005156911621815,0.0005156911621815308,6.526027824597839e-07,0.00015959905694935795,2.0336104288021364e-05,0.01085352550520709,1,4
7,0.007,ramp,0.7,1.0037194761513941,0.0009815324523307911,1.0006874110978208,0.0006874110978207781,0.00012297546425695687,0.0002825745212063148,2.5611807478376867e-05,-0.8585569880738342,2,4
8,0.008,ramp,0.8,1.0037088057955106,-1.0670355883535265e-05,1.0006850531909472,0.000685053190947249,1.1504819903716316e-06,0.00028372500319668643,3.1302667993915464e-05,0.011820837873906897,1,2
9,0.009000000000000001,ramp,0.9,1.004721050789669,0.0010122449941583067,1.0008559508498422,0.0008559508498422463,0.0001578110469701388,0.0004415360501668252,3.733317421867417e-05,-0.8544339471881679,2,4
10,0.010000000000000002,ramp,1.0,1.0047103725364177,-1.0678253251183989e-05,1.0008534667301026,0.0008534667301025589,1.786089531307447e-06,0.00044332213969813263,4.374283196241824e-05,0.012464342782491436,1,2
11,0.011000000000000003,ramp,1.1,1.0057534480023989,0.001043075465981147,1.0010235925807838,0.001023592580783772,0.0001925136078304902,0.0006358357475286228,5.0445229132965804e-05,-0.8505618581506568,2,4
12,0.012000000000000004,ramp,1.2,1.005743122858527,-1.0325143871892095e-05,1.0010210273769833,0.0010210273769832856,2.558377201270654e-06,0.0006383941247298935,5.750040465223917e-05,0.012883521073162749,1,2
13,0.013000000000000005,ramp,1.3,1.006817085739862,0.0010739628813349889,1.0011904195575245,0.0011904195575245247,0.00022708367927744275,0.0008654778040073363,6.481442868684464e-05,-0.8468792020575461,2,4
14,0.014000000000000005,ramp,1.4,1.0068074144140133,-9.671325848614742e-06,1.0011878065768163,0.0011878065768162749,3.466040439771135e-06,0.0008689438444471075,7.246096590606374e-05,0.013137366288385877,1,2
15,0.015000000000000006,ramp,1.5,1.0079122857357208,0.0011048713217074457,1.0013564957624201,0.0013564957624201401,0.0002615225567178344,0.0011304664011649419,8.034037099979251e-05,-0.8433487649896113,2,4
16,0.016000000000000007,ramp,1.6,1.0079035302606756,-8.755475045196803e-06,1.0013538607805081,0.0013538607805081426,4.507972991702563e-06,0.0011349743741566444,8.85362385460299e-05,0.013263448036899366,1,2
17,0.017000000000000008,ramp,1.7,1.0090393019678312,0.0011357717071556195,1.0015218717753993,0.0015218717753993083,0.0002958304362310454,0.0014308048103876898,9.694407985106167e-05,-0.839941270924574,2,4
18,0.01800000000000001,ramp,1.8,1.0090316993159187,-7.602651912463898e-06,1.001519235675971,0.001519235675971009,5.6835033663457136e-06,0.0014364883137540356,0.00010565534909005511,0.01328615527880961,1,2
19,0.01900000000000001,ramp,1.9,1.0101983443581075,0.0011666450421887742,1.0016865893364688,0.0016865893364688134,0.0003300079974873193,0.001766496311241355,0.00011456129037154527,-0.8366370447014548,2,4
20,0.02000000000000001,ramp,2.0,1.0101921121985313,-6.232159576180507e-06,1.001683969310139,0.001683969310138922,6.991735224761148e-06,0.001773488046466116,0.00012375985440038405,0.013223894800941655,1,2
21,0.02100000000000001,ramp,2.1,1.0113895894881453,0.0011974772896139463,1.0018506835353376,0.0018506835353375717,0.0003640559360037645,0.0021375439824698806,0.00013313842903869128,-0.8334213536101817,2,4
22,0.022000000000000013,ramp,2.2,1.0113849308174492,-4.6586706961004865e-06,1.0018480940036463,0.0018480940036462723,8.431792243557095e-06,0.0021459757747134376,0.00014280052178439255,0.013090462939657582,1,2
23,0.023000000000000013,ramp,2.3,1.0126131885882779,0.001228257770828689,1.0020141844065218,0.0020141844065217906,0.0003979749579943053,0.0025439507327077427,0.00015262996909739244,-0.8302828128343837,2,4
24,0.024000000000000014,ramp,2.4,1.0126102948940607,-2.8936942171320368e-06,1.0020116376527135,0.002011637652713505,1.0002814671792923e-05,0.0025539535473795357,0.00016273516026369265,0.01289650888892496,1,2
25,0.025000000000000015,ramp,2.5,1.0138692730800565,0.0012589781859957405,1.002177118035799,0.0021771180357990083,0.00043176577670641026,0.002985719324085946,0.00017299661777070554,-0.8272124092893302,2,4
26,0.026000000000000016,ramp,2.6,1.0138683265830422,-9.464970143202578e-07,1.002174624651518,0.0021746246515179646,1.1703956957082666e-05,0.0029974232810430286,0.0001835271066608076,0.012650453971402924,1,2
27,0.027000000000000017,ramp,2.7,1.0151579585563222,0.0012896319732800254,1.0023395073545827,0.0023395073545826595,0.0004654291098224597,0.003462852390865488,0.0001942040287068795,-0.8242028634575657,2,4
28,0.028000000000000018,ramp,2.8,1.0151591338502224,1.1752939002018792e-06,1.0023370765662347,0.0023370765662347193,1.3534386015261891e-05,0.00347638677688075,0.00020514413132495488,0.012359092115060012,1,2
29,0.02900000000000002,ramp,2.9,1.0164793477237213,0.0013202138734988988,1.0025013727270868,0.002501372727086837,0.0004989656775790628,0.003975352454459813,0.0002162218585049274,-0.821248195919836,2,4
30,0.03000000000000002,ramp,3.0,1.0164828130059205,3.465282199188735e-06,1.0024990126404905,0.002499012640490461,1.549327991738581e-05,0.003990845734377199,0.00022755762469981472,0.012027997718197073,1,2
31,0.03100000000000002,ramp,3.1,1.017833532631254,0.0013507196253335074,1.0026627323949708,0.002662732394970835,0.0005323762013825572,0.004523221935759756,0.00023902305728866775,-0.8183434239509502,2,4
32,0.03200000000000002,ramp,3.2,1.0178394506476502,5.918016396266879e-06,1.0026604501828837,0.0026604501828837446,1.7579826860695435e-05,0.004540801762620452,0.0002507419783367746,0.011661810464428556,1,2
33,0.03300000000000002,ramp,3.3,1.0192205963935408,0.001381145745890544,1.0028236028211066,0.0028236028211066078,0.0005656614027751405,0.0051064631653955925,0.00026258332354024157,-0.8154843431154036,2,4
34,0.03400000000000002,ramp,3.4,1.0192291251776076,8.528784066763606e-06,1.0028214048696806,0.0028214048696806326,1.979322434099132e-05,0.005126256389736584,0.00027467410439968424,0.011264440274227712,1,2
35,0.035000000000000024,ramp,3.5,1.0206406145473865,0.0014114893697789732,1.0029839989600982,0.0029839989600981554,0.0005988220026535453,0.00572507839239013,0.0002868806772951137,-0.8126673671254279,2,4
36,0.036000000000000025,ramp,3.6,1.0206519080081364,1.1293460749906004e-05,1.0029818909851693,0.002981890985169322,2.2132678472609296e-05,0.005747211070862739,0.00029933305621590545,0.010839217722703291,1,2
37,0.037000000000000026,ramp,3.7,1.022093656136064,0.0014417481279276334,1.0031439344744728,0.0031439344744728093,0.0006318587206724383,0.006379069791535177,0.0003118951205761252,-0.8098894072551951,2,4
38,0.03800000000000003,ramp,3.8,1.0221078645325123,1.4208396448278648e-05,1.0031419216152668,0.0031419216152668294,2.45974034201906e-05,0.006403667194955368,0.00032469972410667085,0.010389006971911951,1,2
39,0.03900000000000003,ramp,3.9,1.0235797845878667,0.0014719200553543477,1.0033034219099235,0.0033034219099234985,0.000664772274784902,0.00706843946974027,0.0003376083634021932,-0.8071477805694457,2,4
40,0.04000000000000003,ramp,4.0,1.0235970549171787,1.7270329311980248e-05,1.003301508805402,0.0033015088054020314,2.718662091698665e-05,0.007095626090657257,0.0003507565883311776,0.009916291605006402,1,2
41,0.04100000000000003,ramp,4.1,1.025099058436928,0.0015020035197492732,1.0034624728388821,0.0034624728388821246,0.0006975633808858479,0.007793189471543105,0.00036400359994224357,-0.8044401388634252,2,4
42,0.04200000000000003,ramp,4.2,1.0251195347551876,2.0476318259632365e-05,1.0034606636907746,0.003460663690774579,2.989955985163359e-05,0.007823089031394738,0.0003774875160649816,0.009423241592001223,1,2
43,0.04300000000000003,ramp,4.3,1.026651531920313,0.0015319971651255315,1.003621097979519,0.003621097979519039,0.000730232752533826,0.008553321783928564,0.0003910653236042393,-0.8017644125917055,2,4
44,0.04400000000000003,ramp,4.4,1.0266753556109338,2.3823690620705662e-05,1.003619396604953,0.003619396604952918,3.273545591023892e-05,0.008586057239838803,0.0004048775928163049,0.008911765289533259,1,2
45,0.04500000000000003,ramp,4.5,1.0282372554781436,0.0015618998672097817,1.0037793072954717,0.003779307295471712,0.0007627811007326534,0.009348838340571456,0.0004187791727678376,-0.7991187664771283,2,4
46,0.046000000000000034,ramp,4.6,1.0282645654778781,2.7309999734548285e-05,1.0037777171710094,0.003777717171009387,3.569355126353897e-05,0.009384531891834995,0.00043291298112237765,0.008383551528990688,1,2
47,0.047000000000000035,ramp,4.7,1.029856276175429,0.0015917106975509299,1.0039371100798318,0.003937110079831774,0.0007952091337599112,0.010179741025594905,0.0004471318009296687,-0.7965015637910187,2,4
48,0.048000000000000036,ramp,4.8,1.0298872091671871,3.093299175804809e-05,1.003935634379,0.003935634379000019,3.877309429135877e-05,0.010218514119886264,0.00046158080110523695,0.007840102533310678,1,2
49,0.04900000000000004,ramp,4.9,1.031508638061492,0.0016214288943048327,1.0040945150266687,0.004094515026668688,0.0008275175570315931,0.011046031676917856,0.00047611076651283386,-0.7939113372732396,2,4
50,0.05000000000000004,ramp,5.0,1.0315433286390836,3.4690577591645066e-05,1.004093156651951,0.004093156651951091,4.197333933833479e-05,0.01108800501625619,0.0004908690287274141,0.007282761746689722,1,2
51,0.05100000000000004,ramp,5.1,1.033194382477374,0.0016510538382903395,1.0042515302923951,0.0042515302923951115,0.0008597070729958265,0.011947712089252016,0.0005057044386734874,-0.7913467652945129,2,4
52,0.05200000000000004,ramp,5.2,1.0332329632883117,3.858081093777166e-05,1.0042502919026717,0.004250291902671677,4.5293546495749765e-05,0.011993005635747766,0.0005207664085152586,0.006712735557978106,1,2
53,0.05300000000000004,ramp,5.3,1.0349135483216154,0.0016805850333037053,1.0044081635485058,0.004408163548505817,0.0008917783810492738,0.01288478401679704,0.0005359019162403578,-0.7888066522544315,2,4
54,0.05400000000000004,ramp,5.4,1.034956150190896,4.2601869280511906e-05,1.004407047582975,0.004407047582974943,4.873298140596143e-05,0.012933516998203,0.0005512623782113225,0.0061311121254495225,1,2
55,0.05500000000000004,ramp,5.5,1.0366661722804447,0.001710022089548735,1.004564422027548,0.004564422027548032,0.0009237321774718306,0.013857249175674831,0.0005666929575252776,-0.7862899120769045,2,4
56,0.05600000000000004,ramp,5.6,1.0367129238590997,4.675157865507984e-05,1.0045634305576394,0.004563430557639414,5.22913186710712e-05,0.013909540494345903,0.0005823468944909169,0.005539740015991358,2,2
57,0.057000000000000044,ramp,5.7,1.0384522869908848,0.0017393631317850211,1.0047203122323758,0.0047203122323757896,0.0009555683865614037,0.014865108880907306,0.0005980676078945243,-0.7837947452236174,2,4
58,0.058000000000000045,ramp,5.8,1.0385033177735237,5.103078263890559e-05,1.004719447632376,0.004719447632375973,5.5967839825778366e-05,0.014921076720733084,0.000614010473619454,0.004937057186872774,2,2
59,0.059000000000000045,ramp,5.9,1.040271927282886,0.0017686095093623067,1.0048758409619019,0.004875840961901856,0.0009872883829627245,0.01590836510369581,0.0006300170592286271,-0.7813211263995822,2,4
60,0.060000000000000046,ramp,6.0,1.040327363304397,5.5436021511034994e-05,1.0048751051250036,0.004875105125003554,5.9761500331674447e-05,0.015968126604027483,0.0006462445026526574,0.004325478820639452,2,2
61,0.06100000000000005,ramp,6.1,1.0421251243179082,0.0017977610135111455,1.0050310143530004,0.0050310143530003515,0.001018892854158616,0.0169870194581861,0.0006625327332734923,-0.7788681593525295,2,4
62,0.06200000000000005,ramp,6.2,1.0421850901632137,5.996584530554294e-05,1.0050304090234892,0.0050304090234891685,6.36715865754669e-05,0.017050691044761566,0.000679040618051778,0.003705741269923962,2,2
63,0.06300000000000004,ramp,6.3,1.044011907711772,0.0018268175485582905,1.005185838236157,0.0051858382361569255,0.0010503824836102067,0.018101073528371772,0.0006956064876770173,-0.7764350649480838,2,4
64,0.06400000000000004,ramp,6.4,1.0440765265784313,6.461886665931615e-05,1.0051853650210016,0.005185365021001642,6.76973896253992e-05,0.018168770917997172,0.0007123908892672172,0.0030785229660830497,2,2
65,0.06500000000000004,ramp,6.5,1.045932305661924,0.00185577908349277,1.0053403181607679,0.005340318160767854,0.0010817579515268636,0.019250528869524035,0.0007292305969006844,-0.7740211319659065,2,4
66,0.06600000000000004,ramp,6.6,1.0460016994167158,6.93937547917578e-05,1.0053399785401824,0.005339978540182422,7.183820512723775e-05,0.019322367074651275,0.0007462877876468475,0.002444450335479945,2,2
67,0.06700000000000005,ramp,6.7,1.0478863450563087,0.0018846456395928968,1.005494459416835,0.005494459416834907,0.0011130199349470519,0.02043538700959833,0.0007633977214090217,-0.7716257046458449,2,4
68,0.06800000000000005,ramp,6.8,1.047960634287606,7.428923129726428e-05,1.0054942547538894,0.005494254753889427,7.609333319433237e-05,0.02051148034279266,0.0007807241559302008,0.0018041018970680928,2,2
69,0.06900000000000005,ramp,6.9,1.0498740515709868,0.0019134172833807916,1.0056482670543612,0.005648267054361167,0.0011441691077488578,0.02165564945054152,0.0007981008787158024,-0.7692481756319338,2,4
70,0.07000000000000005,ramp,7.0,1.0499533556364522,7.930406546541313e-05,1.0056481986037191,0.005648198603719123,8.046207831531295e-05,0.021736111528856832,0.0008156931805068888,0.0011580128498998193,2,2
71,0.07100000000000005,ramp,7.1,1.0518954497576063,0.001942094121154092,1.0058017459007267,0.005801745900726685,0.0011752061406452743,0.022911317669502107,0.0008333334171154709,-0.7668879805088178,2,4
72,0.07200000000000005,ramp,7.2,1.0519798881873834,8.443842977712279e-05,1.0058018150902235,0.005801815090223483,8.494371250734887e-05,0.022996261382009456,0.0008511885471739986,0.0005052827302260814,1,2
73,0.07300000000000005,ramp,7.3,1.0539505646413627,0.001970676453979303,1.005954900882592,0.005954900882592096,0.0012061316981189767,0.024202393080128434,0.0008690893928239143,-0.7645447558603263,2,4
74,0.07400000000000005,ramp,7.4,1.0540402530077986,8.968836643585831e-05,1.005955108478308,0.005955108478308047,8.953763606708479e-05,0.02429193071619552,0.0008872041131354899,-0.0001507303687735208,1,2
75,0.07500000000000005,ramp,7.5,1.056039417148652,0.0019991641408534377,1.006107736106594,0.006107736106593986,0.0012369464241772203,0.02552887714037274,0.0009053623392278435,-0.7622177166762174,2,4
76,0.07600000000000005,ramp,7.6,1.0561344714694885,9.505432083645182e-05,1.0061080830985853,0.0061080830985853485,9.42431410897563e-05,0.025623120281462495,0.0009237336939612405,-0.0008111797466955174,1,2
77,0.07700000000000005,ramp,7.7,1.0581620289356692,0.002027557466180774,1.0062602558275422,0.006260255827542194,0.0012676509763939314,0.026890771257856425,0.0009421464577854341,-0.7599064897868424,2,4
78,0.07800000000000006,ramp,7.8,1.0582625641159005,0.00010053518023123154,1.0062607431174717,0.006260743117471712,9.905955116782122e-05,0.026989830809024246,0.0009607716343435818,-0.001475629063410312,1,2
79,0.07900000000000006,ramp,7.9,1.0603184207875718,0.0020558566716712967,1.0064124641278578,0.0064124641278577865,0.0012982460109898831,0.02828807682001413,0.0009794362076890417,-0.7576106606814136,2,4
80,0.08000000000000006,ramp,8.0,1.0604245506752554,0.00010612988768365916,1.0064130925395522,0.006413092539552245,0.00010398619321343579,0.028392063013227564,0.0009983125134291405,-0.002143694470223376,1,2
81,0.08100000000000006,ramp,8.1,1.0625086126867571,0.002084062011501686,1.0065643649311908,0.006564364931190836,0.0013287321813396727,0.029720795194567235,0.001017226279913923,-0.7553298301620135,2,4
82,0.08200000000000006,ramp,8.2,1.0626204501083576,0.00011183742160048027,1.0065651352169815,0.0065651352169815436,0.00010902239787641129,0.029829817592443648,0.0010363511333871046,-0.00281502372406898,1,2
83,0.08300000000000006,ramp,8.3,1.0647326238657089,0.0021121737573512878,1.0067159620129689,0.006715962012968868,0.0013591101377811259,0.031188927730224775,0.0010555115825893273,-0.7530636195701619,2,4
84,0.08400000000000006,ramp,8.4,1.0648502806548694,0.00011765678916053623,1.0067168748587467,0.006716874858746724,0.00011416749960653912,0.03130309522983132,0.0010748825064652427,-0.003489289553997119,1,2
85,0.08500000000000006,ramp,8.5,1.066990472853042,0.002140192198172519,1.0068672590095298,0.00686725900952978,0.0013893805275619028,0.032692475757393216,0.001094287227846075,-0.7508116706106164,2,4
86,0.08600000000000006,ramp,8.6,1.0671140598762545,0.00012358702321257908,1.006868315039126,0.006868315039125994,0.00011942083664715363,0.03281189659404037,0.0011139018425931604,-0.004166186565425449,1,2
87,0.08700000000000006,ramp,8.7,1.0692821775155386,0.0021681176392840396,1.0070182594264534,0.007018259426453399,0.0014195439948196916,0.03423144058886007,0.001133548519709608,-0.7485736444643479,2,4
88,0.08800000000000006,ramp,8.8,1.0694118046952816,0.0001296271797430748,1.0070194592055872,0.00701945920558722,0.00012478175100948133,0.03435622233986955,0.0011534045378296177,-0.00484542873359348,1,2
89,0.08900000000000007,ramp,8.9,1.0716077550961725,0.0021959504008908226,1.0071689666461576,0.007168966646157626,0.0014496011805731342,0.03580582352044268,0.0011732909429353674,-0.7463492203176885,2,4
90,0.09000000000000007,ramp,9.0,1.0717435314325046,0.00013577633633210517,1.0071703106860177,0.0071703106860177,0.00013024958844174307,0.03593607310888443,0.0011933861636690562,-0.005526747890362109,1,2
91,0.09100000000000007,ramp,9.1,1.0739672222494483,0.0022236908169437353,1.0073193839348353,0.007319383934835333,0.0014795527227184232,0.03741562583160285,0.0012135101527071864,-0.7441380942253121,2,4
92,0.09200000000000007,ramp,9.2,1.0741092558398269,0.00014203359037856522,1.0073208726953682,0.007320872695368186,0.0001358236983969581,0.03755144952999981,0.0012338424571555217,-0.0062098919816071145,1,2
93,0.09300000000000007,ramp,9.3,1.0763605950735693,0.002251339233742433,1.0074695144489494,0.007469514448949388,0.0015093992560280328,0.03906084878602784,0.00125420196512176,-0.7419399777144003,2,4
94,0.09400000000000007,ramp,9.4,1.0765089931315484,0.00014839805797906003,1.0074711483418493,0.007471148341849254,0.0001415034340010408,0.03920235222002888,0.0012747693117414268,-0.00689462397801923,1,2
95,0.09500000000000007,ramp,9.5,1.0787878891404379,0.0022788960088895305,1.0076193612410547,0.007619361241054667,0.0015391414121509273,0.040741493632179805,0.001295362348389219,-0.7397545967386032,2,4
96,0.09600000000000007,ramp,9.6,1.0789427580131143,0.00015486887267646132,1.0076211406325866,0.007621140632586565,0.00014728815202190592,0.04088878178420171,0.0013161627688244586,-0.007580720654555405,1,2
97,0.09700000000000007,ramp,9.7,1.0812491195233451,0.002306361510230781,1.0077689272654013,0.007768927265401349,0.0015687798196153126,0.04245756160381702,0.0013369874146841906,-0.7375816906154684,2,4
98,0.09800000000000007,ramp,9.8,1.081410564707604,0.00016144518425886822,1.0077708524789608,0.00777085247896081,0.00015317721283900453,0.04261073881665603,0.0013580190099048218,-0.008267971419863691,1,2
99,0.09900000000000007,ramp,9.9,1.0837443005207346,0.0023337358131305663,1.0079182152686497,0.007918215268649664,0.0015983153982043082,0.044209054214860335,0.0013790734383818733,-0.7354204149262581,2,4
100,0.10000000000000007,ramp,10.0,1.0839124259758905,0.00016812545515598742,1.0079202865557848,0.007920286555784806,0.00015916943454793154,0.04436822364940827,0.0014003344451467626,-0.008956020608055884,1,2
101,0.10100000000000008,ramp,10.1,1.086273446657846,0.002361020681955539,1.0080672281507952,0.008067228150795192,0.001627748733866228,0.0459959723832745,0.0014216168628690678,-0.733271948089311,2,4
102,0.10200000000000008,ramp,10.2,1.0864483551703892,0.0001749085125430927,1.0080694454538215,0.008069445453821489,0.0001652652327627262,0.04616123761603722,0.0014431051987899373,-0.009643279780366507,2,2
103,0.10300000000000008,ramp,10.3,1.0888365690642878,0.0023882138938986497,1.0082159681680731,0.008215968168073129,0.0016570792965667587,0.04781831691260398,0.0014646135344111612,-0.731134597331891,2,4
104,0.10400000000000008,ramp,10.4,1.0890183660890824,0.00018179702479459436,1.0082183320917992,0.00821833209179923,0.0001714638685758033,0.04798978078117978,0.0014863276878006872,-0.010333156218791061,2,2
105,0.10500000000000008,ramp,10.5,1.0914336836563507,0.002415317567268316,1.0083644383638104,0.0083644383638104,0.0016863085787945447,0.04967608935997433,0.0015080606160383283,-0.729008988473771,2,4
106,0.10600000000000008,ramp,10.6,1.0916224713528033,0.00018878769645258586,1.0083669490637286,0.00836694906372859,0.0001777643351594274,0.04985385369513375,0.0015299989653561029,-0.011023361293158455,2,2
107,0.10700000000000008,ramp,10.7,1.0940648033284108,0.0024423319756075035,1.0085126412623717,0.008512641262371723,0.001715437199033824,0.05156929089416758,0.001551954857039071,-0.7268947765736795,2,4
108,0.10800000000000008,ramp,10.8,1.0942606831262869,0.00019587979787605292,1.008515298872308,0.008515298872308064,0.0001841660080871723,0.051753456902254746,0.0015741158059717887,-0.011713789788880618,2,2
109,0.10900000000000008,ramp,10.9,1.0967299406298983,0.0024692575036113773,1.008660579320474,0.008660579320473927,0.0017444657687285322,0.05349792267098328,0.0015962930924621314,-0.7247917348828451,2,4
110,0.11000000000000008,ramp,11.0,1.0969330132065498,0.00020307257665153067,1.0086633839470514,0.00866338394705135,0.00019066826768067674,0.05368859093866395,0.0016186750921726757,-0.012404308970853931,2,2
111,0.11100000000000008,ramp,11.1,1.099429107765003,0.0024960945584531213,1.0088082549269193,0.008808254926919279,0.0017733948955835615,0.05546198583424752,0.0016410722568515753,-0.7226996628695598,2,4
112,0.11200000000000009,ramp,11.2,1.0996394730470116,0.00021036528200868432,1.0088112066492025,0.008811206649202541,0.00019727049804958022,0.0556592563322971,0.0016636738063374758,-0.013094783959104102,2,2
113,0.11300000000000009,ramp,11.3,1.10216231660455,0.002522843557538401,1.0089556704049674,0.008955670404967364,0.0018022251840121093,0.057461481516309205,0.001686289380933504,-0.7206183735262919,2,4
114,0.11400000000000009,ramp,11.4,1.1023800737747602,0.0002177571702102199,1.0089587692751396,0.00895876927513961,0.0002039720868492923,0.0576654536031585,0.0017091090254661126,-0.013785083360927607,2,2
115,0.11500000000000009,ramp,11.5,1.1049295786993554,0.0025495049245951584,1.0091028280148715,0.0091028280148715,0.0018309572352645646,0.05949641083842307,0.0017319415874510566,-0.7185476893305939,2,4
116,0.11600000000000009,ramp,11.6,1.1051548262053685,0.0002252475060131598,1.0091060740593234,0.009106074059323399,0.00021077242518451435,0.059707183263607584,0.0017549779167107618,-0.014475080828645438,2,2
117,0.11700000000000009,ramp,11.7,1.1077309052937345,0.00257607908836599,1.0092497299566798,0.00924972995667983,0.0018595916474814166,0.061566774911089,0.0017780260870986003,-0.7164874408845734,2,4
118,0.11800000000000009,ramp,11.8,1.1079637408568324,0.00023283556309783293,1.0092531231770314,0.00925312317703142,0.00021767090755735164,0.06178444581864635,0.001801277733305564,-0.015164655540481293,2,2
119,0.11900000000000009,ramp,11.9,1.1105663073381544,0.002602566481322066,1.0093963783726418,0.009396378372641845,0.0018881290157206764,0.06367257483436703,0.0018245401746732309,-0.7144374656013898,2,4
120,0.12000000000000009,ramp,12.0,1.1108068279621757,0.0002405206240212454,1.009399918746947,0.0093999187469469,0.0002246669318305265,0.06389724176619756,0.001848005810788199,-0.015853692190718912,2,2
121,0.1210000000000001,ramp,12.1,1.1134357955016398,0.0026289675394641776,1.0095427753496748,0.009542775349674848,0.0019165699319773507,0.0658138116981749,0.0018714812254524407,-0.7123976074868269,2,4
122,0.1220000000000001,ramp,12.2,1.1136840974815718,0.0002483019799319752,1.0095464628334576,0.009546462833457614,0.00023175989919850418,0.06604557159737341,0.001895159563467,-0.01654208073347105,2,2
123,0.1230000000000001,ramp,12.3,1.116339380183145,0.002655282701573114,1.0096889229216328,0.009688922921632814,0.0019449149851976622,0.06799048658257108,0.0019188466917865066,-0.7103677163754517,2,4
124,0.1240000000000001,ramp,12.4,1.1165955591135661,0.00025617893042118034,1.0096927574489614,0.009692757448961364,0.00023894921416193397,0.06822943579673302,0.0019427364811041398,-0.017229716259246367,2,2
125,0.12500000000000008,ramp,12.5,1.119277071522463,0.0026815124088968023,1.0098348230714846,0.009834823071484644,0.001973164761291811,0.07020260055802482,0.0019666340998893586,-0.7083476476049911,2,4
126,0.12600000000000008,ramp,12.6,1.1195412223058245,0.00026415078336161635,1.0098388045559046,0.009838804555904579,0.0002462342845046678,0.07044883484252949,0.0019907341257959787,-0.01791649885694857,2,2
127,0.12700000000000009,ramp,12.7,1.1222488794105396,0.0027076571047151,1.0099804777333132,0.009980477733313231,0.0020013198431459837,0.07245015468567548,0.0020148410468146085,-0.7063372615691162,2,4
128,0.12800000000000009,ramp,12.8,1.1225210962650245,0.00027221685448486355,1.0099846060688442,0.009984606068844215,0.0002536145212712822,0.07270376920694675,0.002039150129032371,-0.018602333213581342,2,2
129,0.1290000000000001,ramp,12.9,1.125254813499367,0.0027337172343424587,1.01012588879425,0.010125888794249915,0.0020293808106334383,0.07473315001758019,0.0020634651976015024,-0.7043364237090204,2,4
130,0.1300000000000001,ramp,13.0,1.1255351899665387,0.0002803764671717168,1.01013016385631,0.010130163856310048,0.00026108933874627473,0.07499423935632646,0.0020879821889225676,-0.019287128425442095,2,2
131,0.1310000000000001,ramp,13.1,1.128294883211012,0.002759693244473338,1.0102710580963397,0.010271058096339658,0.002057348240626166,0.07705158759695263,0.00211250428258029,-0.7023450038471718,2,4
132,0.1320000000000001,ramp,13.2,1.128583512163253,0.00028862895224102125,1.0102754797425246,0.01027547974252463,0.0002686581544332766,0.07732024575138591,0.002137228067573327,-0.019970797807744634,2,2
133,0.1330000000000001,ramp,13.3,1.1313690977464554,0.00278558558320241,1.0104159874382361,0.01041598743823613,0.002085222707005753,0.07940546845839166,0.002161956094823761,-0.7003628761966573,2,4
134,0.1340000000000001,ramp,13.4,1.1316660713941022,0.00029697364764680323,1.0104205555091648,0.010420555509164764,0.0002763203890358367,0.0796817888474275,0.002186885588610129,-0.020653258610966552,2,2
135,0.1350000000000001,ramp,13.5,1.134477466093955,0.0028113946998526984,1.0105606785768253,0.0105606785768253,0.002113004780674038,0.08179479362810155,0.0022118184877356335,-0.6983899191786604,2,4
136,0.1360000000000001,ramp,13.6,1.134782875992267,0.0003054098983119591,1.0105653928969254,0.010565392896925374,0.000284075466437557,0.08207886909453911,0.002236952634829869,-0.021334431874402093,2,2
137,0.1370000000000001,ramp,13.7,1.1376199970366005,0.002837121044333646,1.0107051332288057,0.01070513322880573,0.0021406950295651474,0.08421956412410427,0.0022620893727669546,-0.6964260147684984,2,4
138,0.1380000000000001,ramp,13.8,1.137933934092663,0.00031393705606252986,1.010709993607025,0.010709993607024959,0.000291922813682871,0.08451148693778714,0.0022874271459773178,-0.022014242379658874,2,2
139,0.1390000000000001,ramp,13.9,1.1407966991601999,0.002862765067536799,1.0108493530721734,0.010849353072173384,0.0021682940186563645,0.0866797809564435,0.0023127667172501572,-0.6944710488804343,2,4
140,0.1400000000000001,ramp,14.0,1.1411192536392374,0.0003225544790375068,1.010854359302661,0.010854359302661098,0.0002998618609586115,0.08697964281740211,0.002338307116635796,-0.022692618078895294,2,2
141,0.1410000000000001,ramp,14.1,1.144007580860033,0.0028883272207955724,1.0109933397476045,0.010993339747604525,0.002195802309979738,0.08917544512738185,0.0023638485423453605,-0.6925249108158346,2,4
142,0.1420000000000001,ramp,14.2,1.1443388423918914,0.0003312615318584733,1.01099849161034,0.010998491610340055,0.00030789204157495055,0.0894833371689568,0.0023895905942257984,-0.023369490283522736,2,2
143,0.1430000000000001,ramp,14.3,1.147252650347837,0.0029138079559456465,1.0111370948597425,0.011137094859742458,0.002223220462633339,0.09170655763159014,0.002415332921089024,-0.6905874933123075,2,4
144,0.1440000000000001,ramp,14.4,1.1475927079330637,0.00034005758522659413,1.0111423921212428,0.011142392121242795,0.00031601279194838405,0.09202257042353852,0.0024412756771032833,-0.024044793278210075,2,2
145,0.1450000000000001,ramp,14.5,1.1505319156579008,0.002939207724837134,1.0112806199785116,0.011280619978511597,0.0022505490327923566,0.09427311945633088,0.0024672179765406403,-0.6886586920447774,2,4
146,0.1460000000000001,ramp,14.6,1.1508808576739094,0.0003489420160085466,1.0112860623923616,0.011286062392361629,0.0003242235515829675,0.09459734300791385,0.0024933605127520847,-0.024718464425579064,2,2
147,0.1470000000000001,ramp,14.7,1.1538453846534442,0.002964526979534865,1.0114239166403438,0.011423916640343812,0.002277788573721854,0.0968751315816357,0.002519501880019456,-0.6867384058130109,2,4
148,0.1480000000000001,ramp,14.8,1.154203298860252,0.0003579142068077523,1.0114295039477739,0.011429503947773867,0.00033252376305198216,0.09720765534468769,0.0025458432960645885,-0.025390443755770164,2,2
149,0.1490000000000001,ramp,14.9,1.157193065032355,0.0029897661721030033,1.0115669863492773,0.01156698634927733,0.002304939635787666,0.09951259498047535,0.00257218284942702,-0.6848265363153371,2,4
150,0.1500000000000001,ramp,15.0,1.1575600385781706,0.0003669735458156076,1.0115727182796883,0.01157271827968831,0.00034091287198230496,0.09985350785245765,0.002598722267704486,-0.026060673833302635,2,4
151,0.1510000000000001,ramp,15.1,1.1605749643325534,0.00301492575438278,1.0117098305780376,0.01170983057803765,0.002332002766467981,0.10218551061892564,0.0026252591476490657,-0.6829229879147993,2,4
152,0.1520000000000001,ramp,15.2,1.1609510837595902,0.0003761194270368584,1.011715706849552,0.011715706849551921,0.0003493903270354088,0.10253490094596104,0.0026519957125470373,-0.026729100001449634,2,4
153,0.1530000000000001,ramp,15.3,1.1639910899375296,0.003040006177939425,1.011852450769138,0.01185245076913799,0.0023589785103661914,0.10489387945632724,0.0026787290810332755,-0.6810276675732335,2,4
154,0.1540000000000001,ramp,15.4,1.1643764411872268,0.0003853512496971856,1.0118584710890561,0.011858471089056133,0.0003579555798905079,0.10525183503621774,0.0027056619581923235,-0.02739566980667767,2,4
155,0.1550000000000001,ramp,15.5,1.1674414490812883,0.0030650078940615,1.0119948483358268,0.011994848335826758,0.002385867409222174,0.10763770244543991,0.002732590997936318,-0.6791404848393262,2,4
156,0.1560000000000001,ramp,15.6,1.1678361174995955,0.0003946684183071536,1.0120010124010863,0.012001012401086308,0.00036660808522856204,0.10800431053066847,0.0027597193735467403,-0.02806033307859156,2,4
157,0.1570000000000001,ramp,15.7,1.1709260488530122,0.0030899313534167305,1.0121370246630699,0.012137024663069873,0.002412670001924234,0.1104169805325927,0.0027868432873385147,-0.6772613514924963,2,4
158,0.1580000000000001,ramp,15.8,1.1713301191956131,0.0004040703426009262,1.0121433321606896,0.012143332160689635,0.0003753473007145787,0.11079232783330728,0.002814166367469322,-0.0287230418863475,2,4
159,0.1590000000000001,ramp,15.9,1.1744448962018732,0.003114777006260061,1.0122789811083912,0.012278981108391207,0.0024393868245211423,0.11323171465782843,0.0028414843775206164,-0.6753901817389187,2,4
160,0.16000000000000011,ramp,16.0,1.1748584526393064,0.0004135564374332379,1.0122854317159469,0.01228543171594687,0.00038417268698160193,0.11361588734481003,0.002869001387477646,-0.029383750451635958,2,4
161,0.16100000000000012,ramp,16.1,1.1779979979413158,0.003139545302009328,1.0124207190028223,0.012420719002822267,0.0024660184102350755,0.1160819057550451,0.002896512734798802,-0.6735268917742523,2,4
162,0.16200000000000012,ramp,16.2,1.1784211240637072,0.00042312612239148173,1.012427312388777,0.012427312388777034,0.0003930837076131689,0.11647498946265826,0.0029242229185121762,-0.030042414778312806,2,4
163,0.16300000000000012,ramp,16.3,1.1815853607532805,0.003164236689573219,1.0125622396517004,0.012562239651700446,0.002492565289472944,0.11896755475213121,0.0029519268623162623,-0.6716714001002749,2,4
164,0.16400000000000012,ramp,16.4,1.1820181395753662,0.00043277882208569984,1.0125689754758334,0.012568975475833355,0.00040207982912847466,0.11936963458125968,0.002979829481753727,-0.030698992957225186,2,4
165,0.16500000000000012,ramp,16.5,1.1852069911922996,0.003188851616933386,1.012703544335428,0.012703544335427974,0.0025190279898385983,0.12188866257109827,0.0030077252988863087,-0.6698236270947875,2,4
166,0.16600000000000012,ramp,16.6,1.1856495051579623,0.0004425139656627497,1.0127104222491896,0.012710422249189612,0.00041116052096564545,0.12229982309206391,0.003035819633491823,-0.03135344469710425,2,4
167,0.16700000000000012,ramp,16.7,1.188862895689125,0.003213390531162652,1.012844634310267,0.012844634310267056,0.002545407036145069,0.12484523012820899,0.003063906617885028,-0.6679834950175829,2,4
168,0.16800000000000012,ramp,16.8,1.189315226676279,0.000452330987154026,1.0128516539571573,0.01285165395715726,0.00042032525546544284,0.12526555538367443,0.0030921919640413643,-0.03200573168858314,2,4
169,0.16900000000000012,ramp,16.9,1.1925530805547355,0.0032378538784565425,1.012985510809074,0.012985510809073952,0.0025717029504272186,0.12783725833410164,0.0031204694261910636,-0.6661509280293239,2,4
170,0.17000000000000012,ramp,17.0,1.1930153098796996,0.00046222932496409186,1.0129926718249351,0.012992671824935131,0.000429573507855787,0.12826683184195742,0.00314894509670485,-0.032655817108304876,2,4
171,0.17100000000000012,ramp,17.1,1.1962775519836952,0.003262242103995616,1.0131261750419667,0.01312617504196667,0.0025979162519541694,0.13086474809391158,0.0031774123631690557,-0.6643258520414468,2,4
172,0.17200000000000013,ramp,17.2,1.1967497604056327,0.00047220842193751444,1.0131334770553282,0.013133477055328191,0.0004389047562348873,0.13130365285014647,0.0032060776867761714,-0.033303665702627126,2,4
173,0.17300000000000013,ramp,17.3,1.2000363160575587,0.0032865556519259265,1.0132666281970057,0.013266628197005748,0.0026240474572411057,0.13392770030738757,0.0032347340996947034,-0.6625081946848208,2,4
174,0.17400000000000013,ramp,17.4,1.2005185837828871,0.00048226772532844464,1.0132740708294135,0.013274070829413454,0.00044831848155767607,0.13437601878894526,0.0032635884205875526,-0.03394924377076857,2,4
175,0.17500000000000013,ramp,17.5,1.2038293787481538,0.00331079496526665,1.0134068714408533,0.013406871440853285,0.0026500970800612724,0.13702611586900654,0.003292433337219977,-0.6606978852053778,2,4
176,0.17600000000000013,ramp,17.6,1.204321785434868,0.0004924066867142418,1.0134144543071384,0.01341445430713839,0.00045781416761859367,0.13748393003662512,0.0033214760145915487,-0.03459251909564815,2,4
177,0.17700000000000013,ramp,17.7,1.207656745920725,0.003334960485857019,1.0135469059193518,0.013546905919351815,0.002676065631459078,0.1401599956680842,0.003350508806875398,-0.6588948543979409,2,4
178,0.17800000000000013,ramp,17.8,1.2081593706826927,0.0005026247619677182,1.0135546286279449,0.013554628627944876,0.00046739130103699253,0.1406273869691212,0.0033797392144827676,-0.03523346093072568,2,4
179,0.17900000000000013,ramp,17.9,1.211518423336883,0.003359052654190231,1.013686732758172,0.013686732758172004,0.0027019536197624753,0.14332934058888366,0.003408959268606969,-0.6570990344277557,2,4
180,0.18000000000000013,ramp,18.0,1.2120313447477709,0.0005129214108878788,1.0136945949113159,0.01369459491131586,0.0004770493712413053,0.14380638996012496,0.003438376794351717,-0.03587203964657351,2,4
181,0.18100000000000013,ramp,18.1,1.2154144166576064,0.0033830719098355555,1.0138263530632927,0.013826353063292718,0.002727761550594562,0.14653415151071952,0.0034677835103478056,-0.6553103592409933,2,4
182,0.18200000000000013,ramp,18.2,1.2159377127551416,0.0005232960975352086,1.013834354257397,0.013834354257397097,0.0004867878704542596,0.14702093938117378,0.0034973875558721784,-0.036508227080948974,2,4
183,0.18300000000000013,ramp,18.3,1.2193447314459753,0.0034070186908337075,1.0139657679216558,0.013965767921655825,0.0027534899268866053,0.14977442930806037,0.003526980347220885,-0.6535287639471022,2,4
184,0.18400000000000014,ramp,18.4,1.2198784797358202,0.0005337482898448709,1.0139739077474499,0.013973907747449887,0.0004966062936782765,0.15027103560173866,0.0035567703275193934,-0.037141996166594395,2,4
185,0.18500000000000014,ramp,18.5,1.2233093731696407,0.0034308934338205255,1.0141049784016074,0.014104978401607404,0.002779139248890076,0.15305017485062875,0.0035865486207721053,-0.6517541849304495,2,4
186,0.18600000000000014,ramp,18.6,1.2238536506295015,0.0005442774598607425,1.0141132564444602,0.014113256444460154,0.0005065041386792048,0.15355667898930794,0.003616523963817867,-0.0377733211815377,2,4
187,0.18700000000000014,ramp,18.7,1.2273083472037847,0.0034546965742832114,1.0142439855534253,0.01424398555342532,0.0028047100141891487,0.15636138900349708,0.0036464871982323102,-0.6499865600940626,2,4
188,0.18800000000000014,ramp,18.8,1.2278632302871229,0.0005548830833381757,1.0142524013935152,0.014252401393515246,0.000516480905972851,0.15687786990946992,0.0036766473446168675,-0.038402177365324676,2,4
189,0.18900000000000014,ramp,18.9,1.2313416588333084,0.003478428546185519,1.0143827904098264,0.014382790409826374,0.0028302027177128306,0.15970807262718276,0.0037067949718058,-0.6482258284726885,2,4
190,0.19000000000000014,ramp,19.0,1.2319072234732147,0.000565564639906313,1.014391343622431,0.014391343622430997,0.0005265360988099503,0.1602346087259927,0.003737139374392424,-0.03902854109636268,2,4
191,0.19100000000000014,ramp,19.1,1.235409313255179,0.0035020897819644237,1.014521393986415,0.014521393986415054,0.0028556178517474182,0.16309022657774014,0.0037674708579852317,-0.6464719302170054,2,4
192,0.19200000000000014,ramp,19.2,1.235985634868261,0.0005763216130818538,1.0145300841420546,0.014530084142054589,0.0005366692231604729,0.16362689580090062,0.0037979989815744523,-0.039652389921380926,2,4
193,0.19300000000000014,ramp,19.3,1.2395113155810211,0.0035256807127601597,1.0146597972821418,0.01465979728214184,0.0028809559059493604,0.16650785170684998,0.00382851379689065,-0.6447248068107994,2,4
194,0.19400000000000014,ramp,19.4,1.2400984690708934,0.0005871534898722608,1.0146686239468163,0.01466862394681634,0.0005468797877004458,0.1670547314945504,0.0038592251178976725,-0.04027370217181501,2,4
195,0.19500000000000015,ramp,19.5,1.2436476708390682,0.003549201768174859,1.0147980012797404,0.014798001279740403,0.002906217367356456,0.16996094886190688,0.003889922751632467,-0.6429844008184028,2,4
196,0.19600000000000015,ramp,19.6,1.2442457306002053,0.0005980597611370264,1.014806964015133,0.014806964015132928,0.0005571673037969762,0.17051811616570386,0.003920816757775919,-0.04089245734005022,2,4
197,0.19700000000000015,ramp,19.7,1.2478183839763377,0.0035726533761324397,1.014936006946117,0.014936006946117075,0.002931402720400854,0.17344951888610471,0.003951696707695956,-0.6412506557315857,2,4
198,0.19800000000000015,ramp,19.8,1.248427423897547,0.0006090399212093089,1.0149451053097833,0.014945105309783324,0.0005675312854937852,0.1740170501715985,0.003982772897697024,-0.04150863571552373,2,4
199,0.19900000000000015,ramp,19.9,1.2520234598607995,0.0035960359632525307,1.015073815232793,0.015073815232792942,0.0029565124469216027,0.1769735626185201,0.004013834672346891,-0.639523516330928,2,4
200,0.20000000000000015,ramp,20.0,1.2526435533288525,0.000620093468052918,1.0150830487783413,0.015083048778341324,0.0005779712494972803,0.17755153386801736,0.004045092555639376,-0.042122218555637685,2,4
201,0.20100000000000015,ramp,20.1,1.2562629032832708,0.0036193499544183716,1.0152114270762853,0.015211427076285311,0.0029815470261757055,0.18053308089419307,0.004076335674057771,-0.6378029282426662,2,4
202,0.20200000000000015,ramp,20.2,1.2568941231863417,0.000631219903070912,1.0152207953535457,0.015220795353545702,0.0005884867151617562,0.18112156760935483,0.004107774770506868,-0.04273318790915578,2,4
203,0.20300000000000015,ramp,20.3,1.260536718959363,0.0036425957730212843,1.0153488433984772,0.015348843398477197,0.003006506934852364,0.18412807454420718,0.004139198761952598,-0.6360888381689205,2,4
204,0.20400000000000015,ramp,20.4,1.2611791376905406,0.0006424187311775409,1.015358345953676,0.015358345953675911,0.0005990772044759058,0.1847271517486831,0.004170818601583809,-0.04334152670163512,2,4
205,0.20500000000000015,ramp,20.5,1.264844911531239,0.0036657738406984386,1.0154860651069961,0.015486065106996127,0.0030313926470833335,0.18775854439576642,0.004202423005269896,-0.6343811936151051,2,4
206,0.20600000000000016,ramp,20.6,1.2654986009920484,0.000653689460809348,1.015495701482882,0.01549570148288204,0.0006097422420489086,0.18836828663781532,0.0042342231280060975,-0.04394721876043936,2,4
207,0.20700000000000016,ramp,20.7,1.2691874855696812,0.003688884577632834,1.0156230930954908,0.015623093095490814,0.003056204634455584,0.1914244912722709,0.004266007492843891,-0.63267994317725,2,4
208,0.20800000000000016,ramp,20.8,1.2698525171731725,0.0006650316034912951,1.0156328628316016,0.01563286283160159,0.0006204813550962539,0.19204497262736717,0.0042979874482509915,-0.04455024839504116,2,4
209,0.20900000000000016,ramp,20.9,1.2735644455754733,0.0037119284023008348,1.015759928244118,0.015759928244118093,0.0030809433660245623,0.19512591599339174,0.004329951332600757,-0.6309850362762724,2,4
210,0.21000000000000016,ramp,21.0,1.2742408902498201,0.0006764446743467989,1.0157698308767837,0.01576983087678374,0.0006312940734252828,0.195757210066817,0.004362110679641712,-0.04515060092151609,2,4
211,0.21100000000000016,ramp,21.1,1.2779757959812998,0.0037349057314797207,1.0158965714196944,0.01589657141969436,0.0031056093083247616,0.19886281937514177,0.004394253651072008,-0.629296423154959,2,4
212,0.21200000000000016,ramp,21.2,1.2786637241729577,0.0006879281916578606,1.0159066064823006,0.015906606482300578,0.0006421799294231755,0.19950499930456495,0.0044265919578676104,-0.04574826223468511,2,4
213,0.21300000000000016,ramp,21.3,1.282421541153338,0.0037578169803802464,1.0160330234761648,0.016033023476164754,0.0031302029253822104,0.20263520222994716,0.004458913592921753,-0.6276140549980359,2,4
214,0.21400000000000016,ramp,21.4,1.2831210228303347,0.0006994816769967382,1.0160431904992457,0.01604319049924574,0.0006531384580424106,0.20328834068798957,0.004491430436519753,-0.046343218954327664,2,4
215,0.21500000000000016,ramp,21.5,1.2869016853925972,0.0037806625622625045,1.016169285254802,0.0161692852548021,0.0031547246787279448,0.2064430653667175,0.004523930320489287,-0.6259378835345598,2,4
216,0.21600000000000016,ramp,21.6,1.287612790047734,0.0007111046551369071,1.0161795837661767,0.016179583766176675,0.000664169196785581,0.20710723456350308,0.004556625286639837,-0.046935458351326086,2,4
217,0.21700000000000016,ramp,21.7,1.291416232936852,0.003803442889117825,1.0163053575845606,0.016305357584560642,0.003179175027407925,0.210286409590911,0.004589303013344774,-0.6242678617099,2,4
218,0.21800000000000017,ramp,21.8,1.292139029590906,0.0007227966540541697,1.0163157871094597,0.01631578710945969,0.0006752716856955793,0.21096168127660658,0.004622175696281992,-0.04752496835859043,2,4
219,0.21900000000000017,ramp,21.9,1.2959651879616654,0.0038261583707592806,1.0164412412823536,0.01644124128235358,0.003203554427996123,0.21416523570460272,0.004655030867857755,-0.6226039427631577,2,4
220,0.22000000000000017,ramp,22.0,1.2966997451665434,0.000734557204878028,1.016451801343557,0.01645180134355706,0.0006864454673387995,0.2148516811719415,0.004688080870088991,-0.04811173753922846,2,4
221,0.22100000000000017,ramp,22.1,1.300548554582162,0.0038488094156186037,1.016576937153308,0.01657693715330799,0.003227863334607267,0.21807954450654876,0.004721113096779301,-0.6209460810113367,2,4
222,0.22200000000000017,ramp,22.2,1.3012949404238914,0.000746385841729369,1.0165876272712782,0.01658762727127816,0.0006976900867935154,0.21877723459334228,0.004754340028878742,-0.0486957549358536,2,4
223,0.22300000000000017,ramp,22.3,1.3051663368541653,0.003871396430273899,1.0167124459910553,0.016712445991055258,0.0032521021989061487,0.22202933679224843,0.004787548928833785,-0.6192942313677503,2,4
224,0.22400000000000017,ramp,22.4,1.30592461895607,0.0007582821019047614,1.0167232656840333,0.01672326568403326,0.0007090050916367019,0.22273834188388514,0.0048209524092439485,-0.049277010268059536,2,4
225,0.22500000000000017,ramp,22.5,1.3098185387756835,0.0038939198196135116,1.0168477685779633,0.01684776857796333,0.0032762714701234865,0.22601461335400863,0.004854337608325351,-0.6176483494900251,2,4
226,0.22600000000000017,ramp,22.6,1.310588784301374,0.0007702455256903828,1.0168587173620967,0.016858717362096654,0.0007203900319303498,0.226735003385939,0.004887917263161516,-0.04985549376003309,2,4
227,0.22700000000000017,ramp,22.7,1.3145051642879249,0.003916379986550922,1.0169829056854724,0.01698290568547245,0.0033003715950632446,0.23003537498100224,0.004921478394751665,-0.6160083914876773,2,4
228,0.22800000000000017,ramp,22.8,1.3152874399444634,0.0007822756565385447,1.0169939830748962,0.01699398307489619,0.0007318444602081908,0.23076721944121042,0.004955233857614368,-0.05043119633035386,2,4
229,0.22900000000000018,ramp,22.9,1.3192262172770588,0.0039387773325954,1.017117858074193,0.017117858074193082,0.003324403018119079,0.2340916224593295,0.004988970562430986,-0.6143743144763213,2,4
230,0.23000000000000018,ramp,23.0,1.3200205893176182,0.0007943720405594323,1.0171290635811707,0.017129063581170723,0.0007433679314625824,0.2348349903907921,0.005022901474220741,-0.05100410909684994,2,4
231,0.23100000000000018,ramp,23.1,1.32398170157486,0.003961112257241828,1.0172526264942807,0.01725262649428072,0.0033483661812833626,0.23818335657207546,0.005056813400137425,-0.6127460759584652,2,4
232,0.23200000000000018,ramp,23.2,1.3247882358019558,0.0008065342270957565,1.0172639596293076,0.0172639596293076,0.0007549600031326141,0.23893831657520806,0.0050909194088766315,-0.05157422396314239,2,4
233,0.23300000000000018,ramp,23.3,1.3287716209602654,0.003983385158309538,1.0173872116855909,0.017387211685590875,0.0033722615241578743,0.24231057809936593,0.005125006210746493,-0.6111236341516638,2,4
234,0.23400000000000018,ramp,23.4,1.3295903827285473,0.0008187617682819948,1.0173986719574668,0.017398671957466805,0.0007666202350921428,0.24307719833445807,0.005159286971404777,-0.052141533189851985,2,4
235,0.23500000000000018,ramp,23.5,1.3335959791603897,0.004005596431842395,1.0175216143779309,0.017521614377930872,0.0033960894839682237,0.24647328781842628,0.0051935483108899875,-0.6095069478741716,2,4
236,0.23600000000000018,ramp,23.6,1.3344270333795374,0.0008310542191476422,1.0175332012938592,0.017533201293859157,0.0007783481896330921,0.24725163600805938,0.005228003485213662,-0.05270602951455011,2,4
237,0.23700000000000018,ramp,23.7,1.3384547798516309,0.004027746472093474,1.0176558352912557,0.017655835291255695,0.003419850495574605,0.25067148650363397,0.005262439030617764,-0.6078959765188691,2,4
238,0.23800000000000018,ramp,23.8,1.3392981909891435,0.0008434111375126285,1.0176675483569475,0.017667548356947504,0.0007901434314565932,0.2514616299350906,0.00529706828696545,-0.05326770605603532,2,4
239,0.23900000000000018,ramp,23.9,1.3433480266607307,0.004049835671587232,1.0177898751358696,0.017789875135869604,0.0034435449914824606,0.25490517492657305,0.005331677713071423,-0.6062906801047713,2,4
240,0.24000000000000019,ramp,24.0,1.3442038587449145,0.0008558320841838274,1.0178017138556688,0.017801713855668755,0.0008020055276593344,0.2557071804542324,0.0053664807262510964,-0.05382655652449303,2,4
241,0.2410000000000002,ramp,24.1,1.34827572316583,0.00407186442091545,1.0179237346126873,0.01792373461268726,0.003467173401855111,0.2591743538560875,0.005401263714162716,-0.6046910190603388,2,4
242,0.2420000000000002,ramp,24.2,1.349144039788467,0.0008683166226370886,1.0179356984895742,0.017935698489574214,0.0008139340477203386,0.25998828790380785,0.005436240165274222,-0.05438257491675001,2,4
243,0.2430000000000002,ramp,24.3,1.353237872897491,0.004093833109023892,1.0180574144133756,0.018057414413375605,0.00349073615452366,0.2634790240583315,0.005471196402260721,-0.6030969545002324,2,4
244,0.2440000000000002,ramp,24.4,1.3541187372167234,0.0008808643192323995,1.0180695029490927,0.01806950294909271,0.0008259285634901829,0.2643049526218217,0.0055063459785424105,-0.054935755742216624,2,4
245,0.2450000000000002,ramp,24.5,1.3582344793396877,0.004115742122964283,1.0181909152205488,0.01819091522054883,0.0035142336750002426,0.26781918629682194,0.005541475157887722,-0.6015084479640406,2,4
246,0.2460000000000002,ramp,24.6,1.3591279540826011,0.0008934747429134582,1.0182031279157064,0.01820312791570644,0.0008379886491763217,0.2686571749459983,0.005576797552565217,-0.05548609373713653,2,4
247,0.2470000000000002,ramp,24.7,1.3632655459307719,0.004137591848170752,1.0183242377079722,0.018324237707972202,0.0035376663864899213,0.2721948413324882,0.005612099373419645,-0.5999254616808306,2,4
248,0.2480000000000002,ramp,24.8,1.3641716933963357,0.0009061474655638335,1.0183365740620964,0.018336574062096433,0.0008501138813309219,0.27304495521381916,0.00564759428555952,-0.05603358423291165,2,4
249,0.2490000000000002,ramp,24.9,1.368331076064402,0.004159382668066369,1.0184573825407326,0.018457382540732592,0.0035610347099006893,0.2766059899237199,0.005683068452796002,-0.59834795816568,2,4
250,0.25000000000000017,ramp,25.0,1.3692499581260098,0.0009188820616077287,1.0184698420523557,0.01846984205235569,0.0008623038388408039,0.27746829376256066,0.005718735587161428,-0.05657822276692475,2,4
251,0.25100000000000017,ramp,25.1,1.3734310730903478,0.00418111496433804,1.018590350375428,0.01859035037542811,0.003584339063854567,0.28105263282641524,0.005754381811233924,-0.5967759004834728,2,4
252,0.25200000000000017,ramp,25.2,1.3743627511985395,0.0009316781081916137,1.0186029325421522,0.018602932542152173,0.000874558102913508,0.2819271909293287,0.005790220878145284,-0.057120005278105665,2,4
253,0.25300000000000017,ramp,25.3,1.3785655403155261,0.004202789116986683,1.0187231418603406,0.01872314186034063,0.003607579864699694,0.2855347707940284,0.0058260388749506835,-0.5952092522869887,2,4
254,0.25400000000000017,ramp,25.4,1.379510075500622,0.0009445351850958517,1.0187358461789027,0.01873584617890267,0.0008868762570668555,0.28642164705109524,0.005862049590147433,-0.05765892802899613,2,4
255,0.25500000000000017,ramp,25.5,1.383734481004795,0.004224405504172912,1.018855757635539,0.01885575763553904,0.0036307575265204562,0.2900524045776157,0.005898039080891341,-0.593647977652456,2,4
256,0.25600000000000017,ramp,25.6,1.3846919338795682,0.0009574528747733346,1.0188685836018962,0.01886858360189625,0.000899257887115341,0.2909516624647311,0.005934221165397217,-0.0581949876579936,2,4
257,0.2570000000000002,ramp,25.7,1.3889378983816523,0.004245964502084032,1.0189881983331741,0.01898819833317411,0.003653872461150198,0.29460553492588126,0.0059703818764606734,-0.5920920409338338,2,4
258,0.2580000000000002,ramp,25.8,1.3899083291439513,0.0009704307622990793,1.019001145442551,0.019001145442550937,0.0009117025811578104,0.29551723750703907,0.006006735056453468,-0.058728181141268945,2,4
259,0.2590000000000002,ramp,25.9,1.39417579562931,0.004267466485358584,1.019120464577479,0.019120464577478957,0.0036769250781828987,0.29919416258522197,0.006043066719264002,-0.5905414071756855,2,4
260,0.2600000000000002,ramp,26.0,1.3951592640645751,0.0009834684352652001,1.019133532324455,0.019133532324455027,0.0009242099295664588,0.3001183725147884,0.006079590725945598,-0.05925850569874131,2,4
261,0.2610000000000002,ramp,26.1,1.3994481758912891,0.004288911826713981,1.019252556985022,0.01925255698502193,0.003699915784982535,0.3038182882997709,0.006116093076850766,-0.5889960417314465,2,4
262,0.2620000000000002,ramp,26.2,1.4004447413751417,0.0009965654838526294,1.0192657448635927,0.01926574486359267,0.000936779524974027,0.30475506782474493,0.006152787646321164,-0.05978595887860241,2,4
263,0.2630000000000002,ramp,26.3,1.4047550422721842,0.0043103008970424295,1.0193844761648667,0.019384476164866715,0.0037228449866951925,0.3084779128114401,0.00618946042646393,-0.587455910347237,2,4
264,0.2640000000000002,ramp,26.4,1.405764763772964,0.0010097215007798255,1.019397783668456,0.019397783668456015,0.0009494109622649476,0.3094273237737051,0.006226325299598078,-0.06031053851487792,2,4
265,0.2650000000000002,ramp,26.5,1.4100963978385224,0.004331634065558365,1.0195162227186148,0.01951622271861475,0.0037457130862570834,0.3131730368599622,0.006263168254795981,-0.5859209793012817,2,4
266,0.2660000000000002,ramp,26.6,1.4111193339198747,0.001022936081352288,1.0195296493401993,0.019529649340199295,0.0009621038385618937,0.31413514069852405,0.006300203177122135,-0.06083224279039437,2,4
267,0.2670000000000002,ramp,26.7,1.4154722456194366,0.004352911699561979,1.0196477972406615,0.019647797240661458,0.003768520484410915,0.31790366118293495,0.006337216057746749,-0.5843912151510637,2,4
268,0.2680000000000002,ramp,26.8,1.4165084544427096,0.0010362088232729327,1.0196613424727863,0.01966134247278628,0.0009748577532112233,0.31887851893614616,0.006374420779327746,-0.06135107006170943,2,4
269,0.2690000000000002,ramp,26.9,1.4208825886072785,0.004374134164568888,1.0197792003182595,0.019779200318259527,0.0037912675797133586,0.32266978651585954,0.0064116033401889145,-0.5828665848555294,2,4
270,0.2700000000000002,ramp,27.0,1.4219321279340535,0.0010495393267750952,1.0197928636531302,0.019792863653130155,0.0009876723077757244,0.3236574588236353,0.006448977615505864,-0.061867018999370825,2,4
271,0.2710000000000002,ramp,27.1,1.4263274297584996,0.00439530182444603,1.01991043253169,0.019910432531689892,0.003813954768546298,0.32747141359218157,0.00648632961573688,-0.5813470558997317,2,4
272,0.2720000000000002,ramp,27.2,1.427390356953057,0.0010629271945574725,1.0199242134611683,0.01992421346116835,0.0010005471060210457,0.3284719606982026,0.0065238732035748995,-0.062380088536426785,2,4
273,0.2730000000000002,ramp,27.3,1.4318067719942071,0.00441641504115009,1.0200414944543783,0.020041494454378306,0.0038365824451279183,0.3323085431433305,0.0065613944065186685,-0.5798325960221719,2,4
274,0.2740000000000002,ramp,27.4,1.4328831440259042,0.0010763720316970815,1.0200553924700722,0.020055392470072153,0.001013481753904957,0.3333220248972355,0.006599107069855059,-0.0628902777921245,2,4
275,0.2750000000000002,ramp,27.5,1.4373206182007163,0.004437474174812106,1.0201723866529955,0.020172386652995478,0.003859151001523121,0.3371811758987586,0.00663679724295574,-0.5783231732889851,2,4
276,0.2760000000000002,ramp,27.6,1.438410491646561,0.001089873445844658,1.0201864012463093,0.020186401246309327,0.0010264758595663183,0.33820765175832496,0.006674678748848608,-0.06339758627833965,2,4
277,0.2770000000000002,ramp,27.7,1.4428689712304974,0.004458479583936414,1.020303109687652,0.020303109687652032,0.0038816608276541742,0.34208931258597913,0.0067125376635417235,-0.5768187562822401,2,4
278,0.2780000000000002,ramp,27.8,1.4439724022773603,0.001103431046862946,1.0203172403498195,0.02031724034981952,0.0010395290333121369,0.34312884161929125,0.006750587783023942,-0.06390201355080914,2,4
279,0.2790000000000002,ramp,27.9,1.448451833902424,0.00447943162506359,1.0204336641119425,0.020433664111942473,0.0039041123113127507,0.347032953930604,0.006788615214630387,-0.5753193137508394,2,4
280,0.2800000000000002,ramp,28.0,1.4495688783496326,0.001117044447208615,1.0204479103341046,0.020447910334104646,0.0010526408876088242,0.34808559481821283,0.006826833722602061,-0.06440355959979076,2,4
281,0.2810000000000002,ramp,28.1,1.4540692090027099,0.004500330653077311,1.0205640504731077,0.02056405047310772,0.003926505838168835,0.35201210065638167,0.006865029450223944,-0.5738248149084764,2,4
282,0.2820000000000002,ramp,28.2,1.4551999222642074,0.0011307132614974957,1.0205784117463172,0.02057841174631725,0.0010658110370673627,0.35307791169344904,0.006903416125348454,-0.06490222443013305,2,4
283,0.2830000000000002,ramp,28.3,1.459721099285295,0.0045211770210875635,1.0206942693121124,0.02069426931211238,0.003948841791782951,0.357026753485232,0.006941779931766207,-0.5723352293046128,2,4
284,0.2840000000000002,ramp,28.4,1.4608655363920953,0.0011444371068003445,1.0207087451274066,0.020708745127406614,0.0010790390984359323,0.3581057925836679,0.006980334556369127,-0.06539800836441217,2,4
285,0.2850000000000002,ramp,28.5,1.4654075074726003,0.004541971080505025,1.0208243211638282,0.020824321163828152,0.00397112055361496,0.3620769131372829,0.007018866227939891,-0.5708505268900649,2,4
286,0.2860000000000002,ramp,28.6,1.466565723075029,0.0011582156024287915,1.0208389110122362,0.020838911012236228,0.0010923246905875602,0.3631692378278705,0.00705758858790647,-0.0658909118412313,2,4
287,0.2870000000000002,ramp,28.7,1.4711284362556916,0.004562713180662481,1.0209542065570463,0.020954206557046273,0.003993342503034982,0.36716258033090543,0.007096287914466426,-0.5693706776274988,2,4
288,0.2880000000000002,ramp,28.8,1.4723004846259595,0.001172048370267964,1.020968909929688,0.020968909929687918,0.0011056674345082944,0.3682682477654137,0.0071351777991447655,-0.06638093575966962,2,4
289,0.2890000000000002,ramp,28.9,1.4768838882954873,0.004583403669527808,1.021083926014652,0.021083926014652032,0.004015508017335025,0.37228375578274875,0.007174044573911146,-0.5678956521927829,2,4
290,0.2900000000000002,ramp,29.0,1.4780698233296559,0.0011859350341685282,1.0210987424027387,0.02109874240273868,0.0011190669532880758,0.3734028227360368,0.007213101776013468,-0.06686808088045239,2,4
291,0.2910000000000002,ramp,29.1,1.4826738662226138,0.004604042892957905,1.0212134800537125,0.021213480053712486,0.004037617471736546,0.37744044020777334,0.007252135795488391,-0.5664254212213587,2,4
292,0.2920000000000002,ramp,29.2,1.4838737414430638,0.001199875220450064,1.0212284089485735,0.021228408948573474,0.0011325228721079592,0.3785729630798813,0.007291360110996448,-0.06735234834210485,2,4
293,0.2930000000000002,ramp,29.3,1.488498372638533,0.0046246311954691866,1.0213428691855901,0.02134286918559014,0.00405967123940575,0.38263263431928707,0.00733056117487354,-0.5649599560634362,2,4
294,0.2940000000000002,ramp,29.4,1.489712241196174,0.0012138685576410513,1.021357910078738,0.021357910078737996,0.0011460348182290453,0.3837786691375161,0.007369952402945168,-0.06783373941200602,2,4
295,0.2950000000000002,ramp,29.5,1.4943574101156074,0.00464516891943334,1.021472093915968,0.02147209391596805,0.004081669691459344,0.38786033882897547,0.007409320314016497,-0.5634992279739959,2,4
296,0.2960000000000002,ramp,29.6,1.4955853247920983,0.00122791467649086,1.0214872462991438,0.02148724629914378,0.0011596024209842423,0.3890199412499597,0.007448878256892285,-0.06831225550661765,2,4
297,0.2970000000000002,ramp,29.7,1.5002509811977354,0.0046656564056370975,1.0216011547450494,0.021601154745049422,0.004103613196974532,0.39312355444693425,0.007488412820957477,-0.5620432086625654,2,4
298,0.2980000000000002,ramp,29.8,1.5014929944078426,0.0012420132101071957,1.0216164181102194,0.021616418110219415,0.001173225311767812,0.3942967797587021,0.007528137283871101,-0.06878789833938362,2,4
299,0.2990000000000002,ramp,29.9,1.5061790884009072,0.004686093993064633,1.0217300521676034,0.021730052167603375,0.004125502123002633,0.3984222818817047,0.007567838309647853,-0.560591870062,2,4
300,0.3000000000000002,ramp,30.0,1.507435252194697,0.0012561637937897885,1.0217454260070353,0.02174542600703533,0.0011869031240198606,0.39960918500572457,0.0076077291007358196,-0.06926066976992791,2,4
301,0.3010000000000002,ramp,30.1,1.5121417342138277,0.004706482019130709,1.021858786673045,0.021858786673045083,0.004147336834578658,0.4037565218403032,0.007647596399772396,-0.5591451845520512,2,4
302,0.3020000000000002,ramp,30.2,1.5134121002784906,0.001270366064662909,1.0218742704793065,0.021874270479306457,0.00120063549321941,0.4049571573335226,0.007687653329986888,-0.06973057144349891,2,4
303,0.3030000000000002,ramp,30.3,1.5181389210979535,0.004726820819462851,1.0219873587455313,0.02198735874553126,0.0041691176947280285,0.40912627502825066,0.007727686716574756,-0.5577031247348229,2,4
304,0.3040000000000002,ramp,30.4,1.5194235407605807,0.0012846196626272732,1.022002952011548,0.022002952011547894,0.0012144220568750612,0.4103406970851257,0.007767909599597476,-0.07019760575221198,2,4
305,0.3050000000000002,ramp,30.5,1.5241706514882607,0.004747110727679971,1.0221157688640894,0.02211576886408939,0.004190845064480145,0.41453154214960586,0.007808108890686251,-0.556265663199826,2,4
306,0.3060000000000002,ramp,30.6,1.525469575717675,0.0012989242294143555,1.022131471083142,0.02213147108314195,0.0012282624545134182,0.41575980460411927,0.007848497542842748,-0.07066177490093732,2,4
307,0.3070000000000002,ramp,30.7,1.530236927793775,0.004767352076100018,1.0222440175026124,0.0222440175026124,0.004212519302875603,0.41997232390699485,0.007888862557956622,-0.5548327732244149,2,4
308,0.3080000000000002,ramp,30.8,1.531550207202667,0.0013132794088919209,1.0222598281684256,0.022259828168425644,0.001242156327665772,0.4212144802346606,0.0079294167981329,-0.07112308122614883,2,4
309,0.3090000000000002,ramp,30.9,1.536337752397743,0.004787545195076071,1.0223721051300663,0.022372105130066267,0.004234140766979486,0.4254486210016401,0.007969947359288361,-0.5534044280965846,2,4
310,0.3100000000000002,ramp,31.0,1.5376654372448866,0.0013276848471435176,1.0223880237367777,0.02238802373677773,0.001256103319863357,0.42670472432150347,0.008010667008848772,-0.07158152728016054,2,4
311,0.3110000000000002,ramp,31.1,1.5424731276582078,0.004807690413321186,1.022500032210456,0.022500032210456045,0.0042557098118867,0.4309604341333902,0.008051362940472411,-0.551980601434486,2,4
312,0.3120000000000002,ramp,31.2,1.5438152678506483,0.0013421401924404996,1.0225160582526973,0.022516058252697313,0.0012701030766219398,0.43223053721001214,0.008092247823179582,-0.07203711581855987,2,4
313,0.3130000000000002,ramp,31.3,1.5486430559084177,0.0048277880577694,1.0226277992029684,0.022627799202968424,0.004277226790735842,0.436507764000748,0.008133108952029153,-0.5505612670335582,2,4
314,0.3140000000000002,ramp,31.4,1.5499997010034905,0.0013566450950728282,1.022643932175838,0.022643932175838044,0.0012841552454365345,0.4377919192461845,0.008174158893961895,-0.07248984963629362,2,4
315,0.3150000000000002,ramp,31.5,1.5548475394572758,0.004847838453785336,1.0227554065620355,0.022755406562035452,0.004298692054717238,0.4420906113009017,0.008215185049048071,-0.5491463990680975,2,4
316,0.3160000000000002,ramp,31.6,1.556218738664712,0.0013711992074361135,1.0227716459611675,0.02277164596116754,0.0012982594757642992,0.443388870776666,0.00825639987852502,-0.07293973167181422,2,4
317,0.3170000000000002,ramp,31.7,1.561086580589558,0.004867841924846017,1.0228828547374214,0.022882854737421354,0.00432010595308339,0.4477089767297494,0.008297590891032096,-0.5477359717626267,2,4
318,0.3180000000000002,ramp,31.8,1.5624723827735925,0.0013858021840345014,1.0228992000589903,0.022899200058990266,0.0013124154190220275,0.44902139214877146,0.008338970438534326,-0.07338676501247388,2,4
319,0.31900000000000023,ramp,31.9,1.5673601815664848,0.004887798792892362,1.023010144174274,0.02301014417427405,0.004341468833157624,0.45336286098192907,0.008380326141745631,-0.5463299597347377,2,4
320,0.32000000000000023,ramp,32.0,1.568760635247974,0.001400453681489111,1.0230265949150221,0.023026594915022125,0.001326622728571042,0.4546894837105001,0.008421870239839905,-0.0738309529180691,2,4
321,0.32100000000000023,ramp,32.1,1.5736683446262605,0.004907709378286551,1.0231372753131975,0.023137275313197536,0.004362781040343896,0.459052264750844,0.00846339046906288,-0.5449283379426548,2,4
322,0.32200000000000023,ramp,32.2,1.575083497984569,0.0014151533583084408,1.0231538309704977,0.023153830970497724,0.0013408810597111609,0.4603931458105551,0.008505098952326642,-0.07427229859727993,2,4
323,0.32300000000000023,ramp,32.3,1.5800110719839222,0.004927573999353285,1.0232642485903813,0.023264248590381342,0.00438404291813694,0.46477718872869206,0.008546783544818165,-0.5435310812163452,2,4
324,0.32400000000000023,ramp,32.4,1.5814409728591758,0.0014299008752536313,1.0232809086621866,0.023280908662186572,0.0013551900696655837,0.4661323787983576,0.008588656249767202,-0.07471080558804763,2,4
325,0.32500000000000023,ramp,32.5,1.5863883658322429,0.004947392973067011,1.0233910644375686,0.023391064437568554,0.00440525480813272,0.4705376336064903,0.008630505044661665,-0.5421381649342903,2,4
326,0.32600000000000023,ramp,32.6,1.5878330617271774,0.0014446958949345667,1.0234078284225019,0.023407828422501886,0.0013695494175752037,0.47190718302406554,0.008672541809676693,-0.07514647735936308,2,4
327,0.32700000000000023,ramp,32.7,1.5928002283418277,0.0049671666146502425,1.0235177232822292,0.02351772328222923,0.004426417050036246,0.4763336000741018,0.008714554647913266,-0.5407495646139963,2,4
328,0.32800000000000024,ramp,32.8,1.5942597664239164,0.0014595380820887627,1.023534590679576,0.023534590679576084,0.0013839587644868402,0.47771755883858863,0.00875675531316855,-0.0755793176019225,2,4
329,0.32900000000000024,ramp,32.9,1.5992466616615175,0.004986895237601097,1.0236442255475418,0.023644225547541753,0.004447529981671174,0.4821650888202598,0.0087989320374221,-0.539365255929923,2,4
330,0.33000000000000024,ramp,33.0,1.6007210887649137,0.0014744271033961809,1.023661195857285,0.02366119585728499,0.0013984177733472032,0.48356350659360703,0.008841296444815794,-0.07600933004897766,2,4
331,0.33100000000000024,ramp,33.1,1.6057276679186447,0.005006579153731039,1.0237705716525243,0.023770571652524275,0.004468593938989251,0.48803210053259627,0.008883636899427037,-0.5379852147417881,2,4
332,0.33200000000000024,ramp,33.2,1.6072170305462974,0.0014893626276526462,1.0237876443753386,0.023787644375338646,0.001412926108985853,0.4894450266415821,0.008926164892511702,-0.07643651866679314,2,4
333,0.33300000000000024,ramp,33.3,1.612243249219654,0.005026218673356508,1.0238967620120538,0.023896762012053818,0.0044896092560817455,0.4939346358976639,0.008968668923418358,-0.5366094172747629,2,4
334,0.33400000000000024,ramp,33.4,1.613747593545073,0.0015043443254190159,1.0239139366493681,0.02391393664936814,0.0014274834381123994,0.4953621193357763,0.009011360347332967,-0.07686088730661642,2,4
335,0.33500000000000024,ramp,33.5,1.6187934076500643,0.005045814104991386,1.0240227970369604,0.02402279703696042,0.004510576265185615,0.4998726956009619,0.009054027802004077,-0.535237839805771,2,4
336,0.33600000000000024,ramp,33.6,1.6203127795194443,0.001519371869380004,1.0240400730909234,0.024040073090923375,0.0014420894293037771,0.5013147850302657,0.009096882503406527,-0.0772824400762269,2,4
337,0.33700000000000024,ramp,33.7,1.625378145275111,0.00506536575566674,1.0241486771340524,0.024148677134052443,0.004531495296695697,0.5058462803269614,0.009139713230774962,-0.5338704589710431,2,4
338,0.33800000000000024,ramp,33.8,1.6269125902091837,0.0015344449340726207,1.0241660541076003,0.02416605410760031,0.0014567437529937836,0.5073030240799552,0.009182731057776805,-0.07770118107883715,2,4
339,0.33900000000000025,ramp,33.9,1.6319974641397794,0.005084873930595757,1.0242744027062212,0.024274402706221165,0.004552366679170526,0.5118553907591257,0.009225724908175217,-0.5325072514252311,2,4
340,0.34000000000000025,ramp,34.0,1.6335470273359598,0.0015495631961803813,1.0242918801030776,0.02429188010307759,0.00147144608146951,0.5133268368405952,0.009268905710276424,-0.07811711471087139,2,4
341,0.34100000000000025,ramp,34.1,1.638651366269412,0.0051043389334521905,1.0243999741524445,0.024399974152444548,0.0045731907393442685,0.5179000275799395,0.009312062535371651,-0.5311481941079219,2,4
342,0.34200000000000025,ramp,34.2,1.640216092603352,0.001564726333940003,1.0244175514771428,0.02441755147714275,0.0014861960888520396,0.5193862236687915,0.009355406163397835,-0.07853024508796343,2,4
343,0.34300000000000025,ramp,34.3,1.6453398536698267,0.005123761066474719,1.024525391867901,0.024525391867900925,0.004593967802135363,0.5239801914709269,0.009398725816129041,-0.5297932643393557,2,4
344,0.34400000000000025,ramp,34.4,1.6469197876976507,0.0015799340278239704,1.0245430686258128,0.02454306862581279,0.0015009934510960684,0.525481184922023,0.009442232122167061,-0.07894057672790197,2,4
345,0.34500000000000025,ramp,34.5,1.6520629283275556,0.005143140629904952,1.0246506562439999,0.02465065624399987,0.004614698190655161,0.5300958831126782,0.009485714456683794,-0.5284424392497906,2,4
346,0.34600000000000025,ramp,34.6,1.6536581142877051,0.0015951859601495144,1.024668431941319,0.02466843194131907,0.0015158378459755814,0.5316117209586537,0.009529383294020128,-0.07934811417393303,2,4
347,0.34700000000000025,ramp,34.7,1.6588205922103163,0.005162477922611153,1.024775767668433,0.024775767668433035,0.004635382226215393,0.5362471031848691,0.009573028165620903,-0.5270956963957596,2,4
348,0.34800000000000025,ramp,34.8,1.6604310740253707,0.0016104818150544098,1.0247936418122034,0.02479364181220345,0.0015307289530767376,0.5377778321379458,0.009616859388681285,-0.07975286197767217,2,4
349,0.34900000000000025,ramp,34.9,1.6656128472673137,0.005181773241943022,1.0249007265252377,0.02490072652523767,0.004656020228341926,0.5424338523662877,0.009660666653753272,-0.5257530136010954,2,4
350,0.35000000000000026,ramp,35.0,1.6672386685457925,0.0016258212784787673,1.0249186986233867,0.024918698623386693,0.0015456664537866955,0.5439795188200744,0.009704660118043506,-0.08015482469207183,2,4
351,0.35100000000000026,ramp,35.1,1.6724396954292442,0.005201026883451698,1.0250255331948341,0.025025533194834138,0.004676612514777565,0.548656131334852,0.009748629634003182,-0.5244143686741328,2,4
352,0.35200000000000026,ramp,35.2,1.6740808994678171,0.0016412040385729298,1.0250436027561778,0.025043602756177785,0.0015606500312857316,0.5502167813661377,0.00979278519604799,-0.08055400728719823,2,4
353,0.35300000000000026,ramp,35.3,1.6793011386089565,0.005220239141139338,1.025150188054103,0.025150188054102962,0.004697159401495595,0.5549139407676333,0.009836916821284616,-0.523079739643743,2,4
354,0.35400000000000026,ramp,35.4,1.6809577683937644,0.0016566297848079614,1.0251683545883654,0.025168354588365416,0.0015756793705386837,0.556489620138172,0.009881234338571665,-0.08095041426927772,2,4
355,0.35500000000000026,ramp,35.5,1.6861971787014292,0.005239410307664727,1.0252746914764188,0.02527469147641881,0.004717661202707823,0.5612072813408798,0.00992552793238782,-0.5217491049569035,2,4
356,0.35600000000000026,ramp,35.6,1.6878692769104466,0.0016720982090174807,1.0252929544942446,0.025292954494244624,0.001590754158283153,0.562798035499163,0.009970007263309351,-0.08134405073432767,2,4
357,0.35700000000000026,ramp,35.7,1.6931278175840783,0.005258540673631629,1.0253990438317087,0.025399043831708656,0.004738118230871608,0.5675361537300345,0.01001446268586596,-0.5204224427600209,2,4
358,0.35800000000000026,ramp,35.8,1.6948154265886657,0.0016876090045874204,1.0254174028446579,0.025417402844657877,0.0016058740830222345,0.5691420278130568,0.010059103689664766,-0.0817349215651859,2,4
359,0.35900000000000026,ramp,35.9,1.7000930571172463,0.005277630528580657,1.0255232454864665,0.02552324548646645,0.004758530796700249,0.5739005586097571,0.010103720801925085,-0.5190997318804081,2,4
360,0.36000000000000026,ramp,36.0,1.7017962189839988,0.0017031618667524562,1.0255417000070783,0.02554170000707834,0.001621038835019224,0.5755215974447763,0.01014852333863601,-0.08212303173323228,2,4
361,0.36100000000000027,ramp,36.1,1.7070928991442167,0.0052966801602178926,1.0256472968039083,0.025647296803908315,0.004778899209169799,0.5803004966539461,0.01019330200231131,-0.5177809510480934,2,4
362,0.36200000000000027,ramp,36.2,1.7088116556368362,0.0017187564926195442,1.0256658463456394,0.025665846345639398,0.0016362481062806732,0.5819367447602268,0.010238265932710076,-0.08250838633887107,2,4
363,0.36300000000000027,ramp,36.3,1.7141273454915122,0.005315689854676009,1.0257711981438344,0.02577119814383444,0.004799223775529077,0.5867359685357559,0.010283206010206323,-0.5164660791469322,2,4
364,0.36400000000000027,ramp,36.4,1.7158617380726278,0.001734392581115518,1.025789842221141,0.02578984222114089,0.0016515015905553974,0.5883874701263113,0.010328331195754109,-0.08289099056012066,2,4
365,0.36500000000000027,ramp,36.5,1.72119639796921,0.005334659896582217,1.0258949498628696,0.025894949862869554,0.0048195048013108584,0.5932069749276222,0.010373432550118945,-0.5151550952713583,2,4
366,0.36600000000000027,ramp,36.6,1.7229464678020885,0.0017500698328785091,1.0259136879911992,0.025913687991199197,0.0016667989833171963,0.5948737739109394,0.010418718852910598,-0.08327084956131288,2,4
367,0.36700000000000027,ramp,36.7,1.7283000583711696,0.005353590569081135,1.0260185523143892,0.02601855231438921,0.004839742590336168,0.5997135165012756,0.010463981347781755,-0.5138479787449666,2,4
368,0.36800000000000027,ramp,36.8,1.7300658463215597,0.001765787950390063,1.0260373840101704,0.026037384010170417,0.00168213998176446,0.60139565648304,0.0105094286304943,-0.08364796862560318,2,4
369,0.36900000000000027,ramp,36.9,1.735438328475256,0.005372482153696234,1.0261420058485948,0.02614200584859483,0.004859937444724974,0.6062555939277651,0.010554852130048623,-0.5125447089712604,2,4
370,0.3700000000000003,ramp,37.0,1.7372198751131052,0.0017815466378492406,1.026160930629273,0.026160930629272938,0.0016975242848080987,0.6079531182125731,0.010600460255889552,-0.08402235304114189,2,4
371,0.3710000000000003,ramp,37.1,1.7426112100435724,0.005391334930467284,1.0262653108125697,0.026265310812569664,0.004880089664903789,0.612833207877477,0.01064604462479248,-0.5112452655634953,2,4
372,0.3720000000000003,ramp,37.2,1.7444085556447981,0.001797345601225686,1.0262843281966048,0.026284328196604756,0.0017129515930582764,0.6145461594705353,0.010691813457452012,-0.08439400816740968,2,4
373,0.3730000000000003,ramp,37.3,1.7498187048225877,0.005410149177789592,1.026388467550307,0.026388467550306993,0.004900199549615725,0.619446359020151,0.010737558560807952,-0.5099496281738662,2,4
374,0.3740000000000003,ramp,37.4,1.7516318893709264,0.0018131845483386755,1.0264075770572043,0.026407577057204312,0.0017284216088251769,0.6211747806289761,0.010783487964407508,-0.08476293951349863,2,4
375,0.3750000000000003,ramp,37.5,1.7570608145437392,0.005428925172812793,1.0265114764027694,0.026511476402769407,0.004920267395928314,0.6260950480249045,0.010829393667713674,-0.5086577768844787,2,4
376,0.3760000000000003,ramp,37.6,1.7588898777323418,0.0018290631886026532,1.0265306775530558,0.026530677553055826,0.0017439340360995374,0.627838982061004,0.010875483506758526,-0.0851291525031158,2,4
377,0.3770000000000003,ramp,37.7,1.7643375409231297,0.0054476631907878215,1.026634337707882,0.026634337707881928,0.004940293499240062,0.632779275560244,0.010921549675854679,-0.5073696915477597,2,4
378,0.3780000000000003,ramp,37.8,1.7661825221562397,0.0018449812331100546,1.0266536300231537,0.026653630023153685,0.0017594885805540818,0.6345387641407981,0.010967799815187666,-0.08549265255597274,2,4
379,0.3790000000000003,ramp,37.9,1.7716488856620898,0.005466363505850058,1.0267570518006637,0.026757051800663678,0.004960278153292234,0.6394990422940904,0.011014026316210285,-0.5060853525578239,2,4
380,0.3800000000000003,ramp,38.0,1.7735098240571068,0.0018609383950169978,1.0267764348035398,0.02677643480353975,0.0017750849495262718,0.6412741272436167,0.011060436620964008,-0.085853445490726,2,4
381,0.3810000000000003,ramp,38.1,1.7789948504473516,0.00548502639024484,1.0268796190131355,0.026879619013135514,0.004980221650174449,0.6462543488937911,0.011106823320300835,-0.5048047400703914,2,4
382,0.3820000000000003,ramp,38.2,1.7808717848360929,0.0018769343887412582,1.0268990922273715,0.026899092227371524,0.001790722852016757,0.6480450717458078,0.011153393655851742,-0.08621153672450109,2,4
383,0.3830000000000003,ramp,38.3,1.7863754369511462,0.005503652115053326,1.0270020396745347,0.02700203967453474,0.0050001242803344136,0.6530451960261422,0.011199940420097636,-0.5035278347189122,2,4
384,0.3840000000000003,ramp,38.4,1.7882684058818543,0.0018929689307081166,1.0270216026249168,0.02702160262491682,0.001806401998675731,0.654851598024818,0.01124667065202185,-0.08656693203238545,2,4
385,0.3850000000000003,ramp,38.5,1.7937906468315754,0.005522240949721091,1.0271243141111703,0.027124314111170333,0.005019986332584636,0.6598715843574026,0.011293377347931483,-0.5022546171364554,2,4
386,0.3860000000000003,ramp,38.6,1.7956996885704504,0.0019090417388749614,1.0271439663235817,0.027143966323581736,0.001822122101799026,0.6616937064592016,0.011340267341960673,-0.08691963707593538,2,4
387,0.3870000000000003,ramp,38.7,1.8012404817326089,0.005540793162158497,1.0272464426465715,0.0272464426465715,0.005039808094113715,0.6667335145533153,0.011387133836407666,-0.5009850680447823,2,4
388,0.3880000000000003,ramp,38.8,1.8031656342656295,0.0019251525330206132,1.027266183648016,0.027266183648015918,0.0018378828753131047,0.6685713974286284,0.011434183458385398,-0.08726965770750852,2,4
389,0.3890000000000003,ramp,38.9,1.8087249432845718,0.0055593090189423044,1.0273684256015119,0.02736842560151187,0.005059589850489705,0.6736309872791181,0.011481209618318673,-0.4997191684525991,2,4
390,0.3900000000000003,ramp,39.0,1.8106662443189026,0.0019413010343307668,1.0273882549200972,0.02738825492009722,0.0018536840347774324,0.6754846713138956,0.011528418734158096,-0.08761699955333441,2,4
391,0.3910000000000003,ramp,39.1,1.8162440331039658,0.005577788785063209,1.0274902632940324,0.02749026329403237,0.005079331885673568,0.6805640031995691,0.011575604426559567,-0.4984568993896413,2,4
392,0.3920000000000003,ramp,39.2,1.8182015200699462,0.001957486965980415,1.0275101804589317,0.02751018045893172,0.0018695252973611701,0.6824335284969303,0.011622972902201517,-0.08796166861924494,2,4
393,0.3930000000000003,ramp,39.3,1.8237977527939817,0.0055962327240355325,1.027611956039438,0.02761195603943789,0.005099034482024411,0.6875325629789547,0.011670317994046251,-0.4971982420111211,2,4
394,0.3940000000000003,ramp,39.4,1.8257714628465902,0.0019737100526084905,1.0276319605810127,0.027631960581012693,0.001885406381850436,0.6894179693608051,0.011717845695418031,-0.08830367075805443,2,4
395,0.3950000000000003,ramp,39.5,1.831386103944613,0.005614641098022899,1.027733504150419,0.027733504150418975,0.005118697920307911,0.6945366672811131,0.011765350053631586,-0.4959431777149881,2,4
396,0.3960000000000003,ramp,39.6,1.8333760739650171,0.0019899700204040194,1.0277535956001214,0.02775359560012136,0.0019013270086271317,0.6964379942897402,0.011813036846607623,-0.08864301177688763,2,4
397,0.3970000000000003,ramp,39.7,1.8390090881327428,0.0056330141677256584,1.0278549079370114,0.027854907937011397,0.005138322479705365,0.7015763167694455,0.011860700338028775,-0.49469168802029373,2,4
398,0.3980000000000003,ramp,39.8,1.8410153547302055,0.0020062665974627247,1.0278750858274426,0.02787508582744258,0.0019172868996693323,0.7034936036691148,0.01190854608839001,-0.08897969779339239,2,4
399,0.3990000000000003,ramp,39.9,1.8466667069224347,0.005651352192229231,1.027976167706651,0.02797616770665101,0.005157908437817406,0.7086515121069322,0.011956368579729966,-0.4934437544118252,2,4
400,0.4000000000000003,ramp,40.0,1.848689306435678,0.0020225995132432395,1.0279964315715664,0.027996431571566394,0.0019332857785439768,0.7105847978854762,0.012004373153126004,-0.08931373469926274,2,4
401,0.4010000000000003,ramp,40.1,1.8543589618650675,0.005669655429389575,1.0280972837642328,0.028097283764232817,0.005177456070677142,0.7157622539561533,0.012052354510931852,-0.4921993587124335,2,4
402,0.4020000000000003,ramp,40.2,1.8563979303639568,0.002038968498889293,1.0281176331385267,0.028117633138526665,0.0019493233703875143,0.7177115773265409,0.012100517772842618,-0.08964512850177883,2,4
403,0.4030000000000003,ramp,40.3,1.8620858544995262,0.0056879241355694,1.0282182564121114,0.028218256412111398,0.005196965652758376,0.7229085429792993,0.012148657863458688,-0.49095848281102433,2,4
404,0.4040000000000003,ramp,40.4,1.8641412277867988,0.002055373287272566,1.0282386908318428,0.028238690831842828,0.0019653994019088053,0.7248739423812081,0.012196979679156433,-0.08997388536376073,2,4
405,0.4050000000000003,ramp,40.5,1.8698473863523968,0.005706158565597974,1.028339085950148,0.028339085950148002,0.005216437456980956,0.730090379838189,0.012245278368688961,-0.4897211086170184,2,4
406,0.4060000000000003,ramp,40.6,1.8719191999649398,0.0020718136125430497,1.0283596049525272,0.028359604952527206,0.0019815136013765816,0.7320718934395656,0.012293758603203545,-0.09030001116646812,2,4
407,0.4070000000000003,ramp,40.7,1.877643558938039,0.005724358973099086,1.0284597726757303,0.0284597726757303,0.005235871754715336,0.7373077651942809,0.012342215757482627,-0.4884872183837504,2,4
408,0.4080000000000003,ramp,40.8,1.879731848148959,0.002088289210920191,1.0284803757991494,0.028480375799149416,0.0019976656986147928,0.7393054308928957,0.012390854275564262,-0.09062351230539836,2,4
409,0.4090000000000003,ramp,40.9,1.8854743737589468,0.00574252560998767,1.0285803168838281,0.028580316883828116,0.005255268815799164,0.7445606997086949,0.012439469760109394,-0.48725679418850587,2,4
410,0.4100000000000003,ramp,41.0,1.8875791735787206,0.0021047998197738504,1.0286010036678574,0.02860100366785745,0.0020138554249883285,0.7465745551336832,0.012488266426195138,-0.0909443947855219,2,4
411,0.4110000000000003,ramp,41.1,1.8933398323057808,0.005760658727060219,1.0287007188669925,0.028700718866992547,0.005274628908537568,0.7518491840422208,0.012537040106182678,-0.48602981852265137,2,4
412,0.4120000000000003,ramp,41.2,1.8954611774839258,0.0021213451781449955,1.0287214888523752,0.028721488852375243,0.002030082513399819,0.7538792665556207,0.012585994784358725,-0.09126266474517637,2,4
413,0.4130000000000003,ramp,41.3,1.9012399360575074,0.005778758573581566,1.0288209789154152,0.02882097891541524,0.005293952299712809,0.7591732188553335,0.012634926524585666,-0.48480627386875746,2,4
414,0.4140000000000003,ramp,41.4,1.9033778610842664,0.0021379250267590244,1.0288418316440742,0.028841831644074167,0.00204634669828338,0.7612195655536169,0.01268403907855817,-0.0915783284756444,2,4
415,0.4150000000000003,ramp,41.5,1.9091746864816668,0.00579682539740034,1.0289410973169248,0.028941097316924846,0.005313239254595857,0.7665328048082127,0.0127331287434089,-0.4835861428044829,2,4
416,0.4160000000000003,ramp,41.6,1.9113292255894825,0.0021545391078157117,1.0289620323319948,0.02896203233199479,0.002062647715589246,0.768595452523802,0.01278239903646753,-0.09189139222646547,2,4
417,0.4170000000000003,ramp,41.7,1.9171440850345265,0.005814859445044007,1.0290610743570379,0.029061074357037864,0.005332490036948516,0.7739279425607505,0.012831646489882479,-0.4823694080954913,2,4
418,0.4180000000000003,ramp,41.8,1.919315272199432,0.002171187164905497,1.0290820912028533,0.029082091202853322,0.002078985302784608,0.7760069278635351,0.01288107438487013,-0.09220186212088909,2,4
419,0.4190000000000003,ramp,41.9,1.9251481331610845,0.005832860961652475,1.029180910318997,0.029180910318997055,0.0053517049090334645,0.7813586327725686,0.01293047949031424,-0.4811560526190106,2,4
420,0.4200000000000003,ramp,42.0,1.92733600210457,0.002187868943485549,1.0292020085410858,0.02920200854108579,0.002095359198839973,0.7834539919714085,0.012980064849593343,-0.09250974464557626,2,4
421,0.4210000000000003,ramp,42.1,1.9331868322953798,0.005850830190809786,1.02930060548379,0.0293006054837901,0.005370884131622744,0.7888248761030313,0.0130296274700245,-0.47994605918704175,2,4
422,0.4220000000000003,ramp,42.2,1.935391416485511,0.0022045841901312535,1.0293217846288951,0.02932178462889512,0.002111769144224554,0.7909366452472558,0.013079370155448487,-0.09281504590669945,2,4
423,0.4230000000000003,ramp,42.3,1.9412601838606696,0.005868767375158512,1.0294201601301751,0.02942016013017512,0.005390027964003057,0.7963266732112588,0.013129090153285693,-0.4787394111554549,2,4
424,0.4240000000000003,ramp,42.4,1.9434815165140318,0.002221332653362218,1.0294414197462178,0.029441419746217834,0.0021282148808956965,0.7984548880921545,0.013178990026167577,-0.0931177724665215,2,4
425,0.4250000000000003,ramp,42.5,1.9493681892694799,0.005886672755448075,1.0295395745346483,0.029539574534648283,0.00540913666398806,0.8038640247561425,0.013228867263263685,-0.47753609146001463,2,4
426,0.4260000000000003,ramp,42.6,1.951606303352245,0.002238114082765197,1.0295609141708155,0.029560914170815522,0.0021446961522937577,0.8060087209084362,0.01327892418434565,-0.0934179304714392,2,4
427,0.4270000000000003,ramp,42.7,1.957510849923709,0.005904546571463998,1.0296588489716112,0.029658848971611196,0.005428210487919354,0.8114369313963555,0.013328958521955767,-0.47633608354464335,2,4
428,0.4280000000000003,ramp,42.8,1.9597657781534892,0.0022549282297801287,1.029680268178283,0.029680268178283065,0.002161212703332158,0.8135981440996877,0.013379172351382154,-0.09371552644797057,2,4
429,0.4290000000000003,ramp,42.9,1.9656881672149966,0.005922389061507438,1.0297779837132863,0.029777983713286327,0.005447249690680088,0.8190453937903678,0.013429363650136309,-0.47513937082735,2,4
430,0.4300000000000003,ramp,43.0,1.9679599420620506,0.0022717748470539867,1.0297994820420542,0.02979948204205418,0.00217776428039135,0.8212231580707592,0.013479734247423446,-0.0940105666626368,2,4
431,0.4310000000000003,ramp,43.1,1.9739001425246174,0.005940200462566825,1.0298969790297396,0.029896979029739645,0.0054662545256970885,0.8266894125964562,0.013530082367299972,-0.47394593686973624,2,4
432,0.43200000000000033,ramp,43.2,1.9761887962135511,0.0022886536889337172,1.0299185560334607,0.02991855603346072,0.002194350631312037,0.8288837632277682,0.01358060959130795,-0.09430305762168044,2,4
433,0.43300000000000033,ramp,43.3,1.9821467772237205,0.005957981010169311,1.030015835188971,0.030015835188970996,0.005485225244953266,0.8343689884727216,0.013631114391604181,-0.47275576521604507,2,4
434,0.43400000000000033,ramp,43.4,1.984452341734987,0.0023055645112666223,1.0300374904217038,0.030037490421703783,0.002210971505383178,0.8365799599781047,0.013681798100512784,-0.09459300588344435,2,4
435,0.43500000000000033,ramp,43.5,1.9904280726736292,0.005975730938642121,1.0301345524568963,0.030134552456896335,0.005504162098991045,0.8420841220770958,0.013732459439818516,-0.47156883965107554,2,4
436,0.43600000000000033,ramp,43.6,1.9927505797446585,0.0023225070710293227,1.030156285473939,0.030156285473939004,0.0022276266533429513,0.8443117487304388,0.013783299491097982,-0.09488041768637148,2,4
437,0.43700000000000033,ramp,43.7,1.9987440302256636,0.00599345048100508,1.0302531310973824,0.03025313109738237,0.005523065336920614,0.8498348140673594,0.013834117227271157,-0.47038514408446597,2,4
438,0.43800000000000033,ramp,43.8,2.0010835113526104,0.0023394811269468185,1.030274941455272,0.030274941455272097,0.002244315827358631,0.852079129894718,0.013885113477657546,-0.09516529958818751,2,4
439,0.43900000000000033,ramp,43.9,2.0070946512215384,0.006011139868927984,1.0303715713722696,0.030371571372269646,0.005541935206431437,0.8576210651011494,0.013936087467797181,-0.4692046624965472,2,4
440,0.44000000000000034,ramp,44.0,2.0094511376606885,0.002356486439150096,1.0303934586287973,0.030393458628797276,0.0022610387810330884,0.8598821038821826,0.013987239773267709,-0.09544765811700774,2,4
441,0.44100000000000034,ramp,44.1,2.0154799369934118,0.006028799332723267,1.0304898735413843,0.030489873541384327,0.005560771953790972,0.8654428758359736,0.014038369873689706,-0.46802737893229457,2,4
442,0.44200000000000034,ramp,44.2,2.0178534597624975,0.0023735227690857563,1.0305118372555795,0.030511837255579488,0.0022777952693880965,0.8677206711053617,0.014089678089436205,-0.09572749969765987,2,4
443,0.44300000000000034,ramp,44.3,2.0238998888638413,0.0060464291013437865,1.0306080378626006,0.03060803786260058,0.0055795758238598005,0.8733002469292215,0.014140964155649123,-0.46685327748398603,2,4
444,0.44400000000000034,ramp,44.4,2.0262904787437384,0.0023905898798970426,1.0306300775947141,0.030630077594714145,0.0022945850488570846,0.8755948319780785,0.014192428136055398,-0.096004831039958,2,4
445,0.44500000000000034,ramp,44.5,2.032354508146417,0.0060640294026788055,1.030726064591814,0.03072606459181393,0.005598347060099226,0.8811931790381777,0.01424387002273817,-0.4656823425795795,2,4
446,0.44600000000000034,ramp,44.6,2.0347621956821995,0.0024076875357823546,1.0307481799033924,0.030748179903392403,0.0023114078772833004,0.8835045869154611,0.01429548962135611,-0.09627965849905422,2,4
447,0.44700000000000034,ramp,44.7,2.0408437961452415,0.0060816004630419584,1.030843953982997,0.030843953982996997,0.005617085904568266,0.8891216728200293,0.014347087182332118,-0.4645145584736927,2,4
448,0.44800000000000034,ramp,44.8,2.0432686116478562,0.002424815502614752,1.0308661444368175,0.030866144436817455,0.002328263513908847,0.8914499363339381,0.01439886225185966,-0.09655198870590519,2,4
449,0.44900000000000034,ramp,44.9,2.0493677541554867,0.0060991425076304395,1.0309617062882126,0.030961706288212598,0.005635792597943557,0.8970857289318817,0.01445061534007689,-0.4633499096868823,2,4
450,0.45000000000000034,ramp,45.0,2.0518097277031315,0.00244197354764486,1.030983971448295,0.0309839714482949,0.0023451517193678654,0.8994308806512495,0.014502545732335146,-0.0968218282769947,2,4
451,0.45100000000000035,ramp,45.1,2.057926383463459,0.006116655760327383,1.0310793217576364,0.03107932175763639,0.005654467379516901,0.9050853480307665,0.01455445419984316,-0.46218838081048175,2,4
452,0.45200000000000035,ramp,45.2,2.0603855449028394,0.0024591614393805195,1.031101661189284,0.031101661189284036,0.002362072255679724,0.9074474202864462,0.014606539765754096,-0.09708918370079532,2,4
453,0.45300000000000035,ramp,45.3,2.06651968534664,0.006134140443800451,1.0311968006395846,0.031196800639584632,0.005673110487206318,0.9131205307736525,0.014658603463683027,-0.4610299565941328,2,4
454,0.45400000000000035,ramp,45.4,2.0689960655534194,0.002476380206779538,1.031219213947587,0.031219213947587088,0.002379025938779933,0.9154995567124324,0.014710844077080934,-0.09735426799960516,2,4
455,0.45500000000000035,ramp,45.5,2.07514766002857,0.006151594475150457,1.0313141431878372,0.03131414318783721,0.005691720008295592,0.921191276720728,0.014763062878083232,-0.4598744668548654,2,4
456,0.45600000000000035,ramp,45.6,2.0776412894428535,0.00249362941428366,1.031336629933088,0.031336629933087945,0.0023960125825576487,0.9235872893032856,0.01481545836528454,-0.09761683172601143,2,4
457,0.45700000000000035,ramp,45.7,2.0838103098370957,0.006169020394242164,1.0314313496463896,0.031431349646389606,0.005710298311408111,0.9292975876146937,0.014867832106905076,-0.4587220828340529,2,4
458,0.45800000000000035,ramp,45.8,2.08632121759542,0.002510907758324521,1.0314539093895967,0.03145390938959669,0.002413030868999735,0.9317106184836934,0.014920382312682421,-0.0978768893247859,2,4
459,0.45900000000000035,ramp,45.9,2.09250763601108,0.006186418415659922,1.0315484202549947,0.031548420254994713,0.0057288456312862565,0.9374394641149797,0.014972910838185636,-0.45757278437366566,2,4
460,0.46000000000000035,ramp,46.0,2.0950358510367417,0.0025282150256615843,1.0315710525611976,0.03157105256119763,0.002430080563017099,0.9398695446779968,0.015025615609579384,-0.09813446264448537,2,4
461,0.46100000000000035,ramp,46.1,2.1012396397878743,0.006203788751132588,1.0316653552532489,0.03166535525324887,0.005747362201616678,0.9456169068796134,0.015078298763936243,-0.45642654951591044,2,4
462,0.46200000000000035,ramp,46.2,2.1037851907867506,0.0025455509988763225,1.0316880596904094,0.03168805969040944,0.002447161432032393,0.9480640683116458,0.015131157947410063,-0.09838956684392937,2,4
463,0.46300000000000036,ramp,46.3,2.110006322399562,0.006221131612811348,1.031782154879658,0.031782154879657964,0.005765848254451475,0.9538299165660973,0.015183995575580556,-0.45528335835987294,2,4
464,0.46400000000000036,ramp,46.4,2.112569237858514,0.002562915458951931,1.0318049310180362,0.031804931018036164,0.0024642732453318125,0.9562941898114291,0.015237009016579055,-0.09864221362011846,2,4
465,0.46500000000000036,ramp,46.5,2.1188076850712507,0.0062384472127368085,1.0318988193712761,0.031898819371276144,0.00578430402025982,0.962078493831689,0.015290000962973687,-0.4541431924769881,2,4
466,0.46600000000000036,ramp,46.6,2.1213879932580424,0.002580308186791669,1.0319216667830744,0.0319216667830744,0.0024814157738129745,0.964559909605502,0.015343168505839293,-0.09889241297869437,2,4
467,0.46700000000000036,ramp,46.7,2.127643729020896,0.006255735762853654,1.0320153489636186,0.03201534896361857,0.005802729728015978,0.970362639333518,0.015396314614083953,-0.4530060348376759,2,4
468,0.46800000000000036,ramp,46.8,2.1302414579846665,0.002597728963770418,1.0320382672227726,0.03203826722277259,0.0024985887898740255,0.972861228123392,0.015449636102043838,-0.09914017389639268,2,4
469,0.46900000000000036,ramp,46.9,2.1365144554589066,0.0062729974742401495,1.0321317438905895,0.03213174389058948,0.005821125605256214,0.9786823537286482,0.015502936214858626,-0.45187186898393555,2,4
470,0.47000000000000036,ramp,47.0,2.139129633030989,0.0026151775720824055,1.032154732572637,0.03215473257263701,0.0025157920673513166,0.9811981457959995,0.015556411490017397,-0.09938550473108897,2,4
471,0.47100000000000036,ramp,47.1,2.145419865588332,0.006290232557343067,1.0322480043844995,0.032248004384499485,0.005839491878123771,0.9870376376741233,0.015609865449139856,-0.45074067921929606,2,4
472,0.47200000000000036,ramp,47.2,2.1480525193830475,0.002632653794715445,1.0322710630664556,0.03227106306645555,0.002533025381459681,0.989570663055583,0.015663494352477457,-0.09962841325576385,2,4
473,0.47300000000000036,ramp,47.3,2.154359960604732,0.006307441221684584,1.0323641306759914,0.03236413067599142,0.005857828771406183,0.9954284918269892,0.015717101998613297,-0.44961245027840163,2,4
474,0.47400000000000037,ramp,47.4,2.157010118020554,0.0026501574158217522,1.0323872589363603,0.0323872589363603,0.0025502885087767334,0.9979787803357659,0.015770884369977922,-0.09986890704501887,2,4
475,0.47500000000000037,ramp,47.5,2.1633347416961315,0.006324623675577623,1.0324801229941418,0.032480122994141825,0.005876136508551157,1.0038549168443172,0.015824645542762694,-0.44848716702646646,2,4
476,0.47600000000000037,ramp,47.6,2.1660024299167806,0.0026676882206491115,1.0325033204128078,0.03250332041280779,0.0025675812272139926,1.006422498071531,0.01587858122086394,-0.10010699343511886,2,4
477,0.47700000000000037,ramp,47.7,2.1723442100433554,0.006341780126574825,1.0325959815663812,0.032595981566381216,0.005894415311685738,1.0123169133832168,0.015932495758833466,-0.4473648148890872,2,4
478,0.47800000000000037,ramp,47.8,2.175029456038919,0.0026852459955635233,1.0326192477245855,0.032619247724585465,0.002584903316003123,1.0149018166992199,0.015986584581230003,-0.10034267956040037,2,4
479,0.47900000000000037,ramp,47.9,2.1813883668199123,0.0063589107809933765,1.0327117066185976,0.03271170661859757,0.005912665401634052,1.020814482100854,0.016040652321797702,-0.44624537935932485,2,4
480,0.48000000000000037,ramp,48.0,2.184091197348134,0.0027028305282215115,1.032735041098926,0.032735041098926,0.0026022545556825937,1.0234167366565365,0.01609489412489139,-0.10057597253891777,2,4
481,0.48100000000000037,ramp,48.1,2.1904672131921257,0.0063760158439918335,1.03282729837503,0.032827298375029956,0.005930886997924721,1.0293476236544612,0.01614911490432398,-0.44512884606711256,2,4
482,0.4820000000000004,ramp,48.2,2.1931876547995284,0.0027204416074027016,1.0328507007614376,0.03285070076143759,0.002619634728079982,1.0319672583825412,0.016203509523347207,-0.1008068793227194,2,4
483,0.4830000000000004,ramp,48.3,2.199580750319191,0.006393095519662495,1.0329427570583911,0.032942757058391114,0.0059490803188075835,1.0379163387013488,0.016257883176747333,-0.44401520085491153,2,4
484,0.4840000000000004,ramp,48.4,2.202318829342319,0.0027380790231279484,1.0329662269361375,0.03296622693613749,0.002637043616306551,1.0405533823176554,0.01631243044574993,-0.1010354068213975,2,4
485,0.4850000000000004,ramp,48.5,2.2087289793533103,0.006410150010991433,1.033058082889848,0.033058082889847906,0.005967245581259609,1.046520627898915,0.016366956807042532,-0.4429044297318239,2,4
486,0.4860000000000004,ramp,48.6,2.2114847219200646,0.002755742566754371,1.0330816198454844,0.03308161984548441,0.0026544810047487103,1.0491751089036636,0.01642165655888468,-0.10126156200566082,2,4
487,0.4870000000000004,ramp,48.7,2.2179119014398445,0.006427179519779891,1.0331732760890293,0.03317327608902931,0.005985383000994767,1.0551604919046584,0.016476335460797617,-0.4417965187851237,2,4
488,0.4880000000000004,ramp,48.8,2.2206853334705117,0.0027734320306671556,1.0331968797104105,0.03319687971041052,0.0026719466790526576,1.057832438583711,0.01653118752713281,-0.10148535161449805,2,4
489,0.4890000000000004,ramp,48.9,2.2271295177172012,0.006444184246689577,1.033288336874016,0.033288336874016,0.006003492792470795,1.0638359313761818,0.016586018801185418,-0.44069145421878236,2,4
490,0.4900000000000004,ramp,49.0,2.229920664925881,0.0027911472086796785,1.033312006750324,0.033312006750324086,0.0026894404261253836,1.066525371802307,0.016641023012454934,-0.10170678255429481,2,4
491,0.4910000000000004,ramp,49.1,2.23638182931717,0.006461164391288854,1.0334032654614074,0.03340326546140737,0.006021575168901768,1.0725469469712088,0.016696006488942605,-0.4395892223870859,2,4
492,0.4920000000000004,ramp,49.2,2.2391907172130057,0.0028088878958358876,1.0334270011830993,0.03342700118309927,0.0027069620341162387,1.075253909005325,0.0167511626743609,-0.10192586171964886,2,4
493,0.4930000000000004,ramp,49.3,2.2456688373648435,0.006478120151837796,1.0335180620663131,0.03351806206631314,0.006039630342256103,1.081293539347581,0.016806298182345334,-0.4384898095816936,2,4
494,0.4940000000000004,ramp,49.4,2.248495491253146,0.0028266538883023884,1.0335418632251396,0.033541863225139634,0.0027245112924261738,1.0840180506400072,0.01686160616988906,-0.10214259587621463,2,4
495,0.4950000000000004,ramp,49.5,2.254990542978855,0.006495051725709189,1.0336327269023644,0.03363272690236441,0.0060576585232721475,1.0900757091632793,0.016916893537185295,-0.4373932024370414,2,4
496,0.4960000000000004,ramp,49.6,2.2578349879622466,0.0028444449833915364,1.0336565930913975,0.03365659309139746,0.0027420879916798674,1.0928177971549593,0.01697235315358462,-0.10235699171166901,2,4
497,0.4970000000000004,ramp,49.7,2.2643469472712847,0.00651195930903814,1.0337472601817441,0.03374726018174412,0.006075659921463934,1.0988934570764233,0.017027792206749052,-0.4362993875742056,2,4
498,0.4980000000000004,ramp,49.8,2.267209208251221,0.0028622609799362486,1.0337711909953133,0.03377119099531334,0.002759691923734557,1.1016531490001578,0.017083403277477534,-0.10256905620169157,2,4
499,0.4990000000000004,ramp,49.9,2.2737380513479657,0.00652884309674473,1.0338616621151744,0.033861662115174385,0.006093634745120061,1.107746783745278,0.01713899384179875,-0.4352083516246689,2,4
500,0.5000000000000003,ramp,50.0,2.276618153025619,0.0028801016776531796,1.0338856571489217,0.033885657148921666,0.002777322881668058,1.110524106626946,0.01719475619106028,-0.10277879598512155,2,4
501,0.5010000000000003,ramp,50.1,2.2831638563081937,0.006545703282574866,1.0339759329119678,0.033975932911967766,0.0061115832013233715,1.1166356898282694,0.01725049809054869,-0.43412008125149476,2,4
502,0.5020000000000003,ramp,50.2,2.2860618231860963,0.002897966877902558,1.0339999917628249,0.033999991762824866,0.002794980659772475,1.119430670488042,0.01730641154127222,-0.10298621813008323,2,4
503,0.5030000000000003,ramp,50.3,2.2926243632454737,0.0065625400593773975,1.0340900727800306,0.03409007278003062,0.006129505495939722,1.1255601759839817,0.017362304598649552,-0.43303456343767555,2,4
504,0.5040000000000003,ramp,50.4,2.295540219628121,0.0029158563826472417,1.0341141950461872,0.03411419504618718,0.0028126650535476947,1.1283728410375293,0.017418368972476263,-0.10319132909954697,2,4
505,0.5050000000000003,ramp,50.5,2.3021195732469364,0.006579353618815453,1.0342040819258556,0.034204081925855556,0.0061474018336463605,1.1345202428711756,0.017474413009167876,-0.4319517851690928,2,4
506,0.5060000000000003,ramp,50.6,2.3050533432424936,0.0029337699955571672,1.034228267206822,0.03422826720682193,0.002830375859691994,1.1373506187308675,0.0175306281264468,-0.10339413586517342,2,4
507,0.5070000000000003,ramp,50.7,2.3116494873937556,0.006596144151262084,1.0343179605545765,0.03431796055457648,0.006165272417920586,1.1435158911487882,0.0175868229625715,-0.4308717333414988,2,4
508,0.5080000000000003,ramp,50.8,2.314601194915153,0.0029517075213973953,1.0343422084511231,0.034342208451123124,0.002848112876096879,1.146364004024885,0.01764318864234503,-0.1035946453005164,2,4
509,0.5090000000000003,ramp,50.9,2.321214106761258,0.0066129118461049075,1.0344317088699226,0.03443170886992264,0.006183117451054291,1.1525471214759393,0.017699534096708863,-0.4297943950506162,2,4
510,0.5100000000000003,ramp,51.0,2.3241837755270875,0.002969668765829603,1.0344560189841372,0.03445601898413719,0.002865875901849978,1.1554129973777894,0.017756050156711136,-0.10379286397962494,2,4
511,0.5110000000000003,ramp,51.1,2.33081343241887,0.0066296568917825205,1.034545327074318,0.0345453270743179,0.006200937134154503,1.1616139345119438,0.01781254604679602,-0.42871975762801773,2,4
512,0.5120000000000003,ramp,51.2,2.3338010859548803,0.0029876535360102707,1.0345696990095454,0.03456969900954543,0.0028836647372107397,1.1644975992491546,0.01786921230344058,-0.10398879879953103,2,4
513,0.5130000000000003,ramp,51.3,2.340447465430252,0.0066463794753715,1.0346588153688216,0.03465881536882165,0.006218731667157292,1.170716330916312,0.01792585844540177,-0.42764780821420795,2,4
514,0.5140000000000003,ramp,51.4,2.3434531270704975,0.003005661640245627,1.0346832487297017,0.03468324872970174,0.0029014791836237904,1.1736178100999357,0.017982674713775848,-0.10418245662183667,2,4
515,0.5150000000000003,ramp,51.5,2.3501162068534214,0.006663079782923909,1.0347721739531812,0.03477217395318122,0.006236501248824467,1.1798543113487603,0.018039470922429628,-0.42657853409944124,2,4
516,0.5160000000000003,ramp,51.6,2.3531398997412722,0.0030236928878508706,1.0347966683456216,0.03479666834562156,0.002919319043697377,1.1827736303924576,0.018096437016288734,-0.10437384415349368,2,4
517,0.5170000000000003,ramp,51.7,2.359819657740804,0.006679757999531688,1.034885403025799,0.03488540302579901,0.006254246076762479,1.1890278764692201,0.01815338310510931,-0.42551192276920907,2,4
518,0.5180000000000003,ramp,51.8,2.362861404830263,0.003041747089459257,1.0349099580570336,0.03490995805703356,0.00293718412120113,1.1919650605904213,0.01821049883686749,-0.10456296825812678,2,4
519,0.5190000000000003,ramp,51.9,2.3695578191392697,0.006696414309006471,1.0349985027838604,0.03499850278386041,0.006271966347413549,1.1982370269378348,0.018267594617978788,-0.42444796159292214,2,4
520,0.5200000000000004,ramp,52.0,2.3726176431959174,0.003059824056647731,1.0350231180623386,0.0350231180623386,0.0029550742210701798,1.201192101158905,0.018324859798706343,-0.10474983557755106,2,4
521,0.5210000000000004,ramp,52.1,2.379330692090358,0.006713048894440465,1.0351114734231723,0.035111473423172335,0.006289662256070536,1.2074817634149757,0.018382105082877742,-0.4233866383699294,2,4
522,0.5220000000000004,ramp,52.2,2.382408615692759,0.0030779236024010004,1.0351361485586803,0.0351361485586803,0.002972989149384162,1.2104547525643599,0.018439519522289928,-0.10493445301683856,2,4
523,0.5230000000000004,ramp,52.3,2.3891382776301793,0.006729661937420417,1.0352243151383564,0.03522431513835644,0.006307333996885122,1.216762086561245,0.01849691411892899,-0.4223279405352947,2,4
524,0.5240000000000004,ramp,52.4,2.392234323170838,0.003096045540658565,1.0352490497419442,0.035249049741944205,0.002990928713366617,1.2197530152746117,0.01855447762538621,-0.1051168272919482,2,4
525,0.5250000000000004,ramp,52.5,2.3989805767895778,0.006746253618739928,1.035337028122709,0.035337028122709,0.00632498176286754,1.226077997037479,0.018612021342533355,-0.4212718558723877,2,4
526,0.5260000000000004,ramp,52.6,2.402094766476252,0.003114189686674429,1.0353618218067155,0.03536182180671554,0.0030088927213842583,1.2290868897588634,0.01866973372303326,-0.10529696529017066,2,4
527,0.5270000000000004,ramp,52.7,2.4088575905942378,0.006762824117985566,1.035449612568353,0.035449612568352995,0.006342605745892695,1.235429495504756,0.018727426367357403,-0.4202183720928712,2,4
528,0.5280000000000004,ramp,52.8,2.411989946450813,0.0031323558565752307,1.0354744649463605,0.03547446494636053,0.003026880982936113,1.2384563764876921,0.0187852874275294,-0.10547487363911758,2,4
529,0.5290000000000004,ramp,52.9,2.418769320064662,0.00677937361384906,1.0355620686661453,0.03556206866614531,0.0063602061367109206,1.244816582624403,0.018843128804324205,-0.41916747713813957,2,4
530,0.5300000000000004,ramp,53.0,2.4219198639325517,0.003150543867889599,1.035586979353035,0.03558697935303501,0.003044893308646206,1.2478614759330493,0.018901138348424922,-0.10565055924339302,2,4
531,0.5310000000000004,ramp,53.1,2.4287157662163392,0.006795902283787569,1.0356743966057045,0.035674396605704484,0.006377783124953996,1.2542392590580034,0.018959128261602086,-0.41811915883357365,2,4
532,0.5320000000000004,ramp,53.2,2.4318845197554677,0.0031687535391284882,1.035699365217652,0.035699365217652046,0.003062929510256338,1.2573021885682598,0.019017286092513488,-0.10582402887215035,2,4
533,0.5330000000000004,ramp,53.3,2.4386969300598738,0.006812410304406047,1.0357865965754784,0.035786596575478447,0.00639533689913173,1.2636975254673914,0.01907542434460079,-0.41707340527431713,2,4
534,0.5340000000000004,ramp,53.4,2.4418839147496865,0.0031869846898127108,1.035811622729921,0.035811622729921,0.003080989400631681,1.266778514868023,0.019133730263824693,-0.1059952891810296,2,4
535,0.5350000000000004,ramp,53.5,2.4487128126008937,0.006828897851207216,1.0358986687627536,0.035898668762753605,0.0064128676466531035,1.2731913825146761,0.019192016655961926,-0.41603020455411277,2,4
536,0.5360000000000004,ramp,53.6,2.451918049741625,0.0032052371407313984,1.0359237520783657,0.035923752078365734,0.0030990727937347815,1.276290455308411,0.019250470463614923,-0.10616434699661693,2,4
537,0.5370000000000004,ramp,53.7,2.4587634148401616,0.006845365098536504,1.0360106133535583,0.03601061335355826,0.00643037555381487,1.2827208308622258,0.01930890479554979,-0.41498954472163424,2,4
538,0.5380000000000004,ramp,53.8,2.4619869255538815,0.003223510713719957,1.0360357534503475,0.036035753450347485,0.003117179504646319,1.285838010366872,0.019367506290362446,-0.10633120907363805,2,4
539,0.5390000000000004,ramp,53.9,2.468848737773709,0.006861812219827623,1.036122430532827,0.03612243053282693,0.006447860805821072,1.2922858711726932,0.019426088360447978,-0.41395141400655133,2,4
540,0.5400000000000004,ramp,54.0,2.4720905430054922,0.0032418052317830792,1.0361476270320096,0.03614762703200958,0.003135309349527409,1.2954211805222207,0.019484837339760617,-0.10649588225567028,2,4
541,0.5410000000000004,ramp,54.1,2.478968782393017,0.006878239387524854,1.0362341204842824,0.03623412048428243,0.006465323586781336,1.301886504109002,0.019543566944952784,-0.4129158007435182,2,4
542,0.5420000000000004,ramp,54.2,2.4822289029118387,0.00326012051882163,1.0362593730084217,0.03625937300842175,0.0031534621456475545,1.3050399662546495,0.019602463204712574,-0.10665837317407534,2,4
543,0.5430000000000004,ramp,54.3,2.4891235496847655,0.006894646772926727,1.0363456833905778,0.036345683390577754,0.006482764079716393,1.311522730334366,0.019661340140566877,-0.4118826932103343,2,4
544,0.5440000000000004,ramp,54.4,2.4924020060847787,0.00327845640001323,1.0363709915634254,0.03637099156342538,0.003171637711348927,1.3146943680457148,0.019720383475326737,-0.10681868866430294,2,4
545,0.5450000000000004,ramp,54.5,2.499313040631248,0.006911034546469352,1.0364571194331518,0.036457119433151775,0.006500182466574454,1.3211945505122893,0.019779407535995438,-0.4108520798948986,2,4
546,0.5460000000000004,ramp,54.6,2.502609853332786,0.00329681270153781,1.0364824828797752,0.03648248287977518,0.0031898358660563246,1.3243843863783455,0.019838597738910464,-0.1069768354814856,2,4
547,0.5470000000000004,ramp,54.7,2.5095372562102085,0.0069274028774226615,1.0365684287923804,0.036568428792380425,0.006517578928220112,1.3309019653065657,0.019897768717143705,-0.40982394920254916,2,4
548,0.5480000000000004,ramp,54.8,2.5128524454607852,0.003315189250576722,1.0365938471391125,0.03659384713911251,0.0032080564302739293,1.3341100217368396,0.019957105579969048,-0.10713282030279293,2,4
549,0.5490000000000004,ramp,54.9,2.519796197394982,0.006943751934196829,1.0366796116475108,0.03667961164751077,0.006534953644452071,1.3406449753812917,0.020016423267110135,-0.40879828974475785,2,4
550,0.5500000000000004,ramp,55.0,2.523129783270517,0.0033335858755347836,1.0367050845219525,0.036705084521952536,0.0032262992255737365,1.3438712746068655,0.020075906580201443,-0.10728664996104706,2,4
551,0.5510000000000004,ramp,55.1,2.5300898651545776,0.00696008188406072,1.0367906681767236,0.03679066817672361,0.0065523067939991745,1.3504235814008647,0.020135370766187224,-0.4077750900615459,2,4
552,0.5520000000000004,ramp,55.2,2.53344186756033,0.0033520024057525077,1.0368161952076969,0.036816195207696856,0.003244564074586459,1.3536681454754511,0.020195000318497275,-0.10743833116604865,2,4
553,0.5530000000000004,ramp,55.3,2.540418260453789,0.006976392893458971,1.0369015985570693,0.036901598557069315,0.006569638554540517,1.3602377840299917,0.020254610791855046,-0.4067543389184545,2,4
554,0.5540000000000004,ramp,55.4,2.54378869912537,0.003370438671581155,1.0369271793746988,0.036927179374698804,0.0032628508010037953,1.3635006348309955,0.020314386370933742,-0.1075878705773599,2,4
555,0.5550000000000004,ramp,55.5,2.5507813842531846,0.006992685127814369,1.0370124029645693,0.03701240296456931,0.006586949102694462,1.37008758393369,0.020374142918783582,-0.4057360251199064,2,4
556,0.5560000000000004,ramp,55.6,2.5541702787576828,0.0033888945044981966,1.0370380372002197,0.0370380372002197,0.0032811592295687877,1.3733687431632586,0.020434064310777877,-0.10773527492940896,2,4
557,0.5570000000000004,ramp,55.7,2.5611792375090943,0.007008958751411498,1.0371230815741397,0.03712308157413968,0.006604238614037252,1.3799729817772959,0.020493966718826712,-0.40472013737424645,2,4
558,0.5580000000000004,ramp,55.8,2.5645866072462544,0.0034073697371601597,1.0371487688604464,0.03714876886044638,0.003299489186064318,1.3832724709633601,0.020554033708478296,-0.10788055109584158,2,4
559,0.5590000000000004,ramp,55.9,2.571611821173882,0.0070252139276276715,1.0372336345596889,0.037233634559688866,0.0066215072631070505,1.3898939782264672,0.02061408176102695,-0.40370666452062104,2,4
560,0.5600000000000004,ramp,56.0,2.575037685376779,0.003425864202896811,1.0372593745305283,0.0372593745305283,0.0033178404973175936,1.3932118187237847,0.02067429413167302,-0.1080237055792175,2,4
561,0.5610000000000004,ramp,56.1,2.5820791361959574,0.0070414508191785075,1.0373440620940584,0.03734406209405838,0.006638755223397546,1.3998505739471823,0.020734487611610543,-0.40269559578096165,2,4
562,0.5620000000000004,ramp,56.2,2.585523513932425,0.003444377736467441,1.0373698543845706,0.03736985438457063,0.003336212991196797,1.4031867869383792,0.02079484514518414,-0.10816474527064425,2,4
563,0.5630000000000004,ramp,56.3,2.592581183519581,0.007057669587156035,1.0374543643490497,0.037454364349049696,0.006655982667365746,1.409842769605745,0.020855183833989085,-0.40168691979028825,2,4
564,0.5640000000000004,ramp,56.4,2.5960440936928695,0.0034629101732885914,1.0374802085956532,0.03748020859565315,0.003354606496596794,1.4131973761023418,0.02091568631101785,-0.10830367669179734,2,4
565,0.5650000000000004,ramp,56.5,2.603117964085178,0.007073870392308557,1.0375645414954826,0.037564541495482606,0.006673189766457406,1.4198705658687991,0.020976169988759705,-0.4006806258511509,2,4
566,0.5660000000000004,ramp,56.6,2.606599425435436,0.0034814613502578418,1.0375904373358062,0.03759043733580625,0.0033730208434316266,1.4232435867122308,0.021036817188368754,-0.10844050682621512,2,4
567,0.5670000000000004,ramp,56.7,2.6136894788296146,0.007090053394178675,1.037674593703129,0.03767459370312909,0.0066903766910886165,1.4299339634033195,0.02109744563370835,-0.39967670309005826,2,4
568,0.5680000000000004,ramp,56.8,2.6171895099343647,0.0035000311047501675,1.037700540776072,0.03770054077607199,0.003391455862637495,1.433325419265957,0.02115823733361737,-0.10857524211267243,2,4
569,0.5690000000000004,ramp,56.9,2.6242957286857047,0.007106218751339988,1.0377845211407957,0.03778452114079567,0.006707543610667382,1.4400329628766244,0.021219010323807987,-0.39867514067260573,2,4
570,0.5700000000000004,ramp,57.0,2.6278143479611,0.0035186192753950962,1.0378105190865001,0.03781051908650013,0.0034099113861599346,1.4434428742627843,0.021279946300335893,-0.10870788923516161,2,4
571,0.5710000000000004,ramp,57.1,2.634936714582555,0.007122366621455267,1.0378943239762715,0.03789432397627146,0.0067246906935832665,1.4501675649563674,0.021340863611221877,-0.3976759278720007,2,4
572,0.5720000000000004,ramp,57.2,2.6384739402845314,0.003537225701976343,1.037920372436137,0.037920372436136995,0.003428387246961075,1.4535959522033286,0.021401943639287258,-0.10883845501526808,2,4
573,0.5730000000000004,ramp,57.3,2.6456124374457923,0.007138497161260915,1.0380040023763728,0.0380040023763728,0.006741818107228091,1.4603377703105567,0.021463005045308462,-0.39667905403282383,2,4
574,0.5740000000000004,ramp,57.4,2.6491682876708924,0.0035558502251000768,1.0380301009930486,0.0380301009930486,0.0034468832789968087,1.4637846535895536,0.02152422889842815,-0.10896694610326804,2,4
575,0.5750000000000004,ramp,57.5,2.656322898197379,0.007154610526486582,1.0381135565069899,0.03811355650698989,0.006758926017991265,1.4705435796075448,0.02158543417262159,-0.39568450849531733,2,4
576,0.5760000000000004,ramp,57.6,2.659897390883727,0.0035744926863481297,1.0381397049243268,0.038139704924326834,0.00346539931722434,1.4740089789247692,0.02164680162291441,-0.10909336912378947,2,4
577,0.5770000000000004,ramp,57.7,2.6670680977557164,0.007170706871989285,1.0382229865329748,0.038222986532974845,0.00677601459127123,1.4807849935160404,0.021708150536911632,-0.394692280718055,2,4
578,0.5780000000000004,ramp,57.8,2.6706612506840575,0.003593152928341059,1.0382491843961112,0.03824918439611125,0.003483935197587126,1.4842689287136275,0.02176966135510154,-0.10921773075393305,2,4
579,0.5790000000000004,ramp,57.9,2.6778480370357896,0.0071867863517320885,1.0383322926183112,0.03833229261831117,0.006793083991479358,1.4910620127051069,0.021831153679136243,-0.39370236025273053,2,4
580,0.5800000000000004,ramp,58.0,2.6814598678304504,0.003611830794660875,1.038358539573595,0.03835853957359503,0.0035024907570211017,1.494564503462128,0.02189280763455105,-0.10934003763977354,2,4
581,0.5810000000000004,ramp,58.1,2.6886627169491115,0.007202849118661092,1.0384414749259798,0.038441474925979824,0.006810134382038832,1.5013746378441668,0.021954443137457452,-0.3927147366222603,2,4
582,0.5820000000000004,ramp,58.2,2.692293243078945,0.003630526129833278,1.0384677706210084,0.03846777062100837,0.0035210658334420887,1.504895703677609,0.022016239998032754,-0.1094602963911894,2,4
583,0.5830000000000004,ramp,58.3,2.6995121384038847,0.007218895324939911,1.0385505336180845,0.03855053361808447,0.00682716592539052,1.5117228696029994,0.022078018447248233,-0.39172939954939134,2,4
584,0.5840000000000004,ramp,58.4,2.7031613771834255,0.00364923877954082,1.0385768777016882,0.03857687770168816,0.0035396602657468226,1.5152625298687463,0.02213995797952998,-0.1095785137939973,2,4
585,0.5850000000000004,ramp,58.5,2.710396302305015,0.007234925121589519,1.038659468855753,0.03865946885575311,0.0068441787830114155,1.5221067086517577,0.0222018791411024,-0.39074633857810387,2,4
586,0.5860000000000004,ramp,58.6,2.71406427089518,0.0036679685901650494,1.0386858609780165,0.03868586097801652,0.0035582738937929327,1.5256649825455506,0.022263961110248736,-0.10969469637211668,2,4
587,0.5870000000000004,ramp,58.7,2.7213152095541293,0.007250938658949213,1.038768280799271,0.03876828079927108,0.006861173115407829,1.5325261556609584,0.022326024748830272,-0.38976554354138404,2,4
588,0.5880000000000004,ramp,58.8,2.7250019249632547,0.003686715409125352,1.038794720611464,0.03879472061146405,0.0035769065584067778,1.5361030622193652,0.022388248918616564,-0.109808850718574,2,4
589,0.5890000000000004,ramp,58.9,2.732268861049665,0.007266936086410158,1.0388769696079523,0.03887696960795228,0.006878149082118937,1.5429812113014842,0.02245045479747374,-0.3887870042912217,2,4
590,0.5900000000000004,ramp,59.0,2.7359743401345673,0.0037054790849024855,1.0389034567626192,0.03890345676261919,0.0035955581013822663,1.5465767694028665,0.022512820930291107,-0.10992098352021916,2,4
591,0.5910000000000004,ramp,59.1,2.7432572576869507,0.007282917552383417,1.0389855354402517,0.03898553544025174,0.006895106841731029,1.5534718762445976,0.02257516881130602,-0.3878107106523873,2,4
592,0.5920000000000004,ramp,59.2,2.7469815171538015,0.0037242594668507323,1.0390120695911396,0.039012069591139564,0.0036142283654611953,1.5570861046100588,0.022637676668170324,-0.11003110138953698,2,4
593,0.5930000000000004,ramp,59.3,2.7542804003582013,0.007298883204399864,1.0390939784537603,0.03909397845376028,0.00691204655187147,1.5639981511619303,0.022700166311842268,-0.38683665252839394,2,4
594,0.5940000000000004,ramp,59.4,2.758023456763455,0.003743056405253853,1.0391205592558466,0.039120559255846565,0.003632917194337631,1.567631068356268,0.0227628156523902,-0.11013921091622197,2,4
595,0.5950000000000004,ramp,59.5,2.765338289952457,0.007314833189001835,1.0392022988051652,0.03920229880516524,0.006928968369229978,1.574560036725498,0.02282544681784427,-0.3858648197718568,2,4
596,0.5960000000000004,ramp,59.6,2.7691001597037834,0.0037618697513264188,1.0392289259146454,0.03922892591464544,0.0036516244326478355,1.5782116611581458,0.022888237400344052,-0.11024531867858323,2,4
597,0.5970000000000004,ramp,59.7,2.776430927356243,0.007330767652459436,1.0393104966502853,0.0393104966502853,0.006945872449543505,1.5851575336076893,0.02295100984532513,-0.38489520291593027,2,4
598,0.5980000000000004,ramp,59.8,2.7802116267134007,0.0037806993571578573,1.0393371697245872,0.03933716972458723,0.003670349925975479,1.5888278835336647,0.023013941426675993,-0.11034943118237847,2,4
599,0.5990000000000004,ramp,59.9,2.7875583134525046,0.00734668673910388,1.0394185721441023,0.03941857214410227,0.006962758947615762,1.5957906424812804,0.02307685490756367,-0.3839277914881181,2,4
600,0.6000000000000004,ramp,60.0,2.791357858528618,0.003799545076113464,1.039445290841869,0.039445290841868985,0.0036890935208345535,1.599479736002115,0.023139927243300076,-0.11045155527891065,2,4
601,0.6010000000000004,ramp,60.1,2.798720449121788,0.007362590593170015,1.0395265254407338,0.03952652544073376,0.006979628017313936,1.606459364019429,0.023202981515105085,-0.3829625758560795,2,4
602,0.6020000000000004,ramp,60.2,2.802538855883766,0.003818406761977755,1.0395532894218154,0.03955328942181535,0.003707855064670062,1.610167219084099,0.023266194359402876,-0.11055169730769289,2,4
603,0.6030000000000004,ramp,60.3,2.8099173352416895,0.007378479357923684,1.0396343566934734,0.03963435669347337,0.0069964798115806125,1.6171636988956797,0.023329389175772545,-0.38199954634307154,2,4
604,0.6040000000000004,ramp,60.4,2.8137546195113945,0.003837284269704977,1.0396611656189234,0.03966116561892341,0.0037266344058505653,1.6208903333015303,0.023392742281449365,-0.1106498638544116,2,4
605,0.6050000000000004,ramp,60.5,2.8211489726868653,0.007394353175470769,1.0397420660547683,0.039742066054768266,0.0070133144824367855,1.627903647783967,0.023456077394674497,-0.3810386930339837,2,4
606,0.6060000000000004,ramp,60.6,2.8250051501420703,0.0038561774552050565,1.0397689195868736,0.03976891958687356,0.003745431393667506,1.6316490791776346,0.023519570513198314,-0.11074606153755033,2,4
607,0.6070000000000004,ramp,60.7,2.8324153623294515,0.007410212187381138,1.0398496536762303,0.03984965367623028,0.007030132180979859,1.6386792113586144,0.023583045674216124,-0.3800800064012785,2,4
608,0.6080000000000004,ramp,60.8,2.8362904485047293,0.0038750861752778754,1.039876551478502,0.039876551478502,0.0037642458783231753,1.6424434572369375,0.02364667855570639,-0.11084029695470005,2,4
609,0.6090000000000004,ramp,60.9,2.84371650503883,0.007426056534100667,1.0399571197087014,0.039957119708701416,0.007046933057398077,1.6494903902943356,0.02371029351410246,-0.37912347670259,2,4
610,0.6100000000000004,ramp,61.0,2.8476105153262203,0.003894010287390337,1.0399840614458304,0.03998406144583044,0.0037830777109397478,1.6532734680052754,0.023774065907338143,-0.1109325764505893,2,4
611,0.6110000000000004,ramp,61.1,2.855052401681681,0.007441886355460614,1.0400644643021868,0.0400644643021868,0.00706371726096813,1.6603371852662436,0.02383782041135616,-0.37816909449248437,2,4
612,0.6120000000000004,ramp,61.2,2.8589653513319795,0.003912949650298536,1.0400914496400662,0.04009144964006617,0.0038019267435284378,1.6641391120097722,0.02390173206377492,-0.11102290677009836,2,4
613,0.6130000000000004,ramp,61.3,2.8664230531221646,0.007457701790185123,1.0401716876058806,0.040171687605880635,0.00708048494007135,1.6712195969498436,0.023965625860318553,-0.37721685011377243,2,4
614,0.6140000000000004,ramp,61.4,2.8703549572455422,0.0039319041233776275,1.0401987162116273,0.040198716211627294,0.003820792829017376,1.675040389778861,0.02402967651802738,-0.11111129436025156,2,4
615,0.6150000000000004,ramp,61.5,2.877828460221961,0.0074735029764188,1.0402787897682009,0.04027878976820087,0.007097236242172411,1.6821376260210334,0.024093709352664743,-0.3762667342463886,2,4
616,0.6160000000000004,ramp,61.6,2.881779333788867,0.0039508735669060435,1.0403058613101328,0.04030586131013281,0.003839675821227547,1.685977301842261,0.02415789876044302,-0.11119774567849633,2,4
617,0.6170000000000004,ramp,61.7,2.889268623840148,0.00748929005128085,1.0403857709368018,0.040385770936801846,0.007113971313853468,1.6930912731561145,0.02422207037741427,-0.37531873742738253,2,4
618,0.6180000000000004,ramp,61.8,2.8932384816822907,0.0039698578421427655,1.0404128850844112,0.04041288508441121,0.0038585755748625555,1.696949848730977,0.024286398278715808,-0.11128226728020998,2,4
619,0.6190000000000004,ramp,61.9,2.9007435448333303,0.007505063151039604,1.0404926312585336,0.04049263125853364,0.007130690300814385,1.7040805390317915,0.024350708420935688,-0.37437285022521877,2,4
620,0.6200000000000004,ramp,62.0,2.9047324016445555,0.003988856811225183,1.040519787682541,0.04051978768254094,0.0038774919455154357,1.7079580309773068,0.024415174557899388,-0.11136486570974746,2,4
621,0.6210000000000004,ramp,62.1,2.9122532240559313,0.00752082241137586,1.0405993708794963,0.04059937087949628,0.007147393347854648,1.7151054243251616,0.024479622966964525,-0.37342906352121236,2,4
622,0.6220000000000004,ramp,62.2,2.916261094392854,0.004007870336922625,1.0406265692517782,0.04062656925177821,0.003896424789669388,1.719001849114831,0.0245442270804181,-0.11144554725323746,2,4
623,0.6230000000000004,ramp,62.3,2.923797662359708,0.00753656796685398,1.0407059899450284,0.04070598994502839,0.007164080598901215,1.7261659297137322,0.024608813496610635,-0.37248736795276494,2,4
624,0.6240000000000004,ramp,62.4,2.927824560643063,0.004026898283354896,1.0407332299386876,0.040733229938687554,0.003915373964669965,1.7300813036784022,0.02467355532607199,-0.11152431868493087,2,4
625,0.6250000000000004,ramp,62.5,2.935376860594354,0.0075522999512913636,1.040812488599718,0.04081248859971809,0.007180752197007247,1.7372620558754095,0.024738279488369114,-0.3715477542841168,2,4
626,0.6260000000000004,ramp,62.6,2.9394228011093233,0.004045940514969093,1.040839769889027,0.040839769889027044,0.003934339328749424,1.741196395204159,0.024803158772059134,-0.11160118621966926,2,4
627,0.6270000000000004,ramp,62.7,2.946990819607188,0.007568018497864593,1.0409188669873903,0.040918866987390334,0.007197408284346309,1.7483938034885051,0.024868020418132512,-0.37061021351828327,2,4
628,0.6280000000000004,ramp,62.8,2.951055816504696,0.004064996897508166,1.0409461892478333,0.04094618924783333,0.003953320740999028,1.7523471242295041,0.024933036892973135,-0.1116761565091379,2,4
629,0.6290000000000004,ramp,62.9,2.958639540243352,0.007583723738656012,1.0410251252511875,0.04102512525118751,0.007214049002234137,1.7595611732317382,0.02499803575920389,-0.36967473642187526,2,4
630,0.6300000000000004,ramp,63.0,2.96272360754058,0.004084067297227989,1.0410524881593797,0.041052488159379674,0.003972318061375504,1.7635334912931138,0.02506318916083058,-0.11174923585248464,2,4
631,0.6310000000000004,ramp,63.1,2.9703230233457316,0.007599415805151555,1.0411312635334424,0.04113126353344243,0.007230674491124373,1.7707641657842381,0.025128324982305668,-0.3687413140271815,2,4
632,0.6320000000000005,ramp,63.2,2.9744261749272356,0.004103151581503983,1.04115866676723,0.0411586667672299,0.003991331150685666,1.7747554969349237,0.02519361504506962,-0.11182043081831711,2,4
633,0.6330000000000005,ramp,63.3,2.9820412697551477,0.007615094827912117,1.0412372819758278,0.041237281975827766,0.007247284890610641,1.7820027818255344,0.02525888755559272,-0.3678099373014753,2,4
634,0.6340000000000005,ramp,63.4,2.986163519373474,0.00412224961832619,1.0412647252142342,0.04126472521423419,0.004010359870602575,1.786013141696137,0.025324314012570133,-0.11188974772361522,2,4
635,0.6350000000000005,ramp,63.5,2.993794280310351,0.007630760936877312,1.0413431807192983,0.04134318071929832,0.007263880339431183,1.793277022035568,0.025389722944667893,-0.366880597446129,2,4
636,0.6360000000000005,ramp,63.6,2.997935641587035,0.0041413612766838526,1.041370663642484,0.041370663642483985,0.004029404083642869,1.7973064261192109,0.025455285527662297,-0.11195719304098357,2,4
637,0.6370000000000005,ramp,63.7,3.005582055847893,0.007646414260857881,1.041448959904076,0.04144895990407593,0.007280460975482722,1.8045868870946935,0.025520830612592416,-0.36595328537515887,2,4
638,0.6380000000000005,ramp,63.8,3.0097425422743154,0.004160486426422416,1.041476482193427,0.04147648219342703,0.004048463653160199,1.8086353507478536,0.025586529052142527,-0.11202277326221709,2,4
639,0.6390000000000005,ramp,63.9,3.01740459720254,0.007662054928224471,1.0415546196696839,0.04155461966968388,0.007297026935816829,1.8159323776836704,0.025652210019894612,-0.3650279924076417,2,4
640,0.6400000000000005,ramp,64.0,3.02158422214049,0.004179624937949988,1.0415821810077392,0.04158218100773925,0.0040675384433594124,1.81999991612703,0.02571804404528289,-0.11208649459057592,2,4
641,0.6410000000000005,ramp,64.1,3.029261905206834,0.007677683066344088,1.041660160154984,0.04166016015498397,0.007313578356640767,1.8273134944836706,0.025783860624589608,-0.36410470970332093,2,4
642,0.6420000000000005,ramp,64.2,3.0334606818897507,0.004198776682916794,1.0416877602254238,0.04168776022542375,0.004086628319273171,1.8314001228029437,0.025849829963846514,-0.11214836364362243,2,4
643,0.6430000000000005,ramp,64.3,3.041153980691643,0.00769329880189229,1.041765581498117,0.041765581498117044,0.0073301153733319495,1.8387302381762758,0.02591578188218978,-0.3631834285603404,2,4
644,0.6440000000000005,ramp,64.4,3.045371922225072,0.004217941533429137,1.0417932199858448,0.04179321998584484,0.004105733146772927,1.8428359713230487,0.02598188626210169,-0.11220838665621044,2,4
645,0.6450000000000005,ramp,64.5,3.0530808244857335,0.007708902260661343,1.0418708838365558,0.041870883836555794,0.0073466381204334765,1.8501826094434821,0.026047973245716668,-0.3622641402278668,2,4
646,0.6460000000000005,ramp,64.6,3.057317943848255,0.004237119362521469,1.0418985604275917,0.04189856042759166,0.004124852792542283,1.8543074622360245,0.026114212391830403,-0.11226656997918599,2,4
647,0.6470000000000005,ramp,64.7,3.065042437416106,0.007724493567851098,1.0419760673071077,0.04197606730710768,0.007363146731670593,1.861670608967695,0.02618043416571645,-0.3613468361805053,2,4
648,0.6480000000000005,ramp,64.8,3.069298747460307,0.004256310044200795,1.0420037816886536,0.042003781688653596,0.004143987124099834,1.865814596091795,0.026246807802348858,-0.11232292010096133,2,4
649,0.6490000000000005,ramp,64.9,3.077038820307959,0.007740072847651991,1.0420811320459202,0.04208113204592023,0.00737964133993926,1.873194237431734,0.026313164090272782,-0.3604315077127308,2,4
650,0.6500000000000005,ramp,65.0,3.0813143337610085,0.004275513453049662,1.0421088839063484,0.04210888390634837,0.00416313600977534,1.8773573734415094,0.026379671940516297,-0.11237744327432207,2,4
651,0.6510000000000005,ramp,65.1,3.0890699739846728,0.007755640223664262,1.0421860781884817,0.042186078188481746,0.0073961220773185584,1.884753495518828,0.026446162465021752,-0.3595181463457034,2,4
652,0.6520000000000005,ramp,65.2,3.093364703449274,0.00429472946460141,1.0422138672172852,0.04221386721728515,0.004182299318720609,1.8889357948375487,0.026512804250750154,-0.11243014588080066,2,4
653,0.6530000000000005,ramp,65.3,3.101135899267973,0.007771195818699006,1.0422909058695977,0.04229090586959772,0.007412589075071015,1.8963483839126196,0.02657942873316286,-0.3586067436279908,2,4
654,0.6540000000000005,ramp,65.4,3.1054498572232117,0.004313957955238479,1.0423187317574594,0.04231873175745937,0.004201476920885343,1.900549860833505,0.026646204175042505,-0.112481034353136,2,4
655,0.6550000000000005,ramp,65.5,3.11323659697785,0.007786739754638283,1.0423956152234632,0.042395615223463246,0.0074290424636621185,1.907978903297167,0.02671296233547679,-0.3576972909761647,2,4
656,0.6560000000000005,ramp,65.6,3.1175697957796586,0.004333198801808713,1.0424234776621926,0.042423477662192566,0.0042206686870261585,1.912199571984193,0.026779871152969904,-0.11253011478255456,2,4
657,0.6570000000000005,ramp,65.7,3.125372067932593,0.007802272152934275,1.042500206383606,0.042500206383605965,0.007445482372752109,1.9196450543569452,0.026846762710340533,-0.35678978018216595,2,4
658,0.6580000000000005,ramp,65.8,3.12972451981498,0.004352451882386976,1.0425281050662047,0.04252810506620475,0.0042398744886929405,1.923884928845638,0.026913804621712226,-0.11257739369403569,2,4
659,0.6590000000000005,ramp,65.9,3.137542312948912,0.00781779313393205,1.042604679482946,0.042604679482945995,0.00746190893119738,1.9313468377768355,0.026980829293737667,-0.3558842027346692,2,4
660,0.6600000000000005,ramp,66.0,3.1419140300244326,0.0043717170755206425,1.042632614103524,0.042632614103524036,0.004259094198242935,1.9356059319750785,0.02704800401606508,-0.11262287727770766,2,4
661,0.6610000000000005,ramp,66.1,3.149747332841912,0.007833302817479293,1.0427090346537753,0.04270903465377529,0.007478322267048402,1.943084254242127,0.027115161519273262,-0.3549805504308905,2,4
662,0.6620000000000005,ramp,66.2,3.1541383271025727,0.004390994260660808,1.0427370049076061,0.042737004907606124,0.0042783276888293306,1.9473625819309563,0.027182468768454395,-0.11266657183147712,2,4
663,0.6630000000000005,ramp,66.3,3.1619871284252117,0.007848801322638987,1.0428132720277572,0.0428132720277572,0.007494722507578566,1.954857304438535,0.027249758818196506,-0.35407881506042177,2,4
664,0.6640000000000005,ramp,66.4,3.1663974117432474,0.004410283318035724,1.0428412776112315,0.042841277611231465,0.00429757483437314,1.959154879272908,0.027317198308952278,-0.1127084836625835,2,4
665,0.6650000000000005,ramp,66.5,3.1742617005108023,0.00786428876755485,1.0429173917359462,0.04291739173594622,0.00751110977926723,1.9666659890521754,0.02738462061940434,-0.3531789882876201,2,4
666,0.6660000000000005,ramp,66.6,3.1786912846394073,0.0044295841286050575,1.0429454323466205,0.042945432346620516,0.004316835509597102,1.9709828245617724,0.027452192065292837,-0.11274861900795533,2,4
667,0.6670000000000005,ramp,66.7,3.1865710499092192,0.007879765269811934,1.043021393908761,0.04302139390876092,0.007527484207813332,1.9785103087695857,0.02751974634946535,-0.3522810619986019,2,4
668,0.6680000000000005,ramp,66.8,3.1910199464834466,0.004448896574227312,1.0430494692453336,0.043049469245333594,0.0043361095899862,1.9828464183595718,0.02758744946288499,-0.11278698424111236,2,4
669,0.6690000000000005,ramp,66.9,3.1989151774296936,0.007895230946247,1.0431252786760883,0.043125278676088286,0.007543845918140258,1.990390264277712,0.027655135432630498,-0.35138502810674266,2,4
670,0.6700000000000005,ramp,67.0,3.2033833979669875,0.004468220537293899,1.0431533884383537,0.0431533884383537,0.004355396951808948,1.994745661229521,0.02772296992482902,-0.11282358548495106,2,4
671,0.6710000000000005,ramp,67.1,3.2112940838799706,0.007910685912983162,1.0432290461671379,0.04322904616713785,0.0075601950343883815,2.0023058562639093,0.02779078729085101,-0.35049087859478045,2,4
672,0.6720000000000005,ramp,67.2,3.2157816397810226,0.004487555901051987,1.0432571900560532,0.04325719005605322,0.00437469747210855,2.0066805537360177,0.02785875287193086,-0.11285842894343759,2,4
673,0.6730000000000005,ramp,67.3,3.2237077700662677,0.007926130285245137,1.043332696510591,0.04333269651059091,0.007576531679927936,2.0142570854159456,0.02792670134378999,-0.34959860531720044,2,4
674,0.6740000000000005,ramp,67.4,3.2282146726159713,0.00450690254970354,1.0433608742282543,0.0433608742282543,0.00439401102868753,2.0186510964446334,0.02799479772272051,-0.11289152101600936,2,4
675,0.6750000000000005,ramp,67.5,3.236156236793713,0.007941564177741611,1.0434362298345234,0.04343622983452344,0.007592855977372621,2.026243952422006,0.028062877008844366,-0.34870820036899014,2,4
676,0.6760000000000005,ramp,67.6,3.240682497161598,0.004526260367885282,1.043464441084114,0.04346444108411407,0.004413337500099698,2.030657289922106,0.028131103893467336,-0.11292286778558439,2,4
677,0.6770000000000005,ramp,67.7,3.248639484865936,0.007956987704337948,1.0435396462664204,0.04353964626642037,0.007609168048569847,2.0382664579706757,0.028199313701154284,-0.3478196557681005,2,4
678,0.6780000000000005,ramp,67.8,3.2531851141070964,0.004545629241160309,1.043567890752281,0.04356789075228096,0.004432676765677364,2.042699134736353,0.028267670798191803,-0.11295247548294504,2,4
679,0.6790000000000005,ramp,67.9,3.261157515085457,0.007972400978360383,1.0436429459332188,0.043642945933218824,0.007625468014605706,2.0503246027509587,0.028336010833621948,-0.3469329637546771,2,4
680,0.6800000000000005,ramp,68.0,3.2657225241412196,0.0045650090557627365,1.0436712233608092,0.0436712233608092,0.004452028705491346,2.05477663145645,0.028404497848683284,-0.11298035027139039,2,4
681,0.6810000000000005,ramp,68.1,3.2737103282533675,0.007987804112147945,1.0437461289612888,0.04374612896128882,0.007641755995806272,2.0624183874522566,0.02847296781692858,-0.3460481163416731,2,4
682,0.6820000000000005,ramp,68.2,3.278294727952175,0.004584399698807307,1.0437744390371664,0.04377443903716638,0.0044713932003793855,2.066889780652636,0.028541584454518865,-0.11300649842792103,2,4
683,0.6830000000000005,ramp,68.3,3.2862979251696904,0.008003197217515634,1.0438491954764086,0.04384919547640864,0.00765803211175604,2.074547812764392,0.028610184059547336,-0.34516510575959436,2,4
684,0.6840000000000005,ramp,68.4,3.290901726227704,0.004603801058013612,1.0438775379082725,0.043877537908272535,0.004490770131900985,2.079038582896293,0.028678930023077677,-0.11303092611262763,2,4
685,0.6850000000000005,ramp,68.5,3.2989203066332413,0.008018580405537268,1.0439521456038632,0.04395214560386318,0.007674296481297712,2.086712879377591,0.028747658967761002,-0.34428392423955545,2,4
686,0.6860000000000005,ramp,68.6,3.3035435196550322,0.004623213021790917,1.043980520100503,0.04398052010050302,0.004510159382368712,2.09122303875996,0.028816533959554767,-0.1130536394222054,2,4
687,0.6870000000000005,ramp,68.7,3.3115774734416625,0.008033953786630299,1.04405497946832,0.044054979468320044,0.007690549222524941,2.098913587982485,0.028885391945680156,-0.3434045641053582,2,4
688,0.6880000000000005,ramp,68.8,3.3162201089209917,0.0046426354793291935,1.0440833857396523,0.044083385739652314,0.0045295608348335644,2.1034431488173184,0.028954395666981003,-0.11307464449562907,2,4
689,0.6890000000000005,ramp,68.9,3.3242694263915844,0.008049317470592676,1.044157697193953,0.044157697193953016,0.007706790452793058,2.1111499392701116,0.029023382395257775,-0.34252701779961814,2,4
690,0.6900000000000005,ramp,69.0,3.328931494712168,0.004662068320583579,1.044186134950995,0.044186134950995104,0.004548974373078308,2.11569891364319,0.029092514546235477,-0.11309394750527116,2,4
691,0.6910000000000005,ramp,69.1,3.336996166278383,0.008064671566215154,1.0442602989043903,0.044260298904390316,0.007723020288718938,2.123421933931909,0.029161629716301804,-0.3416512774962153,2,4
692,0.6920000000000005,ramp,69.2,3.3416776777146695,0.0046815114362863675,1.0442887678592676,0.04428876785926761,0.004568399881623499,2.127990333813533,0.029230889996066878,-0.11311155466286853,2,4
693,0.6930000000000005,ramp,69.3,3.3497576938966103,0.008080016181940763,1.0443627847227088,0.044362784722708826,0.007739238846193683,2.1357295726597267,0.029300133306499835,-0.34077733574708075,2,4
694,0.6940000000000005,ramp,69.4,3.3544586586142318,0.004700964717621492,1.0443912845886483,0.04439128458864827,0.004587837245703812,2.1403174099054305,0.029369521413105348,-0.1131274719176796,2,4
695,0.6950000000000005,ramp,69.5,3.3625540100395055,0.008095351425273734,1.044465154771469,0.04446515477146895,0.007755446240384133,2.1480728561458147,0.029438892561428242,-0.33990518488960075,2,4
696,0.6960000000000005,ramp,69.6,3.3672744380963238,0.004720428056818271,1.0444936852628,0.044493685262799954,0.004607286351276229,2.1526801424970907,0.02950840819188216,-0.11314170554204209,2,4
697,0.6970000000000005,ramp,69.7,3.3753851154995234,0.008110677403199595,1.0445674091727275,0.0445674091727275,0.007771642585734693,2.1604517850828255,0.029577906874572266,-0.3390348174649024,2,4
698,0.6980000000000005,ramp,69.8,3.3801250168460575,0.0047399013465341255,1.0445959700048792,0.04459597000487925,0.004626747085018975,2.1650785321678443,0.029647549724844277,-0.11315426151515054,2,4
699,0.6990000000000005,ramp,69.9,3.388251011068177,0.00812599422211946,1.0446695480479968,0.04466954804799683,0.007787827995963745,2.172866360163808,0.029717175637343596,-0.3381662261557139,2,4
700,0.7000000000000005,ramp,70.0,3.393010395548461,0.004759384480284012,1.0446981389374848,0.044698138937484755,0.0046462193343260174,2.177512579498134,0.029786945402370976,-0.11316514595799496,2,4
701,0.7010000000000005,ramp,70.1,3.401151697535965,0.008141301987504068,1.0447715715182968,0.044771571518296804,0.007804002584084839,2.1853165820822187,0.02985669823909343,-0.33729940341922954,2,4
702,0.7020000000000005,ramp,70.2,3.4059305748882065,0.004778877352241473,1.0448001921827275,0.04480019218272746,0.004665702987294566,2.1899822850695134,0.029926594612794264,-0.11317436494690664,2,4
703,0.7030000000000005,ramp,70.3,3.414087175692391,0.008156600804184677,1.0448734797041477,0.04487347970414768,0.00782016646239048,2.197802451531904,0.02999647406713295,-0.3364343417941971,2,4
704,0.7040000000000005,ramp,70.4,3.4188855555497755,0.004798379857384294,1.0449021298622174,0.04490212986221742,0.004685197932737724,2.2024876494646417,0.03006649674241212,-0.11318192464656977,2,4
705,0.7050000000000005,ramp,70.5,3.4270574463264385,0.008171890776663027,1.0449752727255435,0.04497527272554347,0.007836319742472694,2.2103239692071144,0.030136502506748958,-0.33557103419033263,2,4
706,0.7060000000000005,ramp,70.6,3.431875338217446,0.004817891891007342,1.0450039520970669,0.04500395209706687,0.004704704060156921,2.2150286732672715,0.030206651175505035,-0.11318783085042128,2,4
707,0.7070000000000005,ramp,70.7,3.4400625102257307,0.008187172008284893,1.045076950702021,0.045076950702021,0.007852462535224569,2.222881135802496,0.030276782941220083,-0.3347094730603243,2,4
708,0.7080000000000005,ramp,70.8,3.44489992357535,0.00483741334961918,1.0451056590078522,0.04510565900785224,0.004724221259756686,2.2276053570622527,0.03034705729435759,-0.11319208986249399,2,4
709,0.7090000000000005,ramp,70.9,3.453102368177604,0.008202444602253944,1.0451785137525933,0.0451785137525933,0.007868594950829571,2.2354739520130824,0.030417314751833506,-0.3338496514243734,2,4
710,0.7100000000000005,ramp,71.0,3.4579593123075916,0.004856944129987717,1.045207250714686,0.0452072507146859,0.00474374942244605,2.2402177014355287,0.030487714479267604,-0.11319470754166723,2,4
711,0.7110000000000005,ramp,71.1,3.46617702096816,0.00821770866056859,1.0452799619957978,0.04527996199579776,0.00788471709877342,2.248102418534302,0.03055809731790348,-0.33299156179517064,2,4
712,0.7120000000000005,ramp,71.2,3.471053505097993,0.004876484129832992,1.0453087273371982,0.04530872733719815,0.004763288439824888,2.252865706974127,0.03062862210857272,-0.11319569000810356,2,4
713,0.7130000000000005,ramp,71.3,3.4792864693829753,0.008232964284982103,1.045381295549708,0.045381295549707934,0.007900829087854232,2.2607665360619813,0.030699130016788416,-0.3321351971278703,2,4
714,0.7140000000000005,ramp,71.4,3.4841825026303526,0.004896033247377307,1.0454100889945193,0.04541008899451926,0.004782838204157908,2.265549374266139,0.030769779558657687,-0.11319504321939937,2,4
715,0.7150000000000005,ramp,71.5,3.49243071420691,0.00824821157655764,1.0454825145319158,0.04548251453191576,0.007916931026194769,2.2734663052923336,0.030840412223906405,-0.33128055036287135,2,4
716,0.7160000000000005,ramp,71.6,3.497346305588472,0.004915591381561946,1.0455113358053232,0.04551133580532318,0.00480239860841128,2.278268703900745,0.030911186203979774,-0.11319277315066568,2,4
717,0.7170000000000005,ramp,71.7,3.505609756224005,0.008263450635532799,1.04558361905954,0.045583619059540004,0.007933023021213952,2.2862017269219588,0.030981943312754997,-0.330427614318847,2,4
718,0.7180000000000005,ramp,71.8,3.5105449146560543,0.004935158432049391,1.045612467887782,0.04561246788778206,0.0048219695462279576,2.2910236964681867,0.03105284141708245,-0.11318888582143374,2,4
719,0.7190000000000005,ramp,71.9,3.5188235962176746,0.00827868156162026,1.0456846092492167,0.04568460924921669,0.00794910517965983,2.2989728016478463,0.031123722654922584,-0.3295763819604301,2,4
720,0.7200000000000005,ramp,72.0,3.5237783305167727,0.004954734299098096,1.0457134853596277,0.045713485359627715,0.004841550911923022,2.3038143525597694,0.03119474456861075,-0.11318338717507345,2,4
721,0.7210000000000005,ramp,72.1,3.5320722349707054,0.008293904453932743,1.0457854852171555,0.04578548521715553,0.007965177607595292,2.3117795301673647,0.03126574962011536,-0.3287268463374512,2,4
722,0.7220000000000005,ramp,72.2,3.537046553854349,0.004974318883643747,1.0458143883381186,0.04581438833811857,0.004861142600493658,2.3166406727678583,0.03133689502733282,-0.11317628315008886,2,4
723,0.7230000000000005,ramp,72.3,3.545355673265165,0.008309119410816024,1.045886247079089,0.04588624707908906,0.007981240410415927,2.3246219131782744,0.03140802357616401,-0.32787900040009627,2,4
724,0.7240000000000005,ramp,72.4,3.5503495853524183,0.004993912087253083,1.04591517694005,0.045915176940050095,0.004880744507591661,2.329502657685866,0.031479292160154874,-0.11316757966142212,2,4
725,0.7250000000000005,ramp,72.5,3.5586739118825355,0.008324326530117165,1.0459868949503046,0.04598689495030461,0.0079972936928437,2.33749995137871,0.03155054388905005,-0.3270328372734655,2,4
726,0.7260000000000005,ramp,72.6,3.563687425694878,0.005013513812342385,1.0460158512817859,0.04601585128178587,0.004900356529545906,2.342400307908256,0.031621935332135025,-0.11315728279647895,2,4
727,0.7270000000000005,ramp,72.7,3.572026951603883,0.008339525909005108,1.046087428945648,0.0460874289456481,0.008013337558939286,2.350413645467195,0.031693309922916545,-0.32618835006582164,2,4
728,0.7280000000000005,ramp,72.8,3.5770600755655373,0.00503312396165434,1.0461164114791954,0.04611641147919543,0.004919978563328658,2.3553336240305236,0.0317648239065076,-0.11314539832568173,2,4
729,0.7290000000000005,ramp,72.9,3.585414793209487,0.008354717643949794,1.0461878491795131,0.04618784917951313,0.008029372112099115,2.3633629961426226,0.031836321040087455,-0.32534553185067927,2,4
730,0.7300000000000005,ramp,73.0,3.5904675356483837,0.00505274243889664,1.0462168576477742,0.04621685764777417,0.004939610506594726,2.3683026066492174,0.03190795724469811,-0.1131319323019143,2,4
731,0.7310000000000005,ramp,73.1,3.5988374374791814,0.008369901830797666,1.0462881557658683,0.04628815576586831,0.008045397455046602,2.376348004104264,0.03197957660108865,-0.3245043757510637,2,4
732,0.7320000000000005,ramp,73.2,3.6039098066273803,0.005072369148198863,1.0463171899025,0.04631718990249989,0.004959252257635151,2.3813072563618993,0.03205133470633425,-0.11311689056371209,2,4
733,0.7330000000000005,ramp,73.3,3.612294885192515,0.008385078565134929,1.0463883488182453,0.04638834881824527,0.00806141368986944,2.389368670051769,0.03212307596466115,-0.3236648752654898,2,4
734,0.7340000000000005,ramp,73.4,3.6173868891867627,0.005092003994247474,1.0464174083579658,0.04641740835796582,0.00497890371539511,2.394347573767164,0.032194955649275984,-0.1131002788523636,2,4
735,0.7350000000000005,ramp,73.5,3.625787137128194,0.008400247941431349,1.0464884284497562,0.0464884284497562,0.008077420917993794,2.4024249946851577,0.03226681848777614,-0.3228270234375552,2,4
736,0.7360000000000005,ramp,73.6,3.630898784010836,0.005111646882641985,1.0465175131283357,0.04651751312833574,0.004998564779462281,2.40742355946462,0.03233881942961981,-0.11308210317970395,2,4
737,0.7370000000000005,ramp,73.7,3.639314194064648,0.008415410053812078,1.0465883947730492,0.04658839477304921,0.008093419240199944,2.41551697870482,0.03241080352566035,-0.32199081361213366,2,4
738,0.7380000000000005,ramp,73.8,3.6444454917841673,0.005131297719519257,1.0466175043273134,0.046617504327313375,0.005018235350074894,2.420535214054895,0.03248292540172452,-0.11306236944436283,2,4
739,0.7390000000000005,ramp,73.9,3.6528760567798706,0.008430564995703271,1.0466882479004254,0.04668824790042536,0.008109408756623682,2.4286446228115186,0.032555030431807415,-0.32115623907958896,2,4
740,0.7400000000000005,ramp,74.0,3.6580270131913855,0.005150956411514862,1.046717382068225,0.046717382068224955,0.0050379153281010095,2.4336825381396197,0.03262727291822479,-0.11304108341385256,2,4
741,0.7410000000000005,ramp,74.1,3.6664727260514463,0.008445712860060794,1.0467879879437239,0.04678798794372385,0.008125389566754777,2.4418079277063742,0.03269949855799748,-0.32032329330601744,2,4
742,0.7420000000000005,ramp,74.2,3.671643348917458,0.005170622866011776,1.0468171464639306,0.04681714646393065,0.005057604615061076,2.446865532321435,0.03277186133005179,-0.11301825095069977,2,4
743,0.7430000000000005,ramp,74.3,3.68010420265657,0.008460853739111762,1.046887615014363,0.04688761501436289,0.008141361769441557,2.455006894090877,0.03284420725431288,-0.3194919696702051,2,4
744,0.7440000000000005,ramp,74.4,3.6852944996476635,0.005190296991093746,1.046916797626919,0.046916797626918916,0.005077303113099163,2.460084197203976,0.032916689986447284,-0.11299387799458288,2,4
745,0.7450000000000006,ramp,74.5,3.6937704873720767,0.008475987724413159,1.0469871292233965,0.04698712922339654,0.008157325462900515,2.4682415226668764,0.03298915586915876,-0.31866226151264393,2,4
746,0.7460000000000006,ramp,74.6,3.698980466067252,0.005209978695175366,1.0470163356692541,0.04701633566925412,0.005097010724986277,2.4733385333918627,0.03306175823498362,-0.11296797018908906,2,4
747,0.7470000000000006,ramp,74.7,3.7074715809744703,0.008491114907218211,1.04708653068144,0.047086530681440086,0.0081732807447252,2.4815118141365877,0.03313434374927511,-0.31783416249301155,2,4
748,0.7480000000000006,ramp,74.8,3.71270124886202,0.005229667887549638,1.0471157607025932,0.04711576070259316,0.005116727354120742,2.4866285414907083,0.033207065421579626,-0.11294053342889628,2,4
749,0.7490000000000006,ramp,74.9,3.7212074842398843,0.008506235377864435,1.0471858194987371,0.047185819498737125,0.008189227711871966,2.49481776920258,0.033279770239762065,-0.3170076659924689,2,4
750,0.7500000000000006,ramp,75.0,3.7264568487178664,0.005249364477982077,1.0472150728382166,0.047215072838216576,0.0051364529045218234,2.499954222107102,0.033352610890520086,-0.1129115734602535,2,4
751,0.7510000000000006,ramp,75.1,3.734978197944182,0.008521349226315422,1.0472849957851234,0.04728499578512335,0.008205166460674138,2.5081593885677758,0.03342543468408994,-0.31618276564128467,2,4
752,0.7520000000000006,ramp,75.2,3.7402472663211803,0.005269068376998476,1.0473142721869515,0.0473142721869515,0.005156187280834997,2.5133155758486105,0.03349839398446979,-0.11288109616347866,2,4
753,0.7530000000000006,ramp,75.3,3.7487837228629575,0.008536456541777149,1.0473840596500446,0.04738405965004455,0.008221097086841933,2.5215366729354525,0.0335713364241211,-0.31535945493521567,2,4
754,0.7540000000000006,ramp,75.4,3.7540725023584285,0.005288779495471019,1.0474133588592978,0.04741335885929776,0.005175930388316629,2.526712603323769,0.03364441404449226,-0.11284910715438946,2,4
755,0.7550000000000006,ramp,75.5,3.762624059771508,0.008551557413079447,1.0474830112025968,0.04748301120259679,0.00823701968547472,2.534949623009244,0.03371747480012614,-0.3145377276047266,2,4
756,0.7560000000000006,ramp,75.6,3.7679325575166804,0.005308497745172502,1.047512332965342,0.047512332965341963,0.005195682132825938,2.5401453051420697,0.033790670410071146,-0.11281561234656456,2,4
757,0.7570000000000006,ramp,75.7,3.776499209445075,0.008566651928394453,1.047581850551421,0.047581850551420946,0.008252934351058549,2.548398239493128,0.03386384915080164,-0.3137175773359046,2,4
758,0.7580000000000006,ramp,75.8,3.7818274324833165,0.005328223038241653,1.047611194614777,0.04761119461477703,0.005215442420838493,2.5536136819139665,0.03393716241912288,-0.11278061740315967,2,4
759,0.7590000000000006,ramp,75.9,3.7904091726584497,0.008581740175133135,1.047680577804864,0.0476805778048639,0.0082688411774585,2.561882523091425,0.03401045881328561,-0.3128989976746346,2,4
760,0.7600000000000006,ramp,76.0,3.7957571279459343,0.0053479552874846625,1.047709943916933,0.04770994391693306,0.005235211159444139,2.567117734250869,0.03408388940801429,-0.11274412804052318,2,4
761,0.7610000000000006,ramp,76.1,3.8043539501863215,0.008596822240387159,1.0477791930708438,0.04777919307084377,0.00828474025793015,2.5754024745087993,0.034157303123177336,-0.31208198245700863,2,4
762,0.7620000000000006,ramp,76.2,3.8097216445925417,0.0053676944062202026,1.0478085809807478,0.047808580980747806,0.00525498825633002,2.5806574627651293,0.0342308507115833,-0.11270614989018247,2,4
763,0.7630000000000006,ramp,76.3,3.81833354280326,0.008611898210718394,1.0478776964569305,0.04787769645693052,0.00830063168513675,2.588958094450266,0.0343043814145549,-0.31126652558164347,2,4
764,0.7640000000000006,ramp,76.4,3.8237209831120005,0.005387440308740388,1.0479071059148022,0.047907105914802184,0.005274773619772887,2.594232868070039,0.03437804566315328,-0.11266668896750108,2,4
765,0.7650000000000006,ramp,76.5,3.832347951283633,0.008626968171632665,1.0479760880703495,0.047976088070349476,0.008316515551131583,2.6025493836211706,0.03445169301999124,-0.3104526205010821,2,4
766,0.7660000000000006,ramp,76.6,3.8377551441929825,0.005407192909349323,1.0480055188273132,0.04800551882731319,0.005294567158648219,2.607843950779819,0.034525473594552734,-0.11262575070110445,2,4
767,0.7670000000000006,ramp,76.7,3.8463971764016733,0.008642032208690864,1.0480743680179083,0.04807436801790832,0.0083323919473765,2.6161763427271953,0.03459923727057004,-0.3096402613143642,2,4
768,0.7680000000000006,ramp,76.8,3.851824128524961,0.005426952123287698,1.0481038198261285,0.04810381982612855,0.005314368782431395,2.621490711509627,0.034673133836129515,-0.11258334085630355,2,4
769,0.7690000000000006,ramp,76.9,3.86048121893157,0.00865709040660878,1.0481725364061163,0.048172536406116295,0.008348260964734108,2.629838972474361,0.03474701349590851,-0.3088294418746723,2,4
770,0.7700000000000006,ramp,77.0,3.8659279367978767,0.005446717866306905,1.0482020090187136,0.04820200901871363,0.0053341784011753995,2.6351731508755365,0.03482102571677337,-0.1125394651315054,2,4
771,0.7710000000000006,ramp,77.1,3.8746000796473856,0.008672142849508901,1.0482705933410879,0.04827059334108785,0.008364122693478155,2.643537273569015,0.034895021024168735,-0.30802015603074645,2,4
772,0.7720000000000006,ramp,77.2,3.880066569701992,0.005466490054606421,1.0483000865122247,0.04830008651222473,0.005353995925531212,2.648891269494546,0.034969148563926286,-0.11249412907520916,2,4
773,0.7730000000000006,ramp,77.3,3.88875375932302,0.00868718962102788,1.0483685389286106,0.048368538928610594,0.00837997722328559,2.6572712467178317,0.0350432591820767,-0.3072123977422899,2,4
774,0.7740000000000006,ramp,77.4,3.8942400279282285,0.005486268605208622,1.048398052413418,0.04839805241341799,0.005373821266726652,2.6626450679845584,0.035117501703606266,-0.11244733848196978,2,4
775,0.7750000000000006,ramp,77.5,3.902942258732408,0.008702230804179312,1.0484663732741466,0.0484663732741466,0.008395824643259836,2.6710408926278184,0.035191727294944325,-0.30640616091947603,2,4
776,0.7760000000000006,ramp,77.6,3.908448312167894,0.005506053435486269,1.0484959068287387,0.04849590682873872,0.005393654336559,2.6764345469643773,0.03526608446042034,-0.11239909892726915,2,4
777,0.7770000000000006,ramp,77.7,3.917165578649429,0.008717266481534924,1.0485640964827614,0.04856409648276139,0.008411665041922775,2.6848462120063,0.03534042468667721,-0.3056014396121496,2,4
778,0.7780000000000006,ramp,77.8,3.92269142311286,0.00552584446343074,1.0485936498642583,0.04859364986425829,0.0054134950474198805,2.6902597070537198,0.035414896157584336,-0.11234941601085974,2,4
779,0.7790000000000006,ramp,77.9,3.931423719848077,0.008732296735217027,1.0486617086592214,0.04866170865922137,0.008427498507201786,2.6986872055609217,0.03548935067980254,-0.3047982280152406,2,4
780,0.7800000000000006,ramp,78.0,3.9369693614555836,0.005545641607506813,1.0486912816257272,0.04869128162572722,0.005433343312263922,2.7041205488731856,0.03556393611693805,-0.11229829524289028,2,4
781,0.7810000000000006,ramp,78.1,3.9457166831020416,0.008747321646457973,1.048759209907957,0.04875920990795701,0.008443325126460852,2.7125638739996467,0.03563850459547809,-0.30399651999712085,2,4
782,0.7820000000000006,ramp,78.2,3.9512821278891552,0.005565444787113627,1.048788802218547,0.04878880221854698,0.005453199044620151,2.7180170730442668,0.0357132036589659,-0.11224574249347595,2,4
783,0.7830000000000006,ramp,78.3,3.9600444691853274,0.00876234129617215,1.048856600333055,0.048856600333055056,0.008459144986485858,2.7264762180307525,0.035787885753513715,-0.30319630968629085,2,4
784,0.7840000000000006,ramp,78.4,3.9656297231070203,0.005585253921692956,1.048886211747801,0.048886211747801056,0.005473062158576496,2.731949280189329,0.03586269810280897,-0.11219176311646084,2,4
785,0.7850000000000006,ramp,78.5,3.974407078871802,0.008777355764781447,1.0489538800382554,0.048953880038255404,0.008474958173507139,2.740424238362836,0.03593749347238562,-0.30239759127430843,2,4
786,0.7860000000000006,ramp,78.6,3.9800121478034063,0.005605068931604507,1.0489835103181973,0.048983510318197254,0.00549293256878281,2.745917170931619,0.03601241876628554,-0.11213636282169683,2,4
787,0.7870000000000006,ramp,78.7,3.9888045129355807,0.008792365132174407,1.0490510491270362,0.04905104912703617,0.008490764773180875,2.7544079357048,0.036087327069258254,-0.3016003589935319,2,4
788,0.7880000000000006,ramp,78.8,3.9944294026731058,0.005624889737525063,1.0490806980342067,0.04908069803420667,0.005512810190451194,2.759920745895251,0.03616236496590916,-0.11207954707386901,2,4
789,0.7890000000000006,ramp,78.9,4.00323677215057,0.008807369477464633,1.0491481077025056,0.04914810770250555,0.008506564870594348,2.7684273107658455,0.03623738585999574,-0.30080460687028493,2,4
790,0.7900000000000006,ramp,79.0,4.008881488411369,0.0056447162607984325,1.0491777749998825,0.04917777499988252,0.005532694939365172,2.7739600057052107,0.03631253601690125,-0.11202132143326056,2,4
791,0.7910000000000006,ramp,79.1,4.017703857290959,0.008822368879590314,1.0492450558674493,0.04924505586744932,0.008522358550272903,2.7824823642554835,0.036387669159181034,-0.30001032931741173,2,4
792,0.7920000000000006,ramp,79.2,4.023368405714293,0.005664548423333748,1.0492747413190022,0.049274741319002224,0.005552586731848745,2.788034950987332,0.03646293123321408,-0.11196169148500364,2,4
793,0.7930000000000006,ramp,79.3,4.032205769131005,0.008837363416712485,1.049341893724365,0.04934189372436504,0.00853814589619722,2.796573096883529,0.03653817628013522,-0.2992175205152655,2,4
794,0.7940000000000006,ramp,79.4,4.037890155278581,0.005684386147575715,1.0493715970950246,0.04937159709502459,0.005572485484776882,2.802145582368306,0.036613549927544724,-0.11190066279883303,2,4
795,0.7950000000000006,ramp,79.5,4.046742508445066,0.008852353166484583,1.0494386213754405,0.04943862137544053,0.00855392699177835,2.8106995093600844,0.03668890653493301,-0.29842617470623306,2,4
796,0.7960000000000006,ramp,79.6,4.052446737801375,0.0057042293563096536,1.0494683424311115,0.049468342431111534,0.00559239111558039,2.816291900475665,0.03676439141134627,-0.1118382407292633,2,4
797,0.7970000000000006,ramp,79.7,4.0613140760076645,0.008867338206289155,1.049535238922538,0.04953523892253808,0.008569701919896498,2.8248616023955613,0.03683985923441514,-0.29763628639265655,2,4
798,0.7980000000000006,ramp,79.8,4.067038153980917,0.005724077973252584,1.049564977430086,0.04956497743008592,0.005612303542221603,2.830473905937783,0.036915454994858286,-0.11177443103098111,2,4
799,0.7990000000000006,ramp,79.9,4.075920472593531,0.008882318612614348,1.0496317464672202,0.04963174646722024,0.008585470762872912,2.839059376700656,0.03699103368821555,-0.2968478497414363,2,4
800,0.8000000000000006,ramp,80.0,4.0816644045157,0.005743931922168599,1.04966150219445,0.04966150219444998,0.0056322226832147436,2.8446915993838706,0.037066739987110374,-0.1117092389538556,2,4
801,0.8010000000000006,ramp,80.1,4.090561698977352,0.008897294461651661,1.0497281441107809,0.04972814411078086,0.008601233602475495,2.8532928329863463,0.037142429204766785,-0.29606085917616676,2,4
802,0.8020000000000006,ramp,80.2,4.0963254901050075,0.005763791127655793,1.0497579168264697,0.049757916826469684,0.005652148457612312,2.8589449814439587,0.03721824569594641,-0.11164267004348111,2,4
803,0.8030000000000006,ramp,80.3,4.105237755934329,0.008912265829321697,1.0498244319541579,0.049824431954157866,0.008616990519946747,2.8675619719639056,0.037294045091323724,-0.29527530937495033,2,4
804,0.8040000000000006,ramp,80.4,4.111021411449114,0.005783655514784769,1.0498542214280504,0.049854221428050405,0.005672080785006,2.8732340527489115,0.037369971428038794,-0.11157472977876923,2,4
805,0.8050000000000006,ramp,80.5,4.119948644239642,0.008927232790528095,1.0499206100980556,0.049920610098055596,0.008632741595977185,2.8818667943448886,0.037445880653980385,-0.2944911945509093,2,4
806,0.8060000000000006,ramp,80.6,4.125752169248684,0.005803525009041799,1.0499504161008153,0.0499504161008153,0.0056920195855067746,2.8875588139303954,0.03752191648890632,-0.11150542353502435,2,4
807,0.8070000000000006,ramp,80.7,4.134694364668654,0.008942195419970211,1.0500166786428582,0.05001667864285819,0.008648486910733038,2.8962073008411284,0.03759793519768314,-0.2937085092371734,2,4
808,0.8080000000000006,ramp,80.8,4.140517764205409,0.005823399536755147,1.0500465009461137,0.05004650094611374,0.005711964779766346,2.901919265620895,0.03767408018293018,-0.11143475698880116,2,4
809,0.8090000000000006,ramp,80.9,4.149474917997097,0.008957153791687489,1.0501126376886618,0.05011263768866181,0.008664226543835979,2.910583492164731,0.037750208026249,-0.29292724785151025,2,4
810,0.8100000000000006,ramp,81.0,4.155318197021433,0.005843279024336567,1.0501424760650075,0.050142476065007546,0.005731916288967266,2.9163154084536984,0.037826461813368926,-0.1113627353693013,2,4
811,0.8110000000000006,ramp,81.1,4.1642903050010185,0.008972107979585253,1.050208487335291,0.05020848733529104,0.008679960574380181,2.9249953690280788,0.03790269844238431,-0.29214740520507215,2,4
812,0.8120000000000006,ramp,81.2,4.170153468399842,0.00586316339882309,1.050238341558235,0.05023834155823503,0.005751874034811245,2.93074724306289,0.03797906068238086,-0.1112893640118455,2,4
813,0.8130000000000006,ramp,81.3,4.179140526456308,0.008987058056466601,1.0503042276822785,0.05030422768227849,0.008695689080937614,2.9394429321438276,0.038055405747697016,-0.2913689755289876,2,4
814,0.8140000000000006,ramp,81.4,4.185023579044447,0.005883052588139037,1.0503340975262694,0.050334097526269383,0.005771837939513636,2.945214770083341,0.03813187609103185,-0.11121464862540088,2,4
815,0.8150000000000006,ramp,81.5,4.194025583139776,0.009002004095329141,1.0503998588288745,0.050399858828874544,0.008711412141554475,2.9539261822248957,0.03820832924271854,-0.2905919537746666,2,4
816,0.8160000000000006,ramp,81.6,4.19992852965989,0.005902946520113694,1.0504297440693184,0.05042974406931844,0.005791807925815919,2.9597179901507116,0.038284907339321814,-0.11113859429777526,2,4
817,0.8170000000000006,ramp,81.7,4.208945475828026,0.009016946168135753,1.05049538087407,0.05049538087407002,0.008727129833754628,2.9684451199844664,0.03836146822691426,-0.28981633438112525,2,4
818,0.8180000000000006,ramp,81.8,4.214868320951441,0.005922845123414788,1.0505252812873123,0.05052528128731226,0.005811783916977075,2.9742569039014435,0.03843815372618976,-0.11106120643771325,2,4
819,0.8190000000000006,ramp,81.9,4.223900205298037,0.009031884346596186,1.050590793916578,0.05059079391657795,0.008742842234542626,2.9829997461359863,0.038514821998705935,-0.2890421120535606,2,4
820,0.8200000000000006,ramp,82.0,4.229842953625464,0.005942748327426806,1.0506207092798827,0.050620709279882714,0.005831765836763723,2.98883151197275,0.03859161454954001,-0.110982490663083,2,4
821,0.8210000000000006,ramp,82.1,4.238889772327387,0.009046818701923698,1.050686098054852,0.050686098054852025,0.008758549420403496,2.997590061393154,0.03866838985548138,-0.288269281520202,2,4
822,0.8220000000000006,ramp,82.2,4.244852428388859,0.00596265606147206,1.050716028146399,0.05071602814639897,0.005851753609458457,3.0034418150026125,0.03874528910625715,-0.11090245201360316,2,4
823,0.8230000000000006,ramp,82.3,4.253914177693678,0.009061749304819067,1.0507812933870433,0.05078129338704329,0.008774251467312966,3.0122160664699256,0.03882217109362001,-0.2874978375061003,2,4
824,0.8240000000000006,ramp,82.4,4.259896745949584,0.005982568255905818,1.0508112379859853,0.0508112379859853,0.00587174715984004,3.0180878136297657,0.0388991766922138,-0.11082109606577825,2,4
825,0.8250000000000006,ramp,82.5,4.268973422174997,0.00907667622541286,1.0508763800111063,0.05087638001110628,0.008789948450743258,3.026877762080509,0.038976165008496134,-0.28672777466960325,2,4
826,0.8260000000000006,ramp,82.6,4.274975907016262,0.006002484841264533,1.050906338897469,0.050906338897469094,0.005891746413199948,3.032769508493709,0.03905327660229795,-0.11073842806458463,2,4
827,0.8270000000000006,ramp,82.7,4.28406750654981,0.009091599533548766,1.050971358024678,0.050971358024678004,0.008805640445653887,3.041575148939363,0.03913037089451046,-0.28595908789487945,2,4
828,0.8280000000000006,ramp,82.8,4.290089912298411,0.00602240574860069,1.0510013309794328,0.051001330979432824,0.005911751295322866,3.047486900234686,0.0392075881304246,-0.11065445327782408,2,4
829,0.8290000000000006,ramp,82.9,4.299196431596861,0.009106519298449633,1.0510662275251497,0.051066227525149666,0.008821327526493528,3.0563082277611797,0.03928478804509326,-0.28519177195610557,2,4
830,0.8300000000000006,ramp,83.0,4.305238762506437,0.006042330909576066,1.0510962143301932,0.05109621433019318,0.00593176173250558,3.062239989493685,0.03936211056954895,-0.11056917707048547,2,4
831,0.8310000000000006,ramp,83.1,4.314360198095413,0.009121435588975935,1.0511609886096862,0.05116098860968621,0.008837009767216499,3.0710769992609017,0.03943941575272883,-0.28442582175943615,2,4
832,0.8320000000000006,ramp,83.2,4.3204224583515485,0.006062260256135765,1.0511909890478257,0.05119098904782571,0.005951777651523121,3.077028776912425,0.03951684321168492,-0.11048260461264409,2,4
833,0.8330000000000006,ramp,83.3,4.32955880682498,0.009136348473431255,1.051255641375162,0.05125564137516192,0.00885268724128038,3.0858814641537053,0.03959425330896762,-0.2836612321508742,2,4
834,0.8340000000000006,ramp,83.4,4.335641000545997,0.006082193721017148,1.0512856552301169,0.051285655230116856,0.005971798979660537,3.0918532631333657,0.039671785347921734,-0.11039474135661129,2,4
835,0.8350000000000006,ramp,83.5,4.344792258565564,0.009151258019566733,1.0513501859182453,0.05135018591824525,0.008868360021636884,3.1007216231550028,0.039749300004440935,-0.2828979979298488,2,4
836,0.8360000000000006,ramp,83.6,4.350894389802878,0.006102131237314623,1.0513802129746515,0.05138021297465145,0.005991825644674605,3.1067134487996775,0.03982693626844375,-0.11030559264001844,2,4
837,0.8370000000000006,ramp,83.7,4.36006055409762,0.009166164294741819,1.0514446223353406,0.05144462233534064,0.008884028180763615,3.115597476980441,0.03990455512888089,-0.28213611397820415,2,4
838,0.8380000000000006,ramp,83.8,4.366182626835888,0.006122072738268258,1.0514746623787303,0.05147466237873033,0.006011857574822236,3.1216093345552633,0.03998229526253839,-0.11021516344602265,2,4
839,0.8390000000000006,ramp,83.9,4.375363694202115,0.009181067366226259,1.0515389507225776,0.05153895072257764,0.008899691790621281,3.1305090263458846,0.040060017971133816,-0.2813755756049772,2,4
840,0.8400000000000006,ramp,84.0,4.3815057123600125,0.006142018157897944,1.0515690035394125,0.05156900353941252,0.006031894698844095,3.1365409210447286,0.04013786161861217,-0.11012345905384892,2,4
841,0.8410000000000006,ramp,84.1,4.390701679660132,0.009195967300119179,1.051633171175903,0.05163317117590305,0.008915350922694168,3.1454562719674226,0.040215687819178975,-0.28061637742501055,2,4
842,0.8420000000000006,ramp,84.2,4.396863647091102,0.0061619674309705275,1.0516632365535215,0.05166323655352145,0.006051936945967662,3.1515082089133903,0.04029363462421729,-0.11003048500286566,2,4
843,0.8430000000000006,ramp,84.3,4.406074511253634,0.00921086416253214,1.051727283790999,0.051727283790999,0.0089310056479864,3.160439214561377,0.040371563960133756,-0.27985851454574023,2,4
844,0.8440000000000006,ramp,84.4,4.412256431745655,0.0061819204920210424,1.0517573615176554,0.05175736151765542,0.006071984245881515,3.1665111988072585,0.04044961356605476,-0.10993624613952774,2,4
845,0.8450000000000006,ramp,84.5,4.421482189764802,0.009225758019146824,1.0518212886632956,0.051821288663295606,0.008946656037020908,3.1754578548442796,0.04052764568028894,-0.27910198212591564,2,4
846,0.8460000000000006,ramp,84.6,4.427684067041377,0.006201877276574841,1.0518513785281285,0.05185137852812849,0.006092036528757963,3.1815498913730376,0.0406057977299971,-0.1098407478168778,2,4
847,0.8470000000000006,ramp,84.7,4.436924715976354,0.009240648934977003,1.0519151858880371,0.05191518588803712,0.008962302159833565,3.190512193532871,0.04068393226510468,-0.27834677514343775,2,4
848,0.8480000000000006,ramp,84.8,4.443146553696909,0.006221837720555179,1.0519452876810924,0.05194528768109241,0.00611209372526211,3.196624287258133,0.04076218640110435,-0.10974399529306914,2,4
849,0.8490000000000006,ramp,84.9,4.452402090671598,0.009255536974689171,1.0520089755601791,0.05200897556017914,0.008977944085971901,3.205602231344105,0.040840422999239005,-0.27759288871727,2,4
850,0.8500000000000006,ramp,85.0,4.458643892431713,0.006241801760114463,1.0520390890724125,0.0520390890724125,0.006132155766510029,3.211734387110615,0.040918778863634146,-0.10964599360443333,2,4
851,0.8510000000000006,ramp,85.1,4.4679143146340845,0.00927042220237162,1.0521026577745063,0.05210265777450629,0.00899358188452539,3.2207279689951402,0.040997117166552015,-0.27684031784623064,2,4
852,0.8520000000000006,ramp,85.2,4.474176083966317,0.0062617693322328805,1.0521327827977376,0.05213278279773759,0.006152222584095833,3.226880191579236,0.04107557440106063,-0.1095467481370474,2,4
853,0.8530000000000006,ramp,85.3,4.483461388648257,0.009285304681939444,1.0521962326255436,0.052196232625543626,0.009009215624116218,3.235889407203352,0.04115401405013704,-0.27608905782322557,2,4
854,0.8540000000000006,ramp,85.4,4.489743129022142,0.006281740373885292,1.0522263689524847,0.05222636895248467,0.0061722941100627576,3.242061701313415,0.04123257229609219,-0.10944626382253415,2,4
855,0.8550000000000006,ramp,85.5,4.49904331349881,0.00930018447666825,1.0522897002076204,0.05228970020762036,0.009024845372885422,3.2510865466863006,0.041311112932320385,-0.2753391037828273,2,4
856,0.8560000000000006,ramp,85.6,4.505345028321544,0.006301714822734006,1.0523198476318685,0.05231984763186848,0.0061923702769275495,3.2572789169632284,0.04138977183068333,-0.10934454580645639,2,4
857,0.8570000000000007,ramp,85.7,4.514660089971006,0.009315061649461498,1.0523830606148261,0.052383060614826116,0.0090404711985186,3.266319388161747,0.04146841309468446,-0.2745904509428975,2,4
858,0.8580000000000007,ramp,85.8,4.520981782588132,0.006321692617126118,1.0524132189308575,0.052413218930857486,0.006212451017678464,3.2725318391794254,0.04154717228604905,-0.10924159944765421,2,4
859,0.8590000000000007,ramp,85.9,4.5303117188508155,0.009329936262683525,1.0524763139410318,0.052476313941031805,0.009056093168222172,3.2815879323476476,0.041625913818081645,-0.27384309446135296,2,4
860,0.8600000000000007,ramp,86.0,4.536653392546214,0.006341673695398065,1.0525064829442337,0.05250648294423366,0.006232536265736848,3.2878204686133845,0.04170477294268546,-0.1091374296612168,2,4
861,0.8610000000000007,ramp,86.1,4.545998200924588,0.00934480837837448,1.052569460279922,0.05256946027992204,0.00907171134875008,3.2968921799621347,0.04178361438265241,-0.2730970296244001,2,4
862,0.8620000000000007,ramp,86.2,4.55235985892121,0.006361657996621695,1.052599639766524,0.05259963976652404,0.006252625955018291,3.303144805917153,0.041862573080375505,-0.10903204160340324,2,4
863,0.8630000000000007,ramp,86.3,4.5617195369793615,0.009359678058151744,1.0526624997249534,0.052662499724953404,0.009087325806389553,3.3122321317235426,0.04194151406783202,-0.27235225176219097,2,4
864,0.8640000000000007,ramp,86.4,4.568101182439632,0.006381645460270313,1.0526926894920654,0.0526926894920654,0.00627272001985186,3.3185048517433944,0.042020571978219186,-0.1089254404184536,2,4
865,0.8650000000000007,ramp,86.5,4.577475727802712,0.009374545363080244,1.0527554323693693,0.052755432369369304,0.00910293660698222,3.3276077883503765,0.04209961215237438,-0.27160875609802404,2,4
866,0.8660000000000007,ramp,86.6,4.583877363828818,0.0064016360261058836,1.052785632214982,0.052785632214982,0.006292818395042327,3.3339006067454187,0.04217876891463089,-0.10881763106355621,2,4
867,0.8670000000000007,ramp,86.7,4.593266774182844,0.009389410354025962,1.052848258306199,0.0528482583061991,0.009118543815907074,3.3430191505613256,0.04225790791436814,-0.2708665381188878,2,4
868,0.8680000000000007,ramp,86.8,4.599688403817428,0.006421629634584036,1.0528784680291663,0.05287846802916629,0.006312921015828559,3.349332071577154,0.04233716316736659,-0.1087086187554773,2,4
869,0.8690000000000007,ramp,86.9,4.609092676908389,0.009404273090961368,1.0529409776283098,0.05294097762830985,0.009134147498095376,3.3584662190752494,0.04241640063123673,-0.2701255928659919,2,4
870,0.8700000000000007,ramp,87.0,4.61553430313479,0.006441626226401098,1.0529711970283309,0.05297119702833086,0.006333027817901251,3.364799246893151,0.04249575401353439,-0.10859840849984734,2,4
871,0.8710000000000007,ramp,87.1,4.624953436768909,0.009419133634118282,1.0530335904283061,0.05303359042830613,0.009149747718026704,3.373948994611178,0.042575089579773205,-0.269385916091578,2,4
872,0.8720000000000007,ramp,87.2,4.6314150625115005,0.006461625742591792,1.0530638193059922,0.053063819305992244,0.006353138737399183,3.380302133348577,0.042654540729611584,-0.10848700519260936,2,4
873,0.8730000000000007,ramp,87.3,4.640849054554208,0.009433992042707118,1.0531260967986469,0.05312609679864688,0.009165344539733703,3.3894674778883105,0.042733974036140876,-0.268647502973415,2,4
874,0.8740000000000007,ramp,87.4,4.6473306861556845,0.006481631601476856,1.053156335253137,0.05315633525313701,0.006373255988207256,3.3958407338765175,0.04281352331806461,-0.10837561326959999,2,4
875,0.8750000000000007,ramp,87.5,4.656779529081206,0.009448842925521284,1.053218497090198,0.0532184970901981,0.009180932773202775,3.4050216666497204,0.0428930546338416,-0.2679101523185082,2,4
876,0.8760000000000007,ramp,87.6,4.663281171286569,0.006501642205363645,1.0532487446521277,0.0532487446521277,0.006393380239574915,3.4114150468892954,0.042972700936650274,-0.10826196578872949,2,4
877,0.8770000000000007,ramp,87.7,4.672744862956465,0.009463691669895802,1.0533107910948607,0.0533107910948607,0.009196517755569908,3.420611564644865,0.043052329202600895,-0.26717391432589355,2,4
878,0.8780000000000007,ramp,87.8,4.67926651860625,0.0065216556497844635,1.0533410475865257,0.05334104758652569,0.006413508413560745,3.427025073058426,0.04313207214967556,-0.10814723622371882,2,4
879,0.8790000000000007,ramp,87.9,4.6887450570134375,0.00947853840718782,1.053402978916482,0.05340297891648205,0.00921209951665156,3.4362371725750775,0.043211797021010356,-0.2664388905362601,2,4
880,0.8800000000000007,ramp,88.0,4.695286728859272,0.006541671845834429,1.053433244151968,0.05343324415196804,0.006433640461674214,3.442670813036752,0.043291636253843045,-0.10803138416021554,2,4
881,0.8810000000000007,ramp,88.1,4.704780112066599,0.009493383207327177,1.0534950606529485,0.05349506065294851,0.009227678114066272,3.451898491150818,0.04337145737678862,-0.2657050932609057,2,4
882,0.8820000000000007,ramp,88.2,4.711341802789294,0.006561690722694635,1.053525334443229,0.053525334443228934,0.006453776327794774,3.458352267478613,0.04345139253568228,-0.1079143948998617,2,4
883,0.8830000000000007,ramp,88.3,4.720850028922792,0.009508226133497999,1.0535870363995383,0.053587036399538324,0.00924325360783978,3.467595521086453,0.043531309552548095,-0.2649725256582188,2,4
884,0.8840000000000007,ramp,88.4,4.727431741139172,0.0065817122163807085,1.0536173185544073,0.05361731855440732,0.006473915953345746,3.4740694370397986,0.04361134027667724,-0.10779626303496215,2,4
885,0.8850000000000007,ramp,88.5,4.736954808385258,0.009523067246085759,1.0536789062501803,0.05367890625018035,0.009258826058586534,3.483328263098385,0.043691352827639536,-0.2642411874992246,2,4
886,0.8860000000000007,ramp,88.6,4.743556544651279,0.006601736266020453,1.0537091965789362,0.05370919657893625,0.006494059278885766,3.489822322377271,0.043771478755335644,-0.10767698713468661,2,4
887,0.8870000000000007,ramp,88.7,4.753094451255503,0.009537906604224489,1.0537706702978242,0.05377067029782423,0.009274395526989028,3.49909671790426,0.04385158647923884,-0.26351107723546036,2,4
888,0.8880000000000007,ramp,88.8,4.759716214068483,0.006621762812979881,1.05380096860992,0.0538009686099199,0.006514206244701482,3.5056109241489612,0.043931807248184254,-0.10755656827839913,2,4
889,0.8890000000000007,ramp,88.9,4.769268958334127,0.009552744265644009,1.0538623286348787,0.05386232863487872,0.009289962073584505,3.514900886222546,0.04401200978293884,-0.2627821920595033,2,4
890,0.8900000000000007,ramp,89.0,4.77591075013402,0.006641791799893326,1.0538926347399653,0.053892634739965306,0.00653435679112207,3.521435243013668,0.04409232503027767,-0.10743500877125663,2,4
891,0.8910000000000007,ramp,89.1,4.785478330421622,0.00956758028760163,1.053953881353219,0.05395388135321899,0.009305525758614645,3.530740768772283,0.04417262201309077,-0.26205452898698384,2,4
892,0.8920000000000007,ramp,89.2,4.792140153591697,0.006661823170075465,1.0539841950615203,0.0539841950615203,0.006554510858676876,3.53729527963096,0.04425303137551917,-0.10731231139858924,2,4
893,0.8930000000000007,ramp,89.3,4.801722568317859,0.009582414726161836,1.054045328544339,0.054045328544338966,0.00932108664200257,3.5466163662729624,0.04433342244303399,-0.2613280841592663,2,4
894,0.8940000000000007,ramp,89.4,4.808404425186113,0.006681856868254066,1.0540756496665606,0.05407564966656064,0.006574668388169575,3.553191034661132,0.04441392555684852,-0.10718848008449064,2,4
895,0.8950000000000007,ramp,89.5,4.81800167282344,0.009597247637326944,1.0541366702994106,0.054136670299410605,0.009336644783301058,3.5625276794444334,0.044494410345238045,-0.26060285402588684,2,4
896,0.8960000000000007,ramp,89.6,4.824703565662679,0.00670189283923861,1.0541669986469757,0.05416699864697572,0.006594829320718387,3.569122508765152,0.04457500684637761,-0.1070635185202234,2,4
897,0.8970000000000007,ramp,89.7,4.834315644738962,0.009612079076283031,1.0542279067093223,0.054227906709322315,0.00935220024169688,3.5784747090068487,0.044655584991411666,-0.25987883458615174,2,4
898,0.8980000000000007,ramp,89.8,4.841037575767781,0.006721931028819128,1.0542582420942894,0.05425824209428942,0.006614993597795274,3.585089702604644,0.044736274515488075,-0.10693743102385428,2,4
899,0.8990000000000007,ramp,89.9,4.850664484865538,0.009626909097756986,1.054319037864699,0.05431903786469894,0.009367753075942337,3.5944574556805864,0.04481694565257509,-0.25915602181464903,2,4
900,0.9000000000000007,ramp,90.0,4.857406456248647,0.006741971383108947,1.0543493800998567,0.05434938009985668,0.006635161161266624,3.601092616841853,0.04489772783490409,-0.10681022184232287,2,4
901,0.9010000000000007,ramp,90.1,4.867048194004671,0.009641737756023616,1.0544100638559095,0.05441006385590952,0.009383303344395622,3.6104759201862486,0.0449784915991319,-0.2584344116279939,2,4
902,0.9020000000000007,ramp,90.2,4.8738102078534125,0.006762013848741866,1.0544404127547726,0.05444041275477263,0.006655331953389732,3.617131252139638,0.04505936607474898,-0.10668189535213354,2,4
903,0.9030000000000007,ramp,90.3,4.883466772958446,0.009656565105033543,1.0545009847731048,0.05450098477310483,0.009398851104994143,3.626530103244632,0.045140222100908005,-0.2577140000393999,2,4
904,0.9040000000000007,ramp,90.4,4.890248831331377,0.006782058372930777,1.054531340149978,0.05453134014997807,0.0066755059167906295,3.633205609161423,0.04522118850458593,-0.10655245614014756,2,4
905,0.9050000000000007,ramp,90.5,4.899920222529516,0.009671391198139645,1.0545918007062172,0.054591800706217164,0.009414396415287973,3.642620005576711,0.04530213642720121,-0.2569947828516723,2,4
906,0.9060000000000007,ramp,90.6,4.906722327432998,0.006802104903481876,1.0546221623761776,0.05462216237617756,0.006695682994499937,3.649315688571211,0.04538319439346999,-0.10642190898193897,2,4
907,0.9070000000000007,ramp,90.7,4.916408543521225,0.009686216088226729,1.0546825117450034,0.05468251174500338,0.00942993933238376,3.6587456279035946,0.045464233846806194,-0.25627675584296955,2,4
908,0.9080000000000007,ramp,90.8,4.9232306969093,0.006822153388075236,1.0547128795238627,0.05471287952386272,0.006715863129967116,3.665461491033562,0.04554538300996376,-0.10629025810812015,2,4
909,0.9090000000000007,ramp,90.9,4.932931736737296,0.00970103982799575,1.054773117978991,0.05477311797899098,0.009445479912995772,3.674906970946558,0.045626513628058425,-0.2555599149999775,2,4
910,0.9100000000000007,ramp,91.0,4.939773940512811,0.006842203775515365,1.0548034916834033,0.05480349168340326,0.006736046267016874,3.681643017213575,0.045707753622177744,-0.10615750849849152,2,4
911,0.9110000000000007,ramp,91.1,4.949489802982311,0.009715862469499292,1.0548636194975467,0.0548636194975467,0.009461018213416118,3.691104035426991,0.0457889750388462,-0.25484425608317435,2,4
912,0.9120000000000007,ramp,91.2,4.956352058996851,0.006862256014540158,1.054893998944911,0.05489399894491109,0.0067562323498948805,3.697860267776886,0.04587030549779771,-0.1060236646452774,2,4
913,0.9130000000000007,ramp,91.3,4.966082743061619,0.009730684064767736,1.0549540163898488,0.05495401638984876,0.009476554289523875,3.70733682206641,0.04595161734664221,-0.25412977524386093,2,4
914,0.9140000000000007,ramp,91.4,4.972965053116173,0.00688231005455453,1.054984401398378,0.05498440139837801,0.006776421323228905,3.714113243389639,0.046033037904102465,-0.10588873132562522,2,4
915,0.9150000000000007,ramp,91.5,4.982710557781031,0.009745504664858018,1.055044308744897,0.055044308744897075,0.009492088196812815,3.7236053315864517,0.04611443981853016,-0.2534164680452026,2,4
916,0.9160000000000007,ramp,91.6,4.989612923626316,0.006902365845284919,1.0550746991335975,0.05507469913359753,0.006796613132048765,3.7304019447185004,0.04619595010798615,-0.10575271323615391,2,4
917,0.9170000000000007,ramp,91.7,4.999373247947216,0.009760324320899905,1.055134496651524,0.05513449665152392,0.00950761999034786,3.739909564708848,0.04627744172121881,-0.2527043305520452,2,4
918,0.9180000000000007,ramp,91.8,5.00629567128408,0.006922423336863659,1.0551648922401748,0.055164892240174845,0.006816807721794006,3.746726372430642,0.046359041375978835,-0.10561561506965307,2,4
919,0.9190000000000007,ramp,91.9,5.016070814367615,0.009775143083535554,1.0552245801983993,0.055224580198399265,0.009523149724795064,3.756249522155437,0.04644062232106644,-0.2519933587404894,2,4
920,0.9200000000000007,ramp,92.0,5.023013296847386,0.00694248247977125,1.0552549808075684,0.05525498080756841,0.006837005038269178,3.7630865271937064,0.04652231097427093,-0.1054774415020724,2,4
921,0.9210000000000007,ramp,92.1,5.0328032578502935,0.009789961002907077,1.0553145594740199,0.055314559474019864,0.009538677454443272,3.7726252046481497,0.04660398088409319,-0.25128354846380535,2,4
922,0.9220000000000007,ramp,92.2,5.039765801075148,0.006962543224854123,1.0553449649250817,0.055344964925081674,0.006857205027695835,3.7794824096758455,0.04668575816872166,-0.10533819715828792,2,4
923,0.9230000000000007,ramp,92.3,5.049570579204328,0.009804778129180569,1.0554044345667095,0.055404434566709515,0.009554203233145377,3.789036612908991,0.04676751667600355,-0.2505748960351922,2,4
924,0.9240000000000007,ramp,92.4,5.056553184727686,0.006982605523357499,1.0554348446818327,0.055434844681832685,0.006877407636674648,3.7959140205456654,0.046849382224889956,-0.10519788668285085,2,4
925,0.9250000000000007,ramp,92.5,5.066372779239204,0.009819594511518481,1.0554942055646972,0.0554942055646972,0.009569727114416287,3.8054837476600816,0.04693122896220099,-0.24986739710219397,2,4
926,0.9260000000000007,ramp,92.6,5.073375448566226,0.007002669327022204,1.0555246201667896,0.05552462016678961,0.006897612812160992,3.8123813604722425,0.04701318240803269,-0.1050565148612119,2,4
927,0.9270000000000007,ramp,92.7,5.083209858765452,0.009834410199225374,1.055583872555971,0.05558387255597097,0.009585249151342144,3.8219666096235847,0.04709511700781084,-0.24916104788322985,2,4
928,0.9280000000000007,ramp,92.8,5.090232593353303,0.007022734587851076,1.0556142914688151,0.055614291468815136,0.006917820501540953,3.8288844301251257,0.047177157983135376,-0.10491408631012333,2,4
929,0.9290000000000007,ramp,92.9,5.100081818594082,0.009849225240778914,1.0556734356284287,0.05567343562842875,0.009600769396617926,3.8384851995217435,0.04725918007767968,-0.24845584416098748,2,4
930,0.9300000000000007,ramp,93.0,5.107124619852504,0.007042801258422493,1.0557038586765153,0.05570385867651528,0.006938030652561386,3.8454232301743048,0.047341308214927,-0.10477060586110663,2,4
931,0.9310000000000007,ramp,93.1,5.116988659537377,0.009864039684872594,1.0557628948698143,0.05576289486981434,0.009616287902558978,3.8550395180768637,0.047423417436415434,-0.24775178231361583,2,4
932,0.9320000000000007,ramp,93.2,5.124051528828666,0.007062869291289076,1.0557933218784614,0.05579332187846142,0.0069582432133620505,3.8619977612902257,0.047505632367884854,-0.1046260779270251,2,4
933,0.9330000000000007,ramp,93.3,5.133930382408087,0.009878853579420976,1.0558522503677281,0.05585225036772812,0.009631804721103598,3.8716295660113293,0.04758782834837439,-0.2470488583173787,2,4
934,0.9340000000000007,ramp,93.4,5.141013321047581,0.007082938639493719,1.0558826811629654,0.05588268116296535,0.006978458132417428,3.878608024143747,0.04767012970626045,-0.10448050707629122,2,4
935,0.9350000000000007,ramp,93.5,5.150906988019851,0.009893666972270232,1.0559415022095617,0.05594150220956173,0.00964731990382454,3.8882553440475713,0.0477524120777015,-0.24634706844569274,2,4
936,0.9360000000000007,ramp,93.6,5.158009997276773,0.007103009256922199,1.0559719366182858,0.05597193661828581,0.006998675358602852,3.895254019406174,0.04783479949408944,-0.10433389831934758,2,4
937,0.9370000000000007,ramp,93.7,5.167918477187199,0.009908479910426315,1.0560306504826622,0.0560306504826622,0.0096628335019002,3.904916852908074,0.04791716788832389,-0.2456464085261161,2,4
938,0.9380000000000007,ramp,93.8,5.17504155828421,0.007123081097010875,1.0560610883324975,0.056061088332497455,0.007018894841158662,3.9119357477492325,0.047999640995200266,-0.10418625585221271,2,4
939,0.9390000000000007,ramp,93.9,5.184964850725261,0.009923292441050613,1.0561196952741863,0.056119695274186254,0.009678345566131579,3.9216140933153643,0.04808209504397939,-0.24494687491903414,2,4
940,0.9400000000000007,ramp,94.0,5.192108004839581,0.007143154114320538,1.0561501363935497,0.05615013639354971,0.007039116529706368,3.928653209845071,0.04816465347324156,-0.10403758461416997,2,4
941,0.9410000000000007,ramp,94.1,5.202046109450299,0.009938104610717424,1.0562086366711496,0.056208636671149614,0.009693856146947701,3.9383470659920183,0.048247192808222365,-0.244248463769723,2,4
942,0.9420000000000007,ramp,94.2,5.209209337713472,0.00716322826317306,1.0562390808892268,0.0562390808892268,0.007059340374217415,3.945406406366236,0.04832983619167806,-0.10388788895564563,2,4
943,0.9430000000000007,ramp,94.3,5.219162254179277,0.009952916465804762,1.0562974747604708,0.056297474760470756,0.009709365294417155,3.9551157716606533,0.04841246044444127,-0.24355117138760707,2,4
944,0.9440000000000007,ramp,94.4,5.226345557677844,0.007183303498567106,1.0563279219071875,0.056327921907187495,0.0070795663250290885,3.9621953379856825,0.04849518841382306,-0.10373717353801773,2,4
945,0.9450000000000007,ramp,94.5,5.236313285729958,0.009967728052114211,1.0563862096288932,0.05638620962889318,0.009724873058235413,3.971920211043918,0.048577897215868464,-0.24285499387879764,2,4
946,0.9460000000000007,ramp,94.6,5.243516665505803,0.007203379775845065,1.056416659534984,0.05641665953498398,0.007099794332837578,3.9790200053767553,0.04866070940283851,-0.10358544300748639,2,4
947,0.9470000000000007,ramp,94.7,5.253499204921038,0.009982539415235081,1.0564748413630312,0.05647484136303116,0.009740379487739379,3.9887603848644946,0.04874350238559678,-0.24215992749570223,2,4
948,0.9480000000000007,ramp,94.8,5.2607226619715615,0.0072234570505234075,1.0565052938599855,0.056505293859985484,0.007120024348702297,3.9958804092131968,0.04882639842174776,-0.10343270182111043,2,4
949,0.9490000000000007,ramp,94.9,5.270720012571932,0.009997350600370325,1.0565633700494432,0.05656337004944323,0.009755884631886456,4.005636293845083,0.048909275216590914,-0.24146596848386923,2,4
950,0.9500000000000007,ramp,95.0,5.27796354785072,0.007243535278788293,1.0565938249694864,0.056593824969486395,0.007140256324045435,4.012776550169129,0.048992254733459625,-0.1032789547428586,2,4
951,0.9510000000000007,ramp,95.1,5.287975709503154,0.010012161652434237,1.056651795774447,0.05665179577444701,0.009771388539285782,4.022547938708414,0.049075214971700816,-0.24077311314845556,2,4
952,0.9520000000000007,ramp,95.2,5.295239323919898,0.00726361441674328,1.056682252950597,0.056682252950597034,0.00716049021063935,4.0297084289190535,0.049158277600769316,-0.10312420610393037,2,4
953,0.9530000000000007,ramp,95.3,5.305266296535949,0.010026972616051566,1.0567401186243253,0.056740118624325264,0.009786891258183142,4.039495320177236,0.049241320913672594,-0.24008135786842374,2,4
954,0.9540000000000007,ramp,95.4,5.3125499909569545,0.007283694421005293,1.0567705778903462,0.05677057789034623,0.007180725960592124,4.046676046137828,0.04932446628638034,-0.10296846041316955,2,4
955,0.9550000000000007,ramp,95.5,5.3225917744924445,0.010041783535490012,1.0568283386851993,0.05682833868519932,0.009802392836490226,4.0564784389743185,0.04940759230516298,-0.2393906989997859,2,4
956,0.9560000000000007,ramp,95.6,5.329895549741178,0.007303775248733935,1.0568587998756054,0.05685879987560538,0.007200963526362278,4.06367940250068,0.04949082005291055,-0.10281172237165681,2,4
957,0.9570000000000007,ramp,95.7,5.3399521441955535,0.010056594454375123,1.0569164560430637,0.05691645604306372,0.00981789332175208,4.073497295822432,0.04957402840875321,-0.23870113262304363,2,4
958,0.9580000000000007,ramp,95.8,5.347276001052683,0.0073238568571296625,1.056946918993142,0.05694691899314197,0.007221202860778313,4.08071849868321,0.04965733816290101,-0.10265399635134981,2,4
959,0.9590000000000007,ramp,95.9,5.357347406469291,0.010071405416607782,1.057004470783823,0.05700447078382309,0.00983339276113259,4.090551891444343,0.049740628486958254,-0.23801265547519074,2,4
960,0.9600000000000007,ramp,96.0,5.364691345673114,0.0073439392038228135,1.057034935329592,0.05703493532959203,0.007241443917009541,4.097793335361352,0.04982401987884331,-0.10249528681327211,2,4
961,0.9610000000000007,ramp,96.1,5.374777562138375,0.010086216465261089,1.057092382993236,0.057092382993235935,0.009848891201493602,4.107642226562846,0.04990739180223701,-0.23732526376748705,2,4
962,0.9620000000000007,ramp,96.2,5.382141584385127,0.007364022246751922,1.0571228489714661,0.057122848971466134,0.007261686648540415,4.1149039132113865,0.0499908644631741,-0.1023355982115075,2,4
963,0.9630000000000007,ramp,96.3,5.392242612028391,0.01010102764326426,1.0571801927569673,0.057180192756967285,0.009864388689320417,4.124768301900707,0.05007431761701325,-0.23663895394384313,2,4
964,0.9640000000000007,ramp,96.4,5.399626717972916,0.00738410594452521,1.0572106600051787,0.057210660005178715,0.007281931009235776,4.1320502329099424,0.05015787117830429,-0.10217493528943358,2,4
965,0.9650000000000007,ramp,96.5,5.409742556966046,0.010115838993129955,1.057267900160534,0.05726790016053407,0.009879885270755635,4.1419301181806985,0.05024140519367907,-0.23595372237432063,2,4
966,0.9660000000000007,ramp,96.6,5.417146747221525,0.007404190255479115,1.057298368516991,0.057298368516990994,0.0073021769532732985,4.149232295133972,0.05032503928660866,-0.10201330220581654,2,4
967,0.9670000000000007,ramp,96.7,5.427277397778676,0.010130650557150567,1.057355505289364,0.05735550528936395,0.009895380991615153,4.159127676125587,0.05040865379460683,-0.2352695655354134,2,4
968,0.9680000000000007,ramp,96.8,5.434701672917528,0.007424275138852465,1.0573859745930925,0.05738597459309247,0.007322424435165499,4.166450100560753,0.05049236805046306,-0.10185070368696601,2,4
969,0.9690000000000007,ramp,96.9,5.4448471352947525,0.010145462377224135,1.0574430082287802,0.057443008228780235,0.009910875897359879,4.176360976458112,0.0505760626821687,-0.23458647986425613,2,4
970,0.9700000000000008,ramp,97.0,5.452291495848214,0.0074443605534613155,1.0574734783195143,0.057473478319514326,0.007342673409772181,4.183703649867884,0.05065985673223905,-0.10168714368913485,2,4
971,0.9710000000000008,ramp,97.1,5.462451770343417,0.010160274495203403,1.0575304090639832,0.05753040906398321,0.009926370033126405,4.19363001990101,0.05074363111873902,-0.23390446207699825,2,4
972,0.9720000000000008,ramp,97.2,5.469916216803008,0.007464446459590768,1.0575608797822103,0.05756087978221025,0.007362923832274735,4.200992943733285,0.050827504594319235,-0.10152262731603304,2,4
973,0.9730000000000008,ramp,97.3,5.480091303755005,0.010175086951996981,1.0576177078800837,0.05761770788008369,0.009941863443697343,4.210934807176982,0.050911358366711255,-0.2332235082996379,2,4
974,0.9740000000000008,ramp,97.4,5.487575836571597,0.0074845328165924485,1.0576481790670156,0.05764817906701558,0.007383175658193291,4.218317982835176,0.050995310899111496,-0.10135715839915733,2,4
975,0.9750000000000008,ramp,97.5,5.497765736360503,0.010189899788905166,1.057704904762026,0.057704904762025944,0.009957356173537886,4.2282753390087136,0.051079243688512466,-0.2325436153672797,2,4
976,0.9760000000000008,ramp,97.6,5.505270355945581,0.007504619585078309,1.0577353762596318,0.057735376259631765,0.007403428843363899,4.235678767852077,0.05116327490905909,-0.1011907417144105,2,4
977,0.9770000000000008,ramp,97.7,5.515475068992003,0.010204713046421787,1.0577919997947307,0.05779199979473071,0.009972848266768338,4.245651616118845,0.05124728634660252,-0.23186477965344945,2,4
978,0.9780000000000008,ramp,97.8,5.522999775717287,0.007524706725284602,1.0578224714456823,0.05782247144568231,0.007423683343964249,4.253075299462809,0.051331395886650685,-0.10102338132035332,2,4
979,0.9790000000000008,ramp,97.9,5.533219302482413,0.010219526765125941,1.0578789930629744,0.05787899306297439,0.009988339767195686,4.263063639230005,0.051415485603500434,-0.23118699793025532,2,4
980,0.9800000000000008,ramp,98.0,5.540764096680703,0.007544794198289573,1.0579094647106553,0.05790946471065528,0.0074439391164841705,4.270507578346489,0.051499673094429294,-0.10085508180540224,2,4
981,0.9810000000000008,ramp,98.1,5.550998437665535,0.010234340984832002,1.0579658846514088,0.05796588465140884,0.010003830718269343,4.280511409064759,0.05158384072178216,-0.23051026656265883,2,4
982,0.9820000000000008,ramp,98.2,5.558563319630949,0.007564881965413939,1.0579963561399883,0.057996356139988325,0.007464196117753094,4.2879756051825115,0.05166810579501675,-0.10068584766084482,2,4
983,0.9830000000000008,ramp,98.3,5.568812475376291,0.010249155745341909,1.0580526746446284,0.05805267464462838,0.010019321163129672,4.297994926345641,0.051752350964106505,-0.22983458221223668,2,4
984,0.9840000000000008,ramp,98.4,5.57639744536404,0.007584969987749268,1.058083145818961,0.05808314581896101,0.007484454304901775,4.305479380650543,0.051836693251105084,-0.10051568284749363,2,4
985,0.9850000000000008,ramp,98.5,5.586661416450285,0.010263971086245327,1.0581393631270881,0.05813936312708812,0.010034811144593652,4.3155141917951365,0.051921015593206374,-0.22915994165167464,2,4
986,0.9860000000000008,ramp,98.6,5.594266474677703,0.007605058227417416,1.0581698338327485,0.05816983383274854,0.0075047136354006415,4.323018905430537,0.05200543472548005,-0.10034459201677462,2,4
987,0.9870000000000008,ramp,98.7,5.604545261724063,0.010278787046360094,1.0582259501831854,0.05822595018318544,0.010050300705151336,4.333069206135688,0.052089833871922155,-0.22848634120875738,2,4
988,0.9880000000000008,ramp,98.8,5.612170408370479,0.007625146646415892,1.058256420266473,0.05825642026647304,0.007524974067008291,4.340594180202697,0.05217432948102898,-0.10017257940760169,2,4
989,0.9890000000000008,ramp,98.9,5.62246401203546,0.010293603664981,1.058312435897194,0.05831243589719404,0.010065789886983421,4.35065997008968,0.0522588050631918,-0.22781377799757813,2,4
990,0.9900000000000008,ramp,99.0,5.630109247242567,0.007645235207107248,1.058342905205123,0.058342905205122975,0.007545235557816202,4.358205205647496,0.052343376780755374,-0.0999996492910462,2,4
991,0.9910000000000008,ramp,99.1,5.640417668222767,0.010308420980200239,1.0583988203532921,0.058398820353292136,0.01008127873193298,4.368286484379429,0.052427928430080754,-0.2271422482672588,2,4
992,0.9920000000000008,ramp,99.2,5.648082992095158,0.007665323872390495,1.058429288733578,0.058429288733578,0.007565498066230852,4.37585198244566,0.05251257588777942,-0.09982580615964294,2,4
993,0.9930000000000008,ramp,99.3,5.658406231125652,0.010323239030494591,1.0584851036355734,0.058485103635573354,0.010096767281541123,4.385948749727201,0.05259720323577646,-0.2264717489534676,2,4
994,0.9940000000000008,ramp,99.4,5.666091643730645,0.007685412604993225,1.0585155709366663,0.05851557093666626,0.007585761550961315,4.393534511278163,0.052681926065359895,-0.0996510540319101,2,4
995,0.9950000000000008,ramp,99.5,5.676429701584343,0.01033805785369779,1.058571285828035,0.05857128582803495,0.010112255577036582,4.403646766855199,0.052766628743603605,-0.22580227666120847,2,4
996,0.9960000000000008,ramp,99.6,5.6841352029527785,0.007705501368435286,1.0586017518990656,0.05860175189906558,0.007606025971020854,4.41125279282622,0.05285142657689965,-0.099475397414432,2,4
997,0.9970000000000008,ramp,99.7,5.694488080440125,0.010352877487346923,1.058657367014566,0.05865736701456603,0.010127743659326081,4.421380536485546,0.052936204217046326,-0.22513382802084175,2,4
998,0.9980000000000008,ramp,99.8,5.702213670566451,0.0077255901263253435,1.0586878317054251,0.05868783170542513,0.007626291285735666,4.429006827771282,0.05302107668595452,-0.09929884058967713,2,4
999,0.9990000000000008,ramp,99.9,5.712581368535687,0.010367697969236644,1.0587433472789984,0.05874334727899844,0.010143231569013617,4.439150059340296,0.05310592891973947,-0.22446640022302788,2,4
1000,1.0000000000000007,ramp,100.0,5.720327047377879,0.007745678842191239,1.0587738104402216,0.05877381044022156,0.007646557454741373,4.446796616795037,0.05319087565625074,-0.09912138744986622,2,4
1001,1.0010000000000006,hold,100.0,5.712244256095259,-0.008082791282619795,1.0586548387012003,0.05865483870120025,-0.007434840593435532,4.4393617762016016,0.05308867007330323,0.6479506891842621,2,4
1002,1.0020000000000004,hold,100.0,5.719963314604771,0.0077190585095117115,1.0586863298170044,0.05868632981700439,0.007614594653086686,4.4469763708546886,0.05298869334000186,-0.10446385642502547,2,4
1003,1.0030000000000003,hold,100.0,5.7119137972193466,-0.008049517385424032,1.0585683461799125,0.05856834617991247,-0.007406705286459375,4.4395696655682295,0.052890634880657275,0.6428120989646572,2,4
1004,1.0040000000000002,hold,100.0,5.719604239354829,0.007690442135482201,1.058600206537158,0.05860020653715803,0.007583936984921098,4.447153602553151,0.052793619912906715,-0.10650515056110244,2,4
1005,1.0050000000000001,hold,100.0,5.7115873077869725,-0.008016931567856211,1.0584830341460272,0.05848303414602718,-0.00737836834084119,4.439775234212309,0.05269802883798227,0.6385632270150213,2,4
1006,1.006,hold,100.0,5.7192487215750365,0.007661413788063953,1.0585150990329226,0.058515099032922624,0.007553695531240875,4.44732892974355,0.0526031770743218,-0.10771825682307813,2,4
1007,1.007,hold,100.0,5.711263969783624,-0.00798475179141267,1.058398648550547,0.058398648550546994,-0.007349986635586224,4.439978943107964,0.052509532389551763,0.6347651558264462,2,4
1008,1.0079999999999998,hold,100.0,5.718896207712062,0.007632237928437924,1.0584308360116441,0.058430836011644116,0.007523720074985251,4.4475026631829495,0.05241646717703847,-0.10851785345267292,2,4
1009,1.0089999999999997,hold,100.0,5.710943336111015,-0.007952871601046851,1.0583150510055244,0.058315051005524365,-0.007321618909214657,4.440181044273735,0.052324478000763064,0.6312526918321945,2,4
1010,1.0099999999999996,hold,100.0,5.718546349638535,0.0076030135275200195,1.0583473101164385,0.058347310116438456,0.007493953906949528,4.447674998180684,0.052232965578020506,-0.10905962057049158,2,4
1011,1.0109999999999995,hold,100.0,5.71062511228858,-0.007921237349955312,1.0582321506454893,0.058232150645489256,-0.007293294400213703,4.440381703780471,0.05214243827692955,0.6279429497416094,2,4
1012,1.0119999999999993,hold,100.0,5.718198902179819,0.0075737898912393575,1.0582644459966564,0.05826444599665637,0.007464368401830431,4.447846072182301,0.05205231457771465,-0.10942148940892675,2,4
1013,1.0129999999999992,hold,100.0,5.710309084733095,-0.007889817446724123,1.058149881761385,0.058149881761385025,-0.00726503003155137,4.4405810421507494,0.05196310775048969,0.6247874151727537,2,4
1014,1.0139999999999991,hold,100.0,5.717853680360137,0.007544595627042128,1.0581821869941257,0.058182186994125695,0.007434946647120895,4.44801598879787,0.05187424904236961,-0.10964897992123308,2,4
1015,1.014999999999999,hold,100.0,5.709995089004726,-0.00785859135541056,1.0580681939062775,0.05806819390627749,-0.0072368365565021265,4.440779152241368,0.05178625327155471,0.6217547989084338,2,4
1016,1.015999999999999,hold,100.0,5.717510537994471,0.007515448989744655,1.0581004884816012,0.05810048848160121,0.007405677592359987,4.448184829833728,0.051698561702830055,-0.1097713973846684,2,4
1017,1.0169999999999988,hold,100.0,5.709682993221492,-0.007827544772979422,1.0579870467315213,0.05798704673152133,-0.007208721251580135,4.440976108582148,0.05161168888007042,0.6188235213992875,2,4
1018,1.0179999999999987,hold,100.0,5.71716935563183,0.0074863624103382875,1.058019314112846,0.058019314112846,0.007376553487939929,4.4483526620700875,0.051525084408199376,-0.10980892239835852,2,4
1019,1.0189999999999986,hold,100.0,5.709372688415874,-0.007796667215956177,1.0579064069866597,0.05790640698665972,-0.007180689265050994,4.441171972805036,0.05143926148933655,0.6159779509051829,2,4
1020,1.0199999999999985,hold,100.0,5.7168300331750395,0.007457344759165707,1.0579386335294867,0.057938633529486694,0.007347568603822413,4.448519541408858,0.05135367696423626,-0.10977615534329445,2,4
1021,1.0209999999999984,hold,100.0,5.709064082486427,-0.0077659506886123,1.057826246639151,0.057826246639151035,-0.007152744359747059,4.4413667970491115,0.05126884203461318,0.6132063288652404,2,4
1022,1.0219999999999982,hold,100.0,5.71649248507814,0.007428402591712846,1.0578584208693114,0.05785842086931137,0.007318718524557984,4.448685515573669,0.0511842200063477,-0.10968406715486205,2,4
1023,1.0229999999999981,hold,100.0,5.708757096182135,-0.007735388896005446,1.0577465416269836,0.05774654162698356,-0.007124889352746758,4.441560626220922,0.05110031965939834,0.6104995432586885,2,4
1024,1.023999999999998,hold,100.0,5.7161566370665895,0.007399540884454936,1.057778653748533,0.05777865374853297,0.007289999732389407,4.448850625953312,0.051016610201273266,-0.10954115206552889,2,4
1025,1.024999999999998,hold,100.0,5.70845166031553,-0.007704976751059078,1.0576672709937966,0.05766727099379665,-0.007097126390471667,4.44175349956284,0.05093359771419835,0.6078503605874115,2,4
1026,1.0259999999999978,hold,100.0,5.715822423811085,0.007370763495554655,1.0576993125403737,0.05769931254037375,0.007261409346628996,4.4490149089094695,0.05085075687934206,-0.109354148925659,2,4
1027,1.0269999999999977,hold,100.0,5.708147713760461,-0.007674710050624256,1.0575884162675067,0.05758841626750666,-0.00706945712888975,4.44194545178058,0.05076859089814074,0.6052529217345061,2,4
1028,1.0279999999999976,hold,100.0,5.715489787225374,0.0073420734649127795,1.0576203798475048,0.05762037984750479,0.007232944953097321,4.449178396733677,0.05068657958995324,-0.10912851181545807,2,4
1029,1.0289999999999975,hold,100.0,5.707845201968517,-0.0076445852568562955,1.0575099610007879,0.05750996100078787,-0.007041882855951718,4.442136513877725,0.05060522315384183,0.6027024009045778,2,4
1030,1.0299999999999974,hold,100.0,5.715158675187254,0.007313473218736988,1.057541840106105,0.05754184010610497,0.007204604488360188,4.449341118366085,0.0505240062772793,-0.10886873037679964,2,4
1031,1.0309999999999973,hold,100.0,5.7075440758447336,-0.007614599342520734,1.0574318904226516,0.05743189042265162,-0.007014404577373196,4.442326713788712,0.050443426077187506,0.6001947651475374,2,4
1032,1.0319999999999971,hold,100.0,5.7148290405571744,0.007284964712440889,1.0574636792820578,0.057463679282057756,0.0071763861586382465,4.44950309994735,0.05036297188671255,-0.10857855380264243,2,4
1033,1.032999999999997,hold,100.0,5.707244290876135,-0.007584749681039504,1.0573541911690278,0.057354191169027846,-0.006987023078488114,4.442516076868862,0.05028313768996895,0.5977266025513905,2,4
1034,1.033999999999997,hold,100.0,5.714500840409939,0.0072565495338041686,1.057385884633481,0.05738588463348093,0.007148288381478471,4.4496643652503405,0.050203417278955144,-0.10826115232569732,2,4
1035,1.0349999999999968,hold,100.0,5.70694580644609,-0.007555033963849489,1.0572768510704833,0.0572768510704833,-0.006959738969641619,4.442704626280699,0.05012430147495866,0.5952949942078702,2,4
1036,1.0359999999999967,hold,100.0,5.714174035424167,0.007228228978076956,1.0573084445219927,0.057308444521992685,0.007120309742835125,4.449824936023535,0.0500452883692239,-0.10791923524183095,2,4
1037,1.0369999999999966,hold,100.0,5.706648585284261,-0.007525450139905132,1.057199858982418,0.057199858982418084,-0.006932552720418322,4.442892383303116,0.04996686560507066,0.5928974194868101,2,4
1038,1.0379999999999965,hold,100.0,5.713848589389363,0.007200004105101243,1.0572313482605822,0.05723134826058218,0.0070924489648928335,4.449984832268009,0.049888535434607174,-0.10755514020840962,2,4
1039,1.0389999999999964,hold,100.0,5.706352593020923,-0.0074959963684397835,1.0571232046473595,0.05712320464735954,-0.006905464685688814,4.44307936758232,0.04981078231888872,0.5905316827509695,2,4
1040,1.0399999999999963,hold,100.0,5.713524468803671,0.007171875782748138,1.0571545859894171,0.05715458598941714,0.007064704881416358,4.450144072463736,0.04973311254933934,-0.10717090133178023,2,4
1041,1.0409999999999962,hold,100.0,5.706057797820533,-0.007466670983138357,1.0570468785820226,0.05704687858202262,-0.006878475125882219,4.443265597337854,0.0496560074084499,0.5881958572561381,2,4
1042,1.041999999999996,hold,100.0,5.713201642540687,0.007143844720154391,1.0570781485732728,0.05707814857327276,0.007037076418727351,4.450302673756582,0.049578977118981134,-0.10676830142703972,2,4
1043,1.042999999999996,hold,100.0,5.705764170077905,-0.0074374724627821465,1.0569708719835724,0.056970871983572424,-0.0068515842229223255,4.443451089533659,0.04950249979446483,0.585888239859821,2,4
1044,1.0439999999999958,hold,100.0,5.71288008157246,0.007115911494555149,1.0570020275160434,0.05700202751604344,0.007009562580679142,4.450460652114338,0.04942608949212063,-0.10634891387600702,2,4
1045,1.0449999999999957,hold,100.0,5.7054716821633376,-0.007408399409122524,1.0568951766511132,0.05689517665111321,-0.006824792092932513,4.443635860021406,0.04935022117055911,0.5836073161900107,2,4
1046,1.0459999999999956,hold,100.0,5.712559758735654,0.007088076572316027,1.056926214888808,0.05692621488880789,0.006982162436723581,4.450618022458129,0.049274412633717755,-0.10591413559244561,2,4
1047,1.0469999999999955,hold,100.0,5.705180308207213,-0.007379450528440579,1.0568197849193872,0.05681978491938722,-0.006798098796384709,4.443819923661745,0.04919913570262287,0.5813517320558699,2,4
1048,1.0479999999999954,hold,100.0,5.712240648532825,0.007060340325612202,1.0568507032687602,0.05685070326876018,0.006954875112225876,4.4507747987739705,0.04912391184787978,-0.10546521338632586,2,4
1049,1.0489999999999953,hold,100.0,5.70489002391632,-0.0073506246165049305,1.056744689602353,0.056744689602352905,-0.006771504346426798,4.444003294427544,0.04904920977272375,0.5791202700781324,2,4
1050,1.0499999999999952,hold,100.0,5.711922726962788,0.007032703046467859,1.0567754856870064,0.05677548568700641,0.006927699780697818,4.450930994208242,0.04897455454086369,-0.10500326577004074,2,4
1051,1.050999999999995,hold,100.0,5.704600806416273,-0.007321920546514704,1.0566698839447228,0.05666988394472283,-0.0067450087157218605,4.44418598549252,0.0489004117593489,0.5769118307928436,2,4
1052,1.051999999999995,hold,100.0,5.711605971374324,0.007005164958050258,1.0567005555837372,0.05670055558373721,0.006900635657360572,4.45108662114988,0.04882631001697392,-0.10452930068968659,2,4
1053,1.0529999999999948,hold,100.0,5.704312634115743,-0.007293337258580834,1.0565953615801724,0.05659536158017242,-0.006718611842056727,4.444368009307824,0.04875271184755129,0.5747254165241076,2,4
1054,1.0539999999999947,hold,100.0,5.711290360339458,0.006977726223714953,1.0566259067692134,0.05662590676921342,0.006873681993798757,4.451241691301623,0.048679149301699774,-0.10404422991619564,2,4
1055,1.0549999999999946,hold,100.0,5.7040254865874305,-0.007264873752027334,1.056521116495053,0.05652111649505298,-0.006692313633033281,4.444549377668589,0.048606081863919445,0.572560118994053,2,4
1056,1.0559999999999945,hold,100.0,5.710975873543159,0.0069503869557285824,1.0565515333899762,0.056551533389976205,0.006846838073527216,4.4513962157421165,0.04853304498753239,-0.10354888220136682,2,4
1057,1.0569999999999944,hold,100.0,5.703739344465793,-0.0072365290773657165,1.0564471429967204,0.05644714299672038,-0.006666113970062337,4.444730101772054,0.0484604951323283,0.5704151073033792,2,4
1058,1.0579999999999943,hold,100.0,5.710662491686382,0.006923147220589065,1.056477429899216,0.05647742989921589,0.006820103208277881,4.4515502049803315,0.04838797109883372,-0.10304401231118424,2,4
1059,1.0589999999999942,hold,100.0,5.703454189354971,-0.007208302331411787,1.0563734356856587,0.05637343568565867,-0.006640012711643256,4.444910192268688,0.04831592634717431,0.5682896197685303,2,4
1060,1.059999999999994,hold,100.0,5.710350196400395,0.006896007045424035,1.0564035910305558,0.05640359103055581,0.006793476734794333,4.451703669003482,0.048243902972777364,-0.1025303106297025,2,4
1061,1.060999999999994,hold,100.0,5.703170003749644,-0.007180192650750428,1.0562999894310134,0.05629998943101344,-0.00661400969621078,4.445089659307271,0.04817235146144229,0.566182954539648,2,4
1062,1.0619999999999938,hold,100.0,5.710038970172514,0.006868966422869605,1.056330011775092,0.056330011775092004,0.006766958012158106,4.45185661731943,0.0481008171539964,-0.10200841071149845,2,4
1063,1.0629999999999937,hold,100.0,5.702886770963391,-0.007152199209122578,1.0562267993487762,0.05622679934877617,-0.006588104744576556,4.445268512574853,0.04802974758740913,0.5640944645460225,2,4
1064,1.0639999999999936,hold,100.0,5.709728796277634,0.006842025314242939,1.0562566873608685,0.05625668736086853,0.006740546419492791,4.452009058994346,0.04795869130093068,-0.10147889475014757,2,4
1065,1.0649999999999935,hold,100.0,5.702604475065577,-0.007124321212057083,1.0561538607825363,0.05615386078253626,-0.006562297661992089,4.445446761332354,0.04788809290821949,0.5620235500649945,2,4
1066,1.0659999999999934,hold,100.0,5.709419658719354,0.0068151836537770905,1.0561836132345788,0.056183613234578766,0.006714241353965653,4.45216100268632,0.04781750410222968,-0.10094229981143753,2,4
1067,1.0669999999999933,hold,100.0,5.702323100824979,-0.007096557894374911,1.056081169286157,0.05608116928615692,-0.006536588239986788,4.445624414446333,0.04774736659879883,0.5599696543881231,2,4
1068,1.0679999999999932,hold,100.0,5.709111542176437,0.006788441351457841,1.056110785045352,0.05611078504535194,0.006688042229088276,4.452312456675421,0.04767723520187934,-0.10039912236956515,2,4
1069,1.068999999999993,hold,100.0,5.702042633658721,-0.007068908517716466,1.05600872060836,0.05600872060835993,-0.0065109762578644415,4.445801480417557,0.047607548754868056,0.5579322598520241,2,4
1070,1.069999999999993,hold,100.0,5.708804431954471,0.00676179829575041,1.056038198629951,0.056038198629950964,0.006661948473181701,4.452463428890739,0.04753786513185781,-0.0998498225687084,2,4
1071,1.0709999999999928,hold,100.0,5.701763059587265,-0.007041372367206478,1.0559365106787308,0.055936510678730844,-0.006485461484114238,4.445977967406624,0.04746862032902554,0.5559108830922397,2,4
1072,1.0719999999999927,hold,100.0,5.70849831394245,0.006735254355185738,1.0559658499996971,0.055965849999697115,0.006635959528106813,4.452613926934731,0.04739937525141559,-0.09929482707892508,2,4
1073,1.0729999999999926,hold,100.0,5.701484365192454,-0.007013948749996501,1.0558645355952943,0.05586453559529425,-0.006460043677581158,4.44615388325715,0.047330563073000285,0.5539050724153431,2,4
1074,1.0739999999999925,hold,100.0,5.708193174573758,0.006708809381303915,1.0558937353284035,0.05589373532840347,0.006610074848116657,4.452763958105266,0.04726174769210336,-0.09873453318725786,2,4
1075,1.0749999999999924,hold,100.0,5.701206537580846,-0.006986636992912132,1.0557927916130219,0.055792791613021864,-0.006434722588524297,4.446329235516742,0.047193359485290215,0.5519144043878346,2,4
1076,1.0759999999999923,hold,100.0,5.7078890007907646,0.006682463209918943,1.0558218509417288,0.05582185094172876,0.00658429389881667,4.452913529415558,0.04712496530788717,-0.0981693111022728,2,4
1077,1.0769999999999922,hold,100.0,5.700929564349288,-0.006959436441476896,1.0557212751336693,0.05572127513366931,-0.006409497959488635,4.44650403145607,0.047056992763600425,0.5499384819882608,2,4
1078,1.077999999999992,hold,100.0,5.707585780012134,0.006656215662846243,1.055750193307221,0.055750193307221085,0.006558616156308395,4.453062647612378,0.04698901162975715,-0.09759950653784842,2,4
1079,1.078999999999992,hold,100.0,5.70065343355464,-0.006932346457493743,1.0556499826962864,0.055649982696286404,-0.006384369526204651,4.446678278086173,0.04692144676148454,0.5479769312890922,2,4
1080,1.0799999999999919,hold,100.0,5.707283500103783,0.006630066549142555,1.0556787590254282,0.05567875902542818,0.00653304110639553,4.453211319192569,0.04685387082429741,-0.09702544274702452,2,4
1081,1.0809999999999917,hold,100.0,5.700378133685265,-0.006905366418517467,1.0555789109687588,0.05557891096875878,-0.006359337018219344,4.4468519821743495,0.04678670594873045,0.5460294002981227,2,4
1082,1.0819999999999916,hold,100.0,5.706982149351641,0.0066040156663760285,1.0556075448217264,0.05560754482172636,0.006507568243833687,4.453359550418183,0.04671952765577177,-0.09644742254234176,2,4
1083,1.0829999999999915,hold,100.0,5.700103653635532,-0.006878495716109434,1.0555080567399544,0.0555080567399544,-0.006334400159593146,4.44702515025859,0.04665275537507101,0.5440955565162884,2,4
1084,1.0839999999999914,hold,100.0,5.706681716437033,0.006578062801501083,1.0555365475388563,0.055536547538856285,0.006482197071773609,4.453507347330363,0.046585967451382916,-0.09586572972747429,2,4
1085,1.0849999999999913,hold,100.0,5.699829982681609,-0.0068517337554236946,1.0554374169125644,0.05543741691256443,-0.0063095586694760985,4.447197788660887,0.04651958063688253,0.542175085947596,2,4
1086,1.0859999999999912,hold,100.0,5.706382190413984,0.0065522077323745265,1.0554657641300207,0.05546576413002069,0.006456927101169428,4.453654715762056,0.04645317606932843,-0.09528063120509828,2,4
1087,1.086999999999991,hold,100.0,5.699557110460617,-0.006825079953366675,1.0553669884965164,0.055366988496516445,-0.006284812262589809,4.4473699034994665,0.04638716784653399,0.5402676907768659,2,4
1088,1.087999999999991,hold,100.0,5.706083560688534,0.006526450227917202,1.055395191652637,0.055395191652636955,0.006431757850237901,4.453801661349704,0.04632113986938116,-0.09469237767930141,2,4
1089,1.0889999999999909,hold,100.0,5.6992850269500455,-0.006798533738488821,1.0552967686029762,0.055296768602976165,-0.006260160649701531,4.4475415007000025,0.04625550360412834,0.53837308878729,2,4
1090,1.0899999999999908,hold,100.0,5.705785816999573,0.006500790049527971,1.0553248272624365,0.05532482726243648,0.006406688844065043,4.453948189544068,0.04618984568573688,-0.094101205462928,2,4
1091,1.0909999999999906,hold,100.0,5.699013722449186,-0.006772094550387742,1.0552267544386986,0.05522675443869862,-0.006235603538048672,4.447712586006019,0.04612457497141151,0.5364910123390699,2,4
1092,1.0919999999999905,hold,100.0,5.705488949401042,0.006475226951856428,1.0552546682082349,0.05525466820823488,0.006381719614152572,4.454094305620171,0.046059280801909255,-0.09350733770385582,2,4
1093,1.0929999999999904,hold,100.0,5.698743187562765,-0.006745761838277353,1.0551569433009327,0.05515694330093268,-0.006211140631703946,4.447883164988467,0.04599436944760116,0.5346212065734075,2,4
1094,1.0939999999999903,hold,100.0,5.705192948245095,0.0064497606823303855,1.0551847118268471,0.055184711826847144,0.006356849698065752,4.454240014686533,0.04592943292748281,-0.0929109842646332,2,4
1095,1.0949999999999902,hold,100.0,5.698473413184419,-0.0067195350606761295,1.055087332572613,0.05508733257261289,-0.0061867716318891024,4.448053243054644,0.04586487494698985,0.5327634287870271,2,4
1096,1.09599999999999,hold,100.0,5.704897804167523,0.006424390983103656,1.0551149555385928,0.0551149555385928,0.006332078639079305,4.4543853216937235,0.04580029017651166,-0.09231234402435132,2,4
1097,1.09699999999999,hold,100.0,5.698204390482374,-0.0066934136851486414,1.0550179197179423,0.05501791971794234,-0.00616249623730782,4.448222825456416,0.04573607977815205,0.5309174478408214,2,4
1098,1.0979999999999899,hold,100.0,5.704603508073176,0.006399117590802028,1.0550453968429518,0.055045396842951844,0.006307405985883637,4.454530231442299,0.045671841047467944,-0.09171160491839095,2,4
1099,1.0989999999999898,hold,100.0,5.69793611088584,-0.006667397187335666,1.0549487022783255,0.05494870227832549,-0.006138314144434208,4.448391917297865,0.04560797262456558,0.529083042901458,2,4
1100,1.0999999999999897,hold,100.0,5.7043100511230875,0.006373940237247133,1.0549760333146898,0.05497603331468981,0.006282831292319551,4.454674748590185,0.045544074404558,-0.09110894492758183,2,4
1101,1.1009999999999895,hold,100.0,5.697668566072192,-0.006641485050895568,1.054879677868492,0.054879677868491905,-0.006114225047713406,4.448560523542472,0.04548054252658827,0.5272600031821618,2,4
1102,1.1019999999999894,hold,100.0,5.704017424721885,0.006348858649692701,1.0549068626001306,0.05490686260013056,0.006258354117092884,4.454818877659565,0.04541697946030243,-0.09050453259981747,2,4
1103,1.1029999999999893,hold,100.0,5.697401747955338,-0.006615676766546841,1.0548108441729778,0.05481084417297777,-0.0060902286398468505,4.448728649019718,0.0453537788646207,0.5254481266999903,2,4
1104,1.1039999999999892,hold,100.0,5.703725620506791,0.006323872551453391,1.054837882413677,0.05483788241367704,0.006233974023558809,4.454962623043277,0.045290545759256576,-0.08989852789458193,2,4
1105,1.104999999999989,hold,100.0,5.697135648674376,-0.006589971832415387,1.0547421989428145,0.05474219894281451,-0.0060663246119527035,4.448896298431324,0.045227671343377226,0.5236472204626832,2,4
1106,1.105999999999989,hold,100.0,5.703434630336562,0.006298981662186343,1.0547690905347225,0.05476909053472245,0.006209690579499128,4.455105989010823,0.045164763162808784,-0.08929108268721474,2,4
1107,1.1069999999999889,hold,100.0,5.6968702605836,-0.0065643697529624845,1.0546737399924055,0.054673739992405546,-0.006042512653790169,4.449063476357033,0.04510220997716161,0.5218570991723159,2,4
1108,1.1079999999999888,hold,100.0,5.70314444628179,0.006274185698190493,1.0547004848045198,0.05470048480451983,0.006185503356938411,4.455248979713971,0.04503962183491478,-0.0886823412520818,2,4
1109,1.1089999999999887,hold,100.0,5.69660557624286,-0.006538870038930611,1.0546054651966241,0.054605465196624126,-0.006018792453912145,4.449230187260059,0.04497738507606227,0.5200775850184658,2,4
1110,1.1099999999999886,hold,100.0,5.702855060615368,0.006249484372508718,1.0546320631234924,0.05463206312349245,0.006161411931956302,4.455391599192016,0.04491511222874892,-0.08807244055241553,2,4
1111,1.1109999999999884,hold,100.0,5.696341588407935,-0.006513472207433146,1.0545373724881388,0.054537372488138836,-0.0059951636998550745,4.449396435492161,0.044853187233007956,0.5183085075780719,2,4
1112,1.1119999999999883,hold,100.0,5.702566465803694,0.006224877395759165,1.0545638234485506,0.0545638234485506,0.006137415884521534,4.455533851376682,0.044791225074143876,-0.08746151123763084,2,4
1113,1.1129999999999882,hold,100.0,5.696078290022966,-0.006488175780728689,1.0544694598548312,0.054469459854831204,-0.00597162607824336,4.449562225298439,0.04472960731161787,0.5165497024853284,2,4
1114,1.113999999999988,hold,100.0,5.702278654498809,0.006200364475843045,1.0544957637905903,0.05449576379059029,0.006113514798323505,4.455675740096762,0.0446679513657997,-0.08684967751954042,2,4
1115,1.114999999999988,hold,100.0,5.695815674211537,-0.006462980287271769,1.0544017253374331,0.05440172533743315,-0.0059481792749586275,4.449727560821803,0.044606636434736203,0.5148010123131415,2,4
1116,1.115999999999988,hold,100.0,5.701991619530049,0.006175945318512177,1.0544278822122757,0.05442788221227568,0.006089708260662148,4.455817269082465,0.04454528235218293,-0.08623705785002887,2,4
1117,1.1169999999999878,hold,100.0,5.695553734270174,-0.006437885259875209,1.0543341670272475,0.05433416702724747,-0.0059248229752302504,4.449892446107235,0.04448426597367436,0.5130622846449585,2,4
1118,1.1179999999999877,hold,100.0,5.701705353199461,0.006151618929287395,1.0543601764970834,0.05436017649708336,0.006065997080745044,4.4559584431879795,0.044423209295308144,-0.08562184854235023,2,4
1119,1.1189999999999876,hold,100.0,5.695292461836372,-0.0064128913630892015,1.0542667827147154,0.05426678271471541,-0.005901557887331697,4.450056885300648,0.04436248707120428,0.5113334757575047,2,4
1120,1.1199999999999875,hold,100.0,5.701419849353654,0.006127387517281591,1.054292645128513,0.05429264512851306,0.006042379445859778,4.456099264746507,0.04430172391740852,-0.08500807142181217,2,4
1121,1.1209999999999873,hold,100.0,5.695031852399165,-0.006387996954488884,1.0541995709486058,0.054199570948605835,-0.005878382702350381,4.450220882044157,0.04424129204230119,0.509614252138503,2,4
1122,1.1219999999999872,hold,100.0,5.70113510135585,0.0061032489566850145,1.054225286325334,0.05422528632533408,0.006018855147423466,4.45623973719158,0.04418081841098559,-0.08439380926154871,2,4
1123,1.1229999999999871,hold,100.0,5.694771899725049,-0.006363201630800397,1.0541325299578328,0.0541325299578328,-0.005855297076083456,4.450384440115497,0.044120672945305174,0.5079045547169407,2,4
1124,1.123999999999987,hold,100.0,5.700851102678008,0.006079202952959051,1.0541580983368484,0.05415809833684837,0.00599542378146101,4.456379863896958,0.044060484940284556,-0.08377917149804057,2,4
1125,1.124999999999987,hold,100.0,5.694512597728926,-0.006338504949082058,1.0540656580148906,0.054065658014890605,-0.005832300689169489,4.450547563207788,0.04400062204895002,0.5062042599125686,2,4
1126,1.1259999999999868,hold,100.0,5.700567846934532,0.006055249205605406,1.054091079453437,0.05409107945343705,0.005972084949893864,4.456519648157682,0.043940715876546105,-0.08316425571154237,2,4
1127,1.1269999999999867,hold,100.0,5.694253940467528,-0.006313906467004138,1.0539989534336682,0.05399895343366823,-0.005809393224254753,4.450710254933427,0.04388113182493957,0.5045132427493847,2,4
1128,1.1279999999999866,hold,100.0,5.700285327878883,0.00603138741135556,1.0540242280058758,0.05402422800587581,0.005948838258224858,4.456659093191652,0.04382150379013554,-0.08254915313070203,2,4
1129,1.1289999999999865,hold,100.0,5.6939959221334915,-0.0062894057453917185,1.053932414567884,0.05393241456788389,-0.005786574364401343,4.450872518827251,0.043762194940314275,0.5028313809903752,2,4
1130,1.1299999999999863,hold,100.0,5.700003539399742,0.006007617266250875,1.0539575423637615,0.05395754236376149,0.005925683315041769,4.456798202142292,0.043702841443072106,-0.08193395120910645,2,4
1131,1.1309999999999862,hold,100.0,5.693738537050874,-0.00626500234886862,1.0538660398094606,0.053866039809460586,-0.0057638437928224494,4.45103435834947,0.04364380425016813,0.5011585560461708,2,4
1132,1.1319999999999861,hold,100.0,5.699722475514767,0.0059839384638928905,1.0538910209342005,0.053891020934200506,0.0059026197318388825,4.456936978081309,0.043584721781924844,-0.08131873205400805,2,4
1133,1.132999999999986,hold,100.0,5.693481779669179,-0.006240695845587396,1.0537998275871354,0.05379982758713542,-0.00574120119288349,4.451195776888426,0.043525952790737496,0.4994946527039062,2,4
1134,1.133999999999986,hold,100.0,5.699442130367296,0.005960350698116734,1.0538246621603475,0.053824662160347536,0.005879647122881333,4.4570754240113075,0.043467137931070515,-0.08070357523540152,2,4
1135,1.1349999999999858,hold,100.0,5.69322564455977,-0.006216485807525984,1.0537337763650143,0.05373377636501431,-0.005718646248140657,4.451356777763167,0.043408633772822364,0.49783955938532704,2,4
1136,1.1359999999999857,hold,100.0,5.699162498221054,0.005936853661284047,1.05375846452011,0.053758464520109905,0.005856765105129695,4.457213542868297,0.043350083186296594,-0.08008855615435247,2,4
1137,1.1369999999999856,hold,100.0,5.692970126410751,-0.006192371810302966,1.0536678846413507,0.05366788464135075,-0.005696178642385152,4.4515173642259125,0.04329184057554998,0.496193167917814,2,4
1138,1.1379999999999855,hold,100.0,5.698883573456042,0.005913447045291065,1.05369242652489,0.053692426524889925,0.005833973298119372,4.457351337524032,0.04323355100870133,-0.07947374717169262,2,4
1139,1.1389999999999854,hold,100.0,5.692715220023376,-0.006168353432665974,1.0536021509472535,0.05360215094725351,-0.005673798059653514,4.451677539464378,0.04317556674042754,0.49455537301246016,2,4
1140,1.1399999999999852,hold,100.0,5.698605350565036,0.005890130541660099,1.0536265467183539,0.053626546718353874,0.005811271323907555,4.457488810788286,0.04311753501890079,-0.078859217752544,2,4
1141,1.1409999999999851,hold,100.0,5.692460920307996,-0.0061444302570405895,1.0535365738456026,0.05353657384560262,-0.005651504184301041,4.451837306603985,0.043059805965687155,0.4929260727395482,2,4
1142,1.141999999999985,hold,100.0,5.698327824148792,0.005866903840796134,1.0535608236754004,0.05356082367540038,0.005788658807002376,4.457625965410988,0.04300202899150858,-0.07824503379375794,2,4
1143,1.142999999999985,hold,100.0,5.69220722228005,-0.0061206018687416375,1.0534711519298487,0.05347115192984875,-0.005629296701054448,4.451996668709933,0.042944552100897454,0.4913051676871897,2,4
1144,1.1439999999999848,hold,100.0,5.698050988913383,0.0058437666333324145,1.0534952560009965,0.05349525600099647,0.005766135374321626,4.457762804084255,0.042887026849869475,-0.07763125901078839,2,4
1145,1.1449999999999847,hold,100.0,5.691954121056743,-0.006096867856639321,1.0534058838230882,0.053405883823088196,-0.0056071752950202225,4.452155628789234,0.042829799141821896,0.48969256161909835,2,4
1146,1.1459999999999846,hold,100.0,5.69777483966617,0.005820718609427011,1.0534298423291852,0.05342984232918524,0.005743700655075282,4.4578993294443094,0.04277252266104326,-0.07701795435172912,2,4
1147,1.1469999999999845,hold,100.0,5.691701611853912,-0.006073227812258608,1.053340768176947,0.053340768176947106,-0.005585139651725017,4.452314189792585,0.04271554122551382,0.488088160533591,2,4
1148,1.1479999999999844,hold,100.0,5.697499371312777,0.0057977594588649595,1.0533645813221522,0.05336458132215216,0.005721354280766672,4.4580355440733515,0.042658510631014834,-0.07640517809828773,2,4
1149,1.1489999999999843,hold,100.0,5.691449689982479,-0.006049681330297929,1.0532758036706908,0.05327580367069085,-0.005563189457166481,4.452472354616185,0.04260177262563558,0.4864918731314477,2,4
1150,1.1499999999999841,hold,100.0,5.697224578853938,0.005774888871459716,1.0532994716692199,0.05329947166921989,0.005699095885134418,4.458171450501319,0.04254498510011289,-0.07579298632529735,2,4
1151,1.150999999999984,hold,100.0,5.691198350845264,-0.006026228008674472,1.0532109890103116,0.05321098901031163,-0.005541324397842827,4.452630126103476,0.04248848774799104,0.48490361083164574,2,4
1152,1.151999999999984,hold,100.0,5.696950457382177,0.005752106536912827,1.053234512086062,0.053234512086062,0.0056769251040588225,4.458307051207535,0.04243194053863563,-0.07518143285400405,2,4
1153,1.1529999999999838,hold,100.0,5.690947589934446,-0.006002867447731042,1.0531463229276912,0.05314632292769117,-0.005519544160767802,4.452787507046767,0.04237568112623599,0.4833232869632395,2,4
1154,1.1539999999999837,hold,100.0,5.6966770020793875,0.005729412144941826,1.0531697013137582,0.0531697013137582,0.00565484157559884,4.458442348622366,0.042319371542672894,-0.07457056934298545,2,4
1155,1.1549999999999836,hold,100.0,5.6906974028284365,-0.00597959925095104,1.0530818041796821,0.05308180417968211,-0.005497848433542113,4.452944500188824,0.042263347417797664,0.48175081740892656,2,4
1156,1.1559999999999835,hold,100.0,5.696404208213793,0.005706805385356617,1.053105038118054,0.053105038118054004,0.0056328449398942715,4.4585773451287185,0.0422072728301016,-0.07396044546234548,2,4
1157,1.1569999999999834,hold,100.0,5.690447785189848,-0.005956423023945057,1.053017431547452,0.05301743154745209,-0.005476236904329121,4.45310110822439,0.0421514813999471,0.4801861196159357,2,4
1158,1.1579999999999833,hold,100.0,5.696132071137486,0.005684285947637591,1.0530405212885945,0.05304052128859449,0.005610934839107867,4.458712043063498,0.04209563923674786,-0.07335110852972354,2,4
1159,1.1589999999999832,hold,100.0,5.690198732761494,-0.005933338375991859,1.0529532038355989,0.05295320383559887,-0.005454709261886638,4.453257333801611,0.042040077966057875,0.4786291141052213,2,4
1160,1.159999999999983,hold,100.0,5.695860586283556,0.005661853522061833,1.0529761496381362,0.05297614963813624,0.0055891109174399396,4.458846444719051,0.04198446571272008,-0.07274260462189312,2,4
1161,1.160999999999983,hold,100.0,5.689950241365878,-0.005910344917677612,1.052889119871552,0.05288911987155198,-0.005433265195640096,4.4534131795234115,0.041929132122006975,0.47707972203751664,2,4
1162,1.1619999999999828,hold,100.0,5.695589749164446,0.005639507798568033,1.0529119220018965,0.05291192200189654,0.005567372821075156,4.458980552344487,0.04187374731888589,-0.07213497749287717,2,4
1163,1.1629999999999827,hold,100.0,5.689702306901299,-0.005887442263147413,1.0528251785047773,0.052825178504777304,-0.00541190439565621,4.45356864794883,0.041818638982720396,0.4755378674912028,2,4
1164,1.1639999999999826,hold,100.0,5.695319555368892,0.00561724846759315,1.0528478372368462,0.05284783723684616,0.005545720198134252,4.459114368146965,0.041763479223495895,-0.07152826945889829,2,4
1165,1.1649999999999825,hold,100.0,5.689454925340238,-0.005864630028654005,1.0527613786062016,0.05276137860620156,-0.005390626552690575,4.453723741594274,0.041708593768875285,0.47400347596343073,2,4
1166,1.1659999999999824,hold,100.0,5.695050000560102,0.005595075219864576,1.052783894221076,0.0527838942210761,0.005524152698659839,4.459247894292934,0.04165365669893985,-0.07092252120473666,2,4
1167,1.1669999999999823,hold,100.0,5.689208092727097,-0.005841907833005422,1.0526977190675226,0.05269771906752263,-0.005369431358183888,4.4538784629347505,0.04159899180372022,0.472476474821534,2,4
1168,1.1679999999999822,hold,100.0,5.694781080473394,0.005572987746297109,1.0527200918531363,0.05272009185313631,0.005502669974554629,4.459381132909305,0.041544275118643136,-0.0703177717424801,2,4
1169,1.168999999999982,hold,100.0,5.688961805176405,-0.005819275296989446,1.0526341988006327,0.05263419880063269,-0.005348318504282777,4.454032814405022,0.041489828510020296,0.47095679270666835,2,4
1170,1.169999999999982,hold,100.0,5.694512790914607,0.005550985738202563,1.052656429051571,0.052656429051570974,0.005481271679597203,4.45951408608462,0.041435329954066624,-0.06971405860535951,2,4
1171,1.1709999999999818,hold,100.0,5.688716058870466,-0.005796732044140995,1.0525708167369932,0.05257081673699315,-0.005327287683904001,4.454186798400716,0.04138109940714149,0.46944436023699415,2,4
1172,1.1719999999999817,hold,100.0,5.6942451277576325,0.005529068887166311,1.0525929047541578,0.05259290475415779,0.005459957469390712,4.459646755870107,0.04132681677184442,-0.06911141777559901,2,4
1173,1.1729999999999816,hold,100.0,5.688470850057277,-0.005774277700355768,1.052507571827171,0.05250757182717103,-0.0053063385906931175,4.454340417279414,0.041272800108213166,0.4679391096626502,2,4
1174,1.1739999999999815,hold,100.0,5.6939780869428285,0.0055072368855517695,1.0525295179175242,0.05252951791752425,0.005438727001332333,4.459779144280747,0.041218731231013876,-0.06850988421943684,2,4
1175,1.1749999999999814,hold,100.0,5.688226175049498,-0.005751911893330686,1.052444463040179,0.052444463040179023,-0.005285470919059823,4.454493673361687,0.041164926317439024,0.466440974270863,2,4
1176,1.1759999999999813,hold,100.0,5.693711664475201,0.005485489425702816,1.0524662675165586,0.052466267516558585,0.005417579934587297,4.459911253296274,0.04111106908035785,-0.06790949111551946,2,4
1177,1.1769999999999812,hold,100.0,5.687982030221688,-0.005729634253512472,1.05238148936306,0.052381489363060085,-0.005264684364207645,4.454646568932066,0.04105747382747092,0.4649498893048269,2,4
1178,1.177999999999981,hold,100.0,5.693445856422431,0.005463826200743149,1.0524031525438347,0.05240315254383465,0.005396515930086226,4.460043084862153,0.04100382615585182,-0.0673102706569232,2,4
1179,1.178999999999981,hold,100.0,5.687738412009541,-0.0057074444128906165,1.0523186498003412,0.05231864980034118,-0.0052439786221257015,4.454799106240027,0.040950438516914996,0.46346579076491506,2,4
1180,1.1799999999999808,hold,100.0,5.693180658913791,0.005442246904250325,1.0523401720092822,0.052340172009282204,0.005375534650474945,4.460174640890502,0.04089699837819583,-0.06671225377538006,2,4
1181,1.1809999999999807,hold,100.0,5.687495316907628,-0.005685342006162664,1.0522559433735776,0.05225594337357764,-0.00522335338960902,4.454951287500893,0.040843816347900734,0.4619886165536432,2,4
1182,1.1819999999999806,hold,100.0,5.692916068137897,0.005420751230269083,1.0522773249395903,0.05227732493959025,0.005354635760105777,4.460305923260998,0.040790581750442007,-0.06611547016330613,2,4
1183,1.1829999999999805,hold,100.0,5.687252741467944,-0.005663326669953506,1.0521933691208731,0.052193369120873134,-0.005202808364275638,4.455103114896723,0.04073760336376018,0.4605183056778676,2,4
1184,1.1839999999999804,hold,100.0,5.692652080341405,0.005399338873461446,1.052214610377801,0.05221461037780095,0.005333818925002809,4.460436933821725,0.04068457235570689,-0.06551994845863628,2,4
1185,1.1849999999999803,hold,100.0,5.687010682298721,-0.005641398042683932,1.0521309260964717,0.05213092609647174,-0.005182343244559578,4.455254590577166,0.040631795686777085,0.45905479812435346,2,4
1186,1.1859999999999802,hold,100.0,5.692388691827547,0.005378009528825167,1.0521520273828748,0.05215202738287483,0.005313083812854665,4.46056767439002,0.04057896635497427,-0.06492571597050203,2,4
1187,1.18699999999998,hold,100.0,5.686769136062242,-0.005619555765304263,1.0520686133702937,0.05206861337029367,-0.0051619577297496505,4.4554057166602705,0.0405263895160268,0.4575980355546122,2,4
1188,1.18799999999998,hold,100.0,5.692125898954875,0.005356762892632538,1.0520895750293147,0.05208957502931466,0.005292430093010612,4.460698146753281,0.04047375998495047,-0.06433279962192624,2,4
1189,1.1889999999999799,hold,100.0,5.686528099474543,-0.005597799480331567,1.0520064300275833,0.05200643002758332,-0.005141651519986349,4.455556495233295,0.04042138112527781,0.4561479603452179,2,4
1190,1.1899999999999797,hold,100.0,5.69186369813534,0.005335598660797025,1.0520272524066645,0.052027252406664504,0.005271857436419854,4.460828352669715,0.04036894955603129,-0.06374122437717132,2,4
1191,1.1909999999999796,hold,100.0,5.68628756930306,-0.005576128832280425,1.0519443751684472,0.05194437516844719,-0.005121424316252615,4.455706928353463,0.04031676686098543,0.4547045160278101,2,4
1192,1.1919999999999795,hold,100.0,5.691602085833812,0.005314516530751767,1.05196505861925,0.05196505861924994,0.00525136551563299,4.460958293869096,0.040264531450308026,-0.0631510151187769,2,4
1193,1.1929999999999794,hold,100.0,5.686047542366005,-0.005554543467806816,1.0518824479074933,0.0518824479074933,-0.005101275820399744,4.455857018048696,0.040212543140339146,0.45326764740707176,2,4
1194,1.1939999999999793,hold,100.0,5.691341058565884,0.005293516199879278,1.0519029927856665,0.05190299278566646,0.005230954004801021,4.461087972053497,0.04016050211966301,-0.06256219507825687,2,4
1195,1.1949999999999792,hold,100.0,5.685808015530335,-0.0055330430355491345,1.0518206473735343,0.05182064737353431,-0.005081205735168112,4.456006766318329,0.040108706449381304,0.4518373003810222,2,4
1196,1.195999999999979,hold,100.0,5.691080612896971,0.005272597366635878,1.0518410540385577,0.051841054038557655,0.005210622579637673,4.461217388897967,0.040056858083910976,-0.06197478699820555,2,4
1197,1.196999999999979,hold,100.0,5.6855689857114715,-0.005511627185499357,1.0517589727091095,0.05175897270910945,-0.005061213764166178,4.456156175133801,0.04000525334119649,0.45041342133317863,2,4
1198,1.1979999999999789,hold,100.0,5.6908207454417505,0.005251759730279026,1.0517792415241534,0.05177924152415336,0.005190370917395897,4.461346546051197,0.03995359592902711,-0.061388812883129626,2,4
1199,1.1989999999999787,hold,100.0,5.685330449871403,-0.005490295570347747,1.051697423070275,0.05169742307027492,-0.005041299611885586,4.456305246439311,0.03990218043415332,0.44899595846216095,2,4
1200,1.1999999999999786,hold,100.0,5.69056145286162,0.005231002990217171,1.0517175544020203,0.051717554402020305,0.005170198696868324,4.4614754451361796,0.03985071230540613,-0.06080429334884632,2,4
1201,1.2009999999999785,hold,100.0,5.685092405017789,-0.005469047843830843,1.0516359976261906,0.051635997626190644,-0.005021462983721276,4.456453982152459,0.03979948441020136,0.4475848601095669,2,4
1202,1.2019999999999784,hold,100.0,5.6903027318652715,0.005210326847482349,1.051655991844692,0.05165599184469194,0.0051501055983820135,4.461604087750841,0.03974820392620476,-0.060221249100335904,2,4
1203,1.2029999999999783,hold,100.0,5.684854848203204,-0.005447883662067277,1.0515746955587932,0.05157469555879324,-0.005001703585968714,4.456602384164872,0.039697162013234505,0.44618007609856236,2,4
1204,1.2039999999999782,hold,100.0,5.690044579205809,0.0051897310026047805,1.051594553037326,0.051594553037326074,0.005130091303743644,4.461732475468615,0.039646067565719166,-0.059639698861136715,2,4
1205,1.204999999999978,hold,100.0,5.68461777652336,-0.005426802682449328,1.0515135160625488,0.051513516062548836,-0.004982021125811507,4.456750454342804,0.03959521004750442,0.4447815566378209,2,4
1206,1.205999999999978,hold,100.0,5.689786991681273,0.005169215157913243,1.0515332371775075,0.05153323717750746,0.0051101554962581265,4.461860609839062,0.039544300057820864,-0.05905966165511631,2,4
1207,1.2069999999999779,hold,100.0,5.6843811871166725,-0.0054058045646003805,1.0514524583440952,0.051452458344095175,-0.00496241531135815,4.456898194527703,0.03949362537607512,0.4433892532422308,2,4
1208,1.2079999999999778,hold,100.0,5.689529966132814,0.005148779016141525,1.0514720434748288,0.05147204347482881,0.005090297860705161,4.461988492388408,0.039442898294456095,-0.05848115543636342,2,4
1209,1.2089999999999776,hold,100.0,5.684145077163192,-0.005384888969621748,1.0513915216220504,0.05139152162205041,-0.0049428858516339085,4.4570456065367745,0.039392404919342386,0.4420031179878398,2,4
1210,1.2099999999999775,hold,100.0,5.689273499443782,0.0051284222805900725,1.0514109711507216,0.051410971150721574,0.005070518083339356,4.462116124620114,0.03934185922416909,-0.057904197250716744,2,4
1211,1.2109999999999774,hold,100.0,5.683909443883187,-0.005364055560595382,1.0513307051265652,0.051330705126565235,-0.004923432456573677,4.457192692163541,0.0392915456535909,0.4406231040217055,2,4
1212,1.2119999999999773,hold,100.0,5.689017588538775,0.005108144655587843,1.0513500194380763,0.051350019438076266,0.005050815851835114,4.4622435080153755,0.03924117985068544,-0.05732880375272902,2,4
1213,1.2129999999999772,hold,100.0,5.683674284537062,-0.005343304001712568,1.0512700080992565,0.051270008099256525,-0.004904054837024226,4.457339453178351,0.03919104460959528,0.439249164688342,2,4
1214,1.213999999999977,hold,100.0,5.6887622303830465,0.005087945845984265,1.0512891875810595,0.05128918758105949,0.005031190855314443,4.4623706440336655,0.039140857231543126,-0.056754990669822224,2,4
1215,1.214999999999977,hold,100.0,5.6834395964233515,-0.005322633959695011,1.0512094297927808,0.05120942979278076,-0.004884752704781059,4.457485891328885,0.039090898871266294,0.43788125491395213,2,4
1216,1.2159999999999769,hold,100.0,5.688507421981188,0.0050678255578366915,1.0512284748348504,0.05122847483485038,0.005011642784332389,4.462497534113217,0.03904088847675851,-0.05618277350430238,2,4
1217,1.2169999999999768,hold,100.0,5.683205376878967,-0.005302045102220987,1.0511489694706895,0.051148969470689476,-0.0048655257725492285,4.457632008340667,0.03899110557434846,0.43651932967175844,2,4
1218,1.2179999999999767,hold,100.0,5.688253160376534,0.005047783497566627,1.051167880465324,0.051167880465323945,0.0049921713308239395,4.462624179671491,0.038941270747529975,-0.05561216674268739,2,4
1219,1.2189999999999765,hold,100.0,5.6829716232777345,-0.005281537098799305,1.0510886264071142,0.0510886264071142,-0.004846373753963122,4.4577778059175275,0.03889166190513468,0.43516334483618274,2,4
1220,1.2199999999999764,hold,100.0,5.687999442650199,0.005027819372464215,1.0511074037488726,0.05110740374887257,0.004972776188138553,4.462750582105666,0.0388420012549931,-0.055043184325661784,2,4
1221,1.2209999999999763,hold,100.0,5.682738333029159,-0.005261109621039317,1.051028399886588,0.051028399886587916,-0.004827296363606924,4.4579232857420585,0.038792565099245606,0.433813257432393,2,4
1222,1.2219999999999762,hold,100.0,5.687746265920339,0.005007932891179401,1.0510470439722122,0.05104704397221216,0.004953457051020285,4.462876742793079,0.038743077259007816,-0.0544758401591159,2,4
1223,1.222999999999976,hold,100.0,5.6825055012077845,-0.005240764712554302,1.0509682889198548,0.05096828891985483,-0.004808293732285652,4.458068449060794,0.03869381213046903,0.43247098026865,2,4
1224,1.223999999999976,hold,100.0,5.687493627221676,0.004988126013891758,1.0509868001553857,0.0509868001553857,0.0049342158301182186,4.4630026648909125,0.03864449545165615,-0.053910183773539684,2,4
1225,1.2249999999999759,hold,100.0,5.682273127605241,-0.005220499616434893,1.050908293072272,0.05090829307227196,-0.004789366910079279,4.4582132979808335,0.03859540033616045,0.4311327063556136,2,4
1226,1.2259999999999758,hold,100.0,5.6872415238246585,0.004968396219417137,1.0509266718714585,0.050926671871458495,0.004915049963430946,4.463128347944265,0.03854625380657304,-0.05334625598619157,2,4
1227,1.2269999999999757,hold,100.0,5.68204120979446,-0.005200314030198605,1.0508484116766685,0.05084841167666854,-0.004770513853956578,4.458357834090308,0.038497327401538065,0.4298001762420272,2,4
1228,1.2279999999999756,hold,100.0,5.686989952968744,0.004948743174284509,1.0508666584413602,0.05086665844136018,0.004895959174700858,4.463253793265009,0.038448349723879685,-0.05278399958365092,2,4
1229,1.2289999999999754,hold,100.0,5.681809745331266,-0.0051802076374780626,1.0507886440596346,0.05078864405963457,-0.004751734278800037,4.458502058986209,0.03839959074823756,0.42847335867802516,2,4
1230,1.2299999999999753,hold,100.0,5.686738911919706,0.004929166588439671,1.0508067591927779,0.050806759192777884,0.004876943165357164,4.463379002151566,0.03835078064709049,-0.052223423082507076,2,4
1231,1.2309999999999752,hold,100.0,5.68157873179841,-0.00516018012129571,1.0507289895552856,0.0507289895552856,-0.004733027902023604,4.458645974249542,0.03830218784138011,0.4271522192721058,2,4
1232,1.2319999999999751,hold,100.0,5.686488397973224,0.004909666174813587,1.0507469734617483,0.05074697346174828,0.004858001636642961,4.463503975886185,0.0382535440627603,-0.051664538170625995,2,4
1233,1.232999999999975,hold,100.0,5.681348166809001,-0.005140231164222797,1.0506694475064202,0.05066944750642022,-0.0047143944427305625,4.458789581443455,0.03820511618867455,0.4258367214922346,2,4
1234,1.233999999999975,hold,100.0,5.6862384084567985,0.004890241647797389,1.0506873005929025,0.050687300592902496,0.004839134291035243,4.46362871573449,0.03815663749955316,-0.051107356762145756,2,4
1235,1.2349999999999748,hold,100.0,5.681118048006379,-0.0051203604504195255,1.0506100172644934,0.050610017264493434,-0.004695833621389576,4.458932882113101,0.03810837333946163,0.4245268290299494,2,4
1236,1.2359999999999747,hold,100.0,5.6859889407286355,0.004870892722256492,1.0506277399394166,0.050627739939416605,0.004820340832400841,4.463753222945502,0.03806005852727944,-0.05055188985565121,2,4
1237,1.2369999999999746,hold,100.0,5.680888373064378,-0.005100567664257483,1.0505506981895865,0.05055069818958646,-0.0046773451596799995,4.459075877785821,0.038011956883738846,0.4232225045774831,2,4
1238,1.2379999999999745,hold,100.0,5.6857399921779015,0.004851619113523498,1.050568290863003,0.05056829086300296,0.004801620966006289,4.4638774987518275,0.03796380475594101,-0.0499981475172084,2,4
1239,1.2389999999999743,hold,100.0,5.680659139133167,-0.005080853044734823,1.0504914896181814,0.050491489618181395,-0.004658929152861204,4.459218569598966,0.03791586444220498,0.4219238918736195,2,4
1240,1.2399999999999742,hold,100.0,5.685491560630142,0.004832421496975492,1.0505089527282336,0.050508952728233636,0.004782975223518167,4.464001544822485,0.03786787382334173,-0.049446273457325225,2,4
1241,1.2409999999999741,hold,100.0,5.680430344524128,-0.005061216106014399,1.0504323909627078,0.050432390962707796,-0.004640585396488992,4.459360959425996,0.03782009369035652,0.42063070952540715,2,4
1242,1.241999999999974,hold,100.0,5.685243643138312,0.004813298614184447,1.0504497249262321,0.05044972492623212,0.004764402451515359,4.464125361877511,0.03777226342920453,-0.04889616266908793,2,4
1243,1.242999999999974,hold,100.0,5.680201986991559,-0.005041656146753226,1.0503734016063715,0.05037340160637149,-0.004622313131990338,4.459503048745521,0.03772464233725444,0.41934301476288793,2,4
1244,1.2439999999999738,hold,100.0,5.684996237171366,0.004794250179807058,1.0503906068400561,0.05039060684005614,0.004745902362738266,4.464248951108259,0.037676971298376244,-0.048347817068791765,2,4
1245,1.2449999999999737,hold,100.0,5.679974064322208,-0.005022172849158402,1.0503145209417164,0.0503145209417164,-0.004604112090966871,4.459644839017292,0.03762950812620962,0.4180607581915309,2,4
1246,1.2459999999999736,hold,100.0,5.684749340232522,0.004775275910314569,1.0503315978624914,0.05033159786249142,0.0047274746702257635,4.464372313687518,0.03758199519248793,-0.0478012400888057,2,4
1247,1.2469999999999735,hold,100.0,5.67974657433172,-0.005002765900802508,1.050255748369506,0.05025574836950608,-0.004585982003432316,4.459786331684086,0.037534688836851564,0.41678389737019245,2,4
1248,1.2479999999999734,hold,100.0,5.68450294985545,0.004756375523729872,1.0502726973947563,0.05027269739475626,0.004709119087760734,4.464495450771847,0.03748733290901429,-0.047256435969138255,2,4
1249,1.2489999999999732,hold,100.0,5.679519514862861,-0.004983434992588798,1.0501970832983287,0.050197083298328726,-0.004567922599289741,4.459927528172557,0.0374401822842345,0.4155123932990563,2,4
1250,1.2499999999999731,hold,100.0,5.684257063602766,0.004737548739905506,1.0502139048460328,0.05021390484603283,0.004690835329941174,4.464618363502498,0.0373929822804438,-0.04671340996433189,2,4
1251,1.250999999999973,hold,100.0,5.679292883784816,-0.004964179817950054,1.0501385251443627,0.05013852514436268,-0.004549933608848932,4.460068429893649,0.03734598631802722,0.41424620910112187,2,4
1252,1.251999999999973,hold,100.0,5.684011679064581,0.004718795279765153,1.0501552196331265,0.050155219633126524,0.004672623112296763,4.464741053005946,0.03729894117347366,-0.046172167468390424,2,4
1253,1.2529999999999728,hold,100.0,5.679066678992848,-0.004945000071733041,1.0500800733311713,0.05008007333117126,-0.004532014763004792,4.460209038242942,0.037252098821722236,0.41298530872824896,2,4
1254,1.2539999999999727,hold,100.0,5.683766793858449,0.004700114865600291,1.05009664118032,0.05009664118032009,0.00465448215137372,4.464863520394315,0.03720520748824318,-0.045632714226571426,2,4
1255,1.2549999999999726,hold,100.0,5.678840898407726,-0.004925895450722528,1.0500217272895978,0.05002172728959775,-0.004514165793407851,4.460349354600908,0.03715851771186952,0.4117296573146771,2,4
1256,1.2559999999999725,hold,100.0,5.683522405628171,0.004681507220444914,1.0500381689191787,0.05003816891917867,0.004636412164813324,4.464985766765721,0.03711177915758333,-0.04509505563158982,2,4
1257,1.2569999999999724,hold,100.0,5.678615539975109,-0.004906865653062198,1.0499634864576217,0.04996348645762172,-0.004496386432516764,4.460489380333204,0.03706524093735134,0.4104792205454335,2,4
1258,1.2579999999999723,hold,100.0,5.683278512043525,0.004662972068416593,1.0499798022883298,0.04997980228832977,0.004618412871352527,4.465107793204557,0.03701865414628434,-0.044559197064066025,2,4
1259,1.2589999999999721,hold,100.0,5.67839060166478,-0.004887910378745808,1.049905350280185,0.049905350280184946,-0.004478676413605585,4.460629116790951,0.03697226647865389,0.4092339651402231,2,4
1260,1.259999999999972,hold,100.0,5.683035110799774,0.004644509134994479,1.0499215407333926,0.04992154073339261,0.0046004839908509974,4.465229600781802,0.036925830450389545,-0.04402514414348149,2,4
1261,1.260999999999972,hold,100.0,5.678166081471076,-0.004869029328697927,1.0498473182091177,0.0498473182091177,-0.004461035470842093,4.46076856531096,0.0368795923471677,0.4079938578558338,2,4
1262,1.2619999999999718,hold,100.0,5.682792199617052,0.004626118145975688,1.0498633837068148,0.04986338370681476,0.004582625244320674,4.46535119055528,0.03683330609651236,-0.04349290165501455,2,4
1263,1.2629999999999717,hold,100.0,5.677941977411528,-0.004850222205523558,1.049789389702966,0.04978938970296598,-0.004443463339278333,4.460907727216002,0.03678721658451591,0.40675886624522495,2,4
1264,1.2639999999999716,hold,100.0,5.682549776239974,0.004607798828446086,1.0498053306677533,0.04980533066775328,0.004564836353935358,4.4654725635699375,0.036741079141155604,-0.04296247451072814,2,4
1265,1.2649999999999715,hold,100.0,5.6777182875267265,-0.0048314887132479,1.0497315642268925,0.04973156422689251,-0.00442595975487536,4.4610466038150625,0.036695137261883636,0.40552895837253977,2,4
1266,1.2659999999999714,hold,100.0,5.682307838437245,0.00458955091051827,1.049747381081858,0.049747381081858055,0.004547117042992053,4.465593720858054,0.036649147670061596,-0.04243386752621637,2,4
1267,1.2669999999999713,hold,100.0,5.677495009880389,-0.004812828556855386,1.049673841252547,0.049673841252547035,-0.004408524454475484,4.461185196403579,0.03660335247937546,0.4043041023799026,2,4
1268,1.2679999999999712,hold,100.0,5.682066384001018,0.004571374120629024,1.0496895344213193,0.04968953442131929,0.0045294670359364055,4.465714663439516,0.03655750979757806,-0.04190708469261825,2,4
1269,1.268999999999971,hold,100.0,5.6772721425579835,-0.0047942414430348634,1.0496162202579318,0.049616220257931776,-0.004391157175859494,4.461323506263656,0.03651186036538531,0.4030842671753692,2,4
1270,1.269999999999971,hold,100.0,5.681825410746921,0.0045532681889373094,1.049631790164571,0.04963179016457109,0.0045118860583939656,4.46583539232205,0.03646616366602972,-0.041382130543343894,2,4
1271,1.2709999999999708,hold,100.0,5.677049683667177,-0.004775727079743497,1.049558700727306,0.04955870072730595,-0.0043738576577262165,4.461461534664323,0.03642065907598619,0.4018694220172805,2,4
1272,1.2719999999999707,hold,100.0,5.681584916512998,0.00453523284582058,1.0495741477962939,0.04957414779629388,0.0044943738371020425,4.465955908501425,0.03637510744512043,-0.040859008718537905,2,4
1273,1.2729999999999706,hold,100.0,5.67682763133699,-0.004757285176007819,1.0495012821510767,0.04950128215107674,-0.00435662563968018,4.461599282861745,0.03632974679432825,0.4006595363276397,2,4
1274,1.2739999999999705,hold,100.0,5.681344899159839,0.004517267822849114,1.0495166068072446,0.04951660680724457,0.004476930099948496,4.466076212961694,0.036284339331344444,-0.040337722900617504,2,4
1275,1.2749999999999704,hold,100.0,5.67660598371743,-0.004738915442409564,1.0494439640256568,0.04944396402565676,-0.004339460862239297,4.461736752099455,0.036239121730065015,0.39945458017026647,2,4
1276,1.2759999999999703,hold,100.0,5.681105356570083,0.004499372852653671,1.0494591666941968,0.04945916669419681,0.004459554575951737,4.466196306675407,0.036193857547404694,-0.03981827670193443,2,4
1277,1.2769999999999702,hold,100.0,5.676384738979445,-0.004720617590638021,1.049386745853404,0.04938674585340408,-0.004322363066868124,4.461873943608539,0.036148782118780136,0.398254523769897,2,4
1278,1.27799999999997,hold,100.0,5.680866286647802,0.0044815476683570665,1.0494018269597392,0.04940182695973916,0.004442246995269877,4.466316190603808,0.03610366034165895,-0.03930067308718921,2,4
1279,1.27899999999997,hold,100.0,5.676163895314286,-0.004702391333516687,1.0493296271424566,0.04932962714245659,-0.004305331995929298,4.462010858607879,0.03605872622143409,0.39705933758738854,2,4
1280,1.2799999999999698,hold,100.0,5.68062768731835,0.0044637920040644374,1.0493445871123177,0.049344587112317706,0.004425007089162276,4.466435865697042,0.03601374598757312,-0.038784914902161016,2,4
1281,1.2809999999999697,hold,100.0,5.675943450933106,-0.004684236385243956,1.049272607406698,0.04927260740669803,-0.004288367392704222,4.462147498304337,0.03596895232382796,0.3958689925397342,2,4
1282,1.2819999999999696,hold,100.0,5.6803895565280005,0.004446105594894334,1.0492874466659665,0.04928744666596652,0.004407834590036081,4.466555332894373,0.03592411278318615,-0.038271004858253,2,4
1283,1.2829999999999695,hold,100.0,5.675723404066597,-0.004666152461403783,1.0492156861656032,0.049215686165603234,-0.004271469001416405,4.4622838638929565,0.03587945873607768,0.39468345998737786,2,4
1284,1.2839999999999694,hold,100.0,5.680151892614733,0.004428488548136045,1.0492304051340196,0.04923040513401955,0.004390729625223848,4.466674593518181,0.0358347590428163,-0.0377589229121969,2,4
1285,1.2849999999999693,hold,100.0,5.6755037524958505,-0.00464814011888226,1.0491588629154946,0.04915886291549465,-0.004254637295581756,4.462419956222599,0.0357902437772104,0.39350282330050457,2,4
1286,1.2859999999999692,hold,100.0,5.679914693189989,0.00441094069413861,1.0491734620433355,0.0491734620433355,0.004373691888240347,4.466793648110839,0.03574568311310043,-0.037248805898263196,2,4
1287,1.286999999999969,hold,100.0,5.675284494931644,-0.00463019825834543,1.0491021372100975,0.049102137210097485,-0.004237871311735933,4.462555776799102,0.03570130581989069,0.3923269466094975,2,4
1288,1.287999999999969,hold,100.0,5.679677956271177,0.004393461339533111,1.0491166169278514,0.04911661692785141,0.004356720774542021,4.466912497573644,0.0356568833702148,-0.03674056499108989,2,4
1289,1.2889999999999688,hold,100.0,5.675065629671192,-0.004612326599985117,1.0490455085879713,0.0490455085879713,-0.004221170795081753,4.462691326778563,0.03561264324438297,0.3911558049033642,2,4
1290,1.2899999999999687,hold,100.0,5.67944167988777,0.0043760502165781645,1.0490598693243438,0.04905986932434381,0.004339816023486492,4.46703114280205,0.035568358205567856,-0.03623419309167243,2,4
1291,1.2909999999999686,hold,100.0,5.674847155024558,-0.0045945248632115465,1.0489889765912717,0.04898897659127166,-0.004204535493224668,4.462826607308825,0.03552425445312652,0.3899893699868782,2,4
1292,1.2919999999999685,hold,100.0,5.679205862085844,0.004358707061285827,1.0490032187741327,0.04900321877413272,0.004322977373975222,4.4671495846828,0.03548010603258032,-0.0357296873106051,2,4
1293,1.2929999999999684,hold,100.0,5.674629069317986,-0.004576792767857718,1.048932540766734,0.048932540766734034,-0.004187965154982204,4.4629616195278174,0.03543613787037992,0.3888276128755138,2,4
1294,1.2939999999999683,hold,100.0,5.678970500930048,0.004341431612061797,1.048946664823419,0.04894666482341892,0.004306204565388241,4.467267824093206,0.03539212528628389,-0.03522704667355617,2,4
1295,1.2949999999999682,hold,100.0,5.674411370894727,-0.004559130035321601,1.0488762006659622,0.04887620066596221,-0.004171459530006924,4.4630963645631985,0.03534829194180881,0.38767050531467695,2,4
1296,1.295999999999968,hold,100.0,5.678735594503396,0.004324223608669797,1.0488902070234034,0.04889020702340341,0.004289497337882229,4.4673858619010804,0.03530441442289971,-0.034726270787568264,2,4
1297,1.296999999999968,hold,100.0,5.674194058114919,-0.0045415363884773186,1.048819955845344,0.04881995584534393,-0.004155018368756041,4.463230843532324,0.03526071513404182,0.3865180197212773,2,4
1298,1.2979999999999678,hold,100.0,5.6785011409072235,0.004307082792304406,1.0488338449301644,0.048833844930164405,0.004272855432505725,4.46750369896483,0.035216971919400854,-0.03422735979868169,2,4
1299,1.2989999999999677,hold,100.0,5.673977129355654,-0.004524011551569451,1.0487638058660587,0.04876380586605866,-0.004138641422538365,4.463365057542291,0.035173405934257294,0.3853701290310865,2,4
1300,1.2999999999999676,hold,100.0,5.678267138260594,0.004290008904940024,1.0487775781046609,0.04877757810466088,0.004256278591292068,4.4676213361335835,0.03512979627309216,-0.03373031364795574,2,4
1301,1.3009999999999675,hold,100.0,5.673760583010417,-0.004506555250176625,1.0487077502940914,0.048707750294091356,-0.004122328443511725,4.463499007690071,0.03508636284975542,0.38422680666489945,2,4
1302,1.3019999999999674,hold,100.0,5.67803358470023,0.004273001689812261,1.0487214061126007,0.048721406112600674,0.0042397665572616984,4.467738774247333,0.03504288600120149,-0.03323513255056292,2,4
1303,1.3029999999999673,hold,100.0,5.673544417489194,-0.0044891672110356495,1.0486517887001023,0.04865178870010234,-0.00410607918470778,4.463632695062625,0.03499958440754778,0.38308802632786976,2,4
1304,1.3039999999999672,hold,100.0,5.677800478380927,0.004256060891733249,1.0486653285243976,0.048665328524397644,0.004223319074467995,4.467856014137093,0.034956239640458006,-0.03274181726525393,2,4
1305,1.304999999999967,hold,100.0,5.673328631218556,-0.004471847162371034,1.0485959206593665,0.048595920659366465,-0.0040898934000449414,4.463766120737048,0.03491306915396629,0.38195376232609285,2,4
1306,1.305999999999967,hold,100.0,5.677567817473976,0.00423918625542008,1.0486093449151075,0.04860934491510749,0.004206935887975045,4.467973056625023,0.03486985574671951,-0.03225036744503463,2,4
1307,1.3069999999999669,hold,100.0,5.673113222640421,-0.004454594833555703,1.0485401457517327,0.04854014575173271,-0.004073770844327616,4.463899285780695,0.03482681565425839,0.3808239892280872,2,4
1308,1.3079999999999667,hold,100.0,5.6773356001677175,0.004222377527296928,1.0485534548643027,0.048553454864302736,0.004190616743910564,4.468089902524605,0.034783732894569465,-0.03176078338636406,2,4
1309,1.3089999999999666,hold,100.0,5.672898190212749,-0.004437409954968885,1.0484844635615356,0.04848446356153557,-0.004057711273249597,4.464032191251356,0.03474082249221981,0.37969868171928817,2,4
1310,1.3099999999999665,hold,100.0,5.677103824667463,0.004205634454714335,1.0484976579560517,0.048497657956051654,0.004174361389394957,4.46820655264075,0.03469786967693998,-0.03127306531937844,2,4
1311,1.3109999999999664,hold,100.0,5.672683532408918,-0.004420292258545011,1.0484288736775258,0.0484288736775258,-0.004041714443407172,4.464164838197343,0.03465508826980461,0.3785778151378389,2,4
1312,1.3119999999999663,hold,100.0,5.676872489194678,0.004188956785760034,1.0484419537788063,0.048441953778806335,0.00415816957262685,4.468323007769969,0.034612264704753204,-0.030787213133183847,2,4
1313,1.3129999999999662,hold,100.0,5.672469247717699,-0.004403241476978792,1.0483733756928513,0.04837337569285127,-0.004025780112288259,4.464297227657681,0.03456961160677831,0.37746136469053293,2,4
1314,1.313999999999966,hold,100.0,5.67664159198658,0.004172344268880579,1.0483863419253687,0.048386341925368725,0.004142041042809496,4.468439268700491,0.034526916606551064,-0.030303226071082615,2,4
1315,1.314999999999966,hold,100.0,5.672255334642494,-0.00438625734408582,1.0483179692048885,0.04831796920488851,-0.004009908038281124,4.46442936066221,0.03448439114034886,0.37634930580469556,2,4
1316,1.3159999999999659,hold,100.0,5.676411131297243,0.004155796654749189,1.0483308219928302,0.04833082199283023,0.004125975550192991,4.468555336212403,0.03444182402815337,-0.02982110455619809,2,4
1317,1.3169999999999658,hold,100.0,5.672041791701604,-0.004369339595639232,1.048262653815257,0.04826265381525707,-0.003994097980678228,4.464561238231725,0.03439942552482747,0.3752416149610041,2,4
1318,1.3179999999999656,hold,100.0,5.676181105395502,0.004139313693897861,1.048275393582411,0.04827539358241095,0.0041099728460460075,4.468671211077771,0.03435698563230143,-0.029340847851853924,2,4
1319,1.3189999999999655,hold,100.0,5.671828617428318,-0.0043524879671839045,1.0482074291297447,0.04820742912974474,-0.003978349699646087,4.464692861378125,0.034314713431278294,0.3741382675378178,2,4
1320,1.3199999999999654,hold,100.0,5.675951512566011,0.004122895137693483,1.0482200562995345,0.04822005629953452,0.004094032682654717,4.46878689406078,0.03427240009833467,-0.028862455038766374,2,4
1321,1.3209999999999653,hold,100.0,5.671615810369499,-0.004335702196512692,1.0481522947582067,0.048152294758206704,-0.0039626629562522706,4.464824231104528,0.03423025354720249,0.3730392402604213,2,4
1322,1.3219999999999652,hold,100.0,5.675722351108727,0.00410654073922867,1.0481648097536598,0.048164809753659776,0.004078154813318224,4.468902385917846,0.03418806612185595,-0.0283859259104461,2,4
1323,1.322999999999965,hold,100.0,5.671403369086658,-0.004318982022069484,1.0480972503145394,0.048097250314539375,-0.00394703751243731,4.464955348405408,0.03414604457620197,0.37194450963217407,2,4
1324,1.323999999999965,hold,100.0,5.675493619338211,0.004090250251553407,1.0481096535582217,0.04810965355822172,0.00406233899234195,4.46901768739775,0.034103982414412995,-0.027911259211456374,2,4
1325,1.3249999999999649,hold,100.0,5.671191292154636,-0.004302327183575372,1.0480422954165807,0.04804229541658067,-0.00393147313104526,4.465086214266705,0.034062085237666614,0.37085405253011167,2,4
1326,1.3259999999999648,hold,100.0,5.67526531558423,0.004074023429594398,1.0480545873306801,0.04805458733068013,0.00404658497504188,4.469132799241747,0.03402014770318757,-0.027438454552517443,2,4
1327,1.3269999999999647,hold,100.0,5.6709795781626156,-0.004285737421614755,1.047987429686109,0.04798742968610892,-0.00391596957578939,4.465216829665957,0.03397837426646467,0.3697678458253646,2,4
1328,1.3279999999999645,hold,100.0,5.675037438190663,0.004057860028047422,1.0479996106923135,0.04799961069231351,0.004030892517745882,4.469247722183703,0.033936560730686224,-0.026967510301539876,2,4
1329,1.3289999999999644,hold,100.0,5.670768225712727,-0.004269212477935547,1.0479326527487214,0.04793265274872138,-0.003900526611276279,4.465347195572427,0.03389491041264195,0.3686858666592679,2,4
1330,1.3299999999999643,hold,100.0,5.674809985515881,0.004041759803153688,1.0479447232682433,0.04794472326824328,0.004015261377746798,4.469362456950174,0.03385322025444643,-0.02649842540689007,2,4
1331,1.3309999999999642,hold,100.0,5.6705572334204355,-0.004252752095445622,1.047877964233828,0.04787796423382806,-0.0038851440029718724,4.465477312947202,0.03381169244112564,0.36760809247374976,2,4
1332,1.331999999999964,hold,100.0,5.67458295593278,0.004025722512344565,1.047889924687347,0.047889924687346985,0.00399969131336233,4.469477004260565,0.033770125046736946,-0.026031198982235347,2,4
1333,1.332999999999964,hold,100.0,5.6703465999142715,-0.00423635601850858,1.0478233637745182,0.047823363774518235,-0.0038698215172429237,4.465607182743322,0.03372871913143208,0.3665345012656565,2,4
1334,1.3339999999999639,hold,100.0,5.674356347827384,0.0040097479131127045,1.047835214582243,0.047835214582242935,0.003984182083876388,4.469591364827198,0.03368727389428451,-0.02556582923631673,2,4
1335,1.3349999999999638,hold,100.0,5.670136323835791,-0.004220023991592825,1.047768851007618,0.04776885100761796,-0.003854558921307474,4.465736805905891,0.03364598927739457,0.365465070285351,2,4
1336,1.3359999999999637,hold,100.0,5.674130159600194,0.003993835764402931,1.0477805925891885,0.04778059258918854,0.003968733449551239,4.469705539355442,0.03360466559797828,-0.025102314851692398,2,4
1337,1.3369999999999636,hold,100.0,5.669926403838884,-0.004203755761309935,1.0477144255734936,0.04771442557349359,-0.003839355983256012,4.465866183372186,0.03356350168688258,0.36439977805392343,2,4
1338,1.3379999999999634,hold,100.0,5.67390438966477,0.00397798582588571,1.0477260583480212,0.04772605834802124,0.003953345171634767,4.4698195285438205,0.03352229897261804,-0.024640654250943604,2,4
1339,1.3389999999999633,hold,100.0,5.669716838590277,-0.004187551074492646,1.0476600871161725,0.047660087116172534,-0.0038242124720633598,4.465995316071757,0.03348125518152239,0.36333860242928606,2,4
1340,1.3399999999999632,hold,100.0,5.673679036448241,0.003962197857963368,1.0476716115021654,0.04767161150216537,0.003938017012352227,4.469933333084109,0.03344017284662986,-0.02418084561114052,2,4
1341,1.340999999999963,hold,100.0,5.669507626768587,-0.004171409679654126,1.0476058352831215,0.047605835283121456,-0.0038091281575599947,4.466124204926549,0.03339924859645232,0.36228152209413084,2,4
1342,1.341999999999963,hold,100.0,5.673454098390845,0.003946471622258585,1.0476172516985145,0.047617251698514496,0.003922748734885531,4.470046953661435,0.03335828606181571,-0.023722887373053836,2,4
1343,1.342999999999963,hold,100.0,5.669298767064957,-0.004155331325888412,1.0475516697252854,0.04755166972528535,-0.003794102810429115,4.466252850851006,0.03331748078005082,0.3612285154592967,2,4
1344,1.3439999999999628,hold,100.0,5.673229573945636,0.00393080688067915,1.0475629785873926,0.04756297858739256,0.003907540103364608,4.470160390954371,0.03327663747309857,-0.02326677731454181,2,4
1345,1.3449999999999627,hold,100.0,5.669090258182113,-0.004139315763523221,1.0474975900970342,0.04749759009703425,-0.003779136202218288,4.466381254752153,0.033235950593695704,0.3601795613049335,2,4
1346,1.3459999999999626,hold,100.0,5.673005461578638,0.003915203396525513,1.0475087918225638,0.047508791822563845,0.003892390882904316,4.470273645635057,0.0331952259482672,-0.02281251362119688,2,4
1347,1.3469999999999624,hold,100.0,5.668882098834707,-0.004123362743931658,1.0474435960560733,0.04744359605607329,-0.0037642281053427836,4.466509417529714,0.03315465691150655,0.3591346385888741,2,4
1348,1.3479999999999623,hold,100.0,5.672781759768646,0.0038996609339392307,1.0474546910611124,0.04745469106111244,0.0038773008395595982,4.470386718369274,0.033114050367740615,-0.022360094379632496,2,4
1349,1.3489999999999622,hold,100.0,5.668674287748821,-0.004107472019824421,1.0473896872634574,0.04738968726345738,-0.0037493782930715014,4.466637340076202,0.03307359862011844,0.3580937267529194,2,4
1350,1.3499999999999621,hold,100.0,5.672558467006493,0.00388417925767115,1.0474006759633896,0.047400675963389594,0.003862269740338144,4.470499609816541,0.03303310962432882,-0.02190951733300594,2,4
1351,1.350999999999962,hold,100.0,5.668466823662274,-0.004091643344218632,1.0473358633834648,0.04733586338346485,-0.00373458653950888,4.4667650232770315,0.03299277461843312,0.35705680470975165,2,4
1352,1.351999999999962,hold,100.0,5.6723355817955765,0.0038687581333025634,1.0473467461930477,0.047346746193047684,0.003847297353182505,4.470612320630214,0.032952402622996924,-0.02146078012005845,2,4
1353,1.3529999999999618,hold,100.0,5.668259705323779,-0.004075876471797635,1.047282124083613,0.047282124083612986,-0.003719852619624629,4.466892468010589,0.032912183817397175,0.3560238521730058,2,4
1354,1.3539999999999617,hold,100.0,5.672113102651347,0.0038533973275685085,1.0472929014169008,0.04729290141690079,0.0038323834469836723,4.470724851457573,0.03287192828063762,-0.021013880584836234,2,4
1355,1.3549999999999616,hold,100.0,5.668052931493381,-0.004060171157965975,1.0472284690345794,0.047228469034579446,-0.003705176309222389,4.46701967514835,0.03283182513977632,0.3549948487435858,2,4
1356,1.3559999999999615,hold,100.0,5.671891028101096,0.003838096607714725,1.0472391413049533,0.047239141304953325,0.0038175277915572896,4.470837202939907,0.03279168552585826,-0.02056881615743536,2,4
1357,1.3569999999999613,hold,100.0,5.667846500941867,-0.004044527159229538,1.0471748979101507,0.047174897910150726,-0.003690557384967287,4.46714664555494,0.0327516975199376,0.3539697742622515,2,4
1358,1.3579999999999612,hold,100.0,5.671669356684113,0.0038228557422463894,1.0471854655302915,0.04718546553029146,0.0038027301576737385,4.470949375712613,0.032711673298751735,-0.02012558457265088,2,4
1359,1.3589999999999611,hold,100.0,5.667640412451034,-0.004028944233079201,1.0471214103872586,0.04712141038725859,-0.0036759956243561406,4.467273380088257,0.03267179990362669,0.3529486087230607,2,4
1360,1.359999999999961,hold,100.0,5.671448086951124,0.003807674500090563,1.047131873769089,0.047131873769088894,0.0037879903170107837,4.471061370405268,0.03263189055069019,-0.019684183079779483,2,4
1361,1.360999999999961,hold,100.0,5.667434664813095,-0.004013422138029021,1.0470680061458177,0.04706800614581774,-0.0036614908057294466,4.467399879599538,0.03259213124776656,0.3519313322995748,2,4
1362,1.3619999999999608,hold,100.0,5.671227217464425,0.003792552651329828,1.0470783657005422,0.047078365700542246,0.0037733080421774355,4.471173187641716,0.03255233624411662,-0.01924460915239245,2,4
1363,1.3629999999999607,hold,100.0,5.667229256830878,-0.00399796063354696,1.0470146848687314,0.04701468486873139,-0.0036470427082594572,4.467526144933457,0.032512690520248924,0.3509179252875025,2,4
1364,1.3639999999999606,hold,100.0,5.671006746797617,0.0037774899667386563,1.0470249410068349,0.04702494100683485,0.00375868310668961,4.4712848280401465,0.03247300935234308,-0.01880686004904642,2,4
1365,1.3649999999999605,hold,100.0,5.667024187317491,-0.003982559480125936,1.046961446241899,0.04696144624189902,-0.003632651111943556,4.467652176928203,0.03243347669973095,0.34990836818237947,2,4
1366,1.3659999999999604,hold,100.0,5.6707866735354635,0.0037624862179725937,1.0469715993730717,0.046971599373071715,0.0037441152849832875,4.4713962922131865,0.03239390885934567,-0.01837093298930623,2,4
1367,1.3669999999999602,hold,100.0,5.66681945509607,-0.003967218439393072,1.046908289954082,0.04690828995408203,-0.0036183157976255776,4.467777976415561,0.03235448877544256,0.3489026417674945,2,4
1368,1.3679999999999601,hold,100.0,5.6705669962737675,0.0037475411776970446,1.046918340487279,0.04691834048727905,0.0037296043524138902,4.471507580767975,0.03231503375958012,-0.017936825283154396,2,4
1369,1.36899999999996,hold,100.0,5.666615059000249,-0.003951937273518169,1.0468552156969633,0.04685521569696327,-0.0036040365469731783,4.467903544221001,0.032275725746992286,0.34790072654499077,2,4
1370,1.36999999999996,hold,100.0,5.670347713619472,0.003732654619223119,1.0468651640403432,0.04686516404034324,0.0037151500852259517,4.471618694306227,0.03223638305778218,-0.01750453399716745,2,4
1371,1.3709999999999598,hold,100.0,5.666410997873208,-0.003936715746264419,1.0468022231650413,0.046802223165041346,-0.0035898131424764654,4.46802888116375,0.032197186624177435,0.3469026037879533,2,4
1372,1.3719999999999597,hold,100.0,5.67012882418969,0.003717826316481876,1.0468120697259413,0.04681206972594132,0.0037007522605854827,4.471729633424336,0.03215795576878892,-0.017074055896393152,2,4
1373,1.3729999999999596,hold,100.0,5.666207270567969,-0.0039215536217209745,1.0467493120555822,0.04674931205558219,-0.0035756453674511005,4.468153988056885,0.03211887042680528,0.34590825426987404,2,4
1374,1.3739999999999595,hold,100.0,5.66991032661262,0.003703056044651376,1.0467590572406162,0.04675905724061624,0.0036864106565366855,4.471840398713422,0.03207975091735084,-0.016645388114690587,2,4
1375,1.3749999999999594,hold,100.0,5.666003875947153,-0.003906450665467354,1.0466964820686409,0.046696482068640854,-0.003561533006036035,4.4682788657073855,0.032040776184508506,0.3449176594313187,2,4
1376,1.3759999999999593,hold,100.0,5.669692219526874,0.003688343579721476,1.046706126283531,0.0467061262835311,0.003672125052032736,4.471950990759418,0.032001767537957033,-0.01621852768874006,2,4
1377,1.3769999999999591,hold,100.0,5.665800812882981,-0.0038914066438930917,1.0466437329069829,0.04664373290698287,-0.0035474758431776466,4.468403514916241,0.03196290293656787,0.343930800715445,2,4
1378,1.377999999999959,hold,100.0,5.66947450158127,0.0036736886982886574,1.046653276556678,0.04665327655667806,0.0036578952269019473,4.472061410143143,0.03192400467466354,-0.015793471386710105,2,4
1379,1.378999999999959,hold,100.0,5.6655980802570856,-0.0038764213241844203,1.046591064276055,0.04659106427605497,-0.0035334736646465996,4.468527936478496,0.031885249731746126,0.34294765953782075,2,4
1380,1.3799999999999588,hold,100.0,5.669257171434818,0.003659091177732776,1.0466005077646479,0.04660050776464786,0.0036437209618761157,4.472171657440373,0.031846461380917485,-0.015370215856660464,2,4
1381,1.3809999999999587,hold,100.0,5.66539567696035,-0.0038614944744681523,1.046538475883948,0.046538475883947994,-0.003519526257031611,4.468652131183341,0.03180781562811786,0.3419682174365412,2,4
1382,1.3819999999999586,hold,100.0,5.669040227756859,0.0036445507965083834,1.0465478196146967,0.04654781961469667,0.003629602038557971,4.472281733221899,0.03176913671939356,-0.014948757950412374,2,4
1383,1.3829999999999585,hold,100.0,5.665193601892511,-0.003846625864347253,1.0464859674413427,0.0464859674413427,-0.003505633407709712,4.468776099814189,0.03173059969289648,0.34099245663754074,2,4
1384,1.3839999999999584,hold,100.0,5.66882366922659,0.0036300673340790013,1.0464952118166644,0.046495211816664384,0.0036155382394131453,4.472391638053602,0.03169202976183211,-0.014529094665855988,2,4
1385,1.3849999999999583,hold,100.0,5.664991853962905,-0.0038318152636849234,1.0464335386615204,0.046433538661520446,-0.003491794904878047,4.468899843148724,0.03165360100228423,0.3400203588068765,2,4
1386,1.3859999999999582,hold,100.0,5.6686074945327,0.003615640569794465,1.0464426840829801,0.046442684082980135,0.0036015293478093057,4.472501372496533,0.03161513958887306,-0.014111221985159232,2,4
1387,1.386999999999958,hold,100.0,5.66479043208925,-0.0038170624434501477,1.046381189260304,0.0463811892603041,-0.0034780105375454,4.469023361958987,0.03157681864131126,0.3390519059047478,2,4
1388,1.387999999999958,hold,100.0,5.6683917023740875,0.0036012702848378098,1.0463902361285828,0.04639023612858284,0.0035875751479772476,4.472610937106964,0.03153846528991287,-0.013695136860562146,2,4
1389,1.3889999999999578,hold,100.0,5.664589335198173,-0.003802367175914867,1.0463289189560239,0.04632891895602387,-0.0034642800955119748,4.469146657011452,0.031500251703671635,0.33808708040289215,2,4
1390,1.3899999999999577,hold,100.0,5.668176291458933,0.0035869562607606653,1.0463378676709365,0.046337867670936506,0.0035736754249929637,4.472720332436444,0.03146200596293637,-0.013280835767701636,2,4
1391,1.3909999999999576,hold,100.0,5.664388562225002,-0.003787729233931003,1.0462767274694484,0.04627672746944844,-0.0034506033693736714,4.46926972906707,0.03142389929158674,0.33712586455733173,2,4
1392,1.3919999999999575,hold,100.0,5.667961260505015,0.0035726982800126095,1.0462855784299196,0.04628557842991965,0.003559829964821468,4.472829559031892,0.031385760714377514,-0.012868315191141497,2,4
1393,1.3929999999999574,hold,100.0,5.66418811211369,-0.00377314839132481,1.0462246145238376,0.04622461452383764,-0.0034369801505375937,4.469392578881354,0.03134776051564977,0.3361682407872161,2,4
1394,1.3939999999999573,hold,100.0,5.667746608239572,0.0035584961258816605,1.0462333681279097,0.04623336812790968,0.0035460385542706563,4.472938617435625,0.03130972865896949,-0.012457571611004196,2,4
1395,1.3949999999999572,hold,100.0,5.663987983816413,-0.003758624423158885,1.0461725798448365,0.04617257984483647,-0.003423410231186633,4.469515207204439,0.03127183449467982,0.3352141919722518,2,4
1396,1.395999999999957,hold,100.0,5.66753233339876,0.0035443495823468396,1.0461812364896463,0.04618123648964634,0.0035323009810058767,4.473047508185445,0.031233908919603037,-0.012048601340962882,2,4
1397,1.396999999999957,hold,100.0,5.663788176293954,-0.003744157104805801,1.0461206231604696,0.04612062316046961,-0.0034098934042984374,4.4696376147811465,0.0311961203555804,0.3342637005073635,2,4
1398,1.3979999999999568,hold,100.0,5.667318434728166,0.0035302584342122856,1.046129183242236,0.046129183242235916,0.0035186170335360055,4.4731562318146825,0.031158300627183163,-0.011641400676280084,2,4
1399,1.3989999999999567,hold,100.0,5.663588688515094,-0.003729746213072538,1.0460687442010943,0.0460687442010943,-0.003396429463645715,4.469759802351037,0.031120617233207915,0.3333167494268228,2,4
1400,1.3999999999999566,hold,100.0,5.667104910982314,0.0035162224672200537,1.046077208115166,0.04607720811516591,0.0035049865012384304,4.473264788852275,0.03108290292049606,-0.011235965981623314,2,4
1401,1.4009999999999565,hold,100.0,5.663389519456727,-0.003715391525586753,1.0460169426994381,0.046016942699438124,-0.003383018203792081,4.469881770648484,0.031045324270225428,0.33237332179467205,2,4
1402,1.4019999999999564,hold,100.0,5.666891760924644,0.003502241467916889,1.046025310840174,0.04602531084017403,0.003491409174326731,4.4733731798228105,0.031007714946070738,-0.010832293590157943,2,4
1403,1.4029999999999563,hold,100.0,5.663190668103882,-0.003701092820762142,1.0459652183904284,0.04596521839042844,-0.0033696594200753054,4.470003520402735,0.030970240616978683,0.33143340068683647,2,4
1404,1.4039999999999562,hold,100.0,5.666678983327409,0.0034883152235272163,1.0459734911513472,0.04597349115134719,0.0034778848438354235,4.473481405246571,0.030932735858051466,-0.010430379691792838,2,4
1405,1.404999999999956,hold,100.0,5.662992133449503,-0.0036868498779059067,1.0459135710113456,0.04591357101134563,-0.0033563529086009752,4.47012505233797,0.030895365431358495,0.33049696930493144,2,4
1406,1.405999999999956,hold,100.0,5.666466576971363,0.0034744435218598824,1.0459217487849548,0.04592174878495481,0.003464413301655771,4.473589465639626,0.03085796481806663,-0.010030220204111304,2,4
1407,1.4069999999999558,hold,100.0,5.6627939144942685,-0.0036726624770944127,1.0458620003016224,0.04586200030162235,-0.0033430984662732787,4.4702463671733526,0.030820697878680546,0.329564010821134,2,4
1408,1.4079999999999557,hold,100.0,5.666254540646228,0.0034606261519591897,1.045870083479539,0.045870083479538915,0.0034509943404981047,4.4736973615138504,0.03078340099510355,-0.00963181146108492,2,4
1409,1.4089999999999556,hold,100.0,5.662596010246468,-0.0036585303997593854,1.0458105060029428,0.045810506002942786,-0.0033298958907567204,4.470367465623093,0.030746237131555144,0.32863450900266505,2,4
1410,1.4099999999999555,hold,100.0,5.666042873150065,0.003446862903596859,1.0458184949758123,0.04581849497581225,0.0034376277539183136,4.4738050933770115,0.03070904356538454,-0.009235149678545398,2,4
1411,1.4109999999999554,hold,100.0,5.662398419722187,-0.0036444534278778917,1.0457590878591263,0.0457590878591263,-0.0033167449805071194,4.470488348396504,0.030671982369769743,0.32770844737077226,2,4
1412,1.4119999999999553,hold,100.0,5.665831573289313,0.00343315356712548,1.0457669830166734,0.04576698301667337,0.0034243133362873864,4.473912661732792,0.030634891712248046,-0.008840230838093408,2,4
1413,1.4129999999999552,hold,100.0,5.66220114194505,-0.0036304313442627745,1.045707745616179,0.04570774561617896,-0.0033036455347188933,4.470609016198073,0.03059793278016554,0.32678580954388114,2,4
1414,1.413999999999955,hold,100.0,5.665620639878636,0.00341949793358598,1.0457155473471458,0.04571554734714578,0.0034110508827851597,4.474020067080858,0.030560944626028107,-0.008447050800820116,2,4
1415,1.414999999999955,hold,100.0,5.6620041759458815,-0.003616463932754499,1.0456564790221865,0.0456564790221865,-0.003290597353375421,4.470729469727482,0.030524087556522594,0.32586657937907787,2,4
1416,1.4159999999999549,hold,100.0,5.665410071741005,0.0034058957951232927,1.0456641877143469,0.04566418771434688,0.0033978401894322633,4.4741273099169145,0.03048720150393887,-0.008055605691029318,2,4
1417,1.4169999999999547,hold,100.0,5.661807520762959,-0.0036025509780461817,1.0456052878273372,0.04560528782733719,-0.0032776002372151636,4.470849709679699,0.030450445899445625,0.3249507408310181,2,4
1418,1.4179999999999546,hold,100.0,5.665199867707574,0.003392346944615099,1.0456129038675384,0.04561290386753836,0.0033846810530499738,4.474234390732749,0.03041366154996524,-0.007665891565125128,2,4
1419,1.4189999999999545,hold,100.0,5.6616111754419,-0.0035886922656738207,1.0455541717839003,0.04555417178390031,-0.0032646539877478065,4.470969736745001,0.030377007016251793,0.32403827792601425,2,4
1420,1.4199999999999544,hold,100.0,5.66499002661738,0.00337885117547998,1.045561695557964,0.04556169555796408,0.0033715732712765057,4.474341310016277,0.03034032397474537,-0.007277904203474225,2,4
1421,1.4209999999999543,hold,100.0,5.661415139035334,-0.003574887582045605,1.0455031306461613,0.045503130646161294,-0.0032517584072195745,4.471089551609058,0.030303770120859153,0.3231291748260305,2,4
1422,1.4219999999999542,hold,100.0,5.66478054731746,0.003365408282125948,1.045510562538957,0.04551056253895691,0.00335851664254856,4.474448068251607,0.030267187995467376,-0.0068916395773877676,2,4
1423,1.422999999999954,hold,100.0,5.6612194106029285,-0.003561136714531621,1.0454521641704344,0.045452164170434406,-0.00323891329866033,4.4712091549529465,0.030230734433679466,0.3222234158712909,2,4
1424,1.423999999999954,hold,100.0,5.664571428662539,0.0033520180596102733,1.0454595045658603,0.04545950456586034,0.003345510966124776,4.474554665919071,0.030194252835759793,-0.006507093485497335,2,4
1425,1.4249999999999539,hold,100.0,5.661023989211586,-0.0035474394509531493,1.0454012721150254,0.045401272115025426,-0.0032261184658376437,4.471328547453234,0.03015789918151749,0.3213209851155056,2,4
1426,1.4259999999999537,hold,100.0,5.664362669515403,0.003338680303817121,1.0454085213959918,0.04540852139599183,0.003332556042051772,4.4746611034952855,0.030121517725591036,-0.006124261765348693,2,4
1427,1.4269999999999536,hold,100.0,5.6608288739347845,-0.003533795580618282,1.0453504542401961,0.045350454240196125,-0.0032133737132696745,4.471447729782016,0.030085263597462723,0.3204218673486074,2,4
1428,1.4279999999999535,hold,100.0,5.6641542687462225,0.0033253948114380094,1.0453576127885922,0.04535761278859218,0.0033196516711753938,4.474767381453191,0.030048981901162848,-0.005743140262615652,2,4
1429,1.4289999999999534,hold,100.0,5.660634063852818,-0.0035202048934044328,1.045299710308162,0.045299710308162044,-0.003200678846236301,4.471566702606954,0.030012826920787106,0.31952604716813193,2,4
1430,1.4299999999999533,hold,100.0,5.66394622523277,0.003312161379952272,1.0453067785049268,0.045306778504926815,0.0033067976551391307,4.474873500262094,0.029976644604814317,-0.005363724813141346,2,4
1431,1.4309999999999532,hold,100.0,5.660439558053005,-0.0035066671797654436,1.0452490400830283,0.045249040083028325,-0.003188033670731876,4.471685466591362,0.029940588396853738,0.31863350903356746,2,4
1432,1.431999999999953,hold,100.0,5.663738537860484,0.00329897980747873,1.0452560183080675,0.04525601830806747,0.0032939937963647834,4.474979460387726,0.029904505084921252,-0.004986011113946795,2,4
1433,1.432999999999953,hold,100.0,5.6602453556290415,-0.003493182231442127,1.0451984433308474,0.04519844333084744,-0.0031754379935316377,4.471804022394195,0.029868547277015017,0.31774423791048906,2,4
1434,1.4339999999999529,hold,100.0,5.663531205522013,0.0032858498929710933,1.0452053319630523,0.04520533196305232,0.0032812398980823897,4.475085262292277,0.029832562595800617,-0.004609994888703575,2,4
1435,1.4349999999999528,hold,100.0,5.66005145568127,-0.0034797498407428407,1.04514791981947,0.04514791981946997,-0.003162891622122543,4.471922370670154,0.029796702818513623,0.3168582186202978,2,4
1436,1.4359999999999526,hold,100.0,5.663324227117525,0.003272771436255262,1.0451547192367683,0.04515471923676828,0.0032685357642860116,4.47519090643444,0.029760816397621556,-0.004235671969250211,2,4
1437,1.4369999999999525,hold,100.0,5.659857857316624,-0.0034663698009014254,1.0450974693186545,0.04509746931865455,-0.003150394364743389,4.472040512069697,0.029725054284400483,0.31597543615803636,2,4
1438,1.4379999999999524,hold,100.0,5.663117601554088,0.003259744237464446,1.0451041798979368,0.0451041798979368,0.0032558811997630984,4.47529639326946,0.029689265756303786,-0.0038630377013474694,2,4
1439,1.4389999999999523,hold,100.0,5.6596645596481014,-0.003453041905986609,1.0450470915999386,0.04504709159993858,-0.003137946030359438,4.4721584472391,0.02965360094343198,0.31509587562717106,2,4
1440,1.4399999999999522,hold,100.0,5.662911327746352,0.003246768098250641,1.0450537137170925,0.04505371371709255,0.0032432760100673005,4.475401723249168,0.029617909943437704,-0.003492088183340309,2,4
1441,1.440999999999952,hold,100.0,5.659471561795515,-0.0034397659508371703,1.0449967864367193,0.04499678643671934,-0.003125546428673317,4.472276176820494,0.029582342069990636,0.31421952216385307,2,4
1442,1.441999999999952,hold,100.0,5.662705404615698,0.0032338428201832414,1.0450033204666047,0.04500332046660471,0.0032307200015357727,4.47550689682203,0.029546748236191276,-0.0031228186474687586,2,4
1443,1.4429999999999519,hold,100.0,5.659278862884468,-0.003426541731229804,1.0449465536041274,0.04494655360412736,-0.0031131953701119533,4.472393701451918,0.029511276943992512,0.31334636111785086,2,4
1444,1.4439999999999518,hold,100.0,5.662499831090794,0.0032209682063255585,1.0449529999205838,0.04495299992058377,0.0032182129812638074,4.475611914433182,0.02947577991722134,-0.0027552250617510383,2,4
1445,1.4449999999999517,hold,100.0,5.6590864620472345,-0.0034133690435593778,1.0448963928790655,0.04489639287906555,-0.0031008926658255623,4.472511021767357,0.02944040485080157,0.3124763777338155,2,4
1446,1.4459999999999515,hold,100.0,5.6622946061070785,0.0032081440598439315,1.0449027518549119,0.04490275185491188,0.0032057547571325293,4.475716776524489,0.029405004274593072,-0.0023893027114021623,2,4
1447,1.4469999999999514,hold,100.0,5.658894358421717,-0.0034002476853611796,1.0448463040402076,0.04484630404020762,-0.003088638127715496,4.472628138396774,0.029369725081146884,0.31160955764568354,2,4
1448,1.4479999999999513,hold,100.0,5.662089728606805,0.0031953701850877536,1.0448525760472178,0.04485257604721782,0.0031933451377777677,4.475821483534552,0.02933442060169633,-0.002025047309985907,2,4
1449,1.4489999999999512,hold,100.0,5.658702551152134,-0.0033871774546714306,1.0447962868678777,0.04479628686787773,-0.0030764315683710795,4.47274505196618,0.029299236931042957,0.3107458863003511,2,4
1450,1.449999999999951,hold,100.0,5.661885197539303,0.0031826463871693633,1.0448024722768492,0.04480247227684919,0.0031809839325909845,4.475926035898771,0.029264028197163717,-0.0016624545783787761,2,4
1451,1.450999999999951,hold,100.0,5.658511039388558,-0.0033741581507449325,1.0447463411441718,0.04474634114417175,-0.0030642728011187675,4.472861763097653,0.02922893970170704,0.30988534962616504,2,4
1452,1.4519999999999509,hold,100.0,5.661681011860013,0.003169972471455118,1.0447524403248203,0.044752440324820286,0.003168670951729339,4.476030434049382,0.029193826364791512,-0.0013015197257788998,2,4
1453,1.4529999999999508,hold,100.0,5.658319822287178,-0.003361189572835599,1.0446964666528433,0.044696466652843325,-0.003052161639995346,4.472978272409387,0.029158832699476583,0.3090279328402529,2,4
1454,1.4539999999999507,hold,100.0,5.661477170531702,0.003157348244524627,1.0447024799738567,0.04470247997385668,0.0031564060061024567,4.476134678415489,0.02912381441345908,-0.0009422384221703314,2,4
1455,1.4549999999999506,hold,100.0,5.65812889900964,-0.003348271522062518,1.044646663179271,0.04464666317927102,-0.0030400978997575266,4.473094580515732,0.029088915235740986,0.3081736223049915,2,4
1456,1.4559999999999504,hold,100.0,5.661273672523165,0.0031447735135250454,1.044652591008313,0.04465259100831309,0.0031441889073667876,4.476238769423099,0.02905399165705467,-0.0005846061582577902,2,4
1457,1.4569999999999503,hold,100.0,5.657938268723677,-0.003335403799487935,1.0445969305105118,0.044596930510511834,-0.0030280813958632404,4.473210688027236,0.029019186626857246,0.3073224036246945,2,4
1458,1.4579999999999502,hold,100.0,5.661070516810166,0.0031322480864890423,1.044602773214189,0.04460277321418893,0.0031320194679370235,4.476342707495173,0.028984357414405092,-0.0002286185520187535,2,4
1459,1.4589999999999501,hold,100.0,5.657747930602668,-0.00332258620749748,1.0445472684352264,0.044547268435226384,-0.0030161119444945465,4.473326595550679,0.028949646194081954,0.3064742630029334,2,4
1460,1.45999999999995,hold,100.0,5.660867702374496,0.0031197717718276508,1.0445530263791238,0.04455302637912384,0.0031198975009562127,4.476446493051635,0.028914911009189328,0.00012572912856190568,2,4
1461,1.46099999999995,hold,100.0,5.657557883825497,-0.003309818548999033,1.044497676743667,0.04449767674366689,-0.003004189362516073,4.4734423036891195,0.028880293263493804,0.30562918648295967,2,4
1462,1.4619999999999498,hold,100.0,5.660665228204417,0.0031073443789200184,1.0445033502923122,0.04450335029231223,0.0031078228203221423,4.476550126509442,0.02884565176988391,0.00047844140212398995,2,4
1463,1.4629999999999497,hold,100.0,5.657368127576658,-0.0032971006277593418,1.0444481552277118,0.04444815522771184,-0.0029923134675148965,4.473557813041927,0.02881112716592597,0.30478716024444524,2,4
1464,1.4639999999999496,hold,100.0,5.660463093294563,0.0030949657179055734,1.0444537447445843,0.0444537447445843,0.0030957952406682624,4.476653608282595,0.028776579029676765,0.0008295227626889737,2,4
1465,1.4649999999999495,hold,100.0,5.657178661046134,-0.0032844322484288924,1.0443987036807263,0.04439870368072629,-0.0029804840777781136,4.473673124204817,0.028742147236894347,0.3039481706507787,2,4
1466,1.4659999999999493,hold,100.0,5.660261296645727,0.0030826355995925425,1.0444042095282826,0.04440420952828261,0.0030838145773702114,4.476756938782187,0.028707692126408176,0.0011789777776688437,2,4
1467,1.4669999999999492,hold,100.0,5.6569894834294745,-0.0032718132162523617,1.0443493218977085,0.04434932189770846,-0.0029687010122858718,4.473788237769901,0.028673352816531147,0.30311220396648986,2,4
1468,1.4679999999999491,hold,100.0,5.660059837264788,0.0030703538353131776,1.0443547444373207,0.04435474443732068,0.0030718806465203723,4.476860118416422,0.028638990402499648,0.0015268112071946914,2,4
1469,1.468999999999949,hold,100.0,5.6568005939274855,-0.003259243337302209,1.0443000096751305,0.04430000967513048,-0.0029569640907118697,4.47390315432571,0.028604743249515816,0.3022792465903392,2,4
1470,1.469999999999949,hold,100.0,5.659858714165032,0.003058120237546369,1.0443053492671308,0.04430534926713081,0.0030599932649602057,4.476963147590671,0.028570473204885965,0.0018730274138367177,2,4
1471,1.4709999999999488,hold,100.0,5.656611991746286,-0.0032467224187460175,1.0442507668109848,0.04425076681098483,-0.0029452731334310457,4.47401787445724,0.028536317885010293,0.3014492853149718,2,4
1472,1.4719999999999487,hold,100.0,5.659657926365517,0.0030459346192310832,1.044256023814668,0.04425602381466809,0.0030481522502297702,4.47706602670747,0.02850213988495411,0.0022176309986869994,2,4
1473,1.4729999999999486,hold,100.0,5.656423676097429,-0.0032342502680879903,1.0442015931047688,0.04420159310476879,-0.002933627961495702,4.474132398745974,0.028468076076595624,0.3006223065922884,2,4
1474,1.4739999999999485,hold,100.0,5.659457472891091,0.0030337967936624466,1.0442067678783447,0.044206767878344655,0.0030363574206348967,4.477168756166609,0.02843398979847497,0.0025606269724500613,2,4
1475,1.4749999999999484,hold,100.0,5.656235646197322,-0.0032218266937693585,1.0441524883574291,0.04415248835742913,-0.0029220283966775694,4.474246727769931,0.028400017182204088,0.29979829709178907,2,4
1476,1.4759999999999482,hold,100.0,5.65925735277298,0.003021706575657923,1.0441575812581008,0.044157581258100764,0.0030246085951705646,4.477271336365102,0.028366022305545732,0.002902019512641442,2,4
1477,1.4769999999999481,hold,100.0,5.6560479012679625,-0.003209451505017391,1.0441034523714396,0.044103452371439644,-0.0029104742613982855,4.474360862103704,0.028332140564067115,0.29897724361910555,2,4
1478,1.477999999999948,hold,100.0,5.659057565047902,0.0030096637799390535,1.0441084637552762,0.04410846375527622,0.0030129055935505912,4.477373767697254,0.02829823677052498,0.0032418136115376986,2,4
1479,1.478999999999948,hold,100.0,5.655860440536175,-0.003197124511726379,1.0440544849506213,0.04405448495062125,-0.0028989653787649533,4.47447480231849,0.028264445588641867,0.2981591329614258,2,4
1480,1.4799999999999478,hold,100.0,5.658858108758625,0.002997668222449512,1.044059415172707,0.04405941517270695,0.003001248236197886,4.477476050554688,0.028230632561972415,0.0035800137483739565,2,4
1481,1.4809999999999477,hold,100.0,5.655673263233764,-0.0031848455248608687,1.0440055859003003,0.04400558590030035,-0.0028875015725947067,4.474588548982093,0.02819693162656498,0.297343952266162,2,4
1482,1.4819999999999476,hold,100.0,5.658658982953245,0.002985719719481139,1.0440104353146227,0.044010435314622676,0.0029896363442802566,4.477578185326373,0.02816320905259319,0.003916624799117467,2,4
1483,1.4829999999999475,hold,100.0,5.6554863685975905,-0.003172614355654524,1.0439567550271796,0.04395675502717955,-0.002876082667353307,4.47470210265902,0.02812959805258235,0.29653168830121684,2,4
1484,1.4839999999999474,hold,100.0,5.658460186686057,0.0029738180884661958,1.0439615239866604,0.04396152398666042,0.002978069739631994,4.477680172398651,0.02809596561917732,0.004251651165798186,2,4
1485,1.4849999999999473,hold,100.0,5.655299755869264,-0.0031604308167922923,1.0439079921393408,0.04390799213934082,-0.0028647084881986426,4.474815463910453,0.028062444245500414,0.29572232859364966,2,4
1486,1.4859999999999471,hold,100.0,5.658261719016525,0.0029619631472606045,1.043912680995872,0.04391268099587209,0.0029665482448261622,4.477782012155279,0.02802890164254686,0.004585097565557722,2,4
1487,1.486999999999947,hold,100.0,5.655113424295778,-0.003148294720746847,1.0438592970462934,0.04385929704629343,-0.00285337886096224,4.474928633294317,0.0279954695881255,0.294915859784607,2,4
1488,1.487999999999947,hold,100.0,5.658063579009985,0.0029501547142070095,1.043863906150664,0.043863906150664045,0.0029550716831242504,4.477883704977441,0.027962016507493748,0.004916968917240919,2,4
1489,1.4889999999999468,hold,100.0,5.654927373128448,-0.0031362058815371796,1.0438106695588647,0.0438106695588647,-0.002842093612134535,4.475041611365307,0.02792867346721488,0.29411226940264473,2,4
1490,1.4899999999999467,hold,100.0,5.657865765737126,0.002938392608678342,1.0438151992608384,0.04381519926083843,0.002943639878482024,4.477985251243789,0.027895309602732583,0.005247269803682324,2,4
1491,1.4909999999999466,hold,100.0,5.6547416016234235,-0.0031241641137027543,1.0437621094892453,0.043762109489245304,-0.002830852568890819,4.475154398674898,0.027862055273411165,0.2933115448119352,2,4
1492,1.4919999999999465,hold,100.0,5.65766827827401,0.002926676650586657,1.0437665601375037,0.043766560137503685,0.0029322526555741347,4.4780866513304725,0.02782878032084175,0.005576004987477637,2,4
1493,1.4929999999999464,hold,100.0,5.654556109041616,-0.003112169232394102,1.0437136166509853,0.043713616650985276,-0.002819655559058599,4.475266995771414,0.027795614401203414,0.2925136733355031,2,4
1494,1.4939999999999463,hold,100.0,5.657471115702326,0.0029150066607099845,1.043717988593127,0.04371798859312692,0.002920909839739189,4.478187905611153,0.027762428058215684,0.005903179029204467,2,4
1495,1.4949999999999461,hold,100.0,5.654370894648652,-0.0031002210536739128,1.043665190858915,0.04366519085891496,-0.002808502411129191,4.475379403200024,0.027729350248865033,0.2917186425447217,2,4
1496,1.495999999999946,hold,100.0,5.657274277108781,0.0029033824601292224,1.043669484441484,0.043669484441484,0.0029096112570283286,4.478289014457052,0.027696252215009664,0.006228796899106215,2,4
1497,1.496999999999946,hold,100.0,5.654185957714851,-0.0030883193939299503,1.0436168319291848,0.04361683192918475,-0.0027973929542616347,4.4754916215027905,0.027663262218409385,0.2909264396683156,2,4
1498,1.4979999999999458,hold,100.0,5.657077761585903,0.0028918038710514793,1.0436210474976675,0.04362104749766749,0.0028983567341707684,4.478389978236962,0.02763025219509213,0.006552863119289095,2,4
1499,1.4989999999999457,hold,100.0,5.654001297514855,-0.003076464071048335,1.0435685396792242,0.04356853967922425,-0.002786327018270777,4.475603651218691,0.027597349715534434,0.2901370527775577,2,4
1500,1.4999999999999456,hold,100.0,5.6568815682307845,0.002880270715929889,1.0435726775780427,0.04357267757804273,0.002887146098590915,4.478490797317282,0.02756442740599305,0.0068753826610260665,2,4
1501,1.5009999999999455,hold,100.0,5.653816913327752,-0.0030646549030324266,1.0435203139277636,0.043520313927763565,-0.0027753044336201096,4.475715492883662,0.02753161214957983,0.289350469412317,2,4
1502,1.5019999999999454,hold,100.0,5.65668569614605,0.0028687828182976105,1.0435243745002591,0.043524374500259144,0.002875979178378371,4.478591472062041,0.027498777258861382,0.00719636008076046,2,4
1503,1.5029999999999453,hold,100.0,5.653632804437475,-0.003052891708574812,1.0434721544947576,0.04347215449475761,-0.0027643250314438373,4.475827147030597,0.027466048933471897,0.2885666771309746,2,4
1504,1.5039999999999452,hold,100.0,5.656490144439682,0.002857340002207387,1.043476138083235,0.043476138083234916,0.0028648558023324903,4.47869200283293,0.027433301168407052,0.007515800125103365,2,4
1505,1.504999999999945,hold,100.0,5.653448970131995,-0.0030411743076870223,1.0434240612014596,0.043424061201459585,-0.002753388643512901,4.475938614189417,0.027400659483688982,0.28778566417412155,2,4
1506,1.505999999999945,hold,100.0,5.656294912224322,0.002845942092326581,1.0434279681471104,0.04342796814711036,0.002853775799898972,4.478792389989316,0.027367998552864575,0.007833707572390929,2,4
1507,1.5069999999999448,hold,100.0,5.653265409703998,-0.003029502520323746,1.0433760338702813,0.04337603387028133,-0.0027424951022521913,4.476049894887064,0.027335443220196213,0.2870074180715545,2,4
1508,1.5079999999999447,hold,100.0,5.656099998617919,0.0028345889139211877,1.0433798645132717,0.04337986451327169,0.0028427390012180824,4.4788926338882815,0.027302868833942204,0.00815008729689471,2,4
1509,1.5089999999999446,hold,100.0,5.6530821224502095,-0.0030178761677097654,1.0433280723249523,0.04332807232495228,-0.0027316442407372228,4.4761609896475445,0.027270399566418146,0.2862319269725426,2,4
1510,1.5099999999999445,hold,100.0,5.655905402743256,0.0028232802930467926,1.043331827004339,0.04333182700433902,0.002831745237092684,4.4789927348846374,0.027237911436777545,0.008464944045891501,2,4
1511,1.5109999999999444,hold,100.0,5.652899107671671,-0.003006295071585008,1.043280176390325,0.043280176390325,-0.0027208358926709892,4.476271898991967,0.027205527949188676,0.2854591789140186,2,4
1512,1.5119999999999443,hold,100.0,5.655711123728152,0.0028120160564810703,1.043283855444122,0.043283855444121944,0.0028207943389903455,4.479092693330957,0.027173125789896512,0.008778282509275172,2,4
1513,1.5129999999999442,hold,100.0,5.652716364673673,-0.0029947590544789904,1.043232345892475,0.043232345892475044,-0.0027100698924147626,4.476382623438542,0.0271408277986997,0.2846891620642278,2,4
1514,1.513999999999944,hold,100.0,5.655517160705456,0.0028007960317824043,1.0432359496576409,0.04323594965764088,0.002809886139052165,4.479192509577594,0.02710851132516672,0.009090107269760575,2,4
1515,1.514999999999944,hold,100.0,5.652533892765815,-0.0029832679396406547,1.0431845806586861,0.043184580658686134,-0.002699346074964662,4.476493163502629,0.027076298548469005,0.2839218646759926,2,4
1516,1.5159999999999438,hold,100.0,5.65532351281234,0.0027896200465251653,1.0431881094710647,0.04318810947106466,0.0027990204700892663,4.479292183972718,0.027044067477755007,0.009400423564101014,2,4
1517,1.5169999999999437,hold,100.0,5.6523516912616625,-0.0029718215506777668,1.0431368805173582,0.0431368805173582,-0.0026886642759536526,4.476603519696765,0.0270119396352954,0.2831572747241141,2,4
1518,1.5179999999999436,hold,100.0,5.65513017919151,0.002778487929847806,1.0431403347117703,0.043140334711770256,0.002788197165557451,4.479391716862322,0.026979793686090662,0.009709235709645051,2,4
1519,1.5189999999999435,hold,100.0,5.652169759479023,-0.0029604197124877274,1.043089245298083,0.04308924529808289,-0.002678024331644457,4.476713692530677,0.02694775049921517,0.2823953808432705,2,4
1520,1.5199999999999434,hold,100.0,5.654937158989808,0.0027673995107857507,1.043092625208288,0.04309262520828794,0.0027774160595758824,4.479491108590254,0.026915689391818785,0.010016548790131672,2,4
1521,1.5209999999999433,hold,100.0,5.651988096739725,-0.0029490622500834007,1.0430416748316031,0.04304167483160315,-0.0026674260789374743,4.476823682511316,0.026883730583460917,0.2816361711459265,2,4
1522,1.5219999999999432,hold,100.0,5.654744451359123,0.0027563546193984934,1.0430449807902482,0.04304498079024821,0.0027666769869332574,4.47959035949825,0.026851754039766123,0.010322367534764017,2,4
1523,1.522999999999943,hold,100.0,5.651806702369575,-0.002937748989548794,1.0429941689497388,0.04299416894973884,-0.0026568693553620584,4.476933490142888,0.026819879334430058,0.2808796341867356,2,4
1524,1.523999999999943,hold,100.0,5.654552055455847,0.0027453530862722175,1.042997401288452,0.042997401288451975,0.002755979783039542,4.479689469925927,0.02678798707789445,0.010626696767324518,2,4
1525,1.5249999999999428,hold,100.0,5.6516255756980565,-0.002926479757790368,1.042946727485499,0.0429467274854991,-0.002646353999057906,4.477043115926869,0.02675619620163347,0.2801257587324618,2,4
1526,1.5259999999999427,hold,100.0,5.654359970441187,0.0027343947431308635,1.0429498865348055,0.04294988653480547,0.0027453242839794454,4.479788440210848,0.026724387957270664,0.010929540848581866,2,4
1527,1.5269999999999426,hold,100.0,5.651444716059247,-0.00291525438194018,1.0428993502729629,0.04289935027296288,-0.0026358798488193952,4.477152560362029,0.026692680637667717,0.2793745331207847,2,4
1528,1.5279999999999425,hold,100.0,5.654168195480447,0.0027234794212001034,1.04290243636233,0.04290243636233004,0.0027347103264878624,4.479887270688517,0.02666095613202352,0.011230905287758913,2,4
1529,1.5289999999999424,hold,100.0,5.65126412279054,-0.0029040726899074443,1.0428520371472938,0.0428520371472938,-0.002625446744048371,4.477261823944469,0.02662933209817412,0.27862594585907313,2,4
1530,1.5299999999999423,hold,100.0,5.653976729744372,0.0027126069538319086,1.042855050605136,0.04285505060513595,0.0027241377479335824,4.479985961692402,0.026597691059304537,0.011530794101673788,2,4
1531,1.5309999999999422,hold,100.0,5.651083795233565,-0.002892934510806633,1.0428047879447682,0.04280478794476816,-0.0026150545247697853,4.477370907167632,0.026566150041800955,0.2778799860368476,2,4
1532,1.531999999999942,hold,100.0,5.6537855724072195,0.002701777173654385,1.0428077290984212,0.04280772909842123,0.002713606386324433,4.480084513553956,0.02653459219926325,0.011829212670047898,2,4
1533,1.532999999999942,hold,100.0,5.650903732733419,-0.0028818396738001795,1.0427576025027125,0.042757602502712544,-0.002604703031617951,4.477479810522339,0.026503133930166,0.2771366421822283,2,4
1534,1.5339999999999419,hold,100.0,5.653594722648148,0.0026909899147291583,1.0427604716784475,0.04276047167844754,0.002703116080315093,4.480182926602654,0.026471659014992467,0.012126165585934611,2,4
1535,1.5349999999999417,hold,100.0,5.650723934639225,-0.002870788008923597,1.0427104806595269,0.04271048065952687,-0.0025943921058481497,4.477588534496806,0.026440283227830753,0.27639590307544737,2,4
1536,1.5359999999999416,hold,100.0,5.65340417965085,0.0026802450116250043,1.0427132781825577,0.04271327818255766,0.002692666669192473,4.480281201165998,0.02640889097251469,0.012421657567468665,2,4
1537,1.5369999999999415,hold,100.0,5.650544400303689,-0.0028597793471609734,1.0426634222546323,0.042663422254632266,-0.0025841215893326235,4.477697079576665,0.02637759740225002,0.2756577578283499,2,4
1538,1.5379999999999414,hold,100.0,5.653213942603201,0.0026695422995119955,1.0426661484491193,0.04266614844911931,0.0026822579928739553,4.4803793375695395,0.026346287540727747,0.01271569336195981,2,4
1539,1.5389999999999413,hold,100.0,5.65036512908321,-0.0028488135199911113,1.0426164271285432,0.04261642712854319,-0.002573891324550314,4.477805446244989,0.02631507592375241,0.27492219544079716,2,4
1540,1.5399999999999412,hold,100.0,5.653024010697308,0.0026588816140984406,1.0426190823175698,0.042619082317569834,0.0026718898919284887,4.480477336136918,0.026283848191387942,0.013008277830048147,2,4
1541,1.540999999999941,hold,100.0,5.650186120338237,-0.002837890359071338,1.0425694951227453,0.04256949512274533,-0.0025637011545945653,4.477913634982324,0.026252718265496737,0.27418920447677253,2,4
1542,1.541999999999941,hold,100.0,5.652834383129839,0.0026482627916024626,1.0425720796283244,0.04257207962832443,0.0026615622075249904,4.480575197189848,0.026221572399062146,0.013299415922527792,2,4
1543,1.5429999999999409,hold,100.0,5.650007373432168,-0.0028270096976710235,1.042522626079775,0.04252262607977508,-0.0025535509231567263,4.478021646266692,0.026190523903445666,0.2734587745142972,2,4
1544,1.5439999999999408,hold,100.0,5.65264505910142,0.0026376856692520434,1.0425251402228848,0.04252514022288478,0.002651274781485775,4.4806729210481775,0.026159459641110407,0.013589112233731472,2,4
1545,1.5449999999999406,hold,100.0,5.649828887732384,-0.0028161713690364465,1.0424758198431772,0.042475819843177165,-0.0025434404745461724,4.478129480573632,0.026128492316329903,0.27273089449027405,2,4
1546,1.5459999999999405,hold,100.0,5.652456037817232,0.00262715008484804,1.042478263943715,0.0424782639437149,0.002641027456246824,4.480770508029878,0.026097509397638823,0.013877371398783936,2,4
1547,1.5469999999999404,hold,100.0,5.649650662609874,-0.0028053752073580185,1.042429076257467,0.04242907625746706,-0.0025333696536623354,4.478237138376216,0.02606662298561939,0.27200555369568313,2,4
1548,1.5479999999999403,hold,100.0,5.652267318486278,0.0026166558764044723,1.0424314506342744,0.04243145063427445,0.002630820074855853,4.480867958451072,0.02603572115147887,0.014164198451380866,2,4
1549,1.5489999999999402,hold,100.0,5.649472697439115,-0.002794621047163659,1.0423823951681481,0.042382395168148124,-0.0025233383060019074,4.47834462014507,0.02600491539548903,0.2712827411617516,2,4
1550,1.54999999999994,hold,100.0,5.652078900321845,0.0026062028827302797,1.0423847001390023,0.04238470013900231,0.002620652480990736,4.480965272626061,0.025974094388153533,0.014449598260456512,2,4
1551,1.55099999999994,hold,100.0,5.649294991597623,-0.002783908724222073,1.042335776421728,0.04233577642172803,-0.002513346277670083,4.478451926348391,0.025943369032788096,0.27056244655198963,2,4
1552,1.5519999999999399,hold,100.0,5.651890782541363,0.002595790943740184,1.0423380123033794,0.04233801230337941,0.0026105245189448076,4.481062450867335,0.02591262859584477,0.014733575204623796,2,4
1553,1.5529999999999398,hold,100.0,5.649117544467238,-0.002773238074125217,1.042289219865671,0.042289219865671024,-0.0025033934153513328,4.478559057451983,0.02588198338701514,0.26984465877388436,2,4
1554,1.5539999999999397,hold,100.0,5.651702964366399,0.0025854198991615007,1.0422913869737673,0.04229138697376733,0.00260043603360874,4.481159493485592,0.025851323265366943,0.01501613444723944,2,4
1555,1.5549999999999395,hold,100.0,5.64894035543216,-0.00276260893423963,1.0422427253483402,0.04224272534834017,-0.0024934795663339414,4.478666013919258,0.025820757950284007,0.2691293679056884,2,4
1556,1.5559999999999394,hold,100.0,5.651515445022308,0.002575089590147961,1.0422448239975144,0.04224482399751439,0.002590386870508417,4.481256400789767,0.02579017789013531,0.015297280360456258,2,4
1557,1.5569999999999393,hold,100.0,5.6487634238809115,-0.002752021141396277,1.0421962927191317,0.04219629271913172,-0.0024836045784989392,4.478772796211268,0.025759692217293927,0.26841656289733773,2,4
1558,1.5579999999999392,hold,100.0,5.651328223738507,0.002564799857595723,1.0421983232229552,0.04219832322295525,0.0025803768757701982,4.481353173087038,0.0257291919661388,0.015577018174475071,2,4
1559,1.558999999999939,hold,100.0,5.648586749204585,-0.002741474533921817,1.0421499218283303,0.04214992182833033,-0.00247376830031723,4.4788794047867215,0.025698785685305387,0.267706233604587,2,4
1560,1.559999999999939,hold,100.0,5.651141299748441,0.0025545505438557825,1.042151884499291,0.04215188449929097,0.0025704058961302945,4.481449810682852,0.02566836499191216,0.015855352274512027,2,4
1561,1.5609999999999389,hold,100.0,5.648410330798268,-0.002730968950173107,1.0421036125271421,0.04210361252714212,-0.0024639705808375085,4.478985840102014,0.02563803785411155,0.2669983693355986,2,4
1562,1.5619999999999388,hold,100.0,5.650954672289534,0.0025443414912658113,1.042105507676703,0.04210550767670296,0.0025604737789122196,4.481546313880926,0.02560769646850754,0.016132287646408294,2,4
1563,1.5629999999999387,hold,100.0,5.6482341680598305,-0.00272050422970338,1.042057364667703,0.042057364667702934,-0.002454211269688855,4.479092102611237,0.025577448226005543,0.2662929600145249,2,4
1564,1.5639999999999386,hold,100.0,5.650768340602857,0.0025341725430267914,1.0420591926062748,0.042059192606274776,0.0025505803720534295,4.481642682983291,0.02554718589946522,0.016407829026638104,2,4
1565,1.5649999999999384,hold,100.0,5.648058260390456,-0.0027100802124016,1.042011178103047,0.042011178103047,-0.002444490217090702,4.479198192766201,0.025517016305760042,0.26558999531089805,2,4
1566,1.5659999999999383,hold,100.0,5.6505823039336205,0.0025240435431648223,1.0420129391399875,0.04201293913998749,0.002540725524095081,4.481738918290295,0.025486832790793605,0.016681980930258623,2,4
1567,1.5669999999999382,hold,100.0,5.6478826071949175,-0.0026996967387029613,1.0419650526871327,0.04196505268713269,-0.0024348072738462527,4.479304111016449,0.025456741600598954,0.2648894648567086,2,4
1568,1.567999999999938,hold,100.0,5.650396561530656,0.002513954335738866,1.0419667471307308,0.041966747130730786,0.00253090908416759,4.4818350201006165,0.025426636650933327,0.016954748428723958,2,4
1569,1.568999999999938,hold,100.0,5.647707207880652,-0.0026893536500045556,1.0419189882747415,0.0419189882747415,-0.002425162291328868,4.479409857809288,0.025396623620169673,0.26419135867568766,2,4
1570,1.569999999999938,hold,100.0,5.650211112646626,0.002503904765974063,1.0419206164322963,0.041920616432296276,0.00252113090200883,4.481930988711297,0.025366596990739558,0.017226136034766745,2,4
1571,1.5709999999999378,hold,100.0,5.64753206185865,-0.002679050787976145,1.0418729847216306,0.04187298472163059,-0.0024155551214956857,4.4795154335898015,0.025336661876516644,0.26349566648045925,2,4
1572,1.5719999999999377,hold,100.0,5.6500259565379105,0.0024938946792607553,1.0418745468993351,0.04187454689933512,0.0025113908279266574,4.482026824417728,0.025306713323454237,0.017496148665902163,2,4
1573,1.5729999999999376,hold,100.0,5.647357168542778,-0.002668787995132149,1.0418270418843512,0.04182704188435116,-0.002405985616860425,4.479620838800868,0.02527685588406322,0.2628023782717242,2,4
1574,1.5739999999999374,hold,100.0,5.649841092464775,0.002483923921996478,1.0418285383873687,0.04182853838736866,0.0025016887128388376,4.482122527513706,0.025246985164680154,0.017764790842359456,2,4
1575,1.5749999999999373,hold,100.0,5.6471825273501945,-0.0026585651145802913,1.04178115962034,0.0417811596203399,-0.0023964536305308773,4.4797260738831755,0.025217205159575984,0.26211148404941403,2,4
1576,1.5759999999999372,hold,100.0,5.649656519690922,0.0024739923407270936,1.0417825907528162,0.04178259075281621,0.0024920244082362562,4.482218098291412,0.025187412032356866,0.018032067509162614,2,4
1577,1.5769999999999371,hold,100.0,5.647008137700875,-0.0026483819900464667,1.0417353377878722,0.041735337787872195,-0.002386959016147593,4.479831139275264,0.025157709222149723,0.26142297389887376,2,4
1578,1.577999999999937,hold,100.0,5.649472237483689,0.002464099782813811,1.0417367038528984,0.041736703852898405,0.0024823977661852974,4.482313537041449,0.025127993446735827,0.018297983371486255,2,4
1579,1.578999999999937,hold,100.0,5.646833999017981,-0.002638238465707765,1.041689576246134,0.04168957624613401,-0.0023775016279454367,4.479936035413504,0.025098367593182798,0.26073683776232837,2,4
1580,1.5799999999999368,hold,100.0,5.649288245114501,0.0024542460965193413,1.0416908775457467,0.04169087754574674,0.0024728086393651957,4.482408844052869,0.025068728930361852,0.018562542845854384,2,4
1581,1.5809999999999367,hold,100.0,5.646660110727911,-0.002628134386589487,1.0416438748550583,0.04164387485505827,-0.002368081320729398,4.4800407627321395,0.0250391797963479,0.26005306586008875,2,4
1582,1.5819999999999366,hold,100.0,5.649104541857651,0.002444431129739577,1.0416451116902714,0.04164511169027141,0.002463256881013128,4.4825040196131525,0.025009618008044916,0.01882575127355084,2,4
1583,1.5829999999999365,hold,100.0,5.646486472259479,-0.0026180695981716795,1.0415982334754588,0.04159823347545877,-0.0023586979498406452,4.480145321663312,0.02498014535757435,0.25937164833103427,2,4
1584,1.5839999999999363,hold,100.0,5.648921126991812,0.0024346547323332857,1.0415994061462415,0.04159940614624147,0.0024537423449436995,4.482599064008256,0.02495066020683171,0.019087612610413883,2,4
1585,1.5849999999999362,hold,100.0,5.6463130830449,-0.002608043946912275,1.0415526519689497,0.04155265196894975,-0.002349351371209958,4.480249712637046,0.0249212638050217,0.258692575702317,2,4
1586,1.5859999999999361,hold,100.0,5.648737999798327,0.0024249167534273752,1.041553760774239,0.04155376077423889,0.0024442648855701804,4.482693977522616,0.024891855056000337,0.01934813214280514,2,4
1587,1.586999999999936,hold,100.0,5.64613994251925,-0.0025980572790773593,1.0415071301979602,0.04150713019796015,-0.002340041441297391,4.480353936081318,0.02486253466906263,0.2580158377799681,2,4
1588,1.587999999999936,hold,100.0,5.648555159562751,0.0024152170435005615,1.0415081754356665,0.04150817543566654,0.00243482435783908,4.482788760439157,0.024833202087024685,0.019607314338518367,2,4
1589,1.5889999999999358,hold,100.0,5.6459670501201344,-0.0025881094426161155,1.0414616680257451,0.041461668025745135,-0.0023307680171450653,4.4804579924220125,0.024803957482256746,0.2573414254710502,2,4
1590,1.5899999999999357,hold,100.0,5.648372605573701,0.002405555453566244,1.041462649992727,0.041462649992727085,0.002425420617320986,4.482883413039334,0.02477470083355103,0.019865163754742392,2,4
1591,1.5909999999999356,hold,100.0,5.645794405288622,-0.0025782002850789354,1.0414162653163046,0.0414162653163046,-0.002321530956343373,4.48056188208299,0.024745531779330764,0.25666932873556236,2,4
1592,1.5919999999999355,hold,100.0,5.648190337123419,0.002395931834796805,1.0414171843084097,0.04141718430840968,0.002416053520103727,4.4829779356030945,0.02471635083138777,0.020121685306922002,2,4
1593,1.5929999999999354,hold,100.0,5.645622007468271,-0.0025683296551477497,1.041370921934472,0.041370921934472005,-0.002312330117014339,4.48066560548608,0.02468725709715577,0.2559995381334109,2,4
1594,1.5939999999999352,hold,100.0,5.648008353507333,0.0023863460390618485,1.041371778246534,0.04137177824653393,0.0024067229228674995,4.483072328408948,0.02465815161847692,0.02037688380565096,2,4
1595,1.5949999999999351,hold,100.0,5.645449856105347,-0.002558497401985882,1.041325637745853,0.04132563774585307,-0.00230316535784578,4.480769163051102,0.024629132974731804,0.25533204414010174,2,4
1596,1.595999999999935,hold,100.0,5.647826654024561,0.002376797919214191,1.041326431671637,0.041326431671637076,0.002397428682846511,4.483166591733949,0.024600102734874698,0.020630763632320352,2,4
1597,1.596999999999935,hold,100.0,5.645277950649077,-0.0025487033754840738,1.0412804126168083,0.04128041261680826,-0.0022940365380691146,4.480872555195879,0.024571158953155883,0.25466683741495916,2,4
1598,1.5979999999999348,hold,100.0,5.6476452408690285,0.0023672902199516344,1.0412811443359193,0.04128114433591934,0.002388174149344349,4.483260729345224,0.024542203697453323,0.02088392939271445,1,4
1599,1.5989999999999347,hold,100.0,5.64510628668835,-0.002538954180678843,1.0412352462358223,0.04123524623582231,-0.002284949944793482,4.48097577940043,0.02451333451597091,0.2540042358853611,2,4
1600,1.5999999999999346,hold,100.0,5.647464110389146,0.002357823700796402,1.041235916206448,0.04123591620644795,0.0023789586199125957,4.483354738020343,0.02448445404156574,0.021134919116193654,1,4
1601,1.6009999999999345,hold,100.0,5.64493486758553,-0.0025292428036163273,1.0411901386549713,0.04119013865497134,-0.002275898989468262,4.481078839030874,0.02445565926902236,0.25334381414806545,2,4
1602,1.6019999999999344,hold,100.0,5.6472832619314,0.0023483943458701972,1.041190747161111,0.04119074716111104,0.002369778983494547,4.483448618014369,0.024426853348870178,0.021384637624349747,1,4
1603,1.6029999999999343,hold,100.0,5.644763692796264,-0.0025195691351358462,1.041145089742931,0.041145089742931074,-0.0022668835173169817,4.481181734497052,0.02439813275986083,0.2526856178188645,2,4
1604,1.6039999999999341,hold,100.0,5.647102694818079,0.0023390020218148067,1.041145637070307,0.04114563707030694,0.0023606350982817315,4.483542369595334,0.024369401167717332,0.021633076466924875,1,4
1605,1.604999999999934,hold,100.0,5.64459276177673,-0.002509933041348944,1.0411000993684545,0.04110009936845449,-0.0022579033867431795,4.4812844662085904,0.024340754537831,0.25202965460576454,2,4
1606,1.605999999999934,hold,100.0,5.6469224083693135,0.002329646592583501,1.0411005858033384,0.04110058580333842,0.002351526824277147,4.483635993032868,0.02431209704841691,0.021880231693646203,1,4
1607,1.6069999999999338,hold,100.0,5.6444220739870525,-0.002500334382260938,1.0410551674011372,0.04105516740113724,-0.002248958459574529,4.481387034573293,0.024283524154243605,0.2513759226864089,2,4
1608,1.6079999999999337,hold,100.0,5.646742401905605,0.002320327918552856,1.0410555932296466,0.04105559322964658,0.0023424540227334183,4.483729488596027,0.024254940543263208,0.02212610418056253,1,4
1609,1.6089999999999336,hold,100.0,5.644251628890116,-0.0024907730154897223,1.041010293711411,0.04101029371141096,-0.0022400485989157613,4.4814894399971115,0.02422644116238822,0.250724416573961,2,4
1610,1.6099999999999335,hold,100.0,5.646562674750001,0.0023110458598853967,1.0410106592191555,0.041010659219155476,0.002333416555639141,4.4838228565527505,0.024197931206532557,0.022370695753744403,1,4
1611,1.6109999999999334,hold,100.0,5.64408142595227,-0.0024812487977312614,1.0409654781705486,0.04096547817054863,-0.0022311736686155244,4.481591682884135,0.02416950511752579,0.250075129115737,2,4
1612,1.6119999999999333,hold,100.0,5.646383226228171,0.002301800275900767,1.0409657836424193,0.04096578364241932,0.0023244142855054824,4.48391609716964,0.024141068594466006,0.022614009604715254,1,4
1613,1.6129999999999332,hold,100.0,5.643911464642856,-0.0024717615853147024,1.040920720650603,0.04092072065060304,-0.0022223335329937793,4.481693763636646,0.0241127155768683,0.24942805232092308,2,4
1614,1.613999999999933,hold,100.0,5.646204055668516,0.002292591025660151,1.0409209663706556,0.040920966370655565,0.0023154470752997855,4.484009210711946,0.02408435226525283,0.022856049639634335,1,4
1615,1.614999999999933,hold,100.0,5.643741744433573,-0.0024623112349431153,1.0408760210243415,0.04087602102434151,-0.002213528056834963,4.481795682655111,0.0240560720995682,0.24878317810815218,2,4
1616,1.6159999999999328,hold,100.0,5.646025162402754,0.0022834179691813006,1.0408762072757736,0.04087620727577357,0.002306514788429293,4.484102197443541,0.02402778177900657,0.02309681924799259,1,4
1617,1.6169999999999327,hold,100.0,5.643572264799364,-0.0024528976033906247,1.04083137916529,0.040831379165289894,-0.0022047571053435463,4.481897440338197,0.02399957424669554,0.24814049804707838,2,4
1618,1.6179999999999326,hold,100.0,5.645846545765057,0.002274280965693265,1.0408315062303835,0.04083150623038345,0.0022976172887314733,4.484195057626929,0.02397135669775651,0.023336323038208266,1,4
1619,1.6189999999999325,hold,100.0,5.643403025217512,-0.0024435205475450417,1.0407867949476883,0.04078679494768833,-0.002196020544141161,4.481999037082788,0.02394322158122492,0.2475000034038808,2,4
1620,1.6199999999999324,hold,100.0,5.645668205092751,0.0022651798752395536,1.0407868631077728,0.0407868631077728,0.0022887544404794763,4.484287791523267,0.023915076585425885,0.02357456523992274,1,4
1621,1.6209999999999323,hold,100.0,5.643234022849295,-0.002434182243455929,1.0407422681451213,0.040742268145121274,-0.0021873198099914234,4.4821004717132755,0.02388701353720136,0.24686243346450565,1,4
1622,1.6219999999999322,hold,100.0,5.645490141036169,0.002256118186873657,1.040742277667484,0.04074227766748395,0.00227992980220202,4.484380401515478,0.023858940739204672,0.023811615328363234,1,4
1623,1.622999999999932,hold,100.0,5.64306525946226,-0.00242488157390941,1.0406977987157817,0.04069779871578172,-0.002178655263935749,4.482201746251542,0.0238309496751574,0.24622630997366088,1,4
1624,1.623999999999932,hold,100.0,5.645312351603014,0.0022470921407542477,1.040697749897135,0.04069774989713504,0.0022711394666818955,4.484472885718224,0.02380294899730562,0.02404732592764785,1,4
1625,1.6249999999999318,hold,100.0,5.6428967345832035,-0.002415617019810412,1.0406533865505918,0.04065338655059181,-0.002170024660459914,4.482302861057764,0.02377502970296747,0.24559235935049792,1,4
1626,1.6259999999999317,hold,100.0,5.645134836140163,0.002238101556959471,1.0406532796708947,0.040653279670894715,0.002262383337476693,4.484565244395241,0.023747100929543578,0.024281780517222164,1,4
1627,1.6269999999999316,hold,100.0,5.642728447701117,-0.002406388439045948,1.0406090315281051,0.04060903152810513,-0.0021614278799430417,4.482403816515298,0.023719253191042268,0.24496055910290612,1,4
1628,1.6279999999999315,hold,100.0,5.644957594001045,0.0022291462999275424,1.0406088668650444,0.04060886686504439,0.002253661289931142,4.484657477805229,0.02369139610728545,0.024514990003599718,1,4
1629,1.6289999999999314,hold,100.0,5.642560398305009,-0.002397195696035581,1.0405647335265786,0.040564733526578634,-0.0021528647969430046,4.4825046130082855,0.02366361971163221,0.2443308990925765,1,4
1630,1.6299999999999313,hold,100.0,5.644780624541905,0.0022202262368962167,1.0405645113567163,0.04056451135671635,0.0022449731964567865,4.484749586204742,0.02363583410368919,0.02474695956056986,1,4
1631,1.6309999999999312,hold,100.0,5.64239258588635,-0.002388038655555036,1.0405204924247355,0.040520492424735544,-0.002144335284499639,4.482605250920243,0.023608128838787643,0.24370337105539697,1,4
1632,1.631999999999931,hold,100.0,5.644603927120872,0.002211341234521491,1.0405202130235438,0.040520213023543805,0.002236318928333708,4.484841569848577,0.02358041449370427,0.024977693812216692,1,4
1633,1.632999999999931,hold,100.0,5.642225009939615,-0.00237891718125649,1.0404763081018087,0.04047630810180869,-0.0021358392148909497,4.482705730633685,0.023552780148348225,0.2430779663655405,1,4
1634,1.6339999999999308,hold,100.0,5.6444275010981055,0.0022024911584903606,1.0404759717438277,0.040475971743827666,0.0022276983562491116,4.484933428989934,0.023525136854059422,0.025207197758750962,1,4
1635,1.6349999999999307,hold,100.0,5.642057669961101,-0.0023698311370043967,1.0404321804376409,0.04043218043764085,-0.0021273764599784566,4.482806052529956,0.0234975732179214,0.2424546770259401,1,4
1636,1.6359999999999306,hold,100.0,5.644251345836216,0.0021936758751150975,1.0404317873964206,0.040431787396420615,0.002219111350526131,4.485025163880482,0.02347000076324909,0.025435475411033324,1,4
1637,1.6369999999999305,hold,100.0,5.641890565450449,-0.002360780385767036,1.0403881093126761,0.04038810931267611,-0.0021189468913519137,4.48290621698913,0.023442507626877686,0.24183349441512245,1,4
1638,1.6379999999999304,hold,100.0,5.644075460700425,0.0021848952499761154,1.0403876598607773,0.0403876598607773,0.002210557781320034,4.485116774770449,0.023415005801516852,0.025662531343918597,1,4
1639,1.6389999999999303,hold,100.0,5.641723695909462,-0.0023517647909629957,1.0403440946079476,0.040344094607947634,-0.0021105503805024326,4.483006224389947,0.0233875829563289,0.2412144104605631,1,4
1640,1.6399999999999302,hold,100.0,5.643899845058149,0.00217614914868669,1.040343589016979,0.04034358901697899,0.0022020375187039995,4.485208261908651,0.023360151550847936,0.02588837001730928,1,4
1641,1.64099999999993,hold,100.0,5.641557060842475,-0.002342784215674243,1.0403001362051336,0.04030013620513362,-0.0021021867989127704,4.483106075109738,0.02333279878912049,0.2405974167614725,1,4
1642,1.64199999999993,hold,100.0,5.643724498279358,0.0021674374368831906,1.0402995747457175,0.04029957474571755,0.002193550432835501,4.485299625542574,0.023305437594948335,0.026112995952310217,1,4
1643,1.6429999999999298,hold,100.0,5.641390659756101,-0.0023338385232571923,1.0402562339864905,0.040256233986490475,-0.0020938560181787795,4.483205769524395,0.023278154709811125,0.23998250507841282,1,4
1644,1.6439999999999297,hold,100.0,5.643549419736565,0.002158759980463998,1.0402556169282398,0.04025561692823976,0.0021850963940007306,4.485390865918396,0.02325086351923405,0.026336413536732703,1,4
1645,1.6449999999999296,hold,100.0,5.641224492159676,-0.0023249275768888467,1.0402123878348646,0.04021238783486458,-0.0020855579100667173,4.48330530800833,0.02322365030466352,0.23936966682212932,1,4
1646,1.6459999999999295,hold,100.0,5.64337460880503,0.0021501166453541387,1.0402117154464587,0.04021171544645874,0.0021766752727111257,4.485481983281041,0.023196428910819616,0.026558627356986983,1,4
1647,1.6469999999999294,hold,100.0,5.641058557564478,-0.0023160512405517863,1.0401685976337416,0.04016859763374159,-0.0020772923465730442,4.483404690934468,0.023169285161630516,0.2387588939787421,1,4
1648,1.6479999999999293,hold,100.0,5.6432000648623735,0.0021415072978951954,1.0401678701828212,0.0401678701828212,0.0021682869397405815,4.485572977874209,0.023142133358498965,0.02677964184538608,1,4
1649,1.6489999999999292,hold,100.0,5.640892855484434,-0.0023072093779390457,1.0401248632671518,0.04012486326715181,-0.0020690592000067592,4.483503918674202,0.02311505887034112,0.23815017793228643,1,4
1650,1.649999999999929,hold,100.0,5.643025787288926,0.002132931804491811,1.0401240810204264,0.040124081020426416,0.002159931266216268,4.485663849940418,0.023087976452736907,0.026999461724457052,1,4
1651,1.650999999999929,hold,100.0,5.640727385435217,-0.002298401853709109,1.0400811846197566,0.04008118461975663,-0.00206085834301089,4.483602991597407,0.023060971022085163,0.23754351069821875,1,4
1652,1.6519999999999289,hold,100.0,5.642851775467676,0.0021243900324590115,1.0400803478429277,0.04008034784292769,0.0021516081236243384,4.485754599721031,0.02303395778565487,0.027218091165326884,1,4
1653,1.6529999999999287,hold,100.0,5.6405621469351,-0.0022896285325764154,1.0400375615767792,0.04003756157677918,-0.002052689648637698,4.483701910072393,0.023007021209805405,0.23693888393871726,1,4
1654,1.6539999999999286,hold,100.0,5.642678028784102,0.0021158818490025766,1.0400366705345696,0.04003667053456961,0.0021433173838828114,4.485845227456276,0.022980076951016483,0.027435534880234855,1,4
1655,1.6549999999999285,hold,100.0,5.6403971395045245,-0.0022808892795778135,1.0399939940240444,0.039993994024044355,-0.00204455299033468,4.483800674465941,0.022953209028075607,0.23633628924313352,1,4
1656,1.6559999999999284,hold,100.0,5.642504546626508,0.002107407121983762,1.0399930489802034,0.039993048980203394,0.002135058919339656,4.485935733385281,0.02292633354421755,0.02765179735589405,1,4
1657,1.6569999999999283,hold,100.0,5.64023236266582,-0.002272183960688068,1.0399504818479235,0.03995048184792349,-0.002036448242022132,4.483899285143258,0.022899534073100532,0.23573571866593573,1,4
1658,1.6579999999999282,hold,100.0,5.6423313283855645,0.002098965719744328,1.0399494830652345,0.03994948306523449,0.0021268326028337694,4.486026117746092,0.022872727162268267,0.027866883089441505,1,4
1659,1.658999999999928,hold,100.0,5.640067815943432,-0.0022635124421324093,1.0399070249353863,0.03990702493538634,-0.002028375278085334,4.483997742468007,0.022845995942692227,0.23513716404707524,1,4
1660,1.659999999999928,hold,100.0,5.642158373454756,0.0020905575113241426,1.0399059726756064,0.03990597267560636,0.0021186383076793893,4.486116380775686,0.022819257403788346,0.02808079635524671,1,4
1661,1.6609999999999279,hold,100.0,5.639903498864173,-0.0022548745905828227,1.0398636231739502,0.0398636231739502,-0.0020203339733858502,4.4840960468023,0.022792594236263956,0.23454061719697245,1,4
1662,1.6619999999999278,hold,100.0,5.641985681230089,0.002082182365915841,1.0398625176979377,0.039862517697937694,0.002110475907707369,4.486206522710007,0.022765923868988992,0.028293541791527856,1,4
1663,1.6629999999999276,hold,100.0,5.639739410956585,-0.002246270273504436,1.0398202764517026,0.03982027645170261,-0.0020123242033222547,4.484194198506684,0.02273932855481455,0.2339460701821813,1,4
1664,1.6639999999999275,hold,100.0,5.6418132511100305,0.002073840153445694,1.039819118019283,0.03981911801928306,0.0021023452772696133,4.486296543783954,0.022712726159662296,0.028505123823919284,1,4
1665,1.6649999999999274,hold,100.0,5.639575551751466,-0.002237699358564882,1.0397769846572955,0.03977698465729551,-0.002004345843778542,4.484292197940175,0.022686198500918717,0.2333535147863398,1,4
1666,1.6659999999999273,hold,100.0,5.641641082495913,0.0020655307444474857,1.0397757735273625,0.0397757735273625,0.0020942462912409447,4.4863864442314165,0.02265966387916951,0.02871554679345894,1,4
1667,1.6669999999999272,hold,100.0,5.6394119207814954,-0.002229161714417671,1.0397337476798876,0.03973374767988758,-0.0019963987711728555,4.484390045460244,0.022633203678717722,0.23276294324481567,1,4
1668,1.667999999999927,hold,100.0,5.641469174791256,0.002057254009760534,1.0397324841103661,0.03973248411036612,0.0020861788250412707,4.486476224285285,0.02260673663243003,0.028924815280736635,1,4
1669,1.668999999999927,hold,100.0,5.639248517581408,-0.002220657209847765,1.0396905654092445,0.03969056540924454,-0.001988482862462645,4.484487741422822,0.02258034369389946,0.23217434738512016,1,4
1670,1.6699999999999269,hold,100.0,5.6412975274024415,0.0020490098210332874,1.039689249657097,0.03968924965709708,0.0020781427546211527,4.486565884177444,0.0225539440259111,0.02913293358786529,1,4
1671,1.6709999999999268,hold,100.0,5.639085341687855,-0.002212185714586923,1.039647437735638,0.03964743773563795,-0.0019805979951048173,4.484585286182339,0.0225276181536965,0.23158771948210552,1,4
1672,1.6719999999999267,hold,100.0,5.641126139738027,0.002040798050172654,1.039646070056858,0.03964607005685794,0.002070137956473427,4.486655424138813,0.022501285667612385,0.0293399063007729,1,4
1673,1.6729999999999265,hold,100.0,5.638922392639412,-0.002203747098615594,1.039604364549893,0.03960436454989291,-0.0019727440471241117,4.484682680091689,0.022475026666868042,0.2310030514914821,1,4
1674,1.6739999999999264,hold,100.0,5.640955011209543,0.0020326185701309285,1.039602945199516,0.039602945199515904,0.0020621643076371198,4.486744844399326,0.022448761167057955,0.02954573750619128,1,4
1675,1.6749999999999263,hold,100.0,5.638759669976669,-0.00219534123287346,1.0395613457433197,0.03956134574331971,-0.0019649208970506917,4.484779923502276,0.022422568843694764,0.2304203358227683,1,4
1676,1.6759999999999262,hold,100.0,5.64078414123063,0.002024471253960769,1.0395598749754702,0.0395598749754702,0.002054221685682479,4.4868341451879585,0.022396370135286385,0.02975043172170986,1,4
1677,1.676999999999926,hold,100.0,5.638597173242207,-0.002186967988422772,1.0395183812078386,0.03951838120783857,-0.001957128423947486,4.484877016764011,0.022370244295960563,0.2298395644752863,1,4
1678,1.677999999999926,hold,100.0,5.640613529217466,0.0020163559752592874,1.039516859275627,0.03951685927562698,0.0020463099687272786,4.486923326732738,0.022344112184835323,0.02995399346799113,1,4
1679,1.6789999999999259,hold,100.0,5.638434901980296,-0.0021786272371704385,1.0394754708358191,0.03947547083581915,-0.0019493665074257966,4.484973960225312,0.02231805263694948,0.2292607297446419,1,4
1680,1.6799999999999258,hold,100.0,5.640443174588806,0.0020082726085099978,1.0394738979914542,0.03947389799145418,0.0020384290354164567,4.4870123892607285,0.02229198692973463,0.0301564269064589,1,4
1681,1.6809999999999257,hold,100.0,5.6382728557373,-0.002170318851505648,1.0394326145201882,0.0394326145201882,-0.0019416350275681797,4.485070754233161,0.02226599348142862,0.22868382393746853,1,4
1682,1.6819999999999256,hold,100.0,5.640273076765916,0.002000221028615634,1.0394309910149082,0.03943099101490821,0.0020305787648990333,4.487101332998059,0.022239993985495237,0.03035773628339922,1,4
1683,1.6829999999999254,hold,100.0,5.638111034061263,-0.0021620427046533663,1.039389812154359,0.039389812154358994,-0.0019339338650157883,4.485167399133044,0.022214066445642684,0.22810883963757808,1,4
1684,1.6839999999999253,hold,100.0,5.64010323517202,0.0019922011107578186,1.0393881382384893,0.0393881382384893,0.002022759036887265,4.4871901581699305,0.02218813296909799,0.030557926129446203,1,4
1685,1.6849999999999252,hold,100.0,5.637949436502442,-0.0021537986695783218,1.0393470636322757,0.03934706363227569,-0.001926262900908964,4.485263895269021,0.022162271147300062,0.22753576866935782,1,4
1686,1.6859999999999251,hold,100.0,5.639933649233247,0.0019842127308047353,1.0393453395551877,0.03934533955518771,0.002014969731591894,4.487278865000613,0.0221364034989838,0.030757000787158713,1,4
1687,1.686999999999925,hold,100.0,5.637788062612492,-0.0021455866207551466,1.0393043688483845,0.03930436884838451,-0.001918622016888516,4.485360242983725,0.02211060720556322,0.2269646038666306,1,4
1688,1.687999999999925,hold,100.0,5.6397643183778605,0.0019762557653688617,1.039302594858499,0.039302594858499074,0.0020072107297272566,4.487367453713452,0.022084805195042564,0.030954964358394926,1,4
1689,1.6889999999999248,hold,100.0,5.637626911945156,-0.0021374064327046582,1.039261727697606,0.03926172769760594,-0.0019110110951068454,4.485456442618345,0.022059074241041008,0.22639533759781288,1,4
1690,1.6899999999999247,hold,100.0,5.639595242036439,0.001968330091282944,1.0392599040424495,0.0392599040424495,0.0019994819125425433,4.487455924530887,0.022033337678604988,0.031151821259599484,1,4
1691,1.6909999999999246,hold,100.0,5.637465984055956,-0.0021292579804832457,1.0392191400753956,0.03921914007539562,-0.0019034300182005901,4.485552494512687,0.022007671875776246,0.22582796228265553,1,4
1692,1.6919999999999245,hold,100.0,5.639426419642165,0.001960435586209286,1.0392172670015236,0.039217267001523615,0.001991783161750787,4.487544277674438,0.021982000572430733,0.03134757554150089,1,4
1693,1.6929999999999243,hold,100.0,5.637305278502264,-0.002121141139900473,1.0391766058776661,0.03917660587766614,-0.001895878669315237,4.485648399005123,0.02195639973323896,0.22526247058523607,1,4
1694,1.6939999999999242,hold,100.0,5.639257850630083,0.0019525721278181862,1.0391746836307332,0.039174683630733176,0.001984114359623276,4.487632513364746,0.021930793500699843,0.031542231805089735,1,4
1695,1.6949999999999241,hold,100.0,5.637144794843231,-0.00211305578685117,1.0391341250008328,0.0391341250008328,-0.001888356932082364,4.485744156432664,0.02190525743831117,0.22469885476880602,1,4
1696,1.695999999999924,hold,100.0,5.639089534438056,0.0019447395948244406,1.039132153825567,0.039132153825566895,0.0019764753888781884,4.487720631821542,0.02187971608900421,0.03173579405374785,1,4
1697,1.696999999999924,hold,100.0,5.636984532639868,-0.0021050017981876223,1.0390916973417905,0.03909169734179052,-0.0018808646906153794,4.485839767130927,0.02185424461728289,0.2241371075722429,1,4
1698,1.6979999999999238,hold,100.0,5.638921470505902,0.001936937866033439,1.0390896774819973,0.03908967748199732,0.001968866132745641,4.487808633263673,0.021828767964334393,0.03192826671220188,1,4
1699,1.6989999999999237,hold,100.0,5.636824491454561,-0.0020969790513403197,1.0390493227979045,0.03904932279790452,-0.0018734018295024038,4.48593523143417,0.0218033608978371,0.22357722183791584,1,4
1700,1.6999999999999236,hold,100.0,5.638753658275809,0.0019291668212479962,1.0390472544964797,0.03904725449647972,0.0019612864749298927,4.4878965179091,0.02177794875507543,0.03211965368189653,1,4
1701,1.7009999999999235,hold,100.0,5.636664670851976,-0.002088987423833011,1.0390070012670414,0.039007001267041375,-0.0018659682337962633,4.486030549675303,0.021752605909050864,0.22301919003674747,1,4
1702,1.7019999999999234,hold,100.0,5.638586097192173,0.0019214263401963194,1.0390048847659215,0.039004884765921455,0.001953736299605333,4.487984285974909,0.021727258090992838,0.0323099594090135,1,4
1703,1.7029999999999232,hold,100.0,5.636505070398353,-0.002081026793820051,1.0389647326474876,0.038964732647487565,-0.0018585637890356963,4.486125722185873,0.021701979281375617,0.22246300478435477,1,4
1704,1.7039999999999231,hold,100.0,5.63841878670174,0.001913716303387325,1.0389625681877612,0.038962568187761226,0.0019462154914530894,4.488071937677327,0.02167669560322683,0.03249918806576442,1,4
1705,1.704999999999923,hold,100.0,5.636345689661374,-0.0020730970403661786,1.0389225168380434,0.038922516838043375,-0.0018511883812192295,4.486220749296107,0.02165148064662862,0.22190865914694907,1,4
1706,1.705999999999923,hold,100.0,5.638251726253065,0.001906036591691418,1.0389203046598459,0.03892030465984586,0.001938723935605266,4.488159473231713,0.021626260924282648,0.03268734391384813,1,4
1707,1.7069999999999228,hold,100.0,5.636186528210795,-0.0020651980422705662,1.0388803537379565,0.03888035373795651,-0.0018438418968178797,4.486315631334895,0.021601109637990893,0.2213561454526866,1,4
1708,1.7079999999999227,hold,100.0,5.638084915297609,0.001898387086814779,1.0388780940805218,0.038878094080521786,0.0019312615176779425,4.4882468928525725,0.021575953688018373,0.032874430863163516,1,4
1709,1.7089999999999226,hold,100.0,5.636027585617969,-0.0020573296796406737,1.0388382432469159,0.03883824324691587,-0.0018365242227580446,4.486410368629814,0.021550865889994174,0.2208054568826291,1,4
1710,1.7099999999999225,hold,100.0,5.637918353288402,0.0018907676704333909,1.0388359363485846,0.03883593634858462,0.001923828123741875,4.488334196753556,0.021525773529641464,0.033060453308484186,1,4
1711,1.7109999999999224,hold,100.0,5.635868861455894,-0.0020494918325084654,1.0387961852650818,0.03879618526508177,-0.0018292352464052296,4.48650496150715,0.02150074903851275,0.22025658610323587,1,4
1712,1.7119999999999223,hold,100.0,5.637752039680902,0.0018831782250083862,1.0387938313632747,0.038793831363274744,0.0019164236403228544,4.488421385147474,0.021475720085698143,0.03324541531446825,1,4
1713,1.7129999999999221,hold,100.0,5.63571035529929,-0.002041684381612008,1.0387541796930495,0.038754179693049506,-0.0018219748555936511,4.4865994102918805,0.021450758720753443,0.2197095260183567,1,4
1714,1.713999999999922,hold,100.0,5.637585973932668,0.001875618633378373,1.0387517790243146,0.03875177902431459,0.0019090479544172365,4.488508458246297,0.021425792994062342,0.03342932103886343,1,4
1715,1.714999999999922,hold,100.0,5.6355520667244745,-0.0020339072081938525,1.0387122264318682,0.038712226431868224,-0.0018147429386015826,4.486693715307696,0.02140089457525204,0.21916426959226992,1,4
1716,1.7159999999999218,hold,100.0,5.637420155503466,0.0018680887789912504,1.0387097792318407,0.03870977923184071,0.0019017009534881264,4.488595416261184,0.02137599189393025,0.03361217449687607,1,4
1717,1.7169999999999217,hold,100.0,5.635393995309659,-0.0020261601938065255,1.0386703253830383,0.03867032538303827,-0.0018075393841700401,4.486787876877014,0.02135115624185752,0.21862080963648534,1,4
1718,1.7179999999999216,hold,100.0,5.637254583855065,0.001860588545405939,1.0386678318864493,0.03866783188644929,0.0018943825254286292,4.4886822594024425,0.021326316425809826,0.03379398002269023,1,4
1719,1.7189999999999215,hold,100.0,5.635236140634312,-0.0020184432207530634,1.0386284764484919,0.03862847644849188,-0.0018003640814489685,4.486881895320994,0.021301543361729403,0.21807913930409487,1,4
1720,1.7199999999999214,hold,100.0,5.637089258451154,0.0018531178168421647,1.0386259368891935,0.03862593688919347,0.001887092558581333,4.488768987879575,0.02127676623151611,0.03397474173916833,1,4
1721,1.7209999999999213,hold,100.0,5.635078502279742,-0.002010756171411998,1.0385866795305765,0.038586679530576484,-0.0017932169200539718,4.486975770959521,0.02125205557732839,0.2175392513580263,1,4
1722,1.7219999999999211,hold,100.0,5.636924178758185,0.0018456764784424706,1.0385840941415274,0.038584094141527414,0.0018798309417542036,4.4888556019012755,0.021227340954159957,0.03415446331173294,1,4
1723,1.722999999999921,hold,100.0,5.634921079828926,-0.002003098929258762,1.0385449345320967,0.03854493453209673,-0.0017860977900313103,4.487069504111244,0.021202692532407523,0.2170011392274517,1,4
1724,1.723999999999921,hold,100.0,5.636759344243912,0.001838264414986135,1.0385423035453731,0.038542303545373136,0.00187259756419227,4.488942101675437,0.02117804023813937,0.034333149206135186,1,4
1725,1.7249999999999208,hold,100.0,5.634763872866478,-0.001995471377433944,1.038503241356266,0.03850324135626604,-0.0017790065818762174,4.48716309509356,0.021153453872004315,0.21646479555772644,1,4
1726,1.7259999999999207,hold,100.0,5.636594754378641,0.0018308815121628186,1.0385005650030719,0.03850056500307186,0.0018653923155833338,4.4890284874091435,0.0211288637291357,0.03451080342051519,1,4
1727,1.7269999999999206,hold,100.0,5.634606880978312,-0.001987873400328688,1.0384615999067464,0.03846159990674636,-0.0017719431865069826,4.487256544222636,0.02110433924243217,0.21593021382170538,1,4
1728,1.7279999999999205,hold,100.0,5.6364304086344905,0.0018235276561782143,1.0384588784173623,0.038458878417362286,0.00185821508605729,4.489114759308693,0.02107981107410069,0.034687429879075735,1,4
1729,1.7289999999999204,hold,100.0,5.6344501037522035,-0.001980304882287065,1.0384200100875942,0.038420010087594214,-0.001764907495261747,4.487349851813431,0.021055348291275866,0.21539738702531802,1,4
1730,1.7299999999999203,hold,100.0,5.636266306485623,0.0018162027334192032,1.0384172436914585,0.03841724369145849,0.0018510657661728906,4.489200917579605,0.021030881921251295,0.034863032753687344,1,4
1731,1.7309999999999202,hold,100.0,5.634293540777496,-0.001972765708126545,1.038378471803282,0.03837847180328202,-0.0017578993999358057,4.487443018179669,0.02100648066737937,0.21486630819073918,1,4
1732,1.73199999999992,hold,100.0,5.63610244740835,0.001808906630853535,1.0383756607289365,0.0383756607289365,0.0018439442469279184,4.489286962426597,0.020982075920064385,0.035037616074383264,1,4
1733,1.73299999999992,hold,100.0,5.634137191644849,-0.001965255763500373,1.0383369849587012,0.03833698495870119,-0.0017509187927073505,4.48753604363389,0.020957736020842728,0.21433697079302266,1,4
1734,1.7339999999999198,hold,100.0,5.635938830880919,0.0018016392360697964,1.038334129433835,0.038334129433835074,0.0018368504197352812,4.489372894053625,0.02093339272126601,0.035211183665484785,1,4
1735,1.7349999999999197,hold,100.0,5.63398105594681,-0.001957774934108869,1.038295549459154,0.03829554945915392,-0.0017439655662077427,4.487628928487418,0.02090911400301013,0.21380936790112637,1,4
1736,1.7359999999999196,hold,100.0,5.63577545638338,0.001794400436569532,1.038292649710591,0.0382926497105911,0.0018297841764724294,4.48945871266389,0.02088483197682356,0.03538373990289736,1,4
1737,1.7369999999999195,hold,100.0,5.633825133277156,-0.0019503231062234505,1.0382541652103499,0.038254165210349855,-0.001737039613498593,4.487721673050391,0.020860614266465245,0.21328349272485753,1,4
1738,1.7379999999999194,hold,100.0,5.635612323398075,0.001787190120918325,1.0382512214640158,0.03825122146401583,0.0018227454094186623,4.4895444184598094,0.020836393339940747,0.03555528850033738,1,4
1739,1.7389999999999193,hold,100.0,5.6336694232313205,-0.0019429001667541357,1.0382128321184074,0.038212832118407425,-0.001730140828043545,4.487814277631766,0.020812236465025967,0.2127593387105907,1,4
1740,1.7399999999999192,hold,100.0,5.635449431409201,0.0017800081778807098,1.0382098445993744,0.038209844599374376,0.0018157340112969563,4.4896300116430625,0.02078807646505046,0.03572583341624651,1,4
1741,1.740999999999919,hold,100.0,5.633513925406326,-0.00193550600287562,1.0381715500898248,0.03817155008982476,-0.001723269103726105,4.487906742539336,0.020763980253729455,0.2122368991495148,1,4
1742,1.741999999999919,hold,100.0,5.635286779902749,0.0017728544964237258,1.0381685190222862,0.03816851902228624,0.001808749875238598,4.489715492414575,0.02073988100780181,0.035895378814872245,1,4
1743,1.7429999999999188,hold,100.0,5.633358639400479,-0.0019281405022706366,1.0381303190315156,0.03813031903151565,-0.0017164243348721342,4.487999068079703,0.020715845288833887,0.2117161673985024,1,4
1744,1.7439999999999187,hold,100.0,5.635124368366693,0.0017657289662142972,1.0381272446388203,0.038127244638820335,0.0018017928948246018,4.489800860974528,0.020691806625064982,0.03606392861030456,1,4
1745,1.7449999999999186,hold,100.0,5.6332035648137735,-0.001920803552919459,1.0380891388507614,0.03808913885076137,-0.0017096064161937238,4.488091254558334,0.02066783122780866,0.2111971367257351,1,4
1746,1.7459999999999185,hold,100.0,5.634962196291128,0.0017586314773545553,1.03808602135541,0.03808602135540995,0.00179486296402167,4.489886117522356,0.020643852974909515,0.03623148666711466,1,4
1747,1.7469999999999184,hold,100.0,5.633048701247593,-0.0019134950435351072,1.038048009455249,0.03804800945524911,-0.0017028152428074652,4.488183302279548,0.020619937729322576,0.21067980072764203,1,4
1748,1.7479999999999183,hold,100.0,5.634800263167839,0.0017515619202459476,1.0380448490788556,0.038044849078855636,0.0017879599772175877,4.489971262256766,0.02059601971660912,0.036398056971640065,1,4
1749,1.7489999999999182,hold,100.0,5.632894048304751,-0.0019062148630881737,1.0380069307530526,0.038006930753052615,-0.0016960507102541057,4.4882752115465125,0.020572164453243707,0.21016415283406797,1,4
1750,1.749999999999918,hold,100.0,5.634638568490512,0.0017445201857615444,1.038003727716408,0.03800372771640803,0.0017810838292348509,4.490056295375747,0.020548306510630603,0.036563643473306415,1,4
1751,1.750999999999918,hold,100.0,5.632739605589594,-0.0018989629009178444,1.0379659026526165,0.03796590265261646,-0.0016893127145001696,4.488366982661247,0.020524511060629275,0.20965018641767472,1,4
1752,1.7519999999999178,hold,100.0,5.634477111754858,0.0017375061652638024,1.037962657175644,0.037962657175643955,0.0017742344153119747,4.490141217076559,0.02050071301862295,0.03672825004817225,1,4
1753,1.7529999999999177,hold,100.0,5.632585372707987,-0.0018917390468713435,1.037924925062792,0.03792492506279199,-0.0016826011518878737,4.488458615924671,0.02047697721371796,0.2091378949834698,1,4
1754,1.7539999999999176,hold,100.0,5.634315892458481,0.0017305197504944303,1.037921637364567,0.037921637364566996,0.0017674116310770714,4.490226027555748,0.020453238903419973,0.036891880582641146,1,4
1755,1.7549999999999175,hold,100.0,5.632431349266947,-0.0018845431915339717,1.0378839978927472,0.03788399789274721,-0.0016759159191878897,4.48855011163656,0.020429562575926756,0.20862727234608194,1,4
1756,1.7559999999999174,hold,100.0,5.634154910100438,0.0017235608334909003,1.0378806681915136,0.03788066819151359,0.0017606153725947208,4.490310727009154,0.020405883829023752,0.03705453910382052,1,4
1757,1.7569999999999173,hold,100.0,5.632277534875236,-0.0018773752252023712,1.0378431210521029,0.03784312105210286,-0.001669256913561061,4.488641470095593,0.020382266811840168,0.20811831164131017,1,4
1758,1.7579999999999172,hold,100.0,5.633994164182306,0.0017166293070705052,1.0378397495652316,0.03783974956523162,0.0017538455363211108,4.490395315631914,0.020358647460604447,0.03721622925060555,1,4
1759,1.758999999999917,hold,100.0,5.63212392914288,-0.0018702350394264045,1.0378022944507914,0.03780229445079142,-0.0016626240325787536,4.488732691599335,0.02033508958720545,0.20761100684765083,1,4
1760,1.759999999999917,hold,100.0,5.633833654206726,0.0017097250638462569,1.0377988813948436,0.03779888139484355,0.0017471020191158176,4.490479793618451,0.02031152946449336,0.03737695526956071,1,4
1761,1.7609999999999169,hold,100.0,5.631970531681237,-0.00186312252548948,1.0377615179991295,0.037761517999129524,-0.0016560171742013125,4.488823776444249,0.020288030568928955,0.20710535128816757,1,4
1762,1.7619999999999167,hold,100.0,5.633673379678931,0.0017028479976941568,1.0377580635898125,0.037758063589812485,0.0017403847182760341,4.490564161162525,0.020264529508172778,0.03753672058187728,1,4
1763,1.7629999999999166,hold,100.0,5.631817342103173,-0.0018560375757576963,1.0377207916077966,0.03772079160779662,-0.0016494362368057525,4.48891472492572,0.020241089425064775,0.20660133895194382,1,4
1764,1.7639999999999165,hold,100.0,5.633513340105153,0.001695998001979504,1.0377172960599765,0.037717296059976535,0.0017336935314595588,4.490648418457179,0.020217647260273985,0.037695529480054765,1,4
1765,1.7649999999999164,hold,100.0,5.63166436002295,-0.0018489800822028002,1.0376801151878392,0.0376801151878392,-0.0016428811191490525,4.489005537338031,0.02019426582481226,0.2060989630537477,1,4
1766,1.7659999999999163,hold,100.0,5.633353534994187,0.0016891749712373283,1.0376765787155584,0.037676578715558406,0.0017270283567596923,4.49073256569479,0.020170882390567652,0.03785338552236405,1,4
1767,1.7669999999999162,hold,100.0,5.631511585056049,-0.0018419499381385762,1.037639488650644,0.037639488650643926,-0.001636351720385985,4.489096213974404,0.02014755943851079,0.2055982177525911,1,4
1768,1.767999999999916,hold,100.0,5.633193963856302,0.001682378800253126,1.0376359114671103,0.03763591146711032,0.001720389092641167,4.490816603067046,0.020124234569960226,0.03801029238804107,1,4
1769,1.768999999999916,hold,100.0,5.63135901681944,-0.0018349470368619336,1.03759891190798,0.03759891190798004,-0.0016298479400578953,4.489186755126988,0.020100969937625612,0.20509909680403834,1,4
1770,1.7699999999999159,hold,100.0,5.633034626203157,0.001675609383717358,1.0375952942255602,0.03759529422556018,0.0017137756379906268,4.4909005307649785,0.02007770347048552,0.03816625427326874,1,4
1771,1.7709999999999158,hold,100.0,5.631206654931436,-0.001827971271721296,1.0375583848719458,0.03755838487194585,-0.0016233696781257846,4.489277161086853,0.020054496994751266,0.20460159359551128,1,4
1772,1.7719999999999156,hold,100.0,5.632875521548799,0.0016688666173632072,1.0375547269022063,0.03755472690220629,0.0017071878920901405,4.490984348978943,0.020031288765301716,0.03832127472693327,1,4
1773,1.7729999999999155,hold,100.0,5.63105449901176,-0.0018210225370394184,1.0375179074550012,0.037517907455001165,-0.001616916834910507,4.489367432144032,0.020008140283602587,0.20410570212891144,1,4
1774,1.7739999999999154,hold,100.0,5.632716649408606,0.0016621503968465845,1.0375142094086633,0.037514209408663346,0.0017006257546001364,4.491068057898632,0.01998499012867927,0.03847535775355188,1,4
1775,1.7749999999999153,hold,100.0,5.630902548681232,-0.0018141007273744236,1.03747747956994,0.037477479569939964,-0.001610489311140511,4.489457568587492,0.019961899479004962,0.2036114162339126,1,4
1776,1.7759999999999152,hold,100.0,5.632558009300067,0.0016554606188350363,1.0374737416569142,0.037473741656914195,0.0016940891255995232,4.491151657713091,0.019938807236003688,0.0386285067644869,1,4
1777,1.776999999999915,hold,100.0,5.6307508098600945,-0.001807199439972429,1.03743710127462,0.037437101274619966,-0.0016040815496390945,4.489547576163452,0.019915774340964542,0.20311789033333444,2,4
1778,1.777999999999915,hold,100.0,5.632399595251667,0.0016487853915725381,1.0374333236162097,0.03743332361620966,0.0016875665566366469,4.491235142720089,0.01989273989781935,0.03878116506410875,1,4
1779,1.7789999999999149,hold,100.0,5.630599275857175,-0.0018003193944924334,1.0373967723487454,0.03739677234874539,-0.0015976930900293547,4.4896374496300595,0.019869764511899,0.2026263044630787,2,4
1780,1.7799999999999148,hold,100.0,5.632241412328547,0.0016421364713723463,1.037392955143477,0.03739295514347707,0.0016810694169751273,4.491318519047034,0.019846787656716738,0.03893294560278096,1,4
1781,1.7809999999999147,hold,100.0,5.630447946267285,-0.0017934660612617392,1.0373564926960208,0.037356492696020815,-0.001591329753585012,4.48972718929345,0.01982386961936159,0.2021363076767273,2,4
1782,1.7819999999999145,hold,100.0,5.632083460049755,0.001635513782470177,1.0373526361513343,0.03735263615133433,0.0016745975863655593,4.491401786879815,0.019800950191189725,0.039083803895382206,1,4
1783,1.7829999999999144,hold,100.0,5.630296820714841,-0.0017866393349139642,1.0373162622295429,0.037316262229542874,-0.0015849914376966576,4.489816795442119,0.019778089342565152,0.20164789721730664,2,4
1784,1.7839999999999143,hold,100.0,5.631925737937053,0.001628917222211257,1.0373123665529198,0.03731236655291981,0.0016681509613855562,4.491484946403504,0.019755227180995663,0.03923373917429931,1,4
1785,1.7849999999999142,hold,100.0,5.630145898828278,-0.0017798391087744392,1.0372760808635337,0.037276080863533734,-0.0015786780414191821,4.489906268362085,0.01973242336182327,0.20116106735525704,2,4
1786,1.785999999999914,hold,100.0,5.631768245514116,0.0016223466858376057,1.037272146261788,0.037272146261787986,0.001661729440480481,4.491567997802566,0.019709618306994033,0.03938275464287523,1,4
1787,1.786999999999914,hold,100.0,5.62999518023721,-0.0017730652769056832,1.0372359485126643,0.03723594851266432,-0.0015723894646936434,4.489995608337872,0.01968687135853083,0.20067581221203978,2,4
1788,1.7879999999999139,hold,100.0,5.631610982306524,0.0016158020693142205,1.0372319751918277,0.03723197519182775,0.0016553329230317693,4.491650941260904,0.019664123251117764,0.03953085371754877,1,4
1789,1.7889999999999138,hold,100.0,5.629844664573007,-0.0017663177335176528,1.0371958650920339,0.037195865092033875,-0.00156612560815475,4.490084815652749,0.019641433015155463,0.20019212536290285,2,4
1790,1.7899999999999137,hold,100.0,5.6314539478418855,0.0016092832688787695,1.0371918532572983,0.037191853257298346,0.0016489613091466983,4.491733776961896,0.019618741696371407,0.03967804026792877,1,4
1791,1.7909999999999136,hold,100.0,5.629694351468112,-0.00175959637377332,1.0371558305170978,0.03715583051709781,-0.0015598863730787761,4.490173890588817,0.019596108015233534,0.1997100006945439,2,4
1792,1.7919999999999134,hold,100.0,5.631297141649473,0.0016027901813604473,1.037151780372824,0.03715178037282407,0.0016426144995569907,4.491816505088375,0.019573473326824877,0.03982431819654349,1,4
1793,1.7929999999999133,hold,100.0,5.629544240556205,-0.0017529010932673117,1.0371158447036382,0.03711584470363816,-0.0015536716613336456,4.490262833427041,0.019550896043361368,0.19922943193366613,2,4
1794,1.7939999999999132,hold,100.0,5.631140563260191,0.0015963227039854644,1.0371117564533112,0.03711175645331122,0.001636292395631718,4.491899125822672,0.01952831782760813,0.03996969164625366,1,4
1795,1.794999999999913,hold,100.0,5.629394331472117,-0.001746231788073871,1.0370759075677578,0.037075907567757804,-0.0015474813753857234,4.490351644447287,0.01950579678519353,0.19875041268814747,2,4
1796,1.795999999999913,hold,100.0,5.630984212207042,0.0015898807349250532,1.0370717814140367,0.037071781414036664,0.00162999489928865,4.491981639346576,0.019483274884904526,0.04011416436359668,1,4
1797,1.796999999999913,hold,100.0,5.6292446238518155,-0.0017395883552264735,1.0370360190259038,0.03703601902590381,-0.0015413154182364341,4.490440323928339,0.019460809927437785,0.19827293699003937,2,4
1798,1.7979999999999128,hold,100.0,5.630828088024516,0.0015834641727003884,1.0370318551705904,0.03703185517059038,0.0016237219130096068,4.4920640458413486,0.019438344185945845,0.040257740309218366,1,4
1799,1.7989999999999127,hold,100.0,5.629095117332366,-0.0017329706921502819,1.0369961789948265,0.036996178994826545,-0.0015351736934158156,4.490528872147933,0.019415935157844223,0.1977969987344663,2,4
1800,1.7999999999999126,hold,100.0,5.630672190248976,0.001577072916610689,1.036991977638915,0.03699197763891493,0.0016174733397993253,4.492146345487732,0.019393525419009055,0.040400423188636375,1,4
1801,1.8009999999999124,hold,100.0,5.6289458115520405,-0.0017263786969357042,1.036956387391585,0.03695638739158502,-0.001529056104994451,4.490617289382738,0.01937117216520822,0.19732259194125315,2,4
1802,1.8019999999999123,hold,100.0,5.630516517768682,0.0015707062166416819,1.0369521488128843,0.03695214881288433,0.001611247993973399,4.492228537376711,0.019348818310893655,0.040541777331717065,2,4
1803,1.8029999999999122,hold,100.0,5.628796707402793,-0.0017198103658895292,1.0369166442219855,0.036916644221985484,-0.0015229607093672276,4.490705576667343,0.019326520701209375,0.1968496565223016,2,4
1804,1.8039999999999121,hold,100.0,5.630361070773649,0.0015643633708561921,1.0369123685309565,0.036912368530956474,0.0016050461132289997,4.492310622780573,0.019304222538441374,0.04068274237280754,2,4
1805,1.804999999999912,hold,100.0,5.6286478032561185,-0.0017132675175304257,1.0368769493109873,0.036876949310987284,-0.0015168892576415097,4.490793733522931,0.0192819803941533,0.19637825988891602,2,4
1806,1.805999999999912,hold,100.0,5.630205848806101,0.001558045549982623,1.0368726367102574,0.03687263671025742,0.001598868355255997,4.492392601878187,0.01925973776835806,0.04082280527337406,2,4
1807,1.8069999999999118,hold,100.0,5.628499098759054,-0.001706750047047123,1.0368373025783024,0.03683730257830242,-0.0015108416584242368,4.490881760219763,0.01923755093597764,0.19590838862288631,2,4
1808,1.8079999999999117,hold,100.0,5.6300508514077094,0.00155175264865548,1.0368329532674705,0.03683295326747049,0.001592714629414585,4.492474474849177,0.0192153636930836,0.040961980759104955,2,4
1809,1.8089999999999116,hold,100.0,5.628350593556077,-0.001700257851632081,1.0367977039428096,0.03679770394280957,-0.0015048178200598357,4.490969657029118,0.01919323201960707,0.19544003157224532,2,4
1810,1.8099999999999115,hold,100.0,5.629896078122691,0.0015454845666136308,1.0367933181199518,0.03679331811995179,0.001586584843020608,4.492556241872139,0.019171100006056967,0.04110027640697724,2,4
1811,1.8109999999999113,hold,100.0,5.628202287292108,-0.001693790830582742,1.0367581533234647,0.03675815332346466,-0.001498817650304223,4.491057424221834,0.019149023338979013,0.1949731802785191,2,4
1812,1.8119999999999112,hold,100.0,5.629741528497231,0.0015392412051227211,1.0367537311854083,0.036753731185408256,0.0015804789031249693,4.492637903124959,0.019126946401727494,0.04123769800224819,2,4
1813,1.8129999999999111,hold,100.0,5.6280541796122865,-0.001687348884944484,1.0367186506393224,0.03671865063932245,-0.0014928410569695473,4.491145062067989,0.019104924589042505,0.19450782797493668,2,4
1814,1.813999999999911,hold,100.0,5.6295872020792626,0.001533022466976064,1.0367141923819243,0.036714192381924304,0.0015743967169161736,4.492719458784905,0.019082902575548646,0.04137424994010968,2,4
1815,1.814999999999911,hold,100.0,5.6279062701632085,-0.001680931916054007,1.036679195809699,0.03667919580969903,-0.0014868879481029311,4.491232570836802,0.019060935465750717,0.19404396795107592,2,4
1816,1.8159999999999108,hold,100.0,5.629433098418322,0.0015268282551135215,1.036674701627884,0.03667470162788411,0.0015683381918774227,4.49280090902868,0.019038968223979113,0.04150993676390116,2,4
1817,1.8169999999999107,hold,100.0,5.6277585585924355,-0.0016745398258866118,1.0366397887541883,0.036639788754188274,-0.001480958232063785,4.491319950796616,0.019017055666058314,0.1935815938228268,2,4
1818,1.8179999999999106,hold,100.0,5.629279217065399,0.0015206584729634542,1.036635258841973,0.03663525884197294,0.0015623032358053068,4.492882254032422,0.018995143044473382,0.04164476284185259,2,4
1819,1.8189999999999105,hold,100.0,5.627611044548184,-0.001668172517215183,1.0366004293926538,0.036600429392653844,-0.0014750518175345303,4.491407202214887,0.01897328488791416,0.19312069968065257,2,4
1820,1.8199999999999104,hold,100.0,5.6291255575732935,0.0015145130251097427,1.0365958639432116,0.03659586394321157,0.001556291756824702,4.492963493971712,0.01895142673547811,0.04177873171495937,2,4
1821,1.8209999999999102,hold,100.0,5.6274637276802935,-0.0016618298930000108,1.036561117645172,0.03656111764517189,-0.0014691686135329433,4.491494325358179,0.018929622830257706,0.19266127946706754,2,4
1822,1.8219999999999101,hold,100.0,5.628972119496169,0.001508391815875143,1.0365565168508852,0.036556516850885235,0.001550303663407543,4.493044629021586,0.018907818996430414,0.04191184753239989,2,4
1823,1.82299999999991,hold,100.0,5.627316607639088,-0.0016555118570806826,1.0365218534321847,0.036521853432184725,-0.0014633085294345487,4.491581320492152,0.01888606919301759,0.1922033276461339,2,4
1824,1.82399999999991,hold,100.0,5.6288189023898925,0.0015022947508045448,1.0365172174845703,0.036517217484570264,0.001544338864396805,4.493125659356549,0.018864319527752332,0.042044113592260145,2,4
1825,1.8249999999999098,hold,100.0,5.62716968407642,-0.0016492183134726446,1.0364826366743265,0.036482636674326496,-0.0014574714749774178,4.491668187881571,0.018842623677102127,0.19174683849522683,2,4
1826,1.8259999999999097,hold,100.0,5.628665905811436,0.001496221735016512,1.0364779657641676,0.03647796576416762,0.0015383972689754044,4.4932065851505465,0.018820928030842475,0.04217553395889249,2,4
1827,1.8269999999999096,hold,100.0,5.627022956645084,-0.0016429491663521034,1.0364434672925453,0.03644346729254533,-0.0014516573602229904,4.491754927790324,0.01879928598439612,0.191291806129113,2,4
1828,1.8279999999999095,hold,100.0,5.628513129319625,0.0014901726745408794,1.0364387616098294,0.036438761609829395,0.0015324787866826024,4.493287406577006,0.018777644208075036,0.042306112141722974,2,4
1829,1.8289999999999094,hold,100.0,5.626876424999011,-0.0016367043206138021,1.03640434520807,0.03640434520807001,-0.0014458660955935616,4.4918415404814125,0.018756055817759555,0.19083822502024053,2,4
1830,1.8299999999999093,hold,100.0,5.628360572474612,0.0014841474756011053,1.0363996049419921,0.036399604941992125,0.0015265833273919954,4.493368123808804,0.01873446776279604,0.04243585179089016,2,4
1831,1.8309999999999091,hold,100.0,5.626730088793018,-0.0016304836815947965,1.036365270342384,0.036365270342384015,-0.001440097591857959,4.4919280262169465,0.018712932881016945,0.1903860897368376,2,4
1832,1.831999999999909,hold,100.0,5.628208234838092,0.0014781460450743467,1.0363604956813885,0.03636049568138855,0.0015207108013511159,4.493448737018298,0.018691398399316245,0.042564756276769214,2,4
1833,1.832999999999909,hold,100.0,5.626583953749863,-0.0016242810882287628,1.0363262425801985,0.03632624258019845,-0.0014343453537777045,4.4920143916645205,0.01866991681379808,0.18993573445105835,1,4
1834,1.8339999999999088,hold,100.0,5.628056109143986,0.0014721553941230425,1.0363214336108908,0.036321433610890796,0.00151484872883557,4.493529240393356,0.018648435652037644,0.04269333471252756,2,4
1835,1.8349999999999087,hold,100.0,5.626438013605692,-0.001618095538294284,1.0362872618835015,0.03628726188350151,-0.001428609584071765,4.492100630809285,0.0186270072818119,0.18948595422251902,1,4
1836,1.8359999999999086,hold,100.0,5.627904201660822,0.0014661880551303241,1.0362824187913313,0.03628241879133132,0.0015090091473969234,4.493609639956682,0.018605579398448,0.04282109226659927,2,4
1837,1.8369999999999085,hold,100.0,5.62629226796538,-0.0016119336954423247,1.0362483281715262,0.036248328171526234,-0.0014228960840075066,4.492186743872674,0.018584204097325228,0.18903761143481812,1,4
1838,1.8379999999999084,hold,100.0,5.62775251198521,0.001460244019829915,1.0362434511407617,0.03624345114076166,0.0015031920542598026,4.493689935926934,0.018562829345923362,0.04294803442988766,2,4
1839,1.8389999999999083,hold,100.0,5.626146716454528,-0.0016057955306818528,1.036209441366396,0.036209441366396034,-0.0014172048458177154,4.492272731081116,0.018541506968224906,0.18859068486413738,1,4
1840,1.8399999999999082,hold,100.0,5.627601039715495,0.001454323260967172,1.0362045305808205,0.036204530580820515,0.0014973974248205866,4.493770128505937,0.01852018520280778,0.04307416385341471,2,4
1841,1.840999999999908,hold,100.0,5.626001358707732,-0.0015996810077627543,1.0361706013907674,0.03617060139076744,-0.00141153583784075,4.492358592668096,0.018498915603323497,0.18814516992200445,1,4
1842,1.841999999999908,hold,100.0,5.627449784444766,0.0014484257370339648,1.0361656570338305,0.036165657033830456,0.0014916252181661205,4.493850217886262,0.018477646678332002,0.04319948113215566,2,4
1843,1.8429999999999078,hold,100.0,5.625856194368136,-0.0015935900766299582,1.0361318081676336,0.03613180816763362,-0.0014058890139085766,4.492444328872353,0.018456429712314294,0.18770106272138165,1,4
1844,1.8439999999999077,hold,100.0,5.627298745761315,0.0014425513931781708,1.0361268304224742,0.03612683042247422,0.0014858753816333436,4.493930204253987,0.018435213482613077,0.0433239884551728,2,4
1845,1.8449999999999076,hold,100.0,5.625711223083972,-0.0015875226773429674,1.0360930616203123,0.03609306162031234,-0.001400264317682028,4.492529939936305,0.018414049005778685,0.18725835966093932,1,4
1846,1.8459999999999075,hold,100.0,5.627147923251165,0.0014367001671935498,1.0360880506696397,0.036088050669639715,0.0014801478541487628,4.494010087790453,0.018392885326668686,0.04344768695521304,2,4
1847,1.8469999999999074,hold,100.0,5.625566444508726,-0.0015814787424393018,1.0360543616724334,0.036054361672433366,-0.0013946616856219402,4.492615426104831,0.018371773195194684,0.1868170568173615,1,4
1848,1.8479999999999073,hold,100.0,5.6269973164980245,0.0014308719892985877,1.0360493176984447,0.03604931769844466,0.0014744425686123524,4.494089868673443,0.018350661922422348,0.043570579313764644,2,4
1849,1.8489999999999072,hold,100.0,5.62542185829873,-0.0015754581992943884,1.0360157082479082,0.03601570824790823,-0.001389081049039579,4.492700787624403,0.018329601992946497,0.1863771502548094,1,4
1850,1.849999999999907,hold,100.0,5.626846925084521,0.001425066785790463,1.036010631432249,0.03601063143224903,0.0014687594536037687,4.494169547078007,0.018308542982706878,0.04369266781330564,2,4
1851,1.850999999999907,hold,100.0,5.625277464113477,-0.0015694609710434904,1.0359771012708852,0.03597710127088516,-0.0013835223355750635,4.492786024742432,0.018287535112327367,0.18593863546842687,1,4
1852,1.8519999999999068,hold,100.0,5.626696748592982,0.001419284479505123,1.03597199179464,0.035971991794639946,0.0014630984346257784,4.494249123177058,0.018266528221267963,0.043813955120655494,2,4
1853,1.8529999999999067,hold,100.0,5.625133261614879,-0.0015634869781031568,1.0359385406657777,0.03593854066577773,-0.0013779854702233743,4.492871137706834,0.01824557226753736,0.18550150787978253,1,4
1854,1.8539999999999066,hold,100.0,5.626546786605789,0.0014135249909097425,1.0359333987094443,0.03593339870944434,0.00145745943495366,4.494328597141788,0.01822461735276033,0.04393444404391755,2,4
1855,1.8549999999999065,hold,100.0,5.6249892504665695,-0.0015575361392192733,1.0359000263572709,0.03590002635727085,-0.001372470376093983,4.492956126765694,0.018203713173690364,0.18506576312529027,1,4
1856,1.8559999999999064,hold,100.0,5.626397038705611,0.0014077882390415297,1.0358948521007025,0.035894852100702535,0.0014518423762689475,4.494407969141963,0.018182810092749663,0.044054137227417765,2,4
1857,1.8569999999999063,hold,100.0,5.624845430334245,-0.001551608371365809,1.0358615582703015,0.035861558270301463,-0.001366976974906132,4.493040992167057,0.018161957546805014,0.18463139645967713,1,4
1858,1.8579999999999062,hold,100.0,5.6262475044755975,0.0014020741413522941,1.0358563518927062,0.035856351892706195,0.0014462471790846704,4.4944872393461415,0.018141106157709527,0.04417303773237625,2,4
1859,1.858999999999906,hold,100.0,5.624701800885093,-0.0015457035905042105,1.035823136330041,0.03582313633004097,-0.0013615051873953942,4.493125734158746,0.01812030510380673,0.1841984031088163,1,4
1860,1.859999999999906,hold,100.0,5.62609818349984,0.0013963826147467273,1.0358178980099837,0.035817898009983695,0.0014406737630884932,4.494566407921835,0.018099505265017652,0.04429114834176586,2,4
1861,1.8609999999999058,hold,100.0,5.6245583617878,-0.0015398217120399238,1.0357847604619366,0.03578476046193657,-0.0013560549335973925,4.493210352988237,0.018078755562524487,0.18376677844253128,1,4
1862,1.8619999999999057,hold,100.0,5.625949075362791,0.0013907135749908761,1.035779490377314,0.035779490377314094,0.001435122047391583,4.494645475035629,0.018058007132952723,0.04440847240070678,2,4
1863,1.8629999999999056,hold,100.0,5.6244151127124224,-0.0015339626503685366,1.035746430591658,0.03574643059165794,-0.0013506261330423056,4.493294848902586,0.018037308641683677,0.183336517326231,1,4
1864,1.8639999999999055,hold,100.0,5.6258001814067615,0.0013850686943390755,1.0357411288796254,0.03574112887962544,0.0014295939060225086,4.494724442808609,0.018016611491760773,0.044525211683433055,1,4
1865,1.8649999999999054,hold,100.0,5.624272051157986,-0.0015281302487757387,1.0357081465371898,0.03570814653718979,-0.001345222294183839,4.493379220514425,0.017995964055960018,0.18290795459189962,1,4
1866,1.8659999999999053,hold,100.0,5.625651497628265,0.001379446470279433,1.0357028135105386,0.03570281351053861,0.001424086961684983,4.4948033074761105,0.017975318023555776,0.04464049140555002,2,4
1867,1.8669999999999052,hold,100.0,5.624129181169671,-0.0015223164585940197,1.0356699084399295,0.035669908439929454,-0.0013398361076188449,4.493463471368492,0.017954721536252334,0.18248035097517476,1,4
1868,1.867999999999905,hold,100.0,5.625503027232346,0.0013738460626750992,1.035664544137739,0.03566454413773901,0.0014186017379976272,4.494882073106489,0.017934126503922457,0.044755675322527985,1,4
1869,1.868999999999905,hold,100.0,5.623986498071833,-0.001516529160513258,1.0356317160146873,0.03563171601468729,-0.0013344746901826506,4.493547598416307,0.017913580793885612,0.18205447033060743,1,4
1870,1.8699999999999048,hold,100.0,5.625354766214983,0.0013682681431497201,1.03562632074627,0.035626320746269924,0.0014131375600623755,4.4949607359763695,0.017893036599870488,0.044869416912655335,2,4
1871,1.8709999999999047,hold,100.0,5.6238440058670935,-0.0015107603478892173,1.0355935693994867,0.03559356939948666,-0.0013291308003650056,4.493631605176004,0.017872541561152,0.18162954752421173,1,4
1872,1.8719999999999046,hold,100.0,5.6252067177640965,0.0013627118970029883,1.0355881432037382,0.035588143203738154,0.00140769495995294,4.495039300135957,0.017852048089203053,0.044983062949951635,1,4
1873,1.8729999999999045,hold,100.0,5.623701699903525,-0.0015050178605715558,1.0355554683100514,0.03555546831005141,-0.0013238115182301845,4.493715488617727,0.017831603551258256,0.18120634234137134,1,4
1874,1.8739999999999044,hold,100.0,5.625058879613975,0.0013571797104496852,1.0355500114557052,0.035550011455705244,0.001402275177526149,4.495117763795252,0.017811160651772646,0.04509546707646386,1,4
1875,1.8749999999999043,hold,100.0,5.62355958203637,-0.0014992975776042528,1.0355174127766815,0.03551741277668152,-0.0013185131475062042,4.493799250647746,0.01779076649333335,0.18078443009804857,1,4
1876,1.8759999999999042,hold,100.0,5.624911249661965,0.001351667625594466,1.0355119254763423,0.0355119254763423,0.0013968745362845933,4.495196125184031,0.01777037401669171,0.04520691069012737,2,4
1877,1.876999999999904,hold,100.0,5.623417654085126,-0.00149359557683848,1.0354794028372123,0.03547940283721229,-0.001313232084779642,4.493882893099252,0.017750030117249814,0.18036349205883812,1,4
1878,1.877999999999904,hold,100.0,5.624763831073151,0.0013461769880249719,1.0354738851269185,0.035473885126918514,0.0013914952605936803,4.495274388359845,0.017729687949027236,0.045318272568708406,1,4
1879,1.8789999999999039,hold,100.0,5.623275911394948,-0.0014879196782029425,1.0354414382057482,0.03544143820574819,-0.0013079754138680961,4.493966412945976,0.017709394138780612,0.17994426433484634,1,4
1880,1.8799999999999037,hold,100.0,5.624616621582682,0.0013407101877334071,1.0354358903527396,0.03543589035273964,0.0013861385868822946,4.495352551532859,0.017689102130325998,0.04542839914888747,1,4
1881,1.8809999999999036,hold,100.0,5.623134355822213,-0.0014822657604689482,1.0354035189126725,0.03540351891267246,-0.0013027394394255192,4.494049812093434,0.01766885828955968,0.17952632104342897,1,4
1882,1.8819999999999035,hold,100.0,5.624469619065353,0.0013352632431402611,1.0353979411277634,0.0353979411277634,0.001380800816309886,4.495430612909744,0.017648616292333975,0.04553757316962483,2,4
1883,1.8829999999999034,hold,100.0,5.622992989216765,-0.0014766298485877627,1.0353656449965996,0.035365644996599555,-0.0012975205100365813,4.494133092399707,0.017628422302047815,0.17910933855118144,1,4
1884,1.8839999999999033,hold,100.0,5.624322826725554,0.0013298375087886782,1.0353600373143514,0.035360037314351445,0.0013754841808303014,4.495508576580537,0.017608230203419437,0.04564667204162318,1,4
1885,1.8849999999999032,hold,100.0,5.62285180688581,-0.0014710198397436258,1.0353278161725523,0.03532781617255232,-0.0012923257864476758,4.494216250794089,0.017588085894691793,0.17869405329594998,1,4
1886,1.885999999999903,hold,100.0,5.624176242284642,0.0013244353988319801,1.0353221788585323,0.03532217885853228,0.0013701899421052362,4.4955864407361945,0.01756794354703641,0.045754543273256086,1,4
1887,1.886999999999903,hold,100.0,5.62271081070876,-0.0014654315758821923,1.0352900324713954,0.035290032471395394,-0.001287151534801786,4.494299289201392,0.017547848801640585,0.17828004108040627,1,4
1888,1.8879999999999029,hold,100.0,5.624029865374926,0.0013190546661654423,1.035284365696311,0.035284365696311104,0.0013649163263047413,4.495664205527697,0.01752775606968339,0.04586166013929903,1,4
1889,1.8889999999999028,hold,100.0,5.622570000373411,-0.0014598650015145154,1.035252293824858,0.03525229382485806,-0.0012819976788491685,4.494382207848847,0.01750771075313779,0.17786732266534686,1,4
1890,1.8899999999999026,hold,100.0,5.62388369560576,0.0013136952323486994,1.0352465977567769,0.035246597756776854,0.0013596632680000834,4.495741871116848,0.017487667501901137,0.04596803565138394,1,4
1891,1.8909999999999025,hold,100.0,5.622429375560768,-0.00145432004499213,1.035214600162215,0.03521460016221489,-0.0012768641478310653,4.494465006969016,0.017467671480104995,0.1774558971610648,1,4
1892,1.8919999999999024,hold,100.0,5.623737732584221,0.0013083570234533326,1.0352088749685362,0.0352088749685362,0.0013544306962547765,4.495819437665271,0.01744767757502824,0.046073672801443886,1,4
1893,1.8929999999999023,hold,100.0,5.622288935953037,-0.001448796631184024,1.0351769514126252,0.035176951412625224,-0.001271750869981565,4.49454768679529,0.017427730714290872,0.17704576120245893,1,4
1894,1.8939999999999022,hold,100.0,5.623591975917046,0.001303039964009045,1.0351711972601758,0.03517119726017581,0.00134921853848116,4.495896905333771,0.01740778602123871,0.04617857447211486,1,4
1895,1.894999999999902,hold,100.0,5.622148681233341,-0.0014432946837050764,1.0351393475054047,0.035139347505404706,-0.001266657772657512,4.494630247561113,0.01738788818829145,0.1766369110475644,1,4
1896,1.895999999999902,hold,100.0,5.623446425211632,0.001297743978290633,1.035133564560443,0.03513356456044292,0.0013440267211428474,4.495974274282256,0.01736799257355146,0.04628274285221434,1,4
1897,1.8969999999999019,hold,100.0,5.622008611086619,-0.0014378141250128706,1.0351017883701013,0.03510178837010125,-0.0012615847824924524,4.494712689499764,0.0173481436355403,0.17622934252041825,1,4
1898,1.8979999999999018,hold,100.0,5.623301080075823,0.0012924689892042096,1.0350959767982815,0.03509597679828147,0.0013388551700313392,4.496051544669795,0.01732829696582382,0.046386180827129565,1,4
1899,1.8989999999999017,hold,100.0,5.621868725198849,-0.001432354876974351,1.0350642739364226,0.03506427393642264,-0.0012565318256302902,4.494795012844165,0.01730849679031098,0.17582305134406082,1,4
1900,1.8999999999999015,hold,100.0,5.623155940118123,0.0012872149192739712,1.0350584339027942,0.03505843390279417,0.0013337038104957921,4.496128716654661,0.01728869893275047,0.046488891221820865,1,4
1901,1.9009999999999014,hold,100.0,5.621729023257458,-0.0014269168606642069,1.03502680413436,0.03502680413435999,-0.0012514988277837749,4.494877217826877,0.017268947387709947,0.17541803288043198,1,4
1902,1.9019999999999013,hold,100.0,5.623011004948117,0.001281981690658185,1.0350209358033204,0.03502093580332044,0.001328572567479725,4.496205790394357,0.017249198209856754,0.04659087682154007,1,4
1903,1.9029999999999012,hold,100.0,5.621589504950913,-0.0014214999972033127,1.0349893788940918,0.034989378894091816,-0.0012464857143232376,4.494959304680034,0.017229495163677538,0.17501428288007506,1,4
1904,1.903999999999901,hold,100.0,5.622866274175628,0.0012767692247148688,1.034983482429436,0.03498348242943594,0.0013234613656441135,4.496282766045678,0.017209794533497882,0.04669214092924471,1,4
1905,1.904999999999901,hold,100.0,5.621450169968868,-0.0014161042067604157,1.0349519981460353,0.034951998146035335,-0.001241492410384063,4.4950412736352945,0.01719013985497625,0.17461179637635274,1,4
1906,1.9059999999999009,hold,100.0,5.622721747412434,0.0012715774435658744,1.0349460737108689,0.034946073710868886,0.0013183701294359551,4.49635964376473,0.017170487640853084,0.04679268587008071,1,4
1907,1.9069999999999008,hold,100.0,5.6213110180023556,-0.0014107294100780265,1.0349146618207927,0.034914661820792725,-0.0012365188408951873,4.495123124923835,0.01715088119919601,0.17421056918283925,1,4
1908,1.9079999999999007,hold,100.0,5.622577424270243,0.001266406267887099,1.0349087095775829,0.03490870957758285,0.001313298783134039,4.496436423706969,0.01713127726992368,0.04689251524693993,1,4
1909,1.9089999999999006,hold,100.0,5.6211720487430075,-0.0014053755272351864,1.034877369849224,0.03487736984922396,-0.0012315649306590259,4.49520485877631,0.017111718934743305,0.17381059657616058,1,4
1910,1.9099999999999004,hold,100.0,5.622433304362278,0.0012612556192701518,1.0348713899598063,0.03487138995980632,0.0013082472509126154,4.496513106027223,0.017092163159528388,0.04699163164246351,1,4
1911,1.9109999999999003,hold,100.0,5.62103326188395,-0.001400042478327812,1.0348401221623666,0.03484012216236665,-0.0012266306043686467,4.495286475422854,0.017072652800842303,0.1734118739591653,1,4
1912,1.9119999999999002,hold,100.0,5.622289387302443,0.0012561254184930704,1.034834114787891,0.034834114787891,0.0013032154568545415,4.496589690879708,0.01705314504929774,0.04709003836147118,1,4
1913,1.9129999999999001,hold,100.0,5.620894657118999,-0.0013947301834438264,1.0348029186914918,0.03480291869149177,-0.0012217157866409962,4.4953679750930675,0.017033682537528388,0.17301439680283015,1,4
1914,1.9139999999999,hold,100.0,5.6221456727057655,0.0012510155867664352,1.0347968839924289,0.03479688399242886,0.001298203324987012,4.496666178418055,0.017014222679676328,0.04718773822057686,1,4
1915,1.9149999999999,hold,100.0,5.6207562341433706,-0.001389438562394929,1.0347657593680333,0.03476575936803328,-0.001216820402055583,4.495449358015999,0.016994807885646744,0.172618160339346,1,4
1916,1.9159999999998998,hold,100.0,5.62200216018827,0.0012459260448993703,1.0347596975042719,0.03475969750427188,0.0012932107793333237,4.496742568795332,0.01697539579191296,0.04728473443395341,1,4
1917,1.9169999999998997,hold,100.0,5.620617992652864,-0.0013841675354058225,1.034728644123698,0.03472864412369803,-0.0012119443752039343,4.495530624420128,0.016956028586846215,0.17222316020188821,1,4
1918,1.9179999999998996,hold,100.0,5.621858849367105,0.001240856714241012,1.0347225552544321,0.03472255525443213,0.001288237743925745,4.496818862164053,0.016936664128061163,0.047381029684732956,1,4
1919,1.9189999999998995,hold,100.0,5.620479932344729,-0.001378917022376136,1.0346915728903374,0.03469157289033742,-0.001207087630679995,4.495611774533374,0.01691734438358079,0.1718293916961411,1,4
1920,1.9199999999998993,hold,100.0,5.621715739860119,0.0012358075153899861,1.034685457174101,0.0346854571741011,0.0012832841428119456,4.496895058676186,0.016898027430974655,0.04747662742195951,1,4
1921,1.9209999999998992,hold,100.0,5.620342052916582,-0.0013736869435367893,1.0346545456000555,0.03465454560005554,-0.001202250093080892,4.495692808583105,0.016878755019100987,0.1714368504558974,1,4
1922,1.9219999999998991,hold,100.0,5.621572831286157,0.0012307783695746366,1.0346484031947296,0.034648403194729616,0.0012783499000643638,4.49697115848317,0.016859485444305152,0.047571530489727176,1,4
1923,1.922999999999899,hold,100.0,5.620204354067381,-0.0013684772187758654,1.0346175621851257,0.03461756218512568,-0.0011974316870862656,4.495773726796084,0.01684026023745291,0.17104553168959977,1,4
1924,1.923999999999899,hold,100.0,5.62143012326544,0.0012257691980588348,1.0346113932479393,0.03461139324793927,0.0012734349398597325,4.497047161735943,0.016821037912498036,0.047665741800897735,1,4
1925,1.9249999999998988,hold,100.0,5.620066835497044,-0.0013632877683953382,1.034580622578027,0.034580622578026965,-0.0011926323374446355,4.495854529398499,0.016801859783477268,0.17065543095070265,1,4
1926,1.9259999999998987,hold,100.0,5.621287615419085,0.0012207799220407267,1.0345744272655586,0.034574427265558594,0.0012685391864336896,4.497123068584933,0.01678268458078871,0.0477592643929629,1,4
1927,1.9269999999998986,hold,100.0,5.619929496906243,-0.0013581185128419548,1.0345437267114617,0.034543726711461664,-0.0011878519689743493,4.495935216615958,0.01676355340280005,0.17026654386760554,1,4
1928,1.9279999999998985,hold,100.0,5.621145307368994,0.001215810462750433,1.0345375051796455,0.03453750517964549,0.0012636625641285258,4.497198879180087,0.016744425195199805,0.047852101378092905,1,4
1929,1.9289999999998984,hold,100.0,5.619792337996625,-0.0013529693723688396,1.0345068745182917,0.03450687451829171,-0.001183090506632294,4.496015788673454,0.016725340841837032,0.16987886573654565,1,4
1930,1.9299999999998982,hold,100.0,5.621003198738336,0.0012108607417111728,1.0345006269223884,0.03450062692238842,0.001258804997430102,4.497274593670885,0.016706259502539067,0.04794425571892917,1,4
1931,1.9309999999998981,hold,100.0,5.619655358470528,-0.001347840267808209,1.0344700659315926,0.03447006593159263,-0.0011783478754896857,4.496096245795395,0.01668722184778454,0.1694923923185234,1,4
1932,1.931999999999898,hold,100.0,5.620861289151265,0.001205930680737488,1.03446379242625,0.034463792426250084,0.0012539664109428308,4.497350212206338,0.016668187250396756,0.04803573020534268,1,4
1933,1.932999999999898,hold,100.0,5.6195185580315155,-0.001342731119749807,1.0344333008846596,0.03443330088465957,-0.0011736240007639994,4.496176588205574,0.016649196168619523,0.1691071189858077,1,4
1934,1.9339999999998978,hold,100.0,5.620719578233013,0.0012010202014973714,1.0344270016238548,0.034427001623854814,0.001249146729405252,4.497425734934979,0.016630208187137,0.0481265279078805,1,4
1935,1.9349999999998977,hold,100.0,5.619381936383755,-0.0013376418492576647,1.034396579310927,0.0343965793109271,-0.0011689188077689168,4.49625681612721,0.016611263553095328,0.16872304148874795,1,4
1936,1.9359999999998976,hold,100.0,5.620578065609463,0.001196129225707665,1.0343902544480008,0.03439025444800081,0.001244345877705037,4.497501162004915,0.016592322061903916,0.04821665199737191,1,4
1937,1.9369999999998975,hold,100.0,5.6192454932325,-0.001332572376962382,1.034359901144083,0.03435990114408294,-0.0011642322220352364,4.4963369297828795,0.016573423750737663,0.16834015492714566,1,4
1938,1.9379999999998974,hold,100.0,5.620436750908118,0.00119125767561723,1.0343535508317403,0.0343535508317403,0.001239563780935796,4.497576493563815,0.016554528624611174,0.048306105318566064,1,4
1939,1.9389999999998973,hold,100.0,5.6191092282835715,-0.0013275226245461624,1.034323266317969,0.03432326631796889,-0.0011595641692745747,4.496416929394541,0.016535676511845395,0.16795845527158773,1,4
1940,1.9399999999998971,hold,100.0,5.620295633757264,0.0011864054736925311,1.034316890708255,0.034316890708254943,0.0012348003643904973,4.497651729758931,0.016516827625940346,0.04839489069796612,1,4
1941,1.940999999999897,hold,100.0,5.618973141243714,-0.0013224925135499888,1.0342866747666186,0.03428667476661862,-0.0011549145753633847,4.496496815183567,0.016498021587481777,0.16757793818660405,1,4
1942,1.941999999999897,hold,100.0,5.620154713785899,0.0011815725421850942,1.0342802740109418,0.0342802740109418,0.0012300555535098962,4.497726870737077,0.01647921881734251,0.048483011324801976,1,4
1943,1.9429999999998968,hold,100.0,5.618837231820648,-0.001317481965251055,1.0342501264242552,0.03425012642425518,-0.0011502833663944883,4.496576587370683,0.016460458729476442,0.16719859885656668,1,4
1944,1.9439999999998967,hold,100.0,5.620013990624687,0.001176758804039224,1.0342437006734118,0.03424370067341176,0.001225329273989498,4.497801916644672,0.01644170195102664,0.048570469950273955,1,4
1945,1.9449999999998966,hold,100.0,5.6187014997227145,-0.0013124909019728292,1.0342136212253117,0.034213621225311686,-0.0011456704686665703,4.496656246176006,0.016422987690419798,0.16682043330625895,1,4
1946,1.9459999999998965,hold,100.0,5.6198734639049,0.0011719641821859028,1.0342071706294307,0.03420717062943068,0.001220621451725266,4.497876867627731,0.016404276779966184,0.048657269539363175,1,4
1947,1.9469999999998964,hold,100.0,5.618565944659153,-0.0013075192457474571,1.0341771591043796,0.03417715910437957,-0.0011410758087038728,4.496735791819027,0.016385608223660884,0.16644343704358433,1,4
1948,1.9479999999998963,hold,100.0,5.619733133258961,0.0011671885998083553,1.0341706838129703,0.03417068381297028,0.0012159320128452044,4.497951723831872,0.016366943057889622,0.048743413036849044,1,4
1949,1.9489999999998961,hold,100.0,5.6184305663400345,-0.0013025669189268285,1.0341407399962488,0.03414073999624878,-0.0011364993132735373,4.496815224518599,0.01634832008330552,0.16606760565329118,1,4
1950,1.949999999999896,hold,100.0,5.6195929983202,0.0011624319801653016,1.034134240158169,0.034134240158169016,0.0012112608837481077,4.498026485402347,0.016329700539279606,0.04882890358280612,1,4
1951,1.950999999999896,hold,100.0,5.618295364475935,-0.001297633844265178,1.0341043638358889,0.034104363835888885,-0.0011319409093945763,4.496894544492952,0.016311123024209378,0.16569293487060177,1,4
1952,1.9519999999998958,hold,100.0,5.619453058723366,0.0011576942474311736,1.0340978395994076,0.0340978395994076,0.001206607991055856,4.498101152484008,0.01629254897936998,0.04891374362468248,1,4
1953,1.9529999999998957,hold,100.0,5.618160338778585,-0.0012927199447805293,1.0340680305584466,0.03406803055844665,-0.0011274005243188398,4.496973751959689,0.016274016801980217,0.1653194204616895,1,4
1954,1.9539999999998956,hold,100.0,5.61931331410381,0.0011529753252244035,1.0340614820711695,0.034061482071169547,0.0012019732616611305,4.49817572522135,0.016255488134143462,0.04899793643672705,1,4
1955,1.9549999999998955,hold,100.0,5.618025488960223,-0.0012878251435868293,1.0340317400992791,0.03403174009927912,-0.0011228780855820116,4.497052847135769,0.01623700117297141,0.16494705800481765,1,4
1956,1.9559999999998954,hold,100.0,5.619173764098241,0.0011482751380178513,1.034025167508168,0.034025167508167975,0.0011973566227310999,4.4982502037584995,0.016218517760326543,0.049081484713248566,1,4
1957,1.9569999999998953,hold,100.0,5.617890814733963,-0.0012829493642776413,1.0339954923938668,0.03399549239386679,-0.0011183735209699223,4.49713183023753,0.016200075894281574,0.16457584330771893,1,4
1958,1.9579999999998952,hold,100.0,5.61903440834415,0.0011435936101866773,1.0339888958452974,0.03398889584529741,0.0011927580016953367,4.4983245882392255,0.016181637615391594,0.04916439150865946,1,4
1959,1.958999999999895,hold,100.0,5.617756315813468,-0.0012780925306818958,1.0339592873779235,0.03395928737792353,-0.0011138867585554451,4.49721070148067,0.016163240723748782,0.16420577212645063,1,4
1960,1.959999999999895,hold,100.0,5.618895246480238,0.0011389306667703991,1.0339526670176349,0.033952667017634885,0.0011881773262746142,4.4983988788069444,0.01614484745754721,0.0492466595042151,1,4
1961,1.9609999999998948,hold,100.0,5.617621991913575,-0.0012732545666631623,1.0339231249873138,0.03392312498731376,-0.0011094177266850137,4.49728946108026,0.01612649541995086,0.16383683997814855,1,4
1962,1.9619999999998947,hold,100.0,5.618756278146245,0.0011342862326699787,1.0339164809604355,0.033916480960435536,0.0011836145244686544,4.498473075604728,0.01610814704573909,0.04932829179867568,1,4
1963,1.9629999999998946,hold,100.0,5.617487842749405,-0.001268435396839962,1.033887005158106,0.03388700515810594,-0.001104966353998024,4.49736810925073,0.016089839742202048,0.16346904284193797,1,4
1964,1.9639999999998945,hold,100.0,5.6186175029829,0.0011296602334951444,1.0338803376091001,0.03388033760910014,0.0011790695245707163,4.498547178775301,0.01607153613965163,0.04940929107557189,1,4
1965,1.9649999999998944,hold,100.0,5.617353868036824,-0.0012636349460759533,1.0338509278264836,0.03385092782648358,-0.001100532569429187,4.497446646205871,0.016053273450545125,0.16310237664676633,1,4
1966,1.9659999999998943,hold,100.0,5.618478920631825,0.0011250525950003976,1.0338442368992609,0.03384423689926086,0.001174542255187415,4.498621188461058,0.016035014499693773,0.04948966018701747,1,4
1967,1.9669999999998942,hold,100.0,5.6172200674928225,-0.0012588531390020918,1.0338148929288722,0.03381489292887219,-0.0010961163022016926,4.497525072158856,0.016016796305757648,0.16273683680039927,1,4
1968,1.967999999999894,hold,100.0,5.618340530735944,0.0011204632431214279,1.0338081787666968,0.03380817876669684,0.0011700326452031816,4.498695104804059,0.015998581887007833,0.0495694020817537,1,4
1969,1.968999999999894,hold,100.0,5.617086440834694,-0.0012540899012503104,1.0337789004018496,0.03377890040184961,-0.0010917174818568412,4.4976033873222026,0.015980408069341086,0.16237241939346922,1,4
1970,1.9699999999998938,hold,100.0,5.61820233293908,0.0011158921043863401,1.0337721631473664,0.03377216314736642,0.0011655406238400621,4.498768927946043,0.015962238063460994,0.04964851945372201,1,4
1971,1.9709999999998937,hold,100.0,5.6169529877806,-0.0012493451584800752,1.033742950182145,0.033742950182144904,-0.0010873360382267813,4.497681591907816,0.015944108503523777,0.16200912025329392,1,4
1972,1.9719999999998936,hold,100.0,5.6180643268858965,0.0011113391052965937,1.0337361899773896,0.033736189977389586,0.001161066120591262,4.4988426580284075,0.01592598279164161,0.04972701529466815,1,4
1973,1.9729999999998935,hold,100.0,5.616819708049323,-0.0012446188365737854,1.0337070422066803,0.033707042206680304,-0.0010829719014494605,4.497759686126958,0.015907897371253643,0.16164693512432485,1,4
1974,1.9739999999998934,hold,100.0,5.617926512222542,0.001106804173219622,1.0337002591931093,0.03370025919310926,0.001156609065297489,4.498916295192256,0.01588981583486051,0.04980489207786695,1,4
1975,1.9749999999998933,hold,100.0,5.616686601360432,-0.0012399108621101718,1.033671176412522,0.03367117641252193,-0.0010786250019945273,4.497837670190261,0.015871774436197247,0.16128586011564444,1,4
1976,1.9759999999998932,hold,100.0,5.617788888595705,0.0011022872352723923,1.03366437073096,0.03366437073096007,0.0011521693880813823,4.498989839578343,0.015853736957144354,0.049882152808990075,1,4
1977,1.976999999999893,hold,100.0,5.616553667434263,-0.0012352211614414799,1.033635352736948,0.033635352736947954,-0.00107429527060325,4.497915544307739,0.015835739462740528,0.16092589083822992,1,4
1978,1.977999999999893,hold,100.0,5.61765145565332,0.0010977882190568167,1.033628524527601,0.0336285245276009,0.0011477470193918115,4.499063291327131,0.015817745923237134,0.04995880033499479,1,4
1979,1.9789999999998928,hold,100.0,5.616420905991478,-0.0012305496618418843,1.0335995711173718,0.033599571117371774,-0.0010699826383497033,4.497993308688781,0.015799792215980154,0.160567023492181,1,4
1980,1.9799999999998927,hold,100.0,5.617514213044133,0.0010933070526553124,1.033592720519888,0.03359272051988804,0.0011433418899823937,4.499136650578763,0.015781842498592685,0.05003483732708138,1,4
1981,1.9809999999998926,hold,100.0,5.616288316753877,-0.0012258962902560455,1.033563831491383,0.03356383149138309,-0.0010656870366315208,4.498070963542132,0.01576393246172536,0.16020925362452473,1,4
1982,1.9819999999998925,hold,100.0,5.617377160418255,0.00108884366437767,1.033556958644773,0.03355695864477304,0.0011389539309504277,4.499209917473082,0.01574602644937567,0.0501102665727577,1,4
1983,1.9829999999998924,hold,100.0,5.616155899443624,-0.0012212609746313774,1.0335281337967341,0.03352813379673414,-0.001061408397155263,4.498148509075927,0.015728159966492093,0.1598525774761145,1,4
1984,1.9839999999998923,hold,100.0,5.617240297426561,0.0010843979829378014,1.033521238839438,0.03352123883943792,0.0011345830736922402,4.499283092149619,0.015710297542457407,0.050185090754438805,1,4
1985,1.9849999999998922,hold,100.0,5.6160236537836195,-0.0012166436429419392,1.0334924779713388,0.03349247797133881,-0.001057146651933349,4.498225945497685,0.01569247449750318,0.15949699100859016,1,4
1986,1.985999999999892,hold,100.0,5.6171036237209,0.001079969937280545,1.033485561041183,0.033485561041183054,0.0011302292499170427,4.499356174747602,0.015674655545413568,0.050259312636497834,1,4
1987,1.986999999999892,hold,100.0,5.615891579497652,-0.0012120442232479434,1.033456863953291,0.03345686395329106,-0.0010529017333039742,4.498303273014298,0.01565687582268431,0.1591424899439692,1,4
1988,1.9879999999998919,hold,100.0,5.616967138954272,0.0010755594566198567,1.0334499251875418,0.03344992518754175,0.00112589239165902,4.4994291654059575,0.015639100226522082,0.050332935039163224,1,4
1989,1.9889999999998917,hold,100.0,5.615759676309733,-0.0012074626445386372,1.0334212916808267,0.03342129168082675,-0.0010486735739034456,4.498380491832054,0.015621363710661659,0.1587890706351916,1,4
1990,1.9899999999998916,hold,100.0,5.6168308427803435,0.0010711664706102297,1.033414331216135,0.03341433121613502,0.001121572431250084,4.499502064263305,0.015603631354759269,0.05040596063985423,1,4
1991,1.9909999999998915,hold,100.0,5.6156279439449746,-0.0012028988353689485,1.033385761092371,0.0333857610923709,-0.0010444621066829228,4.498457602156622,0.015585937930758225,0.15843672868602565,1,4
1992,1.9919999999998914,hold,100.0,5.61669473485419,0.0010667909092152428,1.0333787790647921,0.03337877906479214,0.0011172693013526659,4.499574871457974,0.015568248699797997,0.05047839213742308,1,4
1993,1.9929999999998913,hold,100.0,5.615496382128761,-0.0011983527254288973,1.0333502721264871,0.03335027212648711,-0.0010402672649125649,4.498534604193062,0.015550598252994761,0.1580854605163324,1,4
1994,1.9939999999998912,hold,100.0,5.616558814831633,0.0010624327028718739,1.0333432686715038,0.033343268671503834,0.0011129829349374842,4.499647587128,0.015532952032005509,0.05055023206561034,1,4
1995,1.994999999999891,hold,100.0,5.61536499058749,-0.001193824244142938,1.0333148247218915,0.03331482472189151,-0.0010360889821691484,4.498611498145831,0.01551534444808105,0.15773526197378965,1,4
1996,1.995999999999891,hold,100.0,5.616423082369435,0.0010580917819451585,1.0333077999744227,0.03330779997442268,0.0011087132652852038,4.499720211411116,0.015497741122440256,0.05062148334004533,1,4
1997,1.9969999999998909,hold,100.0,5.615233769048051,-0.0011893133213840557,1.0332794188174992,0.033279418817499185,-0.0010319271923526184,4.498688284218764,0.01548017628742094,0.15738612903143726,1,4
1998,1.9979999999998908,hold,100.0,5.616287537125432,0.001053768077381001,1.0332723729118494,0.03327237291184937,0.001104460226008467,4.499792744444772,0.015462615742850818,0.05069214862746599,1,4
1999,1.9989999999998906,hold,100.0,5.615102717237679,-0.0011848198877526528,1.033244054352322,0.03324405435232203,-0.0010277818296487587,4.498764962615123,0.015445093543103366,0.15703805810389407,1,4
2000,1.9999999999998905,hold,100.0,5.616152178758518,0.0010494615208385127,1.0332369874222607,0.033236987422260666,0.001100223750996642,4.49986518636612,0.015427575665669307,0.0507622301581293,1,4
